task_id,worker_id,case_id,case_index,seed_base,seed,split_seed,instance_id,folder_name,instance_type,declared_cells,inferred_cells,metadata_status,metadata_consistent,graph_variant,landscape,forest_path,results_path,alpha,train_count,test_count,training_pool_min,training_pool_max,test_pool_min,test_pool_max,fixed_oos_test_set,train_split_path,test_split_path,objective_family,method,method_family,fpp_mode,risk_measure,cvar_beta,cvar_lambda,projected_llbi_family,projected_llbi_variant,use_root_user_cuts,use_lifted_lower_bounds,use_projected_llbi,use_projected_coverage_llbi_poly,use_projected_path_llbi_poly,use_projected_coverage_llbi_exp,use_projected_path_llbi_exp,use_combinatorial_benders,combinatorial_benders_lift,combinatorial_benders_cut_sampling_ratio,combinatorial_benders_scenario_order,combinatorial_benders_separate_fractional,combinatorial_benders_initial_cuts,projected_llbi_root_rounds,projected_llbi_max_cuts_per_round,projected_llbi_violation_tolerance,projected_llbi_cut_density_limit,projected_poly_max_cuts,time_limit,mip_gap,threads,split_dir,output_dir,output_csv,output_json,solution_dir,run_id,solver_command
worker_000_task_000,worker_000,case00,0,20260529,20260929,20260929,new20x20,20x20,shortest_path,400,,not_checked,,,new20x20,new_instances/20x20,new_instances/20x20,0.01,400,1000,1,9000,9001,10000,true,results/batch/fpp_new_instances_scaling_new20x20/splits/new20x20_seed20260929_train400_test1000_case0_train.csv,results/batch/fpp_new_instances_scaling_new20x20/splits/new20x20_seed20260929_train400_test1000_case0_test.csv,MeanCVaR,FPP-SAA-MeanCVaR,FPP-SAA,fpp_base,mean-cvar,0.9,0.5,none,none,false,false,false,false,false,false,false,false,heuristic,0.10,eta-asc,true,true,100,100,1e-3,0,100000,1800,0.001,1,results/batch/fpp_new_instances_scaling_new20x20/splits,results/batch/fpp_new_instances_scaling_new20x20/workers/worker_000,results/batch/fpp_new_instances_scaling_new20x20/workers/worker_000/batch_results_worker_000.csv,results/batch/fpp_new_instances_scaling_new20x20/workers/worker_000/json/worker_000_task_000.json,results/batch/fpp_new_instances_scaling_new20x20/workers/worker_000/solutions,new20x20_case00_train400_test1000_alpha0p01_fpp_saa_meancvar,run-fpp-saa-oos
worker_000_task_001,worker_000,case00,0,20260529,20260929,20260929,new20x20,20x20,shortest_path,400,,not_checked,,,new20x20,new_instances/20x20,new_instances/20x20,0.01,400,1000,1,9000,9001,10000,true,results/batch/fpp_new_instances_scaling_new20x20/splits/new20x20_seed20260929_train400_test1000_case0_train.csv,results/batch/fpp_new_instances_scaling_new20x20/splits/new20x20_seed20260929_train400_test1000_case0_test.csv,Expected,FPP-Branch-Benders-LLBI-RootCuts,FPP-Branch-Benders,,expected,0.9,1.0,none,none,true,true,false,false,false,false,false,false,heuristic,0.10,eta-asc,true,true,100,100,1e-3,0,100000,1800,0.001,1,results/batch/fpp_new_instances_scaling_new20x20/splits,results/batch/fpp_new_instances_scaling_new20x20/workers/worker_000,results/batch/fpp_new_instances_scaling_new20x20/workers/worker_000/batch_results_worker_000.csv,results/batch/fpp_new_instances_scaling_new20x20/workers/worker_000/json/worker_000_task_001.json,results/batch/fpp_new_instances_scaling_new20x20/workers/worker_000/solutions,new20x20_case00_train400_test1000_alpha0p01_fpp_branch_benders_llbi_rootcuts,run-fpp-branch-benders-oos
worker_000_task_002,worker_000,case00,0,20260529,20260929,20260929,new20x20,20x20,shortest_path,400,,not_checked,,,new20x20,new_instances/20x20,new_instances/20x20,0.01,400,1000,1,9000,9001,10000,true,results/batch/fpp_new_instances_scaling_new20x20/splits/new20x20_seed20260929_train400_test1000_case0_train.csv,results/batch/fpp_new_instances_scaling_new20x20/splits/new20x20_seed20260929_train400_test1000_case0_test.csv,Expected,FPP-Branch-Benders-ProjectedCoverageLLBI-exp-RootCuts,FPP-Branch-Benders,,expected,0.9,1.0,coverage,exp,true,false,true,false,false,true,false,false,heuristic,0.10,eta-asc,true,true,100,100,1e-3,0,100000,1800,0.001,1,results/batch/fpp_new_instances_scaling_new20x20/splits,results/batch/fpp_new_instances_scaling_new20x20/workers/worker_000,results/batch/fpp_new_instances_scaling_new20x20/workers/worker_000/batch_results_worker_000.csv,results/batch/fpp_new_instances_scaling_new20x20/workers/worker_000/json/worker_000_task_002.json,results/batch/fpp_new_instances_scaling_new20x20/workers/worker_000/solutions,new20x20_case00_train400_test1000_alpha0p01_fpp_branch_benders_projectedcoveragellbi_exp_rootcuts,run-fpp-branch-benders-oos
worker_000_task_003,worker_000,case00,0,20260529,20260929,20260929,new20x20,20x20,shortest_path,400,,not_checked,,,new20x20,new_instances/20x20,new_instances/20x20,0.01,400,1000,1,9000,9001,10000,true,results/batch/fpp_new_instances_scaling_new20x20/splits/new20x20_seed20260929_train400_test1000_case0_train.csv,results/batch/fpp_new_instances_scaling_new20x20/splits/new20x20_seed20260929_train400_test1000_case0_test.csv,Expected,FPP-Branch-Benders-ProjectedPathLLBI-exp-RootCuts,FPP-Branch-Benders,,expected,0.9,1.0,path,exp,true,false,true,false,false,false,true,false,heuristic,0.10,eta-asc,true,true,100,100,1e-3,0,100000,1800,0.001,1,results/batch/fpp_new_instances_scaling_new20x20/splits,results/batch/fpp_new_instances_scaling_new20x20/workers/worker_000,results/batch/fpp_new_instances_scaling_new20x20/workers/worker_000/batch_results_worker_000.csv,results/batch/fpp_new_instances_scaling_new20x20/workers/worker_000/json/worker_000_task_003.json,results/batch/fpp_new_instances_scaling_new20x20/workers/worker_000/solutions,new20x20_case00_train400_test1000_alpha0p01_fpp_branch_benders_projectedpathllbi_exp_rootcuts,run-fpp-branch-benders-oos
worker_000_task_004,worker_000,case00,0,20260529,20260929,20260929,new20x20,20x20,shortest_path,400,,not_checked,,,new20x20,new_instances/20x20,new_instances/20x20,0.01,400,1000,1,9000,9001,10000,true,results/batch/fpp_new_instances_scaling_new20x20/splits/new20x20_seed20260929_train400_test1000_case0_train.csv,results/batch/fpp_new_instances_scaling_new20x20/splits/new20x20_seed20260929_train400_test1000_case0_test.csv,CVaR,FPP-Branch-Benders-CVaR-RootCuts,FPP-Branch-Benders,,cvar,0.9,1.0,none,none,true,false,false,false,false,false,false,false,heuristic,0.10,eta-asc,true,true,100,100,1e-3,0,100000,1800,0.001,1,results/batch/fpp_new_instances_scaling_new20x20/splits,results/batch/fpp_new_instances_scaling_new20x20/workers/worker_000,results/batch/fpp_new_instances_scaling_new20x20/workers/worker_000/batch_results_worker_000.csv,results/batch/fpp_new_instances_scaling_new20x20/workers/worker_000/json/worker_000_task_004.json,results/batch/fpp_new_instances_scaling_new20x20/workers/worker_000/solutions,new20x20_case00_train400_test1000_alpha0p01_fpp_branch_benders_cvar_rootcuts,run-fpp-branch-benders-oos
worker_000_task_005,worker_000,case00,0,20260529,20260929,20260929,new20x20,20x20,shortest_path,400,,not_checked,,,new20x20,new_instances/20x20,new_instances/20x20,0.01,400,1000,1,9000,9001,10000,true,results/batch/fpp_new_instances_scaling_new20x20/splits/new20x20_seed20260929_train400_test1000_case0_train.csv,results/batch/fpp_new_instances_scaling_new20x20/splits/new20x20_seed20260929_train400_test1000_case0_test.csv,CVaR,FPP-Branch-Benders-CVaR-LLBI-RootCuts,FPP-Branch-Benders,,cvar,0.9,1.0,none,none,true,true,false,false,false,false,false,false,heuristic,0.10,eta-asc,true,true,100,100,1e-3,0,100000,1800,0.001,1,results/batch/fpp_new_instances_scaling_new20x20/splits,results/batch/fpp_new_instances_scaling_new20x20/workers/worker_000,results/batch/fpp_new_instances_scaling_new20x20/workers/worker_000/batch_results_worker_000.csv,results/batch/fpp_new_instances_scaling_new20x20/workers/worker_000/json/worker_000_task_005.json,results/batch/fpp_new_instances_scaling_new20x20/workers/worker_000/solutions,new20x20_case00_train400_test1000_alpha0p01_fpp_branch_benders_cvar_llbi_rootcuts,run-fpp-branch-benders-oos
worker_000_task_006,worker_000,case00,0,20260529,20260929,20260929,new20x20,20x20,shortest_path,400,,not_checked,,,new20x20,new_instances/20x20,new_instances/20x20,0.01,400,1000,1,9000,9001,10000,true,results/batch/fpp_new_instances_scaling_new20x20/splits/new20x20_seed20260929_train400_test1000_case0_train.csv,results/batch/fpp_new_instances_scaling_new20x20/splits/new20x20_seed20260929_train400_test1000_case0_test.csv,CVaR,FPP-Branch-Benders-CVaR-ProjectedCoverageLLBI-exp-RootCuts,FPP-Branch-Benders,,cvar,0.9,1.0,coverage,exp,true,false,true,false,false,true,false,false,heuristic,0.10,eta-asc,true,true,100,100,1e-3,0,100000,1800,0.001,1,results/batch/fpp_new_instances_scaling_new20x20/splits,results/batch/fpp_new_instances_scaling_new20x20/workers/worker_000,results/batch/fpp_new_instances_scaling_new20x20/workers/worker_000/batch_results_worker_000.csv,results/batch/fpp_new_instances_scaling_new20x20/workers/worker_000/json/worker_000_task_006.json,results/batch/fpp_new_instances_scaling_new20x20/workers/worker_000/solutions,new20x20_case00_train400_test1000_alpha0p01_fpp_branch_benders_cvar_projectedcoveragellbi_exp_rootcuts,run-fpp-branch-benders-oos
worker_000_task_007,worker_000,case00,0,20260529,20260929,20260929,new20x20,20x20,shortest_path,400,,not_checked,,,new20x20,new_instances/20x20,new_instances/20x20,0.01,400,1000,1,9000,9001,10000,true,results/batch/fpp_new_instances_scaling_new20x20/splits/new20x20_seed20260929_train400_test1000_case0_train.csv,results/batch/fpp_new_instances_scaling_new20x20/splits/new20x20_seed20260929_train400_test1000_case0_test.csv,CVaR,FPP-Branch-Benders-CVaR-ProjectedPathLLBI-exp-RootCuts,FPP-Branch-Benders,,cvar,0.9,1.0,path,exp,true,false,true,false,false,false,true,false,heuristic,0.10,eta-asc,true,true,100,100,1e-3,0,100000,1800,0.001,1,results/batch/fpp_new_instances_scaling_new20x20/splits,results/batch/fpp_new_instances_scaling_new20x20/workers/worker_000,results/batch/fpp_new_instances_scaling_new20x20/workers/worker_000/batch_results_worker_000.csv,results/batch/fpp_new_instances_scaling_new20x20/workers/worker_000/json/worker_000_task_007.json,results/batch/fpp_new_instances_scaling_new20x20/workers/worker_000/solutions,new20x20_case00_train400_test1000_alpha0p01_fpp_branch_benders_cvar_projectedpathllbi_exp_rootcuts,run-fpp-branch-benders-oos
worker_000_task_008,worker_000,case00,0,20260529,20260929,20260929,new20x20,20x20,shortest_path,400,,not_checked,,,new20x20,new_instances/20x20,new_instances/20x20,0.01,400,1000,1,9000,9001,10000,true,results/batch/fpp_new_instances_scaling_new20x20/splits/new20x20_seed20260929_train400_test1000_case0_train.csv,results/batch/fpp_new_instances_scaling_new20x20/splits/new20x20_seed20260929_train400_test1000_case0_test.csv,MeanCVaR,FPP-Branch-Benders-MeanCVaR-RootCuts,FPP-Branch-Benders,,mean-cvar,0.9,0.5,none,none,true,false,false,false,false,false,false,false,heuristic,0.10,eta-asc,true,true,100,100,1e-3,0,100000,1800,0.001,1,results/batch/fpp_new_instances_scaling_new20x20/splits,results/batch/fpp_new_instances_scaling_new20x20/workers/worker_000,results/batch/fpp_new_instances_scaling_new20x20/workers/worker_000/batch_results_worker_000.csv,results/batch/fpp_new_instances_scaling_new20x20/workers/worker_000/json/worker_000_task_008.json,results/batch/fpp_new_instances_scaling_new20x20/workers/worker_000/solutions,new20x20_case00_train400_test1000_alpha0p01_fpp_branch_benders_meancvar_rootcuts,run-fpp-branch-benders-oos
worker_000_task_009,worker_000,case00,0,20260529,20260929,20260929,new20x20,20x20,shortest_path,400,,not_checked,,,new20x20,new_instances/20x20,new_instances/20x20,0.01,400,1000,1,9000,9001,10000,true,results/batch/fpp_new_instances_scaling_new20x20/splits/new20x20_seed20260929_train400_test1000_case0_train.csv,results/batch/fpp_new_instances_scaling_new20x20/splits/new20x20_seed20260929_train400_test1000_case0_test.csv,MeanCVaR,FPP-Branch-Benders-MeanCVaR-LLBI-RootCuts,FPP-Branch-Benders,,mean-cvar,0.9,0.5,none,none,true,true,false,false,false,false,false,false,heuristic,0.10,eta-asc,true,true,100,100,1e-3,0,100000,1800,0.001,1,results/batch/fpp_new_instances_scaling_new20x20/splits,results/batch/fpp_new_instances_scaling_new20x20/workers/worker_000,results/batch/fpp_new_instances_scaling_new20x20/workers/worker_000/batch_results_worker_000.csv,results/batch/fpp_new_instances_scaling_new20x20/workers/worker_000/json/worker_000_task_009.json,results/batch/fpp_new_instances_scaling_new20x20/workers/worker_000/solutions,new20x20_case00_train400_test1000_alpha0p01_fpp_branch_benders_meancvar_llbi_rootcuts,run-fpp-branch-benders-oos
worker_000_task_010,worker_000,case00,0,20260529,20260929,20260929,new20x20,20x20,shortest_path,400,,not_checked,,,new20x20,new_instances/20x20,new_instances/20x20,0.01,400,1000,1,9000,9001,10000,true,results/batch/fpp_new_instances_scaling_new20x20/splits/new20x20_seed20260929_train400_test1000_case0_train.csv,results/batch/fpp_new_instances_scaling_new20x20/splits/new20x20_seed20260929_train400_test1000_case0_test.csv,MeanCVaR,FPP-Branch-Benders-MeanCVaR-ProjectedCoverageLLBI-exp-RootCuts,FPP-Branch-Benders,,mean-cvar,0.9,0.5,coverage,exp,true,false,true,false,false,true,false,false,heuristic,0.10,eta-asc,true,true,100,100,1e-3,0,100000,1800,0.001,1,results/batch/fpp_new_instances_scaling_new20x20/splits,results/batch/fpp_new_instances_scaling_new20x20/workers/worker_000,results/batch/fpp_new_instances_scaling_new20x20/workers/worker_000/batch_results_worker_000.csv,results/batch/fpp_new_instances_scaling_new20x20/workers/worker_000/json/worker_000_task_010.json,results/batch/fpp_new_instances_scaling_new20x20/workers/worker_000/solutions,new20x20_case00_train400_test1000_alpha0p01_fpp_branch_benders_meancvar_projectedcoveragellbi_exp_rootcuts,run-fpp-branch-benders-oos
worker_000_task_011,worker_000,case00,0,20260529,20260929,20260929,new20x20,20x20,shortest_path,400,,not_checked,,,new20x20,new_instances/20x20,new_instances/20x20,0.01,400,1000,1,9000,9001,10000,true,results/batch/fpp_new_instances_scaling_new20x20/splits/new20x20_seed20260929_train400_test1000_case0_train.csv,results/batch/fpp_new_instances_scaling_new20x20/splits/new20x20_seed20260929_train400_test1000_case0_test.csv,MeanCVaR,FPP-Branch-Benders-MeanCVaR-ProjectedPathLLBI-exp-RootCuts,FPP-Branch-Benders,,mean-cvar,0.9,0.5,path,exp,true,false,true,false,false,false,true,false,heuristic,0.10,eta-asc,true,true,100,100,1e-3,0,100000,1800,0.001,1,results/batch/fpp_new_instances_scaling_new20x20/splits,results/batch/fpp_new_instances_scaling_new20x20/workers/worker_000,results/batch/fpp_new_instances_scaling_new20x20/workers/worker_000/batch_results_worker_000.csv,results/batch/fpp_new_instances_scaling_new20x20/workers/worker_000/json/worker_000_task_011.json,results/batch/fpp_new_instances_scaling_new20x20/workers/worker_000/solutions,new20x20_case00_train400_test1000_alpha0p01_fpp_branch_benders_meancvar_projectedpathllbi_exp_rootcuts,run-fpp-branch-benders-oos
worker_001_task_000,worker_001,case01,1,20260529,20261929,20261929,new20x20,20x20,shortest_path,400,,not_checked,,,new20x20,new_instances/20x20,new_instances/20x20,0.01,400,1000,1,9000,9001,10000,true,results/batch/fpp_new_instances_scaling_new20x20/splits/new20x20_seed20261929_train400_test1000_case1_train.csv,results/batch/fpp_new_instances_scaling_new20x20/splits/new20x20_seed20261929_train400_test1000_case1_test.csv,MeanCVaR,FPP-SAA-MeanCVaR,FPP-SAA,fpp_base,mean-cvar,0.9,0.5,none,none,false,false,false,false,false,false,false,false,heuristic,0.10,eta-asc,true,true,100,100,1e-3,0,100000,1800,0.001,1,results/batch/fpp_new_instances_scaling_new20x20/splits,results/batch/fpp_new_instances_scaling_new20x20/workers/worker_001,results/batch/fpp_new_instances_scaling_new20x20/workers/worker_001/batch_results_worker_001.csv,results/batch/fpp_new_instances_scaling_new20x20/workers/worker_001/json/worker_001_task_000.json,results/batch/fpp_new_instances_scaling_new20x20/workers/worker_001/solutions,new20x20_case01_train400_test1000_alpha0p01_fpp_saa_meancvar,run-fpp-saa-oos
worker_001_task_001,worker_001,case01,1,20260529,20261929,20261929,new20x20,20x20,shortest_path,400,,not_checked,,,new20x20,new_instances/20x20,new_instances/20x20,0.01,400,1000,1,9000,9001,10000,true,results/batch/fpp_new_instances_scaling_new20x20/splits/new20x20_seed20261929_train400_test1000_case1_train.csv,results/batch/fpp_new_instances_scaling_new20x20/splits/new20x20_seed20261929_train400_test1000_case1_test.csv,Expected,FPP-Branch-Benders-LLBI-RootCuts,FPP-Branch-Benders,,expected,0.9,1.0,none,none,true,true,false,false,false,false,false,false,heuristic,0.10,eta-asc,true,true,100,100,1e-3,0,100000,1800,0.001,1,results/batch/fpp_new_instances_scaling_new20x20/splits,results/batch/fpp_new_instances_scaling_new20x20/workers/worker_001,results/batch/fpp_new_instances_scaling_new20x20/workers/worker_001/batch_results_worker_001.csv,results/batch/fpp_new_instances_scaling_new20x20/workers/worker_001/json/worker_001_task_001.json,results/batch/fpp_new_instances_scaling_new20x20/workers/worker_001/solutions,new20x20_case01_train400_test1000_alpha0p01_fpp_branch_benders_llbi_rootcuts,run-fpp-branch-benders-oos
worker_001_task_002,worker_001,case01,1,20260529,20261929,20261929,new20x20,20x20,shortest_path,400,,not_checked,,,new20x20,new_instances/20x20,new_instances/20x20,0.01,400,1000,1,9000,9001,10000,true,results/batch/fpp_new_instances_scaling_new20x20/splits/new20x20_seed20261929_train400_test1000_case1_train.csv,results/batch/fpp_new_instances_scaling_new20x20/splits/new20x20_seed20261929_train400_test1000_case1_test.csv,Expected,FPP-Branch-Benders-ProjectedCoverageLLBI-exp-RootCuts,FPP-Branch-Benders,,expected,0.9,1.0,coverage,exp,true,false,true,false,false,true,false,false,heuristic,0.10,eta-asc,true,true,100,100,1e-3,0,100000,1800,0.001,1,results/batch/fpp_new_instances_scaling_new20x20/splits,results/batch/fpp_new_instances_scaling_new20x20/workers/worker_001,results/batch/fpp_new_instances_scaling_new20x20/workers/worker_001/batch_results_worker_001.csv,results/batch/fpp_new_instances_scaling_new20x20/workers/worker_001/json/worker_001_task_002.json,results/batch/fpp_new_instances_scaling_new20x20/workers/worker_001/solutions,new20x20_case01_train400_test1000_alpha0p01_fpp_branch_benders_projectedcoveragellbi_exp_rootcuts,run-fpp-branch-benders-oos
worker_001_task_003,worker_001,case01,1,20260529,20261929,20261929,new20x20,20x20,shortest_path,400,,not_checked,,,new20x20,new_instances/20x20,new_instances/20x20,0.01,400,1000,1,9000,9001,10000,true,results/batch/fpp_new_instances_scaling_new20x20/splits/new20x20_seed20261929_train400_test1000_case1_train.csv,results/batch/fpp_new_instances_scaling_new20x20/splits/new20x20_seed20261929_train400_test1000_case1_test.csv,Expected,FPP-Branch-Benders-ProjectedPathLLBI-exp-RootCuts,FPP-Branch-Benders,,expected,0.9,1.0,path,exp,true,false,true,false,false,false,true,false,heuristic,0.10,eta-asc,true,true,100,100,1e-3,0,100000,1800,0.001,1,results/batch/fpp_new_instances_scaling_new20x20/splits,results/batch/fpp_new_instances_scaling_new20x20/workers/worker_001,results/batch/fpp_new_instances_scaling_new20x20/workers/worker_001/batch_results_worker_001.csv,results/batch/fpp_new_instances_scaling_new20x20/workers/worker_001/json/worker_001_task_003.json,results/batch/fpp_new_instances_scaling_new20x20/workers/worker_001/solutions,new20x20_case01_train400_test1000_alpha0p01_fpp_branch_benders_projectedpathllbi_exp_rootcuts,run-fpp-branch-benders-oos
worker_001_task_004,worker_001,case01,1,20260529,20261929,20261929,new20x20,20x20,shortest_path,400,,not_checked,,,new20x20,new_instances/20x20,new_instances/20x20,0.01,400,1000,1,9000,9001,10000,true,results/batch/fpp_new_instances_scaling_new20x20/splits/new20x20_seed20261929_train400_test1000_case1_train.csv,results/batch/fpp_new_instances_scaling_new20x20/splits/new20x20_seed20261929_train400_test1000_case1_test.csv,CVaR,FPP-Branch-Benders-CVaR-RootCuts,FPP-Branch-Benders,,cvar,0.9,1.0,none,none,true,false,false,false,false,false,false,false,heuristic,0.10,eta-asc,true,true,100,100,1e-3,0,100000,1800,0.001,1,results/batch/fpp_new_instances_scaling_new20x20/splits,results/batch/fpp_new_instances_scaling_new20x20/workers/worker_001,results/batch/fpp_new_instances_scaling_new20x20/workers/worker_001/batch_results_worker_001.csv,results/batch/fpp_new_instances_scaling_new20x20/workers/worker_001/json/worker_001_task_004.json,results/batch/fpp_new_instances_scaling_new20x20/workers/worker_001/solutions,new20x20_case01_train400_test1000_alpha0p01_fpp_branch_benders_cvar_rootcuts,run-fpp-branch-benders-oos
worker_001_task_005,worker_001,case01,1,20260529,20261929,20261929,new20x20,20x20,shortest_path,400,,not_checked,,,new20x20,new_instances/20x20,new_instances/20x20,0.01,400,1000,1,9000,9001,10000,true,results/batch/fpp_new_instances_scaling_new20x20/splits/new20x20_seed20261929_train400_test1000_case1_train.csv,results/batch/fpp_new_instances_scaling_new20x20/splits/new20x20_seed20261929_train400_test1000_case1_test.csv,CVaR,FPP-Branch-Benders-CVaR-LLBI-RootCuts,FPP-Branch-Benders,,cvar,0.9,1.0,none,none,true,true,false,false,false,false,false,false,heuristic,0.10,eta-asc,true,true,100,100,1e-3,0,100000,1800,0.001,1,results/batch/fpp_new_instances_scaling_new20x20/splits,results/batch/fpp_new_instances_scaling_new20x20/workers/worker_001,results/batch/fpp_new_instances_scaling_new20x20/workers/worker_001/batch_results_worker_001.csv,results/batch/fpp_new_instances_scaling_new20x20/workers/worker_001/json/worker_001_task_005.json,results/batch/fpp_new_instances_scaling_new20x20/workers/worker_001/solutions,new20x20_case01_train400_test1000_alpha0p01_fpp_branch_benders_cvar_llbi_rootcuts,run-fpp-branch-benders-oos
worker_001_task_006,worker_001,case01,1,20260529,20261929,20261929,new20x20,20x20,shortest_path,400,,not_checked,,,new20x20,new_instances/20x20,new_instances/20x20,0.01,400,1000,1,9000,9001,10000,true,results/batch/fpp_new_instances_scaling_new20x20/splits/new20x20_seed20261929_train400_test1000_case1_train.csv,results/batch/fpp_new_instances_scaling_new20x20/splits/new20x20_seed20261929_train400_test1000_case1_test.csv,CVaR,FPP-Branch-Benders-CVaR-ProjectedCoverageLLBI-exp-RootCuts,FPP-Branch-Benders,,cvar,0.9,1.0,coverage,exp,true,false,true,false,false,true,false,false,heuristic,0.10,eta-asc,true,true,100,100,1e-3,0,100000,1800,0.001,1,results/batch/fpp_new_instances_scaling_new20x20/splits,results/batch/fpp_new_instances_scaling_new20x20/workers/worker_001,results/batch/fpp_new_instances_scaling_new20x20/workers/worker_001/batch_results_worker_001.csv,results/batch/fpp_new_instances_scaling_new20x20/workers/worker_001/json/worker_001_task_006.json,results/batch/fpp_new_instances_scaling_new20x20/workers/worker_001/solutions,new20x20_case01_train400_test1000_alpha0p01_fpp_branch_benders_cvar_projectedcoveragellbi_exp_rootcuts,run-fpp-branch-benders-oos
worker_001_task_007,worker_001,case01,1,20260529,20261929,20261929,new20x20,20x20,shortest_path,400,,not_checked,,,new20x20,new_instances/20x20,new_instances/20x20,0.01,400,1000,1,9000,9001,10000,true,results/batch/fpp_new_instances_scaling_new20x20/splits/new20x20_seed20261929_train400_test1000_case1_train.csv,results/batch/fpp_new_instances_scaling_new20x20/splits/new20x20_seed20261929_train400_test1000_case1_test.csv,CVaR,FPP-Branch-Benders-CVaR-ProjectedPathLLBI-exp-RootCuts,FPP-Branch-Benders,,cvar,0.9,1.0,path,exp,true,false,true,false,false,false,true,false,heuristic,0.10,eta-asc,true,true,100,100,1e-3,0,100000,1800,0.001,1,results/batch/fpp_new_instances_scaling_new20x20/splits,results/batch/fpp_new_instances_scaling_new20x20/workers/worker_001,results/batch/fpp_new_instances_scaling_new20x20/workers/worker_001/batch_results_worker_001.csv,results/batch/fpp_new_instances_scaling_new20x20/workers/worker_001/json/worker_001_task_007.json,results/batch/fpp_new_instances_scaling_new20x20/workers/worker_001/solutions,new20x20_case01_train400_test1000_alpha0p01_fpp_branch_benders_cvar_projectedpathllbi_exp_rootcuts,run-fpp-branch-benders-oos
worker_001_task_008,worker_001,case01,1,20260529,20261929,20261929,new20x20,20x20,shortest_path,400,,not_checked,,,new20x20,new_instances/20x20,new_instances/20x20,0.01,400,1000,1,9000,9001,10000,true,results/batch/fpp_new_instances_scaling_new20x20/splits/new20x20_seed20261929_train400_test1000_case1_train.csv,results/batch/fpp_new_instances_scaling_new20x20/splits/new20x20_seed20261929_train400_test1000_case1_test.csv,MeanCVaR,FPP-Branch-Benders-MeanCVaR-RootCuts,FPP-Branch-Benders,,mean-cvar,0.9,0.5,none,none,true,false,false,false,false,false,false,false,heuristic,0.10,eta-asc,true,true,100,100,1e-3,0,100000,1800,0.001,1,results/batch/fpp_new_instances_scaling_new20x20/splits,results/batch/fpp_new_instances_scaling_new20x20/workers/worker_001,results/batch/fpp_new_instances_scaling_new20x20/workers/worker_001/batch_results_worker_001.csv,results/batch/fpp_new_instances_scaling_new20x20/workers/worker_001/json/worker_001_task_008.json,results/batch/fpp_new_instances_scaling_new20x20/workers/worker_001/solutions,new20x20_case01_train400_test1000_alpha0p01_fpp_branch_benders_meancvar_rootcuts,run-fpp-branch-benders-oos
worker_001_task_009,worker_001,case01,1,20260529,20261929,20261929,new20x20,20x20,shortest_path,400,,not_checked,,,new20x20,new_instances/20x20,new_instances/20x20,0.01,400,1000,1,9000,9001,10000,true,results/batch/fpp_new_instances_scaling_new20x20/splits/new20x20_seed20261929_train400_test1000_case1_train.csv,results/batch/fpp_new_instances_scaling_new20x20/splits/new20x20_seed20261929_train400_test1000_case1_test.csv,MeanCVaR,FPP-Branch-Benders-MeanCVaR-LLBI-RootCuts,FPP-Branch-Benders,,mean-cvar,0.9,0.5,none,none,true,true,false,false,false,false,false,false,heuristic,0.10,eta-asc,true,true,100,100,1e-3,0,100000,1800,0.001,1,results/batch/fpp_new_instances_scaling_new20x20/splits,results/batch/fpp_new_instances_scaling_new20x20/workers/worker_001,results/batch/fpp_new_instances_scaling_new20x20/workers/worker_001/batch_results_worker_001.csv,results/batch/fpp_new_instances_scaling_new20x20/workers/worker_001/json/worker_001_task_009.json,results/batch/fpp_new_instances_scaling_new20x20/workers/worker_001/solutions,new20x20_case01_train400_test1000_alpha0p01_fpp_branch_benders_meancvar_llbi_rootcuts,run-fpp-branch-benders-oos
worker_001_task_010,worker_001,case01,1,20260529,20261929,20261929,new20x20,20x20,shortest_path,400,,not_checked,,,new20x20,new_instances/20x20,new_instances/20x20,0.01,400,1000,1,9000,9001,10000,true,results/batch/fpp_new_instances_scaling_new20x20/splits/new20x20_seed20261929_train400_test1000_case1_train.csv,results/batch/fpp_new_instances_scaling_new20x20/splits/new20x20_seed20261929_train400_test1000_case1_test.csv,MeanCVaR,FPP-Branch-Benders-MeanCVaR-ProjectedCoverageLLBI-exp-RootCuts,FPP-Branch-Benders,,mean-cvar,0.9,0.5,coverage,exp,true,false,true,false,false,true,false,false,heuristic,0.10,eta-asc,true,true,100,100,1e-3,0,100000,1800,0.001,1,results/batch/fpp_new_instances_scaling_new20x20/splits,results/batch/fpp_new_instances_scaling_new20x20/workers/worker_001,results/batch/fpp_new_instances_scaling_new20x20/workers/worker_001/batch_results_worker_001.csv,results/batch/fpp_new_instances_scaling_new20x20/workers/worker_001/json/worker_001_task_010.json,results/batch/fpp_new_instances_scaling_new20x20/workers/worker_001/solutions,new20x20_case01_train400_test1000_alpha0p01_fpp_branch_benders_meancvar_projectedcoveragellbi_exp_rootcuts,run-fpp-branch-benders-oos
worker_001_task_011,worker_001,case01,1,20260529,20261929,20261929,new20x20,20x20,shortest_path,400,,not_checked,,,new20x20,new_instances/20x20,new_instances/20x20,0.01,400,1000,1,9000,9001,10000,true,results/batch/fpp_new_instances_scaling_new20x20/splits/new20x20_seed20261929_train400_test1000_case1_train.csv,results/batch/fpp_new_instances_scaling_new20x20/splits/new20x20_seed20261929_train400_test1000_case1_test.csv,MeanCVaR,FPP-Branch-Benders-MeanCVaR-ProjectedPathLLBI-exp-RootCuts,FPP-Branch-Benders,,mean-cvar,0.9,0.5,path,exp,true,false,true,false,false,false,true,false,heuristic,0.10,eta-asc,true,true,100,100,1e-3,0,100000,1800,0.001,1,results/batch/fpp_new_instances_scaling_new20x20/splits,results/batch/fpp_new_instances_scaling_new20x20/workers/worker_001,results/batch/fpp_new_instances_scaling_new20x20/workers/worker_001/batch_results_worker_001.csv,results/batch/fpp_new_instances_scaling_new20x20/workers/worker_001/json/worker_001_task_011.json,results/batch/fpp_new_instances_scaling_new20x20/workers/worker_001/solutions,new20x20_case01_train400_test1000_alpha0p01_fpp_branch_benders_meancvar_projectedpathllbi_exp_rootcuts,run-fpp-branch-benders-oos
worker_002_task_000,worker_002,case02,2,20260529,20262929,20262929,new20x20,20x20,shortest_path,400,,not_checked,,,new20x20,new_instances/20x20,new_instances/20x20,0.01,400,1000,1,9000,9001,10000,true,results/batch/fpp_new_instances_scaling_new20x20/splits/new20x20_seed20262929_train400_test1000_case2_train.csv,results/batch/fpp_new_instances_scaling_new20x20/splits/new20x20_seed20262929_train400_test1000_case2_test.csv,MeanCVaR,FPP-SAA-MeanCVaR,FPP-SAA,fpp_base,mean-cvar,0.9,0.5,none,none,false,false,false,false,false,false,false,false,heuristic,0.10,eta-asc,true,true,100,100,1e-3,0,100000,1800,0.001,1,results/batch/fpp_new_instances_scaling_new20x20/splits,results/batch/fpp_new_instances_scaling_new20x20/workers/worker_002,results/batch/fpp_new_instances_scaling_new20x20/workers/worker_002/batch_results_worker_002.csv,results/batch/fpp_new_instances_scaling_new20x20/workers/worker_002/json/worker_002_task_000.json,results/batch/fpp_new_instances_scaling_new20x20/workers/worker_002/solutions,new20x20_case02_train400_test1000_alpha0p01_fpp_saa_meancvar,run-fpp-saa-oos
worker_002_task_001,worker_002,case02,2,20260529,20262929,20262929,new20x20,20x20,shortest_path,400,,not_checked,,,new20x20,new_instances/20x20,new_instances/20x20,0.01,400,1000,1,9000,9001,10000,true,results/batch/fpp_new_instances_scaling_new20x20/splits/new20x20_seed20262929_train400_test1000_case2_train.csv,results/batch/fpp_new_instances_scaling_new20x20/splits/new20x20_seed20262929_train400_test1000_case2_test.csv,Expected,FPP-Branch-Benders-LLBI-RootCuts,FPP-Branch-Benders,,expected,0.9,1.0,none,none,true,true,false,false,false,false,false,false,heuristic,0.10,eta-asc,true,true,100,100,1e-3,0,100000,1800,0.001,1,results/batch/fpp_new_instances_scaling_new20x20/splits,results/batch/fpp_new_instances_scaling_new20x20/workers/worker_002,results/batch/fpp_new_instances_scaling_new20x20/workers/worker_002/batch_results_worker_002.csv,results/batch/fpp_new_instances_scaling_new20x20/workers/worker_002/json/worker_002_task_001.json,results/batch/fpp_new_instances_scaling_new20x20/workers/worker_002/solutions,new20x20_case02_train400_test1000_alpha0p01_fpp_branch_benders_llbi_rootcuts,run-fpp-branch-benders-oos
worker_002_task_002,worker_002,case02,2,20260529,20262929,20262929,new20x20,20x20,shortest_path,400,,not_checked,,,new20x20,new_instances/20x20,new_instances/20x20,0.01,400,1000,1,9000,9001,10000,true,results/batch/fpp_new_instances_scaling_new20x20/splits/new20x20_seed20262929_train400_test1000_case2_train.csv,results/batch/fpp_new_instances_scaling_new20x20/splits/new20x20_seed20262929_train400_test1000_case2_test.csv,Expected,FPP-Branch-Benders-ProjectedCoverageLLBI-exp-RootCuts,FPP-Branch-Benders,,expected,0.9,1.0,coverage,exp,true,false,true,false,false,true,false,false,heuristic,0.10,eta-asc,true,true,100,100,1e-3,0,100000,1800,0.001,1,results/batch/fpp_new_instances_scaling_new20x20/splits,results/batch/fpp_new_instances_scaling_new20x20/workers/worker_002,results/batch/fpp_new_instances_scaling_new20x20/workers/worker_002/batch_results_worker_002.csv,results/batch/fpp_new_instances_scaling_new20x20/workers/worker_002/json/worker_002_task_002.json,results/batch/fpp_new_instances_scaling_new20x20/workers/worker_002/solutions,new20x20_case02_train400_test1000_alpha0p01_fpp_branch_benders_projectedcoveragellbi_exp_rootcuts,run-fpp-branch-benders-oos
worker_002_task_003,worker_002,case02,2,20260529,20262929,20262929,new20x20,20x20,shortest_path,400,,not_checked,,,new20x20,new_instances/20x20,new_instances/20x20,0.01,400,1000,1,9000,9001,10000,true,results/batch/fpp_new_instances_scaling_new20x20/splits/new20x20_seed20262929_train400_test1000_case2_train.csv,results/batch/fpp_new_instances_scaling_new20x20/splits/new20x20_seed20262929_train400_test1000_case2_test.csv,Expected,FPP-Branch-Benders-ProjectedPathLLBI-exp-RootCuts,FPP-Branch-Benders,,expected,0.9,1.0,path,exp,true,false,true,false,false,false,true,false,heuristic,0.10,eta-asc,true,true,100,100,1e-3,0,100000,1800,0.001,1,results/batch/fpp_new_instances_scaling_new20x20/splits,results/batch/fpp_new_instances_scaling_new20x20/workers/worker_002,results/batch/fpp_new_instances_scaling_new20x20/workers/worker_002/batch_results_worker_002.csv,results/batch/fpp_new_instances_scaling_new20x20/workers/worker_002/json/worker_002_task_003.json,results/batch/fpp_new_instances_scaling_new20x20/workers/worker_002/solutions,new20x20_case02_train400_test1000_alpha0p01_fpp_branch_benders_projectedpathllbi_exp_rootcuts,run-fpp-branch-benders-oos
worker_002_task_004,worker_002,case02,2,20260529,20262929,20262929,new20x20,20x20,shortest_path,400,,not_checked,,,new20x20,new_instances/20x20,new_instances/20x20,0.01,400,1000,1,9000,9001,10000,true,results/batch/fpp_new_instances_scaling_new20x20/splits/new20x20_seed20262929_train400_test1000_case2_train.csv,results/batch/fpp_new_instances_scaling_new20x20/splits/new20x20_seed20262929_train400_test1000_case2_test.csv,CVaR,FPP-Branch-Benders-CVaR-RootCuts,FPP-Branch-Benders,,cvar,0.9,1.0,none,none,true,false,false,false,false,false,false,false,heuristic,0.10,eta-asc,true,true,100,100,1e-3,0,100000,1800,0.001,1,results/batch/fpp_new_instances_scaling_new20x20/splits,results/batch/fpp_new_instances_scaling_new20x20/workers/worker_002,results/batch/fpp_new_instances_scaling_new20x20/workers/worker_002/batch_results_worker_002.csv,results/batch/fpp_new_instances_scaling_new20x20/workers/worker_002/json/worker_002_task_004.json,results/batch/fpp_new_instances_scaling_new20x20/workers/worker_002/solutions,new20x20_case02_train400_test1000_alpha0p01_fpp_branch_benders_cvar_rootcuts,run-fpp-branch-benders-oos
worker_002_task_005,worker_002,case02,2,20260529,20262929,20262929,new20x20,20x20,shortest_path,400,,not_checked,,,new20x20,new_instances/20x20,new_instances/20x20,0.01,400,1000,1,9000,9001,10000,true,results/batch/fpp_new_instances_scaling_new20x20/splits/new20x20_seed20262929_train400_test1000_case2_train.csv,results/batch/fpp_new_instances_scaling_new20x20/splits/new20x20_seed20262929_train400_test1000_case2_test.csv,CVaR,FPP-Branch-Benders-CVaR-LLBI-RootCuts,FPP-Branch-Benders,,cvar,0.9,1.0,none,none,true,true,false,false,false,false,false,false,heuristic,0.10,eta-asc,true,true,100,100,1e-3,0,100000,1800,0.001,1,results/batch/fpp_new_instances_scaling_new20x20/splits,results/batch/fpp_new_instances_scaling_new20x20/workers/worker_002,results/batch/fpp_new_instances_scaling_new20x20/workers/worker_002/batch_results_worker_002.csv,results/batch/fpp_new_instances_scaling_new20x20/workers/worker_002/json/worker_002_task_005.json,results/batch/fpp_new_instances_scaling_new20x20/workers/worker_002/solutions,new20x20_case02_train400_test1000_alpha0p01_fpp_branch_benders_cvar_llbi_rootcuts,run-fpp-branch-benders-oos
worker_002_task_006,worker_002,case02,2,20260529,20262929,20262929,new20x20,20x20,shortest_path,400,,not_checked,,,new20x20,new_instances/20x20,new_instances/20x20,0.01,400,1000,1,9000,9001,10000,true,results/batch/fpp_new_instances_scaling_new20x20/splits/new20x20_seed20262929_train400_test1000_case2_train.csv,results/batch/fpp_new_instances_scaling_new20x20/splits/new20x20_seed20262929_train400_test1000_case2_test.csv,CVaR,FPP-Branch-Benders-CVaR-ProjectedCoverageLLBI-exp-RootCuts,FPP-Branch-Benders,,cvar,0.9,1.0,coverage,exp,true,false,true,false,false,true,false,false,heuristic,0.10,eta-asc,true,true,100,100,1e-3,0,100000,1800,0.001,1,results/batch/fpp_new_instances_scaling_new20x20/splits,results/batch/fpp_new_instances_scaling_new20x20/workers/worker_002,results/batch/fpp_new_instances_scaling_new20x20/workers/worker_002/batch_results_worker_002.csv,results/batch/fpp_new_instances_scaling_new20x20/workers/worker_002/json/worker_002_task_006.json,results/batch/fpp_new_instances_scaling_new20x20/workers/worker_002/solutions,new20x20_case02_train400_test1000_alpha0p01_fpp_branch_benders_cvar_projectedcoveragellbi_exp_rootcuts,run-fpp-branch-benders-oos
worker_002_task_007,worker_002,case02,2,20260529,20262929,20262929,new20x20,20x20,shortest_path,400,,not_checked,,,new20x20,new_instances/20x20,new_instances/20x20,0.01,400,1000,1,9000,9001,10000,true,results/batch/fpp_new_instances_scaling_new20x20/splits/new20x20_seed20262929_train400_test1000_case2_train.csv,results/batch/fpp_new_instances_scaling_new20x20/splits/new20x20_seed20262929_train400_test1000_case2_test.csv,CVaR,FPP-Branch-Benders-CVaR-ProjectedPathLLBI-exp-RootCuts,FPP-Branch-Benders,,cvar,0.9,1.0,path,exp,true,false,true,false,false,false,true,false,heuristic,0.10,eta-asc,true,true,100,100,1e-3,0,100000,1800,0.001,1,results/batch/fpp_new_instances_scaling_new20x20/splits,results/batch/fpp_new_instances_scaling_new20x20/workers/worker_002,results/batch/fpp_new_instances_scaling_new20x20/workers/worker_002/batch_results_worker_002.csv,results/batch/fpp_new_instances_scaling_new20x20/workers/worker_002/json/worker_002_task_007.json,results/batch/fpp_new_instances_scaling_new20x20/workers/worker_002/solutions,new20x20_case02_train400_test1000_alpha0p01_fpp_branch_benders_cvar_projectedpathllbi_exp_rootcuts,run-fpp-branch-benders-oos
worker_002_task_008,worker_002,case02,2,20260529,20262929,20262929,new20x20,20x20,shortest_path,400,,not_checked,,,new20x20,new_instances/20x20,new_instances/20x20,0.01,400,1000,1,9000,9001,10000,true,results/batch/fpp_new_instances_scaling_new20x20/splits/new20x20_seed20262929_train400_test1000_case2_train.csv,results/batch/fpp_new_instances_scaling_new20x20/splits/new20x20_seed20262929_train400_test1000_case2_test.csv,MeanCVaR,FPP-Branch-Benders-MeanCVaR-RootCuts,FPP-Branch-Benders,,mean-cvar,0.9,0.5,none,none,true,false,false,false,false,false,false,false,heuristic,0.10,eta-asc,true,true,100,100,1e-3,0,100000,1800,0.001,1,results/batch/fpp_new_instances_scaling_new20x20/splits,results/batch/fpp_new_instances_scaling_new20x20/workers/worker_002,results/batch/fpp_new_instances_scaling_new20x20/workers/worker_002/batch_results_worker_002.csv,results/batch/fpp_new_instances_scaling_new20x20/workers/worker_002/json/worker_002_task_008.json,results/batch/fpp_new_instances_scaling_new20x20/workers/worker_002/solutions,new20x20_case02_train400_test1000_alpha0p01_fpp_branch_benders_meancvar_rootcuts,run-fpp-branch-benders-oos
worker_002_task_009,worker_002,case02,2,20260529,20262929,20262929,new20x20,20x20,shortest_path,400,,not_checked,,,new20x20,new_instances/20x20,new_instances/20x20,0.01,400,1000,1,9000,9001,10000,true,results/batch/fpp_new_instances_scaling_new20x20/splits/new20x20_seed20262929_train400_test1000_case2_train.csv,results/batch/fpp_new_instances_scaling_new20x20/splits/new20x20_seed20262929_train400_test1000_case2_test.csv,MeanCVaR,FPP-Branch-Benders-MeanCVaR-LLBI-RootCuts,FPP-Branch-Benders,,mean-cvar,0.9,0.5,none,none,true,true,false,false,false,false,false,false,heuristic,0.10,eta-asc,true,true,100,100,1e-3,0,100000,1800,0.001,1,results/batch/fpp_new_instances_scaling_new20x20/splits,results/batch/fpp_new_instances_scaling_new20x20/workers/worker_002,results/batch/fpp_new_instances_scaling_new20x20/workers/worker_002/batch_results_worker_002.csv,results/batch/fpp_new_instances_scaling_new20x20/workers/worker_002/json/worker_002_task_009.json,results/batch/fpp_new_instances_scaling_new20x20/workers/worker_002/solutions,new20x20_case02_train400_test1000_alpha0p01_fpp_branch_benders_meancvar_llbi_rootcuts,run-fpp-branch-benders-oos
worker_002_task_010,worker_002,case02,2,20260529,20262929,20262929,new20x20,20x20,shortest_path,400,,not_checked,,,new20x20,new_instances/20x20,new_instances/20x20,0.01,400,1000,1,9000,9001,10000,true,results/batch/fpp_new_instances_scaling_new20x20/splits/new20x20_seed20262929_train400_test1000_case2_train.csv,results/batch/fpp_new_instances_scaling_new20x20/splits/new20x20_seed20262929_train400_test1000_case2_test.csv,MeanCVaR,FPP-Branch-Benders-MeanCVaR-ProjectedCoverageLLBI-exp-RootCuts,FPP-Branch-Benders,,mean-cvar,0.9,0.5,coverage,exp,true,false,true,false,false,true,false,false,heuristic,0.10,eta-asc,true,true,100,100,1e-3,0,100000,1800,0.001,1,results/batch/fpp_new_instances_scaling_new20x20/splits,results/batch/fpp_new_instances_scaling_new20x20/workers/worker_002,results/batch/fpp_new_instances_scaling_new20x20/workers/worker_002/batch_results_worker_002.csv,results/batch/fpp_new_instances_scaling_new20x20/workers/worker_002/json/worker_002_task_010.json,results/batch/fpp_new_instances_scaling_new20x20/workers/worker_002/solutions,new20x20_case02_train400_test1000_alpha0p01_fpp_branch_benders_meancvar_projectedcoveragellbi_exp_rootcuts,run-fpp-branch-benders-oos
worker_002_task_011,worker_002,case02,2,20260529,20262929,20262929,new20x20,20x20,shortest_path,400,,not_checked,,,new20x20,new_instances/20x20,new_instances/20x20,0.01,400,1000,1,9000,9001,10000,true,results/batch/fpp_new_instances_scaling_new20x20/splits/new20x20_seed20262929_train400_test1000_case2_train.csv,results/batch/fpp_new_instances_scaling_new20x20/splits/new20x20_seed20262929_train400_test1000_case2_test.csv,MeanCVaR,FPP-Branch-Benders-MeanCVaR-ProjectedPathLLBI-exp-RootCuts,FPP-Branch-Benders,,mean-cvar,0.9,0.5,path,exp,true,false,true,false,false,false,true,false,heuristic,0.10,eta-asc,true,true,100,100,1e-3,0,100000,1800,0.001,1,results/batch/fpp_new_instances_scaling_new20x20/splits,results/batch/fpp_new_instances_scaling_new20x20/workers/worker_002,results/batch/fpp_new_instances_scaling_new20x20/workers/worker_002/batch_results_worker_002.csv,results/batch/fpp_new_instances_scaling_new20x20/workers/worker_002/json/worker_002_task_011.json,results/batch/fpp_new_instances_scaling_new20x20/workers/worker_002/solutions,new20x20_case02_train400_test1000_alpha0p01_fpp_branch_benders_meancvar_projectedpathllbi_exp_rootcuts,run-fpp-branch-benders-oos
worker_003_task_000,worker_003,case03,3,20260529,20263929,20263929,new20x20,20x20,shortest_path,400,,not_checked,,,new20x20,new_instances/20x20,new_instances/20x20,0.01,400,1000,1,9000,9001,10000,true,results/batch/fpp_new_instances_scaling_new20x20/splits/new20x20_seed20263929_train400_test1000_case3_train.csv,results/batch/fpp_new_instances_scaling_new20x20/splits/new20x20_seed20263929_train400_test1000_case3_test.csv,MeanCVaR,FPP-SAA-MeanCVaR,FPP-SAA,fpp_base,mean-cvar,0.9,0.5,none,none,false,false,false,false,false,false,false,false,heuristic,0.10,eta-asc,true,true,100,100,1e-3,0,100000,1800,0.001,1,results/batch/fpp_new_instances_scaling_new20x20/splits,results/batch/fpp_new_instances_scaling_new20x20/workers/worker_003,results/batch/fpp_new_instances_scaling_new20x20/workers/worker_003/batch_results_worker_003.csv,results/batch/fpp_new_instances_scaling_new20x20/workers/worker_003/json/worker_003_task_000.json,results/batch/fpp_new_instances_scaling_new20x20/workers/worker_003/solutions,new20x20_case03_train400_test1000_alpha0p01_fpp_saa_meancvar,run-fpp-saa-oos
worker_003_task_001,worker_003,case03,3,20260529,20263929,20263929,new20x20,20x20,shortest_path,400,,not_checked,,,new20x20,new_instances/20x20,new_instances/20x20,0.01,400,1000,1,9000,9001,10000,true,results/batch/fpp_new_instances_scaling_new20x20/splits/new20x20_seed20263929_train400_test1000_case3_train.csv,results/batch/fpp_new_instances_scaling_new20x20/splits/new20x20_seed20263929_train400_test1000_case3_test.csv,Expected,FPP-Branch-Benders-LLBI-RootCuts,FPP-Branch-Benders,,expected,0.9,1.0,none,none,true,true,false,false,false,false,false,false,heuristic,0.10,eta-asc,true,true,100,100,1e-3,0,100000,1800,0.001,1,results/batch/fpp_new_instances_scaling_new20x20/splits,results/batch/fpp_new_instances_scaling_new20x20/workers/worker_003,results/batch/fpp_new_instances_scaling_new20x20/workers/worker_003/batch_results_worker_003.csv,results/batch/fpp_new_instances_scaling_new20x20/workers/worker_003/json/worker_003_task_001.json,results/batch/fpp_new_instances_scaling_new20x20/workers/worker_003/solutions,new20x20_case03_train400_test1000_alpha0p01_fpp_branch_benders_llbi_rootcuts,run-fpp-branch-benders-oos
worker_003_task_002,worker_003,case03,3,20260529,20263929,20263929,new20x20,20x20,shortest_path,400,,not_checked,,,new20x20,new_instances/20x20,new_instances/20x20,0.01,400,1000,1,9000,9001,10000,true,results/batch/fpp_new_instances_scaling_new20x20/splits/new20x20_seed20263929_train400_test1000_case3_train.csv,results/batch/fpp_new_instances_scaling_new20x20/splits/new20x20_seed20263929_train400_test1000_case3_test.csv,Expected,FPP-Branch-Benders-ProjectedCoverageLLBI-exp-RootCuts,FPP-Branch-Benders,,expected,0.9,1.0,coverage,exp,true,false,true,false,false,true,false,false,heuristic,0.10,eta-asc,true,true,100,100,1e-3,0,100000,1800,0.001,1,results/batch/fpp_new_instances_scaling_new20x20/splits,results/batch/fpp_new_instances_scaling_new20x20/workers/worker_003,results/batch/fpp_new_instances_scaling_new20x20/workers/worker_003/batch_results_worker_003.csv,results/batch/fpp_new_instances_scaling_new20x20/workers/worker_003/json/worker_003_task_002.json,results/batch/fpp_new_instances_scaling_new20x20/workers/worker_003/solutions,new20x20_case03_train400_test1000_alpha0p01_fpp_branch_benders_projectedcoveragellbi_exp_rootcuts,run-fpp-branch-benders-oos
worker_003_task_003,worker_003,case03,3,20260529,20263929,20263929,new20x20,20x20,shortest_path,400,,not_checked,,,new20x20,new_instances/20x20,new_instances/20x20,0.01,400,1000,1,9000,9001,10000,true,results/batch/fpp_new_instances_scaling_new20x20/splits/new20x20_seed20263929_train400_test1000_case3_train.csv,results/batch/fpp_new_instances_scaling_new20x20/splits/new20x20_seed20263929_train400_test1000_case3_test.csv,Expected,FPP-Branch-Benders-ProjectedPathLLBI-exp-RootCuts,FPP-Branch-Benders,,expected,0.9,1.0,path,exp,true,false,true,false,false,false,true,false,heuristic,0.10,eta-asc,true,true,100,100,1e-3,0,100000,1800,0.001,1,results/batch/fpp_new_instances_scaling_new20x20/splits,results/batch/fpp_new_instances_scaling_new20x20/workers/worker_003,results/batch/fpp_new_instances_scaling_new20x20/workers/worker_003/batch_results_worker_003.csv,results/batch/fpp_new_instances_scaling_new20x20/workers/worker_003/json/worker_003_task_003.json,results/batch/fpp_new_instances_scaling_new20x20/workers/worker_003/solutions,new20x20_case03_train400_test1000_alpha0p01_fpp_branch_benders_projectedpathllbi_exp_rootcuts,run-fpp-branch-benders-oos
worker_003_task_004,worker_003,case03,3,20260529,20263929,20263929,new20x20,20x20,shortest_path,400,,not_checked,,,new20x20,new_instances/20x20,new_instances/20x20,0.01,400,1000,1,9000,9001,10000,true,results/batch/fpp_new_instances_scaling_new20x20/splits/new20x20_seed20263929_train400_test1000_case3_train.csv,results/batch/fpp_new_instances_scaling_new20x20/splits/new20x20_seed20263929_train400_test1000_case3_test.csv,CVaR,FPP-Branch-Benders-CVaR-RootCuts,FPP-Branch-Benders,,cvar,0.9,1.0,none,none,true,false,false,false,false,false,false,false,heuristic,0.10,eta-asc,true,true,100,100,1e-3,0,100000,1800,0.001,1,results/batch/fpp_new_instances_scaling_new20x20/splits,results/batch/fpp_new_instances_scaling_new20x20/workers/worker_003,results/batch/fpp_new_instances_scaling_new20x20/workers/worker_003/batch_results_worker_003.csv,results/batch/fpp_new_instances_scaling_new20x20/workers/worker_003/json/worker_003_task_004.json,results/batch/fpp_new_instances_scaling_new20x20/workers/worker_003/solutions,new20x20_case03_train400_test1000_alpha0p01_fpp_branch_benders_cvar_rootcuts,run-fpp-branch-benders-oos
worker_003_task_005,worker_003,case03,3,20260529,20263929,20263929,new20x20,20x20,shortest_path,400,,not_checked,,,new20x20,new_instances/20x20,new_instances/20x20,0.01,400,1000,1,9000,9001,10000,true,results/batch/fpp_new_instances_scaling_new20x20/splits/new20x20_seed20263929_train400_test1000_case3_train.csv,results/batch/fpp_new_instances_scaling_new20x20/splits/new20x20_seed20263929_train400_test1000_case3_test.csv,CVaR,FPP-Branch-Benders-CVaR-LLBI-RootCuts,FPP-Branch-Benders,,cvar,0.9,1.0,none,none,true,true,false,false,false,false,false,false,heuristic,0.10,eta-asc,true,true,100,100,1e-3,0,100000,1800,0.001,1,results/batch/fpp_new_instances_scaling_new20x20/splits,results/batch/fpp_new_instances_scaling_new20x20/workers/worker_003,results/batch/fpp_new_instances_scaling_new20x20/workers/worker_003/batch_results_worker_003.csv,results/batch/fpp_new_instances_scaling_new20x20/workers/worker_003/json/worker_003_task_005.json,results/batch/fpp_new_instances_scaling_new20x20/workers/worker_003/solutions,new20x20_case03_train400_test1000_alpha0p01_fpp_branch_benders_cvar_llbi_rootcuts,run-fpp-branch-benders-oos
worker_003_task_006,worker_003,case03,3,20260529,20263929,20263929,new20x20,20x20,shortest_path,400,,not_checked,,,new20x20,new_instances/20x20,new_instances/20x20,0.01,400,1000,1,9000,9001,10000,true,results/batch/fpp_new_instances_scaling_new20x20/splits/new20x20_seed20263929_train400_test1000_case3_train.csv,results/batch/fpp_new_instances_scaling_new20x20/splits/new20x20_seed20263929_train400_test1000_case3_test.csv,CVaR,FPP-Branch-Benders-CVaR-ProjectedCoverageLLBI-exp-RootCuts,FPP-Branch-Benders,,cvar,0.9,1.0,coverage,exp,true,false,true,false,false,true,false,false,heuristic,0.10,eta-asc,true,true,100,100,1e-3,0,100000,1800,0.001,1,results/batch/fpp_new_instances_scaling_new20x20/splits,results/batch/fpp_new_instances_scaling_new20x20/workers/worker_003,results/batch/fpp_new_instances_scaling_new20x20/workers/worker_003/batch_results_worker_003.csv,results/batch/fpp_new_instances_scaling_new20x20/workers/worker_003/json/worker_003_task_006.json,results/batch/fpp_new_instances_scaling_new20x20/workers/worker_003/solutions,new20x20_case03_train400_test1000_alpha0p01_fpp_branch_benders_cvar_projectedcoveragellbi_exp_rootcuts,run-fpp-branch-benders-oos
worker_003_task_007,worker_003,case03,3,20260529,20263929,20263929,new20x20,20x20,shortest_path,400,,not_checked,,,new20x20,new_instances/20x20,new_instances/20x20,0.01,400,1000,1,9000,9001,10000,true,results/batch/fpp_new_instances_scaling_new20x20/splits/new20x20_seed20263929_train400_test1000_case3_train.csv,results/batch/fpp_new_instances_scaling_new20x20/splits/new20x20_seed20263929_train400_test1000_case3_test.csv,CVaR,FPP-Branch-Benders-CVaR-ProjectedPathLLBI-exp-RootCuts,FPP-Branch-Benders,,cvar,0.9,1.0,path,exp,true,false,true,false,false,false,true,false,heuristic,0.10,eta-asc,true,true,100,100,1e-3,0,100000,1800,0.001,1,results/batch/fpp_new_instances_scaling_new20x20/splits,results/batch/fpp_new_instances_scaling_new20x20/workers/worker_003,results/batch/fpp_new_instances_scaling_new20x20/workers/worker_003/batch_results_worker_003.csv,results/batch/fpp_new_instances_scaling_new20x20/workers/worker_003/json/worker_003_task_007.json,results/batch/fpp_new_instances_scaling_new20x20/workers/worker_003/solutions,new20x20_case03_train400_test1000_alpha0p01_fpp_branch_benders_cvar_projectedpathllbi_exp_rootcuts,run-fpp-branch-benders-oos
worker_003_task_008,worker_003,case03,3,20260529,20263929,20263929,new20x20,20x20,shortest_path,400,,not_checked,,,new20x20,new_instances/20x20,new_instances/20x20,0.01,400,1000,1,9000,9001,10000,true,results/batch/fpp_new_instances_scaling_new20x20/splits/new20x20_seed20263929_train400_test1000_case3_train.csv,results/batch/fpp_new_instances_scaling_new20x20/splits/new20x20_seed20263929_train400_test1000_case3_test.csv,MeanCVaR,FPP-Branch-Benders-MeanCVaR-RootCuts,FPP-Branch-Benders,,mean-cvar,0.9,0.5,none,none,true,false,false,false,false,false,false,false,heuristic,0.10,eta-asc,true,true,100,100,1e-3,0,100000,1800,0.001,1,results/batch/fpp_new_instances_scaling_new20x20/splits,results/batch/fpp_new_instances_scaling_new20x20/workers/worker_003,results/batch/fpp_new_instances_scaling_new20x20/workers/worker_003/batch_results_worker_003.csv,results/batch/fpp_new_instances_scaling_new20x20/workers/worker_003/json/worker_003_task_008.json,results/batch/fpp_new_instances_scaling_new20x20/workers/worker_003/solutions,new20x20_case03_train400_test1000_alpha0p01_fpp_branch_benders_meancvar_rootcuts,run-fpp-branch-benders-oos
worker_003_task_009,worker_003,case03,3,20260529,20263929,20263929,new20x20,20x20,shortest_path,400,,not_checked,,,new20x20,new_instances/20x20,new_instances/20x20,0.01,400,1000,1,9000,9001,10000,true,results/batch/fpp_new_instances_scaling_new20x20/splits/new20x20_seed20263929_train400_test1000_case3_train.csv,results/batch/fpp_new_instances_scaling_new20x20/splits/new20x20_seed20263929_train400_test1000_case3_test.csv,MeanCVaR,FPP-Branch-Benders-MeanCVaR-LLBI-RootCuts,FPP-Branch-Benders,,mean-cvar,0.9,0.5,none,none,true,true,false,false,false,false,false,false,heuristic,0.10,eta-asc,true,true,100,100,1e-3,0,100000,1800,0.001,1,results/batch/fpp_new_instances_scaling_new20x20/splits,results/batch/fpp_new_instances_scaling_new20x20/workers/worker_003,results/batch/fpp_new_instances_scaling_new20x20/workers/worker_003/batch_results_worker_003.csv,results/batch/fpp_new_instances_scaling_new20x20/workers/worker_003/json/worker_003_task_009.json,results/batch/fpp_new_instances_scaling_new20x20/workers/worker_003/solutions,new20x20_case03_train400_test1000_alpha0p01_fpp_branch_benders_meancvar_llbi_rootcuts,run-fpp-branch-benders-oos
worker_003_task_010,worker_003,case03,3,20260529,20263929,20263929,new20x20,20x20,shortest_path,400,,not_checked,,,new20x20,new_instances/20x20,new_instances/20x20,0.01,400,1000,1,9000,9001,10000,true,results/batch/fpp_new_instances_scaling_new20x20/splits/new20x20_seed20263929_train400_test1000_case3_train.csv,results/batch/fpp_new_instances_scaling_new20x20/splits/new20x20_seed20263929_train400_test1000_case3_test.csv,MeanCVaR,FPP-Branch-Benders-MeanCVaR-ProjectedCoverageLLBI-exp-RootCuts,FPP-Branch-Benders,,mean-cvar,0.9,0.5,coverage,exp,true,false,true,false,false,true,false,false,heuristic,0.10,eta-asc,true,true,100,100,1e-3,0,100000,1800,0.001,1,results/batch/fpp_new_instances_scaling_new20x20/splits,results/batch/fpp_new_instances_scaling_new20x20/workers/worker_003,results/batch/fpp_new_instances_scaling_new20x20/workers/worker_003/batch_results_worker_003.csv,results/batch/fpp_new_instances_scaling_new20x20/workers/worker_003/json/worker_003_task_010.json,results/batch/fpp_new_instances_scaling_new20x20/workers/worker_003/solutions,new20x20_case03_train400_test1000_alpha0p01_fpp_branch_benders_meancvar_projectedcoveragellbi_exp_rootcuts,run-fpp-branch-benders-oos
worker_003_task_011,worker_003,case03,3,20260529,20263929,20263929,new20x20,20x20,shortest_path,400,,not_checked,,,new20x20,new_instances/20x20,new_instances/20x20,0.01,400,1000,1,9000,9001,10000,true,results/batch/fpp_new_instances_scaling_new20x20/splits/new20x20_seed20263929_train400_test1000_case3_train.csv,results/batch/fpp_new_instances_scaling_new20x20/splits/new20x20_seed20263929_train400_test1000_case3_test.csv,MeanCVaR,FPP-Branch-Benders-MeanCVaR-ProjectedPathLLBI-exp-RootCuts,FPP-Branch-Benders,,mean-cvar,0.9,0.5,path,exp,true,false,true,false,false,false,true,false,heuristic,0.10,eta-asc,true,true,100,100,1e-3,0,100000,1800,0.001,1,results/batch/fpp_new_instances_scaling_new20x20/splits,results/batch/fpp_new_instances_scaling_new20x20/workers/worker_003,results/batch/fpp_new_instances_scaling_new20x20/workers/worker_003/batch_results_worker_003.csv,results/batch/fpp_new_instances_scaling_new20x20/workers/worker_003/json/worker_003_task_011.json,results/batch/fpp_new_instances_scaling_new20x20/workers/worker_003/solutions,new20x20_case03_train400_test1000_alpha0p01_fpp_branch_benders_meancvar_projectedpathllbi_exp_rootcuts,run-fpp-branch-benders-oos
worker_004_task_000,worker_004,case04,4,20260529,20264929,20264929,new20x20,20x20,shortest_path,400,,not_checked,,,new20x20,new_instances/20x20,new_instances/20x20,0.01,400,1000,1,9000,9001,10000,true,results/batch/fpp_new_instances_scaling_new20x20/splits/new20x20_seed20264929_train400_test1000_case4_train.csv,results/batch/fpp_new_instances_scaling_new20x20/splits/new20x20_seed20264929_train400_test1000_case4_test.csv,MeanCVaR,FPP-SAA-MeanCVaR,FPP-SAA,fpp_base,mean-cvar,0.9,0.5,none,none,false,false,false,false,false,false,false,false,heuristic,0.10,eta-asc,true,true,100,100,1e-3,0,100000,1800,0.001,1,results/batch/fpp_new_instances_scaling_new20x20/splits,results/batch/fpp_new_instances_scaling_new20x20/workers/worker_004,results/batch/fpp_new_instances_scaling_new20x20/workers/worker_004/batch_results_worker_004.csv,results/batch/fpp_new_instances_scaling_new20x20/workers/worker_004/json/worker_004_task_000.json,results/batch/fpp_new_instances_scaling_new20x20/workers/worker_004/solutions,new20x20_case04_train400_test1000_alpha0p01_fpp_saa_meancvar,run-fpp-saa-oos
worker_004_task_001,worker_004,case04,4,20260529,20264929,20264929,new20x20,20x20,shortest_path,400,,not_checked,,,new20x20,new_instances/20x20,new_instances/20x20,0.01,400,1000,1,9000,9001,10000,true,results/batch/fpp_new_instances_scaling_new20x20/splits/new20x20_seed20264929_train400_test1000_case4_train.csv,results/batch/fpp_new_instances_scaling_new20x20/splits/new20x20_seed20264929_train400_test1000_case4_test.csv,Expected,FPP-Branch-Benders-LLBI-RootCuts,FPP-Branch-Benders,,expected,0.9,1.0,none,none,true,true,false,false,false,false,false,false,heuristic,0.10,eta-asc,true,true,100,100,1e-3,0,100000,1800,0.001,1,results/batch/fpp_new_instances_scaling_new20x20/splits,results/batch/fpp_new_instances_scaling_new20x20/workers/worker_004,results/batch/fpp_new_instances_scaling_new20x20/workers/worker_004/batch_results_worker_004.csv,results/batch/fpp_new_instances_scaling_new20x20/workers/worker_004/json/worker_004_task_001.json,results/batch/fpp_new_instances_scaling_new20x20/workers/worker_004/solutions,new20x20_case04_train400_test1000_alpha0p01_fpp_branch_benders_llbi_rootcuts,run-fpp-branch-benders-oos
worker_004_task_002,worker_004,case04,4,20260529,20264929,20264929,new20x20,20x20,shortest_path,400,,not_checked,,,new20x20,new_instances/20x20,new_instances/20x20,0.01,400,1000,1,9000,9001,10000,true,results/batch/fpp_new_instances_scaling_new20x20/splits/new20x20_seed20264929_train400_test1000_case4_train.csv,results/batch/fpp_new_instances_scaling_new20x20/splits/new20x20_seed20264929_train400_test1000_case4_test.csv,Expected,FPP-Branch-Benders-ProjectedCoverageLLBI-exp-RootCuts,FPP-Branch-Benders,,expected,0.9,1.0,coverage,exp,true,false,true,false,false,true,false,false,heuristic,0.10,eta-asc,true,true,100,100,1e-3,0,100000,1800,0.001,1,results/batch/fpp_new_instances_scaling_new20x20/splits,results/batch/fpp_new_instances_scaling_new20x20/workers/worker_004,results/batch/fpp_new_instances_scaling_new20x20/workers/worker_004/batch_results_worker_004.csv,results/batch/fpp_new_instances_scaling_new20x20/workers/worker_004/json/worker_004_task_002.json,results/batch/fpp_new_instances_scaling_new20x20/workers/worker_004/solutions,new20x20_case04_train400_test1000_alpha0p01_fpp_branch_benders_projectedcoveragellbi_exp_rootcuts,run-fpp-branch-benders-oos
worker_004_task_003,worker_004,case04,4,20260529,20264929,20264929,new20x20,20x20,shortest_path,400,,not_checked,,,new20x20,new_instances/20x20,new_instances/20x20,0.01,400,1000,1,9000,9001,10000,true,results/batch/fpp_new_instances_scaling_new20x20/splits/new20x20_seed20264929_train400_test1000_case4_train.csv,results/batch/fpp_new_instances_scaling_new20x20/splits/new20x20_seed20264929_train400_test1000_case4_test.csv,Expected,FPP-Branch-Benders-ProjectedPathLLBI-exp-RootCuts,FPP-Branch-Benders,,expected,0.9,1.0,path,exp,true,false,true,false,false,false,true,false,heuristic,0.10,eta-asc,true,true,100,100,1e-3,0,100000,1800,0.001,1,results/batch/fpp_new_instances_scaling_new20x20/splits,results/batch/fpp_new_instances_scaling_new20x20/workers/worker_004,results/batch/fpp_new_instances_scaling_new20x20/workers/worker_004/batch_results_worker_004.csv,results/batch/fpp_new_instances_scaling_new20x20/workers/worker_004/json/worker_004_task_003.json,results/batch/fpp_new_instances_scaling_new20x20/workers/worker_004/solutions,new20x20_case04_train400_test1000_alpha0p01_fpp_branch_benders_projectedpathllbi_exp_rootcuts,run-fpp-branch-benders-oos
worker_004_task_004,worker_004,case04,4,20260529,20264929,20264929,new20x20,20x20,shortest_path,400,,not_checked,,,new20x20,new_instances/20x20,new_instances/20x20,0.01,400,1000,1,9000,9001,10000,true,results/batch/fpp_new_instances_scaling_new20x20/splits/new20x20_seed20264929_train400_test1000_case4_train.csv,results/batch/fpp_new_instances_scaling_new20x20/splits/new20x20_seed20264929_train400_test1000_case4_test.csv,CVaR,FPP-Branch-Benders-CVaR-RootCuts,FPP-Branch-Benders,,cvar,0.9,1.0,none,none,true,false,false,false,false,false,false,false,heuristic,0.10,eta-asc,true,true,100,100,1e-3,0,100000,1800,0.001,1,results/batch/fpp_new_instances_scaling_new20x20/splits,results/batch/fpp_new_instances_scaling_new20x20/workers/worker_004,results/batch/fpp_new_instances_scaling_new20x20/workers/worker_004/batch_results_worker_004.csv,results/batch/fpp_new_instances_scaling_new20x20/workers/worker_004/json/worker_004_task_004.json,results/batch/fpp_new_instances_scaling_new20x20/workers/worker_004/solutions,new20x20_case04_train400_test1000_alpha0p01_fpp_branch_benders_cvar_rootcuts,run-fpp-branch-benders-oos
worker_004_task_005,worker_004,case04,4,20260529,20264929,20264929,new20x20,20x20,shortest_path,400,,not_checked,,,new20x20,new_instances/20x20,new_instances/20x20,0.01,400,1000,1,9000,9001,10000,true,results/batch/fpp_new_instances_scaling_new20x20/splits/new20x20_seed20264929_train400_test1000_case4_train.csv,results/batch/fpp_new_instances_scaling_new20x20/splits/new20x20_seed20264929_train400_test1000_case4_test.csv,CVaR,FPP-Branch-Benders-CVaR-LLBI-RootCuts,FPP-Branch-Benders,,cvar,0.9,1.0,none,none,true,true,false,false,false,false,false,false,heuristic,0.10,eta-asc,true,true,100,100,1e-3,0,100000,1800,0.001,1,results/batch/fpp_new_instances_scaling_new20x20/splits,results/batch/fpp_new_instances_scaling_new20x20/workers/worker_004,results/batch/fpp_new_instances_scaling_new20x20/workers/worker_004/batch_results_worker_004.csv,results/batch/fpp_new_instances_scaling_new20x20/workers/worker_004/json/worker_004_task_005.json,results/batch/fpp_new_instances_scaling_new20x20/workers/worker_004/solutions,new20x20_case04_train400_test1000_alpha0p01_fpp_branch_benders_cvar_llbi_rootcuts,run-fpp-branch-benders-oos
worker_004_task_006,worker_004,case04,4,20260529,20264929,20264929,new20x20,20x20,shortest_path,400,,not_checked,,,new20x20,new_instances/20x20,new_instances/20x20,0.01,400,1000,1,9000,9001,10000,true,results/batch/fpp_new_instances_scaling_new20x20/splits/new20x20_seed20264929_train400_test1000_case4_train.csv,results/batch/fpp_new_instances_scaling_new20x20/splits/new20x20_seed20264929_train400_test1000_case4_test.csv,CVaR,FPP-Branch-Benders-CVaR-ProjectedCoverageLLBI-exp-RootCuts,FPP-Branch-Benders,,cvar,0.9,1.0,coverage,exp,true,false,true,false,false,true,false,false,heuristic,0.10,eta-asc,true,true,100,100,1e-3,0,100000,1800,0.001,1,results/batch/fpp_new_instances_scaling_new20x20/splits,results/batch/fpp_new_instances_scaling_new20x20/workers/worker_004,results/batch/fpp_new_instances_scaling_new20x20/workers/worker_004/batch_results_worker_004.csv,results/batch/fpp_new_instances_scaling_new20x20/workers/worker_004/json/worker_004_task_006.json,results/batch/fpp_new_instances_scaling_new20x20/workers/worker_004/solutions,new20x20_case04_train400_test1000_alpha0p01_fpp_branch_benders_cvar_projectedcoveragellbi_exp_rootcuts,run-fpp-branch-benders-oos
worker_004_task_007,worker_004,case04,4,20260529,20264929,20264929,new20x20,20x20,shortest_path,400,,not_checked,,,new20x20,new_instances/20x20,new_instances/20x20,0.01,400,1000,1,9000,9001,10000,true,results/batch/fpp_new_instances_scaling_new20x20/splits/new20x20_seed20264929_train400_test1000_case4_train.csv,results/batch/fpp_new_instances_scaling_new20x20/splits/new20x20_seed20264929_train400_test1000_case4_test.csv,CVaR,FPP-Branch-Benders-CVaR-ProjectedPathLLBI-exp-RootCuts,FPP-Branch-Benders,,cvar,0.9,1.0,path,exp,true,false,true,false,false,false,true,false,heuristic,0.10,eta-asc,true,true,100,100,1e-3,0,100000,1800,0.001,1,results/batch/fpp_new_instances_scaling_new20x20/splits,results/batch/fpp_new_instances_scaling_new20x20/workers/worker_004,results/batch/fpp_new_instances_scaling_new20x20/workers/worker_004/batch_results_worker_004.csv,results/batch/fpp_new_instances_scaling_new20x20/workers/worker_004/json/worker_004_task_007.json,results/batch/fpp_new_instances_scaling_new20x20/workers/worker_004/solutions,new20x20_case04_train400_test1000_alpha0p01_fpp_branch_benders_cvar_projectedpathllbi_exp_rootcuts,run-fpp-branch-benders-oos
worker_004_task_008,worker_004,case04,4,20260529,20264929,20264929,new20x20,20x20,shortest_path,400,,not_checked,,,new20x20,new_instances/20x20,new_instances/20x20,0.01,400,1000,1,9000,9001,10000,true,results/batch/fpp_new_instances_scaling_new20x20/splits/new20x20_seed20264929_train400_test1000_case4_train.csv,results/batch/fpp_new_instances_scaling_new20x20/splits/new20x20_seed20264929_train400_test1000_case4_test.csv,MeanCVaR,FPP-Branch-Benders-MeanCVaR-RootCuts,FPP-Branch-Benders,,mean-cvar,0.9,0.5,none,none,true,false,false,false,false,false,false,false,heuristic,0.10,eta-asc,true,true,100,100,1e-3,0,100000,1800,0.001,1,results/batch/fpp_new_instances_scaling_new20x20/splits,results/batch/fpp_new_instances_scaling_new20x20/workers/worker_004,results/batch/fpp_new_instances_scaling_new20x20/workers/worker_004/batch_results_worker_004.csv,results/batch/fpp_new_instances_scaling_new20x20/workers/worker_004/json/worker_004_task_008.json,results/batch/fpp_new_instances_scaling_new20x20/workers/worker_004/solutions,new20x20_case04_train400_test1000_alpha0p01_fpp_branch_benders_meancvar_rootcuts,run-fpp-branch-benders-oos
worker_004_task_009,worker_004,case04,4,20260529,20264929,20264929,new20x20,20x20,shortest_path,400,,not_checked,,,new20x20,new_instances/20x20,new_instances/20x20,0.01,400,1000,1,9000,9001,10000,true,results/batch/fpp_new_instances_scaling_new20x20/splits/new20x20_seed20264929_train400_test1000_case4_train.csv,results/batch/fpp_new_instances_scaling_new20x20/splits/new20x20_seed20264929_train400_test1000_case4_test.csv,MeanCVaR,FPP-Branch-Benders-MeanCVaR-LLBI-RootCuts,FPP-Branch-Benders,,mean-cvar,0.9,0.5,none,none,true,true,false,false,false,false,false,false,heuristic,0.10,eta-asc,true,true,100,100,1e-3,0,100000,1800,0.001,1,results/batch/fpp_new_instances_scaling_new20x20/splits,results/batch/fpp_new_instances_scaling_new20x20/workers/worker_004,results/batch/fpp_new_instances_scaling_new20x20/workers/worker_004/batch_results_worker_004.csv,results/batch/fpp_new_instances_scaling_new20x20/workers/worker_004/json/worker_004_task_009.json,results/batch/fpp_new_instances_scaling_new20x20/workers/worker_004/solutions,new20x20_case04_train400_test1000_alpha0p01_fpp_branch_benders_meancvar_llbi_rootcuts,run-fpp-branch-benders-oos
worker_004_task_010,worker_004,case04,4,20260529,20264929,20264929,new20x20,20x20,shortest_path,400,,not_checked,,,new20x20,new_instances/20x20,new_instances/20x20,0.01,400,1000,1,9000,9001,10000,true,results/batch/fpp_new_instances_scaling_new20x20/splits/new20x20_seed20264929_train400_test1000_case4_train.csv,results/batch/fpp_new_instances_scaling_new20x20/splits/new20x20_seed20264929_train400_test1000_case4_test.csv,MeanCVaR,FPP-Branch-Benders-MeanCVaR-ProjectedCoverageLLBI-exp-RootCuts,FPP-Branch-Benders,,mean-cvar,0.9,0.5,coverage,exp,true,false,true,false,false,true,false,false,heuristic,0.10,eta-asc,true,true,100,100,1e-3,0,100000,1800,0.001,1,results/batch/fpp_new_instances_scaling_new20x20/splits,results/batch/fpp_new_instances_scaling_new20x20/workers/worker_004,results/batch/fpp_new_instances_scaling_new20x20/workers/worker_004/batch_results_worker_004.csv,results/batch/fpp_new_instances_scaling_new20x20/workers/worker_004/json/worker_004_task_010.json,results/batch/fpp_new_instances_scaling_new20x20/workers/worker_004/solutions,new20x20_case04_train400_test1000_alpha0p01_fpp_branch_benders_meancvar_projectedcoveragellbi_exp_rootcuts,run-fpp-branch-benders-oos
worker_004_task_011,worker_004,case04,4,20260529,20264929,20264929,new20x20,20x20,shortest_path,400,,not_checked,,,new20x20,new_instances/20x20,new_instances/20x20,0.01,400,1000,1,9000,9001,10000,true,results/batch/fpp_new_instances_scaling_new20x20/splits/new20x20_seed20264929_train400_test1000_case4_train.csv,results/batch/fpp_new_instances_scaling_new20x20/splits/new20x20_seed20264929_train400_test1000_case4_test.csv,MeanCVaR,FPP-Branch-Benders-MeanCVaR-ProjectedPathLLBI-exp-RootCuts,FPP-Branch-Benders,,mean-cvar,0.9,0.5,path,exp,true,false,true,false,false,false,true,false,heuristic,0.10,eta-asc,true,true,100,100,1e-3,0,100000,1800,0.001,1,results/batch/fpp_new_instances_scaling_new20x20/splits,results/batch/fpp_new_instances_scaling_new20x20/workers/worker_004,results/batch/fpp_new_instances_scaling_new20x20/workers/worker_004/batch_results_worker_004.csv,results/batch/fpp_new_instances_scaling_new20x20/workers/worker_004/json/worker_004_task_011.json,results/batch/fpp_new_instances_scaling_new20x20/workers/worker_004/solutions,new20x20_case04_train400_test1000_alpha0p01_fpp_branch_benders_meancvar_projectedpathllbi_exp_rootcuts,run-fpp-branch-benders-oos
worker_005_task_000,worker_005,case05,5,20260529,20265929,20265929,new20x20,20x20,shortest_path,400,,not_checked,,,new20x20,new_instances/20x20,new_instances/20x20,0.01,400,1000,1,9000,9001,10000,true,results/batch/fpp_new_instances_scaling_new20x20/splits/new20x20_seed20265929_train400_test1000_case5_train.csv,results/batch/fpp_new_instances_scaling_new20x20/splits/new20x20_seed20265929_train400_test1000_case5_test.csv,MeanCVaR,FPP-SAA-MeanCVaR,FPP-SAA,fpp_base,mean-cvar,0.9,0.5,none,none,false,false,false,false,false,false,false,false,heuristic,0.10,eta-asc,true,true,100,100,1e-3,0,100000,1800,0.001,1,results/batch/fpp_new_instances_scaling_new20x20/splits,results/batch/fpp_new_instances_scaling_new20x20/workers/worker_005,results/batch/fpp_new_instances_scaling_new20x20/workers/worker_005/batch_results_worker_005.csv,results/batch/fpp_new_instances_scaling_new20x20/workers/worker_005/json/worker_005_task_000.json,results/batch/fpp_new_instances_scaling_new20x20/workers/worker_005/solutions,new20x20_case05_train400_test1000_alpha0p01_fpp_saa_meancvar,run-fpp-saa-oos
worker_005_task_001,worker_005,case05,5,20260529,20265929,20265929,new20x20,20x20,shortest_path,400,,not_checked,,,new20x20,new_instances/20x20,new_instances/20x20,0.01,400,1000,1,9000,9001,10000,true,results/batch/fpp_new_instances_scaling_new20x20/splits/new20x20_seed20265929_train400_test1000_case5_train.csv,results/batch/fpp_new_instances_scaling_new20x20/splits/new20x20_seed20265929_train400_test1000_case5_test.csv,Expected,FPP-Branch-Benders-LLBI-RootCuts,FPP-Branch-Benders,,expected,0.9,1.0,none,none,true,true,false,false,false,false,false,false,heuristic,0.10,eta-asc,true,true,100,100,1e-3,0,100000,1800,0.001,1,results/batch/fpp_new_instances_scaling_new20x20/splits,results/batch/fpp_new_instances_scaling_new20x20/workers/worker_005,results/batch/fpp_new_instances_scaling_new20x20/workers/worker_005/batch_results_worker_005.csv,results/batch/fpp_new_instances_scaling_new20x20/workers/worker_005/json/worker_005_task_001.json,results/batch/fpp_new_instances_scaling_new20x20/workers/worker_005/solutions,new20x20_case05_train400_test1000_alpha0p01_fpp_branch_benders_llbi_rootcuts,run-fpp-branch-benders-oos
worker_005_task_002,worker_005,case05,5,20260529,20265929,20265929,new20x20,20x20,shortest_path,400,,not_checked,,,new20x20,new_instances/20x20,new_instances/20x20,0.01,400,1000,1,9000,9001,10000,true,results/batch/fpp_new_instances_scaling_new20x20/splits/new20x20_seed20265929_train400_test1000_case5_train.csv,results/batch/fpp_new_instances_scaling_new20x20/splits/new20x20_seed20265929_train400_test1000_case5_test.csv,Expected,FPP-Branch-Benders-ProjectedCoverageLLBI-exp-RootCuts,FPP-Branch-Benders,,expected,0.9,1.0,coverage,exp,true,false,true,false,false,true,false,false,heuristic,0.10,eta-asc,true,true,100,100,1e-3,0,100000,1800,0.001,1,results/batch/fpp_new_instances_scaling_new20x20/splits,results/batch/fpp_new_instances_scaling_new20x20/workers/worker_005,results/batch/fpp_new_instances_scaling_new20x20/workers/worker_005/batch_results_worker_005.csv,results/batch/fpp_new_instances_scaling_new20x20/workers/worker_005/json/worker_005_task_002.json,results/batch/fpp_new_instances_scaling_new20x20/workers/worker_005/solutions,new20x20_case05_train400_test1000_alpha0p01_fpp_branch_benders_projectedcoveragellbi_exp_rootcuts,run-fpp-branch-benders-oos
worker_005_task_003,worker_005,case05,5,20260529,20265929,20265929,new20x20,20x20,shortest_path,400,,not_checked,,,new20x20,new_instances/20x20,new_instances/20x20,0.01,400,1000,1,9000,9001,10000,true,results/batch/fpp_new_instances_scaling_new20x20/splits/new20x20_seed20265929_train400_test1000_case5_train.csv,results/batch/fpp_new_instances_scaling_new20x20/splits/new20x20_seed20265929_train400_test1000_case5_test.csv,Expected,FPP-Branch-Benders-ProjectedPathLLBI-exp-RootCuts,FPP-Branch-Benders,,expected,0.9,1.0,path,exp,true,false,true,false,false,false,true,false,heuristic,0.10,eta-asc,true,true,100,100,1e-3,0,100000,1800,0.001,1,results/batch/fpp_new_instances_scaling_new20x20/splits,results/batch/fpp_new_instances_scaling_new20x20/workers/worker_005,results/batch/fpp_new_instances_scaling_new20x20/workers/worker_005/batch_results_worker_005.csv,results/batch/fpp_new_instances_scaling_new20x20/workers/worker_005/json/worker_005_task_003.json,results/batch/fpp_new_instances_scaling_new20x20/workers/worker_005/solutions,new20x20_case05_train400_test1000_alpha0p01_fpp_branch_benders_projectedpathllbi_exp_rootcuts,run-fpp-branch-benders-oos
worker_005_task_004,worker_005,case05,5,20260529,20265929,20265929,new20x20,20x20,shortest_path,400,,not_checked,,,new20x20,new_instances/20x20,new_instances/20x20,0.01,400,1000,1,9000,9001,10000,true,results/batch/fpp_new_instances_scaling_new20x20/splits/new20x20_seed20265929_train400_test1000_case5_train.csv,results/batch/fpp_new_instances_scaling_new20x20/splits/new20x20_seed20265929_train400_test1000_case5_test.csv,CVaR,FPP-Branch-Benders-CVaR-RootCuts,FPP-Branch-Benders,,cvar,0.9,1.0,none,none,true,false,false,false,false,false,false,false,heuristic,0.10,eta-asc,true,true,100,100,1e-3,0,100000,1800,0.001,1,results/batch/fpp_new_instances_scaling_new20x20/splits,results/batch/fpp_new_instances_scaling_new20x20/workers/worker_005,results/batch/fpp_new_instances_scaling_new20x20/workers/worker_005/batch_results_worker_005.csv,results/batch/fpp_new_instances_scaling_new20x20/workers/worker_005/json/worker_005_task_004.json,results/batch/fpp_new_instances_scaling_new20x20/workers/worker_005/solutions,new20x20_case05_train400_test1000_alpha0p01_fpp_branch_benders_cvar_rootcuts,run-fpp-branch-benders-oos
worker_005_task_005,worker_005,case05,5,20260529,20265929,20265929,new20x20,20x20,shortest_path,400,,not_checked,,,new20x20,new_instances/20x20,new_instances/20x20,0.01,400,1000,1,9000,9001,10000,true,results/batch/fpp_new_instances_scaling_new20x20/splits/new20x20_seed20265929_train400_test1000_case5_train.csv,results/batch/fpp_new_instances_scaling_new20x20/splits/new20x20_seed20265929_train400_test1000_case5_test.csv,CVaR,FPP-Branch-Benders-CVaR-LLBI-RootCuts,FPP-Branch-Benders,,cvar,0.9,1.0,none,none,true,true,false,false,false,false,false,false,heuristic,0.10,eta-asc,true,true,100,100,1e-3,0,100000,1800,0.001,1,results/batch/fpp_new_instances_scaling_new20x20/splits,results/batch/fpp_new_instances_scaling_new20x20/workers/worker_005,results/batch/fpp_new_instances_scaling_new20x20/workers/worker_005/batch_results_worker_005.csv,results/batch/fpp_new_instances_scaling_new20x20/workers/worker_005/json/worker_005_task_005.json,results/batch/fpp_new_instances_scaling_new20x20/workers/worker_005/solutions,new20x20_case05_train400_test1000_alpha0p01_fpp_branch_benders_cvar_llbi_rootcuts,run-fpp-branch-benders-oos
worker_005_task_006,worker_005,case05,5,20260529,20265929,20265929,new20x20,20x20,shortest_path,400,,not_checked,,,new20x20,new_instances/20x20,new_instances/20x20,0.01,400,1000,1,9000,9001,10000,true,results/batch/fpp_new_instances_scaling_new20x20/splits/new20x20_seed20265929_train400_test1000_case5_train.csv,results/batch/fpp_new_instances_scaling_new20x20/splits/new20x20_seed20265929_train400_test1000_case5_test.csv,CVaR,FPP-Branch-Benders-CVaR-ProjectedCoverageLLBI-exp-RootCuts,FPP-Branch-Benders,,cvar,0.9,1.0,coverage,exp,true,false,true,false,false,true,false,false,heuristic,0.10,eta-asc,true,true,100,100,1e-3,0,100000,1800,0.001,1,results/batch/fpp_new_instances_scaling_new20x20/splits,results/batch/fpp_new_instances_scaling_new20x20/workers/worker_005,results/batch/fpp_new_instances_scaling_new20x20/workers/worker_005/batch_results_worker_005.csv,results/batch/fpp_new_instances_scaling_new20x20/workers/worker_005/json/worker_005_task_006.json,results/batch/fpp_new_instances_scaling_new20x20/workers/worker_005/solutions,new20x20_case05_train400_test1000_alpha0p01_fpp_branch_benders_cvar_projectedcoveragellbi_exp_rootcuts,run-fpp-branch-benders-oos
worker_005_task_007,worker_005,case05,5,20260529,20265929,20265929,new20x20,20x20,shortest_path,400,,not_checked,,,new20x20,new_instances/20x20,new_instances/20x20,0.01,400,1000,1,9000,9001,10000,true,results/batch/fpp_new_instances_scaling_new20x20/splits/new20x20_seed20265929_train400_test1000_case5_train.csv,results/batch/fpp_new_instances_scaling_new20x20/splits/new20x20_seed20265929_train400_test1000_case5_test.csv,CVaR,FPP-Branch-Benders-CVaR-ProjectedPathLLBI-exp-RootCuts,FPP-Branch-Benders,,cvar,0.9,1.0,path,exp,true,false,true,false,false,false,true,false,heuristic,0.10,eta-asc,true,true,100,100,1e-3,0,100000,1800,0.001,1,results/batch/fpp_new_instances_scaling_new20x20/splits,results/batch/fpp_new_instances_scaling_new20x20/workers/worker_005,results/batch/fpp_new_instances_scaling_new20x20/workers/worker_005/batch_results_worker_005.csv,results/batch/fpp_new_instances_scaling_new20x20/workers/worker_005/json/worker_005_task_007.json,results/batch/fpp_new_instances_scaling_new20x20/workers/worker_005/solutions,new20x20_case05_train400_test1000_alpha0p01_fpp_branch_benders_cvar_projectedpathllbi_exp_rootcuts,run-fpp-branch-benders-oos
worker_005_task_008,worker_005,case05,5,20260529,20265929,20265929,new20x20,20x20,shortest_path,400,,not_checked,,,new20x20,new_instances/20x20,new_instances/20x20,0.01,400,1000,1,9000,9001,10000,true,results/batch/fpp_new_instances_scaling_new20x20/splits/new20x20_seed20265929_train400_test1000_case5_train.csv,results/batch/fpp_new_instances_scaling_new20x20/splits/new20x20_seed20265929_train400_test1000_case5_test.csv,MeanCVaR,FPP-Branch-Benders-MeanCVaR-RootCuts,FPP-Branch-Benders,,mean-cvar,0.9,0.5,none,none,true,false,false,false,false,false,false,false,heuristic,0.10,eta-asc,true,true,100,100,1e-3,0,100000,1800,0.001,1,results/batch/fpp_new_instances_scaling_new20x20/splits,results/batch/fpp_new_instances_scaling_new20x20/workers/worker_005,results/batch/fpp_new_instances_scaling_new20x20/workers/worker_005/batch_results_worker_005.csv,results/batch/fpp_new_instances_scaling_new20x20/workers/worker_005/json/worker_005_task_008.json,results/batch/fpp_new_instances_scaling_new20x20/workers/worker_005/solutions,new20x20_case05_train400_test1000_alpha0p01_fpp_branch_benders_meancvar_rootcuts,run-fpp-branch-benders-oos
worker_005_task_009,worker_005,case05,5,20260529,20265929,20265929,new20x20,20x20,shortest_path,400,,not_checked,,,new20x20,new_instances/20x20,new_instances/20x20,0.01,400,1000,1,9000,9001,10000,true,results/batch/fpp_new_instances_scaling_new20x20/splits/new20x20_seed20265929_train400_test1000_case5_train.csv,results/batch/fpp_new_instances_scaling_new20x20/splits/new20x20_seed20265929_train400_test1000_case5_test.csv,MeanCVaR,FPP-Branch-Benders-MeanCVaR-LLBI-RootCuts,FPP-Branch-Benders,,mean-cvar,0.9,0.5,none,none,true,true,false,false,false,false,false,false,heuristic,0.10,eta-asc,true,true,100,100,1e-3,0,100000,1800,0.001,1,results/batch/fpp_new_instances_scaling_new20x20/splits,results/batch/fpp_new_instances_scaling_new20x20/workers/worker_005,results/batch/fpp_new_instances_scaling_new20x20/workers/worker_005/batch_results_worker_005.csv,results/batch/fpp_new_instances_scaling_new20x20/workers/worker_005/json/worker_005_task_009.json,results/batch/fpp_new_instances_scaling_new20x20/workers/worker_005/solutions,new20x20_case05_train400_test1000_alpha0p01_fpp_branch_benders_meancvar_llbi_rootcuts,run-fpp-branch-benders-oos
worker_005_task_010,worker_005,case05,5,20260529,20265929,20265929,new20x20,20x20,shortest_path,400,,not_checked,,,new20x20,new_instances/20x20,new_instances/20x20,0.01,400,1000,1,9000,9001,10000,true,results/batch/fpp_new_instances_scaling_new20x20/splits/new20x20_seed20265929_train400_test1000_case5_train.csv,results/batch/fpp_new_instances_scaling_new20x20/splits/new20x20_seed20265929_train400_test1000_case5_test.csv,MeanCVaR,FPP-Branch-Benders-MeanCVaR-ProjectedCoverageLLBI-exp-RootCuts,FPP-Branch-Benders,,mean-cvar,0.9,0.5,coverage,exp,true,false,true,false,false,true,false,false,heuristic,0.10,eta-asc,true,true,100,100,1e-3,0,100000,1800,0.001,1,results/batch/fpp_new_instances_scaling_new20x20/splits,results/batch/fpp_new_instances_scaling_new20x20/workers/worker_005,results/batch/fpp_new_instances_scaling_new20x20/workers/worker_005/batch_results_worker_005.csv,results/batch/fpp_new_instances_scaling_new20x20/workers/worker_005/json/worker_005_task_010.json,results/batch/fpp_new_instances_scaling_new20x20/workers/worker_005/solutions,new20x20_case05_train400_test1000_alpha0p01_fpp_branch_benders_meancvar_projectedcoveragellbi_exp_rootcuts,run-fpp-branch-benders-oos
worker_005_task_011,worker_005,case05,5,20260529,20265929,20265929,new20x20,20x20,shortest_path,400,,not_checked,,,new20x20,new_instances/20x20,new_instances/20x20,0.01,400,1000,1,9000,9001,10000,true,results/batch/fpp_new_instances_scaling_new20x20/splits/new20x20_seed20265929_train400_test1000_case5_train.csv,results/batch/fpp_new_instances_scaling_new20x20/splits/new20x20_seed20265929_train400_test1000_case5_test.csv,MeanCVaR,FPP-Branch-Benders-MeanCVaR-ProjectedPathLLBI-exp-RootCuts,FPP-Branch-Benders,,mean-cvar,0.9,0.5,path,exp,true,false,true,false,false,false,true,false,heuristic,0.10,eta-asc,true,true,100,100,1e-3,0,100000,1800,0.001,1,results/batch/fpp_new_instances_scaling_new20x20/splits,results/batch/fpp_new_instances_scaling_new20x20/workers/worker_005,results/batch/fpp_new_instances_scaling_new20x20/workers/worker_005/batch_results_worker_005.csv,results/batch/fpp_new_instances_scaling_new20x20/workers/worker_005/json/worker_005_task_011.json,results/batch/fpp_new_instances_scaling_new20x20/workers/worker_005/solutions,new20x20_case05_train400_test1000_alpha0p01_fpp_branch_benders_meancvar_projectedpathllbi_exp_rootcuts,run-fpp-branch-benders-oos
worker_006_task_000,worker_006,case06,6,20260529,20266929,20266929,new20x20,20x20,shortest_path,400,,not_checked,,,new20x20,new_instances/20x20,new_instances/20x20,0.01,400,1000,1,9000,9001,10000,true,results/batch/fpp_new_instances_scaling_new20x20/splits/new20x20_seed20266929_train400_test1000_case6_train.csv,results/batch/fpp_new_instances_scaling_new20x20/splits/new20x20_seed20266929_train400_test1000_case6_test.csv,MeanCVaR,FPP-SAA-MeanCVaR,FPP-SAA,fpp_base,mean-cvar,0.9,0.5,none,none,false,false,false,false,false,false,false,false,heuristic,0.10,eta-asc,true,true,100,100,1e-3,0,100000,1800,0.001,1,results/batch/fpp_new_instances_scaling_new20x20/splits,results/batch/fpp_new_instances_scaling_new20x20/workers/worker_006,results/batch/fpp_new_instances_scaling_new20x20/workers/worker_006/batch_results_worker_006.csv,results/batch/fpp_new_instances_scaling_new20x20/workers/worker_006/json/worker_006_task_000.json,results/batch/fpp_new_instances_scaling_new20x20/workers/worker_006/solutions,new20x20_case06_train400_test1000_alpha0p01_fpp_saa_meancvar,run-fpp-saa-oos
worker_006_task_001,worker_006,case06,6,20260529,20266929,20266929,new20x20,20x20,shortest_path,400,,not_checked,,,new20x20,new_instances/20x20,new_instances/20x20,0.01,400,1000,1,9000,9001,10000,true,results/batch/fpp_new_instances_scaling_new20x20/splits/new20x20_seed20266929_train400_test1000_case6_train.csv,results/batch/fpp_new_instances_scaling_new20x20/splits/new20x20_seed20266929_train400_test1000_case6_test.csv,Expected,FPP-Branch-Benders-LLBI-RootCuts,FPP-Branch-Benders,,expected,0.9,1.0,none,none,true,true,false,false,false,false,false,false,heuristic,0.10,eta-asc,true,true,100,100,1e-3,0,100000,1800,0.001,1,results/batch/fpp_new_instances_scaling_new20x20/splits,results/batch/fpp_new_instances_scaling_new20x20/workers/worker_006,results/batch/fpp_new_instances_scaling_new20x20/workers/worker_006/batch_results_worker_006.csv,results/batch/fpp_new_instances_scaling_new20x20/workers/worker_006/json/worker_006_task_001.json,results/batch/fpp_new_instances_scaling_new20x20/workers/worker_006/solutions,new20x20_case06_train400_test1000_alpha0p01_fpp_branch_benders_llbi_rootcuts,run-fpp-branch-benders-oos
worker_006_task_002,worker_006,case06,6,20260529,20266929,20266929,new20x20,20x20,shortest_path,400,,not_checked,,,new20x20,new_instances/20x20,new_instances/20x20,0.01,400,1000,1,9000,9001,10000,true,results/batch/fpp_new_instances_scaling_new20x20/splits/new20x20_seed20266929_train400_test1000_case6_train.csv,results/batch/fpp_new_instances_scaling_new20x20/splits/new20x20_seed20266929_train400_test1000_case6_test.csv,Expected,FPP-Branch-Benders-ProjectedCoverageLLBI-exp-RootCuts,FPP-Branch-Benders,,expected,0.9,1.0,coverage,exp,true,false,true,false,false,true,false,false,heuristic,0.10,eta-asc,true,true,100,100,1e-3,0,100000,1800,0.001,1,results/batch/fpp_new_instances_scaling_new20x20/splits,results/batch/fpp_new_instances_scaling_new20x20/workers/worker_006,results/batch/fpp_new_instances_scaling_new20x20/workers/worker_006/batch_results_worker_006.csv,results/batch/fpp_new_instances_scaling_new20x20/workers/worker_006/json/worker_006_task_002.json,results/batch/fpp_new_instances_scaling_new20x20/workers/worker_006/solutions,new20x20_case06_train400_test1000_alpha0p01_fpp_branch_benders_projectedcoveragellbi_exp_rootcuts,run-fpp-branch-benders-oos
worker_006_task_003,worker_006,case06,6,20260529,20266929,20266929,new20x20,20x20,shortest_path,400,,not_checked,,,new20x20,new_instances/20x20,new_instances/20x20,0.01,400,1000,1,9000,9001,10000,true,results/batch/fpp_new_instances_scaling_new20x20/splits/new20x20_seed20266929_train400_test1000_case6_train.csv,results/batch/fpp_new_instances_scaling_new20x20/splits/new20x20_seed20266929_train400_test1000_case6_test.csv,Expected,FPP-Branch-Benders-ProjectedPathLLBI-exp-RootCuts,FPP-Branch-Benders,,expected,0.9,1.0,path,exp,true,false,true,false,false,false,true,false,heuristic,0.10,eta-asc,true,true,100,100,1e-3,0,100000,1800,0.001,1,results/batch/fpp_new_instances_scaling_new20x20/splits,results/batch/fpp_new_instances_scaling_new20x20/workers/worker_006,results/batch/fpp_new_instances_scaling_new20x20/workers/worker_006/batch_results_worker_006.csv,results/batch/fpp_new_instances_scaling_new20x20/workers/worker_006/json/worker_006_task_003.json,results/batch/fpp_new_instances_scaling_new20x20/workers/worker_006/solutions,new20x20_case06_train400_test1000_alpha0p01_fpp_branch_benders_projectedpathllbi_exp_rootcuts,run-fpp-branch-benders-oos
worker_006_task_004,worker_006,case06,6,20260529,20266929,20266929,new20x20,20x20,shortest_path,400,,not_checked,,,new20x20,new_instances/20x20,new_instances/20x20,0.01,400,1000,1,9000,9001,10000,true,results/batch/fpp_new_instances_scaling_new20x20/splits/new20x20_seed20266929_train400_test1000_case6_train.csv,results/batch/fpp_new_instances_scaling_new20x20/splits/new20x20_seed20266929_train400_test1000_case6_test.csv,CVaR,FPP-Branch-Benders-CVaR-RootCuts,FPP-Branch-Benders,,cvar,0.9,1.0,none,none,true,false,false,false,false,false,false,false,heuristic,0.10,eta-asc,true,true,100,100,1e-3,0,100000,1800,0.001,1,results/batch/fpp_new_instances_scaling_new20x20/splits,results/batch/fpp_new_instances_scaling_new20x20/workers/worker_006,results/batch/fpp_new_instances_scaling_new20x20/workers/worker_006/batch_results_worker_006.csv,results/batch/fpp_new_instances_scaling_new20x20/workers/worker_006/json/worker_006_task_004.json,results/batch/fpp_new_instances_scaling_new20x20/workers/worker_006/solutions,new20x20_case06_train400_test1000_alpha0p01_fpp_branch_benders_cvar_rootcuts,run-fpp-branch-benders-oos
worker_006_task_005,worker_006,case06,6,20260529,20266929,20266929,new20x20,20x20,shortest_path,400,,not_checked,,,new20x20,new_instances/20x20,new_instances/20x20,0.01,400,1000,1,9000,9001,10000,true,results/batch/fpp_new_instances_scaling_new20x20/splits/new20x20_seed20266929_train400_test1000_case6_train.csv,results/batch/fpp_new_instances_scaling_new20x20/splits/new20x20_seed20266929_train400_test1000_case6_test.csv,CVaR,FPP-Branch-Benders-CVaR-LLBI-RootCuts,FPP-Branch-Benders,,cvar,0.9,1.0,none,none,true,true,false,false,false,false,false,false,heuristic,0.10,eta-asc,true,true,100,100,1e-3,0,100000,1800,0.001,1,results/batch/fpp_new_instances_scaling_new20x20/splits,results/batch/fpp_new_instances_scaling_new20x20/workers/worker_006,results/batch/fpp_new_instances_scaling_new20x20/workers/worker_006/batch_results_worker_006.csv,results/batch/fpp_new_instances_scaling_new20x20/workers/worker_006/json/worker_006_task_005.json,results/batch/fpp_new_instances_scaling_new20x20/workers/worker_006/solutions,new20x20_case06_train400_test1000_alpha0p01_fpp_branch_benders_cvar_llbi_rootcuts,run-fpp-branch-benders-oos
worker_006_task_006,worker_006,case06,6,20260529,20266929,20266929,new20x20,20x20,shortest_path,400,,not_checked,,,new20x20,new_instances/20x20,new_instances/20x20,0.01,400,1000,1,9000,9001,10000,true,results/batch/fpp_new_instances_scaling_new20x20/splits/new20x20_seed20266929_train400_test1000_case6_train.csv,results/batch/fpp_new_instances_scaling_new20x20/splits/new20x20_seed20266929_train400_test1000_case6_test.csv,CVaR,FPP-Branch-Benders-CVaR-ProjectedCoverageLLBI-exp-RootCuts,FPP-Branch-Benders,,cvar,0.9,1.0,coverage,exp,true,false,true,false,false,true,false,false,heuristic,0.10,eta-asc,true,true,100,100,1e-3,0,100000,1800,0.001,1,results/batch/fpp_new_instances_scaling_new20x20/splits,results/batch/fpp_new_instances_scaling_new20x20/workers/worker_006,results/batch/fpp_new_instances_scaling_new20x20/workers/worker_006/batch_results_worker_006.csv,results/batch/fpp_new_instances_scaling_new20x20/workers/worker_006/json/worker_006_task_006.json,results/batch/fpp_new_instances_scaling_new20x20/workers/worker_006/solutions,new20x20_case06_train400_test1000_alpha0p01_fpp_branch_benders_cvar_projectedcoveragellbi_exp_rootcuts,run-fpp-branch-benders-oos
worker_006_task_007,worker_006,case06,6,20260529,20266929,20266929,new20x20,20x20,shortest_path,400,,not_checked,,,new20x20,new_instances/20x20,new_instances/20x20,0.01,400,1000,1,9000,9001,10000,true,results/batch/fpp_new_instances_scaling_new20x20/splits/new20x20_seed20266929_train400_test1000_case6_train.csv,results/batch/fpp_new_instances_scaling_new20x20/splits/new20x20_seed20266929_train400_test1000_case6_test.csv,CVaR,FPP-Branch-Benders-CVaR-ProjectedPathLLBI-exp-RootCuts,FPP-Branch-Benders,,cvar,0.9,1.0,path,exp,true,false,true,false,false,false,true,false,heuristic,0.10,eta-asc,true,true,100,100,1e-3,0,100000,1800,0.001,1,results/batch/fpp_new_instances_scaling_new20x20/splits,results/batch/fpp_new_instances_scaling_new20x20/workers/worker_006,results/batch/fpp_new_instances_scaling_new20x20/workers/worker_006/batch_results_worker_006.csv,results/batch/fpp_new_instances_scaling_new20x20/workers/worker_006/json/worker_006_task_007.json,results/batch/fpp_new_instances_scaling_new20x20/workers/worker_006/solutions,new20x20_case06_train400_test1000_alpha0p01_fpp_branch_benders_cvar_projectedpathllbi_exp_rootcuts,run-fpp-branch-benders-oos
worker_006_task_008,worker_006,case06,6,20260529,20266929,20266929,new20x20,20x20,shortest_path,400,,not_checked,,,new20x20,new_instances/20x20,new_instances/20x20,0.01,400,1000,1,9000,9001,10000,true,results/batch/fpp_new_instances_scaling_new20x20/splits/new20x20_seed20266929_train400_test1000_case6_train.csv,results/batch/fpp_new_instances_scaling_new20x20/splits/new20x20_seed20266929_train400_test1000_case6_test.csv,MeanCVaR,FPP-Branch-Benders-MeanCVaR-RootCuts,FPP-Branch-Benders,,mean-cvar,0.9,0.5,none,none,true,false,false,false,false,false,false,false,heuristic,0.10,eta-asc,true,true,100,100,1e-3,0,100000,1800,0.001,1,results/batch/fpp_new_instances_scaling_new20x20/splits,results/batch/fpp_new_instances_scaling_new20x20/workers/worker_006,results/batch/fpp_new_instances_scaling_new20x20/workers/worker_006/batch_results_worker_006.csv,results/batch/fpp_new_instances_scaling_new20x20/workers/worker_006/json/worker_006_task_008.json,results/batch/fpp_new_instances_scaling_new20x20/workers/worker_006/solutions,new20x20_case06_train400_test1000_alpha0p01_fpp_branch_benders_meancvar_rootcuts,run-fpp-branch-benders-oos
worker_006_task_009,worker_006,case06,6,20260529,20266929,20266929,new20x20,20x20,shortest_path,400,,not_checked,,,new20x20,new_instances/20x20,new_instances/20x20,0.01,400,1000,1,9000,9001,10000,true,results/batch/fpp_new_instances_scaling_new20x20/splits/new20x20_seed20266929_train400_test1000_case6_train.csv,results/batch/fpp_new_instances_scaling_new20x20/splits/new20x20_seed20266929_train400_test1000_case6_test.csv,MeanCVaR,FPP-Branch-Benders-MeanCVaR-LLBI-RootCuts,FPP-Branch-Benders,,mean-cvar,0.9,0.5,none,none,true,true,false,false,false,false,false,false,heuristic,0.10,eta-asc,true,true,100,100,1e-3,0,100000,1800,0.001,1,results/batch/fpp_new_instances_scaling_new20x20/splits,results/batch/fpp_new_instances_scaling_new20x20/workers/worker_006,results/batch/fpp_new_instances_scaling_new20x20/workers/worker_006/batch_results_worker_006.csv,results/batch/fpp_new_instances_scaling_new20x20/workers/worker_006/json/worker_006_task_009.json,results/batch/fpp_new_instances_scaling_new20x20/workers/worker_006/solutions,new20x20_case06_train400_test1000_alpha0p01_fpp_branch_benders_meancvar_llbi_rootcuts,run-fpp-branch-benders-oos
worker_006_task_010,worker_006,case06,6,20260529,20266929,20266929,new20x20,20x20,shortest_path,400,,not_checked,,,new20x20,new_instances/20x20,new_instances/20x20,0.01,400,1000,1,9000,9001,10000,true,results/batch/fpp_new_instances_scaling_new20x20/splits/new20x20_seed20266929_train400_test1000_case6_train.csv,results/batch/fpp_new_instances_scaling_new20x20/splits/new20x20_seed20266929_train400_test1000_case6_test.csv,MeanCVaR,FPP-Branch-Benders-MeanCVaR-ProjectedCoverageLLBI-exp-RootCuts,FPP-Branch-Benders,,mean-cvar,0.9,0.5,coverage,exp,true,false,true,false,false,true,false,false,heuristic,0.10,eta-asc,true,true,100,100,1e-3,0,100000,1800,0.001,1,results/batch/fpp_new_instances_scaling_new20x20/splits,results/batch/fpp_new_instances_scaling_new20x20/workers/worker_006,results/batch/fpp_new_instances_scaling_new20x20/workers/worker_006/batch_results_worker_006.csv,results/batch/fpp_new_instances_scaling_new20x20/workers/worker_006/json/worker_006_task_010.json,results/batch/fpp_new_instances_scaling_new20x20/workers/worker_006/solutions,new20x20_case06_train400_test1000_alpha0p01_fpp_branch_benders_meancvar_projectedcoveragellbi_exp_rootcuts,run-fpp-branch-benders-oos
worker_006_task_011,worker_006,case06,6,20260529,20266929,20266929,new20x20,20x20,shortest_path,400,,not_checked,,,new20x20,new_instances/20x20,new_instances/20x20,0.01,400,1000,1,9000,9001,10000,true,results/batch/fpp_new_instances_scaling_new20x20/splits/new20x20_seed20266929_train400_test1000_case6_train.csv,results/batch/fpp_new_instances_scaling_new20x20/splits/new20x20_seed20266929_train400_test1000_case6_test.csv,MeanCVaR,FPP-Branch-Benders-MeanCVaR-ProjectedPathLLBI-exp-RootCuts,FPP-Branch-Benders,,mean-cvar,0.9,0.5,path,exp,true,false,true,false,false,false,true,false,heuristic,0.10,eta-asc,true,true,100,100,1e-3,0,100000,1800,0.001,1,results/batch/fpp_new_instances_scaling_new20x20/splits,results/batch/fpp_new_instances_scaling_new20x20/workers/worker_006,results/batch/fpp_new_instances_scaling_new20x20/workers/worker_006/batch_results_worker_006.csv,results/batch/fpp_new_instances_scaling_new20x20/workers/worker_006/json/worker_006_task_011.json,results/batch/fpp_new_instances_scaling_new20x20/workers/worker_006/solutions,new20x20_case06_train400_test1000_alpha0p01_fpp_branch_benders_meancvar_projectedpathllbi_exp_rootcuts,run-fpp-branch-benders-oos
worker_007_task_000,worker_007,case07,7,20260529,20267929,20267929,new20x20,20x20,shortest_path,400,,not_checked,,,new20x20,new_instances/20x20,new_instances/20x20,0.01,400,1000,1,9000,9001,10000,true,results/batch/fpp_new_instances_scaling_new20x20/splits/new20x20_seed20267929_train400_test1000_case7_train.csv,results/batch/fpp_new_instances_scaling_new20x20/splits/new20x20_seed20267929_train400_test1000_case7_test.csv,MeanCVaR,FPP-SAA-MeanCVaR,FPP-SAA,fpp_base,mean-cvar,0.9,0.5,none,none,false,false,false,false,false,false,false,false,heuristic,0.10,eta-asc,true,true,100,100,1e-3,0,100000,1800,0.001,1,results/batch/fpp_new_instances_scaling_new20x20/splits,results/batch/fpp_new_instances_scaling_new20x20/workers/worker_007,results/batch/fpp_new_instances_scaling_new20x20/workers/worker_007/batch_results_worker_007.csv,results/batch/fpp_new_instances_scaling_new20x20/workers/worker_007/json/worker_007_task_000.json,results/batch/fpp_new_instances_scaling_new20x20/workers/worker_007/solutions,new20x20_case07_train400_test1000_alpha0p01_fpp_saa_meancvar,run-fpp-saa-oos
worker_007_task_001,worker_007,case07,7,20260529,20267929,20267929,new20x20,20x20,shortest_path,400,,not_checked,,,new20x20,new_instances/20x20,new_instances/20x20,0.01,400,1000,1,9000,9001,10000,true,results/batch/fpp_new_instances_scaling_new20x20/splits/new20x20_seed20267929_train400_test1000_case7_train.csv,results/batch/fpp_new_instances_scaling_new20x20/splits/new20x20_seed20267929_train400_test1000_case7_test.csv,Expected,FPP-Branch-Benders-LLBI-RootCuts,FPP-Branch-Benders,,expected,0.9,1.0,none,none,true,true,false,false,false,false,false,false,heuristic,0.10,eta-asc,true,true,100,100,1e-3,0,100000,1800,0.001,1,results/batch/fpp_new_instances_scaling_new20x20/splits,results/batch/fpp_new_instances_scaling_new20x20/workers/worker_007,results/batch/fpp_new_instances_scaling_new20x20/workers/worker_007/batch_results_worker_007.csv,results/batch/fpp_new_instances_scaling_new20x20/workers/worker_007/json/worker_007_task_001.json,results/batch/fpp_new_instances_scaling_new20x20/workers/worker_007/solutions,new20x20_case07_train400_test1000_alpha0p01_fpp_branch_benders_llbi_rootcuts,run-fpp-branch-benders-oos
worker_007_task_002,worker_007,case07,7,20260529,20267929,20267929,new20x20,20x20,shortest_path,400,,not_checked,,,new20x20,new_instances/20x20,new_instances/20x20,0.01,400,1000,1,9000,9001,10000,true,results/batch/fpp_new_instances_scaling_new20x20/splits/new20x20_seed20267929_train400_test1000_case7_train.csv,results/batch/fpp_new_instances_scaling_new20x20/splits/new20x20_seed20267929_train400_test1000_case7_test.csv,Expected,FPP-Branch-Benders-ProjectedCoverageLLBI-exp-RootCuts,FPP-Branch-Benders,,expected,0.9,1.0,coverage,exp,true,false,true,false,false,true,false,false,heuristic,0.10,eta-asc,true,true,100,100,1e-3,0,100000,1800,0.001,1,results/batch/fpp_new_instances_scaling_new20x20/splits,results/batch/fpp_new_instances_scaling_new20x20/workers/worker_007,results/batch/fpp_new_instances_scaling_new20x20/workers/worker_007/batch_results_worker_007.csv,results/batch/fpp_new_instances_scaling_new20x20/workers/worker_007/json/worker_007_task_002.json,results/batch/fpp_new_instances_scaling_new20x20/workers/worker_007/solutions,new20x20_case07_train400_test1000_alpha0p01_fpp_branch_benders_projectedcoveragellbi_exp_rootcuts,run-fpp-branch-benders-oos
worker_007_task_003,worker_007,case07,7,20260529,20267929,20267929,new20x20,20x20,shortest_path,400,,not_checked,,,new20x20,new_instances/20x20,new_instances/20x20,0.01,400,1000,1,9000,9001,10000,true,results/batch/fpp_new_instances_scaling_new20x20/splits/new20x20_seed20267929_train400_test1000_case7_train.csv,results/batch/fpp_new_instances_scaling_new20x20/splits/new20x20_seed20267929_train400_test1000_case7_test.csv,Expected,FPP-Branch-Benders-ProjectedPathLLBI-exp-RootCuts,FPP-Branch-Benders,,expected,0.9,1.0,path,exp,true,false,true,false,false,false,true,false,heuristic,0.10,eta-asc,true,true,100,100,1e-3,0,100000,1800,0.001,1,results/batch/fpp_new_instances_scaling_new20x20/splits,results/batch/fpp_new_instances_scaling_new20x20/workers/worker_007,results/batch/fpp_new_instances_scaling_new20x20/workers/worker_007/batch_results_worker_007.csv,results/batch/fpp_new_instances_scaling_new20x20/workers/worker_007/json/worker_007_task_003.json,results/batch/fpp_new_instances_scaling_new20x20/workers/worker_007/solutions,new20x20_case07_train400_test1000_alpha0p01_fpp_branch_benders_projectedpathllbi_exp_rootcuts,run-fpp-branch-benders-oos
worker_007_task_004,worker_007,case07,7,20260529,20267929,20267929,new20x20,20x20,shortest_path,400,,not_checked,,,new20x20,new_instances/20x20,new_instances/20x20,0.01,400,1000,1,9000,9001,10000,true,results/batch/fpp_new_instances_scaling_new20x20/splits/new20x20_seed20267929_train400_test1000_case7_train.csv,results/batch/fpp_new_instances_scaling_new20x20/splits/new20x20_seed20267929_train400_test1000_case7_test.csv,CVaR,FPP-Branch-Benders-CVaR-RootCuts,FPP-Branch-Benders,,cvar,0.9,1.0,none,none,true,false,false,false,false,false,false,false,heuristic,0.10,eta-asc,true,true,100,100,1e-3,0,100000,1800,0.001,1,results/batch/fpp_new_instances_scaling_new20x20/splits,results/batch/fpp_new_instances_scaling_new20x20/workers/worker_007,results/batch/fpp_new_instances_scaling_new20x20/workers/worker_007/batch_results_worker_007.csv,results/batch/fpp_new_instances_scaling_new20x20/workers/worker_007/json/worker_007_task_004.json,results/batch/fpp_new_instances_scaling_new20x20/workers/worker_007/solutions,new20x20_case07_train400_test1000_alpha0p01_fpp_branch_benders_cvar_rootcuts,run-fpp-branch-benders-oos
worker_007_task_005,worker_007,case07,7,20260529,20267929,20267929,new20x20,20x20,shortest_path,400,,not_checked,,,new20x20,new_instances/20x20,new_instances/20x20,0.01,400,1000,1,9000,9001,10000,true,results/batch/fpp_new_instances_scaling_new20x20/splits/new20x20_seed20267929_train400_test1000_case7_train.csv,results/batch/fpp_new_instances_scaling_new20x20/splits/new20x20_seed20267929_train400_test1000_case7_test.csv,CVaR,FPP-Branch-Benders-CVaR-LLBI-RootCuts,FPP-Branch-Benders,,cvar,0.9,1.0,none,none,true,true,false,false,false,false,false,false,heuristic,0.10,eta-asc,true,true,100,100,1e-3,0,100000,1800,0.001,1,results/batch/fpp_new_instances_scaling_new20x20/splits,results/batch/fpp_new_instances_scaling_new20x20/workers/worker_007,results/batch/fpp_new_instances_scaling_new20x20/workers/worker_007/batch_results_worker_007.csv,results/batch/fpp_new_instances_scaling_new20x20/workers/worker_007/json/worker_007_task_005.json,results/batch/fpp_new_instances_scaling_new20x20/workers/worker_007/solutions,new20x20_case07_train400_test1000_alpha0p01_fpp_branch_benders_cvar_llbi_rootcuts,run-fpp-branch-benders-oos
worker_007_task_006,worker_007,case07,7,20260529,20267929,20267929,new20x20,20x20,shortest_path,400,,not_checked,,,new20x20,new_instances/20x20,new_instances/20x20,0.01,400,1000,1,9000,9001,10000,true,results/batch/fpp_new_instances_scaling_new20x20/splits/new20x20_seed20267929_train400_test1000_case7_train.csv,results/batch/fpp_new_instances_scaling_new20x20/splits/new20x20_seed20267929_train400_test1000_case7_test.csv,CVaR,FPP-Branch-Benders-CVaR-ProjectedCoverageLLBI-exp-RootCuts,FPP-Branch-Benders,,cvar,0.9,1.0,coverage,exp,true,false,true,false,false,true,false,false,heuristic,0.10,eta-asc,true,true,100,100,1e-3,0,100000,1800,0.001,1,results/batch/fpp_new_instances_scaling_new20x20/splits,results/batch/fpp_new_instances_scaling_new20x20/workers/worker_007,results/batch/fpp_new_instances_scaling_new20x20/workers/worker_007/batch_results_worker_007.csv,results/batch/fpp_new_instances_scaling_new20x20/workers/worker_007/json/worker_007_task_006.json,results/batch/fpp_new_instances_scaling_new20x20/workers/worker_007/solutions,new20x20_case07_train400_test1000_alpha0p01_fpp_branch_benders_cvar_projectedcoveragellbi_exp_rootcuts,run-fpp-branch-benders-oos
worker_007_task_007,worker_007,case07,7,20260529,20267929,20267929,new20x20,20x20,shortest_path,400,,not_checked,,,new20x20,new_instances/20x20,new_instances/20x20,0.01,400,1000,1,9000,9001,10000,true,results/batch/fpp_new_instances_scaling_new20x20/splits/new20x20_seed20267929_train400_test1000_case7_train.csv,results/batch/fpp_new_instances_scaling_new20x20/splits/new20x20_seed20267929_train400_test1000_case7_test.csv,CVaR,FPP-Branch-Benders-CVaR-ProjectedPathLLBI-exp-RootCuts,FPP-Branch-Benders,,cvar,0.9,1.0,path,exp,true,false,true,false,false,false,true,false,heuristic,0.10,eta-asc,true,true,100,100,1e-3,0,100000,1800,0.001,1,results/batch/fpp_new_instances_scaling_new20x20/splits,results/batch/fpp_new_instances_scaling_new20x20/workers/worker_007,results/batch/fpp_new_instances_scaling_new20x20/workers/worker_007/batch_results_worker_007.csv,results/batch/fpp_new_instances_scaling_new20x20/workers/worker_007/json/worker_007_task_007.json,results/batch/fpp_new_instances_scaling_new20x20/workers/worker_007/solutions,new20x20_case07_train400_test1000_alpha0p01_fpp_branch_benders_cvar_projectedpathllbi_exp_rootcuts,run-fpp-branch-benders-oos
worker_007_task_008,worker_007,case07,7,20260529,20267929,20267929,new20x20,20x20,shortest_path,400,,not_checked,,,new20x20,new_instances/20x20,new_instances/20x20,0.01,400,1000,1,9000,9001,10000,true,results/batch/fpp_new_instances_scaling_new20x20/splits/new20x20_seed20267929_train400_test1000_case7_train.csv,results/batch/fpp_new_instances_scaling_new20x20/splits/new20x20_seed20267929_train400_test1000_case7_test.csv,MeanCVaR,FPP-Branch-Benders-MeanCVaR-RootCuts,FPP-Branch-Benders,,mean-cvar,0.9,0.5,none,none,true,false,false,false,false,false,false,false,heuristic,0.10,eta-asc,true,true,100,100,1e-3,0,100000,1800,0.001,1,results/batch/fpp_new_instances_scaling_new20x20/splits,results/batch/fpp_new_instances_scaling_new20x20/workers/worker_007,results/batch/fpp_new_instances_scaling_new20x20/workers/worker_007/batch_results_worker_007.csv,results/batch/fpp_new_instances_scaling_new20x20/workers/worker_007/json/worker_007_task_008.json,results/batch/fpp_new_instances_scaling_new20x20/workers/worker_007/solutions,new20x20_case07_train400_test1000_alpha0p01_fpp_branch_benders_meancvar_rootcuts,run-fpp-branch-benders-oos
worker_007_task_009,worker_007,case07,7,20260529,20267929,20267929,new20x20,20x20,shortest_path,400,,not_checked,,,new20x20,new_instances/20x20,new_instances/20x20,0.01,400,1000,1,9000,9001,10000,true,results/batch/fpp_new_instances_scaling_new20x20/splits/new20x20_seed20267929_train400_test1000_case7_train.csv,results/batch/fpp_new_instances_scaling_new20x20/splits/new20x20_seed20267929_train400_test1000_case7_test.csv,MeanCVaR,FPP-Branch-Benders-MeanCVaR-LLBI-RootCuts,FPP-Branch-Benders,,mean-cvar,0.9,0.5,none,none,true,true,false,false,false,false,false,false,heuristic,0.10,eta-asc,true,true,100,100,1e-3,0,100000,1800,0.001,1,results/batch/fpp_new_instances_scaling_new20x20/splits,results/batch/fpp_new_instances_scaling_new20x20/workers/worker_007,results/batch/fpp_new_instances_scaling_new20x20/workers/worker_007/batch_results_worker_007.csv,results/batch/fpp_new_instances_scaling_new20x20/workers/worker_007/json/worker_007_task_009.json,results/batch/fpp_new_instances_scaling_new20x20/workers/worker_007/solutions,new20x20_case07_train400_test1000_alpha0p01_fpp_branch_benders_meancvar_llbi_rootcuts,run-fpp-branch-benders-oos
worker_007_task_010,worker_007,case07,7,20260529,20267929,20267929,new20x20,20x20,shortest_path,400,,not_checked,,,new20x20,new_instances/20x20,new_instances/20x20,0.01,400,1000,1,9000,9001,10000,true,results/batch/fpp_new_instances_scaling_new20x20/splits/new20x20_seed20267929_train400_test1000_case7_train.csv,results/batch/fpp_new_instances_scaling_new20x20/splits/new20x20_seed20267929_train400_test1000_case7_test.csv,MeanCVaR,FPP-Branch-Benders-MeanCVaR-ProjectedCoverageLLBI-exp-RootCuts,FPP-Branch-Benders,,mean-cvar,0.9,0.5,coverage,exp,true,false,true,false,false,true,false,false,heuristic,0.10,eta-asc,true,true,100,100,1e-3,0,100000,1800,0.001,1,results/batch/fpp_new_instances_scaling_new20x20/splits,results/batch/fpp_new_instances_scaling_new20x20/workers/worker_007,results/batch/fpp_new_instances_scaling_new20x20/workers/worker_007/batch_results_worker_007.csv,results/batch/fpp_new_instances_scaling_new20x20/workers/worker_007/json/worker_007_task_010.json,results/batch/fpp_new_instances_scaling_new20x20/workers/worker_007/solutions,new20x20_case07_train400_test1000_alpha0p01_fpp_branch_benders_meancvar_projectedcoveragellbi_exp_rootcuts,run-fpp-branch-benders-oos
worker_007_task_011,worker_007,case07,7,20260529,20267929,20267929,new20x20,20x20,shortest_path,400,,not_checked,,,new20x20,new_instances/20x20,new_instances/20x20,0.01,400,1000,1,9000,9001,10000,true,results/batch/fpp_new_instances_scaling_new20x20/splits/new20x20_seed20267929_train400_test1000_case7_train.csv,results/batch/fpp_new_instances_scaling_new20x20/splits/new20x20_seed20267929_train400_test1000_case7_test.csv,MeanCVaR,FPP-Branch-Benders-MeanCVaR-ProjectedPathLLBI-exp-RootCuts,FPP-Branch-Benders,,mean-cvar,0.9,0.5,path,exp,true,false,true,false,false,false,true,false,heuristic,0.10,eta-asc,true,true,100,100,1e-3,0,100000,1800,0.001,1,results/batch/fpp_new_instances_scaling_new20x20/splits,results/batch/fpp_new_instances_scaling_new20x20/workers/worker_007,results/batch/fpp_new_instances_scaling_new20x20/workers/worker_007/batch_results_worker_007.csv,results/batch/fpp_new_instances_scaling_new20x20/workers/worker_007/json/worker_007_task_011.json,results/batch/fpp_new_instances_scaling_new20x20/workers/worker_007/solutions,new20x20_case07_train400_test1000_alpha0p01_fpp_branch_benders_meancvar_projectedpathllbi_exp_rootcuts,run-fpp-branch-benders-oos
worker_008_task_000,worker_008,case08,8,20260529,20268929,20268929,new20x20,20x20,shortest_path,400,,not_checked,,,new20x20,new_instances/20x20,new_instances/20x20,0.01,400,1000,1,9000,9001,10000,true,results/batch/fpp_new_instances_scaling_new20x20/splits/new20x20_seed20268929_train400_test1000_case8_train.csv,results/batch/fpp_new_instances_scaling_new20x20/splits/new20x20_seed20268929_train400_test1000_case8_test.csv,MeanCVaR,FPP-SAA-MeanCVaR,FPP-SAA,fpp_base,mean-cvar,0.9,0.5,none,none,false,false,false,false,false,false,false,false,heuristic,0.10,eta-asc,true,true,100,100,1e-3,0,100000,1800,0.001,1,results/batch/fpp_new_instances_scaling_new20x20/splits,results/batch/fpp_new_instances_scaling_new20x20/workers/worker_008,results/batch/fpp_new_instances_scaling_new20x20/workers/worker_008/batch_results_worker_008.csv,results/batch/fpp_new_instances_scaling_new20x20/workers/worker_008/json/worker_008_task_000.json,results/batch/fpp_new_instances_scaling_new20x20/workers/worker_008/solutions,new20x20_case08_train400_test1000_alpha0p01_fpp_saa_meancvar,run-fpp-saa-oos
worker_008_task_001,worker_008,case08,8,20260529,20268929,20268929,new20x20,20x20,shortest_path,400,,not_checked,,,new20x20,new_instances/20x20,new_instances/20x20,0.01,400,1000,1,9000,9001,10000,true,results/batch/fpp_new_instances_scaling_new20x20/splits/new20x20_seed20268929_train400_test1000_case8_train.csv,results/batch/fpp_new_instances_scaling_new20x20/splits/new20x20_seed20268929_train400_test1000_case8_test.csv,Expected,FPP-Branch-Benders-LLBI-RootCuts,FPP-Branch-Benders,,expected,0.9,1.0,none,none,true,true,false,false,false,false,false,false,heuristic,0.10,eta-asc,true,true,100,100,1e-3,0,100000,1800,0.001,1,results/batch/fpp_new_instances_scaling_new20x20/splits,results/batch/fpp_new_instances_scaling_new20x20/workers/worker_008,results/batch/fpp_new_instances_scaling_new20x20/workers/worker_008/batch_results_worker_008.csv,results/batch/fpp_new_instances_scaling_new20x20/workers/worker_008/json/worker_008_task_001.json,results/batch/fpp_new_instances_scaling_new20x20/workers/worker_008/solutions,new20x20_case08_train400_test1000_alpha0p01_fpp_branch_benders_llbi_rootcuts,run-fpp-branch-benders-oos
worker_008_task_002,worker_008,case08,8,20260529,20268929,20268929,new20x20,20x20,shortest_path,400,,not_checked,,,new20x20,new_instances/20x20,new_instances/20x20,0.01,400,1000,1,9000,9001,10000,true,results/batch/fpp_new_instances_scaling_new20x20/splits/new20x20_seed20268929_train400_test1000_case8_train.csv,results/batch/fpp_new_instances_scaling_new20x20/splits/new20x20_seed20268929_train400_test1000_case8_test.csv,Expected,FPP-Branch-Benders-ProjectedCoverageLLBI-exp-RootCuts,FPP-Branch-Benders,,expected,0.9,1.0,coverage,exp,true,false,true,false,false,true,false,false,heuristic,0.10,eta-asc,true,true,100,100,1e-3,0,100000,1800,0.001,1,results/batch/fpp_new_instances_scaling_new20x20/splits,results/batch/fpp_new_instances_scaling_new20x20/workers/worker_008,results/batch/fpp_new_instances_scaling_new20x20/workers/worker_008/batch_results_worker_008.csv,results/batch/fpp_new_instances_scaling_new20x20/workers/worker_008/json/worker_008_task_002.json,results/batch/fpp_new_instances_scaling_new20x20/workers/worker_008/solutions,new20x20_case08_train400_test1000_alpha0p01_fpp_branch_benders_projectedcoveragellbi_exp_rootcuts,run-fpp-branch-benders-oos
worker_008_task_003,worker_008,case08,8,20260529,20268929,20268929,new20x20,20x20,shortest_path,400,,not_checked,,,new20x20,new_instances/20x20,new_instances/20x20,0.01,400,1000,1,9000,9001,10000,true,results/batch/fpp_new_instances_scaling_new20x20/splits/new20x20_seed20268929_train400_test1000_case8_train.csv,results/batch/fpp_new_instances_scaling_new20x20/splits/new20x20_seed20268929_train400_test1000_case8_test.csv,Expected,FPP-Branch-Benders-ProjectedPathLLBI-exp-RootCuts,FPP-Branch-Benders,,expected,0.9,1.0,path,exp,true,false,true,false,false,false,true,false,heuristic,0.10,eta-asc,true,true,100,100,1e-3,0,100000,1800,0.001,1,results/batch/fpp_new_instances_scaling_new20x20/splits,results/batch/fpp_new_instances_scaling_new20x20/workers/worker_008,results/batch/fpp_new_instances_scaling_new20x20/workers/worker_008/batch_results_worker_008.csv,results/batch/fpp_new_instances_scaling_new20x20/workers/worker_008/json/worker_008_task_003.json,results/batch/fpp_new_instances_scaling_new20x20/workers/worker_008/solutions,new20x20_case08_train400_test1000_alpha0p01_fpp_branch_benders_projectedpathllbi_exp_rootcuts,run-fpp-branch-benders-oos
worker_008_task_004,worker_008,case08,8,20260529,20268929,20268929,new20x20,20x20,shortest_path,400,,not_checked,,,new20x20,new_instances/20x20,new_instances/20x20,0.01,400,1000,1,9000,9001,10000,true,results/batch/fpp_new_instances_scaling_new20x20/splits/new20x20_seed20268929_train400_test1000_case8_train.csv,results/batch/fpp_new_instances_scaling_new20x20/splits/new20x20_seed20268929_train400_test1000_case8_test.csv,CVaR,FPP-Branch-Benders-CVaR-RootCuts,FPP-Branch-Benders,,cvar,0.9,1.0,none,none,true,false,false,false,false,false,false,false,heuristic,0.10,eta-asc,true,true,100,100,1e-3,0,100000,1800,0.001,1,results/batch/fpp_new_instances_scaling_new20x20/splits,results/batch/fpp_new_instances_scaling_new20x20/workers/worker_008,results/batch/fpp_new_instances_scaling_new20x20/workers/worker_008/batch_results_worker_008.csv,results/batch/fpp_new_instances_scaling_new20x20/workers/worker_008/json/worker_008_task_004.json,results/batch/fpp_new_instances_scaling_new20x20/workers/worker_008/solutions,new20x20_case08_train400_test1000_alpha0p01_fpp_branch_benders_cvar_rootcuts,run-fpp-branch-benders-oos
worker_008_task_005,worker_008,case08,8,20260529,20268929,20268929,new20x20,20x20,shortest_path,400,,not_checked,,,new20x20,new_instances/20x20,new_instances/20x20,0.01,400,1000,1,9000,9001,10000,true,results/batch/fpp_new_instances_scaling_new20x20/splits/new20x20_seed20268929_train400_test1000_case8_train.csv,results/batch/fpp_new_instances_scaling_new20x20/splits/new20x20_seed20268929_train400_test1000_case8_test.csv,CVaR,FPP-Branch-Benders-CVaR-LLBI-RootCuts,FPP-Branch-Benders,,cvar,0.9,1.0,none,none,true,true,false,false,false,false,false,false,heuristic,0.10,eta-asc,true,true,100,100,1e-3,0,100000,1800,0.001,1,results/batch/fpp_new_instances_scaling_new20x20/splits,results/batch/fpp_new_instances_scaling_new20x20/workers/worker_008,results/batch/fpp_new_instances_scaling_new20x20/workers/worker_008/batch_results_worker_008.csv,results/batch/fpp_new_instances_scaling_new20x20/workers/worker_008/json/worker_008_task_005.json,results/batch/fpp_new_instances_scaling_new20x20/workers/worker_008/solutions,new20x20_case08_train400_test1000_alpha0p01_fpp_branch_benders_cvar_llbi_rootcuts,run-fpp-branch-benders-oos
worker_008_task_006,worker_008,case08,8,20260529,20268929,20268929,new20x20,20x20,shortest_path,400,,not_checked,,,new20x20,new_instances/20x20,new_instances/20x20,0.01,400,1000,1,9000,9001,10000,true,results/batch/fpp_new_instances_scaling_new20x20/splits/new20x20_seed20268929_train400_test1000_case8_train.csv,results/batch/fpp_new_instances_scaling_new20x20/splits/new20x20_seed20268929_train400_test1000_case8_test.csv,CVaR,FPP-Branch-Benders-CVaR-ProjectedCoverageLLBI-exp-RootCuts,FPP-Branch-Benders,,cvar,0.9,1.0,coverage,exp,true,false,true,false,false,true,false,false,heuristic,0.10,eta-asc,true,true,100,100,1e-3,0,100000,1800,0.001,1,results/batch/fpp_new_instances_scaling_new20x20/splits,results/batch/fpp_new_instances_scaling_new20x20/workers/worker_008,results/batch/fpp_new_instances_scaling_new20x20/workers/worker_008/batch_results_worker_008.csv,results/batch/fpp_new_instances_scaling_new20x20/workers/worker_008/json/worker_008_task_006.json,results/batch/fpp_new_instances_scaling_new20x20/workers/worker_008/solutions,new20x20_case08_train400_test1000_alpha0p01_fpp_branch_benders_cvar_projectedcoveragellbi_exp_rootcuts,run-fpp-branch-benders-oos
worker_008_task_007,worker_008,case08,8,20260529,20268929,20268929,new20x20,20x20,shortest_path,400,,not_checked,,,new20x20,new_instances/20x20,new_instances/20x20,0.01,400,1000,1,9000,9001,10000,true,results/batch/fpp_new_instances_scaling_new20x20/splits/new20x20_seed20268929_train400_test1000_case8_train.csv,results/batch/fpp_new_instances_scaling_new20x20/splits/new20x20_seed20268929_train400_test1000_case8_test.csv,CVaR,FPP-Branch-Benders-CVaR-ProjectedPathLLBI-exp-RootCuts,FPP-Branch-Benders,,cvar,0.9,1.0,path,exp,true,false,true,false,false,false,true,false,heuristic,0.10,eta-asc,true,true,100,100,1e-3,0,100000,1800,0.001,1,results/batch/fpp_new_instances_scaling_new20x20/splits,results/batch/fpp_new_instances_scaling_new20x20/workers/worker_008,results/batch/fpp_new_instances_scaling_new20x20/workers/worker_008/batch_results_worker_008.csv,results/batch/fpp_new_instances_scaling_new20x20/workers/worker_008/json/worker_008_task_007.json,results/batch/fpp_new_instances_scaling_new20x20/workers/worker_008/solutions,new20x20_case08_train400_test1000_alpha0p01_fpp_branch_benders_cvar_projectedpathllbi_exp_rootcuts,run-fpp-branch-benders-oos
worker_008_task_008,worker_008,case08,8,20260529,20268929,20268929,new20x20,20x20,shortest_path,400,,not_checked,,,new20x20,new_instances/20x20,new_instances/20x20,0.01,400,1000,1,9000,9001,10000,true,results/batch/fpp_new_instances_scaling_new20x20/splits/new20x20_seed20268929_train400_test1000_case8_train.csv,results/batch/fpp_new_instances_scaling_new20x20/splits/new20x20_seed20268929_train400_test1000_case8_test.csv,MeanCVaR,FPP-Branch-Benders-MeanCVaR-RootCuts,FPP-Branch-Benders,,mean-cvar,0.9,0.5,none,none,true,false,false,false,false,false,false,false,heuristic,0.10,eta-asc,true,true,100,100,1e-3,0,100000,1800,0.001,1,results/batch/fpp_new_instances_scaling_new20x20/splits,results/batch/fpp_new_instances_scaling_new20x20/workers/worker_008,results/batch/fpp_new_instances_scaling_new20x20/workers/worker_008/batch_results_worker_008.csv,results/batch/fpp_new_instances_scaling_new20x20/workers/worker_008/json/worker_008_task_008.json,results/batch/fpp_new_instances_scaling_new20x20/workers/worker_008/solutions,new20x20_case08_train400_test1000_alpha0p01_fpp_branch_benders_meancvar_rootcuts,run-fpp-branch-benders-oos
worker_008_task_009,worker_008,case08,8,20260529,20268929,20268929,new20x20,20x20,shortest_path,400,,not_checked,,,new20x20,new_instances/20x20,new_instances/20x20,0.01,400,1000,1,9000,9001,10000,true,results/batch/fpp_new_instances_scaling_new20x20/splits/new20x20_seed20268929_train400_test1000_case8_train.csv,results/batch/fpp_new_instances_scaling_new20x20/splits/new20x20_seed20268929_train400_test1000_case8_test.csv,MeanCVaR,FPP-Branch-Benders-MeanCVaR-LLBI-RootCuts,FPP-Branch-Benders,,mean-cvar,0.9,0.5,none,none,true,true,false,false,false,false,false,false,heuristic,0.10,eta-asc,true,true,100,100,1e-3,0,100000,1800,0.001,1,results/batch/fpp_new_instances_scaling_new20x20/splits,results/batch/fpp_new_instances_scaling_new20x20/workers/worker_008,results/batch/fpp_new_instances_scaling_new20x20/workers/worker_008/batch_results_worker_008.csv,results/batch/fpp_new_instances_scaling_new20x20/workers/worker_008/json/worker_008_task_009.json,results/batch/fpp_new_instances_scaling_new20x20/workers/worker_008/solutions,new20x20_case08_train400_test1000_alpha0p01_fpp_branch_benders_meancvar_llbi_rootcuts,run-fpp-branch-benders-oos
worker_008_task_010,worker_008,case08,8,20260529,20268929,20268929,new20x20,20x20,shortest_path,400,,not_checked,,,new20x20,new_instances/20x20,new_instances/20x20,0.01,400,1000,1,9000,9001,10000,true,results/batch/fpp_new_instances_scaling_new20x20/splits/new20x20_seed20268929_train400_test1000_case8_train.csv,results/batch/fpp_new_instances_scaling_new20x20/splits/new20x20_seed20268929_train400_test1000_case8_test.csv,MeanCVaR,FPP-Branch-Benders-MeanCVaR-ProjectedCoverageLLBI-exp-RootCuts,FPP-Branch-Benders,,mean-cvar,0.9,0.5,coverage,exp,true,false,true,false,false,true,false,false,heuristic,0.10,eta-asc,true,true,100,100,1e-3,0,100000,1800,0.001,1,results/batch/fpp_new_instances_scaling_new20x20/splits,results/batch/fpp_new_instances_scaling_new20x20/workers/worker_008,results/batch/fpp_new_instances_scaling_new20x20/workers/worker_008/batch_results_worker_008.csv,results/batch/fpp_new_instances_scaling_new20x20/workers/worker_008/json/worker_008_task_010.json,results/batch/fpp_new_instances_scaling_new20x20/workers/worker_008/solutions,new20x20_case08_train400_test1000_alpha0p01_fpp_branch_benders_meancvar_projectedcoveragellbi_exp_rootcuts,run-fpp-branch-benders-oos
worker_008_task_011,worker_008,case08,8,20260529,20268929,20268929,new20x20,20x20,shortest_path,400,,not_checked,,,new20x20,new_instances/20x20,new_instances/20x20,0.01,400,1000,1,9000,9001,10000,true,results/batch/fpp_new_instances_scaling_new20x20/splits/new20x20_seed20268929_train400_test1000_case8_train.csv,results/batch/fpp_new_instances_scaling_new20x20/splits/new20x20_seed20268929_train400_test1000_case8_test.csv,MeanCVaR,FPP-Branch-Benders-MeanCVaR-ProjectedPathLLBI-exp-RootCuts,FPP-Branch-Benders,,mean-cvar,0.9,0.5,path,exp,true,false,true,false,false,false,true,false,heuristic,0.10,eta-asc,true,true,100,100,1e-3,0,100000,1800,0.001,1,results/batch/fpp_new_instances_scaling_new20x20/splits,results/batch/fpp_new_instances_scaling_new20x20/workers/worker_008,results/batch/fpp_new_instances_scaling_new20x20/workers/worker_008/batch_results_worker_008.csv,results/batch/fpp_new_instances_scaling_new20x20/workers/worker_008/json/worker_008_task_011.json,results/batch/fpp_new_instances_scaling_new20x20/workers/worker_008/solutions,new20x20_case08_train400_test1000_alpha0p01_fpp_branch_benders_meancvar_projectedpathllbi_exp_rootcuts,run-fpp-branch-benders-oos
worker_009_task_000,worker_009,case09,9,20260529,20269929,20269929,new20x20,20x20,shortest_path,400,,not_checked,,,new20x20,new_instances/20x20,new_instances/20x20,0.01,400,1000,1,9000,9001,10000,true,results/batch/fpp_new_instances_scaling_new20x20/splits/new20x20_seed20269929_train400_test1000_case9_train.csv,results/batch/fpp_new_instances_scaling_new20x20/splits/new20x20_seed20269929_train400_test1000_case9_test.csv,MeanCVaR,FPP-SAA-MeanCVaR,FPP-SAA,fpp_base,mean-cvar,0.9,0.5,none,none,false,false,false,false,false,false,false,false,heuristic,0.10,eta-asc,true,true,100,100,1e-3,0,100000,1800,0.001,1,results/batch/fpp_new_instances_scaling_new20x20/splits,results/batch/fpp_new_instances_scaling_new20x20/workers/worker_009,results/batch/fpp_new_instances_scaling_new20x20/workers/worker_009/batch_results_worker_009.csv,results/batch/fpp_new_instances_scaling_new20x20/workers/worker_009/json/worker_009_task_000.json,results/batch/fpp_new_instances_scaling_new20x20/workers/worker_009/solutions,new20x20_case09_train400_test1000_alpha0p01_fpp_saa_meancvar,run-fpp-saa-oos
worker_009_task_001,worker_009,case09,9,20260529,20269929,20269929,new20x20,20x20,shortest_path,400,,not_checked,,,new20x20,new_instances/20x20,new_instances/20x20,0.01,400,1000,1,9000,9001,10000,true,results/batch/fpp_new_instances_scaling_new20x20/splits/new20x20_seed20269929_train400_test1000_case9_train.csv,results/batch/fpp_new_instances_scaling_new20x20/splits/new20x20_seed20269929_train400_test1000_case9_test.csv,Expected,FPP-Branch-Benders-LLBI-RootCuts,FPP-Branch-Benders,,expected,0.9,1.0,none,none,true,true,false,false,false,false,false,false,heuristic,0.10,eta-asc,true,true,100,100,1e-3,0,100000,1800,0.001,1,results/batch/fpp_new_instances_scaling_new20x20/splits,results/batch/fpp_new_instances_scaling_new20x20/workers/worker_009,results/batch/fpp_new_instances_scaling_new20x20/workers/worker_009/batch_results_worker_009.csv,results/batch/fpp_new_instances_scaling_new20x20/workers/worker_009/json/worker_009_task_001.json,results/batch/fpp_new_instances_scaling_new20x20/workers/worker_009/solutions,new20x20_case09_train400_test1000_alpha0p01_fpp_branch_benders_llbi_rootcuts,run-fpp-branch-benders-oos
worker_009_task_002,worker_009,case09,9,20260529,20269929,20269929,new20x20,20x20,shortest_path,400,,not_checked,,,new20x20,new_instances/20x20,new_instances/20x20,0.01,400,1000,1,9000,9001,10000,true,results/batch/fpp_new_instances_scaling_new20x20/splits/new20x20_seed20269929_train400_test1000_case9_train.csv,results/batch/fpp_new_instances_scaling_new20x20/splits/new20x20_seed20269929_train400_test1000_case9_test.csv,Expected,FPP-Branch-Benders-ProjectedCoverageLLBI-exp-RootCuts,FPP-Branch-Benders,,expected,0.9,1.0,coverage,exp,true,false,true,false,false,true,false,false,heuristic,0.10,eta-asc,true,true,100,100,1e-3,0,100000,1800,0.001,1,results/batch/fpp_new_instances_scaling_new20x20/splits,results/batch/fpp_new_instances_scaling_new20x20/workers/worker_009,results/batch/fpp_new_instances_scaling_new20x20/workers/worker_009/batch_results_worker_009.csv,results/batch/fpp_new_instances_scaling_new20x20/workers/worker_009/json/worker_009_task_002.json,results/batch/fpp_new_instances_scaling_new20x20/workers/worker_009/solutions,new20x20_case09_train400_test1000_alpha0p01_fpp_branch_benders_projectedcoveragellbi_exp_rootcuts,run-fpp-branch-benders-oos
worker_009_task_003,worker_009,case09,9,20260529,20269929,20269929,new20x20,20x20,shortest_path,400,,not_checked,,,new20x20,new_instances/20x20,new_instances/20x20,0.01,400,1000,1,9000,9001,10000,true,results/batch/fpp_new_instances_scaling_new20x20/splits/new20x20_seed20269929_train400_test1000_case9_train.csv,results/batch/fpp_new_instances_scaling_new20x20/splits/new20x20_seed20269929_train400_test1000_case9_test.csv,Expected,FPP-Branch-Benders-ProjectedPathLLBI-exp-RootCuts,FPP-Branch-Benders,,expected,0.9,1.0,path,exp,true,false,true,false,false,false,true,false,heuristic,0.10,eta-asc,true,true,100,100,1e-3,0,100000,1800,0.001,1,results/batch/fpp_new_instances_scaling_new20x20/splits,results/batch/fpp_new_instances_scaling_new20x20/workers/worker_009,results/batch/fpp_new_instances_scaling_new20x20/workers/worker_009/batch_results_worker_009.csv,results/batch/fpp_new_instances_scaling_new20x20/workers/worker_009/json/worker_009_task_003.json,results/batch/fpp_new_instances_scaling_new20x20/workers/worker_009/solutions,new20x20_case09_train400_test1000_alpha0p01_fpp_branch_benders_projectedpathllbi_exp_rootcuts,run-fpp-branch-benders-oos
worker_009_task_004,worker_009,case09,9,20260529,20269929,20269929,new20x20,20x20,shortest_path,400,,not_checked,,,new20x20,new_instances/20x20,new_instances/20x20,0.01,400,1000,1,9000,9001,10000,true,results/batch/fpp_new_instances_scaling_new20x20/splits/new20x20_seed20269929_train400_test1000_case9_train.csv,results/batch/fpp_new_instances_scaling_new20x20/splits/new20x20_seed20269929_train400_test1000_case9_test.csv,CVaR,FPP-Branch-Benders-CVaR-RootCuts,FPP-Branch-Benders,,cvar,0.9,1.0,none,none,true,false,false,false,false,false,false,false,heuristic,0.10,eta-asc,true,true,100,100,1e-3,0,100000,1800,0.001,1,results/batch/fpp_new_instances_scaling_new20x20/splits,results/batch/fpp_new_instances_scaling_new20x20/workers/worker_009,results/batch/fpp_new_instances_scaling_new20x20/workers/worker_009/batch_results_worker_009.csv,results/batch/fpp_new_instances_scaling_new20x20/workers/worker_009/json/worker_009_task_004.json,results/batch/fpp_new_instances_scaling_new20x20/workers/worker_009/solutions,new20x20_case09_train400_test1000_alpha0p01_fpp_branch_benders_cvar_rootcuts,run-fpp-branch-benders-oos
worker_009_task_005,worker_009,case09,9,20260529,20269929,20269929,new20x20,20x20,shortest_path,400,,not_checked,,,new20x20,new_instances/20x20,new_instances/20x20,0.01,400,1000,1,9000,9001,10000,true,results/batch/fpp_new_instances_scaling_new20x20/splits/new20x20_seed20269929_train400_test1000_case9_train.csv,results/batch/fpp_new_instances_scaling_new20x20/splits/new20x20_seed20269929_train400_test1000_case9_test.csv,CVaR,FPP-Branch-Benders-CVaR-LLBI-RootCuts,FPP-Branch-Benders,,cvar,0.9,1.0,none,none,true,true,false,false,false,false,false,false,heuristic,0.10,eta-asc,true,true,100,100,1e-3,0,100000,1800,0.001,1,results/batch/fpp_new_instances_scaling_new20x20/splits,results/batch/fpp_new_instances_scaling_new20x20/workers/worker_009,results/batch/fpp_new_instances_scaling_new20x20/workers/worker_009/batch_results_worker_009.csv,results/batch/fpp_new_instances_scaling_new20x20/workers/worker_009/json/worker_009_task_005.json,results/batch/fpp_new_instances_scaling_new20x20/workers/worker_009/solutions,new20x20_case09_train400_test1000_alpha0p01_fpp_branch_benders_cvar_llbi_rootcuts,run-fpp-branch-benders-oos
worker_009_task_006,worker_009,case09,9,20260529,20269929,20269929,new20x20,20x20,shortest_path,400,,not_checked,,,new20x20,new_instances/20x20,new_instances/20x20,0.01,400,1000,1,9000,9001,10000,true,results/batch/fpp_new_instances_scaling_new20x20/splits/new20x20_seed20269929_train400_test1000_case9_train.csv,results/batch/fpp_new_instances_scaling_new20x20/splits/new20x20_seed20269929_train400_test1000_case9_test.csv,CVaR,FPP-Branch-Benders-CVaR-ProjectedCoverageLLBI-exp-RootCuts,FPP-Branch-Benders,,cvar,0.9,1.0,coverage,exp,true,false,true,false,false,true,false,false,heuristic,0.10,eta-asc,true,true,100,100,1e-3,0,100000,1800,0.001,1,results/batch/fpp_new_instances_scaling_new20x20/splits,results/batch/fpp_new_instances_scaling_new20x20/workers/worker_009,results/batch/fpp_new_instances_scaling_new20x20/workers/worker_009/batch_results_worker_009.csv,results/batch/fpp_new_instances_scaling_new20x20/workers/worker_009/json/worker_009_task_006.json,results/batch/fpp_new_instances_scaling_new20x20/workers/worker_009/solutions,new20x20_case09_train400_test1000_alpha0p01_fpp_branch_benders_cvar_projectedcoveragellbi_exp_rootcuts,run-fpp-branch-benders-oos
worker_009_task_007,worker_009,case09,9,20260529,20269929,20269929,new20x20,20x20,shortest_path,400,,not_checked,,,new20x20,new_instances/20x20,new_instances/20x20,0.01,400,1000,1,9000,9001,10000,true,results/batch/fpp_new_instances_scaling_new20x20/splits/new20x20_seed20269929_train400_test1000_case9_train.csv,results/batch/fpp_new_instances_scaling_new20x20/splits/new20x20_seed20269929_train400_test1000_case9_test.csv,CVaR,FPP-Branch-Benders-CVaR-ProjectedPathLLBI-exp-RootCuts,FPP-Branch-Benders,,cvar,0.9,1.0,path,exp,true,false,true,false,false,false,true,false,heuristic,0.10,eta-asc,true,true,100,100,1e-3,0,100000,1800,0.001,1,results/batch/fpp_new_instances_scaling_new20x20/splits,results/batch/fpp_new_instances_scaling_new20x20/workers/worker_009,results/batch/fpp_new_instances_scaling_new20x20/workers/worker_009/batch_results_worker_009.csv,results/batch/fpp_new_instances_scaling_new20x20/workers/worker_009/json/worker_009_task_007.json,results/batch/fpp_new_instances_scaling_new20x20/workers/worker_009/solutions,new20x20_case09_train400_test1000_alpha0p01_fpp_branch_benders_cvar_projectedpathllbi_exp_rootcuts,run-fpp-branch-benders-oos
worker_009_task_008,worker_009,case09,9,20260529,20269929,20269929,new20x20,20x20,shortest_path,400,,not_checked,,,new20x20,new_instances/20x20,new_instances/20x20,0.01,400,1000,1,9000,9001,10000,true,results/batch/fpp_new_instances_scaling_new20x20/splits/new20x20_seed20269929_train400_test1000_case9_train.csv,results/batch/fpp_new_instances_scaling_new20x20/splits/new20x20_seed20269929_train400_test1000_case9_test.csv,MeanCVaR,FPP-Branch-Benders-MeanCVaR-RootCuts,FPP-Branch-Benders,,mean-cvar,0.9,0.5,none,none,true,false,false,false,false,false,false,false,heuristic,0.10,eta-asc,true,true,100,100,1e-3,0,100000,1800,0.001,1,results/batch/fpp_new_instances_scaling_new20x20/splits,results/batch/fpp_new_instances_scaling_new20x20/workers/worker_009,results/batch/fpp_new_instances_scaling_new20x20/workers/worker_009/batch_results_worker_009.csv,results/batch/fpp_new_instances_scaling_new20x20/workers/worker_009/json/worker_009_task_008.json,results/batch/fpp_new_instances_scaling_new20x20/workers/worker_009/solutions,new20x20_case09_train400_test1000_alpha0p01_fpp_branch_benders_meancvar_rootcuts,run-fpp-branch-benders-oos
worker_009_task_009,worker_009,case09,9,20260529,20269929,20269929,new20x20,20x20,shortest_path,400,,not_checked,,,new20x20,new_instances/20x20,new_instances/20x20,0.01,400,1000,1,9000,9001,10000,true,results/batch/fpp_new_instances_scaling_new20x20/splits/new20x20_seed20269929_train400_test1000_case9_train.csv,results/batch/fpp_new_instances_scaling_new20x20/splits/new20x20_seed20269929_train400_test1000_case9_test.csv,MeanCVaR,FPP-Branch-Benders-MeanCVaR-LLBI-RootCuts,FPP-Branch-Benders,,mean-cvar,0.9,0.5,none,none,true,true,false,false,false,false,false,false,heuristic,0.10,eta-asc,true,true,100,100,1e-3,0,100000,1800,0.001,1,results/batch/fpp_new_instances_scaling_new20x20/splits,results/batch/fpp_new_instances_scaling_new20x20/workers/worker_009,results/batch/fpp_new_instances_scaling_new20x20/workers/worker_009/batch_results_worker_009.csv,results/batch/fpp_new_instances_scaling_new20x20/workers/worker_009/json/worker_009_task_009.json,results/batch/fpp_new_instances_scaling_new20x20/workers/worker_009/solutions,new20x20_case09_train400_test1000_alpha0p01_fpp_branch_benders_meancvar_llbi_rootcuts,run-fpp-branch-benders-oos
worker_009_task_010,worker_009,case09,9,20260529,20269929,20269929,new20x20,20x20,shortest_path,400,,not_checked,,,new20x20,new_instances/20x20,new_instances/20x20,0.01,400,1000,1,9000,9001,10000,true,results/batch/fpp_new_instances_scaling_new20x20/splits/new20x20_seed20269929_train400_test1000_case9_train.csv,results/batch/fpp_new_instances_scaling_new20x20/splits/new20x20_seed20269929_train400_test1000_case9_test.csv,MeanCVaR,FPP-Branch-Benders-MeanCVaR-ProjectedCoverageLLBI-exp-RootCuts,FPP-Branch-Benders,,mean-cvar,0.9,0.5,coverage,exp,true,false,true,false,false,true,false,false,heuristic,0.10,eta-asc,true,true,100,100,1e-3,0,100000,1800,0.001,1,results/batch/fpp_new_instances_scaling_new20x20/splits,results/batch/fpp_new_instances_scaling_new20x20/workers/worker_009,results/batch/fpp_new_instances_scaling_new20x20/workers/worker_009/batch_results_worker_009.csv,results/batch/fpp_new_instances_scaling_new20x20/workers/worker_009/json/worker_009_task_010.json,results/batch/fpp_new_instances_scaling_new20x20/workers/worker_009/solutions,new20x20_case09_train400_test1000_alpha0p01_fpp_branch_benders_meancvar_projectedcoveragellbi_exp_rootcuts,run-fpp-branch-benders-oos
worker_009_task_011,worker_009,case09,9,20260529,20269929,20269929,new20x20,20x20,shortest_path,400,,not_checked,,,new20x20,new_instances/20x20,new_instances/20x20,0.01,400,1000,1,9000,9001,10000,true,results/batch/fpp_new_instances_scaling_new20x20/splits/new20x20_seed20269929_train400_test1000_case9_train.csv,results/batch/fpp_new_instances_scaling_new20x20/splits/new20x20_seed20269929_train400_test1000_case9_test.csv,MeanCVaR,FPP-Branch-Benders-MeanCVaR-ProjectedPathLLBI-exp-RootCuts,FPP-Branch-Benders,,mean-cvar,0.9,0.5,path,exp,true,false,true,false,false,false,true,false,heuristic,0.10,eta-asc,true,true,100,100,1e-3,0,100000,1800,0.001,1,results/batch/fpp_new_instances_scaling_new20x20/splits,results/batch/fpp_new_instances_scaling_new20x20/workers/worker_009,results/batch/fpp_new_instances_scaling_new20x20/workers/worker_009/batch_results_worker_009.csv,results/batch/fpp_new_instances_scaling_new20x20/workers/worker_009/json/worker_009_task_011.json,results/batch/fpp_new_instances_scaling_new20x20/workers/worker_009/solutions,new20x20_case09_train400_test1000_alpha0p01_fpp_branch_benders_meancvar_projectedpathllbi_exp_rootcuts,run-fpp-branch-benders-oos
worker_010_task_000,worker_010,case00,0,20260529,20260929,20260929,new20x20,20x20,shortest_path,400,,not_checked,,,new20x20,new_instances/20x20,new_instances/20x20,0.02,400,1000,1,9000,9001,10000,true,results/batch/fpp_new_instances_scaling_new20x20/splits/new20x20_seed20260929_train400_test1000_case0_train.csv,results/batch/fpp_new_instances_scaling_new20x20/splits/new20x20_seed20260929_train400_test1000_case0_test.csv,MeanCVaR,FPP-SAA-MeanCVaR,FPP-SAA,fpp_base,mean-cvar,0.9,0.5,none,none,false,false,false,false,false,false,false,false,heuristic,0.10,eta-asc,true,true,100,100,1e-3,0,100000,1800,0.001,1,results/batch/fpp_new_instances_scaling_new20x20/splits,results/batch/fpp_new_instances_scaling_new20x20/workers/worker_010,results/batch/fpp_new_instances_scaling_new20x20/workers/worker_010/batch_results_worker_010.csv,results/batch/fpp_new_instances_scaling_new20x20/workers/worker_010/json/worker_010_task_000.json,results/batch/fpp_new_instances_scaling_new20x20/workers/worker_010/solutions,new20x20_case00_train400_test1000_alpha0p02_fpp_saa_meancvar,run-fpp-saa-oos
worker_010_task_001,worker_010,case00,0,20260529,20260929,20260929,new20x20,20x20,shortest_path,400,,not_checked,,,new20x20,new_instances/20x20,new_instances/20x20,0.02,400,1000,1,9000,9001,10000,true,results/batch/fpp_new_instances_scaling_new20x20/splits/new20x20_seed20260929_train400_test1000_case0_train.csv,results/batch/fpp_new_instances_scaling_new20x20/splits/new20x20_seed20260929_train400_test1000_case0_test.csv,Expected,FPP-Branch-Benders-LLBI-RootCuts,FPP-Branch-Benders,,expected,0.9,1.0,none,none,true,true,false,false,false,false,false,false,heuristic,0.10,eta-asc,true,true,100,100,1e-3,0,100000,1800,0.001,1,results/batch/fpp_new_instances_scaling_new20x20/splits,results/batch/fpp_new_instances_scaling_new20x20/workers/worker_010,results/batch/fpp_new_instances_scaling_new20x20/workers/worker_010/batch_results_worker_010.csv,results/batch/fpp_new_instances_scaling_new20x20/workers/worker_010/json/worker_010_task_001.json,results/batch/fpp_new_instances_scaling_new20x20/workers/worker_010/solutions,new20x20_case00_train400_test1000_alpha0p02_fpp_branch_benders_llbi_rootcuts,run-fpp-branch-benders-oos
worker_010_task_002,worker_010,case00,0,20260529,20260929,20260929,new20x20,20x20,shortest_path,400,,not_checked,,,new20x20,new_instances/20x20,new_instances/20x20,0.02,400,1000,1,9000,9001,10000,true,results/batch/fpp_new_instances_scaling_new20x20/splits/new20x20_seed20260929_train400_test1000_case0_train.csv,results/batch/fpp_new_instances_scaling_new20x20/splits/new20x20_seed20260929_train400_test1000_case0_test.csv,Expected,FPP-Branch-Benders-ProjectedCoverageLLBI-exp-RootCuts,FPP-Branch-Benders,,expected,0.9,1.0,coverage,exp,true,false,true,false,false,true,false,false,heuristic,0.10,eta-asc,true,true,100,100,1e-3,0,100000,1800,0.001,1,results/batch/fpp_new_instances_scaling_new20x20/splits,results/batch/fpp_new_instances_scaling_new20x20/workers/worker_010,results/batch/fpp_new_instances_scaling_new20x20/workers/worker_010/batch_results_worker_010.csv,results/batch/fpp_new_instances_scaling_new20x20/workers/worker_010/json/worker_010_task_002.json,results/batch/fpp_new_instances_scaling_new20x20/workers/worker_010/solutions,new20x20_case00_train400_test1000_alpha0p02_fpp_branch_benders_projectedcoveragellbi_exp_rootcuts,run-fpp-branch-benders-oos
worker_010_task_003,worker_010,case00,0,20260529,20260929,20260929,new20x20,20x20,shortest_path,400,,not_checked,,,new20x20,new_instances/20x20,new_instances/20x20,0.02,400,1000,1,9000,9001,10000,true,results/batch/fpp_new_instances_scaling_new20x20/splits/new20x20_seed20260929_train400_test1000_case0_train.csv,results/batch/fpp_new_instances_scaling_new20x20/splits/new20x20_seed20260929_train400_test1000_case0_test.csv,Expected,FPP-Branch-Benders-ProjectedPathLLBI-exp-RootCuts,FPP-Branch-Benders,,expected,0.9,1.0,path,exp,true,false,true,false,false,false,true,false,heuristic,0.10,eta-asc,true,true,100,100,1e-3,0,100000,1800,0.001,1,results/batch/fpp_new_instances_scaling_new20x20/splits,results/batch/fpp_new_instances_scaling_new20x20/workers/worker_010,results/batch/fpp_new_instances_scaling_new20x20/workers/worker_010/batch_results_worker_010.csv,results/batch/fpp_new_instances_scaling_new20x20/workers/worker_010/json/worker_010_task_003.json,results/batch/fpp_new_instances_scaling_new20x20/workers/worker_010/solutions,new20x20_case00_train400_test1000_alpha0p02_fpp_branch_benders_projectedpathllbi_exp_rootcuts,run-fpp-branch-benders-oos
worker_010_task_004,worker_010,case00,0,20260529,20260929,20260929,new20x20,20x20,shortest_path,400,,not_checked,,,new20x20,new_instances/20x20,new_instances/20x20,0.02,400,1000,1,9000,9001,10000,true,results/batch/fpp_new_instances_scaling_new20x20/splits/new20x20_seed20260929_train400_test1000_case0_train.csv,results/batch/fpp_new_instances_scaling_new20x20/splits/new20x20_seed20260929_train400_test1000_case0_test.csv,CVaR,FPP-Branch-Benders-CVaR-RootCuts,FPP-Branch-Benders,,cvar,0.9,1.0,none,none,true,false,false,false,false,false,false,false,heuristic,0.10,eta-asc,true,true,100,100,1e-3,0,100000,1800,0.001,1,results/batch/fpp_new_instances_scaling_new20x20/splits,results/batch/fpp_new_instances_scaling_new20x20/workers/worker_010,results/batch/fpp_new_instances_scaling_new20x20/workers/worker_010/batch_results_worker_010.csv,results/batch/fpp_new_instances_scaling_new20x20/workers/worker_010/json/worker_010_task_004.json,results/batch/fpp_new_instances_scaling_new20x20/workers/worker_010/solutions,new20x20_case00_train400_test1000_alpha0p02_fpp_branch_benders_cvar_rootcuts,run-fpp-branch-benders-oos
worker_010_task_005,worker_010,case00,0,20260529,20260929,20260929,new20x20,20x20,shortest_path,400,,not_checked,,,new20x20,new_instances/20x20,new_instances/20x20,0.02,400,1000,1,9000,9001,10000,true,results/batch/fpp_new_instances_scaling_new20x20/splits/new20x20_seed20260929_train400_test1000_case0_train.csv,results/batch/fpp_new_instances_scaling_new20x20/splits/new20x20_seed20260929_train400_test1000_case0_test.csv,CVaR,FPP-Branch-Benders-CVaR-LLBI-RootCuts,FPP-Branch-Benders,,cvar,0.9,1.0,none,none,true,true,false,false,false,false,false,false,heuristic,0.10,eta-asc,true,true,100,100,1e-3,0,100000,1800,0.001,1,results/batch/fpp_new_instances_scaling_new20x20/splits,results/batch/fpp_new_instances_scaling_new20x20/workers/worker_010,results/batch/fpp_new_instances_scaling_new20x20/workers/worker_010/batch_results_worker_010.csv,results/batch/fpp_new_instances_scaling_new20x20/workers/worker_010/json/worker_010_task_005.json,results/batch/fpp_new_instances_scaling_new20x20/workers/worker_010/solutions,new20x20_case00_train400_test1000_alpha0p02_fpp_branch_benders_cvar_llbi_rootcuts,run-fpp-branch-benders-oos
worker_010_task_006,worker_010,case00,0,20260529,20260929,20260929,new20x20,20x20,shortest_path,400,,not_checked,,,new20x20,new_instances/20x20,new_instances/20x20,0.02,400,1000,1,9000,9001,10000,true,results/batch/fpp_new_instances_scaling_new20x20/splits/new20x20_seed20260929_train400_test1000_case0_train.csv,results/batch/fpp_new_instances_scaling_new20x20/splits/new20x20_seed20260929_train400_test1000_case0_test.csv,CVaR,FPP-Branch-Benders-CVaR-ProjectedCoverageLLBI-exp-RootCuts,FPP-Branch-Benders,,cvar,0.9,1.0,coverage,exp,true,false,true,false,false,true,false,false,heuristic,0.10,eta-asc,true,true,100,100,1e-3,0,100000,1800,0.001,1,results/batch/fpp_new_instances_scaling_new20x20/splits,results/batch/fpp_new_instances_scaling_new20x20/workers/worker_010,results/batch/fpp_new_instances_scaling_new20x20/workers/worker_010/batch_results_worker_010.csv,results/batch/fpp_new_instances_scaling_new20x20/workers/worker_010/json/worker_010_task_006.json,results/batch/fpp_new_instances_scaling_new20x20/workers/worker_010/solutions,new20x20_case00_train400_test1000_alpha0p02_fpp_branch_benders_cvar_projectedcoveragellbi_exp_rootcuts,run-fpp-branch-benders-oos
worker_010_task_007,worker_010,case00,0,20260529,20260929,20260929,new20x20,20x20,shortest_path,400,,not_checked,,,new20x20,new_instances/20x20,new_instances/20x20,0.02,400,1000,1,9000,9001,10000,true,results/batch/fpp_new_instances_scaling_new20x20/splits/new20x20_seed20260929_train400_test1000_case0_train.csv,results/batch/fpp_new_instances_scaling_new20x20/splits/new20x20_seed20260929_train400_test1000_case0_test.csv,CVaR,FPP-Branch-Benders-CVaR-ProjectedPathLLBI-exp-RootCuts,FPP-Branch-Benders,,cvar,0.9,1.0,path,exp,true,false,true,false,false,false,true,false,heuristic,0.10,eta-asc,true,true,100,100,1e-3,0,100000,1800,0.001,1,results/batch/fpp_new_instances_scaling_new20x20/splits,results/batch/fpp_new_instances_scaling_new20x20/workers/worker_010,results/batch/fpp_new_instances_scaling_new20x20/workers/worker_010/batch_results_worker_010.csv,results/batch/fpp_new_instances_scaling_new20x20/workers/worker_010/json/worker_010_task_007.json,results/batch/fpp_new_instances_scaling_new20x20/workers/worker_010/solutions,new20x20_case00_train400_test1000_alpha0p02_fpp_branch_benders_cvar_projectedpathllbi_exp_rootcuts,run-fpp-branch-benders-oos
worker_010_task_008,worker_010,case00,0,20260529,20260929,20260929,new20x20,20x20,shortest_path,400,,not_checked,,,new20x20,new_instances/20x20,new_instances/20x20,0.02,400,1000,1,9000,9001,10000,true,results/batch/fpp_new_instances_scaling_new20x20/splits/new20x20_seed20260929_train400_test1000_case0_train.csv,results/batch/fpp_new_instances_scaling_new20x20/splits/new20x20_seed20260929_train400_test1000_case0_test.csv,MeanCVaR,FPP-Branch-Benders-MeanCVaR-RootCuts,FPP-Branch-Benders,,mean-cvar,0.9,0.5,none,none,true,false,false,false,false,false,false,false,heuristic,0.10,eta-asc,true,true,100,100,1e-3,0,100000,1800,0.001,1,results/batch/fpp_new_instances_scaling_new20x20/splits,results/batch/fpp_new_instances_scaling_new20x20/workers/worker_010,results/batch/fpp_new_instances_scaling_new20x20/workers/worker_010/batch_results_worker_010.csv,results/batch/fpp_new_instances_scaling_new20x20/workers/worker_010/json/worker_010_task_008.json,results/batch/fpp_new_instances_scaling_new20x20/workers/worker_010/solutions,new20x20_case00_train400_test1000_alpha0p02_fpp_branch_benders_meancvar_rootcuts,run-fpp-branch-benders-oos
worker_010_task_009,worker_010,case00,0,20260529,20260929,20260929,new20x20,20x20,shortest_path,400,,not_checked,,,new20x20,new_instances/20x20,new_instances/20x20,0.02,400,1000,1,9000,9001,10000,true,results/batch/fpp_new_instances_scaling_new20x20/splits/new20x20_seed20260929_train400_test1000_case0_train.csv,results/batch/fpp_new_instances_scaling_new20x20/splits/new20x20_seed20260929_train400_test1000_case0_test.csv,MeanCVaR,FPP-Branch-Benders-MeanCVaR-LLBI-RootCuts,FPP-Branch-Benders,,mean-cvar,0.9,0.5,none,none,true,true,false,false,false,false,false,false,heuristic,0.10,eta-asc,true,true,100,100,1e-3,0,100000,1800,0.001,1,results/batch/fpp_new_instances_scaling_new20x20/splits,results/batch/fpp_new_instances_scaling_new20x20/workers/worker_010,results/batch/fpp_new_instances_scaling_new20x20/workers/worker_010/batch_results_worker_010.csv,results/batch/fpp_new_instances_scaling_new20x20/workers/worker_010/json/worker_010_task_009.json,results/batch/fpp_new_instances_scaling_new20x20/workers/worker_010/solutions,new20x20_case00_train400_test1000_alpha0p02_fpp_branch_benders_meancvar_llbi_rootcuts,run-fpp-branch-benders-oos
worker_010_task_010,worker_010,case00,0,20260529,20260929,20260929,new20x20,20x20,shortest_path,400,,not_checked,,,new20x20,new_instances/20x20,new_instances/20x20,0.02,400,1000,1,9000,9001,10000,true,results/batch/fpp_new_instances_scaling_new20x20/splits/new20x20_seed20260929_train400_test1000_case0_train.csv,results/batch/fpp_new_instances_scaling_new20x20/splits/new20x20_seed20260929_train400_test1000_case0_test.csv,MeanCVaR,FPP-Branch-Benders-MeanCVaR-ProjectedCoverageLLBI-exp-RootCuts,FPP-Branch-Benders,,mean-cvar,0.9,0.5,coverage,exp,true,false,true,false,false,true,false,false,heuristic,0.10,eta-asc,true,true,100,100,1e-3,0,100000,1800,0.001,1,results/batch/fpp_new_instances_scaling_new20x20/splits,results/batch/fpp_new_instances_scaling_new20x20/workers/worker_010,results/batch/fpp_new_instances_scaling_new20x20/workers/worker_010/batch_results_worker_010.csv,results/batch/fpp_new_instances_scaling_new20x20/workers/worker_010/json/worker_010_task_010.json,results/batch/fpp_new_instances_scaling_new20x20/workers/worker_010/solutions,new20x20_case00_train400_test1000_alpha0p02_fpp_branch_benders_meancvar_projectedcoveragellbi_exp_rootcuts,run-fpp-branch-benders-oos
worker_010_task_011,worker_010,case00,0,20260529,20260929,20260929,new20x20,20x20,shortest_path,400,,not_checked,,,new20x20,new_instances/20x20,new_instances/20x20,0.02,400,1000,1,9000,9001,10000,true,results/batch/fpp_new_instances_scaling_new20x20/splits/new20x20_seed20260929_train400_test1000_case0_train.csv,results/batch/fpp_new_instances_scaling_new20x20/splits/new20x20_seed20260929_train400_test1000_case0_test.csv,MeanCVaR,FPP-Branch-Benders-MeanCVaR-ProjectedPathLLBI-exp-RootCuts,FPP-Branch-Benders,,mean-cvar,0.9,0.5,path,exp,true,false,true,false,false,false,true,false,heuristic,0.10,eta-asc,true,true,100,100,1e-3,0,100000,1800,0.001,1,results/batch/fpp_new_instances_scaling_new20x20/splits,results/batch/fpp_new_instances_scaling_new20x20/workers/worker_010,results/batch/fpp_new_instances_scaling_new20x20/workers/worker_010/batch_results_worker_010.csv,results/batch/fpp_new_instances_scaling_new20x20/workers/worker_010/json/worker_010_task_011.json,results/batch/fpp_new_instances_scaling_new20x20/workers/worker_010/solutions,new20x20_case00_train400_test1000_alpha0p02_fpp_branch_benders_meancvar_projectedpathllbi_exp_rootcuts,run-fpp-branch-benders-oos
worker_011_task_000,worker_011,case01,1,20260529,20261929,20261929,new20x20,20x20,shortest_path,400,,not_checked,,,new20x20,new_instances/20x20,new_instances/20x20,0.02,400,1000,1,9000,9001,10000,true,results/batch/fpp_new_instances_scaling_new20x20/splits/new20x20_seed20261929_train400_test1000_case1_train.csv,results/batch/fpp_new_instances_scaling_new20x20/splits/new20x20_seed20261929_train400_test1000_case1_test.csv,MeanCVaR,FPP-SAA-MeanCVaR,FPP-SAA,fpp_base,mean-cvar,0.9,0.5,none,none,false,false,false,false,false,false,false,false,heuristic,0.10,eta-asc,true,true,100,100,1e-3,0,100000,1800,0.001,1,results/batch/fpp_new_instances_scaling_new20x20/splits,results/batch/fpp_new_instances_scaling_new20x20/workers/worker_011,results/batch/fpp_new_instances_scaling_new20x20/workers/worker_011/batch_results_worker_011.csv,results/batch/fpp_new_instances_scaling_new20x20/workers/worker_011/json/worker_011_task_000.json,results/batch/fpp_new_instances_scaling_new20x20/workers/worker_011/solutions,new20x20_case01_train400_test1000_alpha0p02_fpp_saa_meancvar,run-fpp-saa-oos
worker_011_task_001,worker_011,case01,1,20260529,20261929,20261929,new20x20,20x20,shortest_path,400,,not_checked,,,new20x20,new_instances/20x20,new_instances/20x20,0.02,400,1000,1,9000,9001,10000,true,results/batch/fpp_new_instances_scaling_new20x20/splits/new20x20_seed20261929_train400_test1000_case1_train.csv,results/batch/fpp_new_instances_scaling_new20x20/splits/new20x20_seed20261929_train400_test1000_case1_test.csv,Expected,FPP-Branch-Benders-LLBI-RootCuts,FPP-Branch-Benders,,expected,0.9,1.0,none,none,true,true,false,false,false,false,false,false,heuristic,0.10,eta-asc,true,true,100,100,1e-3,0,100000,1800,0.001,1,results/batch/fpp_new_instances_scaling_new20x20/splits,results/batch/fpp_new_instances_scaling_new20x20/workers/worker_011,results/batch/fpp_new_instances_scaling_new20x20/workers/worker_011/batch_results_worker_011.csv,results/batch/fpp_new_instances_scaling_new20x20/workers/worker_011/json/worker_011_task_001.json,results/batch/fpp_new_instances_scaling_new20x20/workers/worker_011/solutions,new20x20_case01_train400_test1000_alpha0p02_fpp_branch_benders_llbi_rootcuts,run-fpp-branch-benders-oos
worker_011_task_002,worker_011,case01,1,20260529,20261929,20261929,new20x20,20x20,shortest_path,400,,not_checked,,,new20x20,new_instances/20x20,new_instances/20x20,0.02,400,1000,1,9000,9001,10000,true,results/batch/fpp_new_instances_scaling_new20x20/splits/new20x20_seed20261929_train400_test1000_case1_train.csv,results/batch/fpp_new_instances_scaling_new20x20/splits/new20x20_seed20261929_train400_test1000_case1_test.csv,Expected,FPP-Branch-Benders-ProjectedCoverageLLBI-exp-RootCuts,FPP-Branch-Benders,,expected,0.9,1.0,coverage,exp,true,false,true,false,false,true,false,false,heuristic,0.10,eta-asc,true,true,100,100,1e-3,0,100000,1800,0.001,1,results/batch/fpp_new_instances_scaling_new20x20/splits,results/batch/fpp_new_instances_scaling_new20x20/workers/worker_011,results/batch/fpp_new_instances_scaling_new20x20/workers/worker_011/batch_results_worker_011.csv,results/batch/fpp_new_instances_scaling_new20x20/workers/worker_011/json/worker_011_task_002.json,results/batch/fpp_new_instances_scaling_new20x20/workers/worker_011/solutions,new20x20_case01_train400_test1000_alpha0p02_fpp_branch_benders_projectedcoveragellbi_exp_rootcuts,run-fpp-branch-benders-oos
worker_011_task_003,worker_011,case01,1,20260529,20261929,20261929,new20x20,20x20,shortest_path,400,,not_checked,,,new20x20,new_instances/20x20,new_instances/20x20,0.02,400,1000,1,9000,9001,10000,true,results/batch/fpp_new_instances_scaling_new20x20/splits/new20x20_seed20261929_train400_test1000_case1_train.csv,results/batch/fpp_new_instances_scaling_new20x20/splits/new20x20_seed20261929_train400_test1000_case1_test.csv,Expected,FPP-Branch-Benders-ProjectedPathLLBI-exp-RootCuts,FPP-Branch-Benders,,expected,0.9,1.0,path,exp,true,false,true,false,false,false,true,false,heuristic,0.10,eta-asc,true,true,100,100,1e-3,0,100000,1800,0.001,1,results/batch/fpp_new_instances_scaling_new20x20/splits,results/batch/fpp_new_instances_scaling_new20x20/workers/worker_011,results/batch/fpp_new_instances_scaling_new20x20/workers/worker_011/batch_results_worker_011.csv,results/batch/fpp_new_instances_scaling_new20x20/workers/worker_011/json/worker_011_task_003.json,results/batch/fpp_new_instances_scaling_new20x20/workers/worker_011/solutions,new20x20_case01_train400_test1000_alpha0p02_fpp_branch_benders_projectedpathllbi_exp_rootcuts,run-fpp-branch-benders-oos
worker_011_task_004,worker_011,case01,1,20260529,20261929,20261929,new20x20,20x20,shortest_path,400,,not_checked,,,new20x20,new_instances/20x20,new_instances/20x20,0.02,400,1000,1,9000,9001,10000,true,results/batch/fpp_new_instances_scaling_new20x20/splits/new20x20_seed20261929_train400_test1000_case1_train.csv,results/batch/fpp_new_instances_scaling_new20x20/splits/new20x20_seed20261929_train400_test1000_case1_test.csv,CVaR,FPP-Branch-Benders-CVaR-RootCuts,FPP-Branch-Benders,,cvar,0.9,1.0,none,none,true,false,false,false,false,false,false,false,heuristic,0.10,eta-asc,true,true,100,100,1e-3,0,100000,1800,0.001,1,results/batch/fpp_new_instances_scaling_new20x20/splits,results/batch/fpp_new_instances_scaling_new20x20/workers/worker_011,results/batch/fpp_new_instances_scaling_new20x20/workers/worker_011/batch_results_worker_011.csv,results/batch/fpp_new_instances_scaling_new20x20/workers/worker_011/json/worker_011_task_004.json,results/batch/fpp_new_instances_scaling_new20x20/workers/worker_011/solutions,new20x20_case01_train400_test1000_alpha0p02_fpp_branch_benders_cvar_rootcuts,run-fpp-branch-benders-oos
worker_011_task_005,worker_011,case01,1,20260529,20261929,20261929,new20x20,20x20,shortest_path,400,,not_checked,,,new20x20,new_instances/20x20,new_instances/20x20,0.02,400,1000,1,9000,9001,10000,true,results/batch/fpp_new_instances_scaling_new20x20/splits/new20x20_seed20261929_train400_test1000_case1_train.csv,results/batch/fpp_new_instances_scaling_new20x20/splits/new20x20_seed20261929_train400_test1000_case1_test.csv,CVaR,FPP-Branch-Benders-CVaR-LLBI-RootCuts,FPP-Branch-Benders,,cvar,0.9,1.0,none,none,true,true,false,false,false,false,false,false,heuristic,0.10,eta-asc,true,true,100,100,1e-3,0,100000,1800,0.001,1,results/batch/fpp_new_instances_scaling_new20x20/splits,results/batch/fpp_new_instances_scaling_new20x20/workers/worker_011,results/batch/fpp_new_instances_scaling_new20x20/workers/worker_011/batch_results_worker_011.csv,results/batch/fpp_new_instances_scaling_new20x20/workers/worker_011/json/worker_011_task_005.json,results/batch/fpp_new_instances_scaling_new20x20/workers/worker_011/solutions,new20x20_case01_train400_test1000_alpha0p02_fpp_branch_benders_cvar_llbi_rootcuts,run-fpp-branch-benders-oos
worker_011_task_006,worker_011,case01,1,20260529,20261929,20261929,new20x20,20x20,shortest_path,400,,not_checked,,,new20x20,new_instances/20x20,new_instances/20x20,0.02,400,1000,1,9000,9001,10000,true,results/batch/fpp_new_instances_scaling_new20x20/splits/new20x20_seed20261929_train400_test1000_case1_train.csv,results/batch/fpp_new_instances_scaling_new20x20/splits/new20x20_seed20261929_train400_test1000_case1_test.csv,CVaR,FPP-Branch-Benders-CVaR-ProjectedCoverageLLBI-exp-RootCuts,FPP-Branch-Benders,,cvar,0.9,1.0,coverage,exp,true,false,true,false,false,true,false,false,heuristic,0.10,eta-asc,true,true,100,100,1e-3,0,100000,1800,0.001,1,results/batch/fpp_new_instances_scaling_new20x20/splits,results/batch/fpp_new_instances_scaling_new20x20/workers/worker_011,results/batch/fpp_new_instances_scaling_new20x20/workers/worker_011/batch_results_worker_011.csv,results/batch/fpp_new_instances_scaling_new20x20/workers/worker_011/json/worker_011_task_006.json,results/batch/fpp_new_instances_scaling_new20x20/workers/worker_011/solutions,new20x20_case01_train400_test1000_alpha0p02_fpp_branch_benders_cvar_projectedcoveragellbi_exp_rootcuts,run-fpp-branch-benders-oos
worker_011_task_007,worker_011,case01,1,20260529,20261929,20261929,new20x20,20x20,shortest_path,400,,not_checked,,,new20x20,new_instances/20x20,new_instances/20x20,0.02,400,1000,1,9000,9001,10000,true,results/batch/fpp_new_instances_scaling_new20x20/splits/new20x20_seed20261929_train400_test1000_case1_train.csv,results/batch/fpp_new_instances_scaling_new20x20/splits/new20x20_seed20261929_train400_test1000_case1_test.csv,CVaR,FPP-Branch-Benders-CVaR-ProjectedPathLLBI-exp-RootCuts,FPP-Branch-Benders,,cvar,0.9,1.0,path,exp,true,false,true,false,false,false,true,false,heuristic,0.10,eta-asc,true,true,100,100,1e-3,0,100000,1800,0.001,1,results/batch/fpp_new_instances_scaling_new20x20/splits,results/batch/fpp_new_instances_scaling_new20x20/workers/worker_011,results/batch/fpp_new_instances_scaling_new20x20/workers/worker_011/batch_results_worker_011.csv,results/batch/fpp_new_instances_scaling_new20x20/workers/worker_011/json/worker_011_task_007.json,results/batch/fpp_new_instances_scaling_new20x20/workers/worker_011/solutions,new20x20_case01_train400_test1000_alpha0p02_fpp_branch_benders_cvar_projectedpathllbi_exp_rootcuts,run-fpp-branch-benders-oos
worker_011_task_008,worker_011,case01,1,20260529,20261929,20261929,new20x20,20x20,shortest_path,400,,not_checked,,,new20x20,new_instances/20x20,new_instances/20x20,0.02,400,1000,1,9000,9001,10000,true,results/batch/fpp_new_instances_scaling_new20x20/splits/new20x20_seed20261929_train400_test1000_case1_train.csv,results/batch/fpp_new_instances_scaling_new20x20/splits/new20x20_seed20261929_train400_test1000_case1_test.csv,MeanCVaR,FPP-Branch-Benders-MeanCVaR-RootCuts,FPP-Branch-Benders,,mean-cvar,0.9,0.5,none,none,true,false,false,false,false,false,false,false,heuristic,0.10,eta-asc,true,true,100,100,1e-3,0,100000,1800,0.001,1,results/batch/fpp_new_instances_scaling_new20x20/splits,results/batch/fpp_new_instances_scaling_new20x20/workers/worker_011,results/batch/fpp_new_instances_scaling_new20x20/workers/worker_011/batch_results_worker_011.csv,results/batch/fpp_new_instances_scaling_new20x20/workers/worker_011/json/worker_011_task_008.json,results/batch/fpp_new_instances_scaling_new20x20/workers/worker_011/solutions,new20x20_case01_train400_test1000_alpha0p02_fpp_branch_benders_meancvar_rootcuts,run-fpp-branch-benders-oos
worker_011_task_009,worker_011,case01,1,20260529,20261929,20261929,new20x20,20x20,shortest_path,400,,not_checked,,,new20x20,new_instances/20x20,new_instances/20x20,0.02,400,1000,1,9000,9001,10000,true,results/batch/fpp_new_instances_scaling_new20x20/splits/new20x20_seed20261929_train400_test1000_case1_train.csv,results/batch/fpp_new_instances_scaling_new20x20/splits/new20x20_seed20261929_train400_test1000_case1_test.csv,MeanCVaR,FPP-Branch-Benders-MeanCVaR-LLBI-RootCuts,FPP-Branch-Benders,,mean-cvar,0.9,0.5,none,none,true,true,false,false,false,false,false,false,heuristic,0.10,eta-asc,true,true,100,100,1e-3,0,100000,1800,0.001,1,results/batch/fpp_new_instances_scaling_new20x20/splits,results/batch/fpp_new_instances_scaling_new20x20/workers/worker_011,results/batch/fpp_new_instances_scaling_new20x20/workers/worker_011/batch_results_worker_011.csv,results/batch/fpp_new_instances_scaling_new20x20/workers/worker_011/json/worker_011_task_009.json,results/batch/fpp_new_instances_scaling_new20x20/workers/worker_011/solutions,new20x20_case01_train400_test1000_alpha0p02_fpp_branch_benders_meancvar_llbi_rootcuts,run-fpp-branch-benders-oos
worker_011_task_010,worker_011,case01,1,20260529,20261929,20261929,new20x20,20x20,shortest_path,400,,not_checked,,,new20x20,new_instances/20x20,new_instances/20x20,0.02,400,1000,1,9000,9001,10000,true,results/batch/fpp_new_instances_scaling_new20x20/splits/new20x20_seed20261929_train400_test1000_case1_train.csv,results/batch/fpp_new_instances_scaling_new20x20/splits/new20x20_seed20261929_train400_test1000_case1_test.csv,MeanCVaR,FPP-Branch-Benders-MeanCVaR-ProjectedCoverageLLBI-exp-RootCuts,FPP-Branch-Benders,,mean-cvar,0.9,0.5,coverage,exp,true,false,true,false,false,true,false,false,heuristic,0.10,eta-asc,true,true,100,100,1e-3,0,100000,1800,0.001,1,results/batch/fpp_new_instances_scaling_new20x20/splits,results/batch/fpp_new_instances_scaling_new20x20/workers/worker_011,results/batch/fpp_new_instances_scaling_new20x20/workers/worker_011/batch_results_worker_011.csv,results/batch/fpp_new_instances_scaling_new20x20/workers/worker_011/json/worker_011_task_010.json,results/batch/fpp_new_instances_scaling_new20x20/workers/worker_011/solutions,new20x20_case01_train400_test1000_alpha0p02_fpp_branch_benders_meancvar_projectedcoveragellbi_exp_rootcuts,run-fpp-branch-benders-oos
worker_011_task_011,worker_011,case01,1,20260529,20261929,20261929,new20x20,20x20,shortest_path,400,,not_checked,,,new20x20,new_instances/20x20,new_instances/20x20,0.02,400,1000,1,9000,9001,10000,true,results/batch/fpp_new_instances_scaling_new20x20/splits/new20x20_seed20261929_train400_test1000_case1_train.csv,results/batch/fpp_new_instances_scaling_new20x20/splits/new20x20_seed20261929_train400_test1000_case1_test.csv,MeanCVaR,FPP-Branch-Benders-MeanCVaR-ProjectedPathLLBI-exp-RootCuts,FPP-Branch-Benders,,mean-cvar,0.9,0.5,path,exp,true,false,true,false,false,false,true,false,heuristic,0.10,eta-asc,true,true,100,100,1e-3,0,100000,1800,0.001,1,results/batch/fpp_new_instances_scaling_new20x20/splits,results/batch/fpp_new_instances_scaling_new20x20/workers/worker_011,results/batch/fpp_new_instances_scaling_new20x20/workers/worker_011/batch_results_worker_011.csv,results/batch/fpp_new_instances_scaling_new20x20/workers/worker_011/json/worker_011_task_011.json,results/batch/fpp_new_instances_scaling_new20x20/workers/worker_011/solutions,new20x20_case01_train400_test1000_alpha0p02_fpp_branch_benders_meancvar_projectedpathllbi_exp_rootcuts,run-fpp-branch-benders-oos
worker_012_task_000,worker_012,case02,2,20260529,20262929,20262929,new20x20,20x20,shortest_path,400,,not_checked,,,new20x20,new_instances/20x20,new_instances/20x20,0.02,400,1000,1,9000,9001,10000,true,results/batch/fpp_new_instances_scaling_new20x20/splits/new20x20_seed20262929_train400_test1000_case2_train.csv,results/batch/fpp_new_instances_scaling_new20x20/splits/new20x20_seed20262929_train400_test1000_case2_test.csv,MeanCVaR,FPP-SAA-MeanCVaR,FPP-SAA,fpp_base,mean-cvar,0.9,0.5,none,none,false,false,false,false,false,false,false,false,heuristic,0.10,eta-asc,true,true,100,100,1e-3,0,100000,1800,0.001,1,results/batch/fpp_new_instances_scaling_new20x20/splits,results/batch/fpp_new_instances_scaling_new20x20/workers/worker_012,results/batch/fpp_new_instances_scaling_new20x20/workers/worker_012/batch_results_worker_012.csv,results/batch/fpp_new_instances_scaling_new20x20/workers/worker_012/json/worker_012_task_000.json,results/batch/fpp_new_instances_scaling_new20x20/workers/worker_012/solutions,new20x20_case02_train400_test1000_alpha0p02_fpp_saa_meancvar,run-fpp-saa-oos
worker_012_task_001,worker_012,case02,2,20260529,20262929,20262929,new20x20,20x20,shortest_path,400,,not_checked,,,new20x20,new_instances/20x20,new_instances/20x20,0.02,400,1000,1,9000,9001,10000,true,results/batch/fpp_new_instances_scaling_new20x20/splits/new20x20_seed20262929_train400_test1000_case2_train.csv,results/batch/fpp_new_instances_scaling_new20x20/splits/new20x20_seed20262929_train400_test1000_case2_test.csv,Expected,FPP-Branch-Benders-LLBI-RootCuts,FPP-Branch-Benders,,expected,0.9,1.0,none,none,true,true,false,false,false,false,false,false,heuristic,0.10,eta-asc,true,true,100,100,1e-3,0,100000,1800,0.001,1,results/batch/fpp_new_instances_scaling_new20x20/splits,results/batch/fpp_new_instances_scaling_new20x20/workers/worker_012,results/batch/fpp_new_instances_scaling_new20x20/workers/worker_012/batch_results_worker_012.csv,results/batch/fpp_new_instances_scaling_new20x20/workers/worker_012/json/worker_012_task_001.json,results/batch/fpp_new_instances_scaling_new20x20/workers/worker_012/solutions,new20x20_case02_train400_test1000_alpha0p02_fpp_branch_benders_llbi_rootcuts,run-fpp-branch-benders-oos
worker_012_task_002,worker_012,case02,2,20260529,20262929,20262929,new20x20,20x20,shortest_path,400,,not_checked,,,new20x20,new_instances/20x20,new_instances/20x20,0.02,400,1000,1,9000,9001,10000,true,results/batch/fpp_new_instances_scaling_new20x20/splits/new20x20_seed20262929_train400_test1000_case2_train.csv,results/batch/fpp_new_instances_scaling_new20x20/splits/new20x20_seed20262929_train400_test1000_case2_test.csv,Expected,FPP-Branch-Benders-ProjectedCoverageLLBI-exp-RootCuts,FPP-Branch-Benders,,expected,0.9,1.0,coverage,exp,true,false,true,false,false,true,false,false,heuristic,0.10,eta-asc,true,true,100,100,1e-3,0,100000,1800,0.001,1,results/batch/fpp_new_instances_scaling_new20x20/splits,results/batch/fpp_new_instances_scaling_new20x20/workers/worker_012,results/batch/fpp_new_instances_scaling_new20x20/workers/worker_012/batch_results_worker_012.csv,results/batch/fpp_new_instances_scaling_new20x20/workers/worker_012/json/worker_012_task_002.json,results/batch/fpp_new_instances_scaling_new20x20/workers/worker_012/solutions,new20x20_case02_train400_test1000_alpha0p02_fpp_branch_benders_projectedcoveragellbi_exp_rootcuts,run-fpp-branch-benders-oos
worker_012_task_003,worker_012,case02,2,20260529,20262929,20262929,new20x20,20x20,shortest_path,400,,not_checked,,,new20x20,new_instances/20x20,new_instances/20x20,0.02,400,1000,1,9000,9001,10000,true,results/batch/fpp_new_instances_scaling_new20x20/splits/new20x20_seed20262929_train400_test1000_case2_train.csv,results/batch/fpp_new_instances_scaling_new20x20/splits/new20x20_seed20262929_train400_test1000_case2_test.csv,Expected,FPP-Branch-Benders-ProjectedPathLLBI-exp-RootCuts,FPP-Branch-Benders,,expected,0.9,1.0,path,exp,true,false,true,false,false,false,true,false,heuristic,0.10,eta-asc,true,true,100,100,1e-3,0,100000,1800,0.001,1,results/batch/fpp_new_instances_scaling_new20x20/splits,results/batch/fpp_new_instances_scaling_new20x20/workers/worker_012,results/batch/fpp_new_instances_scaling_new20x20/workers/worker_012/batch_results_worker_012.csv,results/batch/fpp_new_instances_scaling_new20x20/workers/worker_012/json/worker_012_task_003.json,results/batch/fpp_new_instances_scaling_new20x20/workers/worker_012/solutions,new20x20_case02_train400_test1000_alpha0p02_fpp_branch_benders_projectedpathllbi_exp_rootcuts,run-fpp-branch-benders-oos
worker_012_task_004,worker_012,case02,2,20260529,20262929,20262929,new20x20,20x20,shortest_path,400,,not_checked,,,new20x20,new_instances/20x20,new_instances/20x20,0.02,400,1000,1,9000,9001,10000,true,results/batch/fpp_new_instances_scaling_new20x20/splits/new20x20_seed20262929_train400_test1000_case2_train.csv,results/batch/fpp_new_instances_scaling_new20x20/splits/new20x20_seed20262929_train400_test1000_case2_test.csv,CVaR,FPP-Branch-Benders-CVaR-RootCuts,FPP-Branch-Benders,,cvar,0.9,1.0,none,none,true,false,false,false,false,false,false,false,heuristic,0.10,eta-asc,true,true,100,100,1e-3,0,100000,1800,0.001,1,results/batch/fpp_new_instances_scaling_new20x20/splits,results/batch/fpp_new_instances_scaling_new20x20/workers/worker_012,results/batch/fpp_new_instances_scaling_new20x20/workers/worker_012/batch_results_worker_012.csv,results/batch/fpp_new_instances_scaling_new20x20/workers/worker_012/json/worker_012_task_004.json,results/batch/fpp_new_instances_scaling_new20x20/workers/worker_012/solutions,new20x20_case02_train400_test1000_alpha0p02_fpp_branch_benders_cvar_rootcuts,run-fpp-branch-benders-oos
worker_012_task_005,worker_012,case02,2,20260529,20262929,20262929,new20x20,20x20,shortest_path,400,,not_checked,,,new20x20,new_instances/20x20,new_instances/20x20,0.02,400,1000,1,9000,9001,10000,true,results/batch/fpp_new_instances_scaling_new20x20/splits/new20x20_seed20262929_train400_test1000_case2_train.csv,results/batch/fpp_new_instances_scaling_new20x20/splits/new20x20_seed20262929_train400_test1000_case2_test.csv,CVaR,FPP-Branch-Benders-CVaR-LLBI-RootCuts,FPP-Branch-Benders,,cvar,0.9,1.0,none,none,true,true,false,false,false,false,false,false,heuristic,0.10,eta-asc,true,true,100,100,1e-3,0,100000,1800,0.001,1,results/batch/fpp_new_instances_scaling_new20x20/splits,results/batch/fpp_new_instances_scaling_new20x20/workers/worker_012,results/batch/fpp_new_instances_scaling_new20x20/workers/worker_012/batch_results_worker_012.csv,results/batch/fpp_new_instances_scaling_new20x20/workers/worker_012/json/worker_012_task_005.json,results/batch/fpp_new_instances_scaling_new20x20/workers/worker_012/solutions,new20x20_case02_train400_test1000_alpha0p02_fpp_branch_benders_cvar_llbi_rootcuts,run-fpp-branch-benders-oos
worker_012_task_006,worker_012,case02,2,20260529,20262929,20262929,new20x20,20x20,shortest_path,400,,not_checked,,,new20x20,new_instances/20x20,new_instances/20x20,0.02,400,1000,1,9000,9001,10000,true,results/batch/fpp_new_instances_scaling_new20x20/splits/new20x20_seed20262929_train400_test1000_case2_train.csv,results/batch/fpp_new_instances_scaling_new20x20/splits/new20x20_seed20262929_train400_test1000_case2_test.csv,CVaR,FPP-Branch-Benders-CVaR-ProjectedCoverageLLBI-exp-RootCuts,FPP-Branch-Benders,,cvar,0.9,1.0,coverage,exp,true,false,true,false,false,true,false,false,heuristic,0.10,eta-asc,true,true,100,100,1e-3,0,100000,1800,0.001,1,results/batch/fpp_new_instances_scaling_new20x20/splits,results/batch/fpp_new_instances_scaling_new20x20/workers/worker_012,results/batch/fpp_new_instances_scaling_new20x20/workers/worker_012/batch_results_worker_012.csv,results/batch/fpp_new_instances_scaling_new20x20/workers/worker_012/json/worker_012_task_006.json,results/batch/fpp_new_instances_scaling_new20x20/workers/worker_012/solutions,new20x20_case02_train400_test1000_alpha0p02_fpp_branch_benders_cvar_projectedcoveragellbi_exp_rootcuts,run-fpp-branch-benders-oos
worker_012_task_007,worker_012,case02,2,20260529,20262929,20262929,new20x20,20x20,shortest_path,400,,not_checked,,,new20x20,new_instances/20x20,new_instances/20x20,0.02,400,1000,1,9000,9001,10000,true,results/batch/fpp_new_instances_scaling_new20x20/splits/new20x20_seed20262929_train400_test1000_case2_train.csv,results/batch/fpp_new_instances_scaling_new20x20/splits/new20x20_seed20262929_train400_test1000_case2_test.csv,CVaR,FPP-Branch-Benders-CVaR-ProjectedPathLLBI-exp-RootCuts,FPP-Branch-Benders,,cvar,0.9,1.0,path,exp,true,false,true,false,false,false,true,false,heuristic,0.10,eta-asc,true,true,100,100,1e-3,0,100000,1800,0.001,1,results/batch/fpp_new_instances_scaling_new20x20/splits,results/batch/fpp_new_instances_scaling_new20x20/workers/worker_012,results/batch/fpp_new_instances_scaling_new20x20/workers/worker_012/batch_results_worker_012.csv,results/batch/fpp_new_instances_scaling_new20x20/workers/worker_012/json/worker_012_task_007.json,results/batch/fpp_new_instances_scaling_new20x20/workers/worker_012/solutions,new20x20_case02_train400_test1000_alpha0p02_fpp_branch_benders_cvar_projectedpathllbi_exp_rootcuts,run-fpp-branch-benders-oos
worker_012_task_008,worker_012,case02,2,20260529,20262929,20262929,new20x20,20x20,shortest_path,400,,not_checked,,,new20x20,new_instances/20x20,new_instances/20x20,0.02,400,1000,1,9000,9001,10000,true,results/batch/fpp_new_instances_scaling_new20x20/splits/new20x20_seed20262929_train400_test1000_case2_train.csv,results/batch/fpp_new_instances_scaling_new20x20/splits/new20x20_seed20262929_train400_test1000_case2_test.csv,MeanCVaR,FPP-Branch-Benders-MeanCVaR-RootCuts,FPP-Branch-Benders,,mean-cvar,0.9,0.5,none,none,true,false,false,false,false,false,false,false,heuristic,0.10,eta-asc,true,true,100,100,1e-3,0,100000,1800,0.001,1,results/batch/fpp_new_instances_scaling_new20x20/splits,results/batch/fpp_new_instances_scaling_new20x20/workers/worker_012,results/batch/fpp_new_instances_scaling_new20x20/workers/worker_012/batch_results_worker_012.csv,results/batch/fpp_new_instances_scaling_new20x20/workers/worker_012/json/worker_012_task_008.json,results/batch/fpp_new_instances_scaling_new20x20/workers/worker_012/solutions,new20x20_case02_train400_test1000_alpha0p02_fpp_branch_benders_meancvar_rootcuts,run-fpp-branch-benders-oos
worker_012_task_009,worker_012,case02,2,20260529,20262929,20262929,new20x20,20x20,shortest_path,400,,not_checked,,,new20x20,new_instances/20x20,new_instances/20x20,0.02,400,1000,1,9000,9001,10000,true,results/batch/fpp_new_instances_scaling_new20x20/splits/new20x20_seed20262929_train400_test1000_case2_train.csv,results/batch/fpp_new_instances_scaling_new20x20/splits/new20x20_seed20262929_train400_test1000_case2_test.csv,MeanCVaR,FPP-Branch-Benders-MeanCVaR-LLBI-RootCuts,FPP-Branch-Benders,,mean-cvar,0.9,0.5,none,none,true,true,false,false,false,false,false,false,heuristic,0.10,eta-asc,true,true,100,100,1e-3,0,100000,1800,0.001,1,results/batch/fpp_new_instances_scaling_new20x20/splits,results/batch/fpp_new_instances_scaling_new20x20/workers/worker_012,results/batch/fpp_new_instances_scaling_new20x20/workers/worker_012/batch_results_worker_012.csv,results/batch/fpp_new_instances_scaling_new20x20/workers/worker_012/json/worker_012_task_009.json,results/batch/fpp_new_instances_scaling_new20x20/workers/worker_012/solutions,new20x20_case02_train400_test1000_alpha0p02_fpp_branch_benders_meancvar_llbi_rootcuts,run-fpp-branch-benders-oos
worker_012_task_010,worker_012,case02,2,20260529,20262929,20262929,new20x20,20x20,shortest_path,400,,not_checked,,,new20x20,new_instances/20x20,new_instances/20x20,0.02,400,1000,1,9000,9001,10000,true,results/batch/fpp_new_instances_scaling_new20x20/splits/new20x20_seed20262929_train400_test1000_case2_train.csv,results/batch/fpp_new_instances_scaling_new20x20/splits/new20x20_seed20262929_train400_test1000_case2_test.csv,MeanCVaR,FPP-Branch-Benders-MeanCVaR-ProjectedCoverageLLBI-exp-RootCuts,FPP-Branch-Benders,,mean-cvar,0.9,0.5,coverage,exp,true,false,true,false,false,true,false,false,heuristic,0.10,eta-asc,true,true,100,100,1e-3,0,100000,1800,0.001,1,results/batch/fpp_new_instances_scaling_new20x20/splits,results/batch/fpp_new_instances_scaling_new20x20/workers/worker_012,results/batch/fpp_new_instances_scaling_new20x20/workers/worker_012/batch_results_worker_012.csv,results/batch/fpp_new_instances_scaling_new20x20/workers/worker_012/json/worker_012_task_010.json,results/batch/fpp_new_instances_scaling_new20x20/workers/worker_012/solutions,new20x20_case02_train400_test1000_alpha0p02_fpp_branch_benders_meancvar_projectedcoveragellbi_exp_rootcuts,run-fpp-branch-benders-oos
worker_012_task_011,worker_012,case02,2,20260529,20262929,20262929,new20x20,20x20,shortest_path,400,,not_checked,,,new20x20,new_instances/20x20,new_instances/20x20,0.02,400,1000,1,9000,9001,10000,true,results/batch/fpp_new_instances_scaling_new20x20/splits/new20x20_seed20262929_train400_test1000_case2_train.csv,results/batch/fpp_new_instances_scaling_new20x20/splits/new20x20_seed20262929_train400_test1000_case2_test.csv,MeanCVaR,FPP-Branch-Benders-MeanCVaR-ProjectedPathLLBI-exp-RootCuts,FPP-Branch-Benders,,mean-cvar,0.9,0.5,path,exp,true,false,true,false,false,false,true,false,heuristic,0.10,eta-asc,true,true,100,100,1e-3,0,100000,1800,0.001,1,results/batch/fpp_new_instances_scaling_new20x20/splits,results/batch/fpp_new_instances_scaling_new20x20/workers/worker_012,results/batch/fpp_new_instances_scaling_new20x20/workers/worker_012/batch_results_worker_012.csv,results/batch/fpp_new_instances_scaling_new20x20/workers/worker_012/json/worker_012_task_011.json,results/batch/fpp_new_instances_scaling_new20x20/workers/worker_012/solutions,new20x20_case02_train400_test1000_alpha0p02_fpp_branch_benders_meancvar_projectedpathllbi_exp_rootcuts,run-fpp-branch-benders-oos
worker_013_task_000,worker_013,case03,3,20260529,20263929,20263929,new20x20,20x20,shortest_path,400,,not_checked,,,new20x20,new_instances/20x20,new_instances/20x20,0.02,400,1000,1,9000,9001,10000,true,results/batch/fpp_new_instances_scaling_new20x20/splits/new20x20_seed20263929_train400_test1000_case3_train.csv,results/batch/fpp_new_instances_scaling_new20x20/splits/new20x20_seed20263929_train400_test1000_case3_test.csv,MeanCVaR,FPP-SAA-MeanCVaR,FPP-SAA,fpp_base,mean-cvar,0.9,0.5,none,none,false,false,false,false,false,false,false,false,heuristic,0.10,eta-asc,true,true,100,100,1e-3,0,100000,1800,0.001,1,results/batch/fpp_new_instances_scaling_new20x20/splits,results/batch/fpp_new_instances_scaling_new20x20/workers/worker_013,results/batch/fpp_new_instances_scaling_new20x20/workers/worker_013/batch_results_worker_013.csv,results/batch/fpp_new_instances_scaling_new20x20/workers/worker_013/json/worker_013_task_000.json,results/batch/fpp_new_instances_scaling_new20x20/workers/worker_013/solutions,new20x20_case03_train400_test1000_alpha0p02_fpp_saa_meancvar,run-fpp-saa-oos
worker_013_task_001,worker_013,case03,3,20260529,20263929,20263929,new20x20,20x20,shortest_path,400,,not_checked,,,new20x20,new_instances/20x20,new_instances/20x20,0.02,400,1000,1,9000,9001,10000,true,results/batch/fpp_new_instances_scaling_new20x20/splits/new20x20_seed20263929_train400_test1000_case3_train.csv,results/batch/fpp_new_instances_scaling_new20x20/splits/new20x20_seed20263929_train400_test1000_case3_test.csv,Expected,FPP-Branch-Benders-LLBI-RootCuts,FPP-Branch-Benders,,expected,0.9,1.0,none,none,true,true,false,false,false,false,false,false,heuristic,0.10,eta-asc,true,true,100,100,1e-3,0,100000,1800,0.001,1,results/batch/fpp_new_instances_scaling_new20x20/splits,results/batch/fpp_new_instances_scaling_new20x20/workers/worker_013,results/batch/fpp_new_instances_scaling_new20x20/workers/worker_013/batch_results_worker_013.csv,results/batch/fpp_new_instances_scaling_new20x20/workers/worker_013/json/worker_013_task_001.json,results/batch/fpp_new_instances_scaling_new20x20/workers/worker_013/solutions,new20x20_case03_train400_test1000_alpha0p02_fpp_branch_benders_llbi_rootcuts,run-fpp-branch-benders-oos
worker_013_task_002,worker_013,case03,3,20260529,20263929,20263929,new20x20,20x20,shortest_path,400,,not_checked,,,new20x20,new_instances/20x20,new_instances/20x20,0.02,400,1000,1,9000,9001,10000,true,results/batch/fpp_new_instances_scaling_new20x20/splits/new20x20_seed20263929_train400_test1000_case3_train.csv,results/batch/fpp_new_instances_scaling_new20x20/splits/new20x20_seed20263929_train400_test1000_case3_test.csv,Expected,FPP-Branch-Benders-ProjectedCoverageLLBI-exp-RootCuts,FPP-Branch-Benders,,expected,0.9,1.0,coverage,exp,true,false,true,false,false,true,false,false,heuristic,0.10,eta-asc,true,true,100,100,1e-3,0,100000,1800,0.001,1,results/batch/fpp_new_instances_scaling_new20x20/splits,results/batch/fpp_new_instances_scaling_new20x20/workers/worker_013,results/batch/fpp_new_instances_scaling_new20x20/workers/worker_013/batch_results_worker_013.csv,results/batch/fpp_new_instances_scaling_new20x20/workers/worker_013/json/worker_013_task_002.json,results/batch/fpp_new_instances_scaling_new20x20/workers/worker_013/solutions,new20x20_case03_train400_test1000_alpha0p02_fpp_branch_benders_projectedcoveragellbi_exp_rootcuts,run-fpp-branch-benders-oos
worker_013_task_003,worker_013,case03,3,20260529,20263929,20263929,new20x20,20x20,shortest_path,400,,not_checked,,,new20x20,new_instances/20x20,new_instances/20x20,0.02,400,1000,1,9000,9001,10000,true,results/batch/fpp_new_instances_scaling_new20x20/splits/new20x20_seed20263929_train400_test1000_case3_train.csv,results/batch/fpp_new_instances_scaling_new20x20/splits/new20x20_seed20263929_train400_test1000_case3_test.csv,Expected,FPP-Branch-Benders-ProjectedPathLLBI-exp-RootCuts,FPP-Branch-Benders,,expected,0.9,1.0,path,exp,true,false,true,false,false,false,true,false,heuristic,0.10,eta-asc,true,true,100,100,1e-3,0,100000,1800,0.001,1,results/batch/fpp_new_instances_scaling_new20x20/splits,results/batch/fpp_new_instances_scaling_new20x20/workers/worker_013,results/batch/fpp_new_instances_scaling_new20x20/workers/worker_013/batch_results_worker_013.csv,results/batch/fpp_new_instances_scaling_new20x20/workers/worker_013/json/worker_013_task_003.json,results/batch/fpp_new_instances_scaling_new20x20/workers/worker_013/solutions,new20x20_case03_train400_test1000_alpha0p02_fpp_branch_benders_projectedpathllbi_exp_rootcuts,run-fpp-branch-benders-oos
worker_013_task_004,worker_013,case03,3,20260529,20263929,20263929,new20x20,20x20,shortest_path,400,,not_checked,,,new20x20,new_instances/20x20,new_instances/20x20,0.02,400,1000,1,9000,9001,10000,true,results/batch/fpp_new_instances_scaling_new20x20/splits/new20x20_seed20263929_train400_test1000_case3_train.csv,results/batch/fpp_new_instances_scaling_new20x20/splits/new20x20_seed20263929_train400_test1000_case3_test.csv,CVaR,FPP-Branch-Benders-CVaR-RootCuts,FPP-Branch-Benders,,cvar,0.9,1.0,none,none,true,false,false,false,false,false,false,false,heuristic,0.10,eta-asc,true,true,100,100,1e-3,0,100000,1800,0.001,1,results/batch/fpp_new_instances_scaling_new20x20/splits,results/batch/fpp_new_instances_scaling_new20x20/workers/worker_013,results/batch/fpp_new_instances_scaling_new20x20/workers/worker_013/batch_results_worker_013.csv,results/batch/fpp_new_instances_scaling_new20x20/workers/worker_013/json/worker_013_task_004.json,results/batch/fpp_new_instances_scaling_new20x20/workers/worker_013/solutions,new20x20_case03_train400_test1000_alpha0p02_fpp_branch_benders_cvar_rootcuts,run-fpp-branch-benders-oos
worker_013_task_005,worker_013,case03,3,20260529,20263929,20263929,new20x20,20x20,shortest_path,400,,not_checked,,,new20x20,new_instances/20x20,new_instances/20x20,0.02,400,1000,1,9000,9001,10000,true,results/batch/fpp_new_instances_scaling_new20x20/splits/new20x20_seed20263929_train400_test1000_case3_train.csv,results/batch/fpp_new_instances_scaling_new20x20/splits/new20x20_seed20263929_train400_test1000_case3_test.csv,CVaR,FPP-Branch-Benders-CVaR-LLBI-RootCuts,FPP-Branch-Benders,,cvar,0.9,1.0,none,none,true,true,false,false,false,false,false,false,heuristic,0.10,eta-asc,true,true,100,100,1e-3,0,100000,1800,0.001,1,results/batch/fpp_new_instances_scaling_new20x20/splits,results/batch/fpp_new_instances_scaling_new20x20/workers/worker_013,results/batch/fpp_new_instances_scaling_new20x20/workers/worker_013/batch_results_worker_013.csv,results/batch/fpp_new_instances_scaling_new20x20/workers/worker_013/json/worker_013_task_005.json,results/batch/fpp_new_instances_scaling_new20x20/workers/worker_013/solutions,new20x20_case03_train400_test1000_alpha0p02_fpp_branch_benders_cvar_llbi_rootcuts,run-fpp-branch-benders-oos
worker_013_task_006,worker_013,case03,3,20260529,20263929,20263929,new20x20,20x20,shortest_path,400,,not_checked,,,new20x20,new_instances/20x20,new_instances/20x20,0.02,400,1000,1,9000,9001,10000,true,results/batch/fpp_new_instances_scaling_new20x20/splits/new20x20_seed20263929_train400_test1000_case3_train.csv,results/batch/fpp_new_instances_scaling_new20x20/splits/new20x20_seed20263929_train400_test1000_case3_test.csv,CVaR,FPP-Branch-Benders-CVaR-ProjectedCoverageLLBI-exp-RootCuts,FPP-Branch-Benders,,cvar,0.9,1.0,coverage,exp,true,false,true,false,false,true,false,false,heuristic,0.10,eta-asc,true,true,100,100,1e-3,0,100000,1800,0.001,1,results/batch/fpp_new_instances_scaling_new20x20/splits,results/batch/fpp_new_instances_scaling_new20x20/workers/worker_013,results/batch/fpp_new_instances_scaling_new20x20/workers/worker_013/batch_results_worker_013.csv,results/batch/fpp_new_instances_scaling_new20x20/workers/worker_013/json/worker_013_task_006.json,results/batch/fpp_new_instances_scaling_new20x20/workers/worker_013/solutions,new20x20_case03_train400_test1000_alpha0p02_fpp_branch_benders_cvar_projectedcoveragellbi_exp_rootcuts,run-fpp-branch-benders-oos
worker_013_task_007,worker_013,case03,3,20260529,20263929,20263929,new20x20,20x20,shortest_path,400,,not_checked,,,new20x20,new_instances/20x20,new_instances/20x20,0.02,400,1000,1,9000,9001,10000,true,results/batch/fpp_new_instances_scaling_new20x20/splits/new20x20_seed20263929_train400_test1000_case3_train.csv,results/batch/fpp_new_instances_scaling_new20x20/splits/new20x20_seed20263929_train400_test1000_case3_test.csv,CVaR,FPP-Branch-Benders-CVaR-ProjectedPathLLBI-exp-RootCuts,FPP-Branch-Benders,,cvar,0.9,1.0,path,exp,true,false,true,false,false,false,true,false,heuristic,0.10,eta-asc,true,true,100,100,1e-3,0,100000,1800,0.001,1,results/batch/fpp_new_instances_scaling_new20x20/splits,results/batch/fpp_new_instances_scaling_new20x20/workers/worker_013,results/batch/fpp_new_instances_scaling_new20x20/workers/worker_013/batch_results_worker_013.csv,results/batch/fpp_new_instances_scaling_new20x20/workers/worker_013/json/worker_013_task_007.json,results/batch/fpp_new_instances_scaling_new20x20/workers/worker_013/solutions,new20x20_case03_train400_test1000_alpha0p02_fpp_branch_benders_cvar_projectedpathllbi_exp_rootcuts,run-fpp-branch-benders-oos
worker_013_task_008,worker_013,case03,3,20260529,20263929,20263929,new20x20,20x20,shortest_path,400,,not_checked,,,new20x20,new_instances/20x20,new_instances/20x20,0.02,400,1000,1,9000,9001,10000,true,results/batch/fpp_new_instances_scaling_new20x20/splits/new20x20_seed20263929_train400_test1000_case3_train.csv,results/batch/fpp_new_instances_scaling_new20x20/splits/new20x20_seed20263929_train400_test1000_case3_test.csv,MeanCVaR,FPP-Branch-Benders-MeanCVaR-RootCuts,FPP-Branch-Benders,,mean-cvar,0.9,0.5,none,none,true,false,false,false,false,false,false,false,heuristic,0.10,eta-asc,true,true,100,100,1e-3,0,100000,1800,0.001,1,results/batch/fpp_new_instances_scaling_new20x20/splits,results/batch/fpp_new_instances_scaling_new20x20/workers/worker_013,results/batch/fpp_new_instances_scaling_new20x20/workers/worker_013/batch_results_worker_013.csv,results/batch/fpp_new_instances_scaling_new20x20/workers/worker_013/json/worker_013_task_008.json,results/batch/fpp_new_instances_scaling_new20x20/workers/worker_013/solutions,new20x20_case03_train400_test1000_alpha0p02_fpp_branch_benders_meancvar_rootcuts,run-fpp-branch-benders-oos
worker_013_task_009,worker_013,case03,3,20260529,20263929,20263929,new20x20,20x20,shortest_path,400,,not_checked,,,new20x20,new_instances/20x20,new_instances/20x20,0.02,400,1000,1,9000,9001,10000,true,results/batch/fpp_new_instances_scaling_new20x20/splits/new20x20_seed20263929_train400_test1000_case3_train.csv,results/batch/fpp_new_instances_scaling_new20x20/splits/new20x20_seed20263929_train400_test1000_case3_test.csv,MeanCVaR,FPP-Branch-Benders-MeanCVaR-LLBI-RootCuts,FPP-Branch-Benders,,mean-cvar,0.9,0.5,none,none,true,true,false,false,false,false,false,false,heuristic,0.10,eta-asc,true,true,100,100,1e-3,0,100000,1800,0.001,1,results/batch/fpp_new_instances_scaling_new20x20/splits,results/batch/fpp_new_instances_scaling_new20x20/workers/worker_013,results/batch/fpp_new_instances_scaling_new20x20/workers/worker_013/batch_results_worker_013.csv,results/batch/fpp_new_instances_scaling_new20x20/workers/worker_013/json/worker_013_task_009.json,results/batch/fpp_new_instances_scaling_new20x20/workers/worker_013/solutions,new20x20_case03_train400_test1000_alpha0p02_fpp_branch_benders_meancvar_llbi_rootcuts,run-fpp-branch-benders-oos
worker_013_task_010,worker_013,case03,3,20260529,20263929,20263929,new20x20,20x20,shortest_path,400,,not_checked,,,new20x20,new_instances/20x20,new_instances/20x20,0.02,400,1000,1,9000,9001,10000,true,results/batch/fpp_new_instances_scaling_new20x20/splits/new20x20_seed20263929_train400_test1000_case3_train.csv,results/batch/fpp_new_instances_scaling_new20x20/splits/new20x20_seed20263929_train400_test1000_case3_test.csv,MeanCVaR,FPP-Branch-Benders-MeanCVaR-ProjectedCoverageLLBI-exp-RootCuts,FPP-Branch-Benders,,mean-cvar,0.9,0.5,coverage,exp,true,false,true,false,false,true,false,false,heuristic,0.10,eta-asc,true,true,100,100,1e-3,0,100000,1800,0.001,1,results/batch/fpp_new_instances_scaling_new20x20/splits,results/batch/fpp_new_instances_scaling_new20x20/workers/worker_013,results/batch/fpp_new_instances_scaling_new20x20/workers/worker_013/batch_results_worker_013.csv,results/batch/fpp_new_instances_scaling_new20x20/workers/worker_013/json/worker_013_task_010.json,results/batch/fpp_new_instances_scaling_new20x20/workers/worker_013/solutions,new20x20_case03_train400_test1000_alpha0p02_fpp_branch_benders_meancvar_projectedcoveragellbi_exp_rootcuts,run-fpp-branch-benders-oos
worker_013_task_011,worker_013,case03,3,20260529,20263929,20263929,new20x20,20x20,shortest_path,400,,not_checked,,,new20x20,new_instances/20x20,new_instances/20x20,0.02,400,1000,1,9000,9001,10000,true,results/batch/fpp_new_instances_scaling_new20x20/splits/new20x20_seed20263929_train400_test1000_case3_train.csv,results/batch/fpp_new_instances_scaling_new20x20/splits/new20x20_seed20263929_train400_test1000_case3_test.csv,MeanCVaR,FPP-Branch-Benders-MeanCVaR-ProjectedPathLLBI-exp-RootCuts,FPP-Branch-Benders,,mean-cvar,0.9,0.5,path,exp,true,false,true,false,false,false,true,false,heuristic,0.10,eta-asc,true,true,100,100,1e-3,0,100000,1800,0.001,1,results/batch/fpp_new_instances_scaling_new20x20/splits,results/batch/fpp_new_instances_scaling_new20x20/workers/worker_013,results/batch/fpp_new_instances_scaling_new20x20/workers/worker_013/batch_results_worker_013.csv,results/batch/fpp_new_instances_scaling_new20x20/workers/worker_013/json/worker_013_task_011.json,results/batch/fpp_new_instances_scaling_new20x20/workers/worker_013/solutions,new20x20_case03_train400_test1000_alpha0p02_fpp_branch_benders_meancvar_projectedpathllbi_exp_rootcuts,run-fpp-branch-benders-oos
worker_014_task_000,worker_014,case04,4,20260529,20264929,20264929,new20x20,20x20,shortest_path,400,,not_checked,,,new20x20,new_instances/20x20,new_instances/20x20,0.02,400,1000,1,9000,9001,10000,true,results/batch/fpp_new_instances_scaling_new20x20/splits/new20x20_seed20264929_train400_test1000_case4_train.csv,results/batch/fpp_new_instances_scaling_new20x20/splits/new20x20_seed20264929_train400_test1000_case4_test.csv,MeanCVaR,FPP-SAA-MeanCVaR,FPP-SAA,fpp_base,mean-cvar,0.9,0.5,none,none,false,false,false,false,false,false,false,false,heuristic,0.10,eta-asc,true,true,100,100,1e-3,0,100000,1800,0.001,1,results/batch/fpp_new_instances_scaling_new20x20/splits,results/batch/fpp_new_instances_scaling_new20x20/workers/worker_014,results/batch/fpp_new_instances_scaling_new20x20/workers/worker_014/batch_results_worker_014.csv,results/batch/fpp_new_instances_scaling_new20x20/workers/worker_014/json/worker_014_task_000.json,results/batch/fpp_new_instances_scaling_new20x20/workers/worker_014/solutions,new20x20_case04_train400_test1000_alpha0p02_fpp_saa_meancvar,run-fpp-saa-oos
worker_014_task_001,worker_014,case04,4,20260529,20264929,20264929,new20x20,20x20,shortest_path,400,,not_checked,,,new20x20,new_instances/20x20,new_instances/20x20,0.02,400,1000,1,9000,9001,10000,true,results/batch/fpp_new_instances_scaling_new20x20/splits/new20x20_seed20264929_train400_test1000_case4_train.csv,results/batch/fpp_new_instances_scaling_new20x20/splits/new20x20_seed20264929_train400_test1000_case4_test.csv,Expected,FPP-Branch-Benders-LLBI-RootCuts,FPP-Branch-Benders,,expected,0.9,1.0,none,none,true,true,false,false,false,false,false,false,heuristic,0.10,eta-asc,true,true,100,100,1e-3,0,100000,1800,0.001,1,results/batch/fpp_new_instances_scaling_new20x20/splits,results/batch/fpp_new_instances_scaling_new20x20/workers/worker_014,results/batch/fpp_new_instances_scaling_new20x20/workers/worker_014/batch_results_worker_014.csv,results/batch/fpp_new_instances_scaling_new20x20/workers/worker_014/json/worker_014_task_001.json,results/batch/fpp_new_instances_scaling_new20x20/workers/worker_014/solutions,new20x20_case04_train400_test1000_alpha0p02_fpp_branch_benders_llbi_rootcuts,run-fpp-branch-benders-oos
worker_014_task_002,worker_014,case04,4,20260529,20264929,20264929,new20x20,20x20,shortest_path,400,,not_checked,,,new20x20,new_instances/20x20,new_instances/20x20,0.02,400,1000,1,9000,9001,10000,true,results/batch/fpp_new_instances_scaling_new20x20/splits/new20x20_seed20264929_train400_test1000_case4_train.csv,results/batch/fpp_new_instances_scaling_new20x20/splits/new20x20_seed20264929_train400_test1000_case4_test.csv,Expected,FPP-Branch-Benders-ProjectedCoverageLLBI-exp-RootCuts,FPP-Branch-Benders,,expected,0.9,1.0,coverage,exp,true,false,true,false,false,true,false,false,heuristic,0.10,eta-asc,true,true,100,100,1e-3,0,100000,1800,0.001,1,results/batch/fpp_new_instances_scaling_new20x20/splits,results/batch/fpp_new_instances_scaling_new20x20/workers/worker_014,results/batch/fpp_new_instances_scaling_new20x20/workers/worker_014/batch_results_worker_014.csv,results/batch/fpp_new_instances_scaling_new20x20/workers/worker_014/json/worker_014_task_002.json,results/batch/fpp_new_instances_scaling_new20x20/workers/worker_014/solutions,new20x20_case04_train400_test1000_alpha0p02_fpp_branch_benders_projectedcoveragellbi_exp_rootcuts,run-fpp-branch-benders-oos
worker_014_task_003,worker_014,case04,4,20260529,20264929,20264929,new20x20,20x20,shortest_path,400,,not_checked,,,new20x20,new_instances/20x20,new_instances/20x20,0.02,400,1000,1,9000,9001,10000,true,results/batch/fpp_new_instances_scaling_new20x20/splits/new20x20_seed20264929_train400_test1000_case4_train.csv,results/batch/fpp_new_instances_scaling_new20x20/splits/new20x20_seed20264929_train400_test1000_case4_test.csv,Expected,FPP-Branch-Benders-ProjectedPathLLBI-exp-RootCuts,FPP-Branch-Benders,,expected,0.9,1.0,path,exp,true,false,true,false,false,false,true,false,heuristic,0.10,eta-asc,true,true,100,100,1e-3,0,100000,1800,0.001,1,results/batch/fpp_new_instances_scaling_new20x20/splits,results/batch/fpp_new_instances_scaling_new20x20/workers/worker_014,results/batch/fpp_new_instances_scaling_new20x20/workers/worker_014/batch_results_worker_014.csv,results/batch/fpp_new_instances_scaling_new20x20/workers/worker_014/json/worker_014_task_003.json,results/batch/fpp_new_instances_scaling_new20x20/workers/worker_014/solutions,new20x20_case04_train400_test1000_alpha0p02_fpp_branch_benders_projectedpathllbi_exp_rootcuts,run-fpp-branch-benders-oos
worker_014_task_004,worker_014,case04,4,20260529,20264929,20264929,new20x20,20x20,shortest_path,400,,not_checked,,,new20x20,new_instances/20x20,new_instances/20x20,0.02,400,1000,1,9000,9001,10000,true,results/batch/fpp_new_instances_scaling_new20x20/splits/new20x20_seed20264929_train400_test1000_case4_train.csv,results/batch/fpp_new_instances_scaling_new20x20/splits/new20x20_seed20264929_train400_test1000_case4_test.csv,CVaR,FPP-Branch-Benders-CVaR-RootCuts,FPP-Branch-Benders,,cvar,0.9,1.0,none,none,true,false,false,false,false,false,false,false,heuristic,0.10,eta-asc,true,true,100,100,1e-3,0,100000,1800,0.001,1,results/batch/fpp_new_instances_scaling_new20x20/splits,results/batch/fpp_new_instances_scaling_new20x20/workers/worker_014,results/batch/fpp_new_instances_scaling_new20x20/workers/worker_014/batch_results_worker_014.csv,results/batch/fpp_new_instances_scaling_new20x20/workers/worker_014/json/worker_014_task_004.json,results/batch/fpp_new_instances_scaling_new20x20/workers/worker_014/solutions,new20x20_case04_train400_test1000_alpha0p02_fpp_branch_benders_cvar_rootcuts,run-fpp-branch-benders-oos
worker_014_task_005,worker_014,case04,4,20260529,20264929,20264929,new20x20,20x20,shortest_path,400,,not_checked,,,new20x20,new_instances/20x20,new_instances/20x20,0.02,400,1000,1,9000,9001,10000,true,results/batch/fpp_new_instances_scaling_new20x20/splits/new20x20_seed20264929_train400_test1000_case4_train.csv,results/batch/fpp_new_instances_scaling_new20x20/splits/new20x20_seed20264929_train400_test1000_case4_test.csv,CVaR,FPP-Branch-Benders-CVaR-LLBI-RootCuts,FPP-Branch-Benders,,cvar,0.9,1.0,none,none,true,true,false,false,false,false,false,false,heuristic,0.10,eta-asc,true,true,100,100,1e-3,0,100000,1800,0.001,1,results/batch/fpp_new_instances_scaling_new20x20/splits,results/batch/fpp_new_instances_scaling_new20x20/workers/worker_014,results/batch/fpp_new_instances_scaling_new20x20/workers/worker_014/batch_results_worker_014.csv,results/batch/fpp_new_instances_scaling_new20x20/workers/worker_014/json/worker_014_task_005.json,results/batch/fpp_new_instances_scaling_new20x20/workers/worker_014/solutions,new20x20_case04_train400_test1000_alpha0p02_fpp_branch_benders_cvar_llbi_rootcuts,run-fpp-branch-benders-oos
worker_014_task_006,worker_014,case04,4,20260529,20264929,20264929,new20x20,20x20,shortest_path,400,,not_checked,,,new20x20,new_instances/20x20,new_instances/20x20,0.02,400,1000,1,9000,9001,10000,true,results/batch/fpp_new_instances_scaling_new20x20/splits/new20x20_seed20264929_train400_test1000_case4_train.csv,results/batch/fpp_new_instances_scaling_new20x20/splits/new20x20_seed20264929_train400_test1000_case4_test.csv,CVaR,FPP-Branch-Benders-CVaR-ProjectedCoverageLLBI-exp-RootCuts,FPP-Branch-Benders,,cvar,0.9,1.0,coverage,exp,true,false,true,false,false,true,false,false,heuristic,0.10,eta-asc,true,true,100,100,1e-3,0,100000,1800,0.001,1,results/batch/fpp_new_instances_scaling_new20x20/splits,results/batch/fpp_new_instances_scaling_new20x20/workers/worker_014,results/batch/fpp_new_instances_scaling_new20x20/workers/worker_014/batch_results_worker_014.csv,results/batch/fpp_new_instances_scaling_new20x20/workers/worker_014/json/worker_014_task_006.json,results/batch/fpp_new_instances_scaling_new20x20/workers/worker_014/solutions,new20x20_case04_train400_test1000_alpha0p02_fpp_branch_benders_cvar_projectedcoveragellbi_exp_rootcuts,run-fpp-branch-benders-oos
worker_014_task_007,worker_014,case04,4,20260529,20264929,20264929,new20x20,20x20,shortest_path,400,,not_checked,,,new20x20,new_instances/20x20,new_instances/20x20,0.02,400,1000,1,9000,9001,10000,true,results/batch/fpp_new_instances_scaling_new20x20/splits/new20x20_seed20264929_train400_test1000_case4_train.csv,results/batch/fpp_new_instances_scaling_new20x20/splits/new20x20_seed20264929_train400_test1000_case4_test.csv,CVaR,FPP-Branch-Benders-CVaR-ProjectedPathLLBI-exp-RootCuts,FPP-Branch-Benders,,cvar,0.9,1.0,path,exp,true,false,true,false,false,false,true,false,heuristic,0.10,eta-asc,true,true,100,100,1e-3,0,100000,1800,0.001,1,results/batch/fpp_new_instances_scaling_new20x20/splits,results/batch/fpp_new_instances_scaling_new20x20/workers/worker_014,results/batch/fpp_new_instances_scaling_new20x20/workers/worker_014/batch_results_worker_014.csv,results/batch/fpp_new_instances_scaling_new20x20/workers/worker_014/json/worker_014_task_007.json,results/batch/fpp_new_instances_scaling_new20x20/workers/worker_014/solutions,new20x20_case04_train400_test1000_alpha0p02_fpp_branch_benders_cvar_projectedpathllbi_exp_rootcuts,run-fpp-branch-benders-oos
worker_014_task_008,worker_014,case04,4,20260529,20264929,20264929,new20x20,20x20,shortest_path,400,,not_checked,,,new20x20,new_instances/20x20,new_instances/20x20,0.02,400,1000,1,9000,9001,10000,true,results/batch/fpp_new_instances_scaling_new20x20/splits/new20x20_seed20264929_train400_test1000_case4_train.csv,results/batch/fpp_new_instances_scaling_new20x20/splits/new20x20_seed20264929_train400_test1000_case4_test.csv,MeanCVaR,FPP-Branch-Benders-MeanCVaR-RootCuts,FPP-Branch-Benders,,mean-cvar,0.9,0.5,none,none,true,false,false,false,false,false,false,false,heuristic,0.10,eta-asc,true,true,100,100,1e-3,0,100000,1800,0.001,1,results/batch/fpp_new_instances_scaling_new20x20/splits,results/batch/fpp_new_instances_scaling_new20x20/workers/worker_014,results/batch/fpp_new_instances_scaling_new20x20/workers/worker_014/batch_results_worker_014.csv,results/batch/fpp_new_instances_scaling_new20x20/workers/worker_014/json/worker_014_task_008.json,results/batch/fpp_new_instances_scaling_new20x20/workers/worker_014/solutions,new20x20_case04_train400_test1000_alpha0p02_fpp_branch_benders_meancvar_rootcuts,run-fpp-branch-benders-oos
worker_014_task_009,worker_014,case04,4,20260529,20264929,20264929,new20x20,20x20,shortest_path,400,,not_checked,,,new20x20,new_instances/20x20,new_instances/20x20,0.02,400,1000,1,9000,9001,10000,true,results/batch/fpp_new_instances_scaling_new20x20/splits/new20x20_seed20264929_train400_test1000_case4_train.csv,results/batch/fpp_new_instances_scaling_new20x20/splits/new20x20_seed20264929_train400_test1000_case4_test.csv,MeanCVaR,FPP-Branch-Benders-MeanCVaR-LLBI-RootCuts,FPP-Branch-Benders,,mean-cvar,0.9,0.5,none,none,true,true,false,false,false,false,false,false,heuristic,0.10,eta-asc,true,true,100,100,1e-3,0,100000,1800,0.001,1,results/batch/fpp_new_instances_scaling_new20x20/splits,results/batch/fpp_new_instances_scaling_new20x20/workers/worker_014,results/batch/fpp_new_instances_scaling_new20x20/workers/worker_014/batch_results_worker_014.csv,results/batch/fpp_new_instances_scaling_new20x20/workers/worker_014/json/worker_014_task_009.json,results/batch/fpp_new_instances_scaling_new20x20/workers/worker_014/solutions,new20x20_case04_train400_test1000_alpha0p02_fpp_branch_benders_meancvar_llbi_rootcuts,run-fpp-branch-benders-oos
worker_014_task_010,worker_014,case04,4,20260529,20264929,20264929,new20x20,20x20,shortest_path,400,,not_checked,,,new20x20,new_instances/20x20,new_instances/20x20,0.02,400,1000,1,9000,9001,10000,true,results/batch/fpp_new_instances_scaling_new20x20/splits/new20x20_seed20264929_train400_test1000_case4_train.csv,results/batch/fpp_new_instances_scaling_new20x20/splits/new20x20_seed20264929_train400_test1000_case4_test.csv,MeanCVaR,FPP-Branch-Benders-MeanCVaR-ProjectedCoverageLLBI-exp-RootCuts,FPP-Branch-Benders,,mean-cvar,0.9,0.5,coverage,exp,true,false,true,false,false,true,false,false,heuristic,0.10,eta-asc,true,true,100,100,1e-3,0,100000,1800,0.001,1,results/batch/fpp_new_instances_scaling_new20x20/splits,results/batch/fpp_new_instances_scaling_new20x20/workers/worker_014,results/batch/fpp_new_instances_scaling_new20x20/workers/worker_014/batch_results_worker_014.csv,results/batch/fpp_new_instances_scaling_new20x20/workers/worker_014/json/worker_014_task_010.json,results/batch/fpp_new_instances_scaling_new20x20/workers/worker_014/solutions,new20x20_case04_train400_test1000_alpha0p02_fpp_branch_benders_meancvar_projectedcoveragellbi_exp_rootcuts,run-fpp-branch-benders-oos
worker_014_task_011,worker_014,case04,4,20260529,20264929,20264929,new20x20,20x20,shortest_path,400,,not_checked,,,new20x20,new_instances/20x20,new_instances/20x20,0.02,400,1000,1,9000,9001,10000,true,results/batch/fpp_new_instances_scaling_new20x20/splits/new20x20_seed20264929_train400_test1000_case4_train.csv,results/batch/fpp_new_instances_scaling_new20x20/splits/new20x20_seed20264929_train400_test1000_case4_test.csv,MeanCVaR,FPP-Branch-Benders-MeanCVaR-ProjectedPathLLBI-exp-RootCuts,FPP-Branch-Benders,,mean-cvar,0.9,0.5,path,exp,true,false,true,false,false,false,true,false,heuristic,0.10,eta-asc,true,true,100,100,1e-3,0,100000,1800,0.001,1,results/batch/fpp_new_instances_scaling_new20x20/splits,results/batch/fpp_new_instances_scaling_new20x20/workers/worker_014,results/batch/fpp_new_instances_scaling_new20x20/workers/worker_014/batch_results_worker_014.csv,results/batch/fpp_new_instances_scaling_new20x20/workers/worker_014/json/worker_014_task_011.json,results/batch/fpp_new_instances_scaling_new20x20/workers/worker_014/solutions,new20x20_case04_train400_test1000_alpha0p02_fpp_branch_benders_meancvar_projectedpathllbi_exp_rootcuts,run-fpp-branch-benders-oos
worker_015_task_000,worker_015,case05,5,20260529,20265929,20265929,new20x20,20x20,shortest_path,400,,not_checked,,,new20x20,new_instances/20x20,new_instances/20x20,0.02,400,1000,1,9000,9001,10000,true,results/batch/fpp_new_instances_scaling_new20x20/splits/new20x20_seed20265929_train400_test1000_case5_train.csv,results/batch/fpp_new_instances_scaling_new20x20/splits/new20x20_seed20265929_train400_test1000_case5_test.csv,MeanCVaR,FPP-SAA-MeanCVaR,FPP-SAA,fpp_base,mean-cvar,0.9,0.5,none,none,false,false,false,false,false,false,false,false,heuristic,0.10,eta-asc,true,true,100,100,1e-3,0,100000,1800,0.001,1,results/batch/fpp_new_instances_scaling_new20x20/splits,results/batch/fpp_new_instances_scaling_new20x20/workers/worker_015,results/batch/fpp_new_instances_scaling_new20x20/workers/worker_015/batch_results_worker_015.csv,results/batch/fpp_new_instances_scaling_new20x20/workers/worker_015/json/worker_015_task_000.json,results/batch/fpp_new_instances_scaling_new20x20/workers/worker_015/solutions,new20x20_case05_train400_test1000_alpha0p02_fpp_saa_meancvar,run-fpp-saa-oos
worker_015_task_001,worker_015,case05,5,20260529,20265929,20265929,new20x20,20x20,shortest_path,400,,not_checked,,,new20x20,new_instances/20x20,new_instances/20x20,0.02,400,1000,1,9000,9001,10000,true,results/batch/fpp_new_instances_scaling_new20x20/splits/new20x20_seed20265929_train400_test1000_case5_train.csv,results/batch/fpp_new_instances_scaling_new20x20/splits/new20x20_seed20265929_train400_test1000_case5_test.csv,Expected,FPP-Branch-Benders-LLBI-RootCuts,FPP-Branch-Benders,,expected,0.9,1.0,none,none,true,true,false,false,false,false,false,false,heuristic,0.10,eta-asc,true,true,100,100,1e-3,0,100000,1800,0.001,1,results/batch/fpp_new_instances_scaling_new20x20/splits,results/batch/fpp_new_instances_scaling_new20x20/workers/worker_015,results/batch/fpp_new_instances_scaling_new20x20/workers/worker_015/batch_results_worker_015.csv,results/batch/fpp_new_instances_scaling_new20x20/workers/worker_015/json/worker_015_task_001.json,results/batch/fpp_new_instances_scaling_new20x20/workers/worker_015/solutions,new20x20_case05_train400_test1000_alpha0p02_fpp_branch_benders_llbi_rootcuts,run-fpp-branch-benders-oos
worker_015_task_002,worker_015,case05,5,20260529,20265929,20265929,new20x20,20x20,shortest_path,400,,not_checked,,,new20x20,new_instances/20x20,new_instances/20x20,0.02,400,1000,1,9000,9001,10000,true,results/batch/fpp_new_instances_scaling_new20x20/splits/new20x20_seed20265929_train400_test1000_case5_train.csv,results/batch/fpp_new_instances_scaling_new20x20/splits/new20x20_seed20265929_train400_test1000_case5_test.csv,Expected,FPP-Branch-Benders-ProjectedCoverageLLBI-exp-RootCuts,FPP-Branch-Benders,,expected,0.9,1.0,coverage,exp,true,false,true,false,false,true,false,false,heuristic,0.10,eta-asc,true,true,100,100,1e-3,0,100000,1800,0.001,1,results/batch/fpp_new_instances_scaling_new20x20/splits,results/batch/fpp_new_instances_scaling_new20x20/workers/worker_015,results/batch/fpp_new_instances_scaling_new20x20/workers/worker_015/batch_results_worker_015.csv,results/batch/fpp_new_instances_scaling_new20x20/workers/worker_015/json/worker_015_task_002.json,results/batch/fpp_new_instances_scaling_new20x20/workers/worker_015/solutions,new20x20_case05_train400_test1000_alpha0p02_fpp_branch_benders_projectedcoveragellbi_exp_rootcuts,run-fpp-branch-benders-oos
worker_015_task_003,worker_015,case05,5,20260529,20265929,20265929,new20x20,20x20,shortest_path,400,,not_checked,,,new20x20,new_instances/20x20,new_instances/20x20,0.02,400,1000,1,9000,9001,10000,true,results/batch/fpp_new_instances_scaling_new20x20/splits/new20x20_seed20265929_train400_test1000_case5_train.csv,results/batch/fpp_new_instances_scaling_new20x20/splits/new20x20_seed20265929_train400_test1000_case5_test.csv,Expected,FPP-Branch-Benders-ProjectedPathLLBI-exp-RootCuts,FPP-Branch-Benders,,expected,0.9,1.0,path,exp,true,false,true,false,false,false,true,false,heuristic,0.10,eta-asc,true,true,100,100,1e-3,0,100000,1800,0.001,1,results/batch/fpp_new_instances_scaling_new20x20/splits,results/batch/fpp_new_instances_scaling_new20x20/workers/worker_015,results/batch/fpp_new_instances_scaling_new20x20/workers/worker_015/batch_results_worker_015.csv,results/batch/fpp_new_instances_scaling_new20x20/workers/worker_015/json/worker_015_task_003.json,results/batch/fpp_new_instances_scaling_new20x20/workers/worker_015/solutions,new20x20_case05_train400_test1000_alpha0p02_fpp_branch_benders_projectedpathllbi_exp_rootcuts,run-fpp-branch-benders-oos
worker_015_task_004,worker_015,case05,5,20260529,20265929,20265929,new20x20,20x20,shortest_path,400,,not_checked,,,new20x20,new_instances/20x20,new_instances/20x20,0.02,400,1000,1,9000,9001,10000,true,results/batch/fpp_new_instances_scaling_new20x20/splits/new20x20_seed20265929_train400_test1000_case5_train.csv,results/batch/fpp_new_instances_scaling_new20x20/splits/new20x20_seed20265929_train400_test1000_case5_test.csv,CVaR,FPP-Branch-Benders-CVaR-RootCuts,FPP-Branch-Benders,,cvar,0.9,1.0,none,none,true,false,false,false,false,false,false,false,heuristic,0.10,eta-asc,true,true,100,100,1e-3,0,100000,1800,0.001,1,results/batch/fpp_new_instances_scaling_new20x20/splits,results/batch/fpp_new_instances_scaling_new20x20/workers/worker_015,results/batch/fpp_new_instances_scaling_new20x20/workers/worker_015/batch_results_worker_015.csv,results/batch/fpp_new_instances_scaling_new20x20/workers/worker_015/json/worker_015_task_004.json,results/batch/fpp_new_instances_scaling_new20x20/workers/worker_015/solutions,new20x20_case05_train400_test1000_alpha0p02_fpp_branch_benders_cvar_rootcuts,run-fpp-branch-benders-oos
worker_015_task_005,worker_015,case05,5,20260529,20265929,20265929,new20x20,20x20,shortest_path,400,,not_checked,,,new20x20,new_instances/20x20,new_instances/20x20,0.02,400,1000,1,9000,9001,10000,true,results/batch/fpp_new_instances_scaling_new20x20/splits/new20x20_seed20265929_train400_test1000_case5_train.csv,results/batch/fpp_new_instances_scaling_new20x20/splits/new20x20_seed20265929_train400_test1000_case5_test.csv,CVaR,FPP-Branch-Benders-CVaR-LLBI-RootCuts,FPP-Branch-Benders,,cvar,0.9,1.0,none,none,true,true,false,false,false,false,false,false,heuristic,0.10,eta-asc,true,true,100,100,1e-3,0,100000,1800,0.001,1,results/batch/fpp_new_instances_scaling_new20x20/splits,results/batch/fpp_new_instances_scaling_new20x20/workers/worker_015,results/batch/fpp_new_instances_scaling_new20x20/workers/worker_015/batch_results_worker_015.csv,results/batch/fpp_new_instances_scaling_new20x20/workers/worker_015/json/worker_015_task_005.json,results/batch/fpp_new_instances_scaling_new20x20/workers/worker_015/solutions,new20x20_case05_train400_test1000_alpha0p02_fpp_branch_benders_cvar_llbi_rootcuts,run-fpp-branch-benders-oos
worker_015_task_006,worker_015,case05,5,20260529,20265929,20265929,new20x20,20x20,shortest_path,400,,not_checked,,,new20x20,new_instances/20x20,new_instances/20x20,0.02,400,1000,1,9000,9001,10000,true,results/batch/fpp_new_instances_scaling_new20x20/splits/new20x20_seed20265929_train400_test1000_case5_train.csv,results/batch/fpp_new_instances_scaling_new20x20/splits/new20x20_seed20265929_train400_test1000_case5_test.csv,CVaR,FPP-Branch-Benders-CVaR-ProjectedCoverageLLBI-exp-RootCuts,FPP-Branch-Benders,,cvar,0.9,1.0,coverage,exp,true,false,true,false,false,true,false,false,heuristic,0.10,eta-asc,true,true,100,100,1e-3,0,100000,1800,0.001,1,results/batch/fpp_new_instances_scaling_new20x20/splits,results/batch/fpp_new_instances_scaling_new20x20/workers/worker_015,results/batch/fpp_new_instances_scaling_new20x20/workers/worker_015/batch_results_worker_015.csv,results/batch/fpp_new_instances_scaling_new20x20/workers/worker_015/json/worker_015_task_006.json,results/batch/fpp_new_instances_scaling_new20x20/workers/worker_015/solutions,new20x20_case05_train400_test1000_alpha0p02_fpp_branch_benders_cvar_projectedcoveragellbi_exp_rootcuts,run-fpp-branch-benders-oos
worker_015_task_007,worker_015,case05,5,20260529,20265929,20265929,new20x20,20x20,shortest_path,400,,not_checked,,,new20x20,new_instances/20x20,new_instances/20x20,0.02,400,1000,1,9000,9001,10000,true,results/batch/fpp_new_instances_scaling_new20x20/splits/new20x20_seed20265929_train400_test1000_case5_train.csv,results/batch/fpp_new_instances_scaling_new20x20/splits/new20x20_seed20265929_train400_test1000_case5_test.csv,CVaR,FPP-Branch-Benders-CVaR-ProjectedPathLLBI-exp-RootCuts,FPP-Branch-Benders,,cvar,0.9,1.0,path,exp,true,false,true,false,false,false,true,false,heuristic,0.10,eta-asc,true,true,100,100,1e-3,0,100000,1800,0.001,1,results/batch/fpp_new_instances_scaling_new20x20/splits,results/batch/fpp_new_instances_scaling_new20x20/workers/worker_015,results/batch/fpp_new_instances_scaling_new20x20/workers/worker_015/batch_results_worker_015.csv,results/batch/fpp_new_instances_scaling_new20x20/workers/worker_015/json/worker_015_task_007.json,results/batch/fpp_new_instances_scaling_new20x20/workers/worker_015/solutions,new20x20_case05_train400_test1000_alpha0p02_fpp_branch_benders_cvar_projectedpathllbi_exp_rootcuts,run-fpp-branch-benders-oos
worker_015_task_008,worker_015,case05,5,20260529,20265929,20265929,new20x20,20x20,shortest_path,400,,not_checked,,,new20x20,new_instances/20x20,new_instances/20x20,0.02,400,1000,1,9000,9001,10000,true,results/batch/fpp_new_instances_scaling_new20x20/splits/new20x20_seed20265929_train400_test1000_case5_train.csv,results/batch/fpp_new_instances_scaling_new20x20/splits/new20x20_seed20265929_train400_test1000_case5_test.csv,MeanCVaR,FPP-Branch-Benders-MeanCVaR-RootCuts,FPP-Branch-Benders,,mean-cvar,0.9,0.5,none,none,true,false,false,false,false,false,false,false,heuristic,0.10,eta-asc,true,true,100,100,1e-3,0,100000,1800,0.001,1,results/batch/fpp_new_instances_scaling_new20x20/splits,results/batch/fpp_new_instances_scaling_new20x20/workers/worker_015,results/batch/fpp_new_instances_scaling_new20x20/workers/worker_015/batch_results_worker_015.csv,results/batch/fpp_new_instances_scaling_new20x20/workers/worker_015/json/worker_015_task_008.json,results/batch/fpp_new_instances_scaling_new20x20/workers/worker_015/solutions,new20x20_case05_train400_test1000_alpha0p02_fpp_branch_benders_meancvar_rootcuts,run-fpp-branch-benders-oos
worker_015_task_009,worker_015,case05,5,20260529,20265929,20265929,new20x20,20x20,shortest_path,400,,not_checked,,,new20x20,new_instances/20x20,new_instances/20x20,0.02,400,1000,1,9000,9001,10000,true,results/batch/fpp_new_instances_scaling_new20x20/splits/new20x20_seed20265929_train400_test1000_case5_train.csv,results/batch/fpp_new_instances_scaling_new20x20/splits/new20x20_seed20265929_train400_test1000_case5_test.csv,MeanCVaR,FPP-Branch-Benders-MeanCVaR-LLBI-RootCuts,FPP-Branch-Benders,,mean-cvar,0.9,0.5,none,none,true,true,false,false,false,false,false,false,heuristic,0.10,eta-asc,true,true,100,100,1e-3,0,100000,1800,0.001,1,results/batch/fpp_new_instances_scaling_new20x20/splits,results/batch/fpp_new_instances_scaling_new20x20/workers/worker_015,results/batch/fpp_new_instances_scaling_new20x20/workers/worker_015/batch_results_worker_015.csv,results/batch/fpp_new_instances_scaling_new20x20/workers/worker_015/json/worker_015_task_009.json,results/batch/fpp_new_instances_scaling_new20x20/workers/worker_015/solutions,new20x20_case05_train400_test1000_alpha0p02_fpp_branch_benders_meancvar_llbi_rootcuts,run-fpp-branch-benders-oos
worker_015_task_010,worker_015,case05,5,20260529,20265929,20265929,new20x20,20x20,shortest_path,400,,not_checked,,,new20x20,new_instances/20x20,new_instances/20x20,0.02,400,1000,1,9000,9001,10000,true,results/batch/fpp_new_instances_scaling_new20x20/splits/new20x20_seed20265929_train400_test1000_case5_train.csv,results/batch/fpp_new_instances_scaling_new20x20/splits/new20x20_seed20265929_train400_test1000_case5_test.csv,MeanCVaR,FPP-Branch-Benders-MeanCVaR-ProjectedCoverageLLBI-exp-RootCuts,FPP-Branch-Benders,,mean-cvar,0.9,0.5,coverage,exp,true,false,true,false,false,true,false,false,heuristic,0.10,eta-asc,true,true,100,100,1e-3,0,100000,1800,0.001,1,results/batch/fpp_new_instances_scaling_new20x20/splits,results/batch/fpp_new_instances_scaling_new20x20/workers/worker_015,results/batch/fpp_new_instances_scaling_new20x20/workers/worker_015/batch_results_worker_015.csv,results/batch/fpp_new_instances_scaling_new20x20/workers/worker_015/json/worker_015_task_010.json,results/batch/fpp_new_instances_scaling_new20x20/workers/worker_015/solutions,new20x20_case05_train400_test1000_alpha0p02_fpp_branch_benders_meancvar_projectedcoveragellbi_exp_rootcuts,run-fpp-branch-benders-oos
worker_015_task_011,worker_015,case05,5,20260529,20265929,20265929,new20x20,20x20,shortest_path,400,,not_checked,,,new20x20,new_instances/20x20,new_instances/20x20,0.02,400,1000,1,9000,9001,10000,true,results/batch/fpp_new_instances_scaling_new20x20/splits/new20x20_seed20265929_train400_test1000_case5_train.csv,results/batch/fpp_new_instances_scaling_new20x20/splits/new20x20_seed20265929_train400_test1000_case5_test.csv,MeanCVaR,FPP-Branch-Benders-MeanCVaR-ProjectedPathLLBI-exp-RootCuts,FPP-Branch-Benders,,mean-cvar,0.9,0.5,path,exp,true,false,true,false,false,false,true,false,heuristic,0.10,eta-asc,true,true,100,100,1e-3,0,100000,1800,0.001,1,results/batch/fpp_new_instances_scaling_new20x20/splits,results/batch/fpp_new_instances_scaling_new20x20/workers/worker_015,results/batch/fpp_new_instances_scaling_new20x20/workers/worker_015/batch_results_worker_015.csv,results/batch/fpp_new_instances_scaling_new20x20/workers/worker_015/json/worker_015_task_011.json,results/batch/fpp_new_instances_scaling_new20x20/workers/worker_015/solutions,new20x20_case05_train400_test1000_alpha0p02_fpp_branch_benders_meancvar_projectedpathllbi_exp_rootcuts,run-fpp-branch-benders-oos
worker_016_task_000,worker_016,case06,6,20260529,20266929,20266929,new20x20,20x20,shortest_path,400,,not_checked,,,new20x20,new_instances/20x20,new_instances/20x20,0.02,400,1000,1,9000,9001,10000,true,results/batch/fpp_new_instances_scaling_new20x20/splits/new20x20_seed20266929_train400_test1000_case6_train.csv,results/batch/fpp_new_instances_scaling_new20x20/splits/new20x20_seed20266929_train400_test1000_case6_test.csv,MeanCVaR,FPP-SAA-MeanCVaR,FPP-SAA,fpp_base,mean-cvar,0.9,0.5,none,none,false,false,false,false,false,false,false,false,heuristic,0.10,eta-asc,true,true,100,100,1e-3,0,100000,1800,0.001,1,results/batch/fpp_new_instances_scaling_new20x20/splits,results/batch/fpp_new_instances_scaling_new20x20/workers/worker_016,results/batch/fpp_new_instances_scaling_new20x20/workers/worker_016/batch_results_worker_016.csv,results/batch/fpp_new_instances_scaling_new20x20/workers/worker_016/json/worker_016_task_000.json,results/batch/fpp_new_instances_scaling_new20x20/workers/worker_016/solutions,new20x20_case06_train400_test1000_alpha0p02_fpp_saa_meancvar,run-fpp-saa-oos
worker_016_task_001,worker_016,case06,6,20260529,20266929,20266929,new20x20,20x20,shortest_path,400,,not_checked,,,new20x20,new_instances/20x20,new_instances/20x20,0.02,400,1000,1,9000,9001,10000,true,results/batch/fpp_new_instances_scaling_new20x20/splits/new20x20_seed20266929_train400_test1000_case6_train.csv,results/batch/fpp_new_instances_scaling_new20x20/splits/new20x20_seed20266929_train400_test1000_case6_test.csv,Expected,FPP-Branch-Benders-LLBI-RootCuts,FPP-Branch-Benders,,expected,0.9,1.0,none,none,true,true,false,false,false,false,false,false,heuristic,0.10,eta-asc,true,true,100,100,1e-3,0,100000,1800,0.001,1,results/batch/fpp_new_instances_scaling_new20x20/splits,results/batch/fpp_new_instances_scaling_new20x20/workers/worker_016,results/batch/fpp_new_instances_scaling_new20x20/workers/worker_016/batch_results_worker_016.csv,results/batch/fpp_new_instances_scaling_new20x20/workers/worker_016/json/worker_016_task_001.json,results/batch/fpp_new_instances_scaling_new20x20/workers/worker_016/solutions,new20x20_case06_train400_test1000_alpha0p02_fpp_branch_benders_llbi_rootcuts,run-fpp-branch-benders-oos
worker_016_task_002,worker_016,case06,6,20260529,20266929,20266929,new20x20,20x20,shortest_path,400,,not_checked,,,new20x20,new_instances/20x20,new_instances/20x20,0.02,400,1000,1,9000,9001,10000,true,results/batch/fpp_new_instances_scaling_new20x20/splits/new20x20_seed20266929_train400_test1000_case6_train.csv,results/batch/fpp_new_instances_scaling_new20x20/splits/new20x20_seed20266929_train400_test1000_case6_test.csv,Expected,FPP-Branch-Benders-ProjectedCoverageLLBI-exp-RootCuts,FPP-Branch-Benders,,expected,0.9,1.0,coverage,exp,true,false,true,false,false,true,false,false,heuristic,0.10,eta-asc,true,true,100,100,1e-3,0,100000,1800,0.001,1,results/batch/fpp_new_instances_scaling_new20x20/splits,results/batch/fpp_new_instances_scaling_new20x20/workers/worker_016,results/batch/fpp_new_instances_scaling_new20x20/workers/worker_016/batch_results_worker_016.csv,results/batch/fpp_new_instances_scaling_new20x20/workers/worker_016/json/worker_016_task_002.json,results/batch/fpp_new_instances_scaling_new20x20/workers/worker_016/solutions,new20x20_case06_train400_test1000_alpha0p02_fpp_branch_benders_projectedcoveragellbi_exp_rootcuts,run-fpp-branch-benders-oos
worker_016_task_003,worker_016,case06,6,20260529,20266929,20266929,new20x20,20x20,shortest_path,400,,not_checked,,,new20x20,new_instances/20x20,new_instances/20x20,0.02,400,1000,1,9000,9001,10000,true,results/batch/fpp_new_instances_scaling_new20x20/splits/new20x20_seed20266929_train400_test1000_case6_train.csv,results/batch/fpp_new_instances_scaling_new20x20/splits/new20x20_seed20266929_train400_test1000_case6_test.csv,Expected,FPP-Branch-Benders-ProjectedPathLLBI-exp-RootCuts,FPP-Branch-Benders,,expected,0.9,1.0,path,exp,true,false,true,false,false,false,true,false,heuristic,0.10,eta-asc,true,true,100,100,1e-3,0,100000,1800,0.001,1,results/batch/fpp_new_instances_scaling_new20x20/splits,results/batch/fpp_new_instances_scaling_new20x20/workers/worker_016,results/batch/fpp_new_instances_scaling_new20x20/workers/worker_016/batch_results_worker_016.csv,results/batch/fpp_new_instances_scaling_new20x20/workers/worker_016/json/worker_016_task_003.json,results/batch/fpp_new_instances_scaling_new20x20/workers/worker_016/solutions,new20x20_case06_train400_test1000_alpha0p02_fpp_branch_benders_projectedpathllbi_exp_rootcuts,run-fpp-branch-benders-oos
worker_016_task_004,worker_016,case06,6,20260529,20266929,20266929,new20x20,20x20,shortest_path,400,,not_checked,,,new20x20,new_instances/20x20,new_instances/20x20,0.02,400,1000,1,9000,9001,10000,true,results/batch/fpp_new_instances_scaling_new20x20/splits/new20x20_seed20266929_train400_test1000_case6_train.csv,results/batch/fpp_new_instances_scaling_new20x20/splits/new20x20_seed20266929_train400_test1000_case6_test.csv,CVaR,FPP-Branch-Benders-CVaR-RootCuts,FPP-Branch-Benders,,cvar,0.9,1.0,none,none,true,false,false,false,false,false,false,false,heuristic,0.10,eta-asc,true,true,100,100,1e-3,0,100000,1800,0.001,1,results/batch/fpp_new_instances_scaling_new20x20/splits,results/batch/fpp_new_instances_scaling_new20x20/workers/worker_016,results/batch/fpp_new_instances_scaling_new20x20/workers/worker_016/batch_results_worker_016.csv,results/batch/fpp_new_instances_scaling_new20x20/workers/worker_016/json/worker_016_task_004.json,results/batch/fpp_new_instances_scaling_new20x20/workers/worker_016/solutions,new20x20_case06_train400_test1000_alpha0p02_fpp_branch_benders_cvar_rootcuts,run-fpp-branch-benders-oos
worker_016_task_005,worker_016,case06,6,20260529,20266929,20266929,new20x20,20x20,shortest_path,400,,not_checked,,,new20x20,new_instances/20x20,new_instances/20x20,0.02,400,1000,1,9000,9001,10000,true,results/batch/fpp_new_instances_scaling_new20x20/splits/new20x20_seed20266929_train400_test1000_case6_train.csv,results/batch/fpp_new_instances_scaling_new20x20/splits/new20x20_seed20266929_train400_test1000_case6_test.csv,CVaR,FPP-Branch-Benders-CVaR-LLBI-RootCuts,FPP-Branch-Benders,,cvar,0.9,1.0,none,none,true,true,false,false,false,false,false,false,heuristic,0.10,eta-asc,true,true,100,100,1e-3,0,100000,1800,0.001,1,results/batch/fpp_new_instances_scaling_new20x20/splits,results/batch/fpp_new_instances_scaling_new20x20/workers/worker_016,results/batch/fpp_new_instances_scaling_new20x20/workers/worker_016/batch_results_worker_016.csv,results/batch/fpp_new_instances_scaling_new20x20/workers/worker_016/json/worker_016_task_005.json,results/batch/fpp_new_instances_scaling_new20x20/workers/worker_016/solutions,new20x20_case06_train400_test1000_alpha0p02_fpp_branch_benders_cvar_llbi_rootcuts,run-fpp-branch-benders-oos
worker_016_task_006,worker_016,case06,6,20260529,20266929,20266929,new20x20,20x20,shortest_path,400,,not_checked,,,new20x20,new_instances/20x20,new_instances/20x20,0.02,400,1000,1,9000,9001,10000,true,results/batch/fpp_new_instances_scaling_new20x20/splits/new20x20_seed20266929_train400_test1000_case6_train.csv,results/batch/fpp_new_instances_scaling_new20x20/splits/new20x20_seed20266929_train400_test1000_case6_test.csv,CVaR,FPP-Branch-Benders-CVaR-ProjectedCoverageLLBI-exp-RootCuts,FPP-Branch-Benders,,cvar,0.9,1.0,coverage,exp,true,false,true,false,false,true,false,false,heuristic,0.10,eta-asc,true,true,100,100,1e-3,0,100000,1800,0.001,1,results/batch/fpp_new_instances_scaling_new20x20/splits,results/batch/fpp_new_instances_scaling_new20x20/workers/worker_016,results/batch/fpp_new_instances_scaling_new20x20/workers/worker_016/batch_results_worker_016.csv,results/batch/fpp_new_instances_scaling_new20x20/workers/worker_016/json/worker_016_task_006.json,results/batch/fpp_new_instances_scaling_new20x20/workers/worker_016/solutions,new20x20_case06_train400_test1000_alpha0p02_fpp_branch_benders_cvar_projectedcoveragellbi_exp_rootcuts,run-fpp-branch-benders-oos
worker_016_task_007,worker_016,case06,6,20260529,20266929,20266929,new20x20,20x20,shortest_path,400,,not_checked,,,new20x20,new_instances/20x20,new_instances/20x20,0.02,400,1000,1,9000,9001,10000,true,results/batch/fpp_new_instances_scaling_new20x20/splits/new20x20_seed20266929_train400_test1000_case6_train.csv,results/batch/fpp_new_instances_scaling_new20x20/splits/new20x20_seed20266929_train400_test1000_case6_test.csv,CVaR,FPP-Branch-Benders-CVaR-ProjectedPathLLBI-exp-RootCuts,FPP-Branch-Benders,,cvar,0.9,1.0,path,exp,true,false,true,false,false,false,true,false,heuristic,0.10,eta-asc,true,true,100,100,1e-3,0,100000,1800,0.001,1,results/batch/fpp_new_instances_scaling_new20x20/splits,results/batch/fpp_new_instances_scaling_new20x20/workers/worker_016,results/batch/fpp_new_instances_scaling_new20x20/workers/worker_016/batch_results_worker_016.csv,results/batch/fpp_new_instances_scaling_new20x20/workers/worker_016/json/worker_016_task_007.json,results/batch/fpp_new_instances_scaling_new20x20/workers/worker_016/solutions,new20x20_case06_train400_test1000_alpha0p02_fpp_branch_benders_cvar_projectedpathllbi_exp_rootcuts,run-fpp-branch-benders-oos
worker_016_task_008,worker_016,case06,6,20260529,20266929,20266929,new20x20,20x20,shortest_path,400,,not_checked,,,new20x20,new_instances/20x20,new_instances/20x20,0.02,400,1000,1,9000,9001,10000,true,results/batch/fpp_new_instances_scaling_new20x20/splits/new20x20_seed20266929_train400_test1000_case6_train.csv,results/batch/fpp_new_instances_scaling_new20x20/splits/new20x20_seed20266929_train400_test1000_case6_test.csv,MeanCVaR,FPP-Branch-Benders-MeanCVaR-RootCuts,FPP-Branch-Benders,,mean-cvar,0.9,0.5,none,none,true,false,false,false,false,false,false,false,heuristic,0.10,eta-asc,true,true,100,100,1e-3,0,100000,1800,0.001,1,results/batch/fpp_new_instances_scaling_new20x20/splits,results/batch/fpp_new_instances_scaling_new20x20/workers/worker_016,results/batch/fpp_new_instances_scaling_new20x20/workers/worker_016/batch_results_worker_016.csv,results/batch/fpp_new_instances_scaling_new20x20/workers/worker_016/json/worker_016_task_008.json,results/batch/fpp_new_instances_scaling_new20x20/workers/worker_016/solutions,new20x20_case06_train400_test1000_alpha0p02_fpp_branch_benders_meancvar_rootcuts,run-fpp-branch-benders-oos
worker_016_task_009,worker_016,case06,6,20260529,20266929,20266929,new20x20,20x20,shortest_path,400,,not_checked,,,new20x20,new_instances/20x20,new_instances/20x20,0.02,400,1000,1,9000,9001,10000,true,results/batch/fpp_new_instances_scaling_new20x20/splits/new20x20_seed20266929_train400_test1000_case6_train.csv,results/batch/fpp_new_instances_scaling_new20x20/splits/new20x20_seed20266929_train400_test1000_case6_test.csv,MeanCVaR,FPP-Branch-Benders-MeanCVaR-LLBI-RootCuts,FPP-Branch-Benders,,mean-cvar,0.9,0.5,none,none,true,true,false,false,false,false,false,false,heuristic,0.10,eta-asc,true,true,100,100,1e-3,0,100000,1800,0.001,1,results/batch/fpp_new_instances_scaling_new20x20/splits,results/batch/fpp_new_instances_scaling_new20x20/workers/worker_016,results/batch/fpp_new_instances_scaling_new20x20/workers/worker_016/batch_results_worker_016.csv,results/batch/fpp_new_instances_scaling_new20x20/workers/worker_016/json/worker_016_task_009.json,results/batch/fpp_new_instances_scaling_new20x20/workers/worker_016/solutions,new20x20_case06_train400_test1000_alpha0p02_fpp_branch_benders_meancvar_llbi_rootcuts,run-fpp-branch-benders-oos
worker_016_task_010,worker_016,case06,6,20260529,20266929,20266929,new20x20,20x20,shortest_path,400,,not_checked,,,new20x20,new_instances/20x20,new_instances/20x20,0.02,400,1000,1,9000,9001,10000,true,results/batch/fpp_new_instances_scaling_new20x20/splits/new20x20_seed20266929_train400_test1000_case6_train.csv,results/batch/fpp_new_instances_scaling_new20x20/splits/new20x20_seed20266929_train400_test1000_case6_test.csv,MeanCVaR,FPP-Branch-Benders-MeanCVaR-ProjectedCoverageLLBI-exp-RootCuts,FPP-Branch-Benders,,mean-cvar,0.9,0.5,coverage,exp,true,false,true,false,false,true,false,false,heuristic,0.10,eta-asc,true,true,100,100,1e-3,0,100000,1800,0.001,1,results/batch/fpp_new_instances_scaling_new20x20/splits,results/batch/fpp_new_instances_scaling_new20x20/workers/worker_016,results/batch/fpp_new_instances_scaling_new20x20/workers/worker_016/batch_results_worker_016.csv,results/batch/fpp_new_instances_scaling_new20x20/workers/worker_016/json/worker_016_task_010.json,results/batch/fpp_new_instances_scaling_new20x20/workers/worker_016/solutions,new20x20_case06_train400_test1000_alpha0p02_fpp_branch_benders_meancvar_projectedcoveragellbi_exp_rootcuts,run-fpp-branch-benders-oos
worker_016_task_011,worker_016,case06,6,20260529,20266929,20266929,new20x20,20x20,shortest_path,400,,not_checked,,,new20x20,new_instances/20x20,new_instances/20x20,0.02,400,1000,1,9000,9001,10000,true,results/batch/fpp_new_instances_scaling_new20x20/splits/new20x20_seed20266929_train400_test1000_case6_train.csv,results/batch/fpp_new_instances_scaling_new20x20/splits/new20x20_seed20266929_train400_test1000_case6_test.csv,MeanCVaR,FPP-Branch-Benders-MeanCVaR-ProjectedPathLLBI-exp-RootCuts,FPP-Branch-Benders,,mean-cvar,0.9,0.5,path,exp,true,false,true,false,false,false,true,false,heuristic,0.10,eta-asc,true,true,100,100,1e-3,0,100000,1800,0.001,1,results/batch/fpp_new_instances_scaling_new20x20/splits,results/batch/fpp_new_instances_scaling_new20x20/workers/worker_016,results/batch/fpp_new_instances_scaling_new20x20/workers/worker_016/batch_results_worker_016.csv,results/batch/fpp_new_instances_scaling_new20x20/workers/worker_016/json/worker_016_task_011.json,results/batch/fpp_new_instances_scaling_new20x20/workers/worker_016/solutions,new20x20_case06_train400_test1000_alpha0p02_fpp_branch_benders_meancvar_projectedpathllbi_exp_rootcuts,run-fpp-branch-benders-oos
worker_017_task_000,worker_017,case07,7,20260529,20267929,20267929,new20x20,20x20,shortest_path,400,,not_checked,,,new20x20,new_instances/20x20,new_instances/20x20,0.02,400,1000,1,9000,9001,10000,true,results/batch/fpp_new_instances_scaling_new20x20/splits/new20x20_seed20267929_train400_test1000_case7_train.csv,results/batch/fpp_new_instances_scaling_new20x20/splits/new20x20_seed20267929_train400_test1000_case7_test.csv,MeanCVaR,FPP-SAA-MeanCVaR,FPP-SAA,fpp_base,mean-cvar,0.9,0.5,none,none,false,false,false,false,false,false,false,false,heuristic,0.10,eta-asc,true,true,100,100,1e-3,0,100000,1800,0.001,1,results/batch/fpp_new_instances_scaling_new20x20/splits,results/batch/fpp_new_instances_scaling_new20x20/workers/worker_017,results/batch/fpp_new_instances_scaling_new20x20/workers/worker_017/batch_results_worker_017.csv,results/batch/fpp_new_instances_scaling_new20x20/workers/worker_017/json/worker_017_task_000.json,results/batch/fpp_new_instances_scaling_new20x20/workers/worker_017/solutions,new20x20_case07_train400_test1000_alpha0p02_fpp_saa_meancvar,run-fpp-saa-oos
worker_017_task_001,worker_017,case07,7,20260529,20267929,20267929,new20x20,20x20,shortest_path,400,,not_checked,,,new20x20,new_instances/20x20,new_instances/20x20,0.02,400,1000,1,9000,9001,10000,true,results/batch/fpp_new_instances_scaling_new20x20/splits/new20x20_seed20267929_train400_test1000_case7_train.csv,results/batch/fpp_new_instances_scaling_new20x20/splits/new20x20_seed20267929_train400_test1000_case7_test.csv,Expected,FPP-Branch-Benders-LLBI-RootCuts,FPP-Branch-Benders,,expected,0.9,1.0,none,none,true,true,false,false,false,false,false,false,heuristic,0.10,eta-asc,true,true,100,100,1e-3,0,100000,1800,0.001,1,results/batch/fpp_new_instances_scaling_new20x20/splits,results/batch/fpp_new_instances_scaling_new20x20/workers/worker_017,results/batch/fpp_new_instances_scaling_new20x20/workers/worker_017/batch_results_worker_017.csv,results/batch/fpp_new_instances_scaling_new20x20/workers/worker_017/json/worker_017_task_001.json,results/batch/fpp_new_instances_scaling_new20x20/workers/worker_017/solutions,new20x20_case07_train400_test1000_alpha0p02_fpp_branch_benders_llbi_rootcuts,run-fpp-branch-benders-oos
worker_017_task_002,worker_017,case07,7,20260529,20267929,20267929,new20x20,20x20,shortest_path,400,,not_checked,,,new20x20,new_instances/20x20,new_instances/20x20,0.02,400,1000,1,9000,9001,10000,true,results/batch/fpp_new_instances_scaling_new20x20/splits/new20x20_seed20267929_train400_test1000_case7_train.csv,results/batch/fpp_new_instances_scaling_new20x20/splits/new20x20_seed20267929_train400_test1000_case7_test.csv,Expected,FPP-Branch-Benders-ProjectedCoverageLLBI-exp-RootCuts,FPP-Branch-Benders,,expected,0.9,1.0,coverage,exp,true,false,true,false,false,true,false,false,heuristic,0.10,eta-asc,true,true,100,100,1e-3,0,100000,1800,0.001,1,results/batch/fpp_new_instances_scaling_new20x20/splits,results/batch/fpp_new_instances_scaling_new20x20/workers/worker_017,results/batch/fpp_new_instances_scaling_new20x20/workers/worker_017/batch_results_worker_017.csv,results/batch/fpp_new_instances_scaling_new20x20/workers/worker_017/json/worker_017_task_002.json,results/batch/fpp_new_instances_scaling_new20x20/workers/worker_017/solutions,new20x20_case07_train400_test1000_alpha0p02_fpp_branch_benders_projectedcoveragellbi_exp_rootcuts,run-fpp-branch-benders-oos
worker_017_task_003,worker_017,case07,7,20260529,20267929,20267929,new20x20,20x20,shortest_path,400,,not_checked,,,new20x20,new_instances/20x20,new_instances/20x20,0.02,400,1000,1,9000,9001,10000,true,results/batch/fpp_new_instances_scaling_new20x20/splits/new20x20_seed20267929_train400_test1000_case7_train.csv,results/batch/fpp_new_instances_scaling_new20x20/splits/new20x20_seed20267929_train400_test1000_case7_test.csv,Expected,FPP-Branch-Benders-ProjectedPathLLBI-exp-RootCuts,FPP-Branch-Benders,,expected,0.9,1.0,path,exp,true,false,true,false,false,false,true,false,heuristic,0.10,eta-asc,true,true,100,100,1e-3,0,100000,1800,0.001,1,results/batch/fpp_new_instances_scaling_new20x20/splits,results/batch/fpp_new_instances_scaling_new20x20/workers/worker_017,results/batch/fpp_new_instances_scaling_new20x20/workers/worker_017/batch_results_worker_017.csv,results/batch/fpp_new_instances_scaling_new20x20/workers/worker_017/json/worker_017_task_003.json,results/batch/fpp_new_instances_scaling_new20x20/workers/worker_017/solutions,new20x20_case07_train400_test1000_alpha0p02_fpp_branch_benders_projectedpathllbi_exp_rootcuts,run-fpp-branch-benders-oos
worker_017_task_004,worker_017,case07,7,20260529,20267929,20267929,new20x20,20x20,shortest_path,400,,not_checked,,,new20x20,new_instances/20x20,new_instances/20x20,0.02,400,1000,1,9000,9001,10000,true,results/batch/fpp_new_instances_scaling_new20x20/splits/new20x20_seed20267929_train400_test1000_case7_train.csv,results/batch/fpp_new_instances_scaling_new20x20/splits/new20x20_seed20267929_train400_test1000_case7_test.csv,CVaR,FPP-Branch-Benders-CVaR-RootCuts,FPP-Branch-Benders,,cvar,0.9,1.0,none,none,true,false,false,false,false,false,false,false,heuristic,0.10,eta-asc,true,true,100,100,1e-3,0,100000,1800,0.001,1,results/batch/fpp_new_instances_scaling_new20x20/splits,results/batch/fpp_new_instances_scaling_new20x20/workers/worker_017,results/batch/fpp_new_instances_scaling_new20x20/workers/worker_017/batch_results_worker_017.csv,results/batch/fpp_new_instances_scaling_new20x20/workers/worker_017/json/worker_017_task_004.json,results/batch/fpp_new_instances_scaling_new20x20/workers/worker_017/solutions,new20x20_case07_train400_test1000_alpha0p02_fpp_branch_benders_cvar_rootcuts,run-fpp-branch-benders-oos
worker_017_task_005,worker_017,case07,7,20260529,20267929,20267929,new20x20,20x20,shortest_path,400,,not_checked,,,new20x20,new_instances/20x20,new_instances/20x20,0.02,400,1000,1,9000,9001,10000,true,results/batch/fpp_new_instances_scaling_new20x20/splits/new20x20_seed20267929_train400_test1000_case7_train.csv,results/batch/fpp_new_instances_scaling_new20x20/splits/new20x20_seed20267929_train400_test1000_case7_test.csv,CVaR,FPP-Branch-Benders-CVaR-LLBI-RootCuts,FPP-Branch-Benders,,cvar,0.9,1.0,none,none,true,true,false,false,false,false,false,false,heuristic,0.10,eta-asc,true,true,100,100,1e-3,0,100000,1800,0.001,1,results/batch/fpp_new_instances_scaling_new20x20/splits,results/batch/fpp_new_instances_scaling_new20x20/workers/worker_017,results/batch/fpp_new_instances_scaling_new20x20/workers/worker_017/batch_results_worker_017.csv,results/batch/fpp_new_instances_scaling_new20x20/workers/worker_017/json/worker_017_task_005.json,results/batch/fpp_new_instances_scaling_new20x20/workers/worker_017/solutions,new20x20_case07_train400_test1000_alpha0p02_fpp_branch_benders_cvar_llbi_rootcuts,run-fpp-branch-benders-oos
worker_017_task_006,worker_017,case07,7,20260529,20267929,20267929,new20x20,20x20,shortest_path,400,,not_checked,,,new20x20,new_instances/20x20,new_instances/20x20,0.02,400,1000,1,9000,9001,10000,true,results/batch/fpp_new_instances_scaling_new20x20/splits/new20x20_seed20267929_train400_test1000_case7_train.csv,results/batch/fpp_new_instances_scaling_new20x20/splits/new20x20_seed20267929_train400_test1000_case7_test.csv,CVaR,FPP-Branch-Benders-CVaR-ProjectedCoverageLLBI-exp-RootCuts,FPP-Branch-Benders,,cvar,0.9,1.0,coverage,exp,true,false,true,false,false,true,false,false,heuristic,0.10,eta-asc,true,true,100,100,1e-3,0,100000,1800,0.001,1,results/batch/fpp_new_instances_scaling_new20x20/splits,results/batch/fpp_new_instances_scaling_new20x20/workers/worker_017,results/batch/fpp_new_instances_scaling_new20x20/workers/worker_017/batch_results_worker_017.csv,results/batch/fpp_new_instances_scaling_new20x20/workers/worker_017/json/worker_017_task_006.json,results/batch/fpp_new_instances_scaling_new20x20/workers/worker_017/solutions,new20x20_case07_train400_test1000_alpha0p02_fpp_branch_benders_cvar_projectedcoveragellbi_exp_rootcuts,run-fpp-branch-benders-oos
worker_017_task_007,worker_017,case07,7,20260529,20267929,20267929,new20x20,20x20,shortest_path,400,,not_checked,,,new20x20,new_instances/20x20,new_instances/20x20,0.02,400,1000,1,9000,9001,10000,true,results/batch/fpp_new_instances_scaling_new20x20/splits/new20x20_seed20267929_train400_test1000_case7_train.csv,results/batch/fpp_new_instances_scaling_new20x20/splits/new20x20_seed20267929_train400_test1000_case7_test.csv,CVaR,FPP-Branch-Benders-CVaR-ProjectedPathLLBI-exp-RootCuts,FPP-Branch-Benders,,cvar,0.9,1.0,path,exp,true,false,true,false,false,false,true,false,heuristic,0.10,eta-asc,true,true,100,100,1e-3,0,100000,1800,0.001,1,results/batch/fpp_new_instances_scaling_new20x20/splits,results/batch/fpp_new_instances_scaling_new20x20/workers/worker_017,results/batch/fpp_new_instances_scaling_new20x20/workers/worker_017/batch_results_worker_017.csv,results/batch/fpp_new_instances_scaling_new20x20/workers/worker_017/json/worker_017_task_007.json,results/batch/fpp_new_instances_scaling_new20x20/workers/worker_017/solutions,new20x20_case07_train400_test1000_alpha0p02_fpp_branch_benders_cvar_projectedpathllbi_exp_rootcuts,run-fpp-branch-benders-oos
worker_017_task_008,worker_017,case07,7,20260529,20267929,20267929,new20x20,20x20,shortest_path,400,,not_checked,,,new20x20,new_instances/20x20,new_instances/20x20,0.02,400,1000,1,9000,9001,10000,true,results/batch/fpp_new_instances_scaling_new20x20/splits/new20x20_seed20267929_train400_test1000_case7_train.csv,results/batch/fpp_new_instances_scaling_new20x20/splits/new20x20_seed20267929_train400_test1000_case7_test.csv,MeanCVaR,FPP-Branch-Benders-MeanCVaR-RootCuts,FPP-Branch-Benders,,mean-cvar,0.9,0.5,none,none,true,false,false,false,false,false,false,false,heuristic,0.10,eta-asc,true,true,100,100,1e-3,0,100000,1800,0.001,1,results/batch/fpp_new_instances_scaling_new20x20/splits,results/batch/fpp_new_instances_scaling_new20x20/workers/worker_017,results/batch/fpp_new_instances_scaling_new20x20/workers/worker_017/batch_results_worker_017.csv,results/batch/fpp_new_instances_scaling_new20x20/workers/worker_017/json/worker_017_task_008.json,results/batch/fpp_new_instances_scaling_new20x20/workers/worker_017/solutions,new20x20_case07_train400_test1000_alpha0p02_fpp_branch_benders_meancvar_rootcuts,run-fpp-branch-benders-oos
worker_017_task_009,worker_017,case07,7,20260529,20267929,20267929,new20x20,20x20,shortest_path,400,,not_checked,,,new20x20,new_instances/20x20,new_instances/20x20,0.02,400,1000,1,9000,9001,10000,true,results/batch/fpp_new_instances_scaling_new20x20/splits/new20x20_seed20267929_train400_test1000_case7_train.csv,results/batch/fpp_new_instances_scaling_new20x20/splits/new20x20_seed20267929_train400_test1000_case7_test.csv,MeanCVaR,FPP-Branch-Benders-MeanCVaR-LLBI-RootCuts,FPP-Branch-Benders,,mean-cvar,0.9,0.5,none,none,true,true,false,false,false,false,false,false,heuristic,0.10,eta-asc,true,true,100,100,1e-3,0,100000,1800,0.001,1,results/batch/fpp_new_instances_scaling_new20x20/splits,results/batch/fpp_new_instances_scaling_new20x20/workers/worker_017,results/batch/fpp_new_instances_scaling_new20x20/workers/worker_017/batch_results_worker_017.csv,results/batch/fpp_new_instances_scaling_new20x20/workers/worker_017/json/worker_017_task_009.json,results/batch/fpp_new_instances_scaling_new20x20/workers/worker_017/solutions,new20x20_case07_train400_test1000_alpha0p02_fpp_branch_benders_meancvar_llbi_rootcuts,run-fpp-branch-benders-oos
worker_017_task_010,worker_017,case07,7,20260529,20267929,20267929,new20x20,20x20,shortest_path,400,,not_checked,,,new20x20,new_instances/20x20,new_instances/20x20,0.02,400,1000,1,9000,9001,10000,true,results/batch/fpp_new_instances_scaling_new20x20/splits/new20x20_seed20267929_train400_test1000_case7_train.csv,results/batch/fpp_new_instances_scaling_new20x20/splits/new20x20_seed20267929_train400_test1000_case7_test.csv,MeanCVaR,FPP-Branch-Benders-MeanCVaR-ProjectedCoverageLLBI-exp-RootCuts,FPP-Branch-Benders,,mean-cvar,0.9,0.5,coverage,exp,true,false,true,false,false,true,false,false,heuristic,0.10,eta-asc,true,true,100,100,1e-3,0,100000,1800,0.001,1,results/batch/fpp_new_instances_scaling_new20x20/splits,results/batch/fpp_new_instances_scaling_new20x20/workers/worker_017,results/batch/fpp_new_instances_scaling_new20x20/workers/worker_017/batch_results_worker_017.csv,results/batch/fpp_new_instances_scaling_new20x20/workers/worker_017/json/worker_017_task_010.json,results/batch/fpp_new_instances_scaling_new20x20/workers/worker_017/solutions,new20x20_case07_train400_test1000_alpha0p02_fpp_branch_benders_meancvar_projectedcoveragellbi_exp_rootcuts,run-fpp-branch-benders-oos
worker_017_task_011,worker_017,case07,7,20260529,20267929,20267929,new20x20,20x20,shortest_path,400,,not_checked,,,new20x20,new_instances/20x20,new_instances/20x20,0.02,400,1000,1,9000,9001,10000,true,results/batch/fpp_new_instances_scaling_new20x20/splits/new20x20_seed20267929_train400_test1000_case7_train.csv,results/batch/fpp_new_instances_scaling_new20x20/splits/new20x20_seed20267929_train400_test1000_case7_test.csv,MeanCVaR,FPP-Branch-Benders-MeanCVaR-ProjectedPathLLBI-exp-RootCuts,FPP-Branch-Benders,,mean-cvar,0.9,0.5,path,exp,true,false,true,false,false,false,true,false,heuristic,0.10,eta-asc,true,true,100,100,1e-3,0,100000,1800,0.001,1,results/batch/fpp_new_instances_scaling_new20x20/splits,results/batch/fpp_new_instances_scaling_new20x20/workers/worker_017,results/batch/fpp_new_instances_scaling_new20x20/workers/worker_017/batch_results_worker_017.csv,results/batch/fpp_new_instances_scaling_new20x20/workers/worker_017/json/worker_017_task_011.json,results/batch/fpp_new_instances_scaling_new20x20/workers/worker_017/solutions,new20x20_case07_train400_test1000_alpha0p02_fpp_branch_benders_meancvar_projectedpathllbi_exp_rootcuts,run-fpp-branch-benders-oos
worker_018_task_000,worker_018,case08,8,20260529,20268929,20268929,new20x20,20x20,shortest_path,400,,not_checked,,,new20x20,new_instances/20x20,new_instances/20x20,0.02,400,1000,1,9000,9001,10000,true,results/batch/fpp_new_instances_scaling_new20x20/splits/new20x20_seed20268929_train400_test1000_case8_train.csv,results/batch/fpp_new_instances_scaling_new20x20/splits/new20x20_seed20268929_train400_test1000_case8_test.csv,MeanCVaR,FPP-SAA-MeanCVaR,FPP-SAA,fpp_base,mean-cvar,0.9,0.5,none,none,false,false,false,false,false,false,false,false,heuristic,0.10,eta-asc,true,true,100,100,1e-3,0,100000,1800,0.001,1,results/batch/fpp_new_instances_scaling_new20x20/splits,results/batch/fpp_new_instances_scaling_new20x20/workers/worker_018,results/batch/fpp_new_instances_scaling_new20x20/workers/worker_018/batch_results_worker_018.csv,results/batch/fpp_new_instances_scaling_new20x20/workers/worker_018/json/worker_018_task_000.json,results/batch/fpp_new_instances_scaling_new20x20/workers/worker_018/solutions,new20x20_case08_train400_test1000_alpha0p02_fpp_saa_meancvar,run-fpp-saa-oos
worker_018_task_001,worker_018,case08,8,20260529,20268929,20268929,new20x20,20x20,shortest_path,400,,not_checked,,,new20x20,new_instances/20x20,new_instances/20x20,0.02,400,1000,1,9000,9001,10000,true,results/batch/fpp_new_instances_scaling_new20x20/splits/new20x20_seed20268929_train400_test1000_case8_train.csv,results/batch/fpp_new_instances_scaling_new20x20/splits/new20x20_seed20268929_train400_test1000_case8_test.csv,Expected,FPP-Branch-Benders-LLBI-RootCuts,FPP-Branch-Benders,,expected,0.9,1.0,none,none,true,true,false,false,false,false,false,false,heuristic,0.10,eta-asc,true,true,100,100,1e-3,0,100000,1800,0.001,1,results/batch/fpp_new_instances_scaling_new20x20/splits,results/batch/fpp_new_instances_scaling_new20x20/workers/worker_018,results/batch/fpp_new_instances_scaling_new20x20/workers/worker_018/batch_results_worker_018.csv,results/batch/fpp_new_instances_scaling_new20x20/workers/worker_018/json/worker_018_task_001.json,results/batch/fpp_new_instances_scaling_new20x20/workers/worker_018/solutions,new20x20_case08_train400_test1000_alpha0p02_fpp_branch_benders_llbi_rootcuts,run-fpp-branch-benders-oos
worker_018_task_002,worker_018,case08,8,20260529,20268929,20268929,new20x20,20x20,shortest_path,400,,not_checked,,,new20x20,new_instances/20x20,new_instances/20x20,0.02,400,1000,1,9000,9001,10000,true,results/batch/fpp_new_instances_scaling_new20x20/splits/new20x20_seed20268929_train400_test1000_case8_train.csv,results/batch/fpp_new_instances_scaling_new20x20/splits/new20x20_seed20268929_train400_test1000_case8_test.csv,Expected,FPP-Branch-Benders-ProjectedCoverageLLBI-exp-RootCuts,FPP-Branch-Benders,,expected,0.9,1.0,coverage,exp,true,false,true,false,false,true,false,false,heuristic,0.10,eta-asc,true,true,100,100,1e-3,0,100000,1800,0.001,1,results/batch/fpp_new_instances_scaling_new20x20/splits,results/batch/fpp_new_instances_scaling_new20x20/workers/worker_018,results/batch/fpp_new_instances_scaling_new20x20/workers/worker_018/batch_results_worker_018.csv,results/batch/fpp_new_instances_scaling_new20x20/workers/worker_018/json/worker_018_task_002.json,results/batch/fpp_new_instances_scaling_new20x20/workers/worker_018/solutions,new20x20_case08_train400_test1000_alpha0p02_fpp_branch_benders_projectedcoveragellbi_exp_rootcuts,run-fpp-branch-benders-oos
worker_018_task_003,worker_018,case08,8,20260529,20268929,20268929,new20x20,20x20,shortest_path,400,,not_checked,,,new20x20,new_instances/20x20,new_instances/20x20,0.02,400,1000,1,9000,9001,10000,true,results/batch/fpp_new_instances_scaling_new20x20/splits/new20x20_seed20268929_train400_test1000_case8_train.csv,results/batch/fpp_new_instances_scaling_new20x20/splits/new20x20_seed20268929_train400_test1000_case8_test.csv,Expected,FPP-Branch-Benders-ProjectedPathLLBI-exp-RootCuts,FPP-Branch-Benders,,expected,0.9,1.0,path,exp,true,false,true,false,false,false,true,false,heuristic,0.10,eta-asc,true,true,100,100,1e-3,0,100000,1800,0.001,1,results/batch/fpp_new_instances_scaling_new20x20/splits,results/batch/fpp_new_instances_scaling_new20x20/workers/worker_018,results/batch/fpp_new_instances_scaling_new20x20/workers/worker_018/batch_results_worker_018.csv,results/batch/fpp_new_instances_scaling_new20x20/workers/worker_018/json/worker_018_task_003.json,results/batch/fpp_new_instances_scaling_new20x20/workers/worker_018/solutions,new20x20_case08_train400_test1000_alpha0p02_fpp_branch_benders_projectedpathllbi_exp_rootcuts,run-fpp-branch-benders-oos
worker_018_task_004,worker_018,case08,8,20260529,20268929,20268929,new20x20,20x20,shortest_path,400,,not_checked,,,new20x20,new_instances/20x20,new_instances/20x20,0.02,400,1000,1,9000,9001,10000,true,results/batch/fpp_new_instances_scaling_new20x20/splits/new20x20_seed20268929_train400_test1000_case8_train.csv,results/batch/fpp_new_instances_scaling_new20x20/splits/new20x20_seed20268929_train400_test1000_case8_test.csv,CVaR,FPP-Branch-Benders-CVaR-RootCuts,FPP-Branch-Benders,,cvar,0.9,1.0,none,none,true,false,false,false,false,false,false,false,heuristic,0.10,eta-asc,true,true,100,100,1e-3,0,100000,1800,0.001,1,results/batch/fpp_new_instances_scaling_new20x20/splits,results/batch/fpp_new_instances_scaling_new20x20/workers/worker_018,results/batch/fpp_new_instances_scaling_new20x20/workers/worker_018/batch_results_worker_018.csv,results/batch/fpp_new_instances_scaling_new20x20/workers/worker_018/json/worker_018_task_004.json,results/batch/fpp_new_instances_scaling_new20x20/workers/worker_018/solutions,new20x20_case08_train400_test1000_alpha0p02_fpp_branch_benders_cvar_rootcuts,run-fpp-branch-benders-oos
worker_018_task_005,worker_018,case08,8,20260529,20268929,20268929,new20x20,20x20,shortest_path,400,,not_checked,,,new20x20,new_instances/20x20,new_instances/20x20,0.02,400,1000,1,9000,9001,10000,true,results/batch/fpp_new_instances_scaling_new20x20/splits/new20x20_seed20268929_train400_test1000_case8_train.csv,results/batch/fpp_new_instances_scaling_new20x20/splits/new20x20_seed20268929_train400_test1000_case8_test.csv,CVaR,FPP-Branch-Benders-CVaR-LLBI-RootCuts,FPP-Branch-Benders,,cvar,0.9,1.0,none,none,true,true,false,false,false,false,false,false,heuristic,0.10,eta-asc,true,true,100,100,1e-3,0,100000,1800,0.001,1,results/batch/fpp_new_instances_scaling_new20x20/splits,results/batch/fpp_new_instances_scaling_new20x20/workers/worker_018,results/batch/fpp_new_instances_scaling_new20x20/workers/worker_018/batch_results_worker_018.csv,results/batch/fpp_new_instances_scaling_new20x20/workers/worker_018/json/worker_018_task_005.json,results/batch/fpp_new_instances_scaling_new20x20/workers/worker_018/solutions,new20x20_case08_train400_test1000_alpha0p02_fpp_branch_benders_cvar_llbi_rootcuts,run-fpp-branch-benders-oos
worker_018_task_006,worker_018,case08,8,20260529,20268929,20268929,new20x20,20x20,shortest_path,400,,not_checked,,,new20x20,new_instances/20x20,new_instances/20x20,0.02,400,1000,1,9000,9001,10000,true,results/batch/fpp_new_instances_scaling_new20x20/splits/new20x20_seed20268929_train400_test1000_case8_train.csv,results/batch/fpp_new_instances_scaling_new20x20/splits/new20x20_seed20268929_train400_test1000_case8_test.csv,CVaR,FPP-Branch-Benders-CVaR-ProjectedCoverageLLBI-exp-RootCuts,FPP-Branch-Benders,,cvar,0.9,1.0,coverage,exp,true,false,true,false,false,true,false,false,heuristic,0.10,eta-asc,true,true,100,100,1e-3,0,100000,1800,0.001,1,results/batch/fpp_new_instances_scaling_new20x20/splits,results/batch/fpp_new_instances_scaling_new20x20/workers/worker_018,results/batch/fpp_new_instances_scaling_new20x20/workers/worker_018/batch_results_worker_018.csv,results/batch/fpp_new_instances_scaling_new20x20/workers/worker_018/json/worker_018_task_006.json,results/batch/fpp_new_instances_scaling_new20x20/workers/worker_018/solutions,new20x20_case08_train400_test1000_alpha0p02_fpp_branch_benders_cvar_projectedcoveragellbi_exp_rootcuts,run-fpp-branch-benders-oos
worker_018_task_007,worker_018,case08,8,20260529,20268929,20268929,new20x20,20x20,shortest_path,400,,not_checked,,,new20x20,new_instances/20x20,new_instances/20x20,0.02,400,1000,1,9000,9001,10000,true,results/batch/fpp_new_instances_scaling_new20x20/splits/new20x20_seed20268929_train400_test1000_case8_train.csv,results/batch/fpp_new_instances_scaling_new20x20/splits/new20x20_seed20268929_train400_test1000_case8_test.csv,CVaR,FPP-Branch-Benders-CVaR-ProjectedPathLLBI-exp-RootCuts,FPP-Branch-Benders,,cvar,0.9,1.0,path,exp,true,false,true,false,false,false,true,false,heuristic,0.10,eta-asc,true,true,100,100,1e-3,0,100000,1800,0.001,1,results/batch/fpp_new_instances_scaling_new20x20/splits,results/batch/fpp_new_instances_scaling_new20x20/workers/worker_018,results/batch/fpp_new_instances_scaling_new20x20/workers/worker_018/batch_results_worker_018.csv,results/batch/fpp_new_instances_scaling_new20x20/workers/worker_018/json/worker_018_task_007.json,results/batch/fpp_new_instances_scaling_new20x20/workers/worker_018/solutions,new20x20_case08_train400_test1000_alpha0p02_fpp_branch_benders_cvar_projectedpathllbi_exp_rootcuts,run-fpp-branch-benders-oos
worker_018_task_008,worker_018,case08,8,20260529,20268929,20268929,new20x20,20x20,shortest_path,400,,not_checked,,,new20x20,new_instances/20x20,new_instances/20x20,0.02,400,1000,1,9000,9001,10000,true,results/batch/fpp_new_instances_scaling_new20x20/splits/new20x20_seed20268929_train400_test1000_case8_train.csv,results/batch/fpp_new_instances_scaling_new20x20/splits/new20x20_seed20268929_train400_test1000_case8_test.csv,MeanCVaR,FPP-Branch-Benders-MeanCVaR-RootCuts,FPP-Branch-Benders,,mean-cvar,0.9,0.5,none,none,true,false,false,false,false,false,false,false,heuristic,0.10,eta-asc,true,true,100,100,1e-3,0,100000,1800,0.001,1,results/batch/fpp_new_instances_scaling_new20x20/splits,results/batch/fpp_new_instances_scaling_new20x20/workers/worker_018,results/batch/fpp_new_instances_scaling_new20x20/workers/worker_018/batch_results_worker_018.csv,results/batch/fpp_new_instances_scaling_new20x20/workers/worker_018/json/worker_018_task_008.json,results/batch/fpp_new_instances_scaling_new20x20/workers/worker_018/solutions,new20x20_case08_train400_test1000_alpha0p02_fpp_branch_benders_meancvar_rootcuts,run-fpp-branch-benders-oos
worker_018_task_009,worker_018,case08,8,20260529,20268929,20268929,new20x20,20x20,shortest_path,400,,not_checked,,,new20x20,new_instances/20x20,new_instances/20x20,0.02,400,1000,1,9000,9001,10000,true,results/batch/fpp_new_instances_scaling_new20x20/splits/new20x20_seed20268929_train400_test1000_case8_train.csv,results/batch/fpp_new_instances_scaling_new20x20/splits/new20x20_seed20268929_train400_test1000_case8_test.csv,MeanCVaR,FPP-Branch-Benders-MeanCVaR-LLBI-RootCuts,FPP-Branch-Benders,,mean-cvar,0.9,0.5,none,none,true,true,false,false,false,false,false,false,heuristic,0.10,eta-asc,true,true,100,100,1e-3,0,100000,1800,0.001,1,results/batch/fpp_new_instances_scaling_new20x20/splits,results/batch/fpp_new_instances_scaling_new20x20/workers/worker_018,results/batch/fpp_new_instances_scaling_new20x20/workers/worker_018/batch_results_worker_018.csv,results/batch/fpp_new_instances_scaling_new20x20/workers/worker_018/json/worker_018_task_009.json,results/batch/fpp_new_instances_scaling_new20x20/workers/worker_018/solutions,new20x20_case08_train400_test1000_alpha0p02_fpp_branch_benders_meancvar_llbi_rootcuts,run-fpp-branch-benders-oos
worker_018_task_010,worker_018,case08,8,20260529,20268929,20268929,new20x20,20x20,shortest_path,400,,not_checked,,,new20x20,new_instances/20x20,new_instances/20x20,0.02,400,1000,1,9000,9001,10000,true,results/batch/fpp_new_instances_scaling_new20x20/splits/new20x20_seed20268929_train400_test1000_case8_train.csv,results/batch/fpp_new_instances_scaling_new20x20/splits/new20x20_seed20268929_train400_test1000_case8_test.csv,MeanCVaR,FPP-Branch-Benders-MeanCVaR-ProjectedCoverageLLBI-exp-RootCuts,FPP-Branch-Benders,,mean-cvar,0.9,0.5,coverage,exp,true,false,true,false,false,true,false,false,heuristic,0.10,eta-asc,true,true,100,100,1e-3,0,100000,1800,0.001,1,results/batch/fpp_new_instances_scaling_new20x20/splits,results/batch/fpp_new_instances_scaling_new20x20/workers/worker_018,results/batch/fpp_new_instances_scaling_new20x20/workers/worker_018/batch_results_worker_018.csv,results/batch/fpp_new_instances_scaling_new20x20/workers/worker_018/json/worker_018_task_010.json,results/batch/fpp_new_instances_scaling_new20x20/workers/worker_018/solutions,new20x20_case08_train400_test1000_alpha0p02_fpp_branch_benders_meancvar_projectedcoveragellbi_exp_rootcuts,run-fpp-branch-benders-oos
worker_018_task_011,worker_018,case08,8,20260529,20268929,20268929,new20x20,20x20,shortest_path,400,,not_checked,,,new20x20,new_instances/20x20,new_instances/20x20,0.02,400,1000,1,9000,9001,10000,true,results/batch/fpp_new_instances_scaling_new20x20/splits/new20x20_seed20268929_train400_test1000_case8_train.csv,results/batch/fpp_new_instances_scaling_new20x20/splits/new20x20_seed20268929_train400_test1000_case8_test.csv,MeanCVaR,FPP-Branch-Benders-MeanCVaR-ProjectedPathLLBI-exp-RootCuts,FPP-Branch-Benders,,mean-cvar,0.9,0.5,path,exp,true,false,true,false,false,false,true,false,heuristic,0.10,eta-asc,true,true,100,100,1e-3,0,100000,1800,0.001,1,results/batch/fpp_new_instances_scaling_new20x20/splits,results/batch/fpp_new_instances_scaling_new20x20/workers/worker_018,results/batch/fpp_new_instances_scaling_new20x20/workers/worker_018/batch_results_worker_018.csv,results/batch/fpp_new_instances_scaling_new20x20/workers/worker_018/json/worker_018_task_011.json,results/batch/fpp_new_instances_scaling_new20x20/workers/worker_018/solutions,new20x20_case08_train400_test1000_alpha0p02_fpp_branch_benders_meancvar_projectedpathllbi_exp_rootcuts,run-fpp-branch-benders-oos
worker_019_task_000,worker_019,case09,9,20260529,20269929,20269929,new20x20,20x20,shortest_path,400,,not_checked,,,new20x20,new_instances/20x20,new_instances/20x20,0.02,400,1000,1,9000,9001,10000,true,results/batch/fpp_new_instances_scaling_new20x20/splits/new20x20_seed20269929_train400_test1000_case9_train.csv,results/batch/fpp_new_instances_scaling_new20x20/splits/new20x20_seed20269929_train400_test1000_case9_test.csv,MeanCVaR,FPP-SAA-MeanCVaR,FPP-SAA,fpp_base,mean-cvar,0.9,0.5,none,none,false,false,false,false,false,false,false,false,heuristic,0.10,eta-asc,true,true,100,100,1e-3,0,100000,1800,0.001,1,results/batch/fpp_new_instances_scaling_new20x20/splits,results/batch/fpp_new_instances_scaling_new20x20/workers/worker_019,results/batch/fpp_new_instances_scaling_new20x20/workers/worker_019/batch_results_worker_019.csv,results/batch/fpp_new_instances_scaling_new20x20/workers/worker_019/json/worker_019_task_000.json,results/batch/fpp_new_instances_scaling_new20x20/workers/worker_019/solutions,new20x20_case09_train400_test1000_alpha0p02_fpp_saa_meancvar,run-fpp-saa-oos
worker_019_task_001,worker_019,case09,9,20260529,20269929,20269929,new20x20,20x20,shortest_path,400,,not_checked,,,new20x20,new_instances/20x20,new_instances/20x20,0.02,400,1000,1,9000,9001,10000,true,results/batch/fpp_new_instances_scaling_new20x20/splits/new20x20_seed20269929_train400_test1000_case9_train.csv,results/batch/fpp_new_instances_scaling_new20x20/splits/new20x20_seed20269929_train400_test1000_case9_test.csv,Expected,FPP-Branch-Benders-LLBI-RootCuts,FPP-Branch-Benders,,expected,0.9,1.0,none,none,true,true,false,false,false,false,false,false,heuristic,0.10,eta-asc,true,true,100,100,1e-3,0,100000,1800,0.001,1,results/batch/fpp_new_instances_scaling_new20x20/splits,results/batch/fpp_new_instances_scaling_new20x20/workers/worker_019,results/batch/fpp_new_instances_scaling_new20x20/workers/worker_019/batch_results_worker_019.csv,results/batch/fpp_new_instances_scaling_new20x20/workers/worker_019/json/worker_019_task_001.json,results/batch/fpp_new_instances_scaling_new20x20/workers/worker_019/solutions,new20x20_case09_train400_test1000_alpha0p02_fpp_branch_benders_llbi_rootcuts,run-fpp-branch-benders-oos
worker_019_task_002,worker_019,case09,9,20260529,20269929,20269929,new20x20,20x20,shortest_path,400,,not_checked,,,new20x20,new_instances/20x20,new_instances/20x20,0.02,400,1000,1,9000,9001,10000,true,results/batch/fpp_new_instances_scaling_new20x20/splits/new20x20_seed20269929_train400_test1000_case9_train.csv,results/batch/fpp_new_instances_scaling_new20x20/splits/new20x20_seed20269929_train400_test1000_case9_test.csv,Expected,FPP-Branch-Benders-ProjectedCoverageLLBI-exp-RootCuts,FPP-Branch-Benders,,expected,0.9,1.0,coverage,exp,true,false,true,false,false,true,false,false,heuristic,0.10,eta-asc,true,true,100,100,1e-3,0,100000,1800,0.001,1,results/batch/fpp_new_instances_scaling_new20x20/splits,results/batch/fpp_new_instances_scaling_new20x20/workers/worker_019,results/batch/fpp_new_instances_scaling_new20x20/workers/worker_019/batch_results_worker_019.csv,results/batch/fpp_new_instances_scaling_new20x20/workers/worker_019/json/worker_019_task_002.json,results/batch/fpp_new_instances_scaling_new20x20/workers/worker_019/solutions,new20x20_case09_train400_test1000_alpha0p02_fpp_branch_benders_projectedcoveragellbi_exp_rootcuts,run-fpp-branch-benders-oos
worker_019_task_003,worker_019,case09,9,20260529,20269929,20269929,new20x20,20x20,shortest_path,400,,not_checked,,,new20x20,new_instances/20x20,new_instances/20x20,0.02,400,1000,1,9000,9001,10000,true,results/batch/fpp_new_instances_scaling_new20x20/splits/new20x20_seed20269929_train400_test1000_case9_train.csv,results/batch/fpp_new_instances_scaling_new20x20/splits/new20x20_seed20269929_train400_test1000_case9_test.csv,Expected,FPP-Branch-Benders-ProjectedPathLLBI-exp-RootCuts,FPP-Branch-Benders,,expected,0.9,1.0,path,exp,true,false,true,false,false,false,true,false,heuristic,0.10,eta-asc,true,true,100,100,1e-3,0,100000,1800,0.001,1,results/batch/fpp_new_instances_scaling_new20x20/splits,results/batch/fpp_new_instances_scaling_new20x20/workers/worker_019,results/batch/fpp_new_instances_scaling_new20x20/workers/worker_019/batch_results_worker_019.csv,results/batch/fpp_new_instances_scaling_new20x20/workers/worker_019/json/worker_019_task_003.json,results/batch/fpp_new_instances_scaling_new20x20/workers/worker_019/solutions,new20x20_case09_train400_test1000_alpha0p02_fpp_branch_benders_projectedpathllbi_exp_rootcuts,run-fpp-branch-benders-oos
worker_019_task_004,worker_019,case09,9,20260529,20269929,20269929,new20x20,20x20,shortest_path,400,,not_checked,,,new20x20,new_instances/20x20,new_instances/20x20,0.02,400,1000,1,9000,9001,10000,true,results/batch/fpp_new_instances_scaling_new20x20/splits/new20x20_seed20269929_train400_test1000_case9_train.csv,results/batch/fpp_new_instances_scaling_new20x20/splits/new20x20_seed20269929_train400_test1000_case9_test.csv,CVaR,FPP-Branch-Benders-CVaR-RootCuts,FPP-Branch-Benders,,cvar,0.9,1.0,none,none,true,false,false,false,false,false,false,false,heuristic,0.10,eta-asc,true,true,100,100,1e-3,0,100000,1800,0.001,1,results/batch/fpp_new_instances_scaling_new20x20/splits,results/batch/fpp_new_instances_scaling_new20x20/workers/worker_019,results/batch/fpp_new_instances_scaling_new20x20/workers/worker_019/batch_results_worker_019.csv,results/batch/fpp_new_instances_scaling_new20x20/workers/worker_019/json/worker_019_task_004.json,results/batch/fpp_new_instances_scaling_new20x20/workers/worker_019/solutions,new20x20_case09_train400_test1000_alpha0p02_fpp_branch_benders_cvar_rootcuts,run-fpp-branch-benders-oos
worker_019_task_005,worker_019,case09,9,20260529,20269929,20269929,new20x20,20x20,shortest_path,400,,not_checked,,,new20x20,new_instances/20x20,new_instances/20x20,0.02,400,1000,1,9000,9001,10000,true,results/batch/fpp_new_instances_scaling_new20x20/splits/new20x20_seed20269929_train400_test1000_case9_train.csv,results/batch/fpp_new_instances_scaling_new20x20/splits/new20x20_seed20269929_train400_test1000_case9_test.csv,CVaR,FPP-Branch-Benders-CVaR-LLBI-RootCuts,FPP-Branch-Benders,,cvar,0.9,1.0,none,none,true,true,false,false,false,false,false,false,heuristic,0.10,eta-asc,true,true,100,100,1e-3,0,100000,1800,0.001,1,results/batch/fpp_new_instances_scaling_new20x20/splits,results/batch/fpp_new_instances_scaling_new20x20/workers/worker_019,results/batch/fpp_new_instances_scaling_new20x20/workers/worker_019/batch_results_worker_019.csv,results/batch/fpp_new_instances_scaling_new20x20/workers/worker_019/json/worker_019_task_005.json,results/batch/fpp_new_instances_scaling_new20x20/workers/worker_019/solutions,new20x20_case09_train400_test1000_alpha0p02_fpp_branch_benders_cvar_llbi_rootcuts,run-fpp-branch-benders-oos
worker_019_task_006,worker_019,case09,9,20260529,20269929,20269929,new20x20,20x20,shortest_path,400,,not_checked,,,new20x20,new_instances/20x20,new_instances/20x20,0.02,400,1000,1,9000,9001,10000,true,results/batch/fpp_new_instances_scaling_new20x20/splits/new20x20_seed20269929_train400_test1000_case9_train.csv,results/batch/fpp_new_instances_scaling_new20x20/splits/new20x20_seed20269929_train400_test1000_case9_test.csv,CVaR,FPP-Branch-Benders-CVaR-ProjectedCoverageLLBI-exp-RootCuts,FPP-Branch-Benders,,cvar,0.9,1.0,coverage,exp,true,false,true,false,false,true,false,false,heuristic,0.10,eta-asc,true,true,100,100,1e-3,0,100000,1800,0.001,1,results/batch/fpp_new_instances_scaling_new20x20/splits,results/batch/fpp_new_instances_scaling_new20x20/workers/worker_019,results/batch/fpp_new_instances_scaling_new20x20/workers/worker_019/batch_results_worker_019.csv,results/batch/fpp_new_instances_scaling_new20x20/workers/worker_019/json/worker_019_task_006.json,results/batch/fpp_new_instances_scaling_new20x20/workers/worker_019/solutions,new20x20_case09_train400_test1000_alpha0p02_fpp_branch_benders_cvar_projectedcoveragellbi_exp_rootcuts,run-fpp-branch-benders-oos
worker_019_task_007,worker_019,case09,9,20260529,20269929,20269929,new20x20,20x20,shortest_path,400,,not_checked,,,new20x20,new_instances/20x20,new_instances/20x20,0.02,400,1000,1,9000,9001,10000,true,results/batch/fpp_new_instances_scaling_new20x20/splits/new20x20_seed20269929_train400_test1000_case9_train.csv,results/batch/fpp_new_instances_scaling_new20x20/splits/new20x20_seed20269929_train400_test1000_case9_test.csv,CVaR,FPP-Branch-Benders-CVaR-ProjectedPathLLBI-exp-RootCuts,FPP-Branch-Benders,,cvar,0.9,1.0,path,exp,true,false,true,false,false,false,true,false,heuristic,0.10,eta-asc,true,true,100,100,1e-3,0,100000,1800,0.001,1,results/batch/fpp_new_instances_scaling_new20x20/splits,results/batch/fpp_new_instances_scaling_new20x20/workers/worker_019,results/batch/fpp_new_instances_scaling_new20x20/workers/worker_019/batch_results_worker_019.csv,results/batch/fpp_new_instances_scaling_new20x20/workers/worker_019/json/worker_019_task_007.json,results/batch/fpp_new_instances_scaling_new20x20/workers/worker_019/solutions,new20x20_case09_train400_test1000_alpha0p02_fpp_branch_benders_cvar_projectedpathllbi_exp_rootcuts,run-fpp-branch-benders-oos
worker_019_task_008,worker_019,case09,9,20260529,20269929,20269929,new20x20,20x20,shortest_path,400,,not_checked,,,new20x20,new_instances/20x20,new_instances/20x20,0.02,400,1000,1,9000,9001,10000,true,results/batch/fpp_new_instances_scaling_new20x20/splits/new20x20_seed20269929_train400_test1000_case9_train.csv,results/batch/fpp_new_instances_scaling_new20x20/splits/new20x20_seed20269929_train400_test1000_case9_test.csv,MeanCVaR,FPP-Branch-Benders-MeanCVaR-RootCuts,FPP-Branch-Benders,,mean-cvar,0.9,0.5,none,none,true,false,false,false,false,false,false,false,heuristic,0.10,eta-asc,true,true,100,100,1e-3,0,100000,1800,0.001,1,results/batch/fpp_new_instances_scaling_new20x20/splits,results/batch/fpp_new_instances_scaling_new20x20/workers/worker_019,results/batch/fpp_new_instances_scaling_new20x20/workers/worker_019/batch_results_worker_019.csv,results/batch/fpp_new_instances_scaling_new20x20/workers/worker_019/json/worker_019_task_008.json,results/batch/fpp_new_instances_scaling_new20x20/workers/worker_019/solutions,new20x20_case09_train400_test1000_alpha0p02_fpp_branch_benders_meancvar_rootcuts,run-fpp-branch-benders-oos
worker_019_task_009,worker_019,case09,9,20260529,20269929,20269929,new20x20,20x20,shortest_path,400,,not_checked,,,new20x20,new_instances/20x20,new_instances/20x20,0.02,400,1000,1,9000,9001,10000,true,results/batch/fpp_new_instances_scaling_new20x20/splits/new20x20_seed20269929_train400_test1000_case9_train.csv,results/batch/fpp_new_instances_scaling_new20x20/splits/new20x20_seed20269929_train400_test1000_case9_test.csv,MeanCVaR,FPP-Branch-Benders-MeanCVaR-LLBI-RootCuts,FPP-Branch-Benders,,mean-cvar,0.9,0.5,none,none,true,true,false,false,false,false,false,false,heuristic,0.10,eta-asc,true,true,100,100,1e-3,0,100000,1800,0.001,1,results/batch/fpp_new_instances_scaling_new20x20/splits,results/batch/fpp_new_instances_scaling_new20x20/workers/worker_019,results/batch/fpp_new_instances_scaling_new20x20/workers/worker_019/batch_results_worker_019.csv,results/batch/fpp_new_instances_scaling_new20x20/workers/worker_019/json/worker_019_task_009.json,results/batch/fpp_new_instances_scaling_new20x20/workers/worker_019/solutions,new20x20_case09_train400_test1000_alpha0p02_fpp_branch_benders_meancvar_llbi_rootcuts,run-fpp-branch-benders-oos
worker_019_task_010,worker_019,case09,9,20260529,20269929,20269929,new20x20,20x20,shortest_path,400,,not_checked,,,new20x20,new_instances/20x20,new_instances/20x20,0.02,400,1000,1,9000,9001,10000,true,results/batch/fpp_new_instances_scaling_new20x20/splits/new20x20_seed20269929_train400_test1000_case9_train.csv,results/batch/fpp_new_instances_scaling_new20x20/splits/new20x20_seed20269929_train400_test1000_case9_test.csv,MeanCVaR,FPP-Branch-Benders-MeanCVaR-ProjectedCoverageLLBI-exp-RootCuts,FPP-Branch-Benders,,mean-cvar,0.9,0.5,coverage,exp,true,false,true,false,false,true,false,false,heuristic,0.10,eta-asc,true,true,100,100,1e-3,0,100000,1800,0.001,1,results/batch/fpp_new_instances_scaling_new20x20/splits,results/batch/fpp_new_instances_scaling_new20x20/workers/worker_019,results/batch/fpp_new_instances_scaling_new20x20/workers/worker_019/batch_results_worker_019.csv,results/batch/fpp_new_instances_scaling_new20x20/workers/worker_019/json/worker_019_task_010.json,results/batch/fpp_new_instances_scaling_new20x20/workers/worker_019/solutions,new20x20_case09_train400_test1000_alpha0p02_fpp_branch_benders_meancvar_projectedcoveragellbi_exp_rootcuts,run-fpp-branch-benders-oos
worker_019_task_011,worker_019,case09,9,20260529,20269929,20269929,new20x20,20x20,shortest_path,400,,not_checked,,,new20x20,new_instances/20x20,new_instances/20x20,0.02,400,1000,1,9000,9001,10000,true,results/batch/fpp_new_instances_scaling_new20x20/splits/new20x20_seed20269929_train400_test1000_case9_train.csv,results/batch/fpp_new_instances_scaling_new20x20/splits/new20x20_seed20269929_train400_test1000_case9_test.csv,MeanCVaR,FPP-Branch-Benders-MeanCVaR-ProjectedPathLLBI-exp-RootCuts,FPP-Branch-Benders,,mean-cvar,0.9,0.5,path,exp,true,false,true,false,false,false,true,false,heuristic,0.10,eta-asc,true,true,100,100,1e-3,0,100000,1800,0.001,1,results/batch/fpp_new_instances_scaling_new20x20/splits,results/batch/fpp_new_instances_scaling_new20x20/workers/worker_019,results/batch/fpp_new_instances_scaling_new20x20/workers/worker_019/batch_results_worker_019.csv,results/batch/fpp_new_instances_scaling_new20x20/workers/worker_019/json/worker_019_task_011.json,results/batch/fpp_new_instances_scaling_new20x20/workers/worker_019/solutions,new20x20_case09_train400_test1000_alpha0p02_fpp_branch_benders_meancvar_projectedpathllbi_exp_rootcuts,run-fpp-branch-benders-oos
worker_020_task_000,worker_020,case00,0,20260529,20260929,20260929,new20x20,20x20,shortest_path,400,,not_checked,,,new20x20,new_instances/20x20,new_instances/20x20,0.03,400,1000,1,9000,9001,10000,true,results/batch/fpp_new_instances_scaling_new20x20/splits/new20x20_seed20260929_train400_test1000_case0_train.csv,results/batch/fpp_new_instances_scaling_new20x20/splits/new20x20_seed20260929_train400_test1000_case0_test.csv,MeanCVaR,FPP-SAA-MeanCVaR,FPP-SAA,fpp_base,mean-cvar,0.9,0.5,none,none,false,false,false,false,false,false,false,false,heuristic,0.10,eta-asc,true,true,100,100,1e-3,0,100000,1800,0.001,1,results/batch/fpp_new_instances_scaling_new20x20/splits,results/batch/fpp_new_instances_scaling_new20x20/workers/worker_020,results/batch/fpp_new_instances_scaling_new20x20/workers/worker_020/batch_results_worker_020.csv,results/batch/fpp_new_instances_scaling_new20x20/workers/worker_020/json/worker_020_task_000.json,results/batch/fpp_new_instances_scaling_new20x20/workers/worker_020/solutions,new20x20_case00_train400_test1000_alpha0p03_fpp_saa_meancvar,run-fpp-saa-oos
worker_020_task_001,worker_020,case00,0,20260529,20260929,20260929,new20x20,20x20,shortest_path,400,,not_checked,,,new20x20,new_instances/20x20,new_instances/20x20,0.03,400,1000,1,9000,9001,10000,true,results/batch/fpp_new_instances_scaling_new20x20/splits/new20x20_seed20260929_train400_test1000_case0_train.csv,results/batch/fpp_new_instances_scaling_new20x20/splits/new20x20_seed20260929_train400_test1000_case0_test.csv,Expected,FPP-Branch-Benders-LLBI-RootCuts,FPP-Branch-Benders,,expected,0.9,1.0,none,none,true,true,false,false,false,false,false,false,heuristic,0.10,eta-asc,true,true,100,100,1e-3,0,100000,1800,0.001,1,results/batch/fpp_new_instances_scaling_new20x20/splits,results/batch/fpp_new_instances_scaling_new20x20/workers/worker_020,results/batch/fpp_new_instances_scaling_new20x20/workers/worker_020/batch_results_worker_020.csv,results/batch/fpp_new_instances_scaling_new20x20/workers/worker_020/json/worker_020_task_001.json,results/batch/fpp_new_instances_scaling_new20x20/workers/worker_020/solutions,new20x20_case00_train400_test1000_alpha0p03_fpp_branch_benders_llbi_rootcuts,run-fpp-branch-benders-oos
worker_020_task_002,worker_020,case00,0,20260529,20260929,20260929,new20x20,20x20,shortest_path,400,,not_checked,,,new20x20,new_instances/20x20,new_instances/20x20,0.03,400,1000,1,9000,9001,10000,true,results/batch/fpp_new_instances_scaling_new20x20/splits/new20x20_seed20260929_train400_test1000_case0_train.csv,results/batch/fpp_new_instances_scaling_new20x20/splits/new20x20_seed20260929_train400_test1000_case0_test.csv,Expected,FPP-Branch-Benders-ProjectedCoverageLLBI-exp-RootCuts,FPP-Branch-Benders,,expected,0.9,1.0,coverage,exp,true,false,true,false,false,true,false,false,heuristic,0.10,eta-asc,true,true,100,100,1e-3,0,100000,1800,0.001,1,results/batch/fpp_new_instances_scaling_new20x20/splits,results/batch/fpp_new_instances_scaling_new20x20/workers/worker_020,results/batch/fpp_new_instances_scaling_new20x20/workers/worker_020/batch_results_worker_020.csv,results/batch/fpp_new_instances_scaling_new20x20/workers/worker_020/json/worker_020_task_002.json,results/batch/fpp_new_instances_scaling_new20x20/workers/worker_020/solutions,new20x20_case00_train400_test1000_alpha0p03_fpp_branch_benders_projectedcoveragellbi_exp_rootcuts,run-fpp-branch-benders-oos
worker_020_task_003,worker_020,case00,0,20260529,20260929,20260929,new20x20,20x20,shortest_path,400,,not_checked,,,new20x20,new_instances/20x20,new_instances/20x20,0.03,400,1000,1,9000,9001,10000,true,results/batch/fpp_new_instances_scaling_new20x20/splits/new20x20_seed20260929_train400_test1000_case0_train.csv,results/batch/fpp_new_instances_scaling_new20x20/splits/new20x20_seed20260929_train400_test1000_case0_test.csv,Expected,FPP-Branch-Benders-ProjectedPathLLBI-exp-RootCuts,FPP-Branch-Benders,,expected,0.9,1.0,path,exp,true,false,true,false,false,false,true,false,heuristic,0.10,eta-asc,true,true,100,100,1e-3,0,100000,1800,0.001,1,results/batch/fpp_new_instances_scaling_new20x20/splits,results/batch/fpp_new_instances_scaling_new20x20/workers/worker_020,results/batch/fpp_new_instances_scaling_new20x20/workers/worker_020/batch_results_worker_020.csv,results/batch/fpp_new_instances_scaling_new20x20/workers/worker_020/json/worker_020_task_003.json,results/batch/fpp_new_instances_scaling_new20x20/workers/worker_020/solutions,new20x20_case00_train400_test1000_alpha0p03_fpp_branch_benders_projectedpathllbi_exp_rootcuts,run-fpp-branch-benders-oos
worker_020_task_004,worker_020,case00,0,20260529,20260929,20260929,new20x20,20x20,shortest_path,400,,not_checked,,,new20x20,new_instances/20x20,new_instances/20x20,0.03,400,1000,1,9000,9001,10000,true,results/batch/fpp_new_instances_scaling_new20x20/splits/new20x20_seed20260929_train400_test1000_case0_train.csv,results/batch/fpp_new_instances_scaling_new20x20/splits/new20x20_seed20260929_train400_test1000_case0_test.csv,CVaR,FPP-Branch-Benders-CVaR-RootCuts,FPP-Branch-Benders,,cvar,0.9,1.0,none,none,true,false,false,false,false,false,false,false,heuristic,0.10,eta-asc,true,true,100,100,1e-3,0,100000,1800,0.001,1,results/batch/fpp_new_instances_scaling_new20x20/splits,results/batch/fpp_new_instances_scaling_new20x20/workers/worker_020,results/batch/fpp_new_instances_scaling_new20x20/workers/worker_020/batch_results_worker_020.csv,results/batch/fpp_new_instances_scaling_new20x20/workers/worker_020/json/worker_020_task_004.json,results/batch/fpp_new_instances_scaling_new20x20/workers/worker_020/solutions,new20x20_case00_train400_test1000_alpha0p03_fpp_branch_benders_cvar_rootcuts,run-fpp-branch-benders-oos
worker_020_task_005,worker_020,case00,0,20260529,20260929,20260929,new20x20,20x20,shortest_path,400,,not_checked,,,new20x20,new_instances/20x20,new_instances/20x20,0.03,400,1000,1,9000,9001,10000,true,results/batch/fpp_new_instances_scaling_new20x20/splits/new20x20_seed20260929_train400_test1000_case0_train.csv,results/batch/fpp_new_instances_scaling_new20x20/splits/new20x20_seed20260929_train400_test1000_case0_test.csv,CVaR,FPP-Branch-Benders-CVaR-LLBI-RootCuts,FPP-Branch-Benders,,cvar,0.9,1.0,none,none,true,true,false,false,false,false,false,false,heuristic,0.10,eta-asc,true,true,100,100,1e-3,0,100000,1800,0.001,1,results/batch/fpp_new_instances_scaling_new20x20/splits,results/batch/fpp_new_instances_scaling_new20x20/workers/worker_020,results/batch/fpp_new_instances_scaling_new20x20/workers/worker_020/batch_results_worker_020.csv,results/batch/fpp_new_instances_scaling_new20x20/workers/worker_020/json/worker_020_task_005.json,results/batch/fpp_new_instances_scaling_new20x20/workers/worker_020/solutions,new20x20_case00_train400_test1000_alpha0p03_fpp_branch_benders_cvar_llbi_rootcuts,run-fpp-branch-benders-oos
worker_020_task_006,worker_020,case00,0,20260529,20260929,20260929,new20x20,20x20,shortest_path,400,,not_checked,,,new20x20,new_instances/20x20,new_instances/20x20,0.03,400,1000,1,9000,9001,10000,true,results/batch/fpp_new_instances_scaling_new20x20/splits/new20x20_seed20260929_train400_test1000_case0_train.csv,results/batch/fpp_new_instances_scaling_new20x20/splits/new20x20_seed20260929_train400_test1000_case0_test.csv,CVaR,FPP-Branch-Benders-CVaR-ProjectedCoverageLLBI-exp-RootCuts,FPP-Branch-Benders,,cvar,0.9,1.0,coverage,exp,true,false,true,false,false,true,false,false,heuristic,0.10,eta-asc,true,true,100,100,1e-3,0,100000,1800,0.001,1,results/batch/fpp_new_instances_scaling_new20x20/splits,results/batch/fpp_new_instances_scaling_new20x20/workers/worker_020,results/batch/fpp_new_instances_scaling_new20x20/workers/worker_020/batch_results_worker_020.csv,results/batch/fpp_new_instances_scaling_new20x20/workers/worker_020/json/worker_020_task_006.json,results/batch/fpp_new_instances_scaling_new20x20/workers/worker_020/solutions,new20x20_case00_train400_test1000_alpha0p03_fpp_branch_benders_cvar_projectedcoveragellbi_exp_rootcuts,run-fpp-branch-benders-oos
worker_020_task_007,worker_020,case00,0,20260529,20260929,20260929,new20x20,20x20,shortest_path,400,,not_checked,,,new20x20,new_instances/20x20,new_instances/20x20,0.03,400,1000,1,9000,9001,10000,true,results/batch/fpp_new_instances_scaling_new20x20/splits/new20x20_seed20260929_train400_test1000_case0_train.csv,results/batch/fpp_new_instances_scaling_new20x20/splits/new20x20_seed20260929_train400_test1000_case0_test.csv,CVaR,FPP-Branch-Benders-CVaR-ProjectedPathLLBI-exp-RootCuts,FPP-Branch-Benders,,cvar,0.9,1.0,path,exp,true,false,true,false,false,false,true,false,heuristic,0.10,eta-asc,true,true,100,100,1e-3,0,100000,1800,0.001,1,results/batch/fpp_new_instances_scaling_new20x20/splits,results/batch/fpp_new_instances_scaling_new20x20/workers/worker_020,results/batch/fpp_new_instances_scaling_new20x20/workers/worker_020/batch_results_worker_020.csv,results/batch/fpp_new_instances_scaling_new20x20/workers/worker_020/json/worker_020_task_007.json,results/batch/fpp_new_instances_scaling_new20x20/workers/worker_020/solutions,new20x20_case00_train400_test1000_alpha0p03_fpp_branch_benders_cvar_projectedpathllbi_exp_rootcuts,run-fpp-branch-benders-oos
worker_020_task_008,worker_020,case00,0,20260529,20260929,20260929,new20x20,20x20,shortest_path,400,,not_checked,,,new20x20,new_instances/20x20,new_instances/20x20,0.03,400,1000,1,9000,9001,10000,true,results/batch/fpp_new_instances_scaling_new20x20/splits/new20x20_seed20260929_train400_test1000_case0_train.csv,results/batch/fpp_new_instances_scaling_new20x20/splits/new20x20_seed20260929_train400_test1000_case0_test.csv,MeanCVaR,FPP-Branch-Benders-MeanCVaR-RootCuts,FPP-Branch-Benders,,mean-cvar,0.9,0.5,none,none,true,false,false,false,false,false,false,false,heuristic,0.10,eta-asc,true,true,100,100,1e-3,0,100000,1800,0.001,1,results/batch/fpp_new_instances_scaling_new20x20/splits,results/batch/fpp_new_instances_scaling_new20x20/workers/worker_020,results/batch/fpp_new_instances_scaling_new20x20/workers/worker_020/batch_results_worker_020.csv,results/batch/fpp_new_instances_scaling_new20x20/workers/worker_020/json/worker_020_task_008.json,results/batch/fpp_new_instances_scaling_new20x20/workers/worker_020/solutions,new20x20_case00_train400_test1000_alpha0p03_fpp_branch_benders_meancvar_rootcuts,run-fpp-branch-benders-oos
worker_020_task_009,worker_020,case00,0,20260529,20260929,20260929,new20x20,20x20,shortest_path,400,,not_checked,,,new20x20,new_instances/20x20,new_instances/20x20,0.03,400,1000,1,9000,9001,10000,true,results/batch/fpp_new_instances_scaling_new20x20/splits/new20x20_seed20260929_train400_test1000_case0_train.csv,results/batch/fpp_new_instances_scaling_new20x20/splits/new20x20_seed20260929_train400_test1000_case0_test.csv,MeanCVaR,FPP-Branch-Benders-MeanCVaR-LLBI-RootCuts,FPP-Branch-Benders,,mean-cvar,0.9,0.5,none,none,true,true,false,false,false,false,false,false,heuristic,0.10,eta-asc,true,true,100,100,1e-3,0,100000,1800,0.001,1,results/batch/fpp_new_instances_scaling_new20x20/splits,results/batch/fpp_new_instances_scaling_new20x20/workers/worker_020,results/batch/fpp_new_instances_scaling_new20x20/workers/worker_020/batch_results_worker_020.csv,results/batch/fpp_new_instances_scaling_new20x20/workers/worker_020/json/worker_020_task_009.json,results/batch/fpp_new_instances_scaling_new20x20/workers/worker_020/solutions,new20x20_case00_train400_test1000_alpha0p03_fpp_branch_benders_meancvar_llbi_rootcuts,run-fpp-branch-benders-oos
worker_020_task_010,worker_020,case00,0,20260529,20260929,20260929,new20x20,20x20,shortest_path,400,,not_checked,,,new20x20,new_instances/20x20,new_instances/20x20,0.03,400,1000,1,9000,9001,10000,true,results/batch/fpp_new_instances_scaling_new20x20/splits/new20x20_seed20260929_train400_test1000_case0_train.csv,results/batch/fpp_new_instances_scaling_new20x20/splits/new20x20_seed20260929_train400_test1000_case0_test.csv,MeanCVaR,FPP-Branch-Benders-MeanCVaR-ProjectedCoverageLLBI-exp-RootCuts,FPP-Branch-Benders,,mean-cvar,0.9,0.5,coverage,exp,true,false,true,false,false,true,false,false,heuristic,0.10,eta-asc,true,true,100,100,1e-3,0,100000,1800,0.001,1,results/batch/fpp_new_instances_scaling_new20x20/splits,results/batch/fpp_new_instances_scaling_new20x20/workers/worker_020,results/batch/fpp_new_instances_scaling_new20x20/workers/worker_020/batch_results_worker_020.csv,results/batch/fpp_new_instances_scaling_new20x20/workers/worker_020/json/worker_020_task_010.json,results/batch/fpp_new_instances_scaling_new20x20/workers/worker_020/solutions,new20x20_case00_train400_test1000_alpha0p03_fpp_branch_benders_meancvar_projectedcoveragellbi_exp_rootcuts,run-fpp-branch-benders-oos
worker_020_task_011,worker_020,case00,0,20260529,20260929,20260929,new20x20,20x20,shortest_path,400,,not_checked,,,new20x20,new_instances/20x20,new_instances/20x20,0.03,400,1000,1,9000,9001,10000,true,results/batch/fpp_new_instances_scaling_new20x20/splits/new20x20_seed20260929_train400_test1000_case0_train.csv,results/batch/fpp_new_instances_scaling_new20x20/splits/new20x20_seed20260929_train400_test1000_case0_test.csv,MeanCVaR,FPP-Branch-Benders-MeanCVaR-ProjectedPathLLBI-exp-RootCuts,FPP-Branch-Benders,,mean-cvar,0.9,0.5,path,exp,true,false,true,false,false,false,true,false,heuristic,0.10,eta-asc,true,true,100,100,1e-3,0,100000,1800,0.001,1,results/batch/fpp_new_instances_scaling_new20x20/splits,results/batch/fpp_new_instances_scaling_new20x20/workers/worker_020,results/batch/fpp_new_instances_scaling_new20x20/workers/worker_020/batch_results_worker_020.csv,results/batch/fpp_new_instances_scaling_new20x20/workers/worker_020/json/worker_020_task_011.json,results/batch/fpp_new_instances_scaling_new20x20/workers/worker_020/solutions,new20x20_case00_train400_test1000_alpha0p03_fpp_branch_benders_meancvar_projectedpathllbi_exp_rootcuts,run-fpp-branch-benders-oos
worker_021_task_000,worker_021,case01,1,20260529,20261929,20261929,new20x20,20x20,shortest_path,400,,not_checked,,,new20x20,new_instances/20x20,new_instances/20x20,0.03,400,1000,1,9000,9001,10000,true,results/batch/fpp_new_instances_scaling_new20x20/splits/new20x20_seed20261929_train400_test1000_case1_train.csv,results/batch/fpp_new_instances_scaling_new20x20/splits/new20x20_seed20261929_train400_test1000_case1_test.csv,MeanCVaR,FPP-SAA-MeanCVaR,FPP-SAA,fpp_base,mean-cvar,0.9,0.5,none,none,false,false,false,false,false,false,false,false,heuristic,0.10,eta-asc,true,true,100,100,1e-3,0,100000,1800,0.001,1,results/batch/fpp_new_instances_scaling_new20x20/splits,results/batch/fpp_new_instances_scaling_new20x20/workers/worker_021,results/batch/fpp_new_instances_scaling_new20x20/workers/worker_021/batch_results_worker_021.csv,results/batch/fpp_new_instances_scaling_new20x20/workers/worker_021/json/worker_021_task_000.json,results/batch/fpp_new_instances_scaling_new20x20/workers/worker_021/solutions,new20x20_case01_train400_test1000_alpha0p03_fpp_saa_meancvar,run-fpp-saa-oos
worker_021_task_001,worker_021,case01,1,20260529,20261929,20261929,new20x20,20x20,shortest_path,400,,not_checked,,,new20x20,new_instances/20x20,new_instances/20x20,0.03,400,1000,1,9000,9001,10000,true,results/batch/fpp_new_instances_scaling_new20x20/splits/new20x20_seed20261929_train400_test1000_case1_train.csv,results/batch/fpp_new_instances_scaling_new20x20/splits/new20x20_seed20261929_train400_test1000_case1_test.csv,Expected,FPP-Branch-Benders-LLBI-RootCuts,FPP-Branch-Benders,,expected,0.9,1.0,none,none,true,true,false,false,false,false,false,false,heuristic,0.10,eta-asc,true,true,100,100,1e-3,0,100000,1800,0.001,1,results/batch/fpp_new_instances_scaling_new20x20/splits,results/batch/fpp_new_instances_scaling_new20x20/workers/worker_021,results/batch/fpp_new_instances_scaling_new20x20/workers/worker_021/batch_results_worker_021.csv,results/batch/fpp_new_instances_scaling_new20x20/workers/worker_021/json/worker_021_task_001.json,results/batch/fpp_new_instances_scaling_new20x20/workers/worker_021/solutions,new20x20_case01_train400_test1000_alpha0p03_fpp_branch_benders_llbi_rootcuts,run-fpp-branch-benders-oos
worker_021_task_002,worker_021,case01,1,20260529,20261929,20261929,new20x20,20x20,shortest_path,400,,not_checked,,,new20x20,new_instances/20x20,new_instances/20x20,0.03,400,1000,1,9000,9001,10000,true,results/batch/fpp_new_instances_scaling_new20x20/splits/new20x20_seed20261929_train400_test1000_case1_train.csv,results/batch/fpp_new_instances_scaling_new20x20/splits/new20x20_seed20261929_train400_test1000_case1_test.csv,Expected,FPP-Branch-Benders-ProjectedCoverageLLBI-exp-RootCuts,FPP-Branch-Benders,,expected,0.9,1.0,coverage,exp,true,false,true,false,false,true,false,false,heuristic,0.10,eta-asc,true,true,100,100,1e-3,0,100000,1800,0.001,1,results/batch/fpp_new_instances_scaling_new20x20/splits,results/batch/fpp_new_instances_scaling_new20x20/workers/worker_021,results/batch/fpp_new_instances_scaling_new20x20/workers/worker_021/batch_results_worker_021.csv,results/batch/fpp_new_instances_scaling_new20x20/workers/worker_021/json/worker_021_task_002.json,results/batch/fpp_new_instances_scaling_new20x20/workers/worker_021/solutions,new20x20_case01_train400_test1000_alpha0p03_fpp_branch_benders_projectedcoveragellbi_exp_rootcuts,run-fpp-branch-benders-oos
worker_021_task_003,worker_021,case01,1,20260529,20261929,20261929,new20x20,20x20,shortest_path,400,,not_checked,,,new20x20,new_instances/20x20,new_instances/20x20,0.03,400,1000,1,9000,9001,10000,true,results/batch/fpp_new_instances_scaling_new20x20/splits/new20x20_seed20261929_train400_test1000_case1_train.csv,results/batch/fpp_new_instances_scaling_new20x20/splits/new20x20_seed20261929_train400_test1000_case1_test.csv,Expected,FPP-Branch-Benders-ProjectedPathLLBI-exp-RootCuts,FPP-Branch-Benders,,expected,0.9,1.0,path,exp,true,false,true,false,false,false,true,false,heuristic,0.10,eta-asc,true,true,100,100,1e-3,0,100000,1800,0.001,1,results/batch/fpp_new_instances_scaling_new20x20/splits,results/batch/fpp_new_instances_scaling_new20x20/workers/worker_021,results/batch/fpp_new_instances_scaling_new20x20/workers/worker_021/batch_results_worker_021.csv,results/batch/fpp_new_instances_scaling_new20x20/workers/worker_021/json/worker_021_task_003.json,results/batch/fpp_new_instances_scaling_new20x20/workers/worker_021/solutions,new20x20_case01_train400_test1000_alpha0p03_fpp_branch_benders_projectedpathllbi_exp_rootcuts,run-fpp-branch-benders-oos
worker_021_task_004,worker_021,case01,1,20260529,20261929,20261929,new20x20,20x20,shortest_path,400,,not_checked,,,new20x20,new_instances/20x20,new_instances/20x20,0.03,400,1000,1,9000,9001,10000,true,results/batch/fpp_new_instances_scaling_new20x20/splits/new20x20_seed20261929_train400_test1000_case1_train.csv,results/batch/fpp_new_instances_scaling_new20x20/splits/new20x20_seed20261929_train400_test1000_case1_test.csv,CVaR,FPP-Branch-Benders-CVaR-RootCuts,FPP-Branch-Benders,,cvar,0.9,1.0,none,none,true,false,false,false,false,false,false,false,heuristic,0.10,eta-asc,true,true,100,100,1e-3,0,100000,1800,0.001,1,results/batch/fpp_new_instances_scaling_new20x20/splits,results/batch/fpp_new_instances_scaling_new20x20/workers/worker_021,results/batch/fpp_new_instances_scaling_new20x20/workers/worker_021/batch_results_worker_021.csv,results/batch/fpp_new_instances_scaling_new20x20/workers/worker_021/json/worker_021_task_004.json,results/batch/fpp_new_instances_scaling_new20x20/workers/worker_021/solutions,new20x20_case01_train400_test1000_alpha0p03_fpp_branch_benders_cvar_rootcuts,run-fpp-branch-benders-oos
worker_021_task_005,worker_021,case01,1,20260529,20261929,20261929,new20x20,20x20,shortest_path,400,,not_checked,,,new20x20,new_instances/20x20,new_instances/20x20,0.03,400,1000,1,9000,9001,10000,true,results/batch/fpp_new_instances_scaling_new20x20/splits/new20x20_seed20261929_train400_test1000_case1_train.csv,results/batch/fpp_new_instances_scaling_new20x20/splits/new20x20_seed20261929_train400_test1000_case1_test.csv,CVaR,FPP-Branch-Benders-CVaR-LLBI-RootCuts,FPP-Branch-Benders,,cvar,0.9,1.0,none,none,true,true,false,false,false,false,false,false,heuristic,0.10,eta-asc,true,true,100,100,1e-3,0,100000,1800,0.001,1,results/batch/fpp_new_instances_scaling_new20x20/splits,results/batch/fpp_new_instances_scaling_new20x20/workers/worker_021,results/batch/fpp_new_instances_scaling_new20x20/workers/worker_021/batch_results_worker_021.csv,results/batch/fpp_new_instances_scaling_new20x20/workers/worker_021/json/worker_021_task_005.json,results/batch/fpp_new_instances_scaling_new20x20/workers/worker_021/solutions,new20x20_case01_train400_test1000_alpha0p03_fpp_branch_benders_cvar_llbi_rootcuts,run-fpp-branch-benders-oos
worker_021_task_006,worker_021,case01,1,20260529,20261929,20261929,new20x20,20x20,shortest_path,400,,not_checked,,,new20x20,new_instances/20x20,new_instances/20x20,0.03,400,1000,1,9000,9001,10000,true,results/batch/fpp_new_instances_scaling_new20x20/splits/new20x20_seed20261929_train400_test1000_case1_train.csv,results/batch/fpp_new_instances_scaling_new20x20/splits/new20x20_seed20261929_train400_test1000_case1_test.csv,CVaR,FPP-Branch-Benders-CVaR-ProjectedCoverageLLBI-exp-RootCuts,FPP-Branch-Benders,,cvar,0.9,1.0,coverage,exp,true,false,true,false,false,true,false,false,heuristic,0.10,eta-asc,true,true,100,100,1e-3,0,100000,1800,0.001,1,results/batch/fpp_new_instances_scaling_new20x20/splits,results/batch/fpp_new_instances_scaling_new20x20/workers/worker_021,results/batch/fpp_new_instances_scaling_new20x20/workers/worker_021/batch_results_worker_021.csv,results/batch/fpp_new_instances_scaling_new20x20/workers/worker_021/json/worker_021_task_006.json,results/batch/fpp_new_instances_scaling_new20x20/workers/worker_021/solutions,new20x20_case01_train400_test1000_alpha0p03_fpp_branch_benders_cvar_projectedcoveragellbi_exp_rootcuts,run-fpp-branch-benders-oos
worker_021_task_007,worker_021,case01,1,20260529,20261929,20261929,new20x20,20x20,shortest_path,400,,not_checked,,,new20x20,new_instances/20x20,new_instances/20x20,0.03,400,1000,1,9000,9001,10000,true,results/batch/fpp_new_instances_scaling_new20x20/splits/new20x20_seed20261929_train400_test1000_case1_train.csv,results/batch/fpp_new_instances_scaling_new20x20/splits/new20x20_seed20261929_train400_test1000_case1_test.csv,CVaR,FPP-Branch-Benders-CVaR-ProjectedPathLLBI-exp-RootCuts,FPP-Branch-Benders,,cvar,0.9,1.0,path,exp,true,false,true,false,false,false,true,false,heuristic,0.10,eta-asc,true,true,100,100,1e-3,0,100000,1800,0.001,1,results/batch/fpp_new_instances_scaling_new20x20/splits,results/batch/fpp_new_instances_scaling_new20x20/workers/worker_021,results/batch/fpp_new_instances_scaling_new20x20/workers/worker_021/batch_results_worker_021.csv,results/batch/fpp_new_instances_scaling_new20x20/workers/worker_021/json/worker_021_task_007.json,results/batch/fpp_new_instances_scaling_new20x20/workers/worker_021/solutions,new20x20_case01_train400_test1000_alpha0p03_fpp_branch_benders_cvar_projectedpathllbi_exp_rootcuts,run-fpp-branch-benders-oos
worker_021_task_008,worker_021,case01,1,20260529,20261929,20261929,new20x20,20x20,shortest_path,400,,not_checked,,,new20x20,new_instances/20x20,new_instances/20x20,0.03,400,1000,1,9000,9001,10000,true,results/batch/fpp_new_instances_scaling_new20x20/splits/new20x20_seed20261929_train400_test1000_case1_train.csv,results/batch/fpp_new_instances_scaling_new20x20/splits/new20x20_seed20261929_train400_test1000_case1_test.csv,MeanCVaR,FPP-Branch-Benders-MeanCVaR-RootCuts,FPP-Branch-Benders,,mean-cvar,0.9,0.5,none,none,true,false,false,false,false,false,false,false,heuristic,0.10,eta-asc,true,true,100,100,1e-3,0,100000,1800,0.001,1,results/batch/fpp_new_instances_scaling_new20x20/splits,results/batch/fpp_new_instances_scaling_new20x20/workers/worker_021,results/batch/fpp_new_instances_scaling_new20x20/workers/worker_021/batch_results_worker_021.csv,results/batch/fpp_new_instances_scaling_new20x20/workers/worker_021/json/worker_021_task_008.json,results/batch/fpp_new_instances_scaling_new20x20/workers/worker_021/solutions,new20x20_case01_train400_test1000_alpha0p03_fpp_branch_benders_meancvar_rootcuts,run-fpp-branch-benders-oos
worker_021_task_009,worker_021,case01,1,20260529,20261929,20261929,new20x20,20x20,shortest_path,400,,not_checked,,,new20x20,new_instances/20x20,new_instances/20x20,0.03,400,1000,1,9000,9001,10000,true,results/batch/fpp_new_instances_scaling_new20x20/splits/new20x20_seed20261929_train400_test1000_case1_train.csv,results/batch/fpp_new_instances_scaling_new20x20/splits/new20x20_seed20261929_train400_test1000_case1_test.csv,MeanCVaR,FPP-Branch-Benders-MeanCVaR-LLBI-RootCuts,FPP-Branch-Benders,,mean-cvar,0.9,0.5,none,none,true,true,false,false,false,false,false,false,heuristic,0.10,eta-asc,true,true,100,100,1e-3,0,100000,1800,0.001,1,results/batch/fpp_new_instances_scaling_new20x20/splits,results/batch/fpp_new_instances_scaling_new20x20/workers/worker_021,results/batch/fpp_new_instances_scaling_new20x20/workers/worker_021/batch_results_worker_021.csv,results/batch/fpp_new_instances_scaling_new20x20/workers/worker_021/json/worker_021_task_009.json,results/batch/fpp_new_instances_scaling_new20x20/workers/worker_021/solutions,new20x20_case01_train400_test1000_alpha0p03_fpp_branch_benders_meancvar_llbi_rootcuts,run-fpp-branch-benders-oos
worker_021_task_010,worker_021,case01,1,20260529,20261929,20261929,new20x20,20x20,shortest_path,400,,not_checked,,,new20x20,new_instances/20x20,new_instances/20x20,0.03,400,1000,1,9000,9001,10000,true,results/batch/fpp_new_instances_scaling_new20x20/splits/new20x20_seed20261929_train400_test1000_case1_train.csv,results/batch/fpp_new_instances_scaling_new20x20/splits/new20x20_seed20261929_train400_test1000_case1_test.csv,MeanCVaR,FPP-Branch-Benders-MeanCVaR-ProjectedCoverageLLBI-exp-RootCuts,FPP-Branch-Benders,,mean-cvar,0.9,0.5,coverage,exp,true,false,true,false,false,true,false,false,heuristic,0.10,eta-asc,true,true,100,100,1e-3,0,100000,1800,0.001,1,results/batch/fpp_new_instances_scaling_new20x20/splits,results/batch/fpp_new_instances_scaling_new20x20/workers/worker_021,results/batch/fpp_new_instances_scaling_new20x20/workers/worker_021/batch_results_worker_021.csv,results/batch/fpp_new_instances_scaling_new20x20/workers/worker_021/json/worker_021_task_010.json,results/batch/fpp_new_instances_scaling_new20x20/workers/worker_021/solutions,new20x20_case01_train400_test1000_alpha0p03_fpp_branch_benders_meancvar_projectedcoveragellbi_exp_rootcuts,run-fpp-branch-benders-oos
worker_021_task_011,worker_021,case01,1,20260529,20261929,20261929,new20x20,20x20,shortest_path,400,,not_checked,,,new20x20,new_instances/20x20,new_instances/20x20,0.03,400,1000,1,9000,9001,10000,true,results/batch/fpp_new_instances_scaling_new20x20/splits/new20x20_seed20261929_train400_test1000_case1_train.csv,results/batch/fpp_new_instances_scaling_new20x20/splits/new20x20_seed20261929_train400_test1000_case1_test.csv,MeanCVaR,FPP-Branch-Benders-MeanCVaR-ProjectedPathLLBI-exp-RootCuts,FPP-Branch-Benders,,mean-cvar,0.9,0.5,path,exp,true,false,true,false,false,false,true,false,heuristic,0.10,eta-asc,true,true,100,100,1e-3,0,100000,1800,0.001,1,results/batch/fpp_new_instances_scaling_new20x20/splits,results/batch/fpp_new_instances_scaling_new20x20/workers/worker_021,results/batch/fpp_new_instances_scaling_new20x20/workers/worker_021/batch_results_worker_021.csv,results/batch/fpp_new_instances_scaling_new20x20/workers/worker_021/json/worker_021_task_011.json,results/batch/fpp_new_instances_scaling_new20x20/workers/worker_021/solutions,new20x20_case01_train400_test1000_alpha0p03_fpp_branch_benders_meancvar_projectedpathllbi_exp_rootcuts,run-fpp-branch-benders-oos
worker_022_task_000,worker_022,case02,2,20260529,20262929,20262929,new20x20,20x20,shortest_path,400,,not_checked,,,new20x20,new_instances/20x20,new_instances/20x20,0.03,400,1000,1,9000,9001,10000,true,results/batch/fpp_new_instances_scaling_new20x20/splits/new20x20_seed20262929_train400_test1000_case2_train.csv,results/batch/fpp_new_instances_scaling_new20x20/splits/new20x20_seed20262929_train400_test1000_case2_test.csv,MeanCVaR,FPP-SAA-MeanCVaR,FPP-SAA,fpp_base,mean-cvar,0.9,0.5,none,none,false,false,false,false,false,false,false,false,heuristic,0.10,eta-asc,true,true,100,100,1e-3,0,100000,1800,0.001,1,results/batch/fpp_new_instances_scaling_new20x20/splits,results/batch/fpp_new_instances_scaling_new20x20/workers/worker_022,results/batch/fpp_new_instances_scaling_new20x20/workers/worker_022/batch_results_worker_022.csv,results/batch/fpp_new_instances_scaling_new20x20/workers/worker_022/json/worker_022_task_000.json,results/batch/fpp_new_instances_scaling_new20x20/workers/worker_022/solutions,new20x20_case02_train400_test1000_alpha0p03_fpp_saa_meancvar,run-fpp-saa-oos
worker_022_task_001,worker_022,case02,2,20260529,20262929,20262929,new20x20,20x20,shortest_path,400,,not_checked,,,new20x20,new_instances/20x20,new_instances/20x20,0.03,400,1000,1,9000,9001,10000,true,results/batch/fpp_new_instances_scaling_new20x20/splits/new20x20_seed20262929_train400_test1000_case2_train.csv,results/batch/fpp_new_instances_scaling_new20x20/splits/new20x20_seed20262929_train400_test1000_case2_test.csv,Expected,FPP-Branch-Benders-LLBI-RootCuts,FPP-Branch-Benders,,expected,0.9,1.0,none,none,true,true,false,false,false,false,false,false,heuristic,0.10,eta-asc,true,true,100,100,1e-3,0,100000,1800,0.001,1,results/batch/fpp_new_instances_scaling_new20x20/splits,results/batch/fpp_new_instances_scaling_new20x20/workers/worker_022,results/batch/fpp_new_instances_scaling_new20x20/workers/worker_022/batch_results_worker_022.csv,results/batch/fpp_new_instances_scaling_new20x20/workers/worker_022/json/worker_022_task_001.json,results/batch/fpp_new_instances_scaling_new20x20/workers/worker_022/solutions,new20x20_case02_train400_test1000_alpha0p03_fpp_branch_benders_llbi_rootcuts,run-fpp-branch-benders-oos
worker_022_task_002,worker_022,case02,2,20260529,20262929,20262929,new20x20,20x20,shortest_path,400,,not_checked,,,new20x20,new_instances/20x20,new_instances/20x20,0.03,400,1000,1,9000,9001,10000,true,results/batch/fpp_new_instances_scaling_new20x20/splits/new20x20_seed20262929_train400_test1000_case2_train.csv,results/batch/fpp_new_instances_scaling_new20x20/splits/new20x20_seed20262929_train400_test1000_case2_test.csv,Expected,FPP-Branch-Benders-ProjectedCoverageLLBI-exp-RootCuts,FPP-Branch-Benders,,expected,0.9,1.0,coverage,exp,true,false,true,false,false,true,false,false,heuristic,0.10,eta-asc,true,true,100,100,1e-3,0,100000,1800,0.001,1,results/batch/fpp_new_instances_scaling_new20x20/splits,results/batch/fpp_new_instances_scaling_new20x20/workers/worker_022,results/batch/fpp_new_instances_scaling_new20x20/workers/worker_022/batch_results_worker_022.csv,results/batch/fpp_new_instances_scaling_new20x20/workers/worker_022/json/worker_022_task_002.json,results/batch/fpp_new_instances_scaling_new20x20/workers/worker_022/solutions,new20x20_case02_train400_test1000_alpha0p03_fpp_branch_benders_projectedcoveragellbi_exp_rootcuts,run-fpp-branch-benders-oos
worker_022_task_003,worker_022,case02,2,20260529,20262929,20262929,new20x20,20x20,shortest_path,400,,not_checked,,,new20x20,new_instances/20x20,new_instances/20x20,0.03,400,1000,1,9000,9001,10000,true,results/batch/fpp_new_instances_scaling_new20x20/splits/new20x20_seed20262929_train400_test1000_case2_train.csv,results/batch/fpp_new_instances_scaling_new20x20/splits/new20x20_seed20262929_train400_test1000_case2_test.csv,Expected,FPP-Branch-Benders-ProjectedPathLLBI-exp-RootCuts,FPP-Branch-Benders,,expected,0.9,1.0,path,exp,true,false,true,false,false,false,true,false,heuristic,0.10,eta-asc,true,true,100,100,1e-3,0,100000,1800,0.001,1,results/batch/fpp_new_instances_scaling_new20x20/splits,results/batch/fpp_new_instances_scaling_new20x20/workers/worker_022,results/batch/fpp_new_instances_scaling_new20x20/workers/worker_022/batch_results_worker_022.csv,results/batch/fpp_new_instances_scaling_new20x20/workers/worker_022/json/worker_022_task_003.json,results/batch/fpp_new_instances_scaling_new20x20/workers/worker_022/solutions,new20x20_case02_train400_test1000_alpha0p03_fpp_branch_benders_projectedpathllbi_exp_rootcuts,run-fpp-branch-benders-oos
worker_022_task_004,worker_022,case02,2,20260529,20262929,20262929,new20x20,20x20,shortest_path,400,,not_checked,,,new20x20,new_instances/20x20,new_instances/20x20,0.03,400,1000,1,9000,9001,10000,true,results/batch/fpp_new_instances_scaling_new20x20/splits/new20x20_seed20262929_train400_test1000_case2_train.csv,results/batch/fpp_new_instances_scaling_new20x20/splits/new20x20_seed20262929_train400_test1000_case2_test.csv,CVaR,FPP-Branch-Benders-CVaR-RootCuts,FPP-Branch-Benders,,cvar,0.9,1.0,none,none,true,false,false,false,false,false,false,false,heuristic,0.10,eta-asc,true,true,100,100,1e-3,0,100000,1800,0.001,1,results/batch/fpp_new_instances_scaling_new20x20/splits,results/batch/fpp_new_instances_scaling_new20x20/workers/worker_022,results/batch/fpp_new_instances_scaling_new20x20/workers/worker_022/batch_results_worker_022.csv,results/batch/fpp_new_instances_scaling_new20x20/workers/worker_022/json/worker_022_task_004.json,results/batch/fpp_new_instances_scaling_new20x20/workers/worker_022/solutions,new20x20_case02_train400_test1000_alpha0p03_fpp_branch_benders_cvar_rootcuts,run-fpp-branch-benders-oos
worker_022_task_005,worker_022,case02,2,20260529,20262929,20262929,new20x20,20x20,shortest_path,400,,not_checked,,,new20x20,new_instances/20x20,new_instances/20x20,0.03,400,1000,1,9000,9001,10000,true,results/batch/fpp_new_instances_scaling_new20x20/splits/new20x20_seed20262929_train400_test1000_case2_train.csv,results/batch/fpp_new_instances_scaling_new20x20/splits/new20x20_seed20262929_train400_test1000_case2_test.csv,CVaR,FPP-Branch-Benders-CVaR-LLBI-RootCuts,FPP-Branch-Benders,,cvar,0.9,1.0,none,none,true,true,false,false,false,false,false,false,heuristic,0.10,eta-asc,true,true,100,100,1e-3,0,100000,1800,0.001,1,results/batch/fpp_new_instances_scaling_new20x20/splits,results/batch/fpp_new_instances_scaling_new20x20/workers/worker_022,results/batch/fpp_new_instances_scaling_new20x20/workers/worker_022/batch_results_worker_022.csv,results/batch/fpp_new_instances_scaling_new20x20/workers/worker_022/json/worker_022_task_005.json,results/batch/fpp_new_instances_scaling_new20x20/workers/worker_022/solutions,new20x20_case02_train400_test1000_alpha0p03_fpp_branch_benders_cvar_llbi_rootcuts,run-fpp-branch-benders-oos
worker_022_task_006,worker_022,case02,2,20260529,20262929,20262929,new20x20,20x20,shortest_path,400,,not_checked,,,new20x20,new_instances/20x20,new_instances/20x20,0.03,400,1000,1,9000,9001,10000,true,results/batch/fpp_new_instances_scaling_new20x20/splits/new20x20_seed20262929_train400_test1000_case2_train.csv,results/batch/fpp_new_instances_scaling_new20x20/splits/new20x20_seed20262929_train400_test1000_case2_test.csv,CVaR,FPP-Branch-Benders-CVaR-ProjectedCoverageLLBI-exp-RootCuts,FPP-Branch-Benders,,cvar,0.9,1.0,coverage,exp,true,false,true,false,false,true,false,false,heuristic,0.10,eta-asc,true,true,100,100,1e-3,0,100000,1800,0.001,1,results/batch/fpp_new_instances_scaling_new20x20/splits,results/batch/fpp_new_instances_scaling_new20x20/workers/worker_022,results/batch/fpp_new_instances_scaling_new20x20/workers/worker_022/batch_results_worker_022.csv,results/batch/fpp_new_instances_scaling_new20x20/workers/worker_022/json/worker_022_task_006.json,results/batch/fpp_new_instances_scaling_new20x20/workers/worker_022/solutions,new20x20_case02_train400_test1000_alpha0p03_fpp_branch_benders_cvar_projectedcoveragellbi_exp_rootcuts,run-fpp-branch-benders-oos
worker_022_task_007,worker_022,case02,2,20260529,20262929,20262929,new20x20,20x20,shortest_path,400,,not_checked,,,new20x20,new_instances/20x20,new_instances/20x20,0.03,400,1000,1,9000,9001,10000,true,results/batch/fpp_new_instances_scaling_new20x20/splits/new20x20_seed20262929_train400_test1000_case2_train.csv,results/batch/fpp_new_instances_scaling_new20x20/splits/new20x20_seed20262929_train400_test1000_case2_test.csv,CVaR,FPP-Branch-Benders-CVaR-ProjectedPathLLBI-exp-RootCuts,FPP-Branch-Benders,,cvar,0.9,1.0,path,exp,true,false,true,false,false,false,true,false,heuristic,0.10,eta-asc,true,true,100,100,1e-3,0,100000,1800,0.001,1,results/batch/fpp_new_instances_scaling_new20x20/splits,results/batch/fpp_new_instances_scaling_new20x20/workers/worker_022,results/batch/fpp_new_instances_scaling_new20x20/workers/worker_022/batch_results_worker_022.csv,results/batch/fpp_new_instances_scaling_new20x20/workers/worker_022/json/worker_022_task_007.json,results/batch/fpp_new_instances_scaling_new20x20/workers/worker_022/solutions,new20x20_case02_train400_test1000_alpha0p03_fpp_branch_benders_cvar_projectedpathllbi_exp_rootcuts,run-fpp-branch-benders-oos
worker_022_task_008,worker_022,case02,2,20260529,20262929,20262929,new20x20,20x20,shortest_path,400,,not_checked,,,new20x20,new_instances/20x20,new_instances/20x20,0.03,400,1000,1,9000,9001,10000,true,results/batch/fpp_new_instances_scaling_new20x20/splits/new20x20_seed20262929_train400_test1000_case2_train.csv,results/batch/fpp_new_instances_scaling_new20x20/splits/new20x20_seed20262929_train400_test1000_case2_test.csv,MeanCVaR,FPP-Branch-Benders-MeanCVaR-RootCuts,FPP-Branch-Benders,,mean-cvar,0.9,0.5,none,none,true,false,false,false,false,false,false,false,heuristic,0.10,eta-asc,true,true,100,100,1e-3,0,100000,1800,0.001,1,results/batch/fpp_new_instances_scaling_new20x20/splits,results/batch/fpp_new_instances_scaling_new20x20/workers/worker_022,results/batch/fpp_new_instances_scaling_new20x20/workers/worker_022/batch_results_worker_022.csv,results/batch/fpp_new_instances_scaling_new20x20/workers/worker_022/json/worker_022_task_008.json,results/batch/fpp_new_instances_scaling_new20x20/workers/worker_022/solutions,new20x20_case02_train400_test1000_alpha0p03_fpp_branch_benders_meancvar_rootcuts,run-fpp-branch-benders-oos
worker_022_task_009,worker_022,case02,2,20260529,20262929,20262929,new20x20,20x20,shortest_path,400,,not_checked,,,new20x20,new_instances/20x20,new_instances/20x20,0.03,400,1000,1,9000,9001,10000,true,results/batch/fpp_new_instances_scaling_new20x20/splits/new20x20_seed20262929_train400_test1000_case2_train.csv,results/batch/fpp_new_instances_scaling_new20x20/splits/new20x20_seed20262929_train400_test1000_case2_test.csv,MeanCVaR,FPP-Branch-Benders-MeanCVaR-LLBI-RootCuts,FPP-Branch-Benders,,mean-cvar,0.9,0.5,none,none,true,true,false,false,false,false,false,false,heuristic,0.10,eta-asc,true,true,100,100,1e-3,0,100000,1800,0.001,1,results/batch/fpp_new_instances_scaling_new20x20/splits,results/batch/fpp_new_instances_scaling_new20x20/workers/worker_022,results/batch/fpp_new_instances_scaling_new20x20/workers/worker_022/batch_results_worker_022.csv,results/batch/fpp_new_instances_scaling_new20x20/workers/worker_022/json/worker_022_task_009.json,results/batch/fpp_new_instances_scaling_new20x20/workers/worker_022/solutions,new20x20_case02_train400_test1000_alpha0p03_fpp_branch_benders_meancvar_llbi_rootcuts,run-fpp-branch-benders-oos
worker_022_task_010,worker_022,case02,2,20260529,20262929,20262929,new20x20,20x20,shortest_path,400,,not_checked,,,new20x20,new_instances/20x20,new_instances/20x20,0.03,400,1000,1,9000,9001,10000,true,results/batch/fpp_new_instances_scaling_new20x20/splits/new20x20_seed20262929_train400_test1000_case2_train.csv,results/batch/fpp_new_instances_scaling_new20x20/splits/new20x20_seed20262929_train400_test1000_case2_test.csv,MeanCVaR,FPP-Branch-Benders-MeanCVaR-ProjectedCoverageLLBI-exp-RootCuts,FPP-Branch-Benders,,mean-cvar,0.9,0.5,coverage,exp,true,false,true,false,false,true,false,false,heuristic,0.10,eta-asc,true,true,100,100,1e-3,0,100000,1800,0.001,1,results/batch/fpp_new_instances_scaling_new20x20/splits,results/batch/fpp_new_instances_scaling_new20x20/workers/worker_022,results/batch/fpp_new_instances_scaling_new20x20/workers/worker_022/batch_results_worker_022.csv,results/batch/fpp_new_instances_scaling_new20x20/workers/worker_022/json/worker_022_task_010.json,results/batch/fpp_new_instances_scaling_new20x20/workers/worker_022/solutions,new20x20_case02_train400_test1000_alpha0p03_fpp_branch_benders_meancvar_projectedcoveragellbi_exp_rootcuts,run-fpp-branch-benders-oos
worker_022_task_011,worker_022,case02,2,20260529,20262929,20262929,new20x20,20x20,shortest_path,400,,not_checked,,,new20x20,new_instances/20x20,new_instances/20x20,0.03,400,1000,1,9000,9001,10000,true,results/batch/fpp_new_instances_scaling_new20x20/splits/new20x20_seed20262929_train400_test1000_case2_train.csv,results/batch/fpp_new_instances_scaling_new20x20/splits/new20x20_seed20262929_train400_test1000_case2_test.csv,MeanCVaR,FPP-Branch-Benders-MeanCVaR-ProjectedPathLLBI-exp-RootCuts,FPP-Branch-Benders,,mean-cvar,0.9,0.5,path,exp,true,false,true,false,false,false,true,false,heuristic,0.10,eta-asc,true,true,100,100,1e-3,0,100000,1800,0.001,1,results/batch/fpp_new_instances_scaling_new20x20/splits,results/batch/fpp_new_instances_scaling_new20x20/workers/worker_022,results/batch/fpp_new_instances_scaling_new20x20/workers/worker_022/batch_results_worker_022.csv,results/batch/fpp_new_instances_scaling_new20x20/workers/worker_022/json/worker_022_task_011.json,results/batch/fpp_new_instances_scaling_new20x20/workers/worker_022/solutions,new20x20_case02_train400_test1000_alpha0p03_fpp_branch_benders_meancvar_projectedpathllbi_exp_rootcuts,run-fpp-branch-benders-oos
worker_023_task_000,worker_023,case03,3,20260529,20263929,20263929,new20x20,20x20,shortest_path,400,,not_checked,,,new20x20,new_instances/20x20,new_instances/20x20,0.03,400,1000,1,9000,9001,10000,true,results/batch/fpp_new_instances_scaling_new20x20/splits/new20x20_seed20263929_train400_test1000_case3_train.csv,results/batch/fpp_new_instances_scaling_new20x20/splits/new20x20_seed20263929_train400_test1000_case3_test.csv,MeanCVaR,FPP-SAA-MeanCVaR,FPP-SAA,fpp_base,mean-cvar,0.9,0.5,none,none,false,false,false,false,false,false,false,false,heuristic,0.10,eta-asc,true,true,100,100,1e-3,0,100000,1800,0.001,1,results/batch/fpp_new_instances_scaling_new20x20/splits,results/batch/fpp_new_instances_scaling_new20x20/workers/worker_023,results/batch/fpp_new_instances_scaling_new20x20/workers/worker_023/batch_results_worker_023.csv,results/batch/fpp_new_instances_scaling_new20x20/workers/worker_023/json/worker_023_task_000.json,results/batch/fpp_new_instances_scaling_new20x20/workers/worker_023/solutions,new20x20_case03_train400_test1000_alpha0p03_fpp_saa_meancvar,run-fpp-saa-oos
worker_023_task_001,worker_023,case03,3,20260529,20263929,20263929,new20x20,20x20,shortest_path,400,,not_checked,,,new20x20,new_instances/20x20,new_instances/20x20,0.03,400,1000,1,9000,9001,10000,true,results/batch/fpp_new_instances_scaling_new20x20/splits/new20x20_seed20263929_train400_test1000_case3_train.csv,results/batch/fpp_new_instances_scaling_new20x20/splits/new20x20_seed20263929_train400_test1000_case3_test.csv,Expected,FPP-Branch-Benders-LLBI-RootCuts,FPP-Branch-Benders,,expected,0.9,1.0,none,none,true,true,false,false,false,false,false,false,heuristic,0.10,eta-asc,true,true,100,100,1e-3,0,100000,1800,0.001,1,results/batch/fpp_new_instances_scaling_new20x20/splits,results/batch/fpp_new_instances_scaling_new20x20/workers/worker_023,results/batch/fpp_new_instances_scaling_new20x20/workers/worker_023/batch_results_worker_023.csv,results/batch/fpp_new_instances_scaling_new20x20/workers/worker_023/json/worker_023_task_001.json,results/batch/fpp_new_instances_scaling_new20x20/workers/worker_023/solutions,new20x20_case03_train400_test1000_alpha0p03_fpp_branch_benders_llbi_rootcuts,run-fpp-branch-benders-oos
worker_023_task_002,worker_023,case03,3,20260529,20263929,20263929,new20x20,20x20,shortest_path,400,,not_checked,,,new20x20,new_instances/20x20,new_instances/20x20,0.03,400,1000,1,9000,9001,10000,true,results/batch/fpp_new_instances_scaling_new20x20/splits/new20x20_seed20263929_train400_test1000_case3_train.csv,results/batch/fpp_new_instances_scaling_new20x20/splits/new20x20_seed20263929_train400_test1000_case3_test.csv,Expected,FPP-Branch-Benders-ProjectedCoverageLLBI-exp-RootCuts,FPP-Branch-Benders,,expected,0.9,1.0,coverage,exp,true,false,true,false,false,true,false,false,heuristic,0.10,eta-asc,true,true,100,100,1e-3,0,100000,1800,0.001,1,results/batch/fpp_new_instances_scaling_new20x20/splits,results/batch/fpp_new_instances_scaling_new20x20/workers/worker_023,results/batch/fpp_new_instances_scaling_new20x20/workers/worker_023/batch_results_worker_023.csv,results/batch/fpp_new_instances_scaling_new20x20/workers/worker_023/json/worker_023_task_002.json,results/batch/fpp_new_instances_scaling_new20x20/workers/worker_023/solutions,new20x20_case03_train400_test1000_alpha0p03_fpp_branch_benders_projectedcoveragellbi_exp_rootcuts,run-fpp-branch-benders-oos
worker_023_task_003,worker_023,case03,3,20260529,20263929,20263929,new20x20,20x20,shortest_path,400,,not_checked,,,new20x20,new_instances/20x20,new_instances/20x20,0.03,400,1000,1,9000,9001,10000,true,results/batch/fpp_new_instances_scaling_new20x20/splits/new20x20_seed20263929_train400_test1000_case3_train.csv,results/batch/fpp_new_instances_scaling_new20x20/splits/new20x20_seed20263929_train400_test1000_case3_test.csv,Expected,FPP-Branch-Benders-ProjectedPathLLBI-exp-RootCuts,FPP-Branch-Benders,,expected,0.9,1.0,path,exp,true,false,true,false,false,false,true,false,heuristic,0.10,eta-asc,true,true,100,100,1e-3,0,100000,1800,0.001,1,results/batch/fpp_new_instances_scaling_new20x20/splits,results/batch/fpp_new_instances_scaling_new20x20/workers/worker_023,results/batch/fpp_new_instances_scaling_new20x20/workers/worker_023/batch_results_worker_023.csv,results/batch/fpp_new_instances_scaling_new20x20/workers/worker_023/json/worker_023_task_003.json,results/batch/fpp_new_instances_scaling_new20x20/workers/worker_023/solutions,new20x20_case03_train400_test1000_alpha0p03_fpp_branch_benders_projectedpathllbi_exp_rootcuts,run-fpp-branch-benders-oos
worker_023_task_004,worker_023,case03,3,20260529,20263929,20263929,new20x20,20x20,shortest_path,400,,not_checked,,,new20x20,new_instances/20x20,new_instances/20x20,0.03,400,1000,1,9000,9001,10000,true,results/batch/fpp_new_instances_scaling_new20x20/splits/new20x20_seed20263929_train400_test1000_case3_train.csv,results/batch/fpp_new_instances_scaling_new20x20/splits/new20x20_seed20263929_train400_test1000_case3_test.csv,CVaR,FPP-Branch-Benders-CVaR-RootCuts,FPP-Branch-Benders,,cvar,0.9,1.0,none,none,true,false,false,false,false,false,false,false,heuristic,0.10,eta-asc,true,true,100,100,1e-3,0,100000,1800,0.001,1,results/batch/fpp_new_instances_scaling_new20x20/splits,results/batch/fpp_new_instances_scaling_new20x20/workers/worker_023,results/batch/fpp_new_instances_scaling_new20x20/workers/worker_023/batch_results_worker_023.csv,results/batch/fpp_new_instances_scaling_new20x20/workers/worker_023/json/worker_023_task_004.json,results/batch/fpp_new_instances_scaling_new20x20/workers/worker_023/solutions,new20x20_case03_train400_test1000_alpha0p03_fpp_branch_benders_cvar_rootcuts,run-fpp-branch-benders-oos
worker_023_task_005,worker_023,case03,3,20260529,20263929,20263929,new20x20,20x20,shortest_path,400,,not_checked,,,new20x20,new_instances/20x20,new_instances/20x20,0.03,400,1000,1,9000,9001,10000,true,results/batch/fpp_new_instances_scaling_new20x20/splits/new20x20_seed20263929_train400_test1000_case3_train.csv,results/batch/fpp_new_instances_scaling_new20x20/splits/new20x20_seed20263929_train400_test1000_case3_test.csv,CVaR,FPP-Branch-Benders-CVaR-LLBI-RootCuts,FPP-Branch-Benders,,cvar,0.9,1.0,none,none,true,true,false,false,false,false,false,false,heuristic,0.10,eta-asc,true,true,100,100,1e-3,0,100000,1800,0.001,1,results/batch/fpp_new_instances_scaling_new20x20/splits,results/batch/fpp_new_instances_scaling_new20x20/workers/worker_023,results/batch/fpp_new_instances_scaling_new20x20/workers/worker_023/batch_results_worker_023.csv,results/batch/fpp_new_instances_scaling_new20x20/workers/worker_023/json/worker_023_task_005.json,results/batch/fpp_new_instances_scaling_new20x20/workers/worker_023/solutions,new20x20_case03_train400_test1000_alpha0p03_fpp_branch_benders_cvar_llbi_rootcuts,run-fpp-branch-benders-oos
worker_023_task_006,worker_023,case03,3,20260529,20263929,20263929,new20x20,20x20,shortest_path,400,,not_checked,,,new20x20,new_instances/20x20,new_instances/20x20,0.03,400,1000,1,9000,9001,10000,true,results/batch/fpp_new_instances_scaling_new20x20/splits/new20x20_seed20263929_train400_test1000_case3_train.csv,results/batch/fpp_new_instances_scaling_new20x20/splits/new20x20_seed20263929_train400_test1000_case3_test.csv,CVaR,FPP-Branch-Benders-CVaR-ProjectedCoverageLLBI-exp-RootCuts,FPP-Branch-Benders,,cvar,0.9,1.0,coverage,exp,true,false,true,false,false,true,false,false,heuristic,0.10,eta-asc,true,true,100,100,1e-3,0,100000,1800,0.001,1,results/batch/fpp_new_instances_scaling_new20x20/splits,results/batch/fpp_new_instances_scaling_new20x20/workers/worker_023,results/batch/fpp_new_instances_scaling_new20x20/workers/worker_023/batch_results_worker_023.csv,results/batch/fpp_new_instances_scaling_new20x20/workers/worker_023/json/worker_023_task_006.json,results/batch/fpp_new_instances_scaling_new20x20/workers/worker_023/solutions,new20x20_case03_train400_test1000_alpha0p03_fpp_branch_benders_cvar_projectedcoveragellbi_exp_rootcuts,run-fpp-branch-benders-oos
worker_023_task_007,worker_023,case03,3,20260529,20263929,20263929,new20x20,20x20,shortest_path,400,,not_checked,,,new20x20,new_instances/20x20,new_instances/20x20,0.03,400,1000,1,9000,9001,10000,true,results/batch/fpp_new_instances_scaling_new20x20/splits/new20x20_seed20263929_train400_test1000_case3_train.csv,results/batch/fpp_new_instances_scaling_new20x20/splits/new20x20_seed20263929_train400_test1000_case3_test.csv,CVaR,FPP-Branch-Benders-CVaR-ProjectedPathLLBI-exp-RootCuts,FPP-Branch-Benders,,cvar,0.9,1.0,path,exp,true,false,true,false,false,false,true,false,heuristic,0.10,eta-asc,true,true,100,100,1e-3,0,100000,1800,0.001,1,results/batch/fpp_new_instances_scaling_new20x20/splits,results/batch/fpp_new_instances_scaling_new20x20/workers/worker_023,results/batch/fpp_new_instances_scaling_new20x20/workers/worker_023/batch_results_worker_023.csv,results/batch/fpp_new_instances_scaling_new20x20/workers/worker_023/json/worker_023_task_007.json,results/batch/fpp_new_instances_scaling_new20x20/workers/worker_023/solutions,new20x20_case03_train400_test1000_alpha0p03_fpp_branch_benders_cvar_projectedpathllbi_exp_rootcuts,run-fpp-branch-benders-oos
worker_023_task_008,worker_023,case03,3,20260529,20263929,20263929,new20x20,20x20,shortest_path,400,,not_checked,,,new20x20,new_instances/20x20,new_instances/20x20,0.03,400,1000,1,9000,9001,10000,true,results/batch/fpp_new_instances_scaling_new20x20/splits/new20x20_seed20263929_train400_test1000_case3_train.csv,results/batch/fpp_new_instances_scaling_new20x20/splits/new20x20_seed20263929_train400_test1000_case3_test.csv,MeanCVaR,FPP-Branch-Benders-MeanCVaR-RootCuts,FPP-Branch-Benders,,mean-cvar,0.9,0.5,none,none,true,false,false,false,false,false,false,false,heuristic,0.10,eta-asc,true,true,100,100,1e-3,0,100000,1800,0.001,1,results/batch/fpp_new_instances_scaling_new20x20/splits,results/batch/fpp_new_instances_scaling_new20x20/workers/worker_023,results/batch/fpp_new_instances_scaling_new20x20/workers/worker_023/batch_results_worker_023.csv,results/batch/fpp_new_instances_scaling_new20x20/workers/worker_023/json/worker_023_task_008.json,results/batch/fpp_new_instances_scaling_new20x20/workers/worker_023/solutions,new20x20_case03_train400_test1000_alpha0p03_fpp_branch_benders_meancvar_rootcuts,run-fpp-branch-benders-oos
worker_023_task_009,worker_023,case03,3,20260529,20263929,20263929,new20x20,20x20,shortest_path,400,,not_checked,,,new20x20,new_instances/20x20,new_instances/20x20,0.03,400,1000,1,9000,9001,10000,true,results/batch/fpp_new_instances_scaling_new20x20/splits/new20x20_seed20263929_train400_test1000_case3_train.csv,results/batch/fpp_new_instances_scaling_new20x20/splits/new20x20_seed20263929_train400_test1000_case3_test.csv,MeanCVaR,FPP-Branch-Benders-MeanCVaR-LLBI-RootCuts,FPP-Branch-Benders,,mean-cvar,0.9,0.5,none,none,true,true,false,false,false,false,false,false,heuristic,0.10,eta-asc,true,true,100,100,1e-3,0,100000,1800,0.001,1,results/batch/fpp_new_instances_scaling_new20x20/splits,results/batch/fpp_new_instances_scaling_new20x20/workers/worker_023,results/batch/fpp_new_instances_scaling_new20x20/workers/worker_023/batch_results_worker_023.csv,results/batch/fpp_new_instances_scaling_new20x20/workers/worker_023/json/worker_023_task_009.json,results/batch/fpp_new_instances_scaling_new20x20/workers/worker_023/solutions,new20x20_case03_train400_test1000_alpha0p03_fpp_branch_benders_meancvar_llbi_rootcuts,run-fpp-branch-benders-oos
worker_023_task_010,worker_023,case03,3,20260529,20263929,20263929,new20x20,20x20,shortest_path,400,,not_checked,,,new20x20,new_instances/20x20,new_instances/20x20,0.03,400,1000,1,9000,9001,10000,true,results/batch/fpp_new_instances_scaling_new20x20/splits/new20x20_seed20263929_train400_test1000_case3_train.csv,results/batch/fpp_new_instances_scaling_new20x20/splits/new20x20_seed20263929_train400_test1000_case3_test.csv,MeanCVaR,FPP-Branch-Benders-MeanCVaR-ProjectedCoverageLLBI-exp-RootCuts,FPP-Branch-Benders,,mean-cvar,0.9,0.5,coverage,exp,true,false,true,false,false,true,false,false,heuristic,0.10,eta-asc,true,true,100,100,1e-3,0,100000,1800,0.001,1,results/batch/fpp_new_instances_scaling_new20x20/splits,results/batch/fpp_new_instances_scaling_new20x20/workers/worker_023,results/batch/fpp_new_instances_scaling_new20x20/workers/worker_023/batch_results_worker_023.csv,results/batch/fpp_new_instances_scaling_new20x20/workers/worker_023/json/worker_023_task_010.json,results/batch/fpp_new_instances_scaling_new20x20/workers/worker_023/solutions,new20x20_case03_train400_test1000_alpha0p03_fpp_branch_benders_meancvar_projectedcoveragellbi_exp_rootcuts,run-fpp-branch-benders-oos
worker_023_task_011,worker_023,case03,3,20260529,20263929,20263929,new20x20,20x20,shortest_path,400,,not_checked,,,new20x20,new_instances/20x20,new_instances/20x20,0.03,400,1000,1,9000,9001,10000,true,results/batch/fpp_new_instances_scaling_new20x20/splits/new20x20_seed20263929_train400_test1000_case3_train.csv,results/batch/fpp_new_instances_scaling_new20x20/splits/new20x20_seed20263929_train400_test1000_case3_test.csv,MeanCVaR,FPP-Branch-Benders-MeanCVaR-ProjectedPathLLBI-exp-RootCuts,FPP-Branch-Benders,,mean-cvar,0.9,0.5,path,exp,true,false,true,false,false,false,true,false,heuristic,0.10,eta-asc,true,true,100,100,1e-3,0,100000,1800,0.001,1,results/batch/fpp_new_instances_scaling_new20x20/splits,results/batch/fpp_new_instances_scaling_new20x20/workers/worker_023,results/batch/fpp_new_instances_scaling_new20x20/workers/worker_023/batch_results_worker_023.csv,results/batch/fpp_new_instances_scaling_new20x20/workers/worker_023/json/worker_023_task_011.json,results/batch/fpp_new_instances_scaling_new20x20/workers/worker_023/solutions,new20x20_case03_train400_test1000_alpha0p03_fpp_branch_benders_meancvar_projectedpathllbi_exp_rootcuts,run-fpp-branch-benders-oos
worker_024_task_000,worker_024,case04,4,20260529,20264929,20264929,new20x20,20x20,shortest_path,400,,not_checked,,,new20x20,new_instances/20x20,new_instances/20x20,0.03,400,1000,1,9000,9001,10000,true,results/batch/fpp_new_instances_scaling_new20x20/splits/new20x20_seed20264929_train400_test1000_case4_train.csv,results/batch/fpp_new_instances_scaling_new20x20/splits/new20x20_seed20264929_train400_test1000_case4_test.csv,MeanCVaR,FPP-SAA-MeanCVaR,FPP-SAA,fpp_base,mean-cvar,0.9,0.5,none,none,false,false,false,false,false,false,false,false,heuristic,0.10,eta-asc,true,true,100,100,1e-3,0,100000,1800,0.001,1,results/batch/fpp_new_instances_scaling_new20x20/splits,results/batch/fpp_new_instances_scaling_new20x20/workers/worker_024,results/batch/fpp_new_instances_scaling_new20x20/workers/worker_024/batch_results_worker_024.csv,results/batch/fpp_new_instances_scaling_new20x20/workers/worker_024/json/worker_024_task_000.json,results/batch/fpp_new_instances_scaling_new20x20/workers/worker_024/solutions,new20x20_case04_train400_test1000_alpha0p03_fpp_saa_meancvar,run-fpp-saa-oos
worker_024_task_001,worker_024,case04,4,20260529,20264929,20264929,new20x20,20x20,shortest_path,400,,not_checked,,,new20x20,new_instances/20x20,new_instances/20x20,0.03,400,1000,1,9000,9001,10000,true,results/batch/fpp_new_instances_scaling_new20x20/splits/new20x20_seed20264929_train400_test1000_case4_train.csv,results/batch/fpp_new_instances_scaling_new20x20/splits/new20x20_seed20264929_train400_test1000_case4_test.csv,Expected,FPP-Branch-Benders-LLBI-RootCuts,FPP-Branch-Benders,,expected,0.9,1.0,none,none,true,true,false,false,false,false,false,false,heuristic,0.10,eta-asc,true,true,100,100,1e-3,0,100000,1800,0.001,1,results/batch/fpp_new_instances_scaling_new20x20/splits,results/batch/fpp_new_instances_scaling_new20x20/workers/worker_024,results/batch/fpp_new_instances_scaling_new20x20/workers/worker_024/batch_results_worker_024.csv,results/batch/fpp_new_instances_scaling_new20x20/workers/worker_024/json/worker_024_task_001.json,results/batch/fpp_new_instances_scaling_new20x20/workers/worker_024/solutions,new20x20_case04_train400_test1000_alpha0p03_fpp_branch_benders_llbi_rootcuts,run-fpp-branch-benders-oos
worker_024_task_002,worker_024,case04,4,20260529,20264929,20264929,new20x20,20x20,shortest_path,400,,not_checked,,,new20x20,new_instances/20x20,new_instances/20x20,0.03,400,1000,1,9000,9001,10000,true,results/batch/fpp_new_instances_scaling_new20x20/splits/new20x20_seed20264929_train400_test1000_case4_train.csv,results/batch/fpp_new_instances_scaling_new20x20/splits/new20x20_seed20264929_train400_test1000_case4_test.csv,Expected,FPP-Branch-Benders-ProjectedCoverageLLBI-exp-RootCuts,FPP-Branch-Benders,,expected,0.9,1.0,coverage,exp,true,false,true,false,false,true,false,false,heuristic,0.10,eta-asc,true,true,100,100,1e-3,0,100000,1800,0.001,1,results/batch/fpp_new_instances_scaling_new20x20/splits,results/batch/fpp_new_instances_scaling_new20x20/workers/worker_024,results/batch/fpp_new_instances_scaling_new20x20/workers/worker_024/batch_results_worker_024.csv,results/batch/fpp_new_instances_scaling_new20x20/workers/worker_024/json/worker_024_task_002.json,results/batch/fpp_new_instances_scaling_new20x20/workers/worker_024/solutions,new20x20_case04_train400_test1000_alpha0p03_fpp_branch_benders_projectedcoveragellbi_exp_rootcuts,run-fpp-branch-benders-oos
worker_024_task_003,worker_024,case04,4,20260529,20264929,20264929,new20x20,20x20,shortest_path,400,,not_checked,,,new20x20,new_instances/20x20,new_instances/20x20,0.03,400,1000,1,9000,9001,10000,true,results/batch/fpp_new_instances_scaling_new20x20/splits/new20x20_seed20264929_train400_test1000_case4_train.csv,results/batch/fpp_new_instances_scaling_new20x20/splits/new20x20_seed20264929_train400_test1000_case4_test.csv,Expected,FPP-Branch-Benders-ProjectedPathLLBI-exp-RootCuts,FPP-Branch-Benders,,expected,0.9,1.0,path,exp,true,false,true,false,false,false,true,false,heuristic,0.10,eta-asc,true,true,100,100,1e-3,0,100000,1800,0.001,1,results/batch/fpp_new_instances_scaling_new20x20/splits,results/batch/fpp_new_instances_scaling_new20x20/workers/worker_024,results/batch/fpp_new_instances_scaling_new20x20/workers/worker_024/batch_results_worker_024.csv,results/batch/fpp_new_instances_scaling_new20x20/workers/worker_024/json/worker_024_task_003.json,results/batch/fpp_new_instances_scaling_new20x20/workers/worker_024/solutions,new20x20_case04_train400_test1000_alpha0p03_fpp_branch_benders_projectedpathllbi_exp_rootcuts,run-fpp-branch-benders-oos
worker_024_task_004,worker_024,case04,4,20260529,20264929,20264929,new20x20,20x20,shortest_path,400,,not_checked,,,new20x20,new_instances/20x20,new_instances/20x20,0.03,400,1000,1,9000,9001,10000,true,results/batch/fpp_new_instances_scaling_new20x20/splits/new20x20_seed20264929_train400_test1000_case4_train.csv,results/batch/fpp_new_instances_scaling_new20x20/splits/new20x20_seed20264929_train400_test1000_case4_test.csv,CVaR,FPP-Branch-Benders-CVaR-RootCuts,FPP-Branch-Benders,,cvar,0.9,1.0,none,none,true,false,false,false,false,false,false,false,heuristic,0.10,eta-asc,true,true,100,100,1e-3,0,100000,1800,0.001,1,results/batch/fpp_new_instances_scaling_new20x20/splits,results/batch/fpp_new_instances_scaling_new20x20/workers/worker_024,results/batch/fpp_new_instances_scaling_new20x20/workers/worker_024/batch_results_worker_024.csv,results/batch/fpp_new_instances_scaling_new20x20/workers/worker_024/json/worker_024_task_004.json,results/batch/fpp_new_instances_scaling_new20x20/workers/worker_024/solutions,new20x20_case04_train400_test1000_alpha0p03_fpp_branch_benders_cvar_rootcuts,run-fpp-branch-benders-oos
worker_024_task_005,worker_024,case04,4,20260529,20264929,20264929,new20x20,20x20,shortest_path,400,,not_checked,,,new20x20,new_instances/20x20,new_instances/20x20,0.03,400,1000,1,9000,9001,10000,true,results/batch/fpp_new_instances_scaling_new20x20/splits/new20x20_seed20264929_train400_test1000_case4_train.csv,results/batch/fpp_new_instances_scaling_new20x20/splits/new20x20_seed20264929_train400_test1000_case4_test.csv,CVaR,FPP-Branch-Benders-CVaR-LLBI-RootCuts,FPP-Branch-Benders,,cvar,0.9,1.0,none,none,true,true,false,false,false,false,false,false,heuristic,0.10,eta-asc,true,true,100,100,1e-3,0,100000,1800,0.001,1,results/batch/fpp_new_instances_scaling_new20x20/splits,results/batch/fpp_new_instances_scaling_new20x20/workers/worker_024,results/batch/fpp_new_instances_scaling_new20x20/workers/worker_024/batch_results_worker_024.csv,results/batch/fpp_new_instances_scaling_new20x20/workers/worker_024/json/worker_024_task_005.json,results/batch/fpp_new_instances_scaling_new20x20/workers/worker_024/solutions,new20x20_case04_train400_test1000_alpha0p03_fpp_branch_benders_cvar_llbi_rootcuts,run-fpp-branch-benders-oos
worker_024_task_006,worker_024,case04,4,20260529,20264929,20264929,new20x20,20x20,shortest_path,400,,not_checked,,,new20x20,new_instances/20x20,new_instances/20x20,0.03,400,1000,1,9000,9001,10000,true,results/batch/fpp_new_instances_scaling_new20x20/splits/new20x20_seed20264929_train400_test1000_case4_train.csv,results/batch/fpp_new_instances_scaling_new20x20/splits/new20x20_seed20264929_train400_test1000_case4_test.csv,CVaR,FPP-Branch-Benders-CVaR-ProjectedCoverageLLBI-exp-RootCuts,FPP-Branch-Benders,,cvar,0.9,1.0,coverage,exp,true,false,true,false,false,true,false,false,heuristic,0.10,eta-asc,true,true,100,100,1e-3,0,100000,1800,0.001,1,results/batch/fpp_new_instances_scaling_new20x20/splits,results/batch/fpp_new_instances_scaling_new20x20/workers/worker_024,results/batch/fpp_new_instances_scaling_new20x20/workers/worker_024/batch_results_worker_024.csv,results/batch/fpp_new_instances_scaling_new20x20/workers/worker_024/json/worker_024_task_006.json,results/batch/fpp_new_instances_scaling_new20x20/workers/worker_024/solutions,new20x20_case04_train400_test1000_alpha0p03_fpp_branch_benders_cvar_projectedcoveragellbi_exp_rootcuts,run-fpp-branch-benders-oos
worker_024_task_007,worker_024,case04,4,20260529,20264929,20264929,new20x20,20x20,shortest_path,400,,not_checked,,,new20x20,new_instances/20x20,new_instances/20x20,0.03,400,1000,1,9000,9001,10000,true,results/batch/fpp_new_instances_scaling_new20x20/splits/new20x20_seed20264929_train400_test1000_case4_train.csv,results/batch/fpp_new_instances_scaling_new20x20/splits/new20x20_seed20264929_train400_test1000_case4_test.csv,CVaR,FPP-Branch-Benders-CVaR-ProjectedPathLLBI-exp-RootCuts,FPP-Branch-Benders,,cvar,0.9,1.0,path,exp,true,false,true,false,false,false,true,false,heuristic,0.10,eta-asc,true,true,100,100,1e-3,0,100000,1800,0.001,1,results/batch/fpp_new_instances_scaling_new20x20/splits,results/batch/fpp_new_instances_scaling_new20x20/workers/worker_024,results/batch/fpp_new_instances_scaling_new20x20/workers/worker_024/batch_results_worker_024.csv,results/batch/fpp_new_instances_scaling_new20x20/workers/worker_024/json/worker_024_task_007.json,results/batch/fpp_new_instances_scaling_new20x20/workers/worker_024/solutions,new20x20_case04_train400_test1000_alpha0p03_fpp_branch_benders_cvar_projectedpathllbi_exp_rootcuts,run-fpp-branch-benders-oos
worker_024_task_008,worker_024,case04,4,20260529,20264929,20264929,new20x20,20x20,shortest_path,400,,not_checked,,,new20x20,new_instances/20x20,new_instances/20x20,0.03,400,1000,1,9000,9001,10000,true,results/batch/fpp_new_instances_scaling_new20x20/splits/new20x20_seed20264929_train400_test1000_case4_train.csv,results/batch/fpp_new_instances_scaling_new20x20/splits/new20x20_seed20264929_train400_test1000_case4_test.csv,MeanCVaR,FPP-Branch-Benders-MeanCVaR-RootCuts,FPP-Branch-Benders,,mean-cvar,0.9,0.5,none,none,true,false,false,false,false,false,false,false,heuristic,0.10,eta-asc,true,true,100,100,1e-3,0,100000,1800,0.001,1,results/batch/fpp_new_instances_scaling_new20x20/splits,results/batch/fpp_new_instances_scaling_new20x20/workers/worker_024,results/batch/fpp_new_instances_scaling_new20x20/workers/worker_024/batch_results_worker_024.csv,results/batch/fpp_new_instances_scaling_new20x20/workers/worker_024/json/worker_024_task_008.json,results/batch/fpp_new_instances_scaling_new20x20/workers/worker_024/solutions,new20x20_case04_train400_test1000_alpha0p03_fpp_branch_benders_meancvar_rootcuts,run-fpp-branch-benders-oos
worker_024_task_009,worker_024,case04,4,20260529,20264929,20264929,new20x20,20x20,shortest_path,400,,not_checked,,,new20x20,new_instances/20x20,new_instances/20x20,0.03,400,1000,1,9000,9001,10000,true,results/batch/fpp_new_instances_scaling_new20x20/splits/new20x20_seed20264929_train400_test1000_case4_train.csv,results/batch/fpp_new_instances_scaling_new20x20/splits/new20x20_seed20264929_train400_test1000_case4_test.csv,MeanCVaR,FPP-Branch-Benders-MeanCVaR-LLBI-RootCuts,FPP-Branch-Benders,,mean-cvar,0.9,0.5,none,none,true,true,false,false,false,false,false,false,heuristic,0.10,eta-asc,true,true,100,100,1e-3,0,100000,1800,0.001,1,results/batch/fpp_new_instances_scaling_new20x20/splits,results/batch/fpp_new_instances_scaling_new20x20/workers/worker_024,results/batch/fpp_new_instances_scaling_new20x20/workers/worker_024/batch_results_worker_024.csv,results/batch/fpp_new_instances_scaling_new20x20/workers/worker_024/json/worker_024_task_009.json,results/batch/fpp_new_instances_scaling_new20x20/workers/worker_024/solutions,new20x20_case04_train400_test1000_alpha0p03_fpp_branch_benders_meancvar_llbi_rootcuts,run-fpp-branch-benders-oos
worker_024_task_010,worker_024,case04,4,20260529,20264929,20264929,new20x20,20x20,shortest_path,400,,not_checked,,,new20x20,new_instances/20x20,new_instances/20x20,0.03,400,1000,1,9000,9001,10000,true,results/batch/fpp_new_instances_scaling_new20x20/splits/new20x20_seed20264929_train400_test1000_case4_train.csv,results/batch/fpp_new_instances_scaling_new20x20/splits/new20x20_seed20264929_train400_test1000_case4_test.csv,MeanCVaR,FPP-Branch-Benders-MeanCVaR-ProjectedCoverageLLBI-exp-RootCuts,FPP-Branch-Benders,,mean-cvar,0.9,0.5,coverage,exp,true,false,true,false,false,true,false,false,heuristic,0.10,eta-asc,true,true,100,100,1e-3,0,100000,1800,0.001,1,results/batch/fpp_new_instances_scaling_new20x20/splits,results/batch/fpp_new_instances_scaling_new20x20/workers/worker_024,results/batch/fpp_new_instances_scaling_new20x20/workers/worker_024/batch_results_worker_024.csv,results/batch/fpp_new_instances_scaling_new20x20/workers/worker_024/json/worker_024_task_010.json,results/batch/fpp_new_instances_scaling_new20x20/workers/worker_024/solutions,new20x20_case04_train400_test1000_alpha0p03_fpp_branch_benders_meancvar_projectedcoveragellbi_exp_rootcuts,run-fpp-branch-benders-oos
worker_024_task_011,worker_024,case04,4,20260529,20264929,20264929,new20x20,20x20,shortest_path,400,,not_checked,,,new20x20,new_instances/20x20,new_instances/20x20,0.03,400,1000,1,9000,9001,10000,true,results/batch/fpp_new_instances_scaling_new20x20/splits/new20x20_seed20264929_train400_test1000_case4_train.csv,results/batch/fpp_new_instances_scaling_new20x20/splits/new20x20_seed20264929_train400_test1000_case4_test.csv,MeanCVaR,FPP-Branch-Benders-MeanCVaR-ProjectedPathLLBI-exp-RootCuts,FPP-Branch-Benders,,mean-cvar,0.9,0.5,path,exp,true,false,true,false,false,false,true,false,heuristic,0.10,eta-asc,true,true,100,100,1e-3,0,100000,1800,0.001,1,results/batch/fpp_new_instances_scaling_new20x20/splits,results/batch/fpp_new_instances_scaling_new20x20/workers/worker_024,results/batch/fpp_new_instances_scaling_new20x20/workers/worker_024/batch_results_worker_024.csv,results/batch/fpp_new_instances_scaling_new20x20/workers/worker_024/json/worker_024_task_011.json,results/batch/fpp_new_instances_scaling_new20x20/workers/worker_024/solutions,new20x20_case04_train400_test1000_alpha0p03_fpp_branch_benders_meancvar_projectedpathllbi_exp_rootcuts,run-fpp-branch-benders-oos
worker_025_task_000,worker_025,case05,5,20260529,20265929,20265929,new20x20,20x20,shortest_path,400,,not_checked,,,new20x20,new_instances/20x20,new_instances/20x20,0.03,400,1000,1,9000,9001,10000,true,results/batch/fpp_new_instances_scaling_new20x20/splits/new20x20_seed20265929_train400_test1000_case5_train.csv,results/batch/fpp_new_instances_scaling_new20x20/splits/new20x20_seed20265929_train400_test1000_case5_test.csv,MeanCVaR,FPP-SAA-MeanCVaR,FPP-SAA,fpp_base,mean-cvar,0.9,0.5,none,none,false,false,false,false,false,false,false,false,heuristic,0.10,eta-asc,true,true,100,100,1e-3,0,100000,1800,0.001,1,results/batch/fpp_new_instances_scaling_new20x20/splits,results/batch/fpp_new_instances_scaling_new20x20/workers/worker_025,results/batch/fpp_new_instances_scaling_new20x20/workers/worker_025/batch_results_worker_025.csv,results/batch/fpp_new_instances_scaling_new20x20/workers/worker_025/json/worker_025_task_000.json,results/batch/fpp_new_instances_scaling_new20x20/workers/worker_025/solutions,new20x20_case05_train400_test1000_alpha0p03_fpp_saa_meancvar,run-fpp-saa-oos
worker_025_task_001,worker_025,case05,5,20260529,20265929,20265929,new20x20,20x20,shortest_path,400,,not_checked,,,new20x20,new_instances/20x20,new_instances/20x20,0.03,400,1000,1,9000,9001,10000,true,results/batch/fpp_new_instances_scaling_new20x20/splits/new20x20_seed20265929_train400_test1000_case5_train.csv,results/batch/fpp_new_instances_scaling_new20x20/splits/new20x20_seed20265929_train400_test1000_case5_test.csv,Expected,FPP-Branch-Benders-LLBI-RootCuts,FPP-Branch-Benders,,expected,0.9,1.0,none,none,true,true,false,false,false,false,false,false,heuristic,0.10,eta-asc,true,true,100,100,1e-3,0,100000,1800,0.001,1,results/batch/fpp_new_instances_scaling_new20x20/splits,results/batch/fpp_new_instances_scaling_new20x20/workers/worker_025,results/batch/fpp_new_instances_scaling_new20x20/workers/worker_025/batch_results_worker_025.csv,results/batch/fpp_new_instances_scaling_new20x20/workers/worker_025/json/worker_025_task_001.json,results/batch/fpp_new_instances_scaling_new20x20/workers/worker_025/solutions,new20x20_case05_train400_test1000_alpha0p03_fpp_branch_benders_llbi_rootcuts,run-fpp-branch-benders-oos
worker_025_task_002,worker_025,case05,5,20260529,20265929,20265929,new20x20,20x20,shortest_path,400,,not_checked,,,new20x20,new_instances/20x20,new_instances/20x20,0.03,400,1000,1,9000,9001,10000,true,results/batch/fpp_new_instances_scaling_new20x20/splits/new20x20_seed20265929_train400_test1000_case5_train.csv,results/batch/fpp_new_instances_scaling_new20x20/splits/new20x20_seed20265929_train400_test1000_case5_test.csv,Expected,FPP-Branch-Benders-ProjectedCoverageLLBI-exp-RootCuts,FPP-Branch-Benders,,expected,0.9,1.0,coverage,exp,true,false,true,false,false,true,false,false,heuristic,0.10,eta-asc,true,true,100,100,1e-3,0,100000,1800,0.001,1,results/batch/fpp_new_instances_scaling_new20x20/splits,results/batch/fpp_new_instances_scaling_new20x20/workers/worker_025,results/batch/fpp_new_instances_scaling_new20x20/workers/worker_025/batch_results_worker_025.csv,results/batch/fpp_new_instances_scaling_new20x20/workers/worker_025/json/worker_025_task_002.json,results/batch/fpp_new_instances_scaling_new20x20/workers/worker_025/solutions,new20x20_case05_train400_test1000_alpha0p03_fpp_branch_benders_projectedcoveragellbi_exp_rootcuts,run-fpp-branch-benders-oos
worker_025_task_003,worker_025,case05,5,20260529,20265929,20265929,new20x20,20x20,shortest_path,400,,not_checked,,,new20x20,new_instances/20x20,new_instances/20x20,0.03,400,1000,1,9000,9001,10000,true,results/batch/fpp_new_instances_scaling_new20x20/splits/new20x20_seed20265929_train400_test1000_case5_train.csv,results/batch/fpp_new_instances_scaling_new20x20/splits/new20x20_seed20265929_train400_test1000_case5_test.csv,Expected,FPP-Branch-Benders-ProjectedPathLLBI-exp-RootCuts,FPP-Branch-Benders,,expected,0.9,1.0,path,exp,true,false,true,false,false,false,true,false,heuristic,0.10,eta-asc,true,true,100,100,1e-3,0,100000,1800,0.001,1,results/batch/fpp_new_instances_scaling_new20x20/splits,results/batch/fpp_new_instances_scaling_new20x20/workers/worker_025,results/batch/fpp_new_instances_scaling_new20x20/workers/worker_025/batch_results_worker_025.csv,results/batch/fpp_new_instances_scaling_new20x20/workers/worker_025/json/worker_025_task_003.json,results/batch/fpp_new_instances_scaling_new20x20/workers/worker_025/solutions,new20x20_case05_train400_test1000_alpha0p03_fpp_branch_benders_projectedpathllbi_exp_rootcuts,run-fpp-branch-benders-oos
worker_025_task_004,worker_025,case05,5,20260529,20265929,20265929,new20x20,20x20,shortest_path,400,,not_checked,,,new20x20,new_instances/20x20,new_instances/20x20,0.03,400,1000,1,9000,9001,10000,true,results/batch/fpp_new_instances_scaling_new20x20/splits/new20x20_seed20265929_train400_test1000_case5_train.csv,results/batch/fpp_new_instances_scaling_new20x20/splits/new20x20_seed20265929_train400_test1000_case5_test.csv,CVaR,FPP-Branch-Benders-CVaR-RootCuts,FPP-Branch-Benders,,cvar,0.9,1.0,none,none,true,false,false,false,false,false,false,false,heuristic,0.10,eta-asc,true,true,100,100,1e-3,0,100000,1800,0.001,1,results/batch/fpp_new_instances_scaling_new20x20/splits,results/batch/fpp_new_instances_scaling_new20x20/workers/worker_025,results/batch/fpp_new_instances_scaling_new20x20/workers/worker_025/batch_results_worker_025.csv,results/batch/fpp_new_instances_scaling_new20x20/workers/worker_025/json/worker_025_task_004.json,results/batch/fpp_new_instances_scaling_new20x20/workers/worker_025/solutions,new20x20_case05_train400_test1000_alpha0p03_fpp_branch_benders_cvar_rootcuts,run-fpp-branch-benders-oos
worker_025_task_005,worker_025,case05,5,20260529,20265929,20265929,new20x20,20x20,shortest_path,400,,not_checked,,,new20x20,new_instances/20x20,new_instances/20x20,0.03,400,1000,1,9000,9001,10000,true,results/batch/fpp_new_instances_scaling_new20x20/splits/new20x20_seed20265929_train400_test1000_case5_train.csv,results/batch/fpp_new_instances_scaling_new20x20/splits/new20x20_seed20265929_train400_test1000_case5_test.csv,CVaR,FPP-Branch-Benders-CVaR-LLBI-RootCuts,FPP-Branch-Benders,,cvar,0.9,1.0,none,none,true,true,false,false,false,false,false,false,heuristic,0.10,eta-asc,true,true,100,100,1e-3,0,100000,1800,0.001,1,results/batch/fpp_new_instances_scaling_new20x20/splits,results/batch/fpp_new_instances_scaling_new20x20/workers/worker_025,results/batch/fpp_new_instances_scaling_new20x20/workers/worker_025/batch_results_worker_025.csv,results/batch/fpp_new_instances_scaling_new20x20/workers/worker_025/json/worker_025_task_005.json,results/batch/fpp_new_instances_scaling_new20x20/workers/worker_025/solutions,new20x20_case05_train400_test1000_alpha0p03_fpp_branch_benders_cvar_llbi_rootcuts,run-fpp-branch-benders-oos
worker_025_task_006,worker_025,case05,5,20260529,20265929,20265929,new20x20,20x20,shortest_path,400,,not_checked,,,new20x20,new_instances/20x20,new_instances/20x20,0.03,400,1000,1,9000,9001,10000,true,results/batch/fpp_new_instances_scaling_new20x20/splits/new20x20_seed20265929_train400_test1000_case5_train.csv,results/batch/fpp_new_instances_scaling_new20x20/splits/new20x20_seed20265929_train400_test1000_case5_test.csv,CVaR,FPP-Branch-Benders-CVaR-ProjectedCoverageLLBI-exp-RootCuts,FPP-Branch-Benders,,cvar,0.9,1.0,coverage,exp,true,false,true,false,false,true,false,false,heuristic,0.10,eta-asc,true,true,100,100,1e-3,0,100000,1800,0.001,1,results/batch/fpp_new_instances_scaling_new20x20/splits,results/batch/fpp_new_instances_scaling_new20x20/workers/worker_025,results/batch/fpp_new_instances_scaling_new20x20/workers/worker_025/batch_results_worker_025.csv,results/batch/fpp_new_instances_scaling_new20x20/workers/worker_025/json/worker_025_task_006.json,results/batch/fpp_new_instances_scaling_new20x20/workers/worker_025/solutions,new20x20_case05_train400_test1000_alpha0p03_fpp_branch_benders_cvar_projectedcoveragellbi_exp_rootcuts,run-fpp-branch-benders-oos
worker_025_task_007,worker_025,case05,5,20260529,20265929,20265929,new20x20,20x20,shortest_path,400,,not_checked,,,new20x20,new_instances/20x20,new_instances/20x20,0.03,400,1000,1,9000,9001,10000,true,results/batch/fpp_new_instances_scaling_new20x20/splits/new20x20_seed20265929_train400_test1000_case5_train.csv,results/batch/fpp_new_instances_scaling_new20x20/splits/new20x20_seed20265929_train400_test1000_case5_test.csv,CVaR,FPP-Branch-Benders-CVaR-ProjectedPathLLBI-exp-RootCuts,FPP-Branch-Benders,,cvar,0.9,1.0,path,exp,true,false,true,false,false,false,true,false,heuristic,0.10,eta-asc,true,true,100,100,1e-3,0,100000,1800,0.001,1,results/batch/fpp_new_instances_scaling_new20x20/splits,results/batch/fpp_new_instances_scaling_new20x20/workers/worker_025,results/batch/fpp_new_instances_scaling_new20x20/workers/worker_025/batch_results_worker_025.csv,results/batch/fpp_new_instances_scaling_new20x20/workers/worker_025/json/worker_025_task_007.json,results/batch/fpp_new_instances_scaling_new20x20/workers/worker_025/solutions,new20x20_case05_train400_test1000_alpha0p03_fpp_branch_benders_cvar_projectedpathllbi_exp_rootcuts,run-fpp-branch-benders-oos
worker_025_task_008,worker_025,case05,5,20260529,20265929,20265929,new20x20,20x20,shortest_path,400,,not_checked,,,new20x20,new_instances/20x20,new_instances/20x20,0.03,400,1000,1,9000,9001,10000,true,results/batch/fpp_new_instances_scaling_new20x20/splits/new20x20_seed20265929_train400_test1000_case5_train.csv,results/batch/fpp_new_instances_scaling_new20x20/splits/new20x20_seed20265929_train400_test1000_case5_test.csv,MeanCVaR,FPP-Branch-Benders-MeanCVaR-RootCuts,FPP-Branch-Benders,,mean-cvar,0.9,0.5,none,none,true,false,false,false,false,false,false,false,heuristic,0.10,eta-asc,true,true,100,100,1e-3,0,100000,1800,0.001,1,results/batch/fpp_new_instances_scaling_new20x20/splits,results/batch/fpp_new_instances_scaling_new20x20/workers/worker_025,results/batch/fpp_new_instances_scaling_new20x20/workers/worker_025/batch_results_worker_025.csv,results/batch/fpp_new_instances_scaling_new20x20/workers/worker_025/json/worker_025_task_008.json,results/batch/fpp_new_instances_scaling_new20x20/workers/worker_025/solutions,new20x20_case05_train400_test1000_alpha0p03_fpp_branch_benders_meancvar_rootcuts,run-fpp-branch-benders-oos
worker_025_task_009,worker_025,case05,5,20260529,20265929,20265929,new20x20,20x20,shortest_path,400,,not_checked,,,new20x20,new_instances/20x20,new_instances/20x20,0.03,400,1000,1,9000,9001,10000,true,results/batch/fpp_new_instances_scaling_new20x20/splits/new20x20_seed20265929_train400_test1000_case5_train.csv,results/batch/fpp_new_instances_scaling_new20x20/splits/new20x20_seed20265929_train400_test1000_case5_test.csv,MeanCVaR,FPP-Branch-Benders-MeanCVaR-LLBI-RootCuts,FPP-Branch-Benders,,mean-cvar,0.9,0.5,none,none,true,true,false,false,false,false,false,false,heuristic,0.10,eta-asc,true,true,100,100,1e-3,0,100000,1800,0.001,1,results/batch/fpp_new_instances_scaling_new20x20/splits,results/batch/fpp_new_instances_scaling_new20x20/workers/worker_025,results/batch/fpp_new_instances_scaling_new20x20/workers/worker_025/batch_results_worker_025.csv,results/batch/fpp_new_instances_scaling_new20x20/workers/worker_025/json/worker_025_task_009.json,results/batch/fpp_new_instances_scaling_new20x20/workers/worker_025/solutions,new20x20_case05_train400_test1000_alpha0p03_fpp_branch_benders_meancvar_llbi_rootcuts,run-fpp-branch-benders-oos
worker_025_task_010,worker_025,case05,5,20260529,20265929,20265929,new20x20,20x20,shortest_path,400,,not_checked,,,new20x20,new_instances/20x20,new_instances/20x20,0.03,400,1000,1,9000,9001,10000,true,results/batch/fpp_new_instances_scaling_new20x20/splits/new20x20_seed20265929_train400_test1000_case5_train.csv,results/batch/fpp_new_instances_scaling_new20x20/splits/new20x20_seed20265929_train400_test1000_case5_test.csv,MeanCVaR,FPP-Branch-Benders-MeanCVaR-ProjectedCoverageLLBI-exp-RootCuts,FPP-Branch-Benders,,mean-cvar,0.9,0.5,coverage,exp,true,false,true,false,false,true,false,false,heuristic,0.10,eta-asc,true,true,100,100,1e-3,0,100000,1800,0.001,1,results/batch/fpp_new_instances_scaling_new20x20/splits,results/batch/fpp_new_instances_scaling_new20x20/workers/worker_025,results/batch/fpp_new_instances_scaling_new20x20/workers/worker_025/batch_results_worker_025.csv,results/batch/fpp_new_instances_scaling_new20x20/workers/worker_025/json/worker_025_task_010.json,results/batch/fpp_new_instances_scaling_new20x20/workers/worker_025/solutions,new20x20_case05_train400_test1000_alpha0p03_fpp_branch_benders_meancvar_projectedcoveragellbi_exp_rootcuts,run-fpp-branch-benders-oos
worker_025_task_011,worker_025,case05,5,20260529,20265929,20265929,new20x20,20x20,shortest_path,400,,not_checked,,,new20x20,new_instances/20x20,new_instances/20x20,0.03,400,1000,1,9000,9001,10000,true,results/batch/fpp_new_instances_scaling_new20x20/splits/new20x20_seed20265929_train400_test1000_case5_train.csv,results/batch/fpp_new_instances_scaling_new20x20/splits/new20x20_seed20265929_train400_test1000_case5_test.csv,MeanCVaR,FPP-Branch-Benders-MeanCVaR-ProjectedPathLLBI-exp-RootCuts,FPP-Branch-Benders,,mean-cvar,0.9,0.5,path,exp,true,false,true,false,false,false,true,false,heuristic,0.10,eta-asc,true,true,100,100,1e-3,0,100000,1800,0.001,1,results/batch/fpp_new_instances_scaling_new20x20/splits,results/batch/fpp_new_instances_scaling_new20x20/workers/worker_025,results/batch/fpp_new_instances_scaling_new20x20/workers/worker_025/batch_results_worker_025.csv,results/batch/fpp_new_instances_scaling_new20x20/workers/worker_025/json/worker_025_task_011.json,results/batch/fpp_new_instances_scaling_new20x20/workers/worker_025/solutions,new20x20_case05_train400_test1000_alpha0p03_fpp_branch_benders_meancvar_projectedpathllbi_exp_rootcuts,run-fpp-branch-benders-oos
worker_026_task_000,worker_026,case06,6,20260529,20266929,20266929,new20x20,20x20,shortest_path,400,,not_checked,,,new20x20,new_instances/20x20,new_instances/20x20,0.03,400,1000,1,9000,9001,10000,true,results/batch/fpp_new_instances_scaling_new20x20/splits/new20x20_seed20266929_train400_test1000_case6_train.csv,results/batch/fpp_new_instances_scaling_new20x20/splits/new20x20_seed20266929_train400_test1000_case6_test.csv,MeanCVaR,FPP-SAA-MeanCVaR,FPP-SAA,fpp_base,mean-cvar,0.9,0.5,none,none,false,false,false,false,false,false,false,false,heuristic,0.10,eta-asc,true,true,100,100,1e-3,0,100000,1800,0.001,1,results/batch/fpp_new_instances_scaling_new20x20/splits,results/batch/fpp_new_instances_scaling_new20x20/workers/worker_026,results/batch/fpp_new_instances_scaling_new20x20/workers/worker_026/batch_results_worker_026.csv,results/batch/fpp_new_instances_scaling_new20x20/workers/worker_026/json/worker_026_task_000.json,results/batch/fpp_new_instances_scaling_new20x20/workers/worker_026/solutions,new20x20_case06_train400_test1000_alpha0p03_fpp_saa_meancvar,run-fpp-saa-oos
worker_026_task_001,worker_026,case06,6,20260529,20266929,20266929,new20x20,20x20,shortest_path,400,,not_checked,,,new20x20,new_instances/20x20,new_instances/20x20,0.03,400,1000,1,9000,9001,10000,true,results/batch/fpp_new_instances_scaling_new20x20/splits/new20x20_seed20266929_train400_test1000_case6_train.csv,results/batch/fpp_new_instances_scaling_new20x20/splits/new20x20_seed20266929_train400_test1000_case6_test.csv,Expected,FPP-Branch-Benders-LLBI-RootCuts,FPP-Branch-Benders,,expected,0.9,1.0,none,none,true,true,false,false,false,false,false,false,heuristic,0.10,eta-asc,true,true,100,100,1e-3,0,100000,1800,0.001,1,results/batch/fpp_new_instances_scaling_new20x20/splits,results/batch/fpp_new_instances_scaling_new20x20/workers/worker_026,results/batch/fpp_new_instances_scaling_new20x20/workers/worker_026/batch_results_worker_026.csv,results/batch/fpp_new_instances_scaling_new20x20/workers/worker_026/json/worker_026_task_001.json,results/batch/fpp_new_instances_scaling_new20x20/workers/worker_026/solutions,new20x20_case06_train400_test1000_alpha0p03_fpp_branch_benders_llbi_rootcuts,run-fpp-branch-benders-oos
worker_026_task_002,worker_026,case06,6,20260529,20266929,20266929,new20x20,20x20,shortest_path,400,,not_checked,,,new20x20,new_instances/20x20,new_instances/20x20,0.03,400,1000,1,9000,9001,10000,true,results/batch/fpp_new_instances_scaling_new20x20/splits/new20x20_seed20266929_train400_test1000_case6_train.csv,results/batch/fpp_new_instances_scaling_new20x20/splits/new20x20_seed20266929_train400_test1000_case6_test.csv,Expected,FPP-Branch-Benders-ProjectedCoverageLLBI-exp-RootCuts,FPP-Branch-Benders,,expected,0.9,1.0,coverage,exp,true,false,true,false,false,true,false,false,heuristic,0.10,eta-asc,true,true,100,100,1e-3,0,100000,1800,0.001,1,results/batch/fpp_new_instances_scaling_new20x20/splits,results/batch/fpp_new_instances_scaling_new20x20/workers/worker_026,results/batch/fpp_new_instances_scaling_new20x20/workers/worker_026/batch_results_worker_026.csv,results/batch/fpp_new_instances_scaling_new20x20/workers/worker_026/json/worker_026_task_002.json,results/batch/fpp_new_instances_scaling_new20x20/workers/worker_026/solutions,new20x20_case06_train400_test1000_alpha0p03_fpp_branch_benders_projectedcoveragellbi_exp_rootcuts,run-fpp-branch-benders-oos
worker_026_task_003,worker_026,case06,6,20260529,20266929,20266929,new20x20,20x20,shortest_path,400,,not_checked,,,new20x20,new_instances/20x20,new_instances/20x20,0.03,400,1000,1,9000,9001,10000,true,results/batch/fpp_new_instances_scaling_new20x20/splits/new20x20_seed20266929_train400_test1000_case6_train.csv,results/batch/fpp_new_instances_scaling_new20x20/splits/new20x20_seed20266929_train400_test1000_case6_test.csv,Expected,FPP-Branch-Benders-ProjectedPathLLBI-exp-RootCuts,FPP-Branch-Benders,,expected,0.9,1.0,path,exp,true,false,true,false,false,false,true,false,heuristic,0.10,eta-asc,true,true,100,100,1e-3,0,100000,1800,0.001,1,results/batch/fpp_new_instances_scaling_new20x20/splits,results/batch/fpp_new_instances_scaling_new20x20/workers/worker_026,results/batch/fpp_new_instances_scaling_new20x20/workers/worker_026/batch_results_worker_026.csv,results/batch/fpp_new_instances_scaling_new20x20/workers/worker_026/json/worker_026_task_003.json,results/batch/fpp_new_instances_scaling_new20x20/workers/worker_026/solutions,new20x20_case06_train400_test1000_alpha0p03_fpp_branch_benders_projectedpathllbi_exp_rootcuts,run-fpp-branch-benders-oos
worker_026_task_004,worker_026,case06,6,20260529,20266929,20266929,new20x20,20x20,shortest_path,400,,not_checked,,,new20x20,new_instances/20x20,new_instances/20x20,0.03,400,1000,1,9000,9001,10000,true,results/batch/fpp_new_instances_scaling_new20x20/splits/new20x20_seed20266929_train400_test1000_case6_train.csv,results/batch/fpp_new_instances_scaling_new20x20/splits/new20x20_seed20266929_train400_test1000_case6_test.csv,CVaR,FPP-Branch-Benders-CVaR-RootCuts,FPP-Branch-Benders,,cvar,0.9,1.0,none,none,true,false,false,false,false,false,false,false,heuristic,0.10,eta-asc,true,true,100,100,1e-3,0,100000,1800,0.001,1,results/batch/fpp_new_instances_scaling_new20x20/splits,results/batch/fpp_new_instances_scaling_new20x20/workers/worker_026,results/batch/fpp_new_instances_scaling_new20x20/workers/worker_026/batch_results_worker_026.csv,results/batch/fpp_new_instances_scaling_new20x20/workers/worker_026/json/worker_026_task_004.json,results/batch/fpp_new_instances_scaling_new20x20/workers/worker_026/solutions,new20x20_case06_train400_test1000_alpha0p03_fpp_branch_benders_cvar_rootcuts,run-fpp-branch-benders-oos
worker_026_task_005,worker_026,case06,6,20260529,20266929,20266929,new20x20,20x20,shortest_path,400,,not_checked,,,new20x20,new_instances/20x20,new_instances/20x20,0.03,400,1000,1,9000,9001,10000,true,results/batch/fpp_new_instances_scaling_new20x20/splits/new20x20_seed20266929_train400_test1000_case6_train.csv,results/batch/fpp_new_instances_scaling_new20x20/splits/new20x20_seed20266929_train400_test1000_case6_test.csv,CVaR,FPP-Branch-Benders-CVaR-LLBI-RootCuts,FPP-Branch-Benders,,cvar,0.9,1.0,none,none,true,true,false,false,false,false,false,false,heuristic,0.10,eta-asc,true,true,100,100,1e-3,0,100000,1800,0.001,1,results/batch/fpp_new_instances_scaling_new20x20/splits,results/batch/fpp_new_instances_scaling_new20x20/workers/worker_026,results/batch/fpp_new_instances_scaling_new20x20/workers/worker_026/batch_results_worker_026.csv,results/batch/fpp_new_instances_scaling_new20x20/workers/worker_026/json/worker_026_task_005.json,results/batch/fpp_new_instances_scaling_new20x20/workers/worker_026/solutions,new20x20_case06_train400_test1000_alpha0p03_fpp_branch_benders_cvar_llbi_rootcuts,run-fpp-branch-benders-oos
worker_026_task_006,worker_026,case06,6,20260529,20266929,20266929,new20x20,20x20,shortest_path,400,,not_checked,,,new20x20,new_instances/20x20,new_instances/20x20,0.03,400,1000,1,9000,9001,10000,true,results/batch/fpp_new_instances_scaling_new20x20/splits/new20x20_seed20266929_train400_test1000_case6_train.csv,results/batch/fpp_new_instances_scaling_new20x20/splits/new20x20_seed20266929_train400_test1000_case6_test.csv,CVaR,FPP-Branch-Benders-CVaR-ProjectedCoverageLLBI-exp-RootCuts,FPP-Branch-Benders,,cvar,0.9,1.0,coverage,exp,true,false,true,false,false,true,false,false,heuristic,0.10,eta-asc,true,true,100,100,1e-3,0,100000,1800,0.001,1,results/batch/fpp_new_instances_scaling_new20x20/splits,results/batch/fpp_new_instances_scaling_new20x20/workers/worker_026,results/batch/fpp_new_instances_scaling_new20x20/workers/worker_026/batch_results_worker_026.csv,results/batch/fpp_new_instances_scaling_new20x20/workers/worker_026/json/worker_026_task_006.json,results/batch/fpp_new_instances_scaling_new20x20/workers/worker_026/solutions,new20x20_case06_train400_test1000_alpha0p03_fpp_branch_benders_cvar_projectedcoveragellbi_exp_rootcuts,run-fpp-branch-benders-oos
worker_026_task_007,worker_026,case06,6,20260529,20266929,20266929,new20x20,20x20,shortest_path,400,,not_checked,,,new20x20,new_instances/20x20,new_instances/20x20,0.03,400,1000,1,9000,9001,10000,true,results/batch/fpp_new_instances_scaling_new20x20/splits/new20x20_seed20266929_train400_test1000_case6_train.csv,results/batch/fpp_new_instances_scaling_new20x20/splits/new20x20_seed20266929_train400_test1000_case6_test.csv,CVaR,FPP-Branch-Benders-CVaR-ProjectedPathLLBI-exp-RootCuts,FPP-Branch-Benders,,cvar,0.9,1.0,path,exp,true,false,true,false,false,false,true,false,heuristic,0.10,eta-asc,true,true,100,100,1e-3,0,100000,1800,0.001,1,results/batch/fpp_new_instances_scaling_new20x20/splits,results/batch/fpp_new_instances_scaling_new20x20/workers/worker_026,results/batch/fpp_new_instances_scaling_new20x20/workers/worker_026/batch_results_worker_026.csv,results/batch/fpp_new_instances_scaling_new20x20/workers/worker_026/json/worker_026_task_007.json,results/batch/fpp_new_instances_scaling_new20x20/workers/worker_026/solutions,new20x20_case06_train400_test1000_alpha0p03_fpp_branch_benders_cvar_projectedpathllbi_exp_rootcuts,run-fpp-branch-benders-oos
worker_026_task_008,worker_026,case06,6,20260529,20266929,20266929,new20x20,20x20,shortest_path,400,,not_checked,,,new20x20,new_instances/20x20,new_instances/20x20,0.03,400,1000,1,9000,9001,10000,true,results/batch/fpp_new_instances_scaling_new20x20/splits/new20x20_seed20266929_train400_test1000_case6_train.csv,results/batch/fpp_new_instances_scaling_new20x20/splits/new20x20_seed20266929_train400_test1000_case6_test.csv,MeanCVaR,FPP-Branch-Benders-MeanCVaR-RootCuts,FPP-Branch-Benders,,mean-cvar,0.9,0.5,none,none,true,false,false,false,false,false,false,false,heuristic,0.10,eta-asc,true,true,100,100,1e-3,0,100000,1800,0.001,1,results/batch/fpp_new_instances_scaling_new20x20/splits,results/batch/fpp_new_instances_scaling_new20x20/workers/worker_026,results/batch/fpp_new_instances_scaling_new20x20/workers/worker_026/batch_results_worker_026.csv,results/batch/fpp_new_instances_scaling_new20x20/workers/worker_026/json/worker_026_task_008.json,results/batch/fpp_new_instances_scaling_new20x20/workers/worker_026/solutions,new20x20_case06_train400_test1000_alpha0p03_fpp_branch_benders_meancvar_rootcuts,run-fpp-branch-benders-oos
worker_026_task_009,worker_026,case06,6,20260529,20266929,20266929,new20x20,20x20,shortest_path,400,,not_checked,,,new20x20,new_instances/20x20,new_instances/20x20,0.03,400,1000,1,9000,9001,10000,true,results/batch/fpp_new_instances_scaling_new20x20/splits/new20x20_seed20266929_train400_test1000_case6_train.csv,results/batch/fpp_new_instances_scaling_new20x20/splits/new20x20_seed20266929_train400_test1000_case6_test.csv,MeanCVaR,FPP-Branch-Benders-MeanCVaR-LLBI-RootCuts,FPP-Branch-Benders,,mean-cvar,0.9,0.5,none,none,true,true,false,false,false,false,false,false,heuristic,0.10,eta-asc,true,true,100,100,1e-3,0,100000,1800,0.001,1,results/batch/fpp_new_instances_scaling_new20x20/splits,results/batch/fpp_new_instances_scaling_new20x20/workers/worker_026,results/batch/fpp_new_instances_scaling_new20x20/workers/worker_026/batch_results_worker_026.csv,results/batch/fpp_new_instances_scaling_new20x20/workers/worker_026/json/worker_026_task_009.json,results/batch/fpp_new_instances_scaling_new20x20/workers/worker_026/solutions,new20x20_case06_train400_test1000_alpha0p03_fpp_branch_benders_meancvar_llbi_rootcuts,run-fpp-branch-benders-oos
worker_026_task_010,worker_026,case06,6,20260529,20266929,20266929,new20x20,20x20,shortest_path,400,,not_checked,,,new20x20,new_instances/20x20,new_instances/20x20,0.03,400,1000,1,9000,9001,10000,true,results/batch/fpp_new_instances_scaling_new20x20/splits/new20x20_seed20266929_train400_test1000_case6_train.csv,results/batch/fpp_new_instances_scaling_new20x20/splits/new20x20_seed20266929_train400_test1000_case6_test.csv,MeanCVaR,FPP-Branch-Benders-MeanCVaR-ProjectedCoverageLLBI-exp-RootCuts,FPP-Branch-Benders,,mean-cvar,0.9,0.5,coverage,exp,true,false,true,false,false,true,false,false,heuristic,0.10,eta-asc,true,true,100,100,1e-3,0,100000,1800,0.001,1,results/batch/fpp_new_instances_scaling_new20x20/splits,results/batch/fpp_new_instances_scaling_new20x20/workers/worker_026,results/batch/fpp_new_instances_scaling_new20x20/workers/worker_026/batch_results_worker_026.csv,results/batch/fpp_new_instances_scaling_new20x20/workers/worker_026/json/worker_026_task_010.json,results/batch/fpp_new_instances_scaling_new20x20/workers/worker_026/solutions,new20x20_case06_train400_test1000_alpha0p03_fpp_branch_benders_meancvar_projectedcoveragellbi_exp_rootcuts,run-fpp-branch-benders-oos
worker_026_task_011,worker_026,case06,6,20260529,20266929,20266929,new20x20,20x20,shortest_path,400,,not_checked,,,new20x20,new_instances/20x20,new_instances/20x20,0.03,400,1000,1,9000,9001,10000,true,results/batch/fpp_new_instances_scaling_new20x20/splits/new20x20_seed20266929_train400_test1000_case6_train.csv,results/batch/fpp_new_instances_scaling_new20x20/splits/new20x20_seed20266929_train400_test1000_case6_test.csv,MeanCVaR,FPP-Branch-Benders-MeanCVaR-ProjectedPathLLBI-exp-RootCuts,FPP-Branch-Benders,,mean-cvar,0.9,0.5,path,exp,true,false,true,false,false,false,true,false,heuristic,0.10,eta-asc,true,true,100,100,1e-3,0,100000,1800,0.001,1,results/batch/fpp_new_instances_scaling_new20x20/splits,results/batch/fpp_new_instances_scaling_new20x20/workers/worker_026,results/batch/fpp_new_instances_scaling_new20x20/workers/worker_026/batch_results_worker_026.csv,results/batch/fpp_new_instances_scaling_new20x20/workers/worker_026/json/worker_026_task_011.json,results/batch/fpp_new_instances_scaling_new20x20/workers/worker_026/solutions,new20x20_case06_train400_test1000_alpha0p03_fpp_branch_benders_meancvar_projectedpathllbi_exp_rootcuts,run-fpp-branch-benders-oos
worker_027_task_000,worker_027,case07,7,20260529,20267929,20267929,new20x20,20x20,shortest_path,400,,not_checked,,,new20x20,new_instances/20x20,new_instances/20x20,0.03,400,1000,1,9000,9001,10000,true,results/batch/fpp_new_instances_scaling_new20x20/splits/new20x20_seed20267929_train400_test1000_case7_train.csv,results/batch/fpp_new_instances_scaling_new20x20/splits/new20x20_seed20267929_train400_test1000_case7_test.csv,MeanCVaR,FPP-SAA-MeanCVaR,FPP-SAA,fpp_base,mean-cvar,0.9,0.5,none,none,false,false,false,false,false,false,false,false,heuristic,0.10,eta-asc,true,true,100,100,1e-3,0,100000,1800,0.001,1,results/batch/fpp_new_instances_scaling_new20x20/splits,results/batch/fpp_new_instances_scaling_new20x20/workers/worker_027,results/batch/fpp_new_instances_scaling_new20x20/workers/worker_027/batch_results_worker_027.csv,results/batch/fpp_new_instances_scaling_new20x20/workers/worker_027/json/worker_027_task_000.json,results/batch/fpp_new_instances_scaling_new20x20/workers/worker_027/solutions,new20x20_case07_train400_test1000_alpha0p03_fpp_saa_meancvar,run-fpp-saa-oos
worker_027_task_001,worker_027,case07,7,20260529,20267929,20267929,new20x20,20x20,shortest_path,400,,not_checked,,,new20x20,new_instances/20x20,new_instances/20x20,0.03,400,1000,1,9000,9001,10000,true,results/batch/fpp_new_instances_scaling_new20x20/splits/new20x20_seed20267929_train400_test1000_case7_train.csv,results/batch/fpp_new_instances_scaling_new20x20/splits/new20x20_seed20267929_train400_test1000_case7_test.csv,Expected,FPP-Branch-Benders-LLBI-RootCuts,FPP-Branch-Benders,,expected,0.9,1.0,none,none,true,true,false,false,false,false,false,false,heuristic,0.10,eta-asc,true,true,100,100,1e-3,0,100000,1800,0.001,1,results/batch/fpp_new_instances_scaling_new20x20/splits,results/batch/fpp_new_instances_scaling_new20x20/workers/worker_027,results/batch/fpp_new_instances_scaling_new20x20/workers/worker_027/batch_results_worker_027.csv,results/batch/fpp_new_instances_scaling_new20x20/workers/worker_027/json/worker_027_task_001.json,results/batch/fpp_new_instances_scaling_new20x20/workers/worker_027/solutions,new20x20_case07_train400_test1000_alpha0p03_fpp_branch_benders_llbi_rootcuts,run-fpp-branch-benders-oos
worker_027_task_002,worker_027,case07,7,20260529,20267929,20267929,new20x20,20x20,shortest_path,400,,not_checked,,,new20x20,new_instances/20x20,new_instances/20x20,0.03,400,1000,1,9000,9001,10000,true,results/batch/fpp_new_instances_scaling_new20x20/splits/new20x20_seed20267929_train400_test1000_case7_train.csv,results/batch/fpp_new_instances_scaling_new20x20/splits/new20x20_seed20267929_train400_test1000_case7_test.csv,Expected,FPP-Branch-Benders-ProjectedCoverageLLBI-exp-RootCuts,FPP-Branch-Benders,,expected,0.9,1.0,coverage,exp,true,false,true,false,false,true,false,false,heuristic,0.10,eta-asc,true,true,100,100,1e-3,0,100000,1800,0.001,1,results/batch/fpp_new_instances_scaling_new20x20/splits,results/batch/fpp_new_instances_scaling_new20x20/workers/worker_027,results/batch/fpp_new_instances_scaling_new20x20/workers/worker_027/batch_results_worker_027.csv,results/batch/fpp_new_instances_scaling_new20x20/workers/worker_027/json/worker_027_task_002.json,results/batch/fpp_new_instances_scaling_new20x20/workers/worker_027/solutions,new20x20_case07_train400_test1000_alpha0p03_fpp_branch_benders_projectedcoveragellbi_exp_rootcuts,run-fpp-branch-benders-oos
worker_027_task_003,worker_027,case07,7,20260529,20267929,20267929,new20x20,20x20,shortest_path,400,,not_checked,,,new20x20,new_instances/20x20,new_instances/20x20,0.03,400,1000,1,9000,9001,10000,true,results/batch/fpp_new_instances_scaling_new20x20/splits/new20x20_seed20267929_train400_test1000_case7_train.csv,results/batch/fpp_new_instances_scaling_new20x20/splits/new20x20_seed20267929_train400_test1000_case7_test.csv,Expected,FPP-Branch-Benders-ProjectedPathLLBI-exp-RootCuts,FPP-Branch-Benders,,expected,0.9,1.0,path,exp,true,false,true,false,false,false,true,false,heuristic,0.10,eta-asc,true,true,100,100,1e-3,0,100000,1800,0.001,1,results/batch/fpp_new_instances_scaling_new20x20/splits,results/batch/fpp_new_instances_scaling_new20x20/workers/worker_027,results/batch/fpp_new_instances_scaling_new20x20/workers/worker_027/batch_results_worker_027.csv,results/batch/fpp_new_instances_scaling_new20x20/workers/worker_027/json/worker_027_task_003.json,results/batch/fpp_new_instances_scaling_new20x20/workers/worker_027/solutions,new20x20_case07_train400_test1000_alpha0p03_fpp_branch_benders_projectedpathllbi_exp_rootcuts,run-fpp-branch-benders-oos
worker_027_task_004,worker_027,case07,7,20260529,20267929,20267929,new20x20,20x20,shortest_path,400,,not_checked,,,new20x20,new_instances/20x20,new_instances/20x20,0.03,400,1000,1,9000,9001,10000,true,results/batch/fpp_new_instances_scaling_new20x20/splits/new20x20_seed20267929_train400_test1000_case7_train.csv,results/batch/fpp_new_instances_scaling_new20x20/splits/new20x20_seed20267929_train400_test1000_case7_test.csv,CVaR,FPP-Branch-Benders-CVaR-RootCuts,FPP-Branch-Benders,,cvar,0.9,1.0,none,none,true,false,false,false,false,false,false,false,heuristic,0.10,eta-asc,true,true,100,100,1e-3,0,100000,1800,0.001,1,results/batch/fpp_new_instances_scaling_new20x20/splits,results/batch/fpp_new_instances_scaling_new20x20/workers/worker_027,results/batch/fpp_new_instances_scaling_new20x20/workers/worker_027/batch_results_worker_027.csv,results/batch/fpp_new_instances_scaling_new20x20/workers/worker_027/json/worker_027_task_004.json,results/batch/fpp_new_instances_scaling_new20x20/workers/worker_027/solutions,new20x20_case07_train400_test1000_alpha0p03_fpp_branch_benders_cvar_rootcuts,run-fpp-branch-benders-oos
worker_027_task_005,worker_027,case07,7,20260529,20267929,20267929,new20x20,20x20,shortest_path,400,,not_checked,,,new20x20,new_instances/20x20,new_instances/20x20,0.03,400,1000,1,9000,9001,10000,true,results/batch/fpp_new_instances_scaling_new20x20/splits/new20x20_seed20267929_train400_test1000_case7_train.csv,results/batch/fpp_new_instances_scaling_new20x20/splits/new20x20_seed20267929_train400_test1000_case7_test.csv,CVaR,FPP-Branch-Benders-CVaR-LLBI-RootCuts,FPP-Branch-Benders,,cvar,0.9,1.0,none,none,true,true,false,false,false,false,false,false,heuristic,0.10,eta-asc,true,true,100,100,1e-3,0,100000,1800,0.001,1,results/batch/fpp_new_instances_scaling_new20x20/splits,results/batch/fpp_new_instances_scaling_new20x20/workers/worker_027,results/batch/fpp_new_instances_scaling_new20x20/workers/worker_027/batch_results_worker_027.csv,results/batch/fpp_new_instances_scaling_new20x20/workers/worker_027/json/worker_027_task_005.json,results/batch/fpp_new_instances_scaling_new20x20/workers/worker_027/solutions,new20x20_case07_train400_test1000_alpha0p03_fpp_branch_benders_cvar_llbi_rootcuts,run-fpp-branch-benders-oos
worker_027_task_006,worker_027,case07,7,20260529,20267929,20267929,new20x20,20x20,shortest_path,400,,not_checked,,,new20x20,new_instances/20x20,new_instances/20x20,0.03,400,1000,1,9000,9001,10000,true,results/batch/fpp_new_instances_scaling_new20x20/splits/new20x20_seed20267929_train400_test1000_case7_train.csv,results/batch/fpp_new_instances_scaling_new20x20/splits/new20x20_seed20267929_train400_test1000_case7_test.csv,CVaR,FPP-Branch-Benders-CVaR-ProjectedCoverageLLBI-exp-RootCuts,FPP-Branch-Benders,,cvar,0.9,1.0,coverage,exp,true,false,true,false,false,true,false,false,heuristic,0.10,eta-asc,true,true,100,100,1e-3,0,100000,1800,0.001,1,results/batch/fpp_new_instances_scaling_new20x20/splits,results/batch/fpp_new_instances_scaling_new20x20/workers/worker_027,results/batch/fpp_new_instances_scaling_new20x20/workers/worker_027/batch_results_worker_027.csv,results/batch/fpp_new_instances_scaling_new20x20/workers/worker_027/json/worker_027_task_006.json,results/batch/fpp_new_instances_scaling_new20x20/workers/worker_027/solutions,new20x20_case07_train400_test1000_alpha0p03_fpp_branch_benders_cvar_projectedcoveragellbi_exp_rootcuts,run-fpp-branch-benders-oos
worker_027_task_007,worker_027,case07,7,20260529,20267929,20267929,new20x20,20x20,shortest_path,400,,not_checked,,,new20x20,new_instances/20x20,new_instances/20x20,0.03,400,1000,1,9000,9001,10000,true,results/batch/fpp_new_instances_scaling_new20x20/splits/new20x20_seed20267929_train400_test1000_case7_train.csv,results/batch/fpp_new_instances_scaling_new20x20/splits/new20x20_seed20267929_train400_test1000_case7_test.csv,CVaR,FPP-Branch-Benders-CVaR-ProjectedPathLLBI-exp-RootCuts,FPP-Branch-Benders,,cvar,0.9,1.0,path,exp,true,false,true,false,false,false,true,false,heuristic,0.10,eta-asc,true,true,100,100,1e-3,0,100000,1800,0.001,1,results/batch/fpp_new_instances_scaling_new20x20/splits,results/batch/fpp_new_instances_scaling_new20x20/workers/worker_027,results/batch/fpp_new_instances_scaling_new20x20/workers/worker_027/batch_results_worker_027.csv,results/batch/fpp_new_instances_scaling_new20x20/workers/worker_027/json/worker_027_task_007.json,results/batch/fpp_new_instances_scaling_new20x20/workers/worker_027/solutions,new20x20_case07_train400_test1000_alpha0p03_fpp_branch_benders_cvar_projectedpathllbi_exp_rootcuts,run-fpp-branch-benders-oos
worker_027_task_008,worker_027,case07,7,20260529,20267929,20267929,new20x20,20x20,shortest_path,400,,not_checked,,,new20x20,new_instances/20x20,new_instances/20x20,0.03,400,1000,1,9000,9001,10000,true,results/batch/fpp_new_instances_scaling_new20x20/splits/new20x20_seed20267929_train400_test1000_case7_train.csv,results/batch/fpp_new_instances_scaling_new20x20/splits/new20x20_seed20267929_train400_test1000_case7_test.csv,MeanCVaR,FPP-Branch-Benders-MeanCVaR-RootCuts,FPP-Branch-Benders,,mean-cvar,0.9,0.5,none,none,true,false,false,false,false,false,false,false,heuristic,0.10,eta-asc,true,true,100,100,1e-3,0,100000,1800,0.001,1,results/batch/fpp_new_instances_scaling_new20x20/splits,results/batch/fpp_new_instances_scaling_new20x20/workers/worker_027,results/batch/fpp_new_instances_scaling_new20x20/workers/worker_027/batch_results_worker_027.csv,results/batch/fpp_new_instances_scaling_new20x20/workers/worker_027/json/worker_027_task_008.json,results/batch/fpp_new_instances_scaling_new20x20/workers/worker_027/solutions,new20x20_case07_train400_test1000_alpha0p03_fpp_branch_benders_meancvar_rootcuts,run-fpp-branch-benders-oos
worker_027_task_009,worker_027,case07,7,20260529,20267929,20267929,new20x20,20x20,shortest_path,400,,not_checked,,,new20x20,new_instances/20x20,new_instances/20x20,0.03,400,1000,1,9000,9001,10000,true,results/batch/fpp_new_instances_scaling_new20x20/splits/new20x20_seed20267929_train400_test1000_case7_train.csv,results/batch/fpp_new_instances_scaling_new20x20/splits/new20x20_seed20267929_train400_test1000_case7_test.csv,MeanCVaR,FPP-Branch-Benders-MeanCVaR-LLBI-RootCuts,FPP-Branch-Benders,,mean-cvar,0.9,0.5,none,none,true,true,false,false,false,false,false,false,heuristic,0.10,eta-asc,true,true,100,100,1e-3,0,100000,1800,0.001,1,results/batch/fpp_new_instances_scaling_new20x20/splits,results/batch/fpp_new_instances_scaling_new20x20/workers/worker_027,results/batch/fpp_new_instances_scaling_new20x20/workers/worker_027/batch_results_worker_027.csv,results/batch/fpp_new_instances_scaling_new20x20/workers/worker_027/json/worker_027_task_009.json,results/batch/fpp_new_instances_scaling_new20x20/workers/worker_027/solutions,new20x20_case07_train400_test1000_alpha0p03_fpp_branch_benders_meancvar_llbi_rootcuts,run-fpp-branch-benders-oos
worker_027_task_010,worker_027,case07,7,20260529,20267929,20267929,new20x20,20x20,shortest_path,400,,not_checked,,,new20x20,new_instances/20x20,new_instances/20x20,0.03,400,1000,1,9000,9001,10000,true,results/batch/fpp_new_instances_scaling_new20x20/splits/new20x20_seed20267929_train400_test1000_case7_train.csv,results/batch/fpp_new_instances_scaling_new20x20/splits/new20x20_seed20267929_train400_test1000_case7_test.csv,MeanCVaR,FPP-Branch-Benders-MeanCVaR-ProjectedCoverageLLBI-exp-RootCuts,FPP-Branch-Benders,,mean-cvar,0.9,0.5,coverage,exp,true,false,true,false,false,true,false,false,heuristic,0.10,eta-asc,true,true,100,100,1e-3,0,100000,1800,0.001,1,results/batch/fpp_new_instances_scaling_new20x20/splits,results/batch/fpp_new_instances_scaling_new20x20/workers/worker_027,results/batch/fpp_new_instances_scaling_new20x20/workers/worker_027/batch_results_worker_027.csv,results/batch/fpp_new_instances_scaling_new20x20/workers/worker_027/json/worker_027_task_010.json,results/batch/fpp_new_instances_scaling_new20x20/workers/worker_027/solutions,new20x20_case07_train400_test1000_alpha0p03_fpp_branch_benders_meancvar_projectedcoveragellbi_exp_rootcuts,run-fpp-branch-benders-oos
worker_027_task_011,worker_027,case07,7,20260529,20267929,20267929,new20x20,20x20,shortest_path,400,,not_checked,,,new20x20,new_instances/20x20,new_instances/20x20,0.03,400,1000,1,9000,9001,10000,true,results/batch/fpp_new_instances_scaling_new20x20/splits/new20x20_seed20267929_train400_test1000_case7_train.csv,results/batch/fpp_new_instances_scaling_new20x20/splits/new20x20_seed20267929_train400_test1000_case7_test.csv,MeanCVaR,FPP-Branch-Benders-MeanCVaR-ProjectedPathLLBI-exp-RootCuts,FPP-Branch-Benders,,mean-cvar,0.9,0.5,path,exp,true,false,true,false,false,false,true,false,heuristic,0.10,eta-asc,true,true,100,100,1e-3,0,100000,1800,0.001,1,results/batch/fpp_new_instances_scaling_new20x20/splits,results/batch/fpp_new_instances_scaling_new20x20/workers/worker_027,results/batch/fpp_new_instances_scaling_new20x20/workers/worker_027/batch_results_worker_027.csv,results/batch/fpp_new_instances_scaling_new20x20/workers/worker_027/json/worker_027_task_011.json,results/batch/fpp_new_instances_scaling_new20x20/workers/worker_027/solutions,new20x20_case07_train400_test1000_alpha0p03_fpp_branch_benders_meancvar_projectedpathllbi_exp_rootcuts,run-fpp-branch-benders-oos
worker_028_task_000,worker_028,case08,8,20260529,20268929,20268929,new20x20,20x20,shortest_path,400,,not_checked,,,new20x20,new_instances/20x20,new_instances/20x20,0.03,400,1000,1,9000,9001,10000,true,results/batch/fpp_new_instances_scaling_new20x20/splits/new20x20_seed20268929_train400_test1000_case8_train.csv,results/batch/fpp_new_instances_scaling_new20x20/splits/new20x20_seed20268929_train400_test1000_case8_test.csv,MeanCVaR,FPP-SAA-MeanCVaR,FPP-SAA,fpp_base,mean-cvar,0.9,0.5,none,none,false,false,false,false,false,false,false,false,heuristic,0.10,eta-asc,true,true,100,100,1e-3,0,100000,1800,0.001,1,results/batch/fpp_new_instances_scaling_new20x20/splits,results/batch/fpp_new_instances_scaling_new20x20/workers/worker_028,results/batch/fpp_new_instances_scaling_new20x20/workers/worker_028/batch_results_worker_028.csv,results/batch/fpp_new_instances_scaling_new20x20/workers/worker_028/json/worker_028_task_000.json,results/batch/fpp_new_instances_scaling_new20x20/workers/worker_028/solutions,new20x20_case08_train400_test1000_alpha0p03_fpp_saa_meancvar,run-fpp-saa-oos
worker_028_task_001,worker_028,case08,8,20260529,20268929,20268929,new20x20,20x20,shortest_path,400,,not_checked,,,new20x20,new_instances/20x20,new_instances/20x20,0.03,400,1000,1,9000,9001,10000,true,results/batch/fpp_new_instances_scaling_new20x20/splits/new20x20_seed20268929_train400_test1000_case8_train.csv,results/batch/fpp_new_instances_scaling_new20x20/splits/new20x20_seed20268929_train400_test1000_case8_test.csv,Expected,FPP-Branch-Benders-LLBI-RootCuts,FPP-Branch-Benders,,expected,0.9,1.0,none,none,true,true,false,false,false,false,false,false,heuristic,0.10,eta-asc,true,true,100,100,1e-3,0,100000,1800,0.001,1,results/batch/fpp_new_instances_scaling_new20x20/splits,results/batch/fpp_new_instances_scaling_new20x20/workers/worker_028,results/batch/fpp_new_instances_scaling_new20x20/workers/worker_028/batch_results_worker_028.csv,results/batch/fpp_new_instances_scaling_new20x20/workers/worker_028/json/worker_028_task_001.json,results/batch/fpp_new_instances_scaling_new20x20/workers/worker_028/solutions,new20x20_case08_train400_test1000_alpha0p03_fpp_branch_benders_llbi_rootcuts,run-fpp-branch-benders-oos
worker_028_task_002,worker_028,case08,8,20260529,20268929,20268929,new20x20,20x20,shortest_path,400,,not_checked,,,new20x20,new_instances/20x20,new_instances/20x20,0.03,400,1000,1,9000,9001,10000,true,results/batch/fpp_new_instances_scaling_new20x20/splits/new20x20_seed20268929_train400_test1000_case8_train.csv,results/batch/fpp_new_instances_scaling_new20x20/splits/new20x20_seed20268929_train400_test1000_case8_test.csv,Expected,FPP-Branch-Benders-ProjectedCoverageLLBI-exp-RootCuts,FPP-Branch-Benders,,expected,0.9,1.0,coverage,exp,true,false,true,false,false,true,false,false,heuristic,0.10,eta-asc,true,true,100,100,1e-3,0,100000,1800,0.001,1,results/batch/fpp_new_instances_scaling_new20x20/splits,results/batch/fpp_new_instances_scaling_new20x20/workers/worker_028,results/batch/fpp_new_instances_scaling_new20x20/workers/worker_028/batch_results_worker_028.csv,results/batch/fpp_new_instances_scaling_new20x20/workers/worker_028/json/worker_028_task_002.json,results/batch/fpp_new_instances_scaling_new20x20/workers/worker_028/solutions,new20x20_case08_train400_test1000_alpha0p03_fpp_branch_benders_projectedcoveragellbi_exp_rootcuts,run-fpp-branch-benders-oos
worker_028_task_003,worker_028,case08,8,20260529,20268929,20268929,new20x20,20x20,shortest_path,400,,not_checked,,,new20x20,new_instances/20x20,new_instances/20x20,0.03,400,1000,1,9000,9001,10000,true,results/batch/fpp_new_instances_scaling_new20x20/splits/new20x20_seed20268929_train400_test1000_case8_train.csv,results/batch/fpp_new_instances_scaling_new20x20/splits/new20x20_seed20268929_train400_test1000_case8_test.csv,Expected,FPP-Branch-Benders-ProjectedPathLLBI-exp-RootCuts,FPP-Branch-Benders,,expected,0.9,1.0,path,exp,true,false,true,false,false,false,true,false,heuristic,0.10,eta-asc,true,true,100,100,1e-3,0,100000,1800,0.001,1,results/batch/fpp_new_instances_scaling_new20x20/splits,results/batch/fpp_new_instances_scaling_new20x20/workers/worker_028,results/batch/fpp_new_instances_scaling_new20x20/workers/worker_028/batch_results_worker_028.csv,results/batch/fpp_new_instances_scaling_new20x20/workers/worker_028/json/worker_028_task_003.json,results/batch/fpp_new_instances_scaling_new20x20/workers/worker_028/solutions,new20x20_case08_train400_test1000_alpha0p03_fpp_branch_benders_projectedpathllbi_exp_rootcuts,run-fpp-branch-benders-oos
worker_028_task_004,worker_028,case08,8,20260529,20268929,20268929,new20x20,20x20,shortest_path,400,,not_checked,,,new20x20,new_instances/20x20,new_instances/20x20,0.03,400,1000,1,9000,9001,10000,true,results/batch/fpp_new_instances_scaling_new20x20/splits/new20x20_seed20268929_train400_test1000_case8_train.csv,results/batch/fpp_new_instances_scaling_new20x20/splits/new20x20_seed20268929_train400_test1000_case8_test.csv,CVaR,FPP-Branch-Benders-CVaR-RootCuts,FPP-Branch-Benders,,cvar,0.9,1.0,none,none,true,false,false,false,false,false,false,false,heuristic,0.10,eta-asc,true,true,100,100,1e-3,0,100000,1800,0.001,1,results/batch/fpp_new_instances_scaling_new20x20/splits,results/batch/fpp_new_instances_scaling_new20x20/workers/worker_028,results/batch/fpp_new_instances_scaling_new20x20/workers/worker_028/batch_results_worker_028.csv,results/batch/fpp_new_instances_scaling_new20x20/workers/worker_028/json/worker_028_task_004.json,results/batch/fpp_new_instances_scaling_new20x20/workers/worker_028/solutions,new20x20_case08_train400_test1000_alpha0p03_fpp_branch_benders_cvar_rootcuts,run-fpp-branch-benders-oos
worker_028_task_005,worker_028,case08,8,20260529,20268929,20268929,new20x20,20x20,shortest_path,400,,not_checked,,,new20x20,new_instances/20x20,new_instances/20x20,0.03,400,1000,1,9000,9001,10000,true,results/batch/fpp_new_instances_scaling_new20x20/splits/new20x20_seed20268929_train400_test1000_case8_train.csv,results/batch/fpp_new_instances_scaling_new20x20/splits/new20x20_seed20268929_train400_test1000_case8_test.csv,CVaR,FPP-Branch-Benders-CVaR-LLBI-RootCuts,FPP-Branch-Benders,,cvar,0.9,1.0,none,none,true,true,false,false,false,false,false,false,heuristic,0.10,eta-asc,true,true,100,100,1e-3,0,100000,1800,0.001,1,results/batch/fpp_new_instances_scaling_new20x20/splits,results/batch/fpp_new_instances_scaling_new20x20/workers/worker_028,results/batch/fpp_new_instances_scaling_new20x20/workers/worker_028/batch_results_worker_028.csv,results/batch/fpp_new_instances_scaling_new20x20/workers/worker_028/json/worker_028_task_005.json,results/batch/fpp_new_instances_scaling_new20x20/workers/worker_028/solutions,new20x20_case08_train400_test1000_alpha0p03_fpp_branch_benders_cvar_llbi_rootcuts,run-fpp-branch-benders-oos
worker_028_task_006,worker_028,case08,8,20260529,20268929,20268929,new20x20,20x20,shortest_path,400,,not_checked,,,new20x20,new_instances/20x20,new_instances/20x20,0.03,400,1000,1,9000,9001,10000,true,results/batch/fpp_new_instances_scaling_new20x20/splits/new20x20_seed20268929_train400_test1000_case8_train.csv,results/batch/fpp_new_instances_scaling_new20x20/splits/new20x20_seed20268929_train400_test1000_case8_test.csv,CVaR,FPP-Branch-Benders-CVaR-ProjectedCoverageLLBI-exp-RootCuts,FPP-Branch-Benders,,cvar,0.9,1.0,coverage,exp,true,false,true,false,false,true,false,false,heuristic,0.10,eta-asc,true,true,100,100,1e-3,0,100000,1800,0.001,1,results/batch/fpp_new_instances_scaling_new20x20/splits,results/batch/fpp_new_instances_scaling_new20x20/workers/worker_028,results/batch/fpp_new_instances_scaling_new20x20/workers/worker_028/batch_results_worker_028.csv,results/batch/fpp_new_instances_scaling_new20x20/workers/worker_028/json/worker_028_task_006.json,results/batch/fpp_new_instances_scaling_new20x20/workers/worker_028/solutions,new20x20_case08_train400_test1000_alpha0p03_fpp_branch_benders_cvar_projectedcoveragellbi_exp_rootcuts,run-fpp-branch-benders-oos
worker_028_task_007,worker_028,case08,8,20260529,20268929,20268929,new20x20,20x20,shortest_path,400,,not_checked,,,new20x20,new_instances/20x20,new_instances/20x20,0.03,400,1000,1,9000,9001,10000,true,results/batch/fpp_new_instances_scaling_new20x20/splits/new20x20_seed20268929_train400_test1000_case8_train.csv,results/batch/fpp_new_instances_scaling_new20x20/splits/new20x20_seed20268929_train400_test1000_case8_test.csv,CVaR,FPP-Branch-Benders-CVaR-ProjectedPathLLBI-exp-RootCuts,FPP-Branch-Benders,,cvar,0.9,1.0,path,exp,true,false,true,false,false,false,true,false,heuristic,0.10,eta-asc,true,true,100,100,1e-3,0,100000,1800,0.001,1,results/batch/fpp_new_instances_scaling_new20x20/splits,results/batch/fpp_new_instances_scaling_new20x20/workers/worker_028,results/batch/fpp_new_instances_scaling_new20x20/workers/worker_028/batch_results_worker_028.csv,results/batch/fpp_new_instances_scaling_new20x20/workers/worker_028/json/worker_028_task_007.json,results/batch/fpp_new_instances_scaling_new20x20/workers/worker_028/solutions,new20x20_case08_train400_test1000_alpha0p03_fpp_branch_benders_cvar_projectedpathllbi_exp_rootcuts,run-fpp-branch-benders-oos
worker_028_task_008,worker_028,case08,8,20260529,20268929,20268929,new20x20,20x20,shortest_path,400,,not_checked,,,new20x20,new_instances/20x20,new_instances/20x20,0.03,400,1000,1,9000,9001,10000,true,results/batch/fpp_new_instances_scaling_new20x20/splits/new20x20_seed20268929_train400_test1000_case8_train.csv,results/batch/fpp_new_instances_scaling_new20x20/splits/new20x20_seed20268929_train400_test1000_case8_test.csv,MeanCVaR,FPP-Branch-Benders-MeanCVaR-RootCuts,FPP-Branch-Benders,,mean-cvar,0.9,0.5,none,none,true,false,false,false,false,false,false,false,heuristic,0.10,eta-asc,true,true,100,100,1e-3,0,100000,1800,0.001,1,results/batch/fpp_new_instances_scaling_new20x20/splits,results/batch/fpp_new_instances_scaling_new20x20/workers/worker_028,results/batch/fpp_new_instances_scaling_new20x20/workers/worker_028/batch_results_worker_028.csv,results/batch/fpp_new_instances_scaling_new20x20/workers/worker_028/json/worker_028_task_008.json,results/batch/fpp_new_instances_scaling_new20x20/workers/worker_028/solutions,new20x20_case08_train400_test1000_alpha0p03_fpp_branch_benders_meancvar_rootcuts,run-fpp-branch-benders-oos
worker_028_task_009,worker_028,case08,8,20260529,20268929,20268929,new20x20,20x20,shortest_path,400,,not_checked,,,new20x20,new_instances/20x20,new_instances/20x20,0.03,400,1000,1,9000,9001,10000,true,results/batch/fpp_new_instances_scaling_new20x20/splits/new20x20_seed20268929_train400_test1000_case8_train.csv,results/batch/fpp_new_instances_scaling_new20x20/splits/new20x20_seed20268929_train400_test1000_case8_test.csv,MeanCVaR,FPP-Branch-Benders-MeanCVaR-LLBI-RootCuts,FPP-Branch-Benders,,mean-cvar,0.9,0.5,none,none,true,true,false,false,false,false,false,false,heuristic,0.10,eta-asc,true,true,100,100,1e-3,0,100000,1800,0.001,1,results/batch/fpp_new_instances_scaling_new20x20/splits,results/batch/fpp_new_instances_scaling_new20x20/workers/worker_028,results/batch/fpp_new_instances_scaling_new20x20/workers/worker_028/batch_results_worker_028.csv,results/batch/fpp_new_instances_scaling_new20x20/workers/worker_028/json/worker_028_task_009.json,results/batch/fpp_new_instances_scaling_new20x20/workers/worker_028/solutions,new20x20_case08_train400_test1000_alpha0p03_fpp_branch_benders_meancvar_llbi_rootcuts,run-fpp-branch-benders-oos
worker_028_task_010,worker_028,case08,8,20260529,20268929,20268929,new20x20,20x20,shortest_path,400,,not_checked,,,new20x20,new_instances/20x20,new_instances/20x20,0.03,400,1000,1,9000,9001,10000,true,results/batch/fpp_new_instances_scaling_new20x20/splits/new20x20_seed20268929_train400_test1000_case8_train.csv,results/batch/fpp_new_instances_scaling_new20x20/splits/new20x20_seed20268929_train400_test1000_case8_test.csv,MeanCVaR,FPP-Branch-Benders-MeanCVaR-ProjectedCoverageLLBI-exp-RootCuts,FPP-Branch-Benders,,mean-cvar,0.9,0.5,coverage,exp,true,false,true,false,false,true,false,false,heuristic,0.10,eta-asc,true,true,100,100,1e-3,0,100000,1800,0.001,1,results/batch/fpp_new_instances_scaling_new20x20/splits,results/batch/fpp_new_instances_scaling_new20x20/workers/worker_028,results/batch/fpp_new_instances_scaling_new20x20/workers/worker_028/batch_results_worker_028.csv,results/batch/fpp_new_instances_scaling_new20x20/workers/worker_028/json/worker_028_task_010.json,results/batch/fpp_new_instances_scaling_new20x20/workers/worker_028/solutions,new20x20_case08_train400_test1000_alpha0p03_fpp_branch_benders_meancvar_projectedcoveragellbi_exp_rootcuts,run-fpp-branch-benders-oos
worker_028_task_011,worker_028,case08,8,20260529,20268929,20268929,new20x20,20x20,shortest_path,400,,not_checked,,,new20x20,new_instances/20x20,new_instances/20x20,0.03,400,1000,1,9000,9001,10000,true,results/batch/fpp_new_instances_scaling_new20x20/splits/new20x20_seed20268929_train400_test1000_case8_train.csv,results/batch/fpp_new_instances_scaling_new20x20/splits/new20x20_seed20268929_train400_test1000_case8_test.csv,MeanCVaR,FPP-Branch-Benders-MeanCVaR-ProjectedPathLLBI-exp-RootCuts,FPP-Branch-Benders,,mean-cvar,0.9,0.5,path,exp,true,false,true,false,false,false,true,false,heuristic,0.10,eta-asc,true,true,100,100,1e-3,0,100000,1800,0.001,1,results/batch/fpp_new_instances_scaling_new20x20/splits,results/batch/fpp_new_instances_scaling_new20x20/workers/worker_028,results/batch/fpp_new_instances_scaling_new20x20/workers/worker_028/batch_results_worker_028.csv,results/batch/fpp_new_instances_scaling_new20x20/workers/worker_028/json/worker_028_task_011.json,results/batch/fpp_new_instances_scaling_new20x20/workers/worker_028/solutions,new20x20_case08_train400_test1000_alpha0p03_fpp_branch_benders_meancvar_projectedpathllbi_exp_rootcuts,run-fpp-branch-benders-oos
worker_029_task_000,worker_029,case09,9,20260529,20269929,20269929,new20x20,20x20,shortest_path,400,,not_checked,,,new20x20,new_instances/20x20,new_instances/20x20,0.03,400,1000,1,9000,9001,10000,true,results/batch/fpp_new_instances_scaling_new20x20/splits/new20x20_seed20269929_train400_test1000_case9_train.csv,results/batch/fpp_new_instances_scaling_new20x20/splits/new20x20_seed20269929_train400_test1000_case9_test.csv,MeanCVaR,FPP-SAA-MeanCVaR,FPP-SAA,fpp_base,mean-cvar,0.9,0.5,none,none,false,false,false,false,false,false,false,false,heuristic,0.10,eta-asc,true,true,100,100,1e-3,0,100000,1800,0.001,1,results/batch/fpp_new_instances_scaling_new20x20/splits,results/batch/fpp_new_instances_scaling_new20x20/workers/worker_029,results/batch/fpp_new_instances_scaling_new20x20/workers/worker_029/batch_results_worker_029.csv,results/batch/fpp_new_instances_scaling_new20x20/workers/worker_029/json/worker_029_task_000.json,results/batch/fpp_new_instances_scaling_new20x20/workers/worker_029/solutions,new20x20_case09_train400_test1000_alpha0p03_fpp_saa_meancvar,run-fpp-saa-oos
worker_029_task_001,worker_029,case09,9,20260529,20269929,20269929,new20x20,20x20,shortest_path,400,,not_checked,,,new20x20,new_instances/20x20,new_instances/20x20,0.03,400,1000,1,9000,9001,10000,true,results/batch/fpp_new_instances_scaling_new20x20/splits/new20x20_seed20269929_train400_test1000_case9_train.csv,results/batch/fpp_new_instances_scaling_new20x20/splits/new20x20_seed20269929_train400_test1000_case9_test.csv,Expected,FPP-Branch-Benders-LLBI-RootCuts,FPP-Branch-Benders,,expected,0.9,1.0,none,none,true,true,false,false,false,false,false,false,heuristic,0.10,eta-asc,true,true,100,100,1e-3,0,100000,1800,0.001,1,results/batch/fpp_new_instances_scaling_new20x20/splits,results/batch/fpp_new_instances_scaling_new20x20/workers/worker_029,results/batch/fpp_new_instances_scaling_new20x20/workers/worker_029/batch_results_worker_029.csv,results/batch/fpp_new_instances_scaling_new20x20/workers/worker_029/json/worker_029_task_001.json,results/batch/fpp_new_instances_scaling_new20x20/workers/worker_029/solutions,new20x20_case09_train400_test1000_alpha0p03_fpp_branch_benders_llbi_rootcuts,run-fpp-branch-benders-oos
worker_029_task_002,worker_029,case09,9,20260529,20269929,20269929,new20x20,20x20,shortest_path,400,,not_checked,,,new20x20,new_instances/20x20,new_instances/20x20,0.03,400,1000,1,9000,9001,10000,true,results/batch/fpp_new_instances_scaling_new20x20/splits/new20x20_seed20269929_train400_test1000_case9_train.csv,results/batch/fpp_new_instances_scaling_new20x20/splits/new20x20_seed20269929_train400_test1000_case9_test.csv,Expected,FPP-Branch-Benders-ProjectedCoverageLLBI-exp-RootCuts,FPP-Branch-Benders,,expected,0.9,1.0,coverage,exp,true,false,true,false,false,true,false,false,heuristic,0.10,eta-asc,true,true,100,100,1e-3,0,100000,1800,0.001,1,results/batch/fpp_new_instances_scaling_new20x20/splits,results/batch/fpp_new_instances_scaling_new20x20/workers/worker_029,results/batch/fpp_new_instances_scaling_new20x20/workers/worker_029/batch_results_worker_029.csv,results/batch/fpp_new_instances_scaling_new20x20/workers/worker_029/json/worker_029_task_002.json,results/batch/fpp_new_instances_scaling_new20x20/workers/worker_029/solutions,new20x20_case09_train400_test1000_alpha0p03_fpp_branch_benders_projectedcoveragellbi_exp_rootcuts,run-fpp-branch-benders-oos
worker_029_task_003,worker_029,case09,9,20260529,20269929,20269929,new20x20,20x20,shortest_path,400,,not_checked,,,new20x20,new_instances/20x20,new_instances/20x20,0.03,400,1000,1,9000,9001,10000,true,results/batch/fpp_new_instances_scaling_new20x20/splits/new20x20_seed20269929_train400_test1000_case9_train.csv,results/batch/fpp_new_instances_scaling_new20x20/splits/new20x20_seed20269929_train400_test1000_case9_test.csv,Expected,FPP-Branch-Benders-ProjectedPathLLBI-exp-RootCuts,FPP-Branch-Benders,,expected,0.9,1.0,path,exp,true,false,true,false,false,false,true,false,heuristic,0.10,eta-asc,true,true,100,100,1e-3,0,100000,1800,0.001,1,results/batch/fpp_new_instances_scaling_new20x20/splits,results/batch/fpp_new_instances_scaling_new20x20/workers/worker_029,results/batch/fpp_new_instances_scaling_new20x20/workers/worker_029/batch_results_worker_029.csv,results/batch/fpp_new_instances_scaling_new20x20/workers/worker_029/json/worker_029_task_003.json,results/batch/fpp_new_instances_scaling_new20x20/workers/worker_029/solutions,new20x20_case09_train400_test1000_alpha0p03_fpp_branch_benders_projectedpathllbi_exp_rootcuts,run-fpp-branch-benders-oos
worker_029_task_004,worker_029,case09,9,20260529,20269929,20269929,new20x20,20x20,shortest_path,400,,not_checked,,,new20x20,new_instances/20x20,new_instances/20x20,0.03,400,1000,1,9000,9001,10000,true,results/batch/fpp_new_instances_scaling_new20x20/splits/new20x20_seed20269929_train400_test1000_case9_train.csv,results/batch/fpp_new_instances_scaling_new20x20/splits/new20x20_seed20269929_train400_test1000_case9_test.csv,CVaR,FPP-Branch-Benders-CVaR-RootCuts,FPP-Branch-Benders,,cvar,0.9,1.0,none,none,true,false,false,false,false,false,false,false,heuristic,0.10,eta-asc,true,true,100,100,1e-3,0,100000,1800,0.001,1,results/batch/fpp_new_instances_scaling_new20x20/splits,results/batch/fpp_new_instances_scaling_new20x20/workers/worker_029,results/batch/fpp_new_instances_scaling_new20x20/workers/worker_029/batch_results_worker_029.csv,results/batch/fpp_new_instances_scaling_new20x20/workers/worker_029/json/worker_029_task_004.json,results/batch/fpp_new_instances_scaling_new20x20/workers/worker_029/solutions,new20x20_case09_train400_test1000_alpha0p03_fpp_branch_benders_cvar_rootcuts,run-fpp-branch-benders-oos
worker_029_task_005,worker_029,case09,9,20260529,20269929,20269929,new20x20,20x20,shortest_path,400,,not_checked,,,new20x20,new_instances/20x20,new_instances/20x20,0.03,400,1000,1,9000,9001,10000,true,results/batch/fpp_new_instances_scaling_new20x20/splits/new20x20_seed20269929_train400_test1000_case9_train.csv,results/batch/fpp_new_instances_scaling_new20x20/splits/new20x20_seed20269929_train400_test1000_case9_test.csv,CVaR,FPP-Branch-Benders-CVaR-LLBI-RootCuts,FPP-Branch-Benders,,cvar,0.9,1.0,none,none,true,true,false,false,false,false,false,false,heuristic,0.10,eta-asc,true,true,100,100,1e-3,0,100000,1800,0.001,1,results/batch/fpp_new_instances_scaling_new20x20/splits,results/batch/fpp_new_instances_scaling_new20x20/workers/worker_029,results/batch/fpp_new_instances_scaling_new20x20/workers/worker_029/batch_results_worker_029.csv,results/batch/fpp_new_instances_scaling_new20x20/workers/worker_029/json/worker_029_task_005.json,results/batch/fpp_new_instances_scaling_new20x20/workers/worker_029/solutions,new20x20_case09_train400_test1000_alpha0p03_fpp_branch_benders_cvar_llbi_rootcuts,run-fpp-branch-benders-oos
worker_029_task_006,worker_029,case09,9,20260529,20269929,20269929,new20x20,20x20,shortest_path,400,,not_checked,,,new20x20,new_instances/20x20,new_instances/20x20,0.03,400,1000,1,9000,9001,10000,true,results/batch/fpp_new_instances_scaling_new20x20/splits/new20x20_seed20269929_train400_test1000_case9_train.csv,results/batch/fpp_new_instances_scaling_new20x20/splits/new20x20_seed20269929_train400_test1000_case9_test.csv,CVaR,FPP-Branch-Benders-CVaR-ProjectedCoverageLLBI-exp-RootCuts,FPP-Branch-Benders,,cvar,0.9,1.0,coverage,exp,true,false,true,false,false,true,false,false,heuristic,0.10,eta-asc,true,true,100,100,1e-3,0,100000,1800,0.001,1,results/batch/fpp_new_instances_scaling_new20x20/splits,results/batch/fpp_new_instances_scaling_new20x20/workers/worker_029,results/batch/fpp_new_instances_scaling_new20x20/workers/worker_029/batch_results_worker_029.csv,results/batch/fpp_new_instances_scaling_new20x20/workers/worker_029/json/worker_029_task_006.json,results/batch/fpp_new_instances_scaling_new20x20/workers/worker_029/solutions,new20x20_case09_train400_test1000_alpha0p03_fpp_branch_benders_cvar_projectedcoveragellbi_exp_rootcuts,run-fpp-branch-benders-oos
worker_029_task_007,worker_029,case09,9,20260529,20269929,20269929,new20x20,20x20,shortest_path,400,,not_checked,,,new20x20,new_instances/20x20,new_instances/20x20,0.03,400,1000,1,9000,9001,10000,true,results/batch/fpp_new_instances_scaling_new20x20/splits/new20x20_seed20269929_train400_test1000_case9_train.csv,results/batch/fpp_new_instances_scaling_new20x20/splits/new20x20_seed20269929_train400_test1000_case9_test.csv,CVaR,FPP-Branch-Benders-CVaR-ProjectedPathLLBI-exp-RootCuts,FPP-Branch-Benders,,cvar,0.9,1.0,path,exp,true,false,true,false,false,false,true,false,heuristic,0.10,eta-asc,true,true,100,100,1e-3,0,100000,1800,0.001,1,results/batch/fpp_new_instances_scaling_new20x20/splits,results/batch/fpp_new_instances_scaling_new20x20/workers/worker_029,results/batch/fpp_new_instances_scaling_new20x20/workers/worker_029/batch_results_worker_029.csv,results/batch/fpp_new_instances_scaling_new20x20/workers/worker_029/json/worker_029_task_007.json,results/batch/fpp_new_instances_scaling_new20x20/workers/worker_029/solutions,new20x20_case09_train400_test1000_alpha0p03_fpp_branch_benders_cvar_projectedpathllbi_exp_rootcuts,run-fpp-branch-benders-oos
worker_029_task_008,worker_029,case09,9,20260529,20269929,20269929,new20x20,20x20,shortest_path,400,,not_checked,,,new20x20,new_instances/20x20,new_instances/20x20,0.03,400,1000,1,9000,9001,10000,true,results/batch/fpp_new_instances_scaling_new20x20/splits/new20x20_seed20269929_train400_test1000_case9_train.csv,results/batch/fpp_new_instances_scaling_new20x20/splits/new20x20_seed20269929_train400_test1000_case9_test.csv,MeanCVaR,FPP-Branch-Benders-MeanCVaR-RootCuts,FPP-Branch-Benders,,mean-cvar,0.9,0.5,none,none,true,false,false,false,false,false,false,false,heuristic,0.10,eta-asc,true,true,100,100,1e-3,0,100000,1800,0.001,1,results/batch/fpp_new_instances_scaling_new20x20/splits,results/batch/fpp_new_instances_scaling_new20x20/workers/worker_029,results/batch/fpp_new_instances_scaling_new20x20/workers/worker_029/batch_results_worker_029.csv,results/batch/fpp_new_instances_scaling_new20x20/workers/worker_029/json/worker_029_task_008.json,results/batch/fpp_new_instances_scaling_new20x20/workers/worker_029/solutions,new20x20_case09_train400_test1000_alpha0p03_fpp_branch_benders_meancvar_rootcuts,run-fpp-branch-benders-oos
worker_029_task_009,worker_029,case09,9,20260529,20269929,20269929,new20x20,20x20,shortest_path,400,,not_checked,,,new20x20,new_instances/20x20,new_instances/20x20,0.03,400,1000,1,9000,9001,10000,true,results/batch/fpp_new_instances_scaling_new20x20/splits/new20x20_seed20269929_train400_test1000_case9_train.csv,results/batch/fpp_new_instances_scaling_new20x20/splits/new20x20_seed20269929_train400_test1000_case9_test.csv,MeanCVaR,FPP-Branch-Benders-MeanCVaR-LLBI-RootCuts,FPP-Branch-Benders,,mean-cvar,0.9,0.5,none,none,true,true,false,false,false,false,false,false,heuristic,0.10,eta-asc,true,true,100,100,1e-3,0,100000,1800,0.001,1,results/batch/fpp_new_instances_scaling_new20x20/splits,results/batch/fpp_new_instances_scaling_new20x20/workers/worker_029,results/batch/fpp_new_instances_scaling_new20x20/workers/worker_029/batch_results_worker_029.csv,results/batch/fpp_new_instances_scaling_new20x20/workers/worker_029/json/worker_029_task_009.json,results/batch/fpp_new_instances_scaling_new20x20/workers/worker_029/solutions,new20x20_case09_train400_test1000_alpha0p03_fpp_branch_benders_meancvar_llbi_rootcuts,run-fpp-branch-benders-oos
worker_029_task_010,worker_029,case09,9,20260529,20269929,20269929,new20x20,20x20,shortest_path,400,,not_checked,,,new20x20,new_instances/20x20,new_instances/20x20,0.03,400,1000,1,9000,9001,10000,true,results/batch/fpp_new_instances_scaling_new20x20/splits/new20x20_seed20269929_train400_test1000_case9_train.csv,results/batch/fpp_new_instances_scaling_new20x20/splits/new20x20_seed20269929_train400_test1000_case9_test.csv,MeanCVaR,FPP-Branch-Benders-MeanCVaR-ProjectedCoverageLLBI-exp-RootCuts,FPP-Branch-Benders,,mean-cvar,0.9,0.5,coverage,exp,true,false,true,false,false,true,false,false,heuristic,0.10,eta-asc,true,true,100,100,1e-3,0,100000,1800,0.001,1,results/batch/fpp_new_instances_scaling_new20x20/splits,results/batch/fpp_new_instances_scaling_new20x20/workers/worker_029,results/batch/fpp_new_instances_scaling_new20x20/workers/worker_029/batch_results_worker_029.csv,results/batch/fpp_new_instances_scaling_new20x20/workers/worker_029/json/worker_029_task_010.json,results/batch/fpp_new_instances_scaling_new20x20/workers/worker_029/solutions,new20x20_case09_train400_test1000_alpha0p03_fpp_branch_benders_meancvar_projectedcoveragellbi_exp_rootcuts,run-fpp-branch-benders-oos
worker_029_task_011,worker_029,case09,9,20260529,20269929,20269929,new20x20,20x20,shortest_path,400,,not_checked,,,new20x20,new_instances/20x20,new_instances/20x20,0.03,400,1000,1,9000,9001,10000,true,results/batch/fpp_new_instances_scaling_new20x20/splits/new20x20_seed20269929_train400_test1000_case9_train.csv,results/batch/fpp_new_instances_scaling_new20x20/splits/new20x20_seed20269929_train400_test1000_case9_test.csv,MeanCVaR,FPP-Branch-Benders-MeanCVaR-ProjectedPathLLBI-exp-RootCuts,FPP-Branch-Benders,,mean-cvar,0.9,0.5,path,exp,true,false,true,false,false,false,true,false,heuristic,0.10,eta-asc,true,true,100,100,1e-3,0,100000,1800,0.001,1,results/batch/fpp_new_instances_scaling_new20x20/splits,results/batch/fpp_new_instances_scaling_new20x20/workers/worker_029,results/batch/fpp_new_instances_scaling_new20x20/workers/worker_029/batch_results_worker_029.csv,results/batch/fpp_new_instances_scaling_new20x20/workers/worker_029/json/worker_029_task_011.json,results/batch/fpp_new_instances_scaling_new20x20/workers/worker_029/solutions,new20x20_case09_train400_test1000_alpha0p03_fpp_branch_benders_meancvar_projectedpathllbi_exp_rootcuts,run-fpp-branch-benders-oos
worker_030_task_000,worker_030,case00,0,20260529,20261129,20261129,new20x20,20x20,shortest_path,400,,not_checked,,,new20x20,new_instances/20x20,new_instances/20x20,0.01,600,1000,1,9000,9001,10000,true,results/batch/fpp_new_instances_scaling_new20x20/splits/new20x20_seed20261129_train600_test1000_case0_train.csv,results/batch/fpp_new_instances_scaling_new20x20/splits/new20x20_seed20261129_train600_test1000_case0_test.csv,MeanCVaR,FPP-SAA-MeanCVaR,FPP-SAA,fpp_base,mean-cvar,0.9,0.5,none,none,false,false,false,false,false,false,false,false,heuristic,0.10,eta-asc,true,true,100,100,1e-3,0,100000,1800,0.001,1,results/batch/fpp_new_instances_scaling_new20x20/splits,results/batch/fpp_new_instances_scaling_new20x20/workers/worker_030,results/batch/fpp_new_instances_scaling_new20x20/workers/worker_030/batch_results_worker_030.csv,results/batch/fpp_new_instances_scaling_new20x20/workers/worker_030/json/worker_030_task_000.json,results/batch/fpp_new_instances_scaling_new20x20/workers/worker_030/solutions,new20x20_case00_train600_test1000_alpha0p01_fpp_saa_meancvar,run-fpp-saa-oos
worker_030_task_001,worker_030,case00,0,20260529,20261129,20261129,new20x20,20x20,shortest_path,400,,not_checked,,,new20x20,new_instances/20x20,new_instances/20x20,0.01,600,1000,1,9000,9001,10000,true,results/batch/fpp_new_instances_scaling_new20x20/splits/new20x20_seed20261129_train600_test1000_case0_train.csv,results/batch/fpp_new_instances_scaling_new20x20/splits/new20x20_seed20261129_train600_test1000_case0_test.csv,Expected,FPP-Branch-Benders-LLBI-RootCuts,FPP-Branch-Benders,,expected,0.9,1.0,none,none,true,true,false,false,false,false,false,false,heuristic,0.10,eta-asc,true,true,100,100,1e-3,0,100000,1800,0.001,1,results/batch/fpp_new_instances_scaling_new20x20/splits,results/batch/fpp_new_instances_scaling_new20x20/workers/worker_030,results/batch/fpp_new_instances_scaling_new20x20/workers/worker_030/batch_results_worker_030.csv,results/batch/fpp_new_instances_scaling_new20x20/workers/worker_030/json/worker_030_task_001.json,results/batch/fpp_new_instances_scaling_new20x20/workers/worker_030/solutions,new20x20_case00_train600_test1000_alpha0p01_fpp_branch_benders_llbi_rootcuts,run-fpp-branch-benders-oos
worker_030_task_002,worker_030,case00,0,20260529,20261129,20261129,new20x20,20x20,shortest_path,400,,not_checked,,,new20x20,new_instances/20x20,new_instances/20x20,0.01,600,1000,1,9000,9001,10000,true,results/batch/fpp_new_instances_scaling_new20x20/splits/new20x20_seed20261129_train600_test1000_case0_train.csv,results/batch/fpp_new_instances_scaling_new20x20/splits/new20x20_seed20261129_train600_test1000_case0_test.csv,Expected,FPP-Branch-Benders-ProjectedCoverageLLBI-exp-RootCuts,FPP-Branch-Benders,,expected,0.9,1.0,coverage,exp,true,false,true,false,false,true,false,false,heuristic,0.10,eta-asc,true,true,100,100,1e-3,0,100000,1800,0.001,1,results/batch/fpp_new_instances_scaling_new20x20/splits,results/batch/fpp_new_instances_scaling_new20x20/workers/worker_030,results/batch/fpp_new_instances_scaling_new20x20/workers/worker_030/batch_results_worker_030.csv,results/batch/fpp_new_instances_scaling_new20x20/workers/worker_030/json/worker_030_task_002.json,results/batch/fpp_new_instances_scaling_new20x20/workers/worker_030/solutions,new20x20_case00_train600_test1000_alpha0p01_fpp_branch_benders_projectedcoveragellbi_exp_rootcuts,run-fpp-branch-benders-oos
worker_030_task_003,worker_030,case00,0,20260529,20261129,20261129,new20x20,20x20,shortest_path,400,,not_checked,,,new20x20,new_instances/20x20,new_instances/20x20,0.01,600,1000,1,9000,9001,10000,true,results/batch/fpp_new_instances_scaling_new20x20/splits/new20x20_seed20261129_train600_test1000_case0_train.csv,results/batch/fpp_new_instances_scaling_new20x20/splits/new20x20_seed20261129_train600_test1000_case0_test.csv,Expected,FPP-Branch-Benders-ProjectedPathLLBI-exp-RootCuts,FPP-Branch-Benders,,expected,0.9,1.0,path,exp,true,false,true,false,false,false,true,false,heuristic,0.10,eta-asc,true,true,100,100,1e-3,0,100000,1800,0.001,1,results/batch/fpp_new_instances_scaling_new20x20/splits,results/batch/fpp_new_instances_scaling_new20x20/workers/worker_030,results/batch/fpp_new_instances_scaling_new20x20/workers/worker_030/batch_results_worker_030.csv,results/batch/fpp_new_instances_scaling_new20x20/workers/worker_030/json/worker_030_task_003.json,results/batch/fpp_new_instances_scaling_new20x20/workers/worker_030/solutions,new20x20_case00_train600_test1000_alpha0p01_fpp_branch_benders_projectedpathllbi_exp_rootcuts,run-fpp-branch-benders-oos
worker_030_task_004,worker_030,case00,0,20260529,20261129,20261129,new20x20,20x20,shortest_path,400,,not_checked,,,new20x20,new_instances/20x20,new_instances/20x20,0.01,600,1000,1,9000,9001,10000,true,results/batch/fpp_new_instances_scaling_new20x20/splits/new20x20_seed20261129_train600_test1000_case0_train.csv,results/batch/fpp_new_instances_scaling_new20x20/splits/new20x20_seed20261129_train600_test1000_case0_test.csv,CVaR,FPP-Branch-Benders-CVaR-RootCuts,FPP-Branch-Benders,,cvar,0.9,1.0,none,none,true,false,false,false,false,false,false,false,heuristic,0.10,eta-asc,true,true,100,100,1e-3,0,100000,1800,0.001,1,results/batch/fpp_new_instances_scaling_new20x20/splits,results/batch/fpp_new_instances_scaling_new20x20/workers/worker_030,results/batch/fpp_new_instances_scaling_new20x20/workers/worker_030/batch_results_worker_030.csv,results/batch/fpp_new_instances_scaling_new20x20/workers/worker_030/json/worker_030_task_004.json,results/batch/fpp_new_instances_scaling_new20x20/workers/worker_030/solutions,new20x20_case00_train600_test1000_alpha0p01_fpp_branch_benders_cvar_rootcuts,run-fpp-branch-benders-oos
worker_030_task_005,worker_030,case00,0,20260529,20261129,20261129,new20x20,20x20,shortest_path,400,,not_checked,,,new20x20,new_instances/20x20,new_instances/20x20,0.01,600,1000,1,9000,9001,10000,true,results/batch/fpp_new_instances_scaling_new20x20/splits/new20x20_seed20261129_train600_test1000_case0_train.csv,results/batch/fpp_new_instances_scaling_new20x20/splits/new20x20_seed20261129_train600_test1000_case0_test.csv,CVaR,FPP-Branch-Benders-CVaR-LLBI-RootCuts,FPP-Branch-Benders,,cvar,0.9,1.0,none,none,true,true,false,false,false,false,false,false,heuristic,0.10,eta-asc,true,true,100,100,1e-3,0,100000,1800,0.001,1,results/batch/fpp_new_instances_scaling_new20x20/splits,results/batch/fpp_new_instances_scaling_new20x20/workers/worker_030,results/batch/fpp_new_instances_scaling_new20x20/workers/worker_030/batch_results_worker_030.csv,results/batch/fpp_new_instances_scaling_new20x20/workers/worker_030/json/worker_030_task_005.json,results/batch/fpp_new_instances_scaling_new20x20/workers/worker_030/solutions,new20x20_case00_train600_test1000_alpha0p01_fpp_branch_benders_cvar_llbi_rootcuts,run-fpp-branch-benders-oos
worker_030_task_006,worker_030,case00,0,20260529,20261129,20261129,new20x20,20x20,shortest_path,400,,not_checked,,,new20x20,new_instances/20x20,new_instances/20x20,0.01,600,1000,1,9000,9001,10000,true,results/batch/fpp_new_instances_scaling_new20x20/splits/new20x20_seed20261129_train600_test1000_case0_train.csv,results/batch/fpp_new_instances_scaling_new20x20/splits/new20x20_seed20261129_train600_test1000_case0_test.csv,CVaR,FPP-Branch-Benders-CVaR-ProjectedCoverageLLBI-exp-RootCuts,FPP-Branch-Benders,,cvar,0.9,1.0,coverage,exp,true,false,true,false,false,true,false,false,heuristic,0.10,eta-asc,true,true,100,100,1e-3,0,100000,1800,0.001,1,results/batch/fpp_new_instances_scaling_new20x20/splits,results/batch/fpp_new_instances_scaling_new20x20/workers/worker_030,results/batch/fpp_new_instances_scaling_new20x20/workers/worker_030/batch_results_worker_030.csv,results/batch/fpp_new_instances_scaling_new20x20/workers/worker_030/json/worker_030_task_006.json,results/batch/fpp_new_instances_scaling_new20x20/workers/worker_030/solutions,new20x20_case00_train600_test1000_alpha0p01_fpp_branch_benders_cvar_projectedcoveragellbi_exp_rootcuts,run-fpp-branch-benders-oos
worker_030_task_007,worker_030,case00,0,20260529,20261129,20261129,new20x20,20x20,shortest_path,400,,not_checked,,,new20x20,new_instances/20x20,new_instances/20x20,0.01,600,1000,1,9000,9001,10000,true,results/batch/fpp_new_instances_scaling_new20x20/splits/new20x20_seed20261129_train600_test1000_case0_train.csv,results/batch/fpp_new_instances_scaling_new20x20/splits/new20x20_seed20261129_train600_test1000_case0_test.csv,CVaR,FPP-Branch-Benders-CVaR-ProjectedPathLLBI-exp-RootCuts,FPP-Branch-Benders,,cvar,0.9,1.0,path,exp,true,false,true,false,false,false,true,false,heuristic,0.10,eta-asc,true,true,100,100,1e-3,0,100000,1800,0.001,1,results/batch/fpp_new_instances_scaling_new20x20/splits,results/batch/fpp_new_instances_scaling_new20x20/workers/worker_030,results/batch/fpp_new_instances_scaling_new20x20/workers/worker_030/batch_results_worker_030.csv,results/batch/fpp_new_instances_scaling_new20x20/workers/worker_030/json/worker_030_task_007.json,results/batch/fpp_new_instances_scaling_new20x20/workers/worker_030/solutions,new20x20_case00_train600_test1000_alpha0p01_fpp_branch_benders_cvar_projectedpathllbi_exp_rootcuts,run-fpp-branch-benders-oos
worker_030_task_008,worker_030,case00,0,20260529,20261129,20261129,new20x20,20x20,shortest_path,400,,not_checked,,,new20x20,new_instances/20x20,new_instances/20x20,0.01,600,1000,1,9000,9001,10000,true,results/batch/fpp_new_instances_scaling_new20x20/splits/new20x20_seed20261129_train600_test1000_case0_train.csv,results/batch/fpp_new_instances_scaling_new20x20/splits/new20x20_seed20261129_train600_test1000_case0_test.csv,MeanCVaR,FPP-Branch-Benders-MeanCVaR-RootCuts,FPP-Branch-Benders,,mean-cvar,0.9,0.5,none,none,true,false,false,false,false,false,false,false,heuristic,0.10,eta-asc,true,true,100,100,1e-3,0,100000,1800,0.001,1,results/batch/fpp_new_instances_scaling_new20x20/splits,results/batch/fpp_new_instances_scaling_new20x20/workers/worker_030,results/batch/fpp_new_instances_scaling_new20x20/workers/worker_030/batch_results_worker_030.csv,results/batch/fpp_new_instances_scaling_new20x20/workers/worker_030/json/worker_030_task_008.json,results/batch/fpp_new_instances_scaling_new20x20/workers/worker_030/solutions,new20x20_case00_train600_test1000_alpha0p01_fpp_branch_benders_meancvar_rootcuts,run-fpp-branch-benders-oos
worker_030_task_009,worker_030,case00,0,20260529,20261129,20261129,new20x20,20x20,shortest_path,400,,not_checked,,,new20x20,new_instances/20x20,new_instances/20x20,0.01,600,1000,1,9000,9001,10000,true,results/batch/fpp_new_instances_scaling_new20x20/splits/new20x20_seed20261129_train600_test1000_case0_train.csv,results/batch/fpp_new_instances_scaling_new20x20/splits/new20x20_seed20261129_train600_test1000_case0_test.csv,MeanCVaR,FPP-Branch-Benders-MeanCVaR-LLBI-RootCuts,FPP-Branch-Benders,,mean-cvar,0.9,0.5,none,none,true,true,false,false,false,false,false,false,heuristic,0.10,eta-asc,true,true,100,100,1e-3,0,100000,1800,0.001,1,results/batch/fpp_new_instances_scaling_new20x20/splits,results/batch/fpp_new_instances_scaling_new20x20/workers/worker_030,results/batch/fpp_new_instances_scaling_new20x20/workers/worker_030/batch_results_worker_030.csv,results/batch/fpp_new_instances_scaling_new20x20/workers/worker_030/json/worker_030_task_009.json,results/batch/fpp_new_instances_scaling_new20x20/workers/worker_030/solutions,new20x20_case00_train600_test1000_alpha0p01_fpp_branch_benders_meancvar_llbi_rootcuts,run-fpp-branch-benders-oos
worker_030_task_010,worker_030,case00,0,20260529,20261129,20261129,new20x20,20x20,shortest_path,400,,not_checked,,,new20x20,new_instances/20x20,new_instances/20x20,0.01,600,1000,1,9000,9001,10000,true,results/batch/fpp_new_instances_scaling_new20x20/splits/new20x20_seed20261129_train600_test1000_case0_train.csv,results/batch/fpp_new_instances_scaling_new20x20/splits/new20x20_seed20261129_train600_test1000_case0_test.csv,MeanCVaR,FPP-Branch-Benders-MeanCVaR-ProjectedCoverageLLBI-exp-RootCuts,FPP-Branch-Benders,,mean-cvar,0.9,0.5,coverage,exp,true,false,true,false,false,true,false,false,heuristic,0.10,eta-asc,true,true,100,100,1e-3,0,100000,1800,0.001,1,results/batch/fpp_new_instances_scaling_new20x20/splits,results/batch/fpp_new_instances_scaling_new20x20/workers/worker_030,results/batch/fpp_new_instances_scaling_new20x20/workers/worker_030/batch_results_worker_030.csv,results/batch/fpp_new_instances_scaling_new20x20/workers/worker_030/json/worker_030_task_010.json,results/batch/fpp_new_instances_scaling_new20x20/workers/worker_030/solutions,new20x20_case00_train600_test1000_alpha0p01_fpp_branch_benders_meancvar_projectedcoveragellbi_exp_rootcuts,run-fpp-branch-benders-oos
worker_030_task_011,worker_030,case00,0,20260529,20261129,20261129,new20x20,20x20,shortest_path,400,,not_checked,,,new20x20,new_instances/20x20,new_instances/20x20,0.01,600,1000,1,9000,9001,10000,true,results/batch/fpp_new_instances_scaling_new20x20/splits/new20x20_seed20261129_train600_test1000_case0_train.csv,results/batch/fpp_new_instances_scaling_new20x20/splits/new20x20_seed20261129_train600_test1000_case0_test.csv,MeanCVaR,FPP-Branch-Benders-MeanCVaR-ProjectedPathLLBI-exp-RootCuts,FPP-Branch-Benders,,mean-cvar,0.9,0.5,path,exp,true,false,true,false,false,false,true,false,heuristic,0.10,eta-asc,true,true,100,100,1e-3,0,100000,1800,0.001,1,results/batch/fpp_new_instances_scaling_new20x20/splits,results/batch/fpp_new_instances_scaling_new20x20/workers/worker_030,results/batch/fpp_new_instances_scaling_new20x20/workers/worker_030/batch_results_worker_030.csv,results/batch/fpp_new_instances_scaling_new20x20/workers/worker_030/json/worker_030_task_011.json,results/batch/fpp_new_instances_scaling_new20x20/workers/worker_030/solutions,new20x20_case00_train600_test1000_alpha0p01_fpp_branch_benders_meancvar_projectedpathllbi_exp_rootcuts,run-fpp-branch-benders-oos
worker_031_task_000,worker_031,case01,1,20260529,20262129,20262129,new20x20,20x20,shortest_path,400,,not_checked,,,new20x20,new_instances/20x20,new_instances/20x20,0.01,600,1000,1,9000,9001,10000,true,results/batch/fpp_new_instances_scaling_new20x20/splits/new20x20_seed20262129_train600_test1000_case1_train.csv,results/batch/fpp_new_instances_scaling_new20x20/splits/new20x20_seed20262129_train600_test1000_case1_test.csv,MeanCVaR,FPP-SAA-MeanCVaR,FPP-SAA,fpp_base,mean-cvar,0.9,0.5,none,none,false,false,false,false,false,false,false,false,heuristic,0.10,eta-asc,true,true,100,100,1e-3,0,100000,1800,0.001,1,results/batch/fpp_new_instances_scaling_new20x20/splits,results/batch/fpp_new_instances_scaling_new20x20/workers/worker_031,results/batch/fpp_new_instances_scaling_new20x20/workers/worker_031/batch_results_worker_031.csv,results/batch/fpp_new_instances_scaling_new20x20/workers/worker_031/json/worker_031_task_000.json,results/batch/fpp_new_instances_scaling_new20x20/workers/worker_031/solutions,new20x20_case01_train600_test1000_alpha0p01_fpp_saa_meancvar,run-fpp-saa-oos
worker_031_task_001,worker_031,case01,1,20260529,20262129,20262129,new20x20,20x20,shortest_path,400,,not_checked,,,new20x20,new_instances/20x20,new_instances/20x20,0.01,600,1000,1,9000,9001,10000,true,results/batch/fpp_new_instances_scaling_new20x20/splits/new20x20_seed20262129_train600_test1000_case1_train.csv,results/batch/fpp_new_instances_scaling_new20x20/splits/new20x20_seed20262129_train600_test1000_case1_test.csv,Expected,FPP-Branch-Benders-LLBI-RootCuts,FPP-Branch-Benders,,expected,0.9,1.0,none,none,true,true,false,false,false,false,false,false,heuristic,0.10,eta-asc,true,true,100,100,1e-3,0,100000,1800,0.001,1,results/batch/fpp_new_instances_scaling_new20x20/splits,results/batch/fpp_new_instances_scaling_new20x20/workers/worker_031,results/batch/fpp_new_instances_scaling_new20x20/workers/worker_031/batch_results_worker_031.csv,results/batch/fpp_new_instances_scaling_new20x20/workers/worker_031/json/worker_031_task_001.json,results/batch/fpp_new_instances_scaling_new20x20/workers/worker_031/solutions,new20x20_case01_train600_test1000_alpha0p01_fpp_branch_benders_llbi_rootcuts,run-fpp-branch-benders-oos
worker_031_task_002,worker_031,case01,1,20260529,20262129,20262129,new20x20,20x20,shortest_path,400,,not_checked,,,new20x20,new_instances/20x20,new_instances/20x20,0.01,600,1000,1,9000,9001,10000,true,results/batch/fpp_new_instances_scaling_new20x20/splits/new20x20_seed20262129_train600_test1000_case1_train.csv,results/batch/fpp_new_instances_scaling_new20x20/splits/new20x20_seed20262129_train600_test1000_case1_test.csv,Expected,FPP-Branch-Benders-ProjectedCoverageLLBI-exp-RootCuts,FPP-Branch-Benders,,expected,0.9,1.0,coverage,exp,true,false,true,false,false,true,false,false,heuristic,0.10,eta-asc,true,true,100,100,1e-3,0,100000,1800,0.001,1,results/batch/fpp_new_instances_scaling_new20x20/splits,results/batch/fpp_new_instances_scaling_new20x20/workers/worker_031,results/batch/fpp_new_instances_scaling_new20x20/workers/worker_031/batch_results_worker_031.csv,results/batch/fpp_new_instances_scaling_new20x20/workers/worker_031/json/worker_031_task_002.json,results/batch/fpp_new_instances_scaling_new20x20/workers/worker_031/solutions,new20x20_case01_train600_test1000_alpha0p01_fpp_branch_benders_projectedcoveragellbi_exp_rootcuts,run-fpp-branch-benders-oos
worker_031_task_003,worker_031,case01,1,20260529,20262129,20262129,new20x20,20x20,shortest_path,400,,not_checked,,,new20x20,new_instances/20x20,new_instances/20x20,0.01,600,1000,1,9000,9001,10000,true,results/batch/fpp_new_instances_scaling_new20x20/splits/new20x20_seed20262129_train600_test1000_case1_train.csv,results/batch/fpp_new_instances_scaling_new20x20/splits/new20x20_seed20262129_train600_test1000_case1_test.csv,Expected,FPP-Branch-Benders-ProjectedPathLLBI-exp-RootCuts,FPP-Branch-Benders,,expected,0.9,1.0,path,exp,true,false,true,false,false,false,true,false,heuristic,0.10,eta-asc,true,true,100,100,1e-3,0,100000,1800,0.001,1,results/batch/fpp_new_instances_scaling_new20x20/splits,results/batch/fpp_new_instances_scaling_new20x20/workers/worker_031,results/batch/fpp_new_instances_scaling_new20x20/workers/worker_031/batch_results_worker_031.csv,results/batch/fpp_new_instances_scaling_new20x20/workers/worker_031/json/worker_031_task_003.json,results/batch/fpp_new_instances_scaling_new20x20/workers/worker_031/solutions,new20x20_case01_train600_test1000_alpha0p01_fpp_branch_benders_projectedpathllbi_exp_rootcuts,run-fpp-branch-benders-oos
worker_031_task_004,worker_031,case01,1,20260529,20262129,20262129,new20x20,20x20,shortest_path,400,,not_checked,,,new20x20,new_instances/20x20,new_instances/20x20,0.01,600,1000,1,9000,9001,10000,true,results/batch/fpp_new_instances_scaling_new20x20/splits/new20x20_seed20262129_train600_test1000_case1_train.csv,results/batch/fpp_new_instances_scaling_new20x20/splits/new20x20_seed20262129_train600_test1000_case1_test.csv,CVaR,FPP-Branch-Benders-CVaR-RootCuts,FPP-Branch-Benders,,cvar,0.9,1.0,none,none,true,false,false,false,false,false,false,false,heuristic,0.10,eta-asc,true,true,100,100,1e-3,0,100000,1800,0.001,1,results/batch/fpp_new_instances_scaling_new20x20/splits,results/batch/fpp_new_instances_scaling_new20x20/workers/worker_031,results/batch/fpp_new_instances_scaling_new20x20/workers/worker_031/batch_results_worker_031.csv,results/batch/fpp_new_instances_scaling_new20x20/workers/worker_031/json/worker_031_task_004.json,results/batch/fpp_new_instances_scaling_new20x20/workers/worker_031/solutions,new20x20_case01_train600_test1000_alpha0p01_fpp_branch_benders_cvar_rootcuts,run-fpp-branch-benders-oos
worker_031_task_005,worker_031,case01,1,20260529,20262129,20262129,new20x20,20x20,shortest_path,400,,not_checked,,,new20x20,new_instances/20x20,new_instances/20x20,0.01,600,1000,1,9000,9001,10000,true,results/batch/fpp_new_instances_scaling_new20x20/splits/new20x20_seed20262129_train600_test1000_case1_train.csv,results/batch/fpp_new_instances_scaling_new20x20/splits/new20x20_seed20262129_train600_test1000_case1_test.csv,CVaR,FPP-Branch-Benders-CVaR-LLBI-RootCuts,FPP-Branch-Benders,,cvar,0.9,1.0,none,none,true,true,false,false,false,false,false,false,heuristic,0.10,eta-asc,true,true,100,100,1e-3,0,100000,1800,0.001,1,results/batch/fpp_new_instances_scaling_new20x20/splits,results/batch/fpp_new_instances_scaling_new20x20/workers/worker_031,results/batch/fpp_new_instances_scaling_new20x20/workers/worker_031/batch_results_worker_031.csv,results/batch/fpp_new_instances_scaling_new20x20/workers/worker_031/json/worker_031_task_005.json,results/batch/fpp_new_instances_scaling_new20x20/workers/worker_031/solutions,new20x20_case01_train600_test1000_alpha0p01_fpp_branch_benders_cvar_llbi_rootcuts,run-fpp-branch-benders-oos
worker_031_task_006,worker_031,case01,1,20260529,20262129,20262129,new20x20,20x20,shortest_path,400,,not_checked,,,new20x20,new_instances/20x20,new_instances/20x20,0.01,600,1000,1,9000,9001,10000,true,results/batch/fpp_new_instances_scaling_new20x20/splits/new20x20_seed20262129_train600_test1000_case1_train.csv,results/batch/fpp_new_instances_scaling_new20x20/splits/new20x20_seed20262129_train600_test1000_case1_test.csv,CVaR,FPP-Branch-Benders-CVaR-ProjectedCoverageLLBI-exp-RootCuts,FPP-Branch-Benders,,cvar,0.9,1.0,coverage,exp,true,false,true,false,false,true,false,false,heuristic,0.10,eta-asc,true,true,100,100,1e-3,0,100000,1800,0.001,1,results/batch/fpp_new_instances_scaling_new20x20/splits,results/batch/fpp_new_instances_scaling_new20x20/workers/worker_031,results/batch/fpp_new_instances_scaling_new20x20/workers/worker_031/batch_results_worker_031.csv,results/batch/fpp_new_instances_scaling_new20x20/workers/worker_031/json/worker_031_task_006.json,results/batch/fpp_new_instances_scaling_new20x20/workers/worker_031/solutions,new20x20_case01_train600_test1000_alpha0p01_fpp_branch_benders_cvar_projectedcoveragellbi_exp_rootcuts,run-fpp-branch-benders-oos
worker_031_task_007,worker_031,case01,1,20260529,20262129,20262129,new20x20,20x20,shortest_path,400,,not_checked,,,new20x20,new_instances/20x20,new_instances/20x20,0.01,600,1000,1,9000,9001,10000,true,results/batch/fpp_new_instances_scaling_new20x20/splits/new20x20_seed20262129_train600_test1000_case1_train.csv,results/batch/fpp_new_instances_scaling_new20x20/splits/new20x20_seed20262129_train600_test1000_case1_test.csv,CVaR,FPP-Branch-Benders-CVaR-ProjectedPathLLBI-exp-RootCuts,FPP-Branch-Benders,,cvar,0.9,1.0,path,exp,true,false,true,false,false,false,true,false,heuristic,0.10,eta-asc,true,true,100,100,1e-3,0,100000,1800,0.001,1,results/batch/fpp_new_instances_scaling_new20x20/splits,results/batch/fpp_new_instances_scaling_new20x20/workers/worker_031,results/batch/fpp_new_instances_scaling_new20x20/workers/worker_031/batch_results_worker_031.csv,results/batch/fpp_new_instances_scaling_new20x20/workers/worker_031/json/worker_031_task_007.json,results/batch/fpp_new_instances_scaling_new20x20/workers/worker_031/solutions,new20x20_case01_train600_test1000_alpha0p01_fpp_branch_benders_cvar_projectedpathllbi_exp_rootcuts,run-fpp-branch-benders-oos
worker_031_task_008,worker_031,case01,1,20260529,20262129,20262129,new20x20,20x20,shortest_path,400,,not_checked,,,new20x20,new_instances/20x20,new_instances/20x20,0.01,600,1000,1,9000,9001,10000,true,results/batch/fpp_new_instances_scaling_new20x20/splits/new20x20_seed20262129_train600_test1000_case1_train.csv,results/batch/fpp_new_instances_scaling_new20x20/splits/new20x20_seed20262129_train600_test1000_case1_test.csv,MeanCVaR,FPP-Branch-Benders-MeanCVaR-RootCuts,FPP-Branch-Benders,,mean-cvar,0.9,0.5,none,none,true,false,false,false,false,false,false,false,heuristic,0.10,eta-asc,true,true,100,100,1e-3,0,100000,1800,0.001,1,results/batch/fpp_new_instances_scaling_new20x20/splits,results/batch/fpp_new_instances_scaling_new20x20/workers/worker_031,results/batch/fpp_new_instances_scaling_new20x20/workers/worker_031/batch_results_worker_031.csv,results/batch/fpp_new_instances_scaling_new20x20/workers/worker_031/json/worker_031_task_008.json,results/batch/fpp_new_instances_scaling_new20x20/workers/worker_031/solutions,new20x20_case01_train600_test1000_alpha0p01_fpp_branch_benders_meancvar_rootcuts,run-fpp-branch-benders-oos
worker_031_task_009,worker_031,case01,1,20260529,20262129,20262129,new20x20,20x20,shortest_path,400,,not_checked,,,new20x20,new_instances/20x20,new_instances/20x20,0.01,600,1000,1,9000,9001,10000,true,results/batch/fpp_new_instances_scaling_new20x20/splits/new20x20_seed20262129_train600_test1000_case1_train.csv,results/batch/fpp_new_instances_scaling_new20x20/splits/new20x20_seed20262129_train600_test1000_case1_test.csv,MeanCVaR,FPP-Branch-Benders-MeanCVaR-LLBI-RootCuts,FPP-Branch-Benders,,mean-cvar,0.9,0.5,none,none,true,true,false,false,false,false,false,false,heuristic,0.10,eta-asc,true,true,100,100,1e-3,0,100000,1800,0.001,1,results/batch/fpp_new_instances_scaling_new20x20/splits,results/batch/fpp_new_instances_scaling_new20x20/workers/worker_031,results/batch/fpp_new_instances_scaling_new20x20/workers/worker_031/batch_results_worker_031.csv,results/batch/fpp_new_instances_scaling_new20x20/workers/worker_031/json/worker_031_task_009.json,results/batch/fpp_new_instances_scaling_new20x20/workers/worker_031/solutions,new20x20_case01_train600_test1000_alpha0p01_fpp_branch_benders_meancvar_llbi_rootcuts,run-fpp-branch-benders-oos
worker_031_task_010,worker_031,case01,1,20260529,20262129,20262129,new20x20,20x20,shortest_path,400,,not_checked,,,new20x20,new_instances/20x20,new_instances/20x20,0.01,600,1000,1,9000,9001,10000,true,results/batch/fpp_new_instances_scaling_new20x20/splits/new20x20_seed20262129_train600_test1000_case1_train.csv,results/batch/fpp_new_instances_scaling_new20x20/splits/new20x20_seed20262129_train600_test1000_case1_test.csv,MeanCVaR,FPP-Branch-Benders-MeanCVaR-ProjectedCoverageLLBI-exp-RootCuts,FPP-Branch-Benders,,mean-cvar,0.9,0.5,coverage,exp,true,false,true,false,false,true,false,false,heuristic,0.10,eta-asc,true,true,100,100,1e-3,0,100000,1800,0.001,1,results/batch/fpp_new_instances_scaling_new20x20/splits,results/batch/fpp_new_instances_scaling_new20x20/workers/worker_031,results/batch/fpp_new_instances_scaling_new20x20/workers/worker_031/batch_results_worker_031.csv,results/batch/fpp_new_instances_scaling_new20x20/workers/worker_031/json/worker_031_task_010.json,results/batch/fpp_new_instances_scaling_new20x20/workers/worker_031/solutions,new20x20_case01_train600_test1000_alpha0p01_fpp_branch_benders_meancvar_projectedcoveragellbi_exp_rootcuts,run-fpp-branch-benders-oos
worker_031_task_011,worker_031,case01,1,20260529,20262129,20262129,new20x20,20x20,shortest_path,400,,not_checked,,,new20x20,new_instances/20x20,new_instances/20x20,0.01,600,1000,1,9000,9001,10000,true,results/batch/fpp_new_instances_scaling_new20x20/splits/new20x20_seed20262129_train600_test1000_case1_train.csv,results/batch/fpp_new_instances_scaling_new20x20/splits/new20x20_seed20262129_train600_test1000_case1_test.csv,MeanCVaR,FPP-Branch-Benders-MeanCVaR-ProjectedPathLLBI-exp-RootCuts,FPP-Branch-Benders,,mean-cvar,0.9,0.5,path,exp,true,false,true,false,false,false,true,false,heuristic,0.10,eta-asc,true,true,100,100,1e-3,0,100000,1800,0.001,1,results/batch/fpp_new_instances_scaling_new20x20/splits,results/batch/fpp_new_instances_scaling_new20x20/workers/worker_031,results/batch/fpp_new_instances_scaling_new20x20/workers/worker_031/batch_results_worker_031.csv,results/batch/fpp_new_instances_scaling_new20x20/workers/worker_031/json/worker_031_task_011.json,results/batch/fpp_new_instances_scaling_new20x20/workers/worker_031/solutions,new20x20_case01_train600_test1000_alpha0p01_fpp_branch_benders_meancvar_projectedpathllbi_exp_rootcuts,run-fpp-branch-benders-oos
worker_032_task_000,worker_032,case02,2,20260529,20263129,20263129,new20x20,20x20,shortest_path,400,,not_checked,,,new20x20,new_instances/20x20,new_instances/20x20,0.01,600,1000,1,9000,9001,10000,true,results/batch/fpp_new_instances_scaling_new20x20/splits/new20x20_seed20263129_train600_test1000_case2_train.csv,results/batch/fpp_new_instances_scaling_new20x20/splits/new20x20_seed20263129_train600_test1000_case2_test.csv,MeanCVaR,FPP-SAA-MeanCVaR,FPP-SAA,fpp_base,mean-cvar,0.9,0.5,none,none,false,false,false,false,false,false,false,false,heuristic,0.10,eta-asc,true,true,100,100,1e-3,0,100000,1800,0.001,1,results/batch/fpp_new_instances_scaling_new20x20/splits,results/batch/fpp_new_instances_scaling_new20x20/workers/worker_032,results/batch/fpp_new_instances_scaling_new20x20/workers/worker_032/batch_results_worker_032.csv,results/batch/fpp_new_instances_scaling_new20x20/workers/worker_032/json/worker_032_task_000.json,results/batch/fpp_new_instances_scaling_new20x20/workers/worker_032/solutions,new20x20_case02_train600_test1000_alpha0p01_fpp_saa_meancvar,run-fpp-saa-oos
worker_032_task_001,worker_032,case02,2,20260529,20263129,20263129,new20x20,20x20,shortest_path,400,,not_checked,,,new20x20,new_instances/20x20,new_instances/20x20,0.01,600,1000,1,9000,9001,10000,true,results/batch/fpp_new_instances_scaling_new20x20/splits/new20x20_seed20263129_train600_test1000_case2_train.csv,results/batch/fpp_new_instances_scaling_new20x20/splits/new20x20_seed20263129_train600_test1000_case2_test.csv,Expected,FPP-Branch-Benders-LLBI-RootCuts,FPP-Branch-Benders,,expected,0.9,1.0,none,none,true,true,false,false,false,false,false,false,heuristic,0.10,eta-asc,true,true,100,100,1e-3,0,100000,1800,0.001,1,results/batch/fpp_new_instances_scaling_new20x20/splits,results/batch/fpp_new_instances_scaling_new20x20/workers/worker_032,results/batch/fpp_new_instances_scaling_new20x20/workers/worker_032/batch_results_worker_032.csv,results/batch/fpp_new_instances_scaling_new20x20/workers/worker_032/json/worker_032_task_001.json,results/batch/fpp_new_instances_scaling_new20x20/workers/worker_032/solutions,new20x20_case02_train600_test1000_alpha0p01_fpp_branch_benders_llbi_rootcuts,run-fpp-branch-benders-oos
worker_032_task_002,worker_032,case02,2,20260529,20263129,20263129,new20x20,20x20,shortest_path,400,,not_checked,,,new20x20,new_instances/20x20,new_instances/20x20,0.01,600,1000,1,9000,9001,10000,true,results/batch/fpp_new_instances_scaling_new20x20/splits/new20x20_seed20263129_train600_test1000_case2_train.csv,results/batch/fpp_new_instances_scaling_new20x20/splits/new20x20_seed20263129_train600_test1000_case2_test.csv,Expected,FPP-Branch-Benders-ProjectedCoverageLLBI-exp-RootCuts,FPP-Branch-Benders,,expected,0.9,1.0,coverage,exp,true,false,true,false,false,true,false,false,heuristic,0.10,eta-asc,true,true,100,100,1e-3,0,100000,1800,0.001,1,results/batch/fpp_new_instances_scaling_new20x20/splits,results/batch/fpp_new_instances_scaling_new20x20/workers/worker_032,results/batch/fpp_new_instances_scaling_new20x20/workers/worker_032/batch_results_worker_032.csv,results/batch/fpp_new_instances_scaling_new20x20/workers/worker_032/json/worker_032_task_002.json,results/batch/fpp_new_instances_scaling_new20x20/workers/worker_032/solutions,new20x20_case02_train600_test1000_alpha0p01_fpp_branch_benders_projectedcoveragellbi_exp_rootcuts,run-fpp-branch-benders-oos
worker_032_task_003,worker_032,case02,2,20260529,20263129,20263129,new20x20,20x20,shortest_path,400,,not_checked,,,new20x20,new_instances/20x20,new_instances/20x20,0.01,600,1000,1,9000,9001,10000,true,results/batch/fpp_new_instances_scaling_new20x20/splits/new20x20_seed20263129_train600_test1000_case2_train.csv,results/batch/fpp_new_instances_scaling_new20x20/splits/new20x20_seed20263129_train600_test1000_case2_test.csv,Expected,FPP-Branch-Benders-ProjectedPathLLBI-exp-RootCuts,FPP-Branch-Benders,,expected,0.9,1.0,path,exp,true,false,true,false,false,false,true,false,heuristic,0.10,eta-asc,true,true,100,100,1e-3,0,100000,1800,0.001,1,results/batch/fpp_new_instances_scaling_new20x20/splits,results/batch/fpp_new_instances_scaling_new20x20/workers/worker_032,results/batch/fpp_new_instances_scaling_new20x20/workers/worker_032/batch_results_worker_032.csv,results/batch/fpp_new_instances_scaling_new20x20/workers/worker_032/json/worker_032_task_003.json,results/batch/fpp_new_instances_scaling_new20x20/workers/worker_032/solutions,new20x20_case02_train600_test1000_alpha0p01_fpp_branch_benders_projectedpathllbi_exp_rootcuts,run-fpp-branch-benders-oos
worker_032_task_004,worker_032,case02,2,20260529,20263129,20263129,new20x20,20x20,shortest_path,400,,not_checked,,,new20x20,new_instances/20x20,new_instances/20x20,0.01,600,1000,1,9000,9001,10000,true,results/batch/fpp_new_instances_scaling_new20x20/splits/new20x20_seed20263129_train600_test1000_case2_train.csv,results/batch/fpp_new_instances_scaling_new20x20/splits/new20x20_seed20263129_train600_test1000_case2_test.csv,CVaR,FPP-Branch-Benders-CVaR-RootCuts,FPP-Branch-Benders,,cvar,0.9,1.0,none,none,true,false,false,false,false,false,false,false,heuristic,0.10,eta-asc,true,true,100,100,1e-3,0,100000,1800,0.001,1,results/batch/fpp_new_instances_scaling_new20x20/splits,results/batch/fpp_new_instances_scaling_new20x20/workers/worker_032,results/batch/fpp_new_instances_scaling_new20x20/workers/worker_032/batch_results_worker_032.csv,results/batch/fpp_new_instances_scaling_new20x20/workers/worker_032/json/worker_032_task_004.json,results/batch/fpp_new_instances_scaling_new20x20/workers/worker_032/solutions,new20x20_case02_train600_test1000_alpha0p01_fpp_branch_benders_cvar_rootcuts,run-fpp-branch-benders-oos
worker_032_task_005,worker_032,case02,2,20260529,20263129,20263129,new20x20,20x20,shortest_path,400,,not_checked,,,new20x20,new_instances/20x20,new_instances/20x20,0.01,600,1000,1,9000,9001,10000,true,results/batch/fpp_new_instances_scaling_new20x20/splits/new20x20_seed20263129_train600_test1000_case2_train.csv,results/batch/fpp_new_instances_scaling_new20x20/splits/new20x20_seed20263129_train600_test1000_case2_test.csv,CVaR,FPP-Branch-Benders-CVaR-LLBI-RootCuts,FPP-Branch-Benders,,cvar,0.9,1.0,none,none,true,true,false,false,false,false,false,false,heuristic,0.10,eta-asc,true,true,100,100,1e-3,0,100000,1800,0.001,1,results/batch/fpp_new_instances_scaling_new20x20/splits,results/batch/fpp_new_instances_scaling_new20x20/workers/worker_032,results/batch/fpp_new_instances_scaling_new20x20/workers/worker_032/batch_results_worker_032.csv,results/batch/fpp_new_instances_scaling_new20x20/workers/worker_032/json/worker_032_task_005.json,results/batch/fpp_new_instances_scaling_new20x20/workers/worker_032/solutions,new20x20_case02_train600_test1000_alpha0p01_fpp_branch_benders_cvar_llbi_rootcuts,run-fpp-branch-benders-oos
worker_032_task_006,worker_032,case02,2,20260529,20263129,20263129,new20x20,20x20,shortest_path,400,,not_checked,,,new20x20,new_instances/20x20,new_instances/20x20,0.01,600,1000,1,9000,9001,10000,true,results/batch/fpp_new_instances_scaling_new20x20/splits/new20x20_seed20263129_train600_test1000_case2_train.csv,results/batch/fpp_new_instances_scaling_new20x20/splits/new20x20_seed20263129_train600_test1000_case2_test.csv,CVaR,FPP-Branch-Benders-CVaR-ProjectedCoverageLLBI-exp-RootCuts,FPP-Branch-Benders,,cvar,0.9,1.0,coverage,exp,true,false,true,false,false,true,false,false,heuristic,0.10,eta-asc,true,true,100,100,1e-3,0,100000,1800,0.001,1,results/batch/fpp_new_instances_scaling_new20x20/splits,results/batch/fpp_new_instances_scaling_new20x20/workers/worker_032,results/batch/fpp_new_instances_scaling_new20x20/workers/worker_032/batch_results_worker_032.csv,results/batch/fpp_new_instances_scaling_new20x20/workers/worker_032/json/worker_032_task_006.json,results/batch/fpp_new_instances_scaling_new20x20/workers/worker_032/solutions,new20x20_case02_train600_test1000_alpha0p01_fpp_branch_benders_cvar_projectedcoveragellbi_exp_rootcuts,run-fpp-branch-benders-oos
worker_032_task_007,worker_032,case02,2,20260529,20263129,20263129,new20x20,20x20,shortest_path,400,,not_checked,,,new20x20,new_instances/20x20,new_instances/20x20,0.01,600,1000,1,9000,9001,10000,true,results/batch/fpp_new_instances_scaling_new20x20/splits/new20x20_seed20263129_train600_test1000_case2_train.csv,results/batch/fpp_new_instances_scaling_new20x20/splits/new20x20_seed20263129_train600_test1000_case2_test.csv,CVaR,FPP-Branch-Benders-CVaR-ProjectedPathLLBI-exp-RootCuts,FPP-Branch-Benders,,cvar,0.9,1.0,path,exp,true,false,true,false,false,false,true,false,heuristic,0.10,eta-asc,true,true,100,100,1e-3,0,100000,1800,0.001,1,results/batch/fpp_new_instances_scaling_new20x20/splits,results/batch/fpp_new_instances_scaling_new20x20/workers/worker_032,results/batch/fpp_new_instances_scaling_new20x20/workers/worker_032/batch_results_worker_032.csv,results/batch/fpp_new_instances_scaling_new20x20/workers/worker_032/json/worker_032_task_007.json,results/batch/fpp_new_instances_scaling_new20x20/workers/worker_032/solutions,new20x20_case02_train600_test1000_alpha0p01_fpp_branch_benders_cvar_projectedpathllbi_exp_rootcuts,run-fpp-branch-benders-oos
worker_032_task_008,worker_032,case02,2,20260529,20263129,20263129,new20x20,20x20,shortest_path,400,,not_checked,,,new20x20,new_instances/20x20,new_instances/20x20,0.01,600,1000,1,9000,9001,10000,true,results/batch/fpp_new_instances_scaling_new20x20/splits/new20x20_seed20263129_train600_test1000_case2_train.csv,results/batch/fpp_new_instances_scaling_new20x20/splits/new20x20_seed20263129_train600_test1000_case2_test.csv,MeanCVaR,FPP-Branch-Benders-MeanCVaR-RootCuts,FPP-Branch-Benders,,mean-cvar,0.9,0.5,none,none,true,false,false,false,false,false,false,false,heuristic,0.10,eta-asc,true,true,100,100,1e-3,0,100000,1800,0.001,1,results/batch/fpp_new_instances_scaling_new20x20/splits,results/batch/fpp_new_instances_scaling_new20x20/workers/worker_032,results/batch/fpp_new_instances_scaling_new20x20/workers/worker_032/batch_results_worker_032.csv,results/batch/fpp_new_instances_scaling_new20x20/workers/worker_032/json/worker_032_task_008.json,results/batch/fpp_new_instances_scaling_new20x20/workers/worker_032/solutions,new20x20_case02_train600_test1000_alpha0p01_fpp_branch_benders_meancvar_rootcuts,run-fpp-branch-benders-oos
worker_032_task_009,worker_032,case02,2,20260529,20263129,20263129,new20x20,20x20,shortest_path,400,,not_checked,,,new20x20,new_instances/20x20,new_instances/20x20,0.01,600,1000,1,9000,9001,10000,true,results/batch/fpp_new_instances_scaling_new20x20/splits/new20x20_seed20263129_train600_test1000_case2_train.csv,results/batch/fpp_new_instances_scaling_new20x20/splits/new20x20_seed20263129_train600_test1000_case2_test.csv,MeanCVaR,FPP-Branch-Benders-MeanCVaR-LLBI-RootCuts,FPP-Branch-Benders,,mean-cvar,0.9,0.5,none,none,true,true,false,false,false,false,false,false,heuristic,0.10,eta-asc,true,true,100,100,1e-3,0,100000,1800,0.001,1,results/batch/fpp_new_instances_scaling_new20x20/splits,results/batch/fpp_new_instances_scaling_new20x20/workers/worker_032,results/batch/fpp_new_instances_scaling_new20x20/workers/worker_032/batch_results_worker_032.csv,results/batch/fpp_new_instances_scaling_new20x20/workers/worker_032/json/worker_032_task_009.json,results/batch/fpp_new_instances_scaling_new20x20/workers/worker_032/solutions,new20x20_case02_train600_test1000_alpha0p01_fpp_branch_benders_meancvar_llbi_rootcuts,run-fpp-branch-benders-oos
worker_032_task_010,worker_032,case02,2,20260529,20263129,20263129,new20x20,20x20,shortest_path,400,,not_checked,,,new20x20,new_instances/20x20,new_instances/20x20,0.01,600,1000,1,9000,9001,10000,true,results/batch/fpp_new_instances_scaling_new20x20/splits/new20x20_seed20263129_train600_test1000_case2_train.csv,results/batch/fpp_new_instances_scaling_new20x20/splits/new20x20_seed20263129_train600_test1000_case2_test.csv,MeanCVaR,FPP-Branch-Benders-MeanCVaR-ProjectedCoverageLLBI-exp-RootCuts,FPP-Branch-Benders,,mean-cvar,0.9,0.5,coverage,exp,true,false,true,false,false,true,false,false,heuristic,0.10,eta-asc,true,true,100,100,1e-3,0,100000,1800,0.001,1,results/batch/fpp_new_instances_scaling_new20x20/splits,results/batch/fpp_new_instances_scaling_new20x20/workers/worker_032,results/batch/fpp_new_instances_scaling_new20x20/workers/worker_032/batch_results_worker_032.csv,results/batch/fpp_new_instances_scaling_new20x20/workers/worker_032/json/worker_032_task_010.json,results/batch/fpp_new_instances_scaling_new20x20/workers/worker_032/solutions,new20x20_case02_train600_test1000_alpha0p01_fpp_branch_benders_meancvar_projectedcoveragellbi_exp_rootcuts,run-fpp-branch-benders-oos
worker_032_task_011,worker_032,case02,2,20260529,20263129,20263129,new20x20,20x20,shortest_path,400,,not_checked,,,new20x20,new_instances/20x20,new_instances/20x20,0.01,600,1000,1,9000,9001,10000,true,results/batch/fpp_new_instances_scaling_new20x20/splits/new20x20_seed20263129_train600_test1000_case2_train.csv,results/batch/fpp_new_instances_scaling_new20x20/splits/new20x20_seed20263129_train600_test1000_case2_test.csv,MeanCVaR,FPP-Branch-Benders-MeanCVaR-ProjectedPathLLBI-exp-RootCuts,FPP-Branch-Benders,,mean-cvar,0.9,0.5,path,exp,true,false,true,false,false,false,true,false,heuristic,0.10,eta-asc,true,true,100,100,1e-3,0,100000,1800,0.001,1,results/batch/fpp_new_instances_scaling_new20x20/splits,results/batch/fpp_new_instances_scaling_new20x20/workers/worker_032,results/batch/fpp_new_instances_scaling_new20x20/workers/worker_032/batch_results_worker_032.csv,results/batch/fpp_new_instances_scaling_new20x20/workers/worker_032/json/worker_032_task_011.json,results/batch/fpp_new_instances_scaling_new20x20/workers/worker_032/solutions,new20x20_case02_train600_test1000_alpha0p01_fpp_branch_benders_meancvar_projectedpathllbi_exp_rootcuts,run-fpp-branch-benders-oos
worker_033_task_000,worker_033,case03,3,20260529,20264129,20264129,new20x20,20x20,shortest_path,400,,not_checked,,,new20x20,new_instances/20x20,new_instances/20x20,0.01,600,1000,1,9000,9001,10000,true,results/batch/fpp_new_instances_scaling_new20x20/splits/new20x20_seed20264129_train600_test1000_case3_train.csv,results/batch/fpp_new_instances_scaling_new20x20/splits/new20x20_seed20264129_train600_test1000_case3_test.csv,MeanCVaR,FPP-SAA-MeanCVaR,FPP-SAA,fpp_base,mean-cvar,0.9,0.5,none,none,false,false,false,false,false,false,false,false,heuristic,0.10,eta-asc,true,true,100,100,1e-3,0,100000,1800,0.001,1,results/batch/fpp_new_instances_scaling_new20x20/splits,results/batch/fpp_new_instances_scaling_new20x20/workers/worker_033,results/batch/fpp_new_instances_scaling_new20x20/workers/worker_033/batch_results_worker_033.csv,results/batch/fpp_new_instances_scaling_new20x20/workers/worker_033/json/worker_033_task_000.json,results/batch/fpp_new_instances_scaling_new20x20/workers/worker_033/solutions,new20x20_case03_train600_test1000_alpha0p01_fpp_saa_meancvar,run-fpp-saa-oos
worker_033_task_001,worker_033,case03,3,20260529,20264129,20264129,new20x20,20x20,shortest_path,400,,not_checked,,,new20x20,new_instances/20x20,new_instances/20x20,0.01,600,1000,1,9000,9001,10000,true,results/batch/fpp_new_instances_scaling_new20x20/splits/new20x20_seed20264129_train600_test1000_case3_train.csv,results/batch/fpp_new_instances_scaling_new20x20/splits/new20x20_seed20264129_train600_test1000_case3_test.csv,Expected,FPP-Branch-Benders-LLBI-RootCuts,FPP-Branch-Benders,,expected,0.9,1.0,none,none,true,true,false,false,false,false,false,false,heuristic,0.10,eta-asc,true,true,100,100,1e-3,0,100000,1800,0.001,1,results/batch/fpp_new_instances_scaling_new20x20/splits,results/batch/fpp_new_instances_scaling_new20x20/workers/worker_033,results/batch/fpp_new_instances_scaling_new20x20/workers/worker_033/batch_results_worker_033.csv,results/batch/fpp_new_instances_scaling_new20x20/workers/worker_033/json/worker_033_task_001.json,results/batch/fpp_new_instances_scaling_new20x20/workers/worker_033/solutions,new20x20_case03_train600_test1000_alpha0p01_fpp_branch_benders_llbi_rootcuts,run-fpp-branch-benders-oos
worker_033_task_002,worker_033,case03,3,20260529,20264129,20264129,new20x20,20x20,shortest_path,400,,not_checked,,,new20x20,new_instances/20x20,new_instances/20x20,0.01,600,1000,1,9000,9001,10000,true,results/batch/fpp_new_instances_scaling_new20x20/splits/new20x20_seed20264129_train600_test1000_case3_train.csv,results/batch/fpp_new_instances_scaling_new20x20/splits/new20x20_seed20264129_train600_test1000_case3_test.csv,Expected,FPP-Branch-Benders-ProjectedCoverageLLBI-exp-RootCuts,FPP-Branch-Benders,,expected,0.9,1.0,coverage,exp,true,false,true,false,false,true,false,false,heuristic,0.10,eta-asc,true,true,100,100,1e-3,0,100000,1800,0.001,1,results/batch/fpp_new_instances_scaling_new20x20/splits,results/batch/fpp_new_instances_scaling_new20x20/workers/worker_033,results/batch/fpp_new_instances_scaling_new20x20/workers/worker_033/batch_results_worker_033.csv,results/batch/fpp_new_instances_scaling_new20x20/workers/worker_033/json/worker_033_task_002.json,results/batch/fpp_new_instances_scaling_new20x20/workers/worker_033/solutions,new20x20_case03_train600_test1000_alpha0p01_fpp_branch_benders_projectedcoveragellbi_exp_rootcuts,run-fpp-branch-benders-oos
worker_033_task_003,worker_033,case03,3,20260529,20264129,20264129,new20x20,20x20,shortest_path,400,,not_checked,,,new20x20,new_instances/20x20,new_instances/20x20,0.01,600,1000,1,9000,9001,10000,true,results/batch/fpp_new_instances_scaling_new20x20/splits/new20x20_seed20264129_train600_test1000_case3_train.csv,results/batch/fpp_new_instances_scaling_new20x20/splits/new20x20_seed20264129_train600_test1000_case3_test.csv,Expected,FPP-Branch-Benders-ProjectedPathLLBI-exp-RootCuts,FPP-Branch-Benders,,expected,0.9,1.0,path,exp,true,false,true,false,false,false,true,false,heuristic,0.10,eta-asc,true,true,100,100,1e-3,0,100000,1800,0.001,1,results/batch/fpp_new_instances_scaling_new20x20/splits,results/batch/fpp_new_instances_scaling_new20x20/workers/worker_033,results/batch/fpp_new_instances_scaling_new20x20/workers/worker_033/batch_results_worker_033.csv,results/batch/fpp_new_instances_scaling_new20x20/workers/worker_033/json/worker_033_task_003.json,results/batch/fpp_new_instances_scaling_new20x20/workers/worker_033/solutions,new20x20_case03_train600_test1000_alpha0p01_fpp_branch_benders_projectedpathllbi_exp_rootcuts,run-fpp-branch-benders-oos
worker_033_task_004,worker_033,case03,3,20260529,20264129,20264129,new20x20,20x20,shortest_path,400,,not_checked,,,new20x20,new_instances/20x20,new_instances/20x20,0.01,600,1000,1,9000,9001,10000,true,results/batch/fpp_new_instances_scaling_new20x20/splits/new20x20_seed20264129_train600_test1000_case3_train.csv,results/batch/fpp_new_instances_scaling_new20x20/splits/new20x20_seed20264129_train600_test1000_case3_test.csv,CVaR,FPP-Branch-Benders-CVaR-RootCuts,FPP-Branch-Benders,,cvar,0.9,1.0,none,none,true,false,false,false,false,false,false,false,heuristic,0.10,eta-asc,true,true,100,100,1e-3,0,100000,1800,0.001,1,results/batch/fpp_new_instances_scaling_new20x20/splits,results/batch/fpp_new_instances_scaling_new20x20/workers/worker_033,results/batch/fpp_new_instances_scaling_new20x20/workers/worker_033/batch_results_worker_033.csv,results/batch/fpp_new_instances_scaling_new20x20/workers/worker_033/json/worker_033_task_004.json,results/batch/fpp_new_instances_scaling_new20x20/workers/worker_033/solutions,new20x20_case03_train600_test1000_alpha0p01_fpp_branch_benders_cvar_rootcuts,run-fpp-branch-benders-oos
worker_033_task_005,worker_033,case03,3,20260529,20264129,20264129,new20x20,20x20,shortest_path,400,,not_checked,,,new20x20,new_instances/20x20,new_instances/20x20,0.01,600,1000,1,9000,9001,10000,true,results/batch/fpp_new_instances_scaling_new20x20/splits/new20x20_seed20264129_train600_test1000_case3_train.csv,results/batch/fpp_new_instances_scaling_new20x20/splits/new20x20_seed20264129_train600_test1000_case3_test.csv,CVaR,FPP-Branch-Benders-CVaR-LLBI-RootCuts,FPP-Branch-Benders,,cvar,0.9,1.0,none,none,true,true,false,false,false,false,false,false,heuristic,0.10,eta-asc,true,true,100,100,1e-3,0,100000,1800,0.001,1,results/batch/fpp_new_instances_scaling_new20x20/splits,results/batch/fpp_new_instances_scaling_new20x20/workers/worker_033,results/batch/fpp_new_instances_scaling_new20x20/workers/worker_033/batch_results_worker_033.csv,results/batch/fpp_new_instances_scaling_new20x20/workers/worker_033/json/worker_033_task_005.json,results/batch/fpp_new_instances_scaling_new20x20/workers/worker_033/solutions,new20x20_case03_train600_test1000_alpha0p01_fpp_branch_benders_cvar_llbi_rootcuts,run-fpp-branch-benders-oos
worker_033_task_006,worker_033,case03,3,20260529,20264129,20264129,new20x20,20x20,shortest_path,400,,not_checked,,,new20x20,new_instances/20x20,new_instances/20x20,0.01,600,1000,1,9000,9001,10000,true,results/batch/fpp_new_instances_scaling_new20x20/splits/new20x20_seed20264129_train600_test1000_case3_train.csv,results/batch/fpp_new_instances_scaling_new20x20/splits/new20x20_seed20264129_train600_test1000_case3_test.csv,CVaR,FPP-Branch-Benders-CVaR-ProjectedCoverageLLBI-exp-RootCuts,FPP-Branch-Benders,,cvar,0.9,1.0,coverage,exp,true,false,true,false,false,true,false,false,heuristic,0.10,eta-asc,true,true,100,100,1e-3,0,100000,1800,0.001,1,results/batch/fpp_new_instances_scaling_new20x20/splits,results/batch/fpp_new_instances_scaling_new20x20/workers/worker_033,results/batch/fpp_new_instances_scaling_new20x20/workers/worker_033/batch_results_worker_033.csv,results/batch/fpp_new_instances_scaling_new20x20/workers/worker_033/json/worker_033_task_006.json,results/batch/fpp_new_instances_scaling_new20x20/workers/worker_033/solutions,new20x20_case03_train600_test1000_alpha0p01_fpp_branch_benders_cvar_projectedcoveragellbi_exp_rootcuts,run-fpp-branch-benders-oos
worker_033_task_007,worker_033,case03,3,20260529,20264129,20264129,new20x20,20x20,shortest_path,400,,not_checked,,,new20x20,new_instances/20x20,new_instances/20x20,0.01,600,1000,1,9000,9001,10000,true,results/batch/fpp_new_instances_scaling_new20x20/splits/new20x20_seed20264129_train600_test1000_case3_train.csv,results/batch/fpp_new_instances_scaling_new20x20/splits/new20x20_seed20264129_train600_test1000_case3_test.csv,CVaR,FPP-Branch-Benders-CVaR-ProjectedPathLLBI-exp-RootCuts,FPP-Branch-Benders,,cvar,0.9,1.0,path,exp,true,false,true,false,false,false,true,false,heuristic,0.10,eta-asc,true,true,100,100,1e-3,0,100000,1800,0.001,1,results/batch/fpp_new_instances_scaling_new20x20/splits,results/batch/fpp_new_instances_scaling_new20x20/workers/worker_033,results/batch/fpp_new_instances_scaling_new20x20/workers/worker_033/batch_results_worker_033.csv,results/batch/fpp_new_instances_scaling_new20x20/workers/worker_033/json/worker_033_task_007.json,results/batch/fpp_new_instances_scaling_new20x20/workers/worker_033/solutions,new20x20_case03_train600_test1000_alpha0p01_fpp_branch_benders_cvar_projectedpathllbi_exp_rootcuts,run-fpp-branch-benders-oos
worker_033_task_008,worker_033,case03,3,20260529,20264129,20264129,new20x20,20x20,shortest_path,400,,not_checked,,,new20x20,new_instances/20x20,new_instances/20x20,0.01,600,1000,1,9000,9001,10000,true,results/batch/fpp_new_instances_scaling_new20x20/splits/new20x20_seed20264129_train600_test1000_case3_train.csv,results/batch/fpp_new_instances_scaling_new20x20/splits/new20x20_seed20264129_train600_test1000_case3_test.csv,MeanCVaR,FPP-Branch-Benders-MeanCVaR-RootCuts,FPP-Branch-Benders,,mean-cvar,0.9,0.5,none,none,true,false,false,false,false,false,false,false,heuristic,0.10,eta-asc,true,true,100,100,1e-3,0,100000,1800,0.001,1,results/batch/fpp_new_instances_scaling_new20x20/splits,results/batch/fpp_new_instances_scaling_new20x20/workers/worker_033,results/batch/fpp_new_instances_scaling_new20x20/workers/worker_033/batch_results_worker_033.csv,results/batch/fpp_new_instances_scaling_new20x20/workers/worker_033/json/worker_033_task_008.json,results/batch/fpp_new_instances_scaling_new20x20/workers/worker_033/solutions,new20x20_case03_train600_test1000_alpha0p01_fpp_branch_benders_meancvar_rootcuts,run-fpp-branch-benders-oos
worker_033_task_009,worker_033,case03,3,20260529,20264129,20264129,new20x20,20x20,shortest_path,400,,not_checked,,,new20x20,new_instances/20x20,new_instances/20x20,0.01,600,1000,1,9000,9001,10000,true,results/batch/fpp_new_instances_scaling_new20x20/splits/new20x20_seed20264129_train600_test1000_case3_train.csv,results/batch/fpp_new_instances_scaling_new20x20/splits/new20x20_seed20264129_train600_test1000_case3_test.csv,MeanCVaR,FPP-Branch-Benders-MeanCVaR-LLBI-RootCuts,FPP-Branch-Benders,,mean-cvar,0.9,0.5,none,none,true,true,false,false,false,false,false,false,heuristic,0.10,eta-asc,true,true,100,100,1e-3,0,100000,1800,0.001,1,results/batch/fpp_new_instances_scaling_new20x20/splits,results/batch/fpp_new_instances_scaling_new20x20/workers/worker_033,results/batch/fpp_new_instances_scaling_new20x20/workers/worker_033/batch_results_worker_033.csv,results/batch/fpp_new_instances_scaling_new20x20/workers/worker_033/json/worker_033_task_009.json,results/batch/fpp_new_instances_scaling_new20x20/workers/worker_033/solutions,new20x20_case03_train600_test1000_alpha0p01_fpp_branch_benders_meancvar_llbi_rootcuts,run-fpp-branch-benders-oos
worker_033_task_010,worker_033,case03,3,20260529,20264129,20264129,new20x20,20x20,shortest_path,400,,not_checked,,,new20x20,new_instances/20x20,new_instances/20x20,0.01,600,1000,1,9000,9001,10000,true,results/batch/fpp_new_instances_scaling_new20x20/splits/new20x20_seed20264129_train600_test1000_case3_train.csv,results/batch/fpp_new_instances_scaling_new20x20/splits/new20x20_seed20264129_train600_test1000_case3_test.csv,MeanCVaR,FPP-Branch-Benders-MeanCVaR-ProjectedCoverageLLBI-exp-RootCuts,FPP-Branch-Benders,,mean-cvar,0.9,0.5,coverage,exp,true,false,true,false,false,true,false,false,heuristic,0.10,eta-asc,true,true,100,100,1e-3,0,100000,1800,0.001,1,results/batch/fpp_new_instances_scaling_new20x20/splits,results/batch/fpp_new_instances_scaling_new20x20/workers/worker_033,results/batch/fpp_new_instances_scaling_new20x20/workers/worker_033/batch_results_worker_033.csv,results/batch/fpp_new_instances_scaling_new20x20/workers/worker_033/json/worker_033_task_010.json,results/batch/fpp_new_instances_scaling_new20x20/workers/worker_033/solutions,new20x20_case03_train600_test1000_alpha0p01_fpp_branch_benders_meancvar_projectedcoveragellbi_exp_rootcuts,run-fpp-branch-benders-oos
worker_033_task_011,worker_033,case03,3,20260529,20264129,20264129,new20x20,20x20,shortest_path,400,,not_checked,,,new20x20,new_instances/20x20,new_instances/20x20,0.01,600,1000,1,9000,9001,10000,true,results/batch/fpp_new_instances_scaling_new20x20/splits/new20x20_seed20264129_train600_test1000_case3_train.csv,results/batch/fpp_new_instances_scaling_new20x20/splits/new20x20_seed20264129_train600_test1000_case3_test.csv,MeanCVaR,FPP-Branch-Benders-MeanCVaR-ProjectedPathLLBI-exp-RootCuts,FPP-Branch-Benders,,mean-cvar,0.9,0.5,path,exp,true,false,true,false,false,false,true,false,heuristic,0.10,eta-asc,true,true,100,100,1e-3,0,100000,1800,0.001,1,results/batch/fpp_new_instances_scaling_new20x20/splits,results/batch/fpp_new_instances_scaling_new20x20/workers/worker_033,results/batch/fpp_new_instances_scaling_new20x20/workers/worker_033/batch_results_worker_033.csv,results/batch/fpp_new_instances_scaling_new20x20/workers/worker_033/json/worker_033_task_011.json,results/batch/fpp_new_instances_scaling_new20x20/workers/worker_033/solutions,new20x20_case03_train600_test1000_alpha0p01_fpp_branch_benders_meancvar_projectedpathllbi_exp_rootcuts,run-fpp-branch-benders-oos
worker_034_task_000,worker_034,case04,4,20260529,20265129,20265129,new20x20,20x20,shortest_path,400,,not_checked,,,new20x20,new_instances/20x20,new_instances/20x20,0.01,600,1000,1,9000,9001,10000,true,results/batch/fpp_new_instances_scaling_new20x20/splits/new20x20_seed20265129_train600_test1000_case4_train.csv,results/batch/fpp_new_instances_scaling_new20x20/splits/new20x20_seed20265129_train600_test1000_case4_test.csv,MeanCVaR,FPP-SAA-MeanCVaR,FPP-SAA,fpp_base,mean-cvar,0.9,0.5,none,none,false,false,false,false,false,false,false,false,heuristic,0.10,eta-asc,true,true,100,100,1e-3,0,100000,1800,0.001,1,results/batch/fpp_new_instances_scaling_new20x20/splits,results/batch/fpp_new_instances_scaling_new20x20/workers/worker_034,results/batch/fpp_new_instances_scaling_new20x20/workers/worker_034/batch_results_worker_034.csv,results/batch/fpp_new_instances_scaling_new20x20/workers/worker_034/json/worker_034_task_000.json,results/batch/fpp_new_instances_scaling_new20x20/workers/worker_034/solutions,new20x20_case04_train600_test1000_alpha0p01_fpp_saa_meancvar,run-fpp-saa-oos
worker_034_task_001,worker_034,case04,4,20260529,20265129,20265129,new20x20,20x20,shortest_path,400,,not_checked,,,new20x20,new_instances/20x20,new_instances/20x20,0.01,600,1000,1,9000,9001,10000,true,results/batch/fpp_new_instances_scaling_new20x20/splits/new20x20_seed20265129_train600_test1000_case4_train.csv,results/batch/fpp_new_instances_scaling_new20x20/splits/new20x20_seed20265129_train600_test1000_case4_test.csv,Expected,FPP-Branch-Benders-LLBI-RootCuts,FPP-Branch-Benders,,expected,0.9,1.0,none,none,true,true,false,false,false,false,false,false,heuristic,0.10,eta-asc,true,true,100,100,1e-3,0,100000,1800,0.001,1,results/batch/fpp_new_instances_scaling_new20x20/splits,results/batch/fpp_new_instances_scaling_new20x20/workers/worker_034,results/batch/fpp_new_instances_scaling_new20x20/workers/worker_034/batch_results_worker_034.csv,results/batch/fpp_new_instances_scaling_new20x20/workers/worker_034/json/worker_034_task_001.json,results/batch/fpp_new_instances_scaling_new20x20/workers/worker_034/solutions,new20x20_case04_train600_test1000_alpha0p01_fpp_branch_benders_llbi_rootcuts,run-fpp-branch-benders-oos
worker_034_task_002,worker_034,case04,4,20260529,20265129,20265129,new20x20,20x20,shortest_path,400,,not_checked,,,new20x20,new_instances/20x20,new_instances/20x20,0.01,600,1000,1,9000,9001,10000,true,results/batch/fpp_new_instances_scaling_new20x20/splits/new20x20_seed20265129_train600_test1000_case4_train.csv,results/batch/fpp_new_instances_scaling_new20x20/splits/new20x20_seed20265129_train600_test1000_case4_test.csv,Expected,FPP-Branch-Benders-ProjectedCoverageLLBI-exp-RootCuts,FPP-Branch-Benders,,expected,0.9,1.0,coverage,exp,true,false,true,false,false,true,false,false,heuristic,0.10,eta-asc,true,true,100,100,1e-3,0,100000,1800,0.001,1,results/batch/fpp_new_instances_scaling_new20x20/splits,results/batch/fpp_new_instances_scaling_new20x20/workers/worker_034,results/batch/fpp_new_instances_scaling_new20x20/workers/worker_034/batch_results_worker_034.csv,results/batch/fpp_new_instances_scaling_new20x20/workers/worker_034/json/worker_034_task_002.json,results/batch/fpp_new_instances_scaling_new20x20/workers/worker_034/solutions,new20x20_case04_train600_test1000_alpha0p01_fpp_branch_benders_projectedcoveragellbi_exp_rootcuts,run-fpp-branch-benders-oos
worker_034_task_003,worker_034,case04,4,20260529,20265129,20265129,new20x20,20x20,shortest_path,400,,not_checked,,,new20x20,new_instances/20x20,new_instances/20x20,0.01,600,1000,1,9000,9001,10000,true,results/batch/fpp_new_instances_scaling_new20x20/splits/new20x20_seed20265129_train600_test1000_case4_train.csv,results/batch/fpp_new_instances_scaling_new20x20/splits/new20x20_seed20265129_train600_test1000_case4_test.csv,Expected,FPP-Branch-Benders-ProjectedPathLLBI-exp-RootCuts,FPP-Branch-Benders,,expected,0.9,1.0,path,exp,true,false,true,false,false,false,true,false,heuristic,0.10,eta-asc,true,true,100,100,1e-3,0,100000,1800,0.001,1,results/batch/fpp_new_instances_scaling_new20x20/splits,results/batch/fpp_new_instances_scaling_new20x20/workers/worker_034,results/batch/fpp_new_instances_scaling_new20x20/workers/worker_034/batch_results_worker_034.csv,results/batch/fpp_new_instances_scaling_new20x20/workers/worker_034/json/worker_034_task_003.json,results/batch/fpp_new_instances_scaling_new20x20/workers/worker_034/solutions,new20x20_case04_train600_test1000_alpha0p01_fpp_branch_benders_projectedpathllbi_exp_rootcuts,run-fpp-branch-benders-oos
worker_034_task_004,worker_034,case04,4,20260529,20265129,20265129,new20x20,20x20,shortest_path,400,,not_checked,,,new20x20,new_instances/20x20,new_instances/20x20,0.01,600,1000,1,9000,9001,10000,true,results/batch/fpp_new_instances_scaling_new20x20/splits/new20x20_seed20265129_train600_test1000_case4_train.csv,results/batch/fpp_new_instances_scaling_new20x20/splits/new20x20_seed20265129_train600_test1000_case4_test.csv,CVaR,FPP-Branch-Benders-CVaR-RootCuts,FPP-Branch-Benders,,cvar,0.9,1.0,none,none,true,false,false,false,false,false,false,false,heuristic,0.10,eta-asc,true,true,100,100,1e-3,0,100000,1800,0.001,1,results/batch/fpp_new_instances_scaling_new20x20/splits,results/batch/fpp_new_instances_scaling_new20x20/workers/worker_034,results/batch/fpp_new_instances_scaling_new20x20/workers/worker_034/batch_results_worker_034.csv,results/batch/fpp_new_instances_scaling_new20x20/workers/worker_034/json/worker_034_task_004.json,results/batch/fpp_new_instances_scaling_new20x20/workers/worker_034/solutions,new20x20_case04_train600_test1000_alpha0p01_fpp_branch_benders_cvar_rootcuts,run-fpp-branch-benders-oos
worker_034_task_005,worker_034,case04,4,20260529,20265129,20265129,new20x20,20x20,shortest_path,400,,not_checked,,,new20x20,new_instances/20x20,new_instances/20x20,0.01,600,1000,1,9000,9001,10000,true,results/batch/fpp_new_instances_scaling_new20x20/splits/new20x20_seed20265129_train600_test1000_case4_train.csv,results/batch/fpp_new_instances_scaling_new20x20/splits/new20x20_seed20265129_train600_test1000_case4_test.csv,CVaR,FPP-Branch-Benders-CVaR-LLBI-RootCuts,FPP-Branch-Benders,,cvar,0.9,1.0,none,none,true,true,false,false,false,false,false,false,heuristic,0.10,eta-asc,true,true,100,100,1e-3,0,100000,1800,0.001,1,results/batch/fpp_new_instances_scaling_new20x20/splits,results/batch/fpp_new_instances_scaling_new20x20/workers/worker_034,results/batch/fpp_new_instances_scaling_new20x20/workers/worker_034/batch_results_worker_034.csv,results/batch/fpp_new_instances_scaling_new20x20/workers/worker_034/json/worker_034_task_005.json,results/batch/fpp_new_instances_scaling_new20x20/workers/worker_034/solutions,new20x20_case04_train600_test1000_alpha0p01_fpp_branch_benders_cvar_llbi_rootcuts,run-fpp-branch-benders-oos
worker_034_task_006,worker_034,case04,4,20260529,20265129,20265129,new20x20,20x20,shortest_path,400,,not_checked,,,new20x20,new_instances/20x20,new_instances/20x20,0.01,600,1000,1,9000,9001,10000,true,results/batch/fpp_new_instances_scaling_new20x20/splits/new20x20_seed20265129_train600_test1000_case4_train.csv,results/batch/fpp_new_instances_scaling_new20x20/splits/new20x20_seed20265129_train600_test1000_case4_test.csv,CVaR,FPP-Branch-Benders-CVaR-ProjectedCoverageLLBI-exp-RootCuts,FPP-Branch-Benders,,cvar,0.9,1.0,coverage,exp,true,false,true,false,false,true,false,false,heuristic,0.10,eta-asc,true,true,100,100,1e-3,0,100000,1800,0.001,1,results/batch/fpp_new_instances_scaling_new20x20/splits,results/batch/fpp_new_instances_scaling_new20x20/workers/worker_034,results/batch/fpp_new_instances_scaling_new20x20/workers/worker_034/batch_results_worker_034.csv,results/batch/fpp_new_instances_scaling_new20x20/workers/worker_034/json/worker_034_task_006.json,results/batch/fpp_new_instances_scaling_new20x20/workers/worker_034/solutions,new20x20_case04_train600_test1000_alpha0p01_fpp_branch_benders_cvar_projectedcoveragellbi_exp_rootcuts,run-fpp-branch-benders-oos
worker_034_task_007,worker_034,case04,4,20260529,20265129,20265129,new20x20,20x20,shortest_path,400,,not_checked,,,new20x20,new_instances/20x20,new_instances/20x20,0.01,600,1000,1,9000,9001,10000,true,results/batch/fpp_new_instances_scaling_new20x20/splits/new20x20_seed20265129_train600_test1000_case4_train.csv,results/batch/fpp_new_instances_scaling_new20x20/splits/new20x20_seed20265129_train600_test1000_case4_test.csv,CVaR,FPP-Branch-Benders-CVaR-ProjectedPathLLBI-exp-RootCuts,FPP-Branch-Benders,,cvar,0.9,1.0,path,exp,true,false,true,false,false,false,true,false,heuristic,0.10,eta-asc,true,true,100,100,1e-3,0,100000,1800,0.001,1,results/batch/fpp_new_instances_scaling_new20x20/splits,results/batch/fpp_new_instances_scaling_new20x20/workers/worker_034,results/batch/fpp_new_instances_scaling_new20x20/workers/worker_034/batch_results_worker_034.csv,results/batch/fpp_new_instances_scaling_new20x20/workers/worker_034/json/worker_034_task_007.json,results/batch/fpp_new_instances_scaling_new20x20/workers/worker_034/solutions,new20x20_case04_train600_test1000_alpha0p01_fpp_branch_benders_cvar_projectedpathllbi_exp_rootcuts,run-fpp-branch-benders-oos
worker_034_task_008,worker_034,case04,4,20260529,20265129,20265129,new20x20,20x20,shortest_path,400,,not_checked,,,new20x20,new_instances/20x20,new_instances/20x20,0.01,600,1000,1,9000,9001,10000,true,results/batch/fpp_new_instances_scaling_new20x20/splits/new20x20_seed20265129_train600_test1000_case4_train.csv,results/batch/fpp_new_instances_scaling_new20x20/splits/new20x20_seed20265129_train600_test1000_case4_test.csv,MeanCVaR,FPP-Branch-Benders-MeanCVaR-RootCuts,FPP-Branch-Benders,,mean-cvar,0.9,0.5,none,none,true,false,false,false,false,false,false,false,heuristic,0.10,eta-asc,true,true,100,100,1e-3,0,100000,1800,0.001,1,results/batch/fpp_new_instances_scaling_new20x20/splits,results/batch/fpp_new_instances_scaling_new20x20/workers/worker_034,results/batch/fpp_new_instances_scaling_new20x20/workers/worker_034/batch_results_worker_034.csv,results/batch/fpp_new_instances_scaling_new20x20/workers/worker_034/json/worker_034_task_008.json,results/batch/fpp_new_instances_scaling_new20x20/workers/worker_034/solutions,new20x20_case04_train600_test1000_alpha0p01_fpp_branch_benders_meancvar_rootcuts,run-fpp-branch-benders-oos
worker_034_task_009,worker_034,case04,4,20260529,20265129,20265129,new20x20,20x20,shortest_path,400,,not_checked,,,new20x20,new_instances/20x20,new_instances/20x20,0.01,600,1000,1,9000,9001,10000,true,results/batch/fpp_new_instances_scaling_new20x20/splits/new20x20_seed20265129_train600_test1000_case4_train.csv,results/batch/fpp_new_instances_scaling_new20x20/splits/new20x20_seed20265129_train600_test1000_case4_test.csv,MeanCVaR,FPP-Branch-Benders-MeanCVaR-LLBI-RootCuts,FPP-Branch-Benders,,mean-cvar,0.9,0.5,none,none,true,true,false,false,false,false,false,false,heuristic,0.10,eta-asc,true,true,100,100,1e-3,0,100000,1800,0.001,1,results/batch/fpp_new_instances_scaling_new20x20/splits,results/batch/fpp_new_instances_scaling_new20x20/workers/worker_034,results/batch/fpp_new_instances_scaling_new20x20/workers/worker_034/batch_results_worker_034.csv,results/batch/fpp_new_instances_scaling_new20x20/workers/worker_034/json/worker_034_task_009.json,results/batch/fpp_new_instances_scaling_new20x20/workers/worker_034/solutions,new20x20_case04_train600_test1000_alpha0p01_fpp_branch_benders_meancvar_llbi_rootcuts,run-fpp-branch-benders-oos
worker_034_task_010,worker_034,case04,4,20260529,20265129,20265129,new20x20,20x20,shortest_path,400,,not_checked,,,new20x20,new_instances/20x20,new_instances/20x20,0.01,600,1000,1,9000,9001,10000,true,results/batch/fpp_new_instances_scaling_new20x20/splits/new20x20_seed20265129_train600_test1000_case4_train.csv,results/batch/fpp_new_instances_scaling_new20x20/splits/new20x20_seed20265129_train600_test1000_case4_test.csv,MeanCVaR,FPP-Branch-Benders-MeanCVaR-ProjectedCoverageLLBI-exp-RootCuts,FPP-Branch-Benders,,mean-cvar,0.9,0.5,coverage,exp,true,false,true,false,false,true,false,false,heuristic,0.10,eta-asc,true,true,100,100,1e-3,0,100000,1800,0.001,1,results/batch/fpp_new_instances_scaling_new20x20/splits,results/batch/fpp_new_instances_scaling_new20x20/workers/worker_034,results/batch/fpp_new_instances_scaling_new20x20/workers/worker_034/batch_results_worker_034.csv,results/batch/fpp_new_instances_scaling_new20x20/workers/worker_034/json/worker_034_task_010.json,results/batch/fpp_new_instances_scaling_new20x20/workers/worker_034/solutions,new20x20_case04_train600_test1000_alpha0p01_fpp_branch_benders_meancvar_projectedcoveragellbi_exp_rootcuts,run-fpp-branch-benders-oos
worker_034_task_011,worker_034,case04,4,20260529,20265129,20265129,new20x20,20x20,shortest_path,400,,not_checked,,,new20x20,new_instances/20x20,new_instances/20x20,0.01,600,1000,1,9000,9001,10000,true,results/batch/fpp_new_instances_scaling_new20x20/splits/new20x20_seed20265129_train600_test1000_case4_train.csv,results/batch/fpp_new_instances_scaling_new20x20/splits/new20x20_seed20265129_train600_test1000_case4_test.csv,MeanCVaR,FPP-Branch-Benders-MeanCVaR-ProjectedPathLLBI-exp-RootCuts,FPP-Branch-Benders,,mean-cvar,0.9,0.5,path,exp,true,false,true,false,false,false,true,false,heuristic,0.10,eta-asc,true,true,100,100,1e-3,0,100000,1800,0.001,1,results/batch/fpp_new_instances_scaling_new20x20/splits,results/batch/fpp_new_instances_scaling_new20x20/workers/worker_034,results/batch/fpp_new_instances_scaling_new20x20/workers/worker_034/batch_results_worker_034.csv,results/batch/fpp_new_instances_scaling_new20x20/workers/worker_034/json/worker_034_task_011.json,results/batch/fpp_new_instances_scaling_new20x20/workers/worker_034/solutions,new20x20_case04_train600_test1000_alpha0p01_fpp_branch_benders_meancvar_projectedpathllbi_exp_rootcuts,run-fpp-branch-benders-oos
worker_035_task_000,worker_035,case05,5,20260529,20266129,20266129,new20x20,20x20,shortest_path,400,,not_checked,,,new20x20,new_instances/20x20,new_instances/20x20,0.01,600,1000,1,9000,9001,10000,true,results/batch/fpp_new_instances_scaling_new20x20/splits/new20x20_seed20266129_train600_test1000_case5_train.csv,results/batch/fpp_new_instances_scaling_new20x20/splits/new20x20_seed20266129_train600_test1000_case5_test.csv,MeanCVaR,FPP-SAA-MeanCVaR,FPP-SAA,fpp_base,mean-cvar,0.9,0.5,none,none,false,false,false,false,false,false,false,false,heuristic,0.10,eta-asc,true,true,100,100,1e-3,0,100000,1800,0.001,1,results/batch/fpp_new_instances_scaling_new20x20/splits,results/batch/fpp_new_instances_scaling_new20x20/workers/worker_035,results/batch/fpp_new_instances_scaling_new20x20/workers/worker_035/batch_results_worker_035.csv,results/batch/fpp_new_instances_scaling_new20x20/workers/worker_035/json/worker_035_task_000.json,results/batch/fpp_new_instances_scaling_new20x20/workers/worker_035/solutions,new20x20_case05_train600_test1000_alpha0p01_fpp_saa_meancvar,run-fpp-saa-oos
worker_035_task_001,worker_035,case05,5,20260529,20266129,20266129,new20x20,20x20,shortest_path,400,,not_checked,,,new20x20,new_instances/20x20,new_instances/20x20,0.01,600,1000,1,9000,9001,10000,true,results/batch/fpp_new_instances_scaling_new20x20/splits/new20x20_seed20266129_train600_test1000_case5_train.csv,results/batch/fpp_new_instances_scaling_new20x20/splits/new20x20_seed20266129_train600_test1000_case5_test.csv,Expected,FPP-Branch-Benders-LLBI-RootCuts,FPP-Branch-Benders,,expected,0.9,1.0,none,none,true,true,false,false,false,false,false,false,heuristic,0.10,eta-asc,true,true,100,100,1e-3,0,100000,1800,0.001,1,results/batch/fpp_new_instances_scaling_new20x20/splits,results/batch/fpp_new_instances_scaling_new20x20/workers/worker_035,results/batch/fpp_new_instances_scaling_new20x20/workers/worker_035/batch_results_worker_035.csv,results/batch/fpp_new_instances_scaling_new20x20/workers/worker_035/json/worker_035_task_001.json,results/batch/fpp_new_instances_scaling_new20x20/workers/worker_035/solutions,new20x20_case05_train600_test1000_alpha0p01_fpp_branch_benders_llbi_rootcuts,run-fpp-branch-benders-oos
worker_035_task_002,worker_035,case05,5,20260529,20266129,20266129,new20x20,20x20,shortest_path,400,,not_checked,,,new20x20,new_instances/20x20,new_instances/20x20,0.01,600,1000,1,9000,9001,10000,true,results/batch/fpp_new_instances_scaling_new20x20/splits/new20x20_seed20266129_train600_test1000_case5_train.csv,results/batch/fpp_new_instances_scaling_new20x20/splits/new20x20_seed20266129_train600_test1000_case5_test.csv,Expected,FPP-Branch-Benders-ProjectedCoverageLLBI-exp-RootCuts,FPP-Branch-Benders,,expected,0.9,1.0,coverage,exp,true,false,true,false,false,true,false,false,heuristic,0.10,eta-asc,true,true,100,100,1e-3,0,100000,1800,0.001,1,results/batch/fpp_new_instances_scaling_new20x20/splits,results/batch/fpp_new_instances_scaling_new20x20/workers/worker_035,results/batch/fpp_new_instances_scaling_new20x20/workers/worker_035/batch_results_worker_035.csv,results/batch/fpp_new_instances_scaling_new20x20/workers/worker_035/json/worker_035_task_002.json,results/batch/fpp_new_instances_scaling_new20x20/workers/worker_035/solutions,new20x20_case05_train600_test1000_alpha0p01_fpp_branch_benders_projectedcoveragellbi_exp_rootcuts,run-fpp-branch-benders-oos
worker_035_task_003,worker_035,case05,5,20260529,20266129,20266129,new20x20,20x20,shortest_path,400,,not_checked,,,new20x20,new_instances/20x20,new_instances/20x20,0.01,600,1000,1,9000,9001,10000,true,results/batch/fpp_new_instances_scaling_new20x20/splits/new20x20_seed20266129_train600_test1000_case5_train.csv,results/batch/fpp_new_instances_scaling_new20x20/splits/new20x20_seed20266129_train600_test1000_case5_test.csv,Expected,FPP-Branch-Benders-ProjectedPathLLBI-exp-RootCuts,FPP-Branch-Benders,,expected,0.9,1.0,path,exp,true,false,true,false,false,false,true,false,heuristic,0.10,eta-asc,true,true,100,100,1e-3,0,100000,1800,0.001,1,results/batch/fpp_new_instances_scaling_new20x20/splits,results/batch/fpp_new_instances_scaling_new20x20/workers/worker_035,results/batch/fpp_new_instances_scaling_new20x20/workers/worker_035/batch_results_worker_035.csv,results/batch/fpp_new_instances_scaling_new20x20/workers/worker_035/json/worker_035_task_003.json,results/batch/fpp_new_instances_scaling_new20x20/workers/worker_035/solutions,new20x20_case05_train600_test1000_alpha0p01_fpp_branch_benders_projectedpathllbi_exp_rootcuts,run-fpp-branch-benders-oos
worker_035_task_004,worker_035,case05,5,20260529,20266129,20266129,new20x20,20x20,shortest_path,400,,not_checked,,,new20x20,new_instances/20x20,new_instances/20x20,0.01,600,1000,1,9000,9001,10000,true,results/batch/fpp_new_instances_scaling_new20x20/splits/new20x20_seed20266129_train600_test1000_case5_train.csv,results/batch/fpp_new_instances_scaling_new20x20/splits/new20x20_seed20266129_train600_test1000_case5_test.csv,CVaR,FPP-Branch-Benders-CVaR-RootCuts,FPP-Branch-Benders,,cvar,0.9,1.0,none,none,true,false,false,false,false,false,false,false,heuristic,0.10,eta-asc,true,true,100,100,1e-3,0,100000,1800,0.001,1,results/batch/fpp_new_instances_scaling_new20x20/splits,results/batch/fpp_new_instances_scaling_new20x20/workers/worker_035,results/batch/fpp_new_instances_scaling_new20x20/workers/worker_035/batch_results_worker_035.csv,results/batch/fpp_new_instances_scaling_new20x20/workers/worker_035/json/worker_035_task_004.json,results/batch/fpp_new_instances_scaling_new20x20/workers/worker_035/solutions,new20x20_case05_train600_test1000_alpha0p01_fpp_branch_benders_cvar_rootcuts,run-fpp-branch-benders-oos
worker_035_task_005,worker_035,case05,5,20260529,20266129,20266129,new20x20,20x20,shortest_path,400,,not_checked,,,new20x20,new_instances/20x20,new_instances/20x20,0.01,600,1000,1,9000,9001,10000,true,results/batch/fpp_new_instances_scaling_new20x20/splits/new20x20_seed20266129_train600_test1000_case5_train.csv,results/batch/fpp_new_instances_scaling_new20x20/splits/new20x20_seed20266129_train600_test1000_case5_test.csv,CVaR,FPP-Branch-Benders-CVaR-LLBI-RootCuts,FPP-Branch-Benders,,cvar,0.9,1.0,none,none,true,true,false,false,false,false,false,false,heuristic,0.10,eta-asc,true,true,100,100,1e-3,0,100000,1800,0.001,1,results/batch/fpp_new_instances_scaling_new20x20/splits,results/batch/fpp_new_instances_scaling_new20x20/workers/worker_035,results/batch/fpp_new_instances_scaling_new20x20/workers/worker_035/batch_results_worker_035.csv,results/batch/fpp_new_instances_scaling_new20x20/workers/worker_035/json/worker_035_task_005.json,results/batch/fpp_new_instances_scaling_new20x20/workers/worker_035/solutions,new20x20_case05_train600_test1000_alpha0p01_fpp_branch_benders_cvar_llbi_rootcuts,run-fpp-branch-benders-oos
worker_035_task_006,worker_035,case05,5,20260529,20266129,20266129,new20x20,20x20,shortest_path,400,,not_checked,,,new20x20,new_instances/20x20,new_instances/20x20,0.01,600,1000,1,9000,9001,10000,true,results/batch/fpp_new_instances_scaling_new20x20/splits/new20x20_seed20266129_train600_test1000_case5_train.csv,results/batch/fpp_new_instances_scaling_new20x20/splits/new20x20_seed20266129_train600_test1000_case5_test.csv,CVaR,FPP-Branch-Benders-CVaR-ProjectedCoverageLLBI-exp-RootCuts,FPP-Branch-Benders,,cvar,0.9,1.0,coverage,exp,true,false,true,false,false,true,false,false,heuristic,0.10,eta-asc,true,true,100,100,1e-3,0,100000,1800,0.001,1,results/batch/fpp_new_instances_scaling_new20x20/splits,results/batch/fpp_new_instances_scaling_new20x20/workers/worker_035,results/batch/fpp_new_instances_scaling_new20x20/workers/worker_035/batch_results_worker_035.csv,results/batch/fpp_new_instances_scaling_new20x20/workers/worker_035/json/worker_035_task_006.json,results/batch/fpp_new_instances_scaling_new20x20/workers/worker_035/solutions,new20x20_case05_train600_test1000_alpha0p01_fpp_branch_benders_cvar_projectedcoveragellbi_exp_rootcuts,run-fpp-branch-benders-oos
worker_035_task_007,worker_035,case05,5,20260529,20266129,20266129,new20x20,20x20,shortest_path,400,,not_checked,,,new20x20,new_instances/20x20,new_instances/20x20,0.01,600,1000,1,9000,9001,10000,true,results/batch/fpp_new_instances_scaling_new20x20/splits/new20x20_seed20266129_train600_test1000_case5_train.csv,results/batch/fpp_new_instances_scaling_new20x20/splits/new20x20_seed20266129_train600_test1000_case5_test.csv,CVaR,FPP-Branch-Benders-CVaR-ProjectedPathLLBI-exp-RootCuts,FPP-Branch-Benders,,cvar,0.9,1.0,path,exp,true,false,true,false,false,false,true,false,heuristic,0.10,eta-asc,true,true,100,100,1e-3,0,100000,1800,0.001,1,results/batch/fpp_new_instances_scaling_new20x20/splits,results/batch/fpp_new_instances_scaling_new20x20/workers/worker_035,results/batch/fpp_new_instances_scaling_new20x20/workers/worker_035/batch_results_worker_035.csv,results/batch/fpp_new_instances_scaling_new20x20/workers/worker_035/json/worker_035_task_007.json,results/batch/fpp_new_instances_scaling_new20x20/workers/worker_035/solutions,new20x20_case05_train600_test1000_alpha0p01_fpp_branch_benders_cvar_projectedpathllbi_exp_rootcuts,run-fpp-branch-benders-oos
worker_035_task_008,worker_035,case05,5,20260529,20266129,20266129,new20x20,20x20,shortest_path,400,,not_checked,,,new20x20,new_instances/20x20,new_instances/20x20,0.01,600,1000,1,9000,9001,10000,true,results/batch/fpp_new_instances_scaling_new20x20/splits/new20x20_seed20266129_train600_test1000_case5_train.csv,results/batch/fpp_new_instances_scaling_new20x20/splits/new20x20_seed20266129_train600_test1000_case5_test.csv,MeanCVaR,FPP-Branch-Benders-MeanCVaR-RootCuts,FPP-Branch-Benders,,mean-cvar,0.9,0.5,none,none,true,false,false,false,false,false,false,false,heuristic,0.10,eta-asc,true,true,100,100,1e-3,0,100000,1800,0.001,1,results/batch/fpp_new_instances_scaling_new20x20/splits,results/batch/fpp_new_instances_scaling_new20x20/workers/worker_035,results/batch/fpp_new_instances_scaling_new20x20/workers/worker_035/batch_results_worker_035.csv,results/batch/fpp_new_instances_scaling_new20x20/workers/worker_035/json/worker_035_task_008.json,results/batch/fpp_new_instances_scaling_new20x20/workers/worker_035/solutions,new20x20_case05_train600_test1000_alpha0p01_fpp_branch_benders_meancvar_rootcuts,run-fpp-branch-benders-oos
worker_035_task_009,worker_035,case05,5,20260529,20266129,20266129,new20x20,20x20,shortest_path,400,,not_checked,,,new20x20,new_instances/20x20,new_instances/20x20,0.01,600,1000,1,9000,9001,10000,true,results/batch/fpp_new_instances_scaling_new20x20/splits/new20x20_seed20266129_train600_test1000_case5_train.csv,results/batch/fpp_new_instances_scaling_new20x20/splits/new20x20_seed20266129_train600_test1000_case5_test.csv,MeanCVaR,FPP-Branch-Benders-MeanCVaR-LLBI-RootCuts,FPP-Branch-Benders,,mean-cvar,0.9,0.5,none,none,true,true,false,false,false,false,false,false,heuristic,0.10,eta-asc,true,true,100,100,1e-3,0,100000,1800,0.001,1,results/batch/fpp_new_instances_scaling_new20x20/splits,results/batch/fpp_new_instances_scaling_new20x20/workers/worker_035,results/batch/fpp_new_instances_scaling_new20x20/workers/worker_035/batch_results_worker_035.csv,results/batch/fpp_new_instances_scaling_new20x20/workers/worker_035/json/worker_035_task_009.json,results/batch/fpp_new_instances_scaling_new20x20/workers/worker_035/solutions,new20x20_case05_train600_test1000_alpha0p01_fpp_branch_benders_meancvar_llbi_rootcuts,run-fpp-branch-benders-oos
worker_035_task_010,worker_035,case05,5,20260529,20266129,20266129,new20x20,20x20,shortest_path,400,,not_checked,,,new20x20,new_instances/20x20,new_instances/20x20,0.01,600,1000,1,9000,9001,10000,true,results/batch/fpp_new_instances_scaling_new20x20/splits/new20x20_seed20266129_train600_test1000_case5_train.csv,results/batch/fpp_new_instances_scaling_new20x20/splits/new20x20_seed20266129_train600_test1000_case5_test.csv,MeanCVaR,FPP-Branch-Benders-MeanCVaR-ProjectedCoverageLLBI-exp-RootCuts,FPP-Branch-Benders,,mean-cvar,0.9,0.5,coverage,exp,true,false,true,false,false,true,false,false,heuristic,0.10,eta-asc,true,true,100,100,1e-3,0,100000,1800,0.001,1,results/batch/fpp_new_instances_scaling_new20x20/splits,results/batch/fpp_new_instances_scaling_new20x20/workers/worker_035,results/batch/fpp_new_instances_scaling_new20x20/workers/worker_035/batch_results_worker_035.csv,results/batch/fpp_new_instances_scaling_new20x20/workers/worker_035/json/worker_035_task_010.json,results/batch/fpp_new_instances_scaling_new20x20/workers/worker_035/solutions,new20x20_case05_train600_test1000_alpha0p01_fpp_branch_benders_meancvar_projectedcoveragellbi_exp_rootcuts,run-fpp-branch-benders-oos
worker_035_task_011,worker_035,case05,5,20260529,20266129,20266129,new20x20,20x20,shortest_path,400,,not_checked,,,new20x20,new_instances/20x20,new_instances/20x20,0.01,600,1000,1,9000,9001,10000,true,results/batch/fpp_new_instances_scaling_new20x20/splits/new20x20_seed20266129_train600_test1000_case5_train.csv,results/batch/fpp_new_instances_scaling_new20x20/splits/new20x20_seed20266129_train600_test1000_case5_test.csv,MeanCVaR,FPP-Branch-Benders-MeanCVaR-ProjectedPathLLBI-exp-RootCuts,FPP-Branch-Benders,,mean-cvar,0.9,0.5,path,exp,true,false,true,false,false,false,true,false,heuristic,0.10,eta-asc,true,true,100,100,1e-3,0,100000,1800,0.001,1,results/batch/fpp_new_instances_scaling_new20x20/splits,results/batch/fpp_new_instances_scaling_new20x20/workers/worker_035,results/batch/fpp_new_instances_scaling_new20x20/workers/worker_035/batch_results_worker_035.csv,results/batch/fpp_new_instances_scaling_new20x20/workers/worker_035/json/worker_035_task_011.json,results/batch/fpp_new_instances_scaling_new20x20/workers/worker_035/solutions,new20x20_case05_train600_test1000_alpha0p01_fpp_branch_benders_meancvar_projectedpathllbi_exp_rootcuts,run-fpp-branch-benders-oos
worker_036_task_000,worker_036,case06,6,20260529,20267129,20267129,new20x20,20x20,shortest_path,400,,not_checked,,,new20x20,new_instances/20x20,new_instances/20x20,0.01,600,1000,1,9000,9001,10000,true,results/batch/fpp_new_instances_scaling_new20x20/splits/new20x20_seed20267129_train600_test1000_case6_train.csv,results/batch/fpp_new_instances_scaling_new20x20/splits/new20x20_seed20267129_train600_test1000_case6_test.csv,MeanCVaR,FPP-SAA-MeanCVaR,FPP-SAA,fpp_base,mean-cvar,0.9,0.5,none,none,false,false,false,false,false,false,false,false,heuristic,0.10,eta-asc,true,true,100,100,1e-3,0,100000,1800,0.001,1,results/batch/fpp_new_instances_scaling_new20x20/splits,results/batch/fpp_new_instances_scaling_new20x20/workers/worker_036,results/batch/fpp_new_instances_scaling_new20x20/workers/worker_036/batch_results_worker_036.csv,results/batch/fpp_new_instances_scaling_new20x20/workers/worker_036/json/worker_036_task_000.json,results/batch/fpp_new_instances_scaling_new20x20/workers/worker_036/solutions,new20x20_case06_train600_test1000_alpha0p01_fpp_saa_meancvar,run-fpp-saa-oos
worker_036_task_001,worker_036,case06,6,20260529,20267129,20267129,new20x20,20x20,shortest_path,400,,not_checked,,,new20x20,new_instances/20x20,new_instances/20x20,0.01,600,1000,1,9000,9001,10000,true,results/batch/fpp_new_instances_scaling_new20x20/splits/new20x20_seed20267129_train600_test1000_case6_train.csv,results/batch/fpp_new_instances_scaling_new20x20/splits/new20x20_seed20267129_train600_test1000_case6_test.csv,Expected,FPP-Branch-Benders-LLBI-RootCuts,FPP-Branch-Benders,,expected,0.9,1.0,none,none,true,true,false,false,false,false,false,false,heuristic,0.10,eta-asc,true,true,100,100,1e-3,0,100000,1800,0.001,1,results/batch/fpp_new_instances_scaling_new20x20/splits,results/batch/fpp_new_instances_scaling_new20x20/workers/worker_036,results/batch/fpp_new_instances_scaling_new20x20/workers/worker_036/batch_results_worker_036.csv,results/batch/fpp_new_instances_scaling_new20x20/workers/worker_036/json/worker_036_task_001.json,results/batch/fpp_new_instances_scaling_new20x20/workers/worker_036/solutions,new20x20_case06_train600_test1000_alpha0p01_fpp_branch_benders_llbi_rootcuts,run-fpp-branch-benders-oos
worker_036_task_002,worker_036,case06,6,20260529,20267129,20267129,new20x20,20x20,shortest_path,400,,not_checked,,,new20x20,new_instances/20x20,new_instances/20x20,0.01,600,1000,1,9000,9001,10000,true,results/batch/fpp_new_instances_scaling_new20x20/splits/new20x20_seed20267129_train600_test1000_case6_train.csv,results/batch/fpp_new_instances_scaling_new20x20/splits/new20x20_seed20267129_train600_test1000_case6_test.csv,Expected,FPP-Branch-Benders-ProjectedCoverageLLBI-exp-RootCuts,FPP-Branch-Benders,,expected,0.9,1.0,coverage,exp,true,false,true,false,false,true,false,false,heuristic,0.10,eta-asc,true,true,100,100,1e-3,0,100000,1800,0.001,1,results/batch/fpp_new_instances_scaling_new20x20/splits,results/batch/fpp_new_instances_scaling_new20x20/workers/worker_036,results/batch/fpp_new_instances_scaling_new20x20/workers/worker_036/batch_results_worker_036.csv,results/batch/fpp_new_instances_scaling_new20x20/workers/worker_036/json/worker_036_task_002.json,results/batch/fpp_new_instances_scaling_new20x20/workers/worker_036/solutions,new20x20_case06_train600_test1000_alpha0p01_fpp_branch_benders_projectedcoveragellbi_exp_rootcuts,run-fpp-branch-benders-oos
worker_036_task_003,worker_036,case06,6,20260529,20267129,20267129,new20x20,20x20,shortest_path,400,,not_checked,,,new20x20,new_instances/20x20,new_instances/20x20,0.01,600,1000,1,9000,9001,10000,true,results/batch/fpp_new_instances_scaling_new20x20/splits/new20x20_seed20267129_train600_test1000_case6_train.csv,results/batch/fpp_new_instances_scaling_new20x20/splits/new20x20_seed20267129_train600_test1000_case6_test.csv,Expected,FPP-Branch-Benders-ProjectedPathLLBI-exp-RootCuts,FPP-Branch-Benders,,expected,0.9,1.0,path,exp,true,false,true,false,false,false,true,false,heuristic,0.10,eta-asc,true,true,100,100,1e-3,0,100000,1800,0.001,1,results/batch/fpp_new_instances_scaling_new20x20/splits,results/batch/fpp_new_instances_scaling_new20x20/workers/worker_036,results/batch/fpp_new_instances_scaling_new20x20/workers/worker_036/batch_results_worker_036.csv,results/batch/fpp_new_instances_scaling_new20x20/workers/worker_036/json/worker_036_task_003.json,results/batch/fpp_new_instances_scaling_new20x20/workers/worker_036/solutions,new20x20_case06_train600_test1000_alpha0p01_fpp_branch_benders_projectedpathllbi_exp_rootcuts,run-fpp-branch-benders-oos
worker_036_task_004,worker_036,case06,6,20260529,20267129,20267129,new20x20,20x20,shortest_path,400,,not_checked,,,new20x20,new_instances/20x20,new_instances/20x20,0.01,600,1000,1,9000,9001,10000,true,results/batch/fpp_new_instances_scaling_new20x20/splits/new20x20_seed20267129_train600_test1000_case6_train.csv,results/batch/fpp_new_instances_scaling_new20x20/splits/new20x20_seed20267129_train600_test1000_case6_test.csv,CVaR,FPP-Branch-Benders-CVaR-RootCuts,FPP-Branch-Benders,,cvar,0.9,1.0,none,none,true,false,false,false,false,false,false,false,heuristic,0.10,eta-asc,true,true,100,100,1e-3,0,100000,1800,0.001,1,results/batch/fpp_new_instances_scaling_new20x20/splits,results/batch/fpp_new_instances_scaling_new20x20/workers/worker_036,results/batch/fpp_new_instances_scaling_new20x20/workers/worker_036/batch_results_worker_036.csv,results/batch/fpp_new_instances_scaling_new20x20/workers/worker_036/json/worker_036_task_004.json,results/batch/fpp_new_instances_scaling_new20x20/workers/worker_036/solutions,new20x20_case06_train600_test1000_alpha0p01_fpp_branch_benders_cvar_rootcuts,run-fpp-branch-benders-oos
worker_036_task_005,worker_036,case06,6,20260529,20267129,20267129,new20x20,20x20,shortest_path,400,,not_checked,,,new20x20,new_instances/20x20,new_instances/20x20,0.01,600,1000,1,9000,9001,10000,true,results/batch/fpp_new_instances_scaling_new20x20/splits/new20x20_seed20267129_train600_test1000_case6_train.csv,results/batch/fpp_new_instances_scaling_new20x20/splits/new20x20_seed20267129_train600_test1000_case6_test.csv,CVaR,FPP-Branch-Benders-CVaR-LLBI-RootCuts,FPP-Branch-Benders,,cvar,0.9,1.0,none,none,true,true,false,false,false,false,false,false,heuristic,0.10,eta-asc,true,true,100,100,1e-3,0,100000,1800,0.001,1,results/batch/fpp_new_instances_scaling_new20x20/splits,results/batch/fpp_new_instances_scaling_new20x20/workers/worker_036,results/batch/fpp_new_instances_scaling_new20x20/workers/worker_036/batch_results_worker_036.csv,results/batch/fpp_new_instances_scaling_new20x20/workers/worker_036/json/worker_036_task_005.json,results/batch/fpp_new_instances_scaling_new20x20/workers/worker_036/solutions,new20x20_case06_train600_test1000_alpha0p01_fpp_branch_benders_cvar_llbi_rootcuts,run-fpp-branch-benders-oos
worker_036_task_006,worker_036,case06,6,20260529,20267129,20267129,new20x20,20x20,shortest_path,400,,not_checked,,,new20x20,new_instances/20x20,new_instances/20x20,0.01,600,1000,1,9000,9001,10000,true,results/batch/fpp_new_instances_scaling_new20x20/splits/new20x20_seed20267129_train600_test1000_case6_train.csv,results/batch/fpp_new_instances_scaling_new20x20/splits/new20x20_seed20267129_train600_test1000_case6_test.csv,CVaR,FPP-Branch-Benders-CVaR-ProjectedCoverageLLBI-exp-RootCuts,FPP-Branch-Benders,,cvar,0.9,1.0,coverage,exp,true,false,true,false,false,true,false,false,heuristic,0.10,eta-asc,true,true,100,100,1e-3,0,100000,1800,0.001,1,results/batch/fpp_new_instances_scaling_new20x20/splits,results/batch/fpp_new_instances_scaling_new20x20/workers/worker_036,results/batch/fpp_new_instances_scaling_new20x20/workers/worker_036/batch_results_worker_036.csv,results/batch/fpp_new_instances_scaling_new20x20/workers/worker_036/json/worker_036_task_006.json,results/batch/fpp_new_instances_scaling_new20x20/workers/worker_036/solutions,new20x20_case06_train600_test1000_alpha0p01_fpp_branch_benders_cvar_projectedcoveragellbi_exp_rootcuts,run-fpp-branch-benders-oos
worker_036_task_007,worker_036,case06,6,20260529,20267129,20267129,new20x20,20x20,shortest_path,400,,not_checked,,,new20x20,new_instances/20x20,new_instances/20x20,0.01,600,1000,1,9000,9001,10000,true,results/batch/fpp_new_instances_scaling_new20x20/splits/new20x20_seed20267129_train600_test1000_case6_train.csv,results/batch/fpp_new_instances_scaling_new20x20/splits/new20x20_seed20267129_train600_test1000_case6_test.csv,CVaR,FPP-Branch-Benders-CVaR-ProjectedPathLLBI-exp-RootCuts,FPP-Branch-Benders,,cvar,0.9,1.0,path,exp,true,false,true,false,false,false,true,false,heuristic,0.10,eta-asc,true,true,100,100,1e-3,0,100000,1800,0.001,1,results/batch/fpp_new_instances_scaling_new20x20/splits,results/batch/fpp_new_instances_scaling_new20x20/workers/worker_036,results/batch/fpp_new_instances_scaling_new20x20/workers/worker_036/batch_results_worker_036.csv,results/batch/fpp_new_instances_scaling_new20x20/workers/worker_036/json/worker_036_task_007.json,results/batch/fpp_new_instances_scaling_new20x20/workers/worker_036/solutions,new20x20_case06_train600_test1000_alpha0p01_fpp_branch_benders_cvar_projectedpathllbi_exp_rootcuts,run-fpp-branch-benders-oos
worker_036_task_008,worker_036,case06,6,20260529,20267129,20267129,new20x20,20x20,shortest_path,400,,not_checked,,,new20x20,new_instances/20x20,new_instances/20x20,0.01,600,1000,1,9000,9001,10000,true,results/batch/fpp_new_instances_scaling_new20x20/splits/new20x20_seed20267129_train600_test1000_case6_train.csv,results/batch/fpp_new_instances_scaling_new20x20/splits/new20x20_seed20267129_train600_test1000_case6_test.csv,MeanCVaR,FPP-Branch-Benders-MeanCVaR-RootCuts,FPP-Branch-Benders,,mean-cvar,0.9,0.5,none,none,true,false,false,false,false,false,false,false,heuristic,0.10,eta-asc,true,true,100,100,1e-3,0,100000,1800,0.001,1,results/batch/fpp_new_instances_scaling_new20x20/splits,results/batch/fpp_new_instances_scaling_new20x20/workers/worker_036,results/batch/fpp_new_instances_scaling_new20x20/workers/worker_036/batch_results_worker_036.csv,results/batch/fpp_new_instances_scaling_new20x20/workers/worker_036/json/worker_036_task_008.json,results/batch/fpp_new_instances_scaling_new20x20/workers/worker_036/solutions,new20x20_case06_train600_test1000_alpha0p01_fpp_branch_benders_meancvar_rootcuts,run-fpp-branch-benders-oos
worker_036_task_009,worker_036,case06,6,20260529,20267129,20267129,new20x20,20x20,shortest_path,400,,not_checked,,,new20x20,new_instances/20x20,new_instances/20x20,0.01,600,1000,1,9000,9001,10000,true,results/batch/fpp_new_instances_scaling_new20x20/splits/new20x20_seed20267129_train600_test1000_case6_train.csv,results/batch/fpp_new_instances_scaling_new20x20/splits/new20x20_seed20267129_train600_test1000_case6_test.csv,MeanCVaR,FPP-Branch-Benders-MeanCVaR-LLBI-RootCuts,FPP-Branch-Benders,,mean-cvar,0.9,0.5,none,none,true,true,false,false,false,false,false,false,heuristic,0.10,eta-asc,true,true,100,100,1e-3,0,100000,1800,0.001,1,results/batch/fpp_new_instances_scaling_new20x20/splits,results/batch/fpp_new_instances_scaling_new20x20/workers/worker_036,results/batch/fpp_new_instances_scaling_new20x20/workers/worker_036/batch_results_worker_036.csv,results/batch/fpp_new_instances_scaling_new20x20/workers/worker_036/json/worker_036_task_009.json,results/batch/fpp_new_instances_scaling_new20x20/workers/worker_036/solutions,new20x20_case06_train600_test1000_alpha0p01_fpp_branch_benders_meancvar_llbi_rootcuts,run-fpp-branch-benders-oos
worker_036_task_010,worker_036,case06,6,20260529,20267129,20267129,new20x20,20x20,shortest_path,400,,not_checked,,,new20x20,new_instances/20x20,new_instances/20x20,0.01,600,1000,1,9000,9001,10000,true,results/batch/fpp_new_instances_scaling_new20x20/splits/new20x20_seed20267129_train600_test1000_case6_train.csv,results/batch/fpp_new_instances_scaling_new20x20/splits/new20x20_seed20267129_train600_test1000_case6_test.csv,MeanCVaR,FPP-Branch-Benders-MeanCVaR-ProjectedCoverageLLBI-exp-RootCuts,FPP-Branch-Benders,,mean-cvar,0.9,0.5,coverage,exp,true,false,true,false,false,true,false,false,heuristic,0.10,eta-asc,true,true,100,100,1e-3,0,100000,1800,0.001,1,results/batch/fpp_new_instances_scaling_new20x20/splits,results/batch/fpp_new_instances_scaling_new20x20/workers/worker_036,results/batch/fpp_new_instances_scaling_new20x20/workers/worker_036/batch_results_worker_036.csv,results/batch/fpp_new_instances_scaling_new20x20/workers/worker_036/json/worker_036_task_010.json,results/batch/fpp_new_instances_scaling_new20x20/workers/worker_036/solutions,new20x20_case06_train600_test1000_alpha0p01_fpp_branch_benders_meancvar_projectedcoveragellbi_exp_rootcuts,run-fpp-branch-benders-oos
worker_036_task_011,worker_036,case06,6,20260529,20267129,20267129,new20x20,20x20,shortest_path,400,,not_checked,,,new20x20,new_instances/20x20,new_instances/20x20,0.01,600,1000,1,9000,9001,10000,true,results/batch/fpp_new_instances_scaling_new20x20/splits/new20x20_seed20267129_train600_test1000_case6_train.csv,results/batch/fpp_new_instances_scaling_new20x20/splits/new20x20_seed20267129_train600_test1000_case6_test.csv,MeanCVaR,FPP-Branch-Benders-MeanCVaR-ProjectedPathLLBI-exp-RootCuts,FPP-Branch-Benders,,mean-cvar,0.9,0.5,path,exp,true,false,true,false,false,false,true,false,heuristic,0.10,eta-asc,true,true,100,100,1e-3,0,100000,1800,0.001,1,results/batch/fpp_new_instances_scaling_new20x20/splits,results/batch/fpp_new_instances_scaling_new20x20/workers/worker_036,results/batch/fpp_new_instances_scaling_new20x20/workers/worker_036/batch_results_worker_036.csv,results/batch/fpp_new_instances_scaling_new20x20/workers/worker_036/json/worker_036_task_011.json,results/batch/fpp_new_instances_scaling_new20x20/workers/worker_036/solutions,new20x20_case06_train600_test1000_alpha0p01_fpp_branch_benders_meancvar_projectedpathllbi_exp_rootcuts,run-fpp-branch-benders-oos
worker_037_task_000,worker_037,case07,7,20260529,20268129,20268129,new20x20,20x20,shortest_path,400,,not_checked,,,new20x20,new_instances/20x20,new_instances/20x20,0.01,600,1000,1,9000,9001,10000,true,results/batch/fpp_new_instances_scaling_new20x20/splits/new20x20_seed20268129_train600_test1000_case7_train.csv,results/batch/fpp_new_instances_scaling_new20x20/splits/new20x20_seed20268129_train600_test1000_case7_test.csv,MeanCVaR,FPP-SAA-MeanCVaR,FPP-SAA,fpp_base,mean-cvar,0.9,0.5,none,none,false,false,false,false,false,false,false,false,heuristic,0.10,eta-asc,true,true,100,100,1e-3,0,100000,1800,0.001,1,results/batch/fpp_new_instances_scaling_new20x20/splits,results/batch/fpp_new_instances_scaling_new20x20/workers/worker_037,results/batch/fpp_new_instances_scaling_new20x20/workers/worker_037/batch_results_worker_037.csv,results/batch/fpp_new_instances_scaling_new20x20/workers/worker_037/json/worker_037_task_000.json,results/batch/fpp_new_instances_scaling_new20x20/workers/worker_037/solutions,new20x20_case07_train600_test1000_alpha0p01_fpp_saa_meancvar,run-fpp-saa-oos
worker_037_task_001,worker_037,case07,7,20260529,20268129,20268129,new20x20,20x20,shortest_path,400,,not_checked,,,new20x20,new_instances/20x20,new_instances/20x20,0.01,600,1000,1,9000,9001,10000,true,results/batch/fpp_new_instances_scaling_new20x20/splits/new20x20_seed20268129_train600_test1000_case7_train.csv,results/batch/fpp_new_instances_scaling_new20x20/splits/new20x20_seed20268129_train600_test1000_case7_test.csv,Expected,FPP-Branch-Benders-LLBI-RootCuts,FPP-Branch-Benders,,expected,0.9,1.0,none,none,true,true,false,false,false,false,false,false,heuristic,0.10,eta-asc,true,true,100,100,1e-3,0,100000,1800,0.001,1,results/batch/fpp_new_instances_scaling_new20x20/splits,results/batch/fpp_new_instances_scaling_new20x20/workers/worker_037,results/batch/fpp_new_instances_scaling_new20x20/workers/worker_037/batch_results_worker_037.csv,results/batch/fpp_new_instances_scaling_new20x20/workers/worker_037/json/worker_037_task_001.json,results/batch/fpp_new_instances_scaling_new20x20/workers/worker_037/solutions,new20x20_case07_train600_test1000_alpha0p01_fpp_branch_benders_llbi_rootcuts,run-fpp-branch-benders-oos
worker_037_task_002,worker_037,case07,7,20260529,20268129,20268129,new20x20,20x20,shortest_path,400,,not_checked,,,new20x20,new_instances/20x20,new_instances/20x20,0.01,600,1000,1,9000,9001,10000,true,results/batch/fpp_new_instances_scaling_new20x20/splits/new20x20_seed20268129_train600_test1000_case7_train.csv,results/batch/fpp_new_instances_scaling_new20x20/splits/new20x20_seed20268129_train600_test1000_case7_test.csv,Expected,FPP-Branch-Benders-ProjectedCoverageLLBI-exp-RootCuts,FPP-Branch-Benders,,expected,0.9,1.0,coverage,exp,true,false,true,false,false,true,false,false,heuristic,0.10,eta-asc,true,true,100,100,1e-3,0,100000,1800,0.001,1,results/batch/fpp_new_instances_scaling_new20x20/splits,results/batch/fpp_new_instances_scaling_new20x20/workers/worker_037,results/batch/fpp_new_instances_scaling_new20x20/workers/worker_037/batch_results_worker_037.csv,results/batch/fpp_new_instances_scaling_new20x20/workers/worker_037/json/worker_037_task_002.json,results/batch/fpp_new_instances_scaling_new20x20/workers/worker_037/solutions,new20x20_case07_train600_test1000_alpha0p01_fpp_branch_benders_projectedcoveragellbi_exp_rootcuts,run-fpp-branch-benders-oos
worker_037_task_003,worker_037,case07,7,20260529,20268129,20268129,new20x20,20x20,shortest_path,400,,not_checked,,,new20x20,new_instances/20x20,new_instances/20x20,0.01,600,1000,1,9000,9001,10000,true,results/batch/fpp_new_instances_scaling_new20x20/splits/new20x20_seed20268129_train600_test1000_case7_train.csv,results/batch/fpp_new_instances_scaling_new20x20/splits/new20x20_seed20268129_train600_test1000_case7_test.csv,Expected,FPP-Branch-Benders-ProjectedPathLLBI-exp-RootCuts,FPP-Branch-Benders,,expected,0.9,1.0,path,exp,true,false,true,false,false,false,true,false,heuristic,0.10,eta-asc,true,true,100,100,1e-3,0,100000,1800,0.001,1,results/batch/fpp_new_instances_scaling_new20x20/splits,results/batch/fpp_new_instances_scaling_new20x20/workers/worker_037,results/batch/fpp_new_instances_scaling_new20x20/workers/worker_037/batch_results_worker_037.csv,results/batch/fpp_new_instances_scaling_new20x20/workers/worker_037/json/worker_037_task_003.json,results/batch/fpp_new_instances_scaling_new20x20/workers/worker_037/solutions,new20x20_case07_train600_test1000_alpha0p01_fpp_branch_benders_projectedpathllbi_exp_rootcuts,run-fpp-branch-benders-oos
worker_037_task_004,worker_037,case07,7,20260529,20268129,20268129,new20x20,20x20,shortest_path,400,,not_checked,,,new20x20,new_instances/20x20,new_instances/20x20,0.01,600,1000,1,9000,9001,10000,true,results/batch/fpp_new_instances_scaling_new20x20/splits/new20x20_seed20268129_train600_test1000_case7_train.csv,results/batch/fpp_new_instances_scaling_new20x20/splits/new20x20_seed20268129_train600_test1000_case7_test.csv,CVaR,FPP-Branch-Benders-CVaR-RootCuts,FPP-Branch-Benders,,cvar,0.9,1.0,none,none,true,false,false,false,false,false,false,false,heuristic,0.10,eta-asc,true,true,100,100,1e-3,0,100000,1800,0.001,1,results/batch/fpp_new_instances_scaling_new20x20/splits,results/batch/fpp_new_instances_scaling_new20x20/workers/worker_037,results/batch/fpp_new_instances_scaling_new20x20/workers/worker_037/batch_results_worker_037.csv,results/batch/fpp_new_instances_scaling_new20x20/workers/worker_037/json/worker_037_task_004.json,results/batch/fpp_new_instances_scaling_new20x20/workers/worker_037/solutions,new20x20_case07_train600_test1000_alpha0p01_fpp_branch_benders_cvar_rootcuts,run-fpp-branch-benders-oos
worker_037_task_005,worker_037,case07,7,20260529,20268129,20268129,new20x20,20x20,shortest_path,400,,not_checked,,,new20x20,new_instances/20x20,new_instances/20x20,0.01,600,1000,1,9000,9001,10000,true,results/batch/fpp_new_instances_scaling_new20x20/splits/new20x20_seed20268129_train600_test1000_case7_train.csv,results/batch/fpp_new_instances_scaling_new20x20/splits/new20x20_seed20268129_train600_test1000_case7_test.csv,CVaR,FPP-Branch-Benders-CVaR-LLBI-RootCuts,FPP-Branch-Benders,,cvar,0.9,1.0,none,none,true,true,false,false,false,false,false,false,heuristic,0.10,eta-asc,true,true,100,100,1e-3,0,100000,1800,0.001,1,results/batch/fpp_new_instances_scaling_new20x20/splits,results/batch/fpp_new_instances_scaling_new20x20/workers/worker_037,results/batch/fpp_new_instances_scaling_new20x20/workers/worker_037/batch_results_worker_037.csv,results/batch/fpp_new_instances_scaling_new20x20/workers/worker_037/json/worker_037_task_005.json,results/batch/fpp_new_instances_scaling_new20x20/workers/worker_037/solutions,new20x20_case07_train600_test1000_alpha0p01_fpp_branch_benders_cvar_llbi_rootcuts,run-fpp-branch-benders-oos
worker_037_task_006,worker_037,case07,7,20260529,20268129,20268129,new20x20,20x20,shortest_path,400,,not_checked,,,new20x20,new_instances/20x20,new_instances/20x20,0.01,600,1000,1,9000,9001,10000,true,results/batch/fpp_new_instances_scaling_new20x20/splits/new20x20_seed20268129_train600_test1000_case7_train.csv,results/batch/fpp_new_instances_scaling_new20x20/splits/new20x20_seed20268129_train600_test1000_case7_test.csv,CVaR,FPP-Branch-Benders-CVaR-ProjectedCoverageLLBI-exp-RootCuts,FPP-Branch-Benders,,cvar,0.9,1.0,coverage,exp,true,false,true,false,false,true,false,false,heuristic,0.10,eta-asc,true,true,100,100,1e-3,0,100000,1800,0.001,1,results/batch/fpp_new_instances_scaling_new20x20/splits,results/batch/fpp_new_instances_scaling_new20x20/workers/worker_037,results/batch/fpp_new_instances_scaling_new20x20/workers/worker_037/batch_results_worker_037.csv,results/batch/fpp_new_instances_scaling_new20x20/workers/worker_037/json/worker_037_task_006.json,results/batch/fpp_new_instances_scaling_new20x20/workers/worker_037/solutions,new20x20_case07_train600_test1000_alpha0p01_fpp_branch_benders_cvar_projectedcoveragellbi_exp_rootcuts,run-fpp-branch-benders-oos
worker_037_task_007,worker_037,case07,7,20260529,20268129,20268129,new20x20,20x20,shortest_path,400,,not_checked,,,new20x20,new_instances/20x20,new_instances/20x20,0.01,600,1000,1,9000,9001,10000,true,results/batch/fpp_new_instances_scaling_new20x20/splits/new20x20_seed20268129_train600_test1000_case7_train.csv,results/batch/fpp_new_instances_scaling_new20x20/splits/new20x20_seed20268129_train600_test1000_case7_test.csv,CVaR,FPP-Branch-Benders-CVaR-ProjectedPathLLBI-exp-RootCuts,FPP-Branch-Benders,,cvar,0.9,1.0,path,exp,true,false,true,false,false,false,true,false,heuristic,0.10,eta-asc,true,true,100,100,1e-3,0,100000,1800,0.001,1,results/batch/fpp_new_instances_scaling_new20x20/splits,results/batch/fpp_new_instances_scaling_new20x20/workers/worker_037,results/batch/fpp_new_instances_scaling_new20x20/workers/worker_037/batch_results_worker_037.csv,results/batch/fpp_new_instances_scaling_new20x20/workers/worker_037/json/worker_037_task_007.json,results/batch/fpp_new_instances_scaling_new20x20/workers/worker_037/solutions,new20x20_case07_train600_test1000_alpha0p01_fpp_branch_benders_cvar_projectedpathllbi_exp_rootcuts,run-fpp-branch-benders-oos
worker_037_task_008,worker_037,case07,7,20260529,20268129,20268129,new20x20,20x20,shortest_path,400,,not_checked,,,new20x20,new_instances/20x20,new_instances/20x20,0.01,600,1000,1,9000,9001,10000,true,results/batch/fpp_new_instances_scaling_new20x20/splits/new20x20_seed20268129_train600_test1000_case7_train.csv,results/batch/fpp_new_instances_scaling_new20x20/splits/new20x20_seed20268129_train600_test1000_case7_test.csv,MeanCVaR,FPP-Branch-Benders-MeanCVaR-RootCuts,FPP-Branch-Benders,,mean-cvar,0.9,0.5,none,none,true,false,false,false,false,false,false,false,heuristic,0.10,eta-asc,true,true,100,100,1e-3,0,100000,1800,0.001,1,results/batch/fpp_new_instances_scaling_new20x20/splits,results/batch/fpp_new_instances_scaling_new20x20/workers/worker_037,results/batch/fpp_new_instances_scaling_new20x20/workers/worker_037/batch_results_worker_037.csv,results/batch/fpp_new_instances_scaling_new20x20/workers/worker_037/json/worker_037_task_008.json,results/batch/fpp_new_instances_scaling_new20x20/workers/worker_037/solutions,new20x20_case07_train600_test1000_alpha0p01_fpp_branch_benders_meancvar_rootcuts,run-fpp-branch-benders-oos
worker_037_task_009,worker_037,case07,7,20260529,20268129,20268129,new20x20,20x20,shortest_path,400,,not_checked,,,new20x20,new_instances/20x20,new_instances/20x20,0.01,600,1000,1,9000,9001,10000,true,results/batch/fpp_new_instances_scaling_new20x20/splits/new20x20_seed20268129_train600_test1000_case7_train.csv,results/batch/fpp_new_instances_scaling_new20x20/splits/new20x20_seed20268129_train600_test1000_case7_test.csv,MeanCVaR,FPP-Branch-Benders-MeanCVaR-LLBI-RootCuts,FPP-Branch-Benders,,mean-cvar,0.9,0.5,none,none,true,true,false,false,false,false,false,false,heuristic,0.10,eta-asc,true,true,100,100,1e-3,0,100000,1800,0.001,1,results/batch/fpp_new_instances_scaling_new20x20/splits,results/batch/fpp_new_instances_scaling_new20x20/workers/worker_037,results/batch/fpp_new_instances_scaling_new20x20/workers/worker_037/batch_results_worker_037.csv,results/batch/fpp_new_instances_scaling_new20x20/workers/worker_037/json/worker_037_task_009.json,results/batch/fpp_new_instances_scaling_new20x20/workers/worker_037/solutions,new20x20_case07_train600_test1000_alpha0p01_fpp_branch_benders_meancvar_llbi_rootcuts,run-fpp-branch-benders-oos
worker_037_task_010,worker_037,case07,7,20260529,20268129,20268129,new20x20,20x20,shortest_path,400,,not_checked,,,new20x20,new_instances/20x20,new_instances/20x20,0.01,600,1000,1,9000,9001,10000,true,results/batch/fpp_new_instances_scaling_new20x20/splits/new20x20_seed20268129_train600_test1000_case7_train.csv,results/batch/fpp_new_instances_scaling_new20x20/splits/new20x20_seed20268129_train600_test1000_case7_test.csv,MeanCVaR,FPP-Branch-Benders-MeanCVaR-ProjectedCoverageLLBI-exp-RootCuts,FPP-Branch-Benders,,mean-cvar,0.9,0.5,coverage,exp,true,false,true,false,false,true,false,false,heuristic,0.10,eta-asc,true,true,100,100,1e-3,0,100000,1800,0.001,1,results/batch/fpp_new_instances_scaling_new20x20/splits,results/batch/fpp_new_instances_scaling_new20x20/workers/worker_037,results/batch/fpp_new_instances_scaling_new20x20/workers/worker_037/batch_results_worker_037.csv,results/batch/fpp_new_instances_scaling_new20x20/workers/worker_037/json/worker_037_task_010.json,results/batch/fpp_new_instances_scaling_new20x20/workers/worker_037/solutions,new20x20_case07_train600_test1000_alpha0p01_fpp_branch_benders_meancvar_projectedcoveragellbi_exp_rootcuts,run-fpp-branch-benders-oos
worker_037_task_011,worker_037,case07,7,20260529,20268129,20268129,new20x20,20x20,shortest_path,400,,not_checked,,,new20x20,new_instances/20x20,new_instances/20x20,0.01,600,1000,1,9000,9001,10000,true,results/batch/fpp_new_instances_scaling_new20x20/splits/new20x20_seed20268129_train600_test1000_case7_train.csv,results/batch/fpp_new_instances_scaling_new20x20/splits/new20x20_seed20268129_train600_test1000_case7_test.csv,MeanCVaR,FPP-Branch-Benders-MeanCVaR-ProjectedPathLLBI-exp-RootCuts,FPP-Branch-Benders,,mean-cvar,0.9,0.5,path,exp,true,false,true,false,false,false,true,false,heuristic,0.10,eta-asc,true,true,100,100,1e-3,0,100000,1800,0.001,1,results/batch/fpp_new_instances_scaling_new20x20/splits,results/batch/fpp_new_instances_scaling_new20x20/workers/worker_037,results/batch/fpp_new_instances_scaling_new20x20/workers/worker_037/batch_results_worker_037.csv,results/batch/fpp_new_instances_scaling_new20x20/workers/worker_037/json/worker_037_task_011.json,results/batch/fpp_new_instances_scaling_new20x20/workers/worker_037/solutions,new20x20_case07_train600_test1000_alpha0p01_fpp_branch_benders_meancvar_projectedpathllbi_exp_rootcuts,run-fpp-branch-benders-oos
worker_038_task_000,worker_038,case08,8,20260529,20269129,20269129,new20x20,20x20,shortest_path,400,,not_checked,,,new20x20,new_instances/20x20,new_instances/20x20,0.01,600,1000,1,9000,9001,10000,true,results/batch/fpp_new_instances_scaling_new20x20/splits/new20x20_seed20269129_train600_test1000_case8_train.csv,results/batch/fpp_new_instances_scaling_new20x20/splits/new20x20_seed20269129_train600_test1000_case8_test.csv,MeanCVaR,FPP-SAA-MeanCVaR,FPP-SAA,fpp_base,mean-cvar,0.9,0.5,none,none,false,false,false,false,false,false,false,false,heuristic,0.10,eta-asc,true,true,100,100,1e-3,0,100000,1800,0.001,1,results/batch/fpp_new_instances_scaling_new20x20/splits,results/batch/fpp_new_instances_scaling_new20x20/workers/worker_038,results/batch/fpp_new_instances_scaling_new20x20/workers/worker_038/batch_results_worker_038.csv,results/batch/fpp_new_instances_scaling_new20x20/workers/worker_038/json/worker_038_task_000.json,results/batch/fpp_new_instances_scaling_new20x20/workers/worker_038/solutions,new20x20_case08_train600_test1000_alpha0p01_fpp_saa_meancvar,run-fpp-saa-oos
worker_038_task_001,worker_038,case08,8,20260529,20269129,20269129,new20x20,20x20,shortest_path,400,,not_checked,,,new20x20,new_instances/20x20,new_instances/20x20,0.01,600,1000,1,9000,9001,10000,true,results/batch/fpp_new_instances_scaling_new20x20/splits/new20x20_seed20269129_train600_test1000_case8_train.csv,results/batch/fpp_new_instances_scaling_new20x20/splits/new20x20_seed20269129_train600_test1000_case8_test.csv,Expected,FPP-Branch-Benders-LLBI-RootCuts,FPP-Branch-Benders,,expected,0.9,1.0,none,none,true,true,false,false,false,false,false,false,heuristic,0.10,eta-asc,true,true,100,100,1e-3,0,100000,1800,0.001,1,results/batch/fpp_new_instances_scaling_new20x20/splits,results/batch/fpp_new_instances_scaling_new20x20/workers/worker_038,results/batch/fpp_new_instances_scaling_new20x20/workers/worker_038/batch_results_worker_038.csv,results/batch/fpp_new_instances_scaling_new20x20/workers/worker_038/json/worker_038_task_001.json,results/batch/fpp_new_instances_scaling_new20x20/workers/worker_038/solutions,new20x20_case08_train600_test1000_alpha0p01_fpp_branch_benders_llbi_rootcuts,run-fpp-branch-benders-oos
worker_038_task_002,worker_038,case08,8,20260529,20269129,20269129,new20x20,20x20,shortest_path,400,,not_checked,,,new20x20,new_instances/20x20,new_instances/20x20,0.01,600,1000,1,9000,9001,10000,true,results/batch/fpp_new_instances_scaling_new20x20/splits/new20x20_seed20269129_train600_test1000_case8_train.csv,results/batch/fpp_new_instances_scaling_new20x20/splits/new20x20_seed20269129_train600_test1000_case8_test.csv,Expected,FPP-Branch-Benders-ProjectedCoverageLLBI-exp-RootCuts,FPP-Branch-Benders,,expected,0.9,1.0,coverage,exp,true,false,true,false,false,true,false,false,heuristic,0.10,eta-asc,true,true,100,100,1e-3,0,100000,1800,0.001,1,results/batch/fpp_new_instances_scaling_new20x20/splits,results/batch/fpp_new_instances_scaling_new20x20/workers/worker_038,results/batch/fpp_new_instances_scaling_new20x20/workers/worker_038/batch_results_worker_038.csv,results/batch/fpp_new_instances_scaling_new20x20/workers/worker_038/json/worker_038_task_002.json,results/batch/fpp_new_instances_scaling_new20x20/workers/worker_038/solutions,new20x20_case08_train600_test1000_alpha0p01_fpp_branch_benders_projectedcoveragellbi_exp_rootcuts,run-fpp-branch-benders-oos
worker_038_task_003,worker_038,case08,8,20260529,20269129,20269129,new20x20,20x20,shortest_path,400,,not_checked,,,new20x20,new_instances/20x20,new_instances/20x20,0.01,600,1000,1,9000,9001,10000,true,results/batch/fpp_new_instances_scaling_new20x20/splits/new20x20_seed20269129_train600_test1000_case8_train.csv,results/batch/fpp_new_instances_scaling_new20x20/splits/new20x20_seed20269129_train600_test1000_case8_test.csv,Expected,FPP-Branch-Benders-ProjectedPathLLBI-exp-RootCuts,FPP-Branch-Benders,,expected,0.9,1.0,path,exp,true,false,true,false,false,false,true,false,heuristic,0.10,eta-asc,true,true,100,100,1e-3,0,100000,1800,0.001,1,results/batch/fpp_new_instances_scaling_new20x20/splits,results/batch/fpp_new_instances_scaling_new20x20/workers/worker_038,results/batch/fpp_new_instances_scaling_new20x20/workers/worker_038/batch_results_worker_038.csv,results/batch/fpp_new_instances_scaling_new20x20/workers/worker_038/json/worker_038_task_003.json,results/batch/fpp_new_instances_scaling_new20x20/workers/worker_038/solutions,new20x20_case08_train600_test1000_alpha0p01_fpp_branch_benders_projectedpathllbi_exp_rootcuts,run-fpp-branch-benders-oos
worker_038_task_004,worker_038,case08,8,20260529,20269129,20269129,new20x20,20x20,shortest_path,400,,not_checked,,,new20x20,new_instances/20x20,new_instances/20x20,0.01,600,1000,1,9000,9001,10000,true,results/batch/fpp_new_instances_scaling_new20x20/splits/new20x20_seed20269129_train600_test1000_case8_train.csv,results/batch/fpp_new_instances_scaling_new20x20/splits/new20x20_seed20269129_train600_test1000_case8_test.csv,CVaR,FPP-Branch-Benders-CVaR-RootCuts,FPP-Branch-Benders,,cvar,0.9,1.0,none,none,true,false,false,false,false,false,false,false,heuristic,0.10,eta-asc,true,true,100,100,1e-3,0,100000,1800,0.001,1,results/batch/fpp_new_instances_scaling_new20x20/splits,results/batch/fpp_new_instances_scaling_new20x20/workers/worker_038,results/batch/fpp_new_instances_scaling_new20x20/workers/worker_038/batch_results_worker_038.csv,results/batch/fpp_new_instances_scaling_new20x20/workers/worker_038/json/worker_038_task_004.json,results/batch/fpp_new_instances_scaling_new20x20/workers/worker_038/solutions,new20x20_case08_train600_test1000_alpha0p01_fpp_branch_benders_cvar_rootcuts,run-fpp-branch-benders-oos
worker_038_task_005,worker_038,case08,8,20260529,20269129,20269129,new20x20,20x20,shortest_path,400,,not_checked,,,new20x20,new_instances/20x20,new_instances/20x20,0.01,600,1000,1,9000,9001,10000,true,results/batch/fpp_new_instances_scaling_new20x20/splits/new20x20_seed20269129_train600_test1000_case8_train.csv,results/batch/fpp_new_instances_scaling_new20x20/splits/new20x20_seed20269129_train600_test1000_case8_test.csv,CVaR,FPP-Branch-Benders-CVaR-LLBI-RootCuts,FPP-Branch-Benders,,cvar,0.9,1.0,none,none,true,true,false,false,false,false,false,false,heuristic,0.10,eta-asc,true,true,100,100,1e-3,0,100000,1800,0.001,1,results/batch/fpp_new_instances_scaling_new20x20/splits,results/batch/fpp_new_instances_scaling_new20x20/workers/worker_038,results/batch/fpp_new_instances_scaling_new20x20/workers/worker_038/batch_results_worker_038.csv,results/batch/fpp_new_instances_scaling_new20x20/workers/worker_038/json/worker_038_task_005.json,results/batch/fpp_new_instances_scaling_new20x20/workers/worker_038/solutions,new20x20_case08_train600_test1000_alpha0p01_fpp_branch_benders_cvar_llbi_rootcuts,run-fpp-branch-benders-oos
worker_038_task_006,worker_038,case08,8,20260529,20269129,20269129,new20x20,20x20,shortest_path,400,,not_checked,,,new20x20,new_instances/20x20,new_instances/20x20,0.01,600,1000,1,9000,9001,10000,true,results/batch/fpp_new_instances_scaling_new20x20/splits/new20x20_seed20269129_train600_test1000_case8_train.csv,results/batch/fpp_new_instances_scaling_new20x20/splits/new20x20_seed20269129_train600_test1000_case8_test.csv,CVaR,FPP-Branch-Benders-CVaR-ProjectedCoverageLLBI-exp-RootCuts,FPP-Branch-Benders,,cvar,0.9,1.0,coverage,exp,true,false,true,false,false,true,false,false,heuristic,0.10,eta-asc,true,true,100,100,1e-3,0,100000,1800,0.001,1,results/batch/fpp_new_instances_scaling_new20x20/splits,results/batch/fpp_new_instances_scaling_new20x20/workers/worker_038,results/batch/fpp_new_instances_scaling_new20x20/workers/worker_038/batch_results_worker_038.csv,results/batch/fpp_new_instances_scaling_new20x20/workers/worker_038/json/worker_038_task_006.json,results/batch/fpp_new_instances_scaling_new20x20/workers/worker_038/solutions,new20x20_case08_train600_test1000_alpha0p01_fpp_branch_benders_cvar_projectedcoveragellbi_exp_rootcuts,run-fpp-branch-benders-oos
worker_038_task_007,worker_038,case08,8,20260529,20269129,20269129,new20x20,20x20,shortest_path,400,,not_checked,,,new20x20,new_instances/20x20,new_instances/20x20,0.01,600,1000,1,9000,9001,10000,true,results/batch/fpp_new_instances_scaling_new20x20/splits/new20x20_seed20269129_train600_test1000_case8_train.csv,results/batch/fpp_new_instances_scaling_new20x20/splits/new20x20_seed20269129_train600_test1000_case8_test.csv,CVaR,FPP-Branch-Benders-CVaR-ProjectedPathLLBI-exp-RootCuts,FPP-Branch-Benders,,cvar,0.9,1.0,path,exp,true,false,true,false,false,false,true,false,heuristic,0.10,eta-asc,true,true,100,100,1e-3,0,100000,1800,0.001,1,results/batch/fpp_new_instances_scaling_new20x20/splits,results/batch/fpp_new_instances_scaling_new20x20/workers/worker_038,results/batch/fpp_new_instances_scaling_new20x20/workers/worker_038/batch_results_worker_038.csv,results/batch/fpp_new_instances_scaling_new20x20/workers/worker_038/json/worker_038_task_007.json,results/batch/fpp_new_instances_scaling_new20x20/workers/worker_038/solutions,new20x20_case08_train600_test1000_alpha0p01_fpp_branch_benders_cvar_projectedpathllbi_exp_rootcuts,run-fpp-branch-benders-oos
worker_038_task_008,worker_038,case08,8,20260529,20269129,20269129,new20x20,20x20,shortest_path,400,,not_checked,,,new20x20,new_instances/20x20,new_instances/20x20,0.01,600,1000,1,9000,9001,10000,true,results/batch/fpp_new_instances_scaling_new20x20/splits/new20x20_seed20269129_train600_test1000_case8_train.csv,results/batch/fpp_new_instances_scaling_new20x20/splits/new20x20_seed20269129_train600_test1000_case8_test.csv,MeanCVaR,FPP-Branch-Benders-MeanCVaR-RootCuts,FPP-Branch-Benders,,mean-cvar,0.9,0.5,none,none,true,false,false,false,false,false,false,false,heuristic,0.10,eta-asc,true,true,100,100,1e-3,0,100000,1800,0.001,1,results/batch/fpp_new_instances_scaling_new20x20/splits,results/batch/fpp_new_instances_scaling_new20x20/workers/worker_038,results/batch/fpp_new_instances_scaling_new20x20/workers/worker_038/batch_results_worker_038.csv,results/batch/fpp_new_instances_scaling_new20x20/workers/worker_038/json/worker_038_task_008.json,results/batch/fpp_new_instances_scaling_new20x20/workers/worker_038/solutions,new20x20_case08_train600_test1000_alpha0p01_fpp_branch_benders_meancvar_rootcuts,run-fpp-branch-benders-oos
worker_038_task_009,worker_038,case08,8,20260529,20269129,20269129,new20x20,20x20,shortest_path,400,,not_checked,,,new20x20,new_instances/20x20,new_instances/20x20,0.01,600,1000,1,9000,9001,10000,true,results/batch/fpp_new_instances_scaling_new20x20/splits/new20x20_seed20269129_train600_test1000_case8_train.csv,results/batch/fpp_new_instances_scaling_new20x20/splits/new20x20_seed20269129_train600_test1000_case8_test.csv,MeanCVaR,FPP-Branch-Benders-MeanCVaR-LLBI-RootCuts,FPP-Branch-Benders,,mean-cvar,0.9,0.5,none,none,true,true,false,false,false,false,false,false,heuristic,0.10,eta-asc,true,true,100,100,1e-3,0,100000,1800,0.001,1,results/batch/fpp_new_instances_scaling_new20x20/splits,results/batch/fpp_new_instances_scaling_new20x20/workers/worker_038,results/batch/fpp_new_instances_scaling_new20x20/workers/worker_038/batch_results_worker_038.csv,results/batch/fpp_new_instances_scaling_new20x20/workers/worker_038/json/worker_038_task_009.json,results/batch/fpp_new_instances_scaling_new20x20/workers/worker_038/solutions,new20x20_case08_train600_test1000_alpha0p01_fpp_branch_benders_meancvar_llbi_rootcuts,run-fpp-branch-benders-oos
worker_038_task_010,worker_038,case08,8,20260529,20269129,20269129,new20x20,20x20,shortest_path,400,,not_checked,,,new20x20,new_instances/20x20,new_instances/20x20,0.01,600,1000,1,9000,9001,10000,true,results/batch/fpp_new_instances_scaling_new20x20/splits/new20x20_seed20269129_train600_test1000_case8_train.csv,results/batch/fpp_new_instances_scaling_new20x20/splits/new20x20_seed20269129_train600_test1000_case8_test.csv,MeanCVaR,FPP-Branch-Benders-MeanCVaR-ProjectedCoverageLLBI-exp-RootCuts,FPP-Branch-Benders,,mean-cvar,0.9,0.5,coverage,exp,true,false,true,false,false,true,false,false,heuristic,0.10,eta-asc,true,true,100,100,1e-3,0,100000,1800,0.001,1,results/batch/fpp_new_instances_scaling_new20x20/splits,results/batch/fpp_new_instances_scaling_new20x20/workers/worker_038,results/batch/fpp_new_instances_scaling_new20x20/workers/worker_038/batch_results_worker_038.csv,results/batch/fpp_new_instances_scaling_new20x20/workers/worker_038/json/worker_038_task_010.json,results/batch/fpp_new_instances_scaling_new20x20/workers/worker_038/solutions,new20x20_case08_train600_test1000_alpha0p01_fpp_branch_benders_meancvar_projectedcoveragellbi_exp_rootcuts,run-fpp-branch-benders-oos
worker_038_task_011,worker_038,case08,8,20260529,20269129,20269129,new20x20,20x20,shortest_path,400,,not_checked,,,new20x20,new_instances/20x20,new_instances/20x20,0.01,600,1000,1,9000,9001,10000,true,results/batch/fpp_new_instances_scaling_new20x20/splits/new20x20_seed20269129_train600_test1000_case8_train.csv,results/batch/fpp_new_instances_scaling_new20x20/splits/new20x20_seed20269129_train600_test1000_case8_test.csv,MeanCVaR,FPP-Branch-Benders-MeanCVaR-ProjectedPathLLBI-exp-RootCuts,FPP-Branch-Benders,,mean-cvar,0.9,0.5,path,exp,true,false,true,false,false,false,true,false,heuristic,0.10,eta-asc,true,true,100,100,1e-3,0,100000,1800,0.001,1,results/batch/fpp_new_instances_scaling_new20x20/splits,results/batch/fpp_new_instances_scaling_new20x20/workers/worker_038,results/batch/fpp_new_instances_scaling_new20x20/workers/worker_038/batch_results_worker_038.csv,results/batch/fpp_new_instances_scaling_new20x20/workers/worker_038/json/worker_038_task_011.json,results/batch/fpp_new_instances_scaling_new20x20/workers/worker_038/solutions,new20x20_case08_train600_test1000_alpha0p01_fpp_branch_benders_meancvar_projectedpathllbi_exp_rootcuts,run-fpp-branch-benders-oos
worker_039_task_000,worker_039,case09,9,20260529,20270129,20270129,new20x20,20x20,shortest_path,400,,not_checked,,,new20x20,new_instances/20x20,new_instances/20x20,0.01,600,1000,1,9000,9001,10000,true,results/batch/fpp_new_instances_scaling_new20x20/splits/new20x20_seed20270129_train600_test1000_case9_train.csv,results/batch/fpp_new_instances_scaling_new20x20/splits/new20x20_seed20270129_train600_test1000_case9_test.csv,MeanCVaR,FPP-SAA-MeanCVaR,FPP-SAA,fpp_base,mean-cvar,0.9,0.5,none,none,false,false,false,false,false,false,false,false,heuristic,0.10,eta-asc,true,true,100,100,1e-3,0,100000,1800,0.001,1,results/batch/fpp_new_instances_scaling_new20x20/splits,results/batch/fpp_new_instances_scaling_new20x20/workers/worker_039,results/batch/fpp_new_instances_scaling_new20x20/workers/worker_039/batch_results_worker_039.csv,results/batch/fpp_new_instances_scaling_new20x20/workers/worker_039/json/worker_039_task_000.json,results/batch/fpp_new_instances_scaling_new20x20/workers/worker_039/solutions,new20x20_case09_train600_test1000_alpha0p01_fpp_saa_meancvar,run-fpp-saa-oos
worker_039_task_001,worker_039,case09,9,20260529,20270129,20270129,new20x20,20x20,shortest_path,400,,not_checked,,,new20x20,new_instances/20x20,new_instances/20x20,0.01,600,1000,1,9000,9001,10000,true,results/batch/fpp_new_instances_scaling_new20x20/splits/new20x20_seed20270129_train600_test1000_case9_train.csv,results/batch/fpp_new_instances_scaling_new20x20/splits/new20x20_seed20270129_train600_test1000_case9_test.csv,Expected,FPP-Branch-Benders-LLBI-RootCuts,FPP-Branch-Benders,,expected,0.9,1.0,none,none,true,true,false,false,false,false,false,false,heuristic,0.10,eta-asc,true,true,100,100,1e-3,0,100000,1800,0.001,1,results/batch/fpp_new_instances_scaling_new20x20/splits,results/batch/fpp_new_instances_scaling_new20x20/workers/worker_039,results/batch/fpp_new_instances_scaling_new20x20/workers/worker_039/batch_results_worker_039.csv,results/batch/fpp_new_instances_scaling_new20x20/workers/worker_039/json/worker_039_task_001.json,results/batch/fpp_new_instances_scaling_new20x20/workers/worker_039/solutions,new20x20_case09_train600_test1000_alpha0p01_fpp_branch_benders_llbi_rootcuts,run-fpp-branch-benders-oos
worker_039_task_002,worker_039,case09,9,20260529,20270129,20270129,new20x20,20x20,shortest_path,400,,not_checked,,,new20x20,new_instances/20x20,new_instances/20x20,0.01,600,1000,1,9000,9001,10000,true,results/batch/fpp_new_instances_scaling_new20x20/splits/new20x20_seed20270129_train600_test1000_case9_train.csv,results/batch/fpp_new_instances_scaling_new20x20/splits/new20x20_seed20270129_train600_test1000_case9_test.csv,Expected,FPP-Branch-Benders-ProjectedCoverageLLBI-exp-RootCuts,FPP-Branch-Benders,,expected,0.9,1.0,coverage,exp,true,false,true,false,false,true,false,false,heuristic,0.10,eta-asc,true,true,100,100,1e-3,0,100000,1800,0.001,1,results/batch/fpp_new_instances_scaling_new20x20/splits,results/batch/fpp_new_instances_scaling_new20x20/workers/worker_039,results/batch/fpp_new_instances_scaling_new20x20/workers/worker_039/batch_results_worker_039.csv,results/batch/fpp_new_instances_scaling_new20x20/workers/worker_039/json/worker_039_task_002.json,results/batch/fpp_new_instances_scaling_new20x20/workers/worker_039/solutions,new20x20_case09_train600_test1000_alpha0p01_fpp_branch_benders_projectedcoveragellbi_exp_rootcuts,run-fpp-branch-benders-oos
worker_039_task_003,worker_039,case09,9,20260529,20270129,20270129,new20x20,20x20,shortest_path,400,,not_checked,,,new20x20,new_instances/20x20,new_instances/20x20,0.01,600,1000,1,9000,9001,10000,true,results/batch/fpp_new_instances_scaling_new20x20/splits/new20x20_seed20270129_train600_test1000_case9_train.csv,results/batch/fpp_new_instances_scaling_new20x20/splits/new20x20_seed20270129_train600_test1000_case9_test.csv,Expected,FPP-Branch-Benders-ProjectedPathLLBI-exp-RootCuts,FPP-Branch-Benders,,expected,0.9,1.0,path,exp,true,false,true,false,false,false,true,false,heuristic,0.10,eta-asc,true,true,100,100,1e-3,0,100000,1800,0.001,1,results/batch/fpp_new_instances_scaling_new20x20/splits,results/batch/fpp_new_instances_scaling_new20x20/workers/worker_039,results/batch/fpp_new_instances_scaling_new20x20/workers/worker_039/batch_results_worker_039.csv,results/batch/fpp_new_instances_scaling_new20x20/workers/worker_039/json/worker_039_task_003.json,results/batch/fpp_new_instances_scaling_new20x20/workers/worker_039/solutions,new20x20_case09_train600_test1000_alpha0p01_fpp_branch_benders_projectedpathllbi_exp_rootcuts,run-fpp-branch-benders-oos
worker_039_task_004,worker_039,case09,9,20260529,20270129,20270129,new20x20,20x20,shortest_path,400,,not_checked,,,new20x20,new_instances/20x20,new_instances/20x20,0.01,600,1000,1,9000,9001,10000,true,results/batch/fpp_new_instances_scaling_new20x20/splits/new20x20_seed20270129_train600_test1000_case9_train.csv,results/batch/fpp_new_instances_scaling_new20x20/splits/new20x20_seed20270129_train600_test1000_case9_test.csv,CVaR,FPP-Branch-Benders-CVaR-RootCuts,FPP-Branch-Benders,,cvar,0.9,1.0,none,none,true,false,false,false,false,false,false,false,heuristic,0.10,eta-asc,true,true,100,100,1e-3,0,100000,1800,0.001,1,results/batch/fpp_new_instances_scaling_new20x20/splits,results/batch/fpp_new_instances_scaling_new20x20/workers/worker_039,results/batch/fpp_new_instances_scaling_new20x20/workers/worker_039/batch_results_worker_039.csv,results/batch/fpp_new_instances_scaling_new20x20/workers/worker_039/json/worker_039_task_004.json,results/batch/fpp_new_instances_scaling_new20x20/workers/worker_039/solutions,new20x20_case09_train600_test1000_alpha0p01_fpp_branch_benders_cvar_rootcuts,run-fpp-branch-benders-oos
worker_039_task_005,worker_039,case09,9,20260529,20270129,20270129,new20x20,20x20,shortest_path,400,,not_checked,,,new20x20,new_instances/20x20,new_instances/20x20,0.01,600,1000,1,9000,9001,10000,true,results/batch/fpp_new_instances_scaling_new20x20/splits/new20x20_seed20270129_train600_test1000_case9_train.csv,results/batch/fpp_new_instances_scaling_new20x20/splits/new20x20_seed20270129_train600_test1000_case9_test.csv,CVaR,FPP-Branch-Benders-CVaR-LLBI-RootCuts,FPP-Branch-Benders,,cvar,0.9,1.0,none,none,true,true,false,false,false,false,false,false,heuristic,0.10,eta-asc,true,true,100,100,1e-3,0,100000,1800,0.001,1,results/batch/fpp_new_instances_scaling_new20x20/splits,results/batch/fpp_new_instances_scaling_new20x20/workers/worker_039,results/batch/fpp_new_instances_scaling_new20x20/workers/worker_039/batch_results_worker_039.csv,results/batch/fpp_new_instances_scaling_new20x20/workers/worker_039/json/worker_039_task_005.json,results/batch/fpp_new_instances_scaling_new20x20/workers/worker_039/solutions,new20x20_case09_train600_test1000_alpha0p01_fpp_branch_benders_cvar_llbi_rootcuts,run-fpp-branch-benders-oos
worker_039_task_006,worker_039,case09,9,20260529,20270129,20270129,new20x20,20x20,shortest_path,400,,not_checked,,,new20x20,new_instances/20x20,new_instances/20x20,0.01,600,1000,1,9000,9001,10000,true,results/batch/fpp_new_instances_scaling_new20x20/splits/new20x20_seed20270129_train600_test1000_case9_train.csv,results/batch/fpp_new_instances_scaling_new20x20/splits/new20x20_seed20270129_train600_test1000_case9_test.csv,CVaR,FPP-Branch-Benders-CVaR-ProjectedCoverageLLBI-exp-RootCuts,FPP-Branch-Benders,,cvar,0.9,1.0,coverage,exp,true,false,true,false,false,true,false,false,heuristic,0.10,eta-asc,true,true,100,100,1e-3,0,100000,1800,0.001,1,results/batch/fpp_new_instances_scaling_new20x20/splits,results/batch/fpp_new_instances_scaling_new20x20/workers/worker_039,results/batch/fpp_new_instances_scaling_new20x20/workers/worker_039/batch_results_worker_039.csv,results/batch/fpp_new_instances_scaling_new20x20/workers/worker_039/json/worker_039_task_006.json,results/batch/fpp_new_instances_scaling_new20x20/workers/worker_039/solutions,new20x20_case09_train600_test1000_alpha0p01_fpp_branch_benders_cvar_projectedcoveragellbi_exp_rootcuts,run-fpp-branch-benders-oos
worker_039_task_007,worker_039,case09,9,20260529,20270129,20270129,new20x20,20x20,shortest_path,400,,not_checked,,,new20x20,new_instances/20x20,new_instances/20x20,0.01,600,1000,1,9000,9001,10000,true,results/batch/fpp_new_instances_scaling_new20x20/splits/new20x20_seed20270129_train600_test1000_case9_train.csv,results/batch/fpp_new_instances_scaling_new20x20/splits/new20x20_seed20270129_train600_test1000_case9_test.csv,CVaR,FPP-Branch-Benders-CVaR-ProjectedPathLLBI-exp-RootCuts,FPP-Branch-Benders,,cvar,0.9,1.0,path,exp,true,false,true,false,false,false,true,false,heuristic,0.10,eta-asc,true,true,100,100,1e-3,0,100000,1800,0.001,1,results/batch/fpp_new_instances_scaling_new20x20/splits,results/batch/fpp_new_instances_scaling_new20x20/workers/worker_039,results/batch/fpp_new_instances_scaling_new20x20/workers/worker_039/batch_results_worker_039.csv,results/batch/fpp_new_instances_scaling_new20x20/workers/worker_039/json/worker_039_task_007.json,results/batch/fpp_new_instances_scaling_new20x20/workers/worker_039/solutions,new20x20_case09_train600_test1000_alpha0p01_fpp_branch_benders_cvar_projectedpathllbi_exp_rootcuts,run-fpp-branch-benders-oos
worker_039_task_008,worker_039,case09,9,20260529,20270129,20270129,new20x20,20x20,shortest_path,400,,not_checked,,,new20x20,new_instances/20x20,new_instances/20x20,0.01,600,1000,1,9000,9001,10000,true,results/batch/fpp_new_instances_scaling_new20x20/splits/new20x20_seed20270129_train600_test1000_case9_train.csv,results/batch/fpp_new_instances_scaling_new20x20/splits/new20x20_seed20270129_train600_test1000_case9_test.csv,MeanCVaR,FPP-Branch-Benders-MeanCVaR-RootCuts,FPP-Branch-Benders,,mean-cvar,0.9,0.5,none,none,true,false,false,false,false,false,false,false,heuristic,0.10,eta-asc,true,true,100,100,1e-3,0,100000,1800,0.001,1,results/batch/fpp_new_instances_scaling_new20x20/splits,results/batch/fpp_new_instances_scaling_new20x20/workers/worker_039,results/batch/fpp_new_instances_scaling_new20x20/workers/worker_039/batch_results_worker_039.csv,results/batch/fpp_new_instances_scaling_new20x20/workers/worker_039/json/worker_039_task_008.json,results/batch/fpp_new_instances_scaling_new20x20/workers/worker_039/solutions,new20x20_case09_train600_test1000_alpha0p01_fpp_branch_benders_meancvar_rootcuts,run-fpp-branch-benders-oos
worker_039_task_009,worker_039,case09,9,20260529,20270129,20270129,new20x20,20x20,shortest_path,400,,not_checked,,,new20x20,new_instances/20x20,new_instances/20x20,0.01,600,1000,1,9000,9001,10000,true,results/batch/fpp_new_instances_scaling_new20x20/splits/new20x20_seed20270129_train600_test1000_case9_train.csv,results/batch/fpp_new_instances_scaling_new20x20/splits/new20x20_seed20270129_train600_test1000_case9_test.csv,MeanCVaR,FPP-Branch-Benders-MeanCVaR-LLBI-RootCuts,FPP-Branch-Benders,,mean-cvar,0.9,0.5,none,none,true,true,false,false,false,false,false,false,heuristic,0.10,eta-asc,true,true,100,100,1e-3,0,100000,1800,0.001,1,results/batch/fpp_new_instances_scaling_new20x20/splits,results/batch/fpp_new_instances_scaling_new20x20/workers/worker_039,results/batch/fpp_new_instances_scaling_new20x20/workers/worker_039/batch_results_worker_039.csv,results/batch/fpp_new_instances_scaling_new20x20/workers/worker_039/json/worker_039_task_009.json,results/batch/fpp_new_instances_scaling_new20x20/workers/worker_039/solutions,new20x20_case09_train600_test1000_alpha0p01_fpp_branch_benders_meancvar_llbi_rootcuts,run-fpp-branch-benders-oos
worker_039_task_010,worker_039,case09,9,20260529,20270129,20270129,new20x20,20x20,shortest_path,400,,not_checked,,,new20x20,new_instances/20x20,new_instances/20x20,0.01,600,1000,1,9000,9001,10000,true,results/batch/fpp_new_instances_scaling_new20x20/splits/new20x20_seed20270129_train600_test1000_case9_train.csv,results/batch/fpp_new_instances_scaling_new20x20/splits/new20x20_seed20270129_train600_test1000_case9_test.csv,MeanCVaR,FPP-Branch-Benders-MeanCVaR-ProjectedCoverageLLBI-exp-RootCuts,FPP-Branch-Benders,,mean-cvar,0.9,0.5,coverage,exp,true,false,true,false,false,true,false,false,heuristic,0.10,eta-asc,true,true,100,100,1e-3,0,100000,1800,0.001,1,results/batch/fpp_new_instances_scaling_new20x20/splits,results/batch/fpp_new_instances_scaling_new20x20/workers/worker_039,results/batch/fpp_new_instances_scaling_new20x20/workers/worker_039/batch_results_worker_039.csv,results/batch/fpp_new_instances_scaling_new20x20/workers/worker_039/json/worker_039_task_010.json,results/batch/fpp_new_instances_scaling_new20x20/workers/worker_039/solutions,new20x20_case09_train600_test1000_alpha0p01_fpp_branch_benders_meancvar_projectedcoveragellbi_exp_rootcuts,run-fpp-branch-benders-oos
worker_039_task_011,worker_039,case09,9,20260529,20270129,20270129,new20x20,20x20,shortest_path,400,,not_checked,,,new20x20,new_instances/20x20,new_instances/20x20,0.01,600,1000,1,9000,9001,10000,true,results/batch/fpp_new_instances_scaling_new20x20/splits/new20x20_seed20270129_train600_test1000_case9_train.csv,results/batch/fpp_new_instances_scaling_new20x20/splits/new20x20_seed20270129_train600_test1000_case9_test.csv,MeanCVaR,FPP-Branch-Benders-MeanCVaR-ProjectedPathLLBI-exp-RootCuts,FPP-Branch-Benders,,mean-cvar,0.9,0.5,path,exp,true,false,true,false,false,false,true,false,heuristic,0.10,eta-asc,true,true,100,100,1e-3,0,100000,1800,0.001,1,results/batch/fpp_new_instances_scaling_new20x20/splits,results/batch/fpp_new_instances_scaling_new20x20/workers/worker_039,results/batch/fpp_new_instances_scaling_new20x20/workers/worker_039/batch_results_worker_039.csv,results/batch/fpp_new_instances_scaling_new20x20/workers/worker_039/json/worker_039_task_011.json,results/batch/fpp_new_instances_scaling_new20x20/workers/worker_039/solutions,new20x20_case09_train600_test1000_alpha0p01_fpp_branch_benders_meancvar_projectedpathllbi_exp_rootcuts,run-fpp-branch-benders-oos
worker_040_task_000,worker_040,case00,0,20260529,20261129,20261129,new20x20,20x20,shortest_path,400,,not_checked,,,new20x20,new_instances/20x20,new_instances/20x20,0.02,600,1000,1,9000,9001,10000,true,results/batch/fpp_new_instances_scaling_new20x20/splits/new20x20_seed20261129_train600_test1000_case0_train.csv,results/batch/fpp_new_instances_scaling_new20x20/splits/new20x20_seed20261129_train600_test1000_case0_test.csv,MeanCVaR,FPP-SAA-MeanCVaR,FPP-SAA,fpp_base,mean-cvar,0.9,0.5,none,none,false,false,false,false,false,false,false,false,heuristic,0.10,eta-asc,true,true,100,100,1e-3,0,100000,1800,0.001,1,results/batch/fpp_new_instances_scaling_new20x20/splits,results/batch/fpp_new_instances_scaling_new20x20/workers/worker_040,results/batch/fpp_new_instances_scaling_new20x20/workers/worker_040/batch_results_worker_040.csv,results/batch/fpp_new_instances_scaling_new20x20/workers/worker_040/json/worker_040_task_000.json,results/batch/fpp_new_instances_scaling_new20x20/workers/worker_040/solutions,new20x20_case00_train600_test1000_alpha0p02_fpp_saa_meancvar,run-fpp-saa-oos
worker_040_task_001,worker_040,case00,0,20260529,20261129,20261129,new20x20,20x20,shortest_path,400,,not_checked,,,new20x20,new_instances/20x20,new_instances/20x20,0.02,600,1000,1,9000,9001,10000,true,results/batch/fpp_new_instances_scaling_new20x20/splits/new20x20_seed20261129_train600_test1000_case0_train.csv,results/batch/fpp_new_instances_scaling_new20x20/splits/new20x20_seed20261129_train600_test1000_case0_test.csv,Expected,FPP-Branch-Benders-LLBI-RootCuts,FPP-Branch-Benders,,expected,0.9,1.0,none,none,true,true,false,false,false,false,false,false,heuristic,0.10,eta-asc,true,true,100,100,1e-3,0,100000,1800,0.001,1,results/batch/fpp_new_instances_scaling_new20x20/splits,results/batch/fpp_new_instances_scaling_new20x20/workers/worker_040,results/batch/fpp_new_instances_scaling_new20x20/workers/worker_040/batch_results_worker_040.csv,results/batch/fpp_new_instances_scaling_new20x20/workers/worker_040/json/worker_040_task_001.json,results/batch/fpp_new_instances_scaling_new20x20/workers/worker_040/solutions,new20x20_case00_train600_test1000_alpha0p02_fpp_branch_benders_llbi_rootcuts,run-fpp-branch-benders-oos
worker_040_task_002,worker_040,case00,0,20260529,20261129,20261129,new20x20,20x20,shortest_path,400,,not_checked,,,new20x20,new_instances/20x20,new_instances/20x20,0.02,600,1000,1,9000,9001,10000,true,results/batch/fpp_new_instances_scaling_new20x20/splits/new20x20_seed20261129_train600_test1000_case0_train.csv,results/batch/fpp_new_instances_scaling_new20x20/splits/new20x20_seed20261129_train600_test1000_case0_test.csv,Expected,FPP-Branch-Benders-ProjectedCoverageLLBI-exp-RootCuts,FPP-Branch-Benders,,expected,0.9,1.0,coverage,exp,true,false,true,false,false,true,false,false,heuristic,0.10,eta-asc,true,true,100,100,1e-3,0,100000,1800,0.001,1,results/batch/fpp_new_instances_scaling_new20x20/splits,results/batch/fpp_new_instances_scaling_new20x20/workers/worker_040,results/batch/fpp_new_instances_scaling_new20x20/workers/worker_040/batch_results_worker_040.csv,results/batch/fpp_new_instances_scaling_new20x20/workers/worker_040/json/worker_040_task_002.json,results/batch/fpp_new_instances_scaling_new20x20/workers/worker_040/solutions,new20x20_case00_train600_test1000_alpha0p02_fpp_branch_benders_projectedcoveragellbi_exp_rootcuts,run-fpp-branch-benders-oos
worker_040_task_003,worker_040,case00,0,20260529,20261129,20261129,new20x20,20x20,shortest_path,400,,not_checked,,,new20x20,new_instances/20x20,new_instances/20x20,0.02,600,1000,1,9000,9001,10000,true,results/batch/fpp_new_instances_scaling_new20x20/splits/new20x20_seed20261129_train600_test1000_case0_train.csv,results/batch/fpp_new_instances_scaling_new20x20/splits/new20x20_seed20261129_train600_test1000_case0_test.csv,Expected,FPP-Branch-Benders-ProjectedPathLLBI-exp-RootCuts,FPP-Branch-Benders,,expected,0.9,1.0,path,exp,true,false,true,false,false,false,true,false,heuristic,0.10,eta-asc,true,true,100,100,1e-3,0,100000,1800,0.001,1,results/batch/fpp_new_instances_scaling_new20x20/splits,results/batch/fpp_new_instances_scaling_new20x20/workers/worker_040,results/batch/fpp_new_instances_scaling_new20x20/workers/worker_040/batch_results_worker_040.csv,results/batch/fpp_new_instances_scaling_new20x20/workers/worker_040/json/worker_040_task_003.json,results/batch/fpp_new_instances_scaling_new20x20/workers/worker_040/solutions,new20x20_case00_train600_test1000_alpha0p02_fpp_branch_benders_projectedpathllbi_exp_rootcuts,run-fpp-branch-benders-oos
worker_040_task_004,worker_040,case00,0,20260529,20261129,20261129,new20x20,20x20,shortest_path,400,,not_checked,,,new20x20,new_instances/20x20,new_instances/20x20,0.02,600,1000,1,9000,9001,10000,true,results/batch/fpp_new_instances_scaling_new20x20/splits/new20x20_seed20261129_train600_test1000_case0_train.csv,results/batch/fpp_new_instances_scaling_new20x20/splits/new20x20_seed20261129_train600_test1000_case0_test.csv,CVaR,FPP-Branch-Benders-CVaR-RootCuts,FPP-Branch-Benders,,cvar,0.9,1.0,none,none,true,false,false,false,false,false,false,false,heuristic,0.10,eta-asc,true,true,100,100,1e-3,0,100000,1800,0.001,1,results/batch/fpp_new_instances_scaling_new20x20/splits,results/batch/fpp_new_instances_scaling_new20x20/workers/worker_040,results/batch/fpp_new_instances_scaling_new20x20/workers/worker_040/batch_results_worker_040.csv,results/batch/fpp_new_instances_scaling_new20x20/workers/worker_040/json/worker_040_task_004.json,results/batch/fpp_new_instances_scaling_new20x20/workers/worker_040/solutions,new20x20_case00_train600_test1000_alpha0p02_fpp_branch_benders_cvar_rootcuts,run-fpp-branch-benders-oos
worker_040_task_005,worker_040,case00,0,20260529,20261129,20261129,new20x20,20x20,shortest_path,400,,not_checked,,,new20x20,new_instances/20x20,new_instances/20x20,0.02,600,1000,1,9000,9001,10000,true,results/batch/fpp_new_instances_scaling_new20x20/splits/new20x20_seed20261129_train600_test1000_case0_train.csv,results/batch/fpp_new_instances_scaling_new20x20/splits/new20x20_seed20261129_train600_test1000_case0_test.csv,CVaR,FPP-Branch-Benders-CVaR-LLBI-RootCuts,FPP-Branch-Benders,,cvar,0.9,1.0,none,none,true,true,false,false,false,false,false,false,heuristic,0.10,eta-asc,true,true,100,100,1e-3,0,100000,1800,0.001,1,results/batch/fpp_new_instances_scaling_new20x20/splits,results/batch/fpp_new_instances_scaling_new20x20/workers/worker_040,results/batch/fpp_new_instances_scaling_new20x20/workers/worker_040/batch_results_worker_040.csv,results/batch/fpp_new_instances_scaling_new20x20/workers/worker_040/json/worker_040_task_005.json,results/batch/fpp_new_instances_scaling_new20x20/workers/worker_040/solutions,new20x20_case00_train600_test1000_alpha0p02_fpp_branch_benders_cvar_llbi_rootcuts,run-fpp-branch-benders-oos
worker_040_task_006,worker_040,case00,0,20260529,20261129,20261129,new20x20,20x20,shortest_path,400,,not_checked,,,new20x20,new_instances/20x20,new_instances/20x20,0.02,600,1000,1,9000,9001,10000,true,results/batch/fpp_new_instances_scaling_new20x20/splits/new20x20_seed20261129_train600_test1000_case0_train.csv,results/batch/fpp_new_instances_scaling_new20x20/splits/new20x20_seed20261129_train600_test1000_case0_test.csv,CVaR,FPP-Branch-Benders-CVaR-ProjectedCoverageLLBI-exp-RootCuts,FPP-Branch-Benders,,cvar,0.9,1.0,coverage,exp,true,false,true,false,false,true,false,false,heuristic,0.10,eta-asc,true,true,100,100,1e-3,0,100000,1800,0.001,1,results/batch/fpp_new_instances_scaling_new20x20/splits,results/batch/fpp_new_instances_scaling_new20x20/workers/worker_040,results/batch/fpp_new_instances_scaling_new20x20/workers/worker_040/batch_results_worker_040.csv,results/batch/fpp_new_instances_scaling_new20x20/workers/worker_040/json/worker_040_task_006.json,results/batch/fpp_new_instances_scaling_new20x20/workers/worker_040/solutions,new20x20_case00_train600_test1000_alpha0p02_fpp_branch_benders_cvar_projectedcoveragellbi_exp_rootcuts,run-fpp-branch-benders-oos
worker_040_task_007,worker_040,case00,0,20260529,20261129,20261129,new20x20,20x20,shortest_path,400,,not_checked,,,new20x20,new_instances/20x20,new_instances/20x20,0.02,600,1000,1,9000,9001,10000,true,results/batch/fpp_new_instances_scaling_new20x20/splits/new20x20_seed20261129_train600_test1000_case0_train.csv,results/batch/fpp_new_instances_scaling_new20x20/splits/new20x20_seed20261129_train600_test1000_case0_test.csv,CVaR,FPP-Branch-Benders-CVaR-ProjectedPathLLBI-exp-RootCuts,FPP-Branch-Benders,,cvar,0.9,1.0,path,exp,true,false,true,false,false,false,true,false,heuristic,0.10,eta-asc,true,true,100,100,1e-3,0,100000,1800,0.001,1,results/batch/fpp_new_instances_scaling_new20x20/splits,results/batch/fpp_new_instances_scaling_new20x20/workers/worker_040,results/batch/fpp_new_instances_scaling_new20x20/workers/worker_040/batch_results_worker_040.csv,results/batch/fpp_new_instances_scaling_new20x20/workers/worker_040/json/worker_040_task_007.json,results/batch/fpp_new_instances_scaling_new20x20/workers/worker_040/solutions,new20x20_case00_train600_test1000_alpha0p02_fpp_branch_benders_cvar_projectedpathllbi_exp_rootcuts,run-fpp-branch-benders-oos
worker_040_task_008,worker_040,case00,0,20260529,20261129,20261129,new20x20,20x20,shortest_path,400,,not_checked,,,new20x20,new_instances/20x20,new_instances/20x20,0.02,600,1000,1,9000,9001,10000,true,results/batch/fpp_new_instances_scaling_new20x20/splits/new20x20_seed20261129_train600_test1000_case0_train.csv,results/batch/fpp_new_instances_scaling_new20x20/splits/new20x20_seed20261129_train600_test1000_case0_test.csv,MeanCVaR,FPP-Branch-Benders-MeanCVaR-RootCuts,FPP-Branch-Benders,,mean-cvar,0.9,0.5,none,none,true,false,false,false,false,false,false,false,heuristic,0.10,eta-asc,true,true,100,100,1e-3,0,100000,1800,0.001,1,results/batch/fpp_new_instances_scaling_new20x20/splits,results/batch/fpp_new_instances_scaling_new20x20/workers/worker_040,results/batch/fpp_new_instances_scaling_new20x20/workers/worker_040/batch_results_worker_040.csv,results/batch/fpp_new_instances_scaling_new20x20/workers/worker_040/json/worker_040_task_008.json,results/batch/fpp_new_instances_scaling_new20x20/workers/worker_040/solutions,new20x20_case00_train600_test1000_alpha0p02_fpp_branch_benders_meancvar_rootcuts,run-fpp-branch-benders-oos
worker_040_task_009,worker_040,case00,0,20260529,20261129,20261129,new20x20,20x20,shortest_path,400,,not_checked,,,new20x20,new_instances/20x20,new_instances/20x20,0.02,600,1000,1,9000,9001,10000,true,results/batch/fpp_new_instances_scaling_new20x20/splits/new20x20_seed20261129_train600_test1000_case0_train.csv,results/batch/fpp_new_instances_scaling_new20x20/splits/new20x20_seed20261129_train600_test1000_case0_test.csv,MeanCVaR,FPP-Branch-Benders-MeanCVaR-LLBI-RootCuts,FPP-Branch-Benders,,mean-cvar,0.9,0.5,none,none,true,true,false,false,false,false,false,false,heuristic,0.10,eta-asc,true,true,100,100,1e-3,0,100000,1800,0.001,1,results/batch/fpp_new_instances_scaling_new20x20/splits,results/batch/fpp_new_instances_scaling_new20x20/workers/worker_040,results/batch/fpp_new_instances_scaling_new20x20/workers/worker_040/batch_results_worker_040.csv,results/batch/fpp_new_instances_scaling_new20x20/workers/worker_040/json/worker_040_task_009.json,results/batch/fpp_new_instances_scaling_new20x20/workers/worker_040/solutions,new20x20_case00_train600_test1000_alpha0p02_fpp_branch_benders_meancvar_llbi_rootcuts,run-fpp-branch-benders-oos
worker_040_task_010,worker_040,case00,0,20260529,20261129,20261129,new20x20,20x20,shortest_path,400,,not_checked,,,new20x20,new_instances/20x20,new_instances/20x20,0.02,600,1000,1,9000,9001,10000,true,results/batch/fpp_new_instances_scaling_new20x20/splits/new20x20_seed20261129_train600_test1000_case0_train.csv,results/batch/fpp_new_instances_scaling_new20x20/splits/new20x20_seed20261129_train600_test1000_case0_test.csv,MeanCVaR,FPP-Branch-Benders-MeanCVaR-ProjectedCoverageLLBI-exp-RootCuts,FPP-Branch-Benders,,mean-cvar,0.9,0.5,coverage,exp,true,false,true,false,false,true,false,false,heuristic,0.10,eta-asc,true,true,100,100,1e-3,0,100000,1800,0.001,1,results/batch/fpp_new_instances_scaling_new20x20/splits,results/batch/fpp_new_instances_scaling_new20x20/workers/worker_040,results/batch/fpp_new_instances_scaling_new20x20/workers/worker_040/batch_results_worker_040.csv,results/batch/fpp_new_instances_scaling_new20x20/workers/worker_040/json/worker_040_task_010.json,results/batch/fpp_new_instances_scaling_new20x20/workers/worker_040/solutions,new20x20_case00_train600_test1000_alpha0p02_fpp_branch_benders_meancvar_projectedcoveragellbi_exp_rootcuts,run-fpp-branch-benders-oos
worker_040_task_011,worker_040,case00,0,20260529,20261129,20261129,new20x20,20x20,shortest_path,400,,not_checked,,,new20x20,new_instances/20x20,new_instances/20x20,0.02,600,1000,1,9000,9001,10000,true,results/batch/fpp_new_instances_scaling_new20x20/splits/new20x20_seed20261129_train600_test1000_case0_train.csv,results/batch/fpp_new_instances_scaling_new20x20/splits/new20x20_seed20261129_train600_test1000_case0_test.csv,MeanCVaR,FPP-Branch-Benders-MeanCVaR-ProjectedPathLLBI-exp-RootCuts,FPP-Branch-Benders,,mean-cvar,0.9,0.5,path,exp,true,false,true,false,false,false,true,false,heuristic,0.10,eta-asc,true,true,100,100,1e-3,0,100000,1800,0.001,1,results/batch/fpp_new_instances_scaling_new20x20/splits,results/batch/fpp_new_instances_scaling_new20x20/workers/worker_040,results/batch/fpp_new_instances_scaling_new20x20/workers/worker_040/batch_results_worker_040.csv,results/batch/fpp_new_instances_scaling_new20x20/workers/worker_040/json/worker_040_task_011.json,results/batch/fpp_new_instances_scaling_new20x20/workers/worker_040/solutions,new20x20_case00_train600_test1000_alpha0p02_fpp_branch_benders_meancvar_projectedpathllbi_exp_rootcuts,run-fpp-branch-benders-oos
worker_041_task_000,worker_041,case01,1,20260529,20262129,20262129,new20x20,20x20,shortest_path,400,,not_checked,,,new20x20,new_instances/20x20,new_instances/20x20,0.02,600,1000,1,9000,9001,10000,true,results/batch/fpp_new_instances_scaling_new20x20/splits/new20x20_seed20262129_train600_test1000_case1_train.csv,results/batch/fpp_new_instances_scaling_new20x20/splits/new20x20_seed20262129_train600_test1000_case1_test.csv,MeanCVaR,FPP-SAA-MeanCVaR,FPP-SAA,fpp_base,mean-cvar,0.9,0.5,none,none,false,false,false,false,false,false,false,false,heuristic,0.10,eta-asc,true,true,100,100,1e-3,0,100000,1800,0.001,1,results/batch/fpp_new_instances_scaling_new20x20/splits,results/batch/fpp_new_instances_scaling_new20x20/workers/worker_041,results/batch/fpp_new_instances_scaling_new20x20/workers/worker_041/batch_results_worker_041.csv,results/batch/fpp_new_instances_scaling_new20x20/workers/worker_041/json/worker_041_task_000.json,results/batch/fpp_new_instances_scaling_new20x20/workers/worker_041/solutions,new20x20_case01_train600_test1000_alpha0p02_fpp_saa_meancvar,run-fpp-saa-oos
worker_041_task_001,worker_041,case01,1,20260529,20262129,20262129,new20x20,20x20,shortest_path,400,,not_checked,,,new20x20,new_instances/20x20,new_instances/20x20,0.02,600,1000,1,9000,9001,10000,true,results/batch/fpp_new_instances_scaling_new20x20/splits/new20x20_seed20262129_train600_test1000_case1_train.csv,results/batch/fpp_new_instances_scaling_new20x20/splits/new20x20_seed20262129_train600_test1000_case1_test.csv,Expected,FPP-Branch-Benders-LLBI-RootCuts,FPP-Branch-Benders,,expected,0.9,1.0,none,none,true,true,false,false,false,false,false,false,heuristic,0.10,eta-asc,true,true,100,100,1e-3,0,100000,1800,0.001,1,results/batch/fpp_new_instances_scaling_new20x20/splits,results/batch/fpp_new_instances_scaling_new20x20/workers/worker_041,results/batch/fpp_new_instances_scaling_new20x20/workers/worker_041/batch_results_worker_041.csv,results/batch/fpp_new_instances_scaling_new20x20/workers/worker_041/json/worker_041_task_001.json,results/batch/fpp_new_instances_scaling_new20x20/workers/worker_041/solutions,new20x20_case01_train600_test1000_alpha0p02_fpp_branch_benders_llbi_rootcuts,run-fpp-branch-benders-oos
worker_041_task_002,worker_041,case01,1,20260529,20262129,20262129,new20x20,20x20,shortest_path,400,,not_checked,,,new20x20,new_instances/20x20,new_instances/20x20,0.02,600,1000,1,9000,9001,10000,true,results/batch/fpp_new_instances_scaling_new20x20/splits/new20x20_seed20262129_train600_test1000_case1_train.csv,results/batch/fpp_new_instances_scaling_new20x20/splits/new20x20_seed20262129_train600_test1000_case1_test.csv,Expected,FPP-Branch-Benders-ProjectedCoverageLLBI-exp-RootCuts,FPP-Branch-Benders,,expected,0.9,1.0,coverage,exp,true,false,true,false,false,true,false,false,heuristic,0.10,eta-asc,true,true,100,100,1e-3,0,100000,1800,0.001,1,results/batch/fpp_new_instances_scaling_new20x20/splits,results/batch/fpp_new_instances_scaling_new20x20/workers/worker_041,results/batch/fpp_new_instances_scaling_new20x20/workers/worker_041/batch_results_worker_041.csv,results/batch/fpp_new_instances_scaling_new20x20/workers/worker_041/json/worker_041_task_002.json,results/batch/fpp_new_instances_scaling_new20x20/workers/worker_041/solutions,new20x20_case01_train600_test1000_alpha0p02_fpp_branch_benders_projectedcoveragellbi_exp_rootcuts,run-fpp-branch-benders-oos
worker_041_task_003,worker_041,case01,1,20260529,20262129,20262129,new20x20,20x20,shortest_path,400,,not_checked,,,new20x20,new_instances/20x20,new_instances/20x20,0.02,600,1000,1,9000,9001,10000,true,results/batch/fpp_new_instances_scaling_new20x20/splits/new20x20_seed20262129_train600_test1000_case1_train.csv,results/batch/fpp_new_instances_scaling_new20x20/splits/new20x20_seed20262129_train600_test1000_case1_test.csv,Expected,FPP-Branch-Benders-ProjectedPathLLBI-exp-RootCuts,FPP-Branch-Benders,,expected,0.9,1.0,path,exp,true,false,true,false,false,false,true,false,heuristic,0.10,eta-asc,true,true,100,100,1e-3,0,100000,1800,0.001,1,results/batch/fpp_new_instances_scaling_new20x20/splits,results/batch/fpp_new_instances_scaling_new20x20/workers/worker_041,results/batch/fpp_new_instances_scaling_new20x20/workers/worker_041/batch_results_worker_041.csv,results/batch/fpp_new_instances_scaling_new20x20/workers/worker_041/json/worker_041_task_003.json,results/batch/fpp_new_instances_scaling_new20x20/workers/worker_041/solutions,new20x20_case01_train600_test1000_alpha0p02_fpp_branch_benders_projectedpathllbi_exp_rootcuts,run-fpp-branch-benders-oos
worker_041_task_004,worker_041,case01,1,20260529,20262129,20262129,new20x20,20x20,shortest_path,400,,not_checked,,,new20x20,new_instances/20x20,new_instances/20x20,0.02,600,1000,1,9000,9001,10000,true,results/batch/fpp_new_instances_scaling_new20x20/splits/new20x20_seed20262129_train600_test1000_case1_train.csv,results/batch/fpp_new_instances_scaling_new20x20/splits/new20x20_seed20262129_train600_test1000_case1_test.csv,CVaR,FPP-Branch-Benders-CVaR-RootCuts,FPP-Branch-Benders,,cvar,0.9,1.0,none,none,true,false,false,false,false,false,false,false,heuristic,0.10,eta-asc,true,true,100,100,1e-3,0,100000,1800,0.001,1,results/batch/fpp_new_instances_scaling_new20x20/splits,results/batch/fpp_new_instances_scaling_new20x20/workers/worker_041,results/batch/fpp_new_instances_scaling_new20x20/workers/worker_041/batch_results_worker_041.csv,results/batch/fpp_new_instances_scaling_new20x20/workers/worker_041/json/worker_041_task_004.json,results/batch/fpp_new_instances_scaling_new20x20/workers/worker_041/solutions,new20x20_case01_train600_test1000_alpha0p02_fpp_branch_benders_cvar_rootcuts,run-fpp-branch-benders-oos
worker_041_task_005,worker_041,case01,1,20260529,20262129,20262129,new20x20,20x20,shortest_path,400,,not_checked,,,new20x20,new_instances/20x20,new_instances/20x20,0.02,600,1000,1,9000,9001,10000,true,results/batch/fpp_new_instances_scaling_new20x20/splits/new20x20_seed20262129_train600_test1000_case1_train.csv,results/batch/fpp_new_instances_scaling_new20x20/splits/new20x20_seed20262129_train600_test1000_case1_test.csv,CVaR,FPP-Branch-Benders-CVaR-LLBI-RootCuts,FPP-Branch-Benders,,cvar,0.9,1.0,none,none,true,true,false,false,false,false,false,false,heuristic,0.10,eta-asc,true,true,100,100,1e-3,0,100000,1800,0.001,1,results/batch/fpp_new_instances_scaling_new20x20/splits,results/batch/fpp_new_instances_scaling_new20x20/workers/worker_041,results/batch/fpp_new_instances_scaling_new20x20/workers/worker_041/batch_results_worker_041.csv,results/batch/fpp_new_instances_scaling_new20x20/workers/worker_041/json/worker_041_task_005.json,results/batch/fpp_new_instances_scaling_new20x20/workers/worker_041/solutions,new20x20_case01_train600_test1000_alpha0p02_fpp_branch_benders_cvar_llbi_rootcuts,run-fpp-branch-benders-oos
worker_041_task_006,worker_041,case01,1,20260529,20262129,20262129,new20x20,20x20,shortest_path,400,,not_checked,,,new20x20,new_instances/20x20,new_instances/20x20,0.02,600,1000,1,9000,9001,10000,true,results/batch/fpp_new_instances_scaling_new20x20/splits/new20x20_seed20262129_train600_test1000_case1_train.csv,results/batch/fpp_new_instances_scaling_new20x20/splits/new20x20_seed20262129_train600_test1000_case1_test.csv,CVaR,FPP-Branch-Benders-CVaR-ProjectedCoverageLLBI-exp-RootCuts,FPP-Branch-Benders,,cvar,0.9,1.0,coverage,exp,true,false,true,false,false,true,false,false,heuristic,0.10,eta-asc,true,true,100,100,1e-3,0,100000,1800,0.001,1,results/batch/fpp_new_instances_scaling_new20x20/splits,results/batch/fpp_new_instances_scaling_new20x20/workers/worker_041,results/batch/fpp_new_instances_scaling_new20x20/workers/worker_041/batch_results_worker_041.csv,results/batch/fpp_new_instances_scaling_new20x20/workers/worker_041/json/worker_041_task_006.json,results/batch/fpp_new_instances_scaling_new20x20/workers/worker_041/solutions,new20x20_case01_train600_test1000_alpha0p02_fpp_branch_benders_cvar_projectedcoveragellbi_exp_rootcuts,run-fpp-branch-benders-oos
worker_041_task_007,worker_041,case01,1,20260529,20262129,20262129,new20x20,20x20,shortest_path,400,,not_checked,,,new20x20,new_instances/20x20,new_instances/20x20,0.02,600,1000,1,9000,9001,10000,true,results/batch/fpp_new_instances_scaling_new20x20/splits/new20x20_seed20262129_train600_test1000_case1_train.csv,results/batch/fpp_new_instances_scaling_new20x20/splits/new20x20_seed20262129_train600_test1000_case1_test.csv,CVaR,FPP-Branch-Benders-CVaR-ProjectedPathLLBI-exp-RootCuts,FPP-Branch-Benders,,cvar,0.9,1.0,path,exp,true,false,true,false,false,false,true,false,heuristic,0.10,eta-asc,true,true,100,100,1e-3,0,100000,1800,0.001,1,results/batch/fpp_new_instances_scaling_new20x20/splits,results/batch/fpp_new_instances_scaling_new20x20/workers/worker_041,results/batch/fpp_new_instances_scaling_new20x20/workers/worker_041/batch_results_worker_041.csv,results/batch/fpp_new_instances_scaling_new20x20/workers/worker_041/json/worker_041_task_007.json,results/batch/fpp_new_instances_scaling_new20x20/workers/worker_041/solutions,new20x20_case01_train600_test1000_alpha0p02_fpp_branch_benders_cvar_projectedpathllbi_exp_rootcuts,run-fpp-branch-benders-oos
worker_041_task_008,worker_041,case01,1,20260529,20262129,20262129,new20x20,20x20,shortest_path,400,,not_checked,,,new20x20,new_instances/20x20,new_instances/20x20,0.02,600,1000,1,9000,9001,10000,true,results/batch/fpp_new_instances_scaling_new20x20/splits/new20x20_seed20262129_train600_test1000_case1_train.csv,results/batch/fpp_new_instances_scaling_new20x20/splits/new20x20_seed20262129_train600_test1000_case1_test.csv,MeanCVaR,FPP-Branch-Benders-MeanCVaR-RootCuts,FPP-Branch-Benders,,mean-cvar,0.9,0.5,none,none,true,false,false,false,false,false,false,false,heuristic,0.10,eta-asc,true,true,100,100,1e-3,0,100000,1800,0.001,1,results/batch/fpp_new_instances_scaling_new20x20/splits,results/batch/fpp_new_instances_scaling_new20x20/workers/worker_041,results/batch/fpp_new_instances_scaling_new20x20/workers/worker_041/batch_results_worker_041.csv,results/batch/fpp_new_instances_scaling_new20x20/workers/worker_041/json/worker_041_task_008.json,results/batch/fpp_new_instances_scaling_new20x20/workers/worker_041/solutions,new20x20_case01_train600_test1000_alpha0p02_fpp_branch_benders_meancvar_rootcuts,run-fpp-branch-benders-oos
worker_041_task_009,worker_041,case01,1,20260529,20262129,20262129,new20x20,20x20,shortest_path,400,,not_checked,,,new20x20,new_instances/20x20,new_instances/20x20,0.02,600,1000,1,9000,9001,10000,true,results/batch/fpp_new_instances_scaling_new20x20/splits/new20x20_seed20262129_train600_test1000_case1_train.csv,results/batch/fpp_new_instances_scaling_new20x20/splits/new20x20_seed20262129_train600_test1000_case1_test.csv,MeanCVaR,FPP-Branch-Benders-MeanCVaR-LLBI-RootCuts,FPP-Branch-Benders,,mean-cvar,0.9,0.5,none,none,true,true,false,false,false,false,false,false,heuristic,0.10,eta-asc,true,true,100,100,1e-3,0,100000,1800,0.001,1,results/batch/fpp_new_instances_scaling_new20x20/splits,results/batch/fpp_new_instances_scaling_new20x20/workers/worker_041,results/batch/fpp_new_instances_scaling_new20x20/workers/worker_041/batch_results_worker_041.csv,results/batch/fpp_new_instances_scaling_new20x20/workers/worker_041/json/worker_041_task_009.json,results/batch/fpp_new_instances_scaling_new20x20/workers/worker_041/solutions,new20x20_case01_train600_test1000_alpha0p02_fpp_branch_benders_meancvar_llbi_rootcuts,run-fpp-branch-benders-oos
worker_041_task_010,worker_041,case01,1,20260529,20262129,20262129,new20x20,20x20,shortest_path,400,,not_checked,,,new20x20,new_instances/20x20,new_instances/20x20,0.02,600,1000,1,9000,9001,10000,true,results/batch/fpp_new_instances_scaling_new20x20/splits/new20x20_seed20262129_train600_test1000_case1_train.csv,results/batch/fpp_new_instances_scaling_new20x20/splits/new20x20_seed20262129_train600_test1000_case1_test.csv,MeanCVaR,FPP-Branch-Benders-MeanCVaR-ProjectedCoverageLLBI-exp-RootCuts,FPP-Branch-Benders,,mean-cvar,0.9,0.5,coverage,exp,true,false,true,false,false,true,false,false,heuristic,0.10,eta-asc,true,true,100,100,1e-3,0,100000,1800,0.001,1,results/batch/fpp_new_instances_scaling_new20x20/splits,results/batch/fpp_new_instances_scaling_new20x20/workers/worker_041,results/batch/fpp_new_instances_scaling_new20x20/workers/worker_041/batch_results_worker_041.csv,results/batch/fpp_new_instances_scaling_new20x20/workers/worker_041/json/worker_041_task_010.json,results/batch/fpp_new_instances_scaling_new20x20/workers/worker_041/solutions,new20x20_case01_train600_test1000_alpha0p02_fpp_branch_benders_meancvar_projectedcoveragellbi_exp_rootcuts,run-fpp-branch-benders-oos
worker_041_task_011,worker_041,case01,1,20260529,20262129,20262129,new20x20,20x20,shortest_path,400,,not_checked,,,new20x20,new_instances/20x20,new_instances/20x20,0.02,600,1000,1,9000,9001,10000,true,results/batch/fpp_new_instances_scaling_new20x20/splits/new20x20_seed20262129_train600_test1000_case1_train.csv,results/batch/fpp_new_instances_scaling_new20x20/splits/new20x20_seed20262129_train600_test1000_case1_test.csv,MeanCVaR,FPP-Branch-Benders-MeanCVaR-ProjectedPathLLBI-exp-RootCuts,FPP-Branch-Benders,,mean-cvar,0.9,0.5,path,exp,true,false,true,false,false,false,true,false,heuristic,0.10,eta-asc,true,true,100,100,1e-3,0,100000,1800,0.001,1,results/batch/fpp_new_instances_scaling_new20x20/splits,results/batch/fpp_new_instances_scaling_new20x20/workers/worker_041,results/batch/fpp_new_instances_scaling_new20x20/workers/worker_041/batch_results_worker_041.csv,results/batch/fpp_new_instances_scaling_new20x20/workers/worker_041/json/worker_041_task_011.json,results/batch/fpp_new_instances_scaling_new20x20/workers/worker_041/solutions,new20x20_case01_train600_test1000_alpha0p02_fpp_branch_benders_meancvar_projectedpathllbi_exp_rootcuts,run-fpp-branch-benders-oos
worker_042_task_000,worker_042,case02,2,20260529,20263129,20263129,new20x20,20x20,shortest_path,400,,not_checked,,,new20x20,new_instances/20x20,new_instances/20x20,0.02,600,1000,1,9000,9001,10000,true,results/batch/fpp_new_instances_scaling_new20x20/splits/new20x20_seed20263129_train600_test1000_case2_train.csv,results/batch/fpp_new_instances_scaling_new20x20/splits/new20x20_seed20263129_train600_test1000_case2_test.csv,MeanCVaR,FPP-SAA-MeanCVaR,FPP-SAA,fpp_base,mean-cvar,0.9,0.5,none,none,false,false,false,false,false,false,false,false,heuristic,0.10,eta-asc,true,true,100,100,1e-3,0,100000,1800,0.001,1,results/batch/fpp_new_instances_scaling_new20x20/splits,results/batch/fpp_new_instances_scaling_new20x20/workers/worker_042,results/batch/fpp_new_instances_scaling_new20x20/workers/worker_042/batch_results_worker_042.csv,results/batch/fpp_new_instances_scaling_new20x20/workers/worker_042/json/worker_042_task_000.json,results/batch/fpp_new_instances_scaling_new20x20/workers/worker_042/solutions,new20x20_case02_train600_test1000_alpha0p02_fpp_saa_meancvar,run-fpp-saa-oos
worker_042_task_001,worker_042,case02,2,20260529,20263129,20263129,new20x20,20x20,shortest_path,400,,not_checked,,,new20x20,new_instances/20x20,new_instances/20x20,0.02,600,1000,1,9000,9001,10000,true,results/batch/fpp_new_instances_scaling_new20x20/splits/new20x20_seed20263129_train600_test1000_case2_train.csv,results/batch/fpp_new_instances_scaling_new20x20/splits/new20x20_seed20263129_train600_test1000_case2_test.csv,Expected,FPP-Branch-Benders-LLBI-RootCuts,FPP-Branch-Benders,,expected,0.9,1.0,none,none,true,true,false,false,false,false,false,false,heuristic,0.10,eta-asc,true,true,100,100,1e-3,0,100000,1800,0.001,1,results/batch/fpp_new_instances_scaling_new20x20/splits,results/batch/fpp_new_instances_scaling_new20x20/workers/worker_042,results/batch/fpp_new_instances_scaling_new20x20/workers/worker_042/batch_results_worker_042.csv,results/batch/fpp_new_instances_scaling_new20x20/workers/worker_042/json/worker_042_task_001.json,results/batch/fpp_new_instances_scaling_new20x20/workers/worker_042/solutions,new20x20_case02_train600_test1000_alpha0p02_fpp_branch_benders_llbi_rootcuts,run-fpp-branch-benders-oos
worker_042_task_002,worker_042,case02,2,20260529,20263129,20263129,new20x20,20x20,shortest_path,400,,not_checked,,,new20x20,new_instances/20x20,new_instances/20x20,0.02,600,1000,1,9000,9001,10000,true,results/batch/fpp_new_instances_scaling_new20x20/splits/new20x20_seed20263129_train600_test1000_case2_train.csv,results/batch/fpp_new_instances_scaling_new20x20/splits/new20x20_seed20263129_train600_test1000_case2_test.csv,Expected,FPP-Branch-Benders-ProjectedCoverageLLBI-exp-RootCuts,FPP-Branch-Benders,,expected,0.9,1.0,coverage,exp,true,false,true,false,false,true,false,false,heuristic,0.10,eta-asc,true,true,100,100,1e-3,0,100000,1800,0.001,1,results/batch/fpp_new_instances_scaling_new20x20/splits,results/batch/fpp_new_instances_scaling_new20x20/workers/worker_042,results/batch/fpp_new_instances_scaling_new20x20/workers/worker_042/batch_results_worker_042.csv,results/batch/fpp_new_instances_scaling_new20x20/workers/worker_042/json/worker_042_task_002.json,results/batch/fpp_new_instances_scaling_new20x20/workers/worker_042/solutions,new20x20_case02_train600_test1000_alpha0p02_fpp_branch_benders_projectedcoveragellbi_exp_rootcuts,run-fpp-branch-benders-oos
worker_042_task_003,worker_042,case02,2,20260529,20263129,20263129,new20x20,20x20,shortest_path,400,,not_checked,,,new20x20,new_instances/20x20,new_instances/20x20,0.02,600,1000,1,9000,9001,10000,true,results/batch/fpp_new_instances_scaling_new20x20/splits/new20x20_seed20263129_train600_test1000_case2_train.csv,results/batch/fpp_new_instances_scaling_new20x20/splits/new20x20_seed20263129_train600_test1000_case2_test.csv,Expected,FPP-Branch-Benders-ProjectedPathLLBI-exp-RootCuts,FPP-Branch-Benders,,expected,0.9,1.0,path,exp,true,false,true,false,false,false,true,false,heuristic,0.10,eta-asc,true,true,100,100,1e-3,0,100000,1800,0.001,1,results/batch/fpp_new_instances_scaling_new20x20/splits,results/batch/fpp_new_instances_scaling_new20x20/workers/worker_042,results/batch/fpp_new_instances_scaling_new20x20/workers/worker_042/batch_results_worker_042.csv,results/batch/fpp_new_instances_scaling_new20x20/workers/worker_042/json/worker_042_task_003.json,results/batch/fpp_new_instances_scaling_new20x20/workers/worker_042/solutions,new20x20_case02_train600_test1000_alpha0p02_fpp_branch_benders_projectedpathllbi_exp_rootcuts,run-fpp-branch-benders-oos
worker_042_task_004,worker_042,case02,2,20260529,20263129,20263129,new20x20,20x20,shortest_path,400,,not_checked,,,new20x20,new_instances/20x20,new_instances/20x20,0.02,600,1000,1,9000,9001,10000,true,results/batch/fpp_new_instances_scaling_new20x20/splits/new20x20_seed20263129_train600_test1000_case2_train.csv,results/batch/fpp_new_instances_scaling_new20x20/splits/new20x20_seed20263129_train600_test1000_case2_test.csv,CVaR,FPP-Branch-Benders-CVaR-RootCuts,FPP-Branch-Benders,,cvar,0.9,1.0,none,none,true,false,false,false,false,false,false,false,heuristic,0.10,eta-asc,true,true,100,100,1e-3,0,100000,1800,0.001,1,results/batch/fpp_new_instances_scaling_new20x20/splits,results/batch/fpp_new_instances_scaling_new20x20/workers/worker_042,results/batch/fpp_new_instances_scaling_new20x20/workers/worker_042/batch_results_worker_042.csv,results/batch/fpp_new_instances_scaling_new20x20/workers/worker_042/json/worker_042_task_004.json,results/batch/fpp_new_instances_scaling_new20x20/workers/worker_042/solutions,new20x20_case02_train600_test1000_alpha0p02_fpp_branch_benders_cvar_rootcuts,run-fpp-branch-benders-oos
worker_042_task_005,worker_042,case02,2,20260529,20263129,20263129,new20x20,20x20,shortest_path,400,,not_checked,,,new20x20,new_instances/20x20,new_instances/20x20,0.02,600,1000,1,9000,9001,10000,true,results/batch/fpp_new_instances_scaling_new20x20/splits/new20x20_seed20263129_train600_test1000_case2_train.csv,results/batch/fpp_new_instances_scaling_new20x20/splits/new20x20_seed20263129_train600_test1000_case2_test.csv,CVaR,FPP-Branch-Benders-CVaR-LLBI-RootCuts,FPP-Branch-Benders,,cvar,0.9,1.0,none,none,true,true,false,false,false,false,false,false,heuristic,0.10,eta-asc,true,true,100,100,1e-3,0,100000,1800,0.001,1,results/batch/fpp_new_instances_scaling_new20x20/splits,results/batch/fpp_new_instances_scaling_new20x20/workers/worker_042,results/batch/fpp_new_instances_scaling_new20x20/workers/worker_042/batch_results_worker_042.csv,results/batch/fpp_new_instances_scaling_new20x20/workers/worker_042/json/worker_042_task_005.json,results/batch/fpp_new_instances_scaling_new20x20/workers/worker_042/solutions,new20x20_case02_train600_test1000_alpha0p02_fpp_branch_benders_cvar_llbi_rootcuts,run-fpp-branch-benders-oos
worker_042_task_006,worker_042,case02,2,20260529,20263129,20263129,new20x20,20x20,shortest_path,400,,not_checked,,,new20x20,new_instances/20x20,new_instances/20x20,0.02,600,1000,1,9000,9001,10000,true,results/batch/fpp_new_instances_scaling_new20x20/splits/new20x20_seed20263129_train600_test1000_case2_train.csv,results/batch/fpp_new_instances_scaling_new20x20/splits/new20x20_seed20263129_train600_test1000_case2_test.csv,CVaR,FPP-Branch-Benders-CVaR-ProjectedCoverageLLBI-exp-RootCuts,FPP-Branch-Benders,,cvar,0.9,1.0,coverage,exp,true,false,true,false,false,true,false,false,heuristic,0.10,eta-asc,true,true,100,100,1e-3,0,100000,1800,0.001,1,results/batch/fpp_new_instances_scaling_new20x20/splits,results/batch/fpp_new_instances_scaling_new20x20/workers/worker_042,results/batch/fpp_new_instances_scaling_new20x20/workers/worker_042/batch_results_worker_042.csv,results/batch/fpp_new_instances_scaling_new20x20/workers/worker_042/json/worker_042_task_006.json,results/batch/fpp_new_instances_scaling_new20x20/workers/worker_042/solutions,new20x20_case02_train600_test1000_alpha0p02_fpp_branch_benders_cvar_projectedcoveragellbi_exp_rootcuts,run-fpp-branch-benders-oos
worker_042_task_007,worker_042,case02,2,20260529,20263129,20263129,new20x20,20x20,shortest_path,400,,not_checked,,,new20x20,new_instances/20x20,new_instances/20x20,0.02,600,1000,1,9000,9001,10000,true,results/batch/fpp_new_instances_scaling_new20x20/splits/new20x20_seed20263129_train600_test1000_case2_train.csv,results/batch/fpp_new_instances_scaling_new20x20/splits/new20x20_seed20263129_train600_test1000_case2_test.csv,CVaR,FPP-Branch-Benders-CVaR-ProjectedPathLLBI-exp-RootCuts,FPP-Branch-Benders,,cvar,0.9,1.0,path,exp,true,false,true,false,false,false,true,false,heuristic,0.10,eta-asc,true,true,100,100,1e-3,0,100000,1800,0.001,1,results/batch/fpp_new_instances_scaling_new20x20/splits,results/batch/fpp_new_instances_scaling_new20x20/workers/worker_042,results/batch/fpp_new_instances_scaling_new20x20/workers/worker_042/batch_results_worker_042.csv,results/batch/fpp_new_instances_scaling_new20x20/workers/worker_042/json/worker_042_task_007.json,results/batch/fpp_new_instances_scaling_new20x20/workers/worker_042/solutions,new20x20_case02_train600_test1000_alpha0p02_fpp_branch_benders_cvar_projectedpathllbi_exp_rootcuts,run-fpp-branch-benders-oos
worker_042_task_008,worker_042,case02,2,20260529,20263129,20263129,new20x20,20x20,shortest_path,400,,not_checked,,,new20x20,new_instances/20x20,new_instances/20x20,0.02,600,1000,1,9000,9001,10000,true,results/batch/fpp_new_instances_scaling_new20x20/splits/new20x20_seed20263129_train600_test1000_case2_train.csv,results/batch/fpp_new_instances_scaling_new20x20/splits/new20x20_seed20263129_train600_test1000_case2_test.csv,MeanCVaR,FPP-Branch-Benders-MeanCVaR-RootCuts,FPP-Branch-Benders,,mean-cvar,0.9,0.5,none,none,true,false,false,false,false,false,false,false,heuristic,0.10,eta-asc,true,true,100,100,1e-3,0,100000,1800,0.001,1,results/batch/fpp_new_instances_scaling_new20x20/splits,results/batch/fpp_new_instances_scaling_new20x20/workers/worker_042,results/batch/fpp_new_instances_scaling_new20x20/workers/worker_042/batch_results_worker_042.csv,results/batch/fpp_new_instances_scaling_new20x20/workers/worker_042/json/worker_042_task_008.json,results/batch/fpp_new_instances_scaling_new20x20/workers/worker_042/solutions,new20x20_case02_train600_test1000_alpha0p02_fpp_branch_benders_meancvar_rootcuts,run-fpp-branch-benders-oos
worker_042_task_009,worker_042,case02,2,20260529,20263129,20263129,new20x20,20x20,shortest_path,400,,not_checked,,,new20x20,new_instances/20x20,new_instances/20x20,0.02,600,1000,1,9000,9001,10000,true,results/batch/fpp_new_instances_scaling_new20x20/splits/new20x20_seed20263129_train600_test1000_case2_train.csv,results/batch/fpp_new_instances_scaling_new20x20/splits/new20x20_seed20263129_train600_test1000_case2_test.csv,MeanCVaR,FPP-Branch-Benders-MeanCVaR-LLBI-RootCuts,FPP-Branch-Benders,,mean-cvar,0.9,0.5,none,none,true,true,false,false,false,false,false,false,heuristic,0.10,eta-asc,true,true,100,100,1e-3,0,100000,1800,0.001,1,results/batch/fpp_new_instances_scaling_new20x20/splits,results/batch/fpp_new_instances_scaling_new20x20/workers/worker_042,results/batch/fpp_new_instances_scaling_new20x20/workers/worker_042/batch_results_worker_042.csv,results/batch/fpp_new_instances_scaling_new20x20/workers/worker_042/json/worker_042_task_009.json,results/batch/fpp_new_instances_scaling_new20x20/workers/worker_042/solutions,new20x20_case02_train600_test1000_alpha0p02_fpp_branch_benders_meancvar_llbi_rootcuts,run-fpp-branch-benders-oos
worker_042_task_010,worker_042,case02,2,20260529,20263129,20263129,new20x20,20x20,shortest_path,400,,not_checked,,,new20x20,new_instances/20x20,new_instances/20x20,0.02,600,1000,1,9000,9001,10000,true,results/batch/fpp_new_instances_scaling_new20x20/splits/new20x20_seed20263129_train600_test1000_case2_train.csv,results/batch/fpp_new_instances_scaling_new20x20/splits/new20x20_seed20263129_train600_test1000_case2_test.csv,MeanCVaR,FPP-Branch-Benders-MeanCVaR-ProjectedCoverageLLBI-exp-RootCuts,FPP-Branch-Benders,,mean-cvar,0.9,0.5,coverage,exp,true,false,true,false,false,true,false,false,heuristic,0.10,eta-asc,true,true,100,100,1e-3,0,100000,1800,0.001,1,results/batch/fpp_new_instances_scaling_new20x20/splits,results/batch/fpp_new_instances_scaling_new20x20/workers/worker_042,results/batch/fpp_new_instances_scaling_new20x20/workers/worker_042/batch_results_worker_042.csv,results/batch/fpp_new_instances_scaling_new20x20/workers/worker_042/json/worker_042_task_010.json,results/batch/fpp_new_instances_scaling_new20x20/workers/worker_042/solutions,new20x20_case02_train600_test1000_alpha0p02_fpp_branch_benders_meancvar_projectedcoveragellbi_exp_rootcuts,run-fpp-branch-benders-oos
worker_042_task_011,worker_042,case02,2,20260529,20263129,20263129,new20x20,20x20,shortest_path,400,,not_checked,,,new20x20,new_instances/20x20,new_instances/20x20,0.02,600,1000,1,9000,9001,10000,true,results/batch/fpp_new_instances_scaling_new20x20/splits/new20x20_seed20263129_train600_test1000_case2_train.csv,results/batch/fpp_new_instances_scaling_new20x20/splits/new20x20_seed20263129_train600_test1000_case2_test.csv,MeanCVaR,FPP-Branch-Benders-MeanCVaR-ProjectedPathLLBI-exp-RootCuts,FPP-Branch-Benders,,mean-cvar,0.9,0.5,path,exp,true,false,true,false,false,false,true,false,heuristic,0.10,eta-asc,true,true,100,100,1e-3,0,100000,1800,0.001,1,results/batch/fpp_new_instances_scaling_new20x20/splits,results/batch/fpp_new_instances_scaling_new20x20/workers/worker_042,results/batch/fpp_new_instances_scaling_new20x20/workers/worker_042/batch_results_worker_042.csv,results/batch/fpp_new_instances_scaling_new20x20/workers/worker_042/json/worker_042_task_011.json,results/batch/fpp_new_instances_scaling_new20x20/workers/worker_042/solutions,new20x20_case02_train600_test1000_alpha0p02_fpp_branch_benders_meancvar_projectedpathllbi_exp_rootcuts,run-fpp-branch-benders-oos
worker_043_task_000,worker_043,case03,3,20260529,20264129,20264129,new20x20,20x20,shortest_path,400,,not_checked,,,new20x20,new_instances/20x20,new_instances/20x20,0.02,600,1000,1,9000,9001,10000,true,results/batch/fpp_new_instances_scaling_new20x20/splits/new20x20_seed20264129_train600_test1000_case3_train.csv,results/batch/fpp_new_instances_scaling_new20x20/splits/new20x20_seed20264129_train600_test1000_case3_test.csv,MeanCVaR,FPP-SAA-MeanCVaR,FPP-SAA,fpp_base,mean-cvar,0.9,0.5,none,none,false,false,false,false,false,false,false,false,heuristic,0.10,eta-asc,true,true,100,100,1e-3,0,100000,1800,0.001,1,results/batch/fpp_new_instances_scaling_new20x20/splits,results/batch/fpp_new_instances_scaling_new20x20/workers/worker_043,results/batch/fpp_new_instances_scaling_new20x20/workers/worker_043/batch_results_worker_043.csv,results/batch/fpp_new_instances_scaling_new20x20/workers/worker_043/json/worker_043_task_000.json,results/batch/fpp_new_instances_scaling_new20x20/workers/worker_043/solutions,new20x20_case03_train600_test1000_alpha0p02_fpp_saa_meancvar,run-fpp-saa-oos
worker_043_task_001,worker_043,case03,3,20260529,20264129,20264129,new20x20,20x20,shortest_path,400,,not_checked,,,new20x20,new_instances/20x20,new_instances/20x20,0.02,600,1000,1,9000,9001,10000,true,results/batch/fpp_new_instances_scaling_new20x20/splits/new20x20_seed20264129_train600_test1000_case3_train.csv,results/batch/fpp_new_instances_scaling_new20x20/splits/new20x20_seed20264129_train600_test1000_case3_test.csv,Expected,FPP-Branch-Benders-LLBI-RootCuts,FPP-Branch-Benders,,expected,0.9,1.0,none,none,true,true,false,false,false,false,false,false,heuristic,0.10,eta-asc,true,true,100,100,1e-3,0,100000,1800,0.001,1,results/batch/fpp_new_instances_scaling_new20x20/splits,results/batch/fpp_new_instances_scaling_new20x20/workers/worker_043,results/batch/fpp_new_instances_scaling_new20x20/workers/worker_043/batch_results_worker_043.csv,results/batch/fpp_new_instances_scaling_new20x20/workers/worker_043/json/worker_043_task_001.json,results/batch/fpp_new_instances_scaling_new20x20/workers/worker_043/solutions,new20x20_case03_train600_test1000_alpha0p02_fpp_branch_benders_llbi_rootcuts,run-fpp-branch-benders-oos
worker_043_task_002,worker_043,case03,3,20260529,20264129,20264129,new20x20,20x20,shortest_path,400,,not_checked,,,new20x20,new_instances/20x20,new_instances/20x20,0.02,600,1000,1,9000,9001,10000,true,results/batch/fpp_new_instances_scaling_new20x20/splits/new20x20_seed20264129_train600_test1000_case3_train.csv,results/batch/fpp_new_instances_scaling_new20x20/splits/new20x20_seed20264129_train600_test1000_case3_test.csv,Expected,FPP-Branch-Benders-ProjectedCoverageLLBI-exp-RootCuts,FPP-Branch-Benders,,expected,0.9,1.0,coverage,exp,true,false,true,false,false,true,false,false,heuristic,0.10,eta-asc,true,true,100,100,1e-3,0,100000,1800,0.001,1,results/batch/fpp_new_instances_scaling_new20x20/splits,results/batch/fpp_new_instances_scaling_new20x20/workers/worker_043,results/batch/fpp_new_instances_scaling_new20x20/workers/worker_043/batch_results_worker_043.csv,results/batch/fpp_new_instances_scaling_new20x20/workers/worker_043/json/worker_043_task_002.json,results/batch/fpp_new_instances_scaling_new20x20/workers/worker_043/solutions,new20x20_case03_train600_test1000_alpha0p02_fpp_branch_benders_projectedcoveragellbi_exp_rootcuts,run-fpp-branch-benders-oos
worker_043_task_003,worker_043,case03,3,20260529,20264129,20264129,new20x20,20x20,shortest_path,400,,not_checked,,,new20x20,new_instances/20x20,new_instances/20x20,0.02,600,1000,1,9000,9001,10000,true,results/batch/fpp_new_instances_scaling_new20x20/splits/new20x20_seed20264129_train600_test1000_case3_train.csv,results/batch/fpp_new_instances_scaling_new20x20/splits/new20x20_seed20264129_train600_test1000_case3_test.csv,Expected,FPP-Branch-Benders-ProjectedPathLLBI-exp-RootCuts,FPP-Branch-Benders,,expected,0.9,1.0,path,exp,true,false,true,false,false,false,true,false,heuristic,0.10,eta-asc,true,true,100,100,1e-3,0,100000,1800,0.001,1,results/batch/fpp_new_instances_scaling_new20x20/splits,results/batch/fpp_new_instances_scaling_new20x20/workers/worker_043,results/batch/fpp_new_instances_scaling_new20x20/workers/worker_043/batch_results_worker_043.csv,results/batch/fpp_new_instances_scaling_new20x20/workers/worker_043/json/worker_043_task_003.json,results/batch/fpp_new_instances_scaling_new20x20/workers/worker_043/solutions,new20x20_case03_train600_test1000_alpha0p02_fpp_branch_benders_projectedpathllbi_exp_rootcuts,run-fpp-branch-benders-oos
worker_043_task_004,worker_043,case03,3,20260529,20264129,20264129,new20x20,20x20,shortest_path,400,,not_checked,,,new20x20,new_instances/20x20,new_instances/20x20,0.02,600,1000,1,9000,9001,10000,true,results/batch/fpp_new_instances_scaling_new20x20/splits/new20x20_seed20264129_train600_test1000_case3_train.csv,results/batch/fpp_new_instances_scaling_new20x20/splits/new20x20_seed20264129_train600_test1000_case3_test.csv,CVaR,FPP-Branch-Benders-CVaR-RootCuts,FPP-Branch-Benders,,cvar,0.9,1.0,none,none,true,false,false,false,false,false,false,false,heuristic,0.10,eta-asc,true,true,100,100,1e-3,0,100000,1800,0.001,1,results/batch/fpp_new_instances_scaling_new20x20/splits,results/batch/fpp_new_instances_scaling_new20x20/workers/worker_043,results/batch/fpp_new_instances_scaling_new20x20/workers/worker_043/batch_results_worker_043.csv,results/batch/fpp_new_instances_scaling_new20x20/workers/worker_043/json/worker_043_task_004.json,results/batch/fpp_new_instances_scaling_new20x20/workers/worker_043/solutions,new20x20_case03_train600_test1000_alpha0p02_fpp_branch_benders_cvar_rootcuts,run-fpp-branch-benders-oos
worker_043_task_005,worker_043,case03,3,20260529,20264129,20264129,new20x20,20x20,shortest_path,400,,not_checked,,,new20x20,new_instances/20x20,new_instances/20x20,0.02,600,1000,1,9000,9001,10000,true,results/batch/fpp_new_instances_scaling_new20x20/splits/new20x20_seed20264129_train600_test1000_case3_train.csv,results/batch/fpp_new_instances_scaling_new20x20/splits/new20x20_seed20264129_train600_test1000_case3_test.csv,CVaR,FPP-Branch-Benders-CVaR-LLBI-RootCuts,FPP-Branch-Benders,,cvar,0.9,1.0,none,none,true,true,false,false,false,false,false,false,heuristic,0.10,eta-asc,true,true,100,100,1e-3,0,100000,1800,0.001,1,results/batch/fpp_new_instances_scaling_new20x20/splits,results/batch/fpp_new_instances_scaling_new20x20/workers/worker_043,results/batch/fpp_new_instances_scaling_new20x20/workers/worker_043/batch_results_worker_043.csv,results/batch/fpp_new_instances_scaling_new20x20/workers/worker_043/json/worker_043_task_005.json,results/batch/fpp_new_instances_scaling_new20x20/workers/worker_043/solutions,new20x20_case03_train600_test1000_alpha0p02_fpp_branch_benders_cvar_llbi_rootcuts,run-fpp-branch-benders-oos
worker_043_task_006,worker_043,case03,3,20260529,20264129,20264129,new20x20,20x20,shortest_path,400,,not_checked,,,new20x20,new_instances/20x20,new_instances/20x20,0.02,600,1000,1,9000,9001,10000,true,results/batch/fpp_new_instances_scaling_new20x20/splits/new20x20_seed20264129_train600_test1000_case3_train.csv,results/batch/fpp_new_instances_scaling_new20x20/splits/new20x20_seed20264129_train600_test1000_case3_test.csv,CVaR,FPP-Branch-Benders-CVaR-ProjectedCoverageLLBI-exp-RootCuts,FPP-Branch-Benders,,cvar,0.9,1.0,coverage,exp,true,false,true,false,false,true,false,false,heuristic,0.10,eta-asc,true,true,100,100,1e-3,0,100000,1800,0.001,1,results/batch/fpp_new_instances_scaling_new20x20/splits,results/batch/fpp_new_instances_scaling_new20x20/workers/worker_043,results/batch/fpp_new_instances_scaling_new20x20/workers/worker_043/batch_results_worker_043.csv,results/batch/fpp_new_instances_scaling_new20x20/workers/worker_043/json/worker_043_task_006.json,results/batch/fpp_new_instances_scaling_new20x20/workers/worker_043/solutions,new20x20_case03_train600_test1000_alpha0p02_fpp_branch_benders_cvar_projectedcoveragellbi_exp_rootcuts,run-fpp-branch-benders-oos
worker_043_task_007,worker_043,case03,3,20260529,20264129,20264129,new20x20,20x20,shortest_path,400,,not_checked,,,new20x20,new_instances/20x20,new_instances/20x20,0.02,600,1000,1,9000,9001,10000,true,results/batch/fpp_new_instances_scaling_new20x20/splits/new20x20_seed20264129_train600_test1000_case3_train.csv,results/batch/fpp_new_instances_scaling_new20x20/splits/new20x20_seed20264129_train600_test1000_case3_test.csv,CVaR,FPP-Branch-Benders-CVaR-ProjectedPathLLBI-exp-RootCuts,FPP-Branch-Benders,,cvar,0.9,1.0,path,exp,true,false,true,false,false,false,true,false,heuristic,0.10,eta-asc,true,true,100,100,1e-3,0,100000,1800,0.001,1,results/batch/fpp_new_instances_scaling_new20x20/splits,results/batch/fpp_new_instances_scaling_new20x20/workers/worker_043,results/batch/fpp_new_instances_scaling_new20x20/workers/worker_043/batch_results_worker_043.csv,results/batch/fpp_new_instances_scaling_new20x20/workers/worker_043/json/worker_043_task_007.json,results/batch/fpp_new_instances_scaling_new20x20/workers/worker_043/solutions,new20x20_case03_train600_test1000_alpha0p02_fpp_branch_benders_cvar_projectedpathllbi_exp_rootcuts,run-fpp-branch-benders-oos
worker_043_task_008,worker_043,case03,3,20260529,20264129,20264129,new20x20,20x20,shortest_path,400,,not_checked,,,new20x20,new_instances/20x20,new_instances/20x20,0.02,600,1000,1,9000,9001,10000,true,results/batch/fpp_new_instances_scaling_new20x20/splits/new20x20_seed20264129_train600_test1000_case3_train.csv,results/batch/fpp_new_instances_scaling_new20x20/splits/new20x20_seed20264129_train600_test1000_case3_test.csv,MeanCVaR,FPP-Branch-Benders-MeanCVaR-RootCuts,FPP-Branch-Benders,,mean-cvar,0.9,0.5,none,none,true,false,false,false,false,false,false,false,heuristic,0.10,eta-asc,true,true,100,100,1e-3,0,100000,1800,0.001,1,results/batch/fpp_new_instances_scaling_new20x20/splits,results/batch/fpp_new_instances_scaling_new20x20/workers/worker_043,results/batch/fpp_new_instances_scaling_new20x20/workers/worker_043/batch_results_worker_043.csv,results/batch/fpp_new_instances_scaling_new20x20/workers/worker_043/json/worker_043_task_008.json,results/batch/fpp_new_instances_scaling_new20x20/workers/worker_043/solutions,new20x20_case03_train600_test1000_alpha0p02_fpp_branch_benders_meancvar_rootcuts,run-fpp-branch-benders-oos
worker_043_task_009,worker_043,case03,3,20260529,20264129,20264129,new20x20,20x20,shortest_path,400,,not_checked,,,new20x20,new_instances/20x20,new_instances/20x20,0.02,600,1000,1,9000,9001,10000,true,results/batch/fpp_new_instances_scaling_new20x20/splits/new20x20_seed20264129_train600_test1000_case3_train.csv,results/batch/fpp_new_instances_scaling_new20x20/splits/new20x20_seed20264129_train600_test1000_case3_test.csv,MeanCVaR,FPP-Branch-Benders-MeanCVaR-LLBI-RootCuts,FPP-Branch-Benders,,mean-cvar,0.9,0.5,none,none,true,true,false,false,false,false,false,false,heuristic,0.10,eta-asc,true,true,100,100,1e-3,0,100000,1800,0.001,1,results/batch/fpp_new_instances_scaling_new20x20/splits,results/batch/fpp_new_instances_scaling_new20x20/workers/worker_043,results/batch/fpp_new_instances_scaling_new20x20/workers/worker_043/batch_results_worker_043.csv,results/batch/fpp_new_instances_scaling_new20x20/workers/worker_043/json/worker_043_task_009.json,results/batch/fpp_new_instances_scaling_new20x20/workers/worker_043/solutions,new20x20_case03_train600_test1000_alpha0p02_fpp_branch_benders_meancvar_llbi_rootcuts,run-fpp-branch-benders-oos
worker_043_task_010,worker_043,case03,3,20260529,20264129,20264129,new20x20,20x20,shortest_path,400,,not_checked,,,new20x20,new_instances/20x20,new_instances/20x20,0.02,600,1000,1,9000,9001,10000,true,results/batch/fpp_new_instances_scaling_new20x20/splits/new20x20_seed20264129_train600_test1000_case3_train.csv,results/batch/fpp_new_instances_scaling_new20x20/splits/new20x20_seed20264129_train600_test1000_case3_test.csv,MeanCVaR,FPP-Branch-Benders-MeanCVaR-ProjectedCoverageLLBI-exp-RootCuts,FPP-Branch-Benders,,mean-cvar,0.9,0.5,coverage,exp,true,false,true,false,false,true,false,false,heuristic,0.10,eta-asc,true,true,100,100,1e-3,0,100000,1800,0.001,1,results/batch/fpp_new_instances_scaling_new20x20/splits,results/batch/fpp_new_instances_scaling_new20x20/workers/worker_043,results/batch/fpp_new_instances_scaling_new20x20/workers/worker_043/batch_results_worker_043.csv,results/batch/fpp_new_instances_scaling_new20x20/workers/worker_043/json/worker_043_task_010.json,results/batch/fpp_new_instances_scaling_new20x20/workers/worker_043/solutions,new20x20_case03_train600_test1000_alpha0p02_fpp_branch_benders_meancvar_projectedcoveragellbi_exp_rootcuts,run-fpp-branch-benders-oos
worker_043_task_011,worker_043,case03,3,20260529,20264129,20264129,new20x20,20x20,shortest_path,400,,not_checked,,,new20x20,new_instances/20x20,new_instances/20x20,0.02,600,1000,1,9000,9001,10000,true,results/batch/fpp_new_instances_scaling_new20x20/splits/new20x20_seed20264129_train600_test1000_case3_train.csv,results/batch/fpp_new_instances_scaling_new20x20/splits/new20x20_seed20264129_train600_test1000_case3_test.csv,MeanCVaR,FPP-Branch-Benders-MeanCVaR-ProjectedPathLLBI-exp-RootCuts,FPP-Branch-Benders,,mean-cvar,0.9,0.5,path,exp,true,false,true,false,false,false,true,false,heuristic,0.10,eta-asc,true,true,100,100,1e-3,0,100000,1800,0.001,1,results/batch/fpp_new_instances_scaling_new20x20/splits,results/batch/fpp_new_instances_scaling_new20x20/workers/worker_043,results/batch/fpp_new_instances_scaling_new20x20/workers/worker_043/batch_results_worker_043.csv,results/batch/fpp_new_instances_scaling_new20x20/workers/worker_043/json/worker_043_task_011.json,results/batch/fpp_new_instances_scaling_new20x20/workers/worker_043/solutions,new20x20_case03_train600_test1000_alpha0p02_fpp_branch_benders_meancvar_projectedpathllbi_exp_rootcuts,run-fpp-branch-benders-oos
worker_044_task_000,worker_044,case04,4,20260529,20265129,20265129,new20x20,20x20,shortest_path,400,,not_checked,,,new20x20,new_instances/20x20,new_instances/20x20,0.02,600,1000,1,9000,9001,10000,true,results/batch/fpp_new_instances_scaling_new20x20/splits/new20x20_seed20265129_train600_test1000_case4_train.csv,results/batch/fpp_new_instances_scaling_new20x20/splits/new20x20_seed20265129_train600_test1000_case4_test.csv,MeanCVaR,FPP-SAA-MeanCVaR,FPP-SAA,fpp_base,mean-cvar,0.9,0.5,none,none,false,false,false,false,false,false,false,false,heuristic,0.10,eta-asc,true,true,100,100,1e-3,0,100000,1800,0.001,1,results/batch/fpp_new_instances_scaling_new20x20/splits,results/batch/fpp_new_instances_scaling_new20x20/workers/worker_044,results/batch/fpp_new_instances_scaling_new20x20/workers/worker_044/batch_results_worker_044.csv,results/batch/fpp_new_instances_scaling_new20x20/workers/worker_044/json/worker_044_task_000.json,results/batch/fpp_new_instances_scaling_new20x20/workers/worker_044/solutions,new20x20_case04_train600_test1000_alpha0p02_fpp_saa_meancvar,run-fpp-saa-oos
worker_044_task_001,worker_044,case04,4,20260529,20265129,20265129,new20x20,20x20,shortest_path,400,,not_checked,,,new20x20,new_instances/20x20,new_instances/20x20,0.02,600,1000,1,9000,9001,10000,true,results/batch/fpp_new_instances_scaling_new20x20/splits/new20x20_seed20265129_train600_test1000_case4_train.csv,results/batch/fpp_new_instances_scaling_new20x20/splits/new20x20_seed20265129_train600_test1000_case4_test.csv,Expected,FPP-Branch-Benders-LLBI-RootCuts,FPP-Branch-Benders,,expected,0.9,1.0,none,none,true,true,false,false,false,false,false,false,heuristic,0.10,eta-asc,true,true,100,100,1e-3,0,100000,1800,0.001,1,results/batch/fpp_new_instances_scaling_new20x20/splits,results/batch/fpp_new_instances_scaling_new20x20/workers/worker_044,results/batch/fpp_new_instances_scaling_new20x20/workers/worker_044/batch_results_worker_044.csv,results/batch/fpp_new_instances_scaling_new20x20/workers/worker_044/json/worker_044_task_001.json,results/batch/fpp_new_instances_scaling_new20x20/workers/worker_044/solutions,new20x20_case04_train600_test1000_alpha0p02_fpp_branch_benders_llbi_rootcuts,run-fpp-branch-benders-oos
worker_044_task_002,worker_044,case04,4,20260529,20265129,20265129,new20x20,20x20,shortest_path,400,,not_checked,,,new20x20,new_instances/20x20,new_instances/20x20,0.02,600,1000,1,9000,9001,10000,true,results/batch/fpp_new_instances_scaling_new20x20/splits/new20x20_seed20265129_train600_test1000_case4_train.csv,results/batch/fpp_new_instances_scaling_new20x20/splits/new20x20_seed20265129_train600_test1000_case4_test.csv,Expected,FPP-Branch-Benders-ProjectedCoverageLLBI-exp-RootCuts,FPP-Branch-Benders,,expected,0.9,1.0,coverage,exp,true,false,true,false,false,true,false,false,heuristic,0.10,eta-asc,true,true,100,100,1e-3,0,100000,1800,0.001,1,results/batch/fpp_new_instances_scaling_new20x20/splits,results/batch/fpp_new_instances_scaling_new20x20/workers/worker_044,results/batch/fpp_new_instances_scaling_new20x20/workers/worker_044/batch_results_worker_044.csv,results/batch/fpp_new_instances_scaling_new20x20/workers/worker_044/json/worker_044_task_002.json,results/batch/fpp_new_instances_scaling_new20x20/workers/worker_044/solutions,new20x20_case04_train600_test1000_alpha0p02_fpp_branch_benders_projectedcoveragellbi_exp_rootcuts,run-fpp-branch-benders-oos
worker_044_task_003,worker_044,case04,4,20260529,20265129,20265129,new20x20,20x20,shortest_path,400,,not_checked,,,new20x20,new_instances/20x20,new_instances/20x20,0.02,600,1000,1,9000,9001,10000,true,results/batch/fpp_new_instances_scaling_new20x20/splits/new20x20_seed20265129_train600_test1000_case4_train.csv,results/batch/fpp_new_instances_scaling_new20x20/splits/new20x20_seed20265129_train600_test1000_case4_test.csv,Expected,FPP-Branch-Benders-ProjectedPathLLBI-exp-RootCuts,FPP-Branch-Benders,,expected,0.9,1.0,path,exp,true,false,true,false,false,false,true,false,heuristic,0.10,eta-asc,true,true,100,100,1e-3,0,100000,1800,0.001,1,results/batch/fpp_new_instances_scaling_new20x20/splits,results/batch/fpp_new_instances_scaling_new20x20/workers/worker_044,results/batch/fpp_new_instances_scaling_new20x20/workers/worker_044/batch_results_worker_044.csv,results/batch/fpp_new_instances_scaling_new20x20/workers/worker_044/json/worker_044_task_003.json,results/batch/fpp_new_instances_scaling_new20x20/workers/worker_044/solutions,new20x20_case04_train600_test1000_alpha0p02_fpp_branch_benders_projectedpathllbi_exp_rootcuts,run-fpp-branch-benders-oos
worker_044_task_004,worker_044,case04,4,20260529,20265129,20265129,new20x20,20x20,shortest_path,400,,not_checked,,,new20x20,new_instances/20x20,new_instances/20x20,0.02,600,1000,1,9000,9001,10000,true,results/batch/fpp_new_instances_scaling_new20x20/splits/new20x20_seed20265129_train600_test1000_case4_train.csv,results/batch/fpp_new_instances_scaling_new20x20/splits/new20x20_seed20265129_train600_test1000_case4_test.csv,CVaR,FPP-Branch-Benders-CVaR-RootCuts,FPP-Branch-Benders,,cvar,0.9,1.0,none,none,true,false,false,false,false,false,false,false,heuristic,0.10,eta-asc,true,true,100,100,1e-3,0,100000,1800,0.001,1,results/batch/fpp_new_instances_scaling_new20x20/splits,results/batch/fpp_new_instances_scaling_new20x20/workers/worker_044,results/batch/fpp_new_instances_scaling_new20x20/workers/worker_044/batch_results_worker_044.csv,results/batch/fpp_new_instances_scaling_new20x20/workers/worker_044/json/worker_044_task_004.json,results/batch/fpp_new_instances_scaling_new20x20/workers/worker_044/solutions,new20x20_case04_train600_test1000_alpha0p02_fpp_branch_benders_cvar_rootcuts,run-fpp-branch-benders-oos
worker_044_task_005,worker_044,case04,4,20260529,20265129,20265129,new20x20,20x20,shortest_path,400,,not_checked,,,new20x20,new_instances/20x20,new_instances/20x20,0.02,600,1000,1,9000,9001,10000,true,results/batch/fpp_new_instances_scaling_new20x20/splits/new20x20_seed20265129_train600_test1000_case4_train.csv,results/batch/fpp_new_instances_scaling_new20x20/splits/new20x20_seed20265129_train600_test1000_case4_test.csv,CVaR,FPP-Branch-Benders-CVaR-LLBI-RootCuts,FPP-Branch-Benders,,cvar,0.9,1.0,none,none,true,true,false,false,false,false,false,false,heuristic,0.10,eta-asc,true,true,100,100,1e-3,0,100000,1800,0.001,1,results/batch/fpp_new_instances_scaling_new20x20/splits,results/batch/fpp_new_instances_scaling_new20x20/workers/worker_044,results/batch/fpp_new_instances_scaling_new20x20/workers/worker_044/batch_results_worker_044.csv,results/batch/fpp_new_instances_scaling_new20x20/workers/worker_044/json/worker_044_task_005.json,results/batch/fpp_new_instances_scaling_new20x20/workers/worker_044/solutions,new20x20_case04_train600_test1000_alpha0p02_fpp_branch_benders_cvar_llbi_rootcuts,run-fpp-branch-benders-oos
worker_044_task_006,worker_044,case04,4,20260529,20265129,20265129,new20x20,20x20,shortest_path,400,,not_checked,,,new20x20,new_instances/20x20,new_instances/20x20,0.02,600,1000,1,9000,9001,10000,true,results/batch/fpp_new_instances_scaling_new20x20/splits/new20x20_seed20265129_train600_test1000_case4_train.csv,results/batch/fpp_new_instances_scaling_new20x20/splits/new20x20_seed20265129_train600_test1000_case4_test.csv,CVaR,FPP-Branch-Benders-CVaR-ProjectedCoverageLLBI-exp-RootCuts,FPP-Branch-Benders,,cvar,0.9,1.0,coverage,exp,true,false,true,false,false,true,false,false,heuristic,0.10,eta-asc,true,true,100,100,1e-3,0,100000,1800,0.001,1,results/batch/fpp_new_instances_scaling_new20x20/splits,results/batch/fpp_new_instances_scaling_new20x20/workers/worker_044,results/batch/fpp_new_instances_scaling_new20x20/workers/worker_044/batch_results_worker_044.csv,results/batch/fpp_new_instances_scaling_new20x20/workers/worker_044/json/worker_044_task_006.json,results/batch/fpp_new_instances_scaling_new20x20/workers/worker_044/solutions,new20x20_case04_train600_test1000_alpha0p02_fpp_branch_benders_cvar_projectedcoveragellbi_exp_rootcuts,run-fpp-branch-benders-oos
worker_044_task_007,worker_044,case04,4,20260529,20265129,20265129,new20x20,20x20,shortest_path,400,,not_checked,,,new20x20,new_instances/20x20,new_instances/20x20,0.02,600,1000,1,9000,9001,10000,true,results/batch/fpp_new_instances_scaling_new20x20/splits/new20x20_seed20265129_train600_test1000_case4_train.csv,results/batch/fpp_new_instances_scaling_new20x20/splits/new20x20_seed20265129_train600_test1000_case4_test.csv,CVaR,FPP-Branch-Benders-CVaR-ProjectedPathLLBI-exp-RootCuts,FPP-Branch-Benders,,cvar,0.9,1.0,path,exp,true,false,true,false,false,false,true,false,heuristic,0.10,eta-asc,true,true,100,100,1e-3,0,100000,1800,0.001,1,results/batch/fpp_new_instances_scaling_new20x20/splits,results/batch/fpp_new_instances_scaling_new20x20/workers/worker_044,results/batch/fpp_new_instances_scaling_new20x20/workers/worker_044/batch_results_worker_044.csv,results/batch/fpp_new_instances_scaling_new20x20/workers/worker_044/json/worker_044_task_007.json,results/batch/fpp_new_instances_scaling_new20x20/workers/worker_044/solutions,new20x20_case04_train600_test1000_alpha0p02_fpp_branch_benders_cvar_projectedpathllbi_exp_rootcuts,run-fpp-branch-benders-oos
worker_044_task_008,worker_044,case04,4,20260529,20265129,20265129,new20x20,20x20,shortest_path,400,,not_checked,,,new20x20,new_instances/20x20,new_instances/20x20,0.02,600,1000,1,9000,9001,10000,true,results/batch/fpp_new_instances_scaling_new20x20/splits/new20x20_seed20265129_train600_test1000_case4_train.csv,results/batch/fpp_new_instances_scaling_new20x20/splits/new20x20_seed20265129_train600_test1000_case4_test.csv,MeanCVaR,FPP-Branch-Benders-MeanCVaR-RootCuts,FPP-Branch-Benders,,mean-cvar,0.9,0.5,none,none,true,false,false,false,false,false,false,false,heuristic,0.10,eta-asc,true,true,100,100,1e-3,0,100000,1800,0.001,1,results/batch/fpp_new_instances_scaling_new20x20/splits,results/batch/fpp_new_instances_scaling_new20x20/workers/worker_044,results/batch/fpp_new_instances_scaling_new20x20/workers/worker_044/batch_results_worker_044.csv,results/batch/fpp_new_instances_scaling_new20x20/workers/worker_044/json/worker_044_task_008.json,results/batch/fpp_new_instances_scaling_new20x20/workers/worker_044/solutions,new20x20_case04_train600_test1000_alpha0p02_fpp_branch_benders_meancvar_rootcuts,run-fpp-branch-benders-oos
worker_044_task_009,worker_044,case04,4,20260529,20265129,20265129,new20x20,20x20,shortest_path,400,,not_checked,,,new20x20,new_instances/20x20,new_instances/20x20,0.02,600,1000,1,9000,9001,10000,true,results/batch/fpp_new_instances_scaling_new20x20/splits/new20x20_seed20265129_train600_test1000_case4_train.csv,results/batch/fpp_new_instances_scaling_new20x20/splits/new20x20_seed20265129_train600_test1000_case4_test.csv,MeanCVaR,FPP-Branch-Benders-MeanCVaR-LLBI-RootCuts,FPP-Branch-Benders,,mean-cvar,0.9,0.5,none,none,true,true,false,false,false,false,false,false,heuristic,0.10,eta-asc,true,true,100,100,1e-3,0,100000,1800,0.001,1,results/batch/fpp_new_instances_scaling_new20x20/splits,results/batch/fpp_new_instances_scaling_new20x20/workers/worker_044,results/batch/fpp_new_instances_scaling_new20x20/workers/worker_044/batch_results_worker_044.csv,results/batch/fpp_new_instances_scaling_new20x20/workers/worker_044/json/worker_044_task_009.json,results/batch/fpp_new_instances_scaling_new20x20/workers/worker_044/solutions,new20x20_case04_train600_test1000_alpha0p02_fpp_branch_benders_meancvar_llbi_rootcuts,run-fpp-branch-benders-oos
worker_044_task_010,worker_044,case04,4,20260529,20265129,20265129,new20x20,20x20,shortest_path,400,,not_checked,,,new20x20,new_instances/20x20,new_instances/20x20,0.02,600,1000,1,9000,9001,10000,true,results/batch/fpp_new_instances_scaling_new20x20/splits/new20x20_seed20265129_train600_test1000_case4_train.csv,results/batch/fpp_new_instances_scaling_new20x20/splits/new20x20_seed20265129_train600_test1000_case4_test.csv,MeanCVaR,FPP-Branch-Benders-MeanCVaR-ProjectedCoverageLLBI-exp-RootCuts,FPP-Branch-Benders,,mean-cvar,0.9,0.5,coverage,exp,true,false,true,false,false,true,false,false,heuristic,0.10,eta-asc,true,true,100,100,1e-3,0,100000,1800,0.001,1,results/batch/fpp_new_instances_scaling_new20x20/splits,results/batch/fpp_new_instances_scaling_new20x20/workers/worker_044,results/batch/fpp_new_instances_scaling_new20x20/workers/worker_044/batch_results_worker_044.csv,results/batch/fpp_new_instances_scaling_new20x20/workers/worker_044/json/worker_044_task_010.json,results/batch/fpp_new_instances_scaling_new20x20/workers/worker_044/solutions,new20x20_case04_train600_test1000_alpha0p02_fpp_branch_benders_meancvar_projectedcoveragellbi_exp_rootcuts,run-fpp-branch-benders-oos
worker_044_task_011,worker_044,case04,4,20260529,20265129,20265129,new20x20,20x20,shortest_path,400,,not_checked,,,new20x20,new_instances/20x20,new_instances/20x20,0.02,600,1000,1,9000,9001,10000,true,results/batch/fpp_new_instances_scaling_new20x20/splits/new20x20_seed20265129_train600_test1000_case4_train.csv,results/batch/fpp_new_instances_scaling_new20x20/splits/new20x20_seed20265129_train600_test1000_case4_test.csv,MeanCVaR,FPP-Branch-Benders-MeanCVaR-ProjectedPathLLBI-exp-RootCuts,FPP-Branch-Benders,,mean-cvar,0.9,0.5,path,exp,true,false,true,false,false,false,true,false,heuristic,0.10,eta-asc,true,true,100,100,1e-3,0,100000,1800,0.001,1,results/batch/fpp_new_instances_scaling_new20x20/splits,results/batch/fpp_new_instances_scaling_new20x20/workers/worker_044,results/batch/fpp_new_instances_scaling_new20x20/workers/worker_044/batch_results_worker_044.csv,results/batch/fpp_new_instances_scaling_new20x20/workers/worker_044/json/worker_044_task_011.json,results/batch/fpp_new_instances_scaling_new20x20/workers/worker_044/solutions,new20x20_case04_train600_test1000_alpha0p02_fpp_branch_benders_meancvar_projectedpathllbi_exp_rootcuts,run-fpp-branch-benders-oos
worker_045_task_000,worker_045,case05,5,20260529,20266129,20266129,new20x20,20x20,shortest_path,400,,not_checked,,,new20x20,new_instances/20x20,new_instances/20x20,0.02,600,1000,1,9000,9001,10000,true,results/batch/fpp_new_instances_scaling_new20x20/splits/new20x20_seed20266129_train600_test1000_case5_train.csv,results/batch/fpp_new_instances_scaling_new20x20/splits/new20x20_seed20266129_train600_test1000_case5_test.csv,MeanCVaR,FPP-SAA-MeanCVaR,FPP-SAA,fpp_base,mean-cvar,0.9,0.5,none,none,false,false,false,false,false,false,false,false,heuristic,0.10,eta-asc,true,true,100,100,1e-3,0,100000,1800,0.001,1,results/batch/fpp_new_instances_scaling_new20x20/splits,results/batch/fpp_new_instances_scaling_new20x20/workers/worker_045,results/batch/fpp_new_instances_scaling_new20x20/workers/worker_045/batch_results_worker_045.csv,results/batch/fpp_new_instances_scaling_new20x20/workers/worker_045/json/worker_045_task_000.json,results/batch/fpp_new_instances_scaling_new20x20/workers/worker_045/solutions,new20x20_case05_train600_test1000_alpha0p02_fpp_saa_meancvar,run-fpp-saa-oos
worker_045_task_001,worker_045,case05,5,20260529,20266129,20266129,new20x20,20x20,shortest_path,400,,not_checked,,,new20x20,new_instances/20x20,new_instances/20x20,0.02,600,1000,1,9000,9001,10000,true,results/batch/fpp_new_instances_scaling_new20x20/splits/new20x20_seed20266129_train600_test1000_case5_train.csv,results/batch/fpp_new_instances_scaling_new20x20/splits/new20x20_seed20266129_train600_test1000_case5_test.csv,Expected,FPP-Branch-Benders-LLBI-RootCuts,FPP-Branch-Benders,,expected,0.9,1.0,none,none,true,true,false,false,false,false,false,false,heuristic,0.10,eta-asc,true,true,100,100,1e-3,0,100000,1800,0.001,1,results/batch/fpp_new_instances_scaling_new20x20/splits,results/batch/fpp_new_instances_scaling_new20x20/workers/worker_045,results/batch/fpp_new_instances_scaling_new20x20/workers/worker_045/batch_results_worker_045.csv,results/batch/fpp_new_instances_scaling_new20x20/workers/worker_045/json/worker_045_task_001.json,results/batch/fpp_new_instances_scaling_new20x20/workers/worker_045/solutions,new20x20_case05_train600_test1000_alpha0p02_fpp_branch_benders_llbi_rootcuts,run-fpp-branch-benders-oos
worker_045_task_002,worker_045,case05,5,20260529,20266129,20266129,new20x20,20x20,shortest_path,400,,not_checked,,,new20x20,new_instances/20x20,new_instances/20x20,0.02,600,1000,1,9000,9001,10000,true,results/batch/fpp_new_instances_scaling_new20x20/splits/new20x20_seed20266129_train600_test1000_case5_train.csv,results/batch/fpp_new_instances_scaling_new20x20/splits/new20x20_seed20266129_train600_test1000_case5_test.csv,Expected,FPP-Branch-Benders-ProjectedCoverageLLBI-exp-RootCuts,FPP-Branch-Benders,,expected,0.9,1.0,coverage,exp,true,false,true,false,false,true,false,false,heuristic,0.10,eta-asc,true,true,100,100,1e-3,0,100000,1800,0.001,1,results/batch/fpp_new_instances_scaling_new20x20/splits,results/batch/fpp_new_instances_scaling_new20x20/workers/worker_045,results/batch/fpp_new_instances_scaling_new20x20/workers/worker_045/batch_results_worker_045.csv,results/batch/fpp_new_instances_scaling_new20x20/workers/worker_045/json/worker_045_task_002.json,results/batch/fpp_new_instances_scaling_new20x20/workers/worker_045/solutions,new20x20_case05_train600_test1000_alpha0p02_fpp_branch_benders_projectedcoveragellbi_exp_rootcuts,run-fpp-branch-benders-oos
worker_045_task_003,worker_045,case05,5,20260529,20266129,20266129,new20x20,20x20,shortest_path,400,,not_checked,,,new20x20,new_instances/20x20,new_instances/20x20,0.02,600,1000,1,9000,9001,10000,true,results/batch/fpp_new_instances_scaling_new20x20/splits/new20x20_seed20266129_train600_test1000_case5_train.csv,results/batch/fpp_new_instances_scaling_new20x20/splits/new20x20_seed20266129_train600_test1000_case5_test.csv,Expected,FPP-Branch-Benders-ProjectedPathLLBI-exp-RootCuts,FPP-Branch-Benders,,expected,0.9,1.0,path,exp,true,false,true,false,false,false,true,false,heuristic,0.10,eta-asc,true,true,100,100,1e-3,0,100000,1800,0.001,1,results/batch/fpp_new_instances_scaling_new20x20/splits,results/batch/fpp_new_instances_scaling_new20x20/workers/worker_045,results/batch/fpp_new_instances_scaling_new20x20/workers/worker_045/batch_results_worker_045.csv,results/batch/fpp_new_instances_scaling_new20x20/workers/worker_045/json/worker_045_task_003.json,results/batch/fpp_new_instances_scaling_new20x20/workers/worker_045/solutions,new20x20_case05_train600_test1000_alpha0p02_fpp_branch_benders_projectedpathllbi_exp_rootcuts,run-fpp-branch-benders-oos
worker_045_task_004,worker_045,case05,5,20260529,20266129,20266129,new20x20,20x20,shortest_path,400,,not_checked,,,new20x20,new_instances/20x20,new_instances/20x20,0.02,600,1000,1,9000,9001,10000,true,results/batch/fpp_new_instances_scaling_new20x20/splits/new20x20_seed20266129_train600_test1000_case5_train.csv,results/batch/fpp_new_instances_scaling_new20x20/splits/new20x20_seed20266129_train600_test1000_case5_test.csv,CVaR,FPP-Branch-Benders-CVaR-RootCuts,FPP-Branch-Benders,,cvar,0.9,1.0,none,none,true,false,false,false,false,false,false,false,heuristic,0.10,eta-asc,true,true,100,100,1e-3,0,100000,1800,0.001,1,results/batch/fpp_new_instances_scaling_new20x20/splits,results/batch/fpp_new_instances_scaling_new20x20/workers/worker_045,results/batch/fpp_new_instances_scaling_new20x20/workers/worker_045/batch_results_worker_045.csv,results/batch/fpp_new_instances_scaling_new20x20/workers/worker_045/json/worker_045_task_004.json,results/batch/fpp_new_instances_scaling_new20x20/workers/worker_045/solutions,new20x20_case05_train600_test1000_alpha0p02_fpp_branch_benders_cvar_rootcuts,run-fpp-branch-benders-oos
worker_045_task_005,worker_045,case05,5,20260529,20266129,20266129,new20x20,20x20,shortest_path,400,,not_checked,,,new20x20,new_instances/20x20,new_instances/20x20,0.02,600,1000,1,9000,9001,10000,true,results/batch/fpp_new_instances_scaling_new20x20/splits/new20x20_seed20266129_train600_test1000_case5_train.csv,results/batch/fpp_new_instances_scaling_new20x20/splits/new20x20_seed20266129_train600_test1000_case5_test.csv,CVaR,FPP-Branch-Benders-CVaR-LLBI-RootCuts,FPP-Branch-Benders,,cvar,0.9,1.0,none,none,true,true,false,false,false,false,false,false,heuristic,0.10,eta-asc,true,true,100,100,1e-3,0,100000,1800,0.001,1,results/batch/fpp_new_instances_scaling_new20x20/splits,results/batch/fpp_new_instances_scaling_new20x20/workers/worker_045,results/batch/fpp_new_instances_scaling_new20x20/workers/worker_045/batch_results_worker_045.csv,results/batch/fpp_new_instances_scaling_new20x20/workers/worker_045/json/worker_045_task_005.json,results/batch/fpp_new_instances_scaling_new20x20/workers/worker_045/solutions,new20x20_case05_train600_test1000_alpha0p02_fpp_branch_benders_cvar_llbi_rootcuts,run-fpp-branch-benders-oos
worker_045_task_006,worker_045,case05,5,20260529,20266129,20266129,new20x20,20x20,shortest_path,400,,not_checked,,,new20x20,new_instances/20x20,new_instances/20x20,0.02,600,1000,1,9000,9001,10000,true,results/batch/fpp_new_instances_scaling_new20x20/splits/new20x20_seed20266129_train600_test1000_case5_train.csv,results/batch/fpp_new_instances_scaling_new20x20/splits/new20x20_seed20266129_train600_test1000_case5_test.csv,CVaR,FPP-Branch-Benders-CVaR-ProjectedCoverageLLBI-exp-RootCuts,FPP-Branch-Benders,,cvar,0.9,1.0,coverage,exp,true,false,true,false,false,true,false,false,heuristic,0.10,eta-asc,true,true,100,100,1e-3,0,100000,1800,0.001,1,results/batch/fpp_new_instances_scaling_new20x20/splits,results/batch/fpp_new_instances_scaling_new20x20/workers/worker_045,results/batch/fpp_new_instances_scaling_new20x20/workers/worker_045/batch_results_worker_045.csv,results/batch/fpp_new_instances_scaling_new20x20/workers/worker_045/json/worker_045_task_006.json,results/batch/fpp_new_instances_scaling_new20x20/workers/worker_045/solutions,new20x20_case05_train600_test1000_alpha0p02_fpp_branch_benders_cvar_projectedcoveragellbi_exp_rootcuts,run-fpp-branch-benders-oos
worker_045_task_007,worker_045,case05,5,20260529,20266129,20266129,new20x20,20x20,shortest_path,400,,not_checked,,,new20x20,new_instances/20x20,new_instances/20x20,0.02,600,1000,1,9000,9001,10000,true,results/batch/fpp_new_instances_scaling_new20x20/splits/new20x20_seed20266129_train600_test1000_case5_train.csv,results/batch/fpp_new_instances_scaling_new20x20/splits/new20x20_seed20266129_train600_test1000_case5_test.csv,CVaR,FPP-Branch-Benders-CVaR-ProjectedPathLLBI-exp-RootCuts,FPP-Branch-Benders,,cvar,0.9,1.0,path,exp,true,false,true,false,false,false,true,false,heuristic,0.10,eta-asc,true,true,100,100,1e-3,0,100000,1800,0.001,1,results/batch/fpp_new_instances_scaling_new20x20/splits,results/batch/fpp_new_instances_scaling_new20x20/workers/worker_045,results/batch/fpp_new_instances_scaling_new20x20/workers/worker_045/batch_results_worker_045.csv,results/batch/fpp_new_instances_scaling_new20x20/workers/worker_045/json/worker_045_task_007.json,results/batch/fpp_new_instances_scaling_new20x20/workers/worker_045/solutions,new20x20_case05_train600_test1000_alpha0p02_fpp_branch_benders_cvar_projectedpathllbi_exp_rootcuts,run-fpp-branch-benders-oos
worker_045_task_008,worker_045,case05,5,20260529,20266129,20266129,new20x20,20x20,shortest_path,400,,not_checked,,,new20x20,new_instances/20x20,new_instances/20x20,0.02,600,1000,1,9000,9001,10000,true,results/batch/fpp_new_instances_scaling_new20x20/splits/new20x20_seed20266129_train600_test1000_case5_train.csv,results/batch/fpp_new_instances_scaling_new20x20/splits/new20x20_seed20266129_train600_test1000_case5_test.csv,MeanCVaR,FPP-Branch-Benders-MeanCVaR-RootCuts,FPP-Branch-Benders,,mean-cvar,0.9,0.5,none,none,true,false,false,false,false,false,false,false,heuristic,0.10,eta-asc,true,true,100,100,1e-3,0,100000,1800,0.001,1,results/batch/fpp_new_instances_scaling_new20x20/splits,results/batch/fpp_new_instances_scaling_new20x20/workers/worker_045,results/batch/fpp_new_instances_scaling_new20x20/workers/worker_045/batch_results_worker_045.csv,results/batch/fpp_new_instances_scaling_new20x20/workers/worker_045/json/worker_045_task_008.json,results/batch/fpp_new_instances_scaling_new20x20/workers/worker_045/solutions,new20x20_case05_train600_test1000_alpha0p02_fpp_branch_benders_meancvar_rootcuts,run-fpp-branch-benders-oos
worker_045_task_009,worker_045,case05,5,20260529,20266129,20266129,new20x20,20x20,shortest_path,400,,not_checked,,,new20x20,new_instances/20x20,new_instances/20x20,0.02,600,1000,1,9000,9001,10000,true,results/batch/fpp_new_instances_scaling_new20x20/splits/new20x20_seed20266129_train600_test1000_case5_train.csv,results/batch/fpp_new_instances_scaling_new20x20/splits/new20x20_seed20266129_train600_test1000_case5_test.csv,MeanCVaR,FPP-Branch-Benders-MeanCVaR-LLBI-RootCuts,FPP-Branch-Benders,,mean-cvar,0.9,0.5,none,none,true,true,false,false,false,false,false,false,heuristic,0.10,eta-asc,true,true,100,100,1e-3,0,100000,1800,0.001,1,results/batch/fpp_new_instances_scaling_new20x20/splits,results/batch/fpp_new_instances_scaling_new20x20/workers/worker_045,results/batch/fpp_new_instances_scaling_new20x20/workers/worker_045/batch_results_worker_045.csv,results/batch/fpp_new_instances_scaling_new20x20/workers/worker_045/json/worker_045_task_009.json,results/batch/fpp_new_instances_scaling_new20x20/workers/worker_045/solutions,new20x20_case05_train600_test1000_alpha0p02_fpp_branch_benders_meancvar_llbi_rootcuts,run-fpp-branch-benders-oos
worker_045_task_010,worker_045,case05,5,20260529,20266129,20266129,new20x20,20x20,shortest_path,400,,not_checked,,,new20x20,new_instances/20x20,new_instances/20x20,0.02,600,1000,1,9000,9001,10000,true,results/batch/fpp_new_instances_scaling_new20x20/splits/new20x20_seed20266129_train600_test1000_case5_train.csv,results/batch/fpp_new_instances_scaling_new20x20/splits/new20x20_seed20266129_train600_test1000_case5_test.csv,MeanCVaR,FPP-Branch-Benders-MeanCVaR-ProjectedCoverageLLBI-exp-RootCuts,FPP-Branch-Benders,,mean-cvar,0.9,0.5,coverage,exp,true,false,true,false,false,true,false,false,heuristic,0.10,eta-asc,true,true,100,100,1e-3,0,100000,1800,0.001,1,results/batch/fpp_new_instances_scaling_new20x20/splits,results/batch/fpp_new_instances_scaling_new20x20/workers/worker_045,results/batch/fpp_new_instances_scaling_new20x20/workers/worker_045/batch_results_worker_045.csv,results/batch/fpp_new_instances_scaling_new20x20/workers/worker_045/json/worker_045_task_010.json,results/batch/fpp_new_instances_scaling_new20x20/workers/worker_045/solutions,new20x20_case05_train600_test1000_alpha0p02_fpp_branch_benders_meancvar_projectedcoveragellbi_exp_rootcuts,run-fpp-branch-benders-oos
worker_045_task_011,worker_045,case05,5,20260529,20266129,20266129,new20x20,20x20,shortest_path,400,,not_checked,,,new20x20,new_instances/20x20,new_instances/20x20,0.02,600,1000,1,9000,9001,10000,true,results/batch/fpp_new_instances_scaling_new20x20/splits/new20x20_seed20266129_train600_test1000_case5_train.csv,results/batch/fpp_new_instances_scaling_new20x20/splits/new20x20_seed20266129_train600_test1000_case5_test.csv,MeanCVaR,FPP-Branch-Benders-MeanCVaR-ProjectedPathLLBI-exp-RootCuts,FPP-Branch-Benders,,mean-cvar,0.9,0.5,path,exp,true,false,true,false,false,false,true,false,heuristic,0.10,eta-asc,true,true,100,100,1e-3,0,100000,1800,0.001,1,results/batch/fpp_new_instances_scaling_new20x20/splits,results/batch/fpp_new_instances_scaling_new20x20/workers/worker_045,results/batch/fpp_new_instances_scaling_new20x20/workers/worker_045/batch_results_worker_045.csv,results/batch/fpp_new_instances_scaling_new20x20/workers/worker_045/json/worker_045_task_011.json,results/batch/fpp_new_instances_scaling_new20x20/workers/worker_045/solutions,new20x20_case05_train600_test1000_alpha0p02_fpp_branch_benders_meancvar_projectedpathllbi_exp_rootcuts,run-fpp-branch-benders-oos
worker_046_task_000,worker_046,case06,6,20260529,20267129,20267129,new20x20,20x20,shortest_path,400,,not_checked,,,new20x20,new_instances/20x20,new_instances/20x20,0.02,600,1000,1,9000,9001,10000,true,results/batch/fpp_new_instances_scaling_new20x20/splits/new20x20_seed20267129_train600_test1000_case6_train.csv,results/batch/fpp_new_instances_scaling_new20x20/splits/new20x20_seed20267129_train600_test1000_case6_test.csv,MeanCVaR,FPP-SAA-MeanCVaR,FPP-SAA,fpp_base,mean-cvar,0.9,0.5,none,none,false,false,false,false,false,false,false,false,heuristic,0.10,eta-asc,true,true,100,100,1e-3,0,100000,1800,0.001,1,results/batch/fpp_new_instances_scaling_new20x20/splits,results/batch/fpp_new_instances_scaling_new20x20/workers/worker_046,results/batch/fpp_new_instances_scaling_new20x20/workers/worker_046/batch_results_worker_046.csv,results/batch/fpp_new_instances_scaling_new20x20/workers/worker_046/json/worker_046_task_000.json,results/batch/fpp_new_instances_scaling_new20x20/workers/worker_046/solutions,new20x20_case06_train600_test1000_alpha0p02_fpp_saa_meancvar,run-fpp-saa-oos
worker_046_task_001,worker_046,case06,6,20260529,20267129,20267129,new20x20,20x20,shortest_path,400,,not_checked,,,new20x20,new_instances/20x20,new_instances/20x20,0.02,600,1000,1,9000,9001,10000,true,results/batch/fpp_new_instances_scaling_new20x20/splits/new20x20_seed20267129_train600_test1000_case6_train.csv,results/batch/fpp_new_instances_scaling_new20x20/splits/new20x20_seed20267129_train600_test1000_case6_test.csv,Expected,FPP-Branch-Benders-LLBI-RootCuts,FPP-Branch-Benders,,expected,0.9,1.0,none,none,true,true,false,false,false,false,false,false,heuristic,0.10,eta-asc,true,true,100,100,1e-3,0,100000,1800,0.001,1,results/batch/fpp_new_instances_scaling_new20x20/splits,results/batch/fpp_new_instances_scaling_new20x20/workers/worker_046,results/batch/fpp_new_instances_scaling_new20x20/workers/worker_046/batch_results_worker_046.csv,results/batch/fpp_new_instances_scaling_new20x20/workers/worker_046/json/worker_046_task_001.json,results/batch/fpp_new_instances_scaling_new20x20/workers/worker_046/solutions,new20x20_case06_train600_test1000_alpha0p02_fpp_branch_benders_llbi_rootcuts,run-fpp-branch-benders-oos
worker_046_task_002,worker_046,case06,6,20260529,20267129,20267129,new20x20,20x20,shortest_path,400,,not_checked,,,new20x20,new_instances/20x20,new_instances/20x20,0.02,600,1000,1,9000,9001,10000,true,results/batch/fpp_new_instances_scaling_new20x20/splits/new20x20_seed20267129_train600_test1000_case6_train.csv,results/batch/fpp_new_instances_scaling_new20x20/splits/new20x20_seed20267129_train600_test1000_case6_test.csv,Expected,FPP-Branch-Benders-ProjectedCoverageLLBI-exp-RootCuts,FPP-Branch-Benders,,expected,0.9,1.0,coverage,exp,true,false,true,false,false,true,false,false,heuristic,0.10,eta-asc,true,true,100,100,1e-3,0,100000,1800,0.001,1,results/batch/fpp_new_instances_scaling_new20x20/splits,results/batch/fpp_new_instances_scaling_new20x20/workers/worker_046,results/batch/fpp_new_instances_scaling_new20x20/workers/worker_046/batch_results_worker_046.csv,results/batch/fpp_new_instances_scaling_new20x20/workers/worker_046/json/worker_046_task_002.json,results/batch/fpp_new_instances_scaling_new20x20/workers/worker_046/solutions,new20x20_case06_train600_test1000_alpha0p02_fpp_branch_benders_projectedcoveragellbi_exp_rootcuts,run-fpp-branch-benders-oos
worker_046_task_003,worker_046,case06,6,20260529,20267129,20267129,new20x20,20x20,shortest_path,400,,not_checked,,,new20x20,new_instances/20x20,new_instances/20x20,0.02,600,1000,1,9000,9001,10000,true,results/batch/fpp_new_instances_scaling_new20x20/splits/new20x20_seed20267129_train600_test1000_case6_train.csv,results/batch/fpp_new_instances_scaling_new20x20/splits/new20x20_seed20267129_train600_test1000_case6_test.csv,Expected,FPP-Branch-Benders-ProjectedPathLLBI-exp-RootCuts,FPP-Branch-Benders,,expected,0.9,1.0,path,exp,true,false,true,false,false,false,true,false,heuristic,0.10,eta-asc,true,true,100,100,1e-3,0,100000,1800,0.001,1,results/batch/fpp_new_instances_scaling_new20x20/splits,results/batch/fpp_new_instances_scaling_new20x20/workers/worker_046,results/batch/fpp_new_instances_scaling_new20x20/workers/worker_046/batch_results_worker_046.csv,results/batch/fpp_new_instances_scaling_new20x20/workers/worker_046/json/worker_046_task_003.json,results/batch/fpp_new_instances_scaling_new20x20/workers/worker_046/solutions,new20x20_case06_train600_test1000_alpha0p02_fpp_branch_benders_projectedpathllbi_exp_rootcuts,run-fpp-branch-benders-oos
worker_046_task_004,worker_046,case06,6,20260529,20267129,20267129,new20x20,20x20,shortest_path,400,,not_checked,,,new20x20,new_instances/20x20,new_instances/20x20,0.02,600,1000,1,9000,9001,10000,true,results/batch/fpp_new_instances_scaling_new20x20/splits/new20x20_seed20267129_train600_test1000_case6_train.csv,results/batch/fpp_new_instances_scaling_new20x20/splits/new20x20_seed20267129_train600_test1000_case6_test.csv,CVaR,FPP-Branch-Benders-CVaR-RootCuts,FPP-Branch-Benders,,cvar,0.9,1.0,none,none,true,false,false,false,false,false,false,false,heuristic,0.10,eta-asc,true,true,100,100,1e-3,0,100000,1800,0.001,1,results/batch/fpp_new_instances_scaling_new20x20/splits,results/batch/fpp_new_instances_scaling_new20x20/workers/worker_046,results/batch/fpp_new_instances_scaling_new20x20/workers/worker_046/batch_results_worker_046.csv,results/batch/fpp_new_instances_scaling_new20x20/workers/worker_046/json/worker_046_task_004.json,results/batch/fpp_new_instances_scaling_new20x20/workers/worker_046/solutions,new20x20_case06_train600_test1000_alpha0p02_fpp_branch_benders_cvar_rootcuts,run-fpp-branch-benders-oos
worker_046_task_005,worker_046,case06,6,20260529,20267129,20267129,new20x20,20x20,shortest_path,400,,not_checked,,,new20x20,new_instances/20x20,new_instances/20x20,0.02,600,1000,1,9000,9001,10000,true,results/batch/fpp_new_instances_scaling_new20x20/splits/new20x20_seed20267129_train600_test1000_case6_train.csv,results/batch/fpp_new_instances_scaling_new20x20/splits/new20x20_seed20267129_train600_test1000_case6_test.csv,CVaR,FPP-Branch-Benders-CVaR-LLBI-RootCuts,FPP-Branch-Benders,,cvar,0.9,1.0,none,none,true,true,false,false,false,false,false,false,heuristic,0.10,eta-asc,true,true,100,100,1e-3,0,100000,1800,0.001,1,results/batch/fpp_new_instances_scaling_new20x20/splits,results/batch/fpp_new_instances_scaling_new20x20/workers/worker_046,results/batch/fpp_new_instances_scaling_new20x20/workers/worker_046/batch_results_worker_046.csv,results/batch/fpp_new_instances_scaling_new20x20/workers/worker_046/json/worker_046_task_005.json,results/batch/fpp_new_instances_scaling_new20x20/workers/worker_046/solutions,new20x20_case06_train600_test1000_alpha0p02_fpp_branch_benders_cvar_llbi_rootcuts,run-fpp-branch-benders-oos
worker_046_task_006,worker_046,case06,6,20260529,20267129,20267129,new20x20,20x20,shortest_path,400,,not_checked,,,new20x20,new_instances/20x20,new_instances/20x20,0.02,600,1000,1,9000,9001,10000,true,results/batch/fpp_new_instances_scaling_new20x20/splits/new20x20_seed20267129_train600_test1000_case6_train.csv,results/batch/fpp_new_instances_scaling_new20x20/splits/new20x20_seed20267129_train600_test1000_case6_test.csv,CVaR,FPP-Branch-Benders-CVaR-ProjectedCoverageLLBI-exp-RootCuts,FPP-Branch-Benders,,cvar,0.9,1.0,coverage,exp,true,false,true,false,false,true,false,false,heuristic,0.10,eta-asc,true,true,100,100,1e-3,0,100000,1800,0.001,1,results/batch/fpp_new_instances_scaling_new20x20/splits,results/batch/fpp_new_instances_scaling_new20x20/workers/worker_046,results/batch/fpp_new_instances_scaling_new20x20/workers/worker_046/batch_results_worker_046.csv,results/batch/fpp_new_instances_scaling_new20x20/workers/worker_046/json/worker_046_task_006.json,results/batch/fpp_new_instances_scaling_new20x20/workers/worker_046/solutions,new20x20_case06_train600_test1000_alpha0p02_fpp_branch_benders_cvar_projectedcoveragellbi_exp_rootcuts,run-fpp-branch-benders-oos
worker_046_task_007,worker_046,case06,6,20260529,20267129,20267129,new20x20,20x20,shortest_path,400,,not_checked,,,new20x20,new_instances/20x20,new_instances/20x20,0.02,600,1000,1,9000,9001,10000,true,results/batch/fpp_new_instances_scaling_new20x20/splits/new20x20_seed20267129_train600_test1000_case6_train.csv,results/batch/fpp_new_instances_scaling_new20x20/splits/new20x20_seed20267129_train600_test1000_case6_test.csv,CVaR,FPP-Branch-Benders-CVaR-ProjectedPathLLBI-exp-RootCuts,FPP-Branch-Benders,,cvar,0.9,1.0,path,exp,true,false,true,false,false,false,true,false,heuristic,0.10,eta-asc,true,true,100,100,1e-3,0,100000,1800,0.001,1,results/batch/fpp_new_instances_scaling_new20x20/splits,results/batch/fpp_new_instances_scaling_new20x20/workers/worker_046,results/batch/fpp_new_instances_scaling_new20x20/workers/worker_046/batch_results_worker_046.csv,results/batch/fpp_new_instances_scaling_new20x20/workers/worker_046/json/worker_046_task_007.json,results/batch/fpp_new_instances_scaling_new20x20/workers/worker_046/solutions,new20x20_case06_train600_test1000_alpha0p02_fpp_branch_benders_cvar_projectedpathllbi_exp_rootcuts,run-fpp-branch-benders-oos
worker_046_task_008,worker_046,case06,6,20260529,20267129,20267129,new20x20,20x20,shortest_path,400,,not_checked,,,new20x20,new_instances/20x20,new_instances/20x20,0.02,600,1000,1,9000,9001,10000,true,results/batch/fpp_new_instances_scaling_new20x20/splits/new20x20_seed20267129_train600_test1000_case6_train.csv,results/batch/fpp_new_instances_scaling_new20x20/splits/new20x20_seed20267129_train600_test1000_case6_test.csv,MeanCVaR,FPP-Branch-Benders-MeanCVaR-RootCuts,FPP-Branch-Benders,,mean-cvar,0.9,0.5,none,none,true,false,false,false,false,false,false,false,heuristic,0.10,eta-asc,true,true,100,100,1e-3,0,100000,1800,0.001,1,results/batch/fpp_new_instances_scaling_new20x20/splits,results/batch/fpp_new_instances_scaling_new20x20/workers/worker_046,results/batch/fpp_new_instances_scaling_new20x20/workers/worker_046/batch_results_worker_046.csv,results/batch/fpp_new_instances_scaling_new20x20/workers/worker_046/json/worker_046_task_008.json,results/batch/fpp_new_instances_scaling_new20x20/workers/worker_046/solutions,new20x20_case06_train600_test1000_alpha0p02_fpp_branch_benders_meancvar_rootcuts,run-fpp-branch-benders-oos
worker_046_task_009,worker_046,case06,6,20260529,20267129,20267129,new20x20,20x20,shortest_path,400,,not_checked,,,new20x20,new_instances/20x20,new_instances/20x20,0.02,600,1000,1,9000,9001,10000,true,results/batch/fpp_new_instances_scaling_new20x20/splits/new20x20_seed20267129_train600_test1000_case6_train.csv,results/batch/fpp_new_instances_scaling_new20x20/splits/new20x20_seed20267129_train600_test1000_case6_test.csv,MeanCVaR,FPP-Branch-Benders-MeanCVaR-LLBI-RootCuts,FPP-Branch-Benders,,mean-cvar,0.9,0.5,none,none,true,true,false,false,false,false,false,false,heuristic,0.10,eta-asc,true,true,100,100,1e-3,0,100000,1800,0.001,1,results/batch/fpp_new_instances_scaling_new20x20/splits,results/batch/fpp_new_instances_scaling_new20x20/workers/worker_046,results/batch/fpp_new_instances_scaling_new20x20/workers/worker_046/batch_results_worker_046.csv,results/batch/fpp_new_instances_scaling_new20x20/workers/worker_046/json/worker_046_task_009.json,results/batch/fpp_new_instances_scaling_new20x20/workers/worker_046/solutions,new20x20_case06_train600_test1000_alpha0p02_fpp_branch_benders_meancvar_llbi_rootcuts,run-fpp-branch-benders-oos
worker_046_task_010,worker_046,case06,6,20260529,20267129,20267129,new20x20,20x20,shortest_path,400,,not_checked,,,new20x20,new_instances/20x20,new_instances/20x20,0.02,600,1000,1,9000,9001,10000,true,results/batch/fpp_new_instances_scaling_new20x20/splits/new20x20_seed20267129_train600_test1000_case6_train.csv,results/batch/fpp_new_instances_scaling_new20x20/splits/new20x20_seed20267129_train600_test1000_case6_test.csv,MeanCVaR,FPP-Branch-Benders-MeanCVaR-ProjectedCoverageLLBI-exp-RootCuts,FPP-Branch-Benders,,mean-cvar,0.9,0.5,coverage,exp,true,false,true,false,false,true,false,false,heuristic,0.10,eta-asc,true,true,100,100,1e-3,0,100000,1800,0.001,1,results/batch/fpp_new_instances_scaling_new20x20/splits,results/batch/fpp_new_instances_scaling_new20x20/workers/worker_046,results/batch/fpp_new_instances_scaling_new20x20/workers/worker_046/batch_results_worker_046.csv,results/batch/fpp_new_instances_scaling_new20x20/workers/worker_046/json/worker_046_task_010.json,results/batch/fpp_new_instances_scaling_new20x20/workers/worker_046/solutions,new20x20_case06_train600_test1000_alpha0p02_fpp_branch_benders_meancvar_projectedcoveragellbi_exp_rootcuts,run-fpp-branch-benders-oos
worker_046_task_011,worker_046,case06,6,20260529,20267129,20267129,new20x20,20x20,shortest_path,400,,not_checked,,,new20x20,new_instances/20x20,new_instances/20x20,0.02,600,1000,1,9000,9001,10000,true,results/batch/fpp_new_instances_scaling_new20x20/splits/new20x20_seed20267129_train600_test1000_case6_train.csv,results/batch/fpp_new_instances_scaling_new20x20/splits/new20x20_seed20267129_train600_test1000_case6_test.csv,MeanCVaR,FPP-Branch-Benders-MeanCVaR-ProjectedPathLLBI-exp-RootCuts,FPP-Branch-Benders,,mean-cvar,0.9,0.5,path,exp,true,false,true,false,false,false,true,false,heuristic,0.10,eta-asc,true,true,100,100,1e-3,0,100000,1800,0.001,1,results/batch/fpp_new_instances_scaling_new20x20/splits,results/batch/fpp_new_instances_scaling_new20x20/workers/worker_046,results/batch/fpp_new_instances_scaling_new20x20/workers/worker_046/batch_results_worker_046.csv,results/batch/fpp_new_instances_scaling_new20x20/workers/worker_046/json/worker_046_task_011.json,results/batch/fpp_new_instances_scaling_new20x20/workers/worker_046/solutions,new20x20_case06_train600_test1000_alpha0p02_fpp_branch_benders_meancvar_projectedpathllbi_exp_rootcuts,run-fpp-branch-benders-oos
worker_047_task_000,worker_047,case07,7,20260529,20268129,20268129,new20x20,20x20,shortest_path,400,,not_checked,,,new20x20,new_instances/20x20,new_instances/20x20,0.02,600,1000,1,9000,9001,10000,true,results/batch/fpp_new_instances_scaling_new20x20/splits/new20x20_seed20268129_train600_test1000_case7_train.csv,results/batch/fpp_new_instances_scaling_new20x20/splits/new20x20_seed20268129_train600_test1000_case7_test.csv,MeanCVaR,FPP-SAA-MeanCVaR,FPP-SAA,fpp_base,mean-cvar,0.9,0.5,none,none,false,false,false,false,false,false,false,false,heuristic,0.10,eta-asc,true,true,100,100,1e-3,0,100000,1800,0.001,1,results/batch/fpp_new_instances_scaling_new20x20/splits,results/batch/fpp_new_instances_scaling_new20x20/workers/worker_047,results/batch/fpp_new_instances_scaling_new20x20/workers/worker_047/batch_results_worker_047.csv,results/batch/fpp_new_instances_scaling_new20x20/workers/worker_047/json/worker_047_task_000.json,results/batch/fpp_new_instances_scaling_new20x20/workers/worker_047/solutions,new20x20_case07_train600_test1000_alpha0p02_fpp_saa_meancvar,run-fpp-saa-oos
worker_047_task_001,worker_047,case07,7,20260529,20268129,20268129,new20x20,20x20,shortest_path,400,,not_checked,,,new20x20,new_instances/20x20,new_instances/20x20,0.02,600,1000,1,9000,9001,10000,true,results/batch/fpp_new_instances_scaling_new20x20/splits/new20x20_seed20268129_train600_test1000_case7_train.csv,results/batch/fpp_new_instances_scaling_new20x20/splits/new20x20_seed20268129_train600_test1000_case7_test.csv,Expected,FPP-Branch-Benders-LLBI-RootCuts,FPP-Branch-Benders,,expected,0.9,1.0,none,none,true,true,false,false,false,false,false,false,heuristic,0.10,eta-asc,true,true,100,100,1e-3,0,100000,1800,0.001,1,results/batch/fpp_new_instances_scaling_new20x20/splits,results/batch/fpp_new_instances_scaling_new20x20/workers/worker_047,results/batch/fpp_new_instances_scaling_new20x20/workers/worker_047/batch_results_worker_047.csv,results/batch/fpp_new_instances_scaling_new20x20/workers/worker_047/json/worker_047_task_001.json,results/batch/fpp_new_instances_scaling_new20x20/workers/worker_047/solutions,new20x20_case07_train600_test1000_alpha0p02_fpp_branch_benders_llbi_rootcuts,run-fpp-branch-benders-oos
worker_047_task_002,worker_047,case07,7,20260529,20268129,20268129,new20x20,20x20,shortest_path,400,,not_checked,,,new20x20,new_instances/20x20,new_instances/20x20,0.02,600,1000,1,9000,9001,10000,true,results/batch/fpp_new_instances_scaling_new20x20/splits/new20x20_seed20268129_train600_test1000_case7_train.csv,results/batch/fpp_new_instances_scaling_new20x20/splits/new20x20_seed20268129_train600_test1000_case7_test.csv,Expected,FPP-Branch-Benders-ProjectedCoverageLLBI-exp-RootCuts,FPP-Branch-Benders,,expected,0.9,1.0,coverage,exp,true,false,true,false,false,true,false,false,heuristic,0.10,eta-asc,true,true,100,100,1e-3,0,100000,1800,0.001,1,results/batch/fpp_new_instances_scaling_new20x20/splits,results/batch/fpp_new_instances_scaling_new20x20/workers/worker_047,results/batch/fpp_new_instances_scaling_new20x20/workers/worker_047/batch_results_worker_047.csv,results/batch/fpp_new_instances_scaling_new20x20/workers/worker_047/json/worker_047_task_002.json,results/batch/fpp_new_instances_scaling_new20x20/workers/worker_047/solutions,new20x20_case07_train600_test1000_alpha0p02_fpp_branch_benders_projectedcoveragellbi_exp_rootcuts,run-fpp-branch-benders-oos
worker_047_task_003,worker_047,case07,7,20260529,20268129,20268129,new20x20,20x20,shortest_path,400,,not_checked,,,new20x20,new_instances/20x20,new_instances/20x20,0.02,600,1000,1,9000,9001,10000,true,results/batch/fpp_new_instances_scaling_new20x20/splits/new20x20_seed20268129_train600_test1000_case7_train.csv,results/batch/fpp_new_instances_scaling_new20x20/splits/new20x20_seed20268129_train600_test1000_case7_test.csv,Expected,FPP-Branch-Benders-ProjectedPathLLBI-exp-RootCuts,FPP-Branch-Benders,,expected,0.9,1.0,path,exp,true,false,true,false,false,false,true,false,heuristic,0.10,eta-asc,true,true,100,100,1e-3,0,100000,1800,0.001,1,results/batch/fpp_new_instances_scaling_new20x20/splits,results/batch/fpp_new_instances_scaling_new20x20/workers/worker_047,results/batch/fpp_new_instances_scaling_new20x20/workers/worker_047/batch_results_worker_047.csv,results/batch/fpp_new_instances_scaling_new20x20/workers/worker_047/json/worker_047_task_003.json,results/batch/fpp_new_instances_scaling_new20x20/workers/worker_047/solutions,new20x20_case07_train600_test1000_alpha0p02_fpp_branch_benders_projectedpathllbi_exp_rootcuts,run-fpp-branch-benders-oos
worker_047_task_004,worker_047,case07,7,20260529,20268129,20268129,new20x20,20x20,shortest_path,400,,not_checked,,,new20x20,new_instances/20x20,new_instances/20x20,0.02,600,1000,1,9000,9001,10000,true,results/batch/fpp_new_instances_scaling_new20x20/splits/new20x20_seed20268129_train600_test1000_case7_train.csv,results/batch/fpp_new_instances_scaling_new20x20/splits/new20x20_seed20268129_train600_test1000_case7_test.csv,CVaR,FPP-Branch-Benders-CVaR-RootCuts,FPP-Branch-Benders,,cvar,0.9,1.0,none,none,true,false,false,false,false,false,false,false,heuristic,0.10,eta-asc,true,true,100,100,1e-3,0,100000,1800,0.001,1,results/batch/fpp_new_instances_scaling_new20x20/splits,results/batch/fpp_new_instances_scaling_new20x20/workers/worker_047,results/batch/fpp_new_instances_scaling_new20x20/workers/worker_047/batch_results_worker_047.csv,results/batch/fpp_new_instances_scaling_new20x20/workers/worker_047/json/worker_047_task_004.json,results/batch/fpp_new_instances_scaling_new20x20/workers/worker_047/solutions,new20x20_case07_train600_test1000_alpha0p02_fpp_branch_benders_cvar_rootcuts,run-fpp-branch-benders-oos
worker_047_task_005,worker_047,case07,7,20260529,20268129,20268129,new20x20,20x20,shortest_path,400,,not_checked,,,new20x20,new_instances/20x20,new_instances/20x20,0.02,600,1000,1,9000,9001,10000,true,results/batch/fpp_new_instances_scaling_new20x20/splits/new20x20_seed20268129_train600_test1000_case7_train.csv,results/batch/fpp_new_instances_scaling_new20x20/splits/new20x20_seed20268129_train600_test1000_case7_test.csv,CVaR,FPP-Branch-Benders-CVaR-LLBI-RootCuts,FPP-Branch-Benders,,cvar,0.9,1.0,none,none,true,true,false,false,false,false,false,false,heuristic,0.10,eta-asc,true,true,100,100,1e-3,0,100000,1800,0.001,1,results/batch/fpp_new_instances_scaling_new20x20/splits,results/batch/fpp_new_instances_scaling_new20x20/workers/worker_047,results/batch/fpp_new_instances_scaling_new20x20/workers/worker_047/batch_results_worker_047.csv,results/batch/fpp_new_instances_scaling_new20x20/workers/worker_047/json/worker_047_task_005.json,results/batch/fpp_new_instances_scaling_new20x20/workers/worker_047/solutions,new20x20_case07_train600_test1000_alpha0p02_fpp_branch_benders_cvar_llbi_rootcuts,run-fpp-branch-benders-oos
worker_047_task_006,worker_047,case07,7,20260529,20268129,20268129,new20x20,20x20,shortest_path,400,,not_checked,,,new20x20,new_instances/20x20,new_instances/20x20,0.02,600,1000,1,9000,9001,10000,true,results/batch/fpp_new_instances_scaling_new20x20/splits/new20x20_seed20268129_train600_test1000_case7_train.csv,results/batch/fpp_new_instances_scaling_new20x20/splits/new20x20_seed20268129_train600_test1000_case7_test.csv,CVaR,FPP-Branch-Benders-CVaR-ProjectedCoverageLLBI-exp-RootCuts,FPP-Branch-Benders,,cvar,0.9,1.0,coverage,exp,true,false,true,false,false,true,false,false,heuristic,0.10,eta-asc,true,true,100,100,1e-3,0,100000,1800,0.001,1,results/batch/fpp_new_instances_scaling_new20x20/splits,results/batch/fpp_new_instances_scaling_new20x20/workers/worker_047,results/batch/fpp_new_instances_scaling_new20x20/workers/worker_047/batch_results_worker_047.csv,results/batch/fpp_new_instances_scaling_new20x20/workers/worker_047/json/worker_047_task_006.json,results/batch/fpp_new_instances_scaling_new20x20/workers/worker_047/solutions,new20x20_case07_train600_test1000_alpha0p02_fpp_branch_benders_cvar_projectedcoveragellbi_exp_rootcuts,run-fpp-branch-benders-oos
worker_047_task_007,worker_047,case07,7,20260529,20268129,20268129,new20x20,20x20,shortest_path,400,,not_checked,,,new20x20,new_instances/20x20,new_instances/20x20,0.02,600,1000,1,9000,9001,10000,true,results/batch/fpp_new_instances_scaling_new20x20/splits/new20x20_seed20268129_train600_test1000_case7_train.csv,results/batch/fpp_new_instances_scaling_new20x20/splits/new20x20_seed20268129_train600_test1000_case7_test.csv,CVaR,FPP-Branch-Benders-CVaR-ProjectedPathLLBI-exp-RootCuts,FPP-Branch-Benders,,cvar,0.9,1.0,path,exp,true,false,true,false,false,false,true,false,heuristic,0.10,eta-asc,true,true,100,100,1e-3,0,100000,1800,0.001,1,results/batch/fpp_new_instances_scaling_new20x20/splits,results/batch/fpp_new_instances_scaling_new20x20/workers/worker_047,results/batch/fpp_new_instances_scaling_new20x20/workers/worker_047/batch_results_worker_047.csv,results/batch/fpp_new_instances_scaling_new20x20/workers/worker_047/json/worker_047_task_007.json,results/batch/fpp_new_instances_scaling_new20x20/workers/worker_047/solutions,new20x20_case07_train600_test1000_alpha0p02_fpp_branch_benders_cvar_projectedpathllbi_exp_rootcuts,run-fpp-branch-benders-oos
worker_047_task_008,worker_047,case07,7,20260529,20268129,20268129,new20x20,20x20,shortest_path,400,,not_checked,,,new20x20,new_instances/20x20,new_instances/20x20,0.02,600,1000,1,9000,9001,10000,true,results/batch/fpp_new_instances_scaling_new20x20/splits/new20x20_seed20268129_train600_test1000_case7_train.csv,results/batch/fpp_new_instances_scaling_new20x20/splits/new20x20_seed20268129_train600_test1000_case7_test.csv,MeanCVaR,FPP-Branch-Benders-MeanCVaR-RootCuts,FPP-Branch-Benders,,mean-cvar,0.9,0.5,none,none,true,false,false,false,false,false,false,false,heuristic,0.10,eta-asc,true,true,100,100,1e-3,0,100000,1800,0.001,1,results/batch/fpp_new_instances_scaling_new20x20/splits,results/batch/fpp_new_instances_scaling_new20x20/workers/worker_047,results/batch/fpp_new_instances_scaling_new20x20/workers/worker_047/batch_results_worker_047.csv,results/batch/fpp_new_instances_scaling_new20x20/workers/worker_047/json/worker_047_task_008.json,results/batch/fpp_new_instances_scaling_new20x20/workers/worker_047/solutions,new20x20_case07_train600_test1000_alpha0p02_fpp_branch_benders_meancvar_rootcuts,run-fpp-branch-benders-oos
worker_047_task_009,worker_047,case07,7,20260529,20268129,20268129,new20x20,20x20,shortest_path,400,,not_checked,,,new20x20,new_instances/20x20,new_instances/20x20,0.02,600,1000,1,9000,9001,10000,true,results/batch/fpp_new_instances_scaling_new20x20/splits/new20x20_seed20268129_train600_test1000_case7_train.csv,results/batch/fpp_new_instances_scaling_new20x20/splits/new20x20_seed20268129_train600_test1000_case7_test.csv,MeanCVaR,FPP-Branch-Benders-MeanCVaR-LLBI-RootCuts,FPP-Branch-Benders,,mean-cvar,0.9,0.5,none,none,true,true,false,false,false,false,false,false,heuristic,0.10,eta-asc,true,true,100,100,1e-3,0,100000,1800,0.001,1,results/batch/fpp_new_instances_scaling_new20x20/splits,results/batch/fpp_new_instances_scaling_new20x20/workers/worker_047,results/batch/fpp_new_instances_scaling_new20x20/workers/worker_047/batch_results_worker_047.csv,results/batch/fpp_new_instances_scaling_new20x20/workers/worker_047/json/worker_047_task_009.json,results/batch/fpp_new_instances_scaling_new20x20/workers/worker_047/solutions,new20x20_case07_train600_test1000_alpha0p02_fpp_branch_benders_meancvar_llbi_rootcuts,run-fpp-branch-benders-oos
worker_047_task_010,worker_047,case07,7,20260529,20268129,20268129,new20x20,20x20,shortest_path,400,,not_checked,,,new20x20,new_instances/20x20,new_instances/20x20,0.02,600,1000,1,9000,9001,10000,true,results/batch/fpp_new_instances_scaling_new20x20/splits/new20x20_seed20268129_train600_test1000_case7_train.csv,results/batch/fpp_new_instances_scaling_new20x20/splits/new20x20_seed20268129_train600_test1000_case7_test.csv,MeanCVaR,FPP-Branch-Benders-MeanCVaR-ProjectedCoverageLLBI-exp-RootCuts,FPP-Branch-Benders,,mean-cvar,0.9,0.5,coverage,exp,true,false,true,false,false,true,false,false,heuristic,0.10,eta-asc,true,true,100,100,1e-3,0,100000,1800,0.001,1,results/batch/fpp_new_instances_scaling_new20x20/splits,results/batch/fpp_new_instances_scaling_new20x20/workers/worker_047,results/batch/fpp_new_instances_scaling_new20x20/workers/worker_047/batch_results_worker_047.csv,results/batch/fpp_new_instances_scaling_new20x20/workers/worker_047/json/worker_047_task_010.json,results/batch/fpp_new_instances_scaling_new20x20/workers/worker_047/solutions,new20x20_case07_train600_test1000_alpha0p02_fpp_branch_benders_meancvar_projectedcoveragellbi_exp_rootcuts,run-fpp-branch-benders-oos
worker_047_task_011,worker_047,case07,7,20260529,20268129,20268129,new20x20,20x20,shortest_path,400,,not_checked,,,new20x20,new_instances/20x20,new_instances/20x20,0.02,600,1000,1,9000,9001,10000,true,results/batch/fpp_new_instances_scaling_new20x20/splits/new20x20_seed20268129_train600_test1000_case7_train.csv,results/batch/fpp_new_instances_scaling_new20x20/splits/new20x20_seed20268129_train600_test1000_case7_test.csv,MeanCVaR,FPP-Branch-Benders-MeanCVaR-ProjectedPathLLBI-exp-RootCuts,FPP-Branch-Benders,,mean-cvar,0.9,0.5,path,exp,true,false,true,false,false,false,true,false,heuristic,0.10,eta-asc,true,true,100,100,1e-3,0,100000,1800,0.001,1,results/batch/fpp_new_instances_scaling_new20x20/splits,results/batch/fpp_new_instances_scaling_new20x20/workers/worker_047,results/batch/fpp_new_instances_scaling_new20x20/workers/worker_047/batch_results_worker_047.csv,results/batch/fpp_new_instances_scaling_new20x20/workers/worker_047/json/worker_047_task_011.json,results/batch/fpp_new_instances_scaling_new20x20/workers/worker_047/solutions,new20x20_case07_train600_test1000_alpha0p02_fpp_branch_benders_meancvar_projectedpathllbi_exp_rootcuts,run-fpp-branch-benders-oos
worker_048_task_000,worker_048,case08,8,20260529,20269129,20269129,new20x20,20x20,shortest_path,400,,not_checked,,,new20x20,new_instances/20x20,new_instances/20x20,0.02,600,1000,1,9000,9001,10000,true,results/batch/fpp_new_instances_scaling_new20x20/splits/new20x20_seed20269129_train600_test1000_case8_train.csv,results/batch/fpp_new_instances_scaling_new20x20/splits/new20x20_seed20269129_train600_test1000_case8_test.csv,MeanCVaR,FPP-SAA-MeanCVaR,FPP-SAA,fpp_base,mean-cvar,0.9,0.5,none,none,false,false,false,false,false,false,false,false,heuristic,0.10,eta-asc,true,true,100,100,1e-3,0,100000,1800,0.001,1,results/batch/fpp_new_instances_scaling_new20x20/splits,results/batch/fpp_new_instances_scaling_new20x20/workers/worker_048,results/batch/fpp_new_instances_scaling_new20x20/workers/worker_048/batch_results_worker_048.csv,results/batch/fpp_new_instances_scaling_new20x20/workers/worker_048/json/worker_048_task_000.json,results/batch/fpp_new_instances_scaling_new20x20/workers/worker_048/solutions,new20x20_case08_train600_test1000_alpha0p02_fpp_saa_meancvar,run-fpp-saa-oos
worker_048_task_001,worker_048,case08,8,20260529,20269129,20269129,new20x20,20x20,shortest_path,400,,not_checked,,,new20x20,new_instances/20x20,new_instances/20x20,0.02,600,1000,1,9000,9001,10000,true,results/batch/fpp_new_instances_scaling_new20x20/splits/new20x20_seed20269129_train600_test1000_case8_train.csv,results/batch/fpp_new_instances_scaling_new20x20/splits/new20x20_seed20269129_train600_test1000_case8_test.csv,Expected,FPP-Branch-Benders-LLBI-RootCuts,FPP-Branch-Benders,,expected,0.9,1.0,none,none,true,true,false,false,false,false,false,false,heuristic,0.10,eta-asc,true,true,100,100,1e-3,0,100000,1800,0.001,1,results/batch/fpp_new_instances_scaling_new20x20/splits,results/batch/fpp_new_instances_scaling_new20x20/workers/worker_048,results/batch/fpp_new_instances_scaling_new20x20/workers/worker_048/batch_results_worker_048.csv,results/batch/fpp_new_instances_scaling_new20x20/workers/worker_048/json/worker_048_task_001.json,results/batch/fpp_new_instances_scaling_new20x20/workers/worker_048/solutions,new20x20_case08_train600_test1000_alpha0p02_fpp_branch_benders_llbi_rootcuts,run-fpp-branch-benders-oos
worker_048_task_002,worker_048,case08,8,20260529,20269129,20269129,new20x20,20x20,shortest_path,400,,not_checked,,,new20x20,new_instances/20x20,new_instances/20x20,0.02,600,1000,1,9000,9001,10000,true,results/batch/fpp_new_instances_scaling_new20x20/splits/new20x20_seed20269129_train600_test1000_case8_train.csv,results/batch/fpp_new_instances_scaling_new20x20/splits/new20x20_seed20269129_train600_test1000_case8_test.csv,Expected,FPP-Branch-Benders-ProjectedCoverageLLBI-exp-RootCuts,FPP-Branch-Benders,,expected,0.9,1.0,coverage,exp,true,false,true,false,false,true,false,false,heuristic,0.10,eta-asc,true,true,100,100,1e-3,0,100000,1800,0.001,1,results/batch/fpp_new_instances_scaling_new20x20/splits,results/batch/fpp_new_instances_scaling_new20x20/workers/worker_048,results/batch/fpp_new_instances_scaling_new20x20/workers/worker_048/batch_results_worker_048.csv,results/batch/fpp_new_instances_scaling_new20x20/workers/worker_048/json/worker_048_task_002.json,results/batch/fpp_new_instances_scaling_new20x20/workers/worker_048/solutions,new20x20_case08_train600_test1000_alpha0p02_fpp_branch_benders_projectedcoveragellbi_exp_rootcuts,run-fpp-branch-benders-oos
worker_048_task_003,worker_048,case08,8,20260529,20269129,20269129,new20x20,20x20,shortest_path,400,,not_checked,,,new20x20,new_instances/20x20,new_instances/20x20,0.02,600,1000,1,9000,9001,10000,true,results/batch/fpp_new_instances_scaling_new20x20/splits/new20x20_seed20269129_train600_test1000_case8_train.csv,results/batch/fpp_new_instances_scaling_new20x20/splits/new20x20_seed20269129_train600_test1000_case8_test.csv,Expected,FPP-Branch-Benders-ProjectedPathLLBI-exp-RootCuts,FPP-Branch-Benders,,expected,0.9,1.0,path,exp,true,false,true,false,false,false,true,false,heuristic,0.10,eta-asc,true,true,100,100,1e-3,0,100000,1800,0.001,1,results/batch/fpp_new_instances_scaling_new20x20/splits,results/batch/fpp_new_instances_scaling_new20x20/workers/worker_048,results/batch/fpp_new_instances_scaling_new20x20/workers/worker_048/batch_results_worker_048.csv,results/batch/fpp_new_instances_scaling_new20x20/workers/worker_048/json/worker_048_task_003.json,results/batch/fpp_new_instances_scaling_new20x20/workers/worker_048/solutions,new20x20_case08_train600_test1000_alpha0p02_fpp_branch_benders_projectedpathllbi_exp_rootcuts,run-fpp-branch-benders-oos
worker_048_task_004,worker_048,case08,8,20260529,20269129,20269129,new20x20,20x20,shortest_path,400,,not_checked,,,new20x20,new_instances/20x20,new_instances/20x20,0.02,600,1000,1,9000,9001,10000,true,results/batch/fpp_new_instances_scaling_new20x20/splits/new20x20_seed20269129_train600_test1000_case8_train.csv,results/batch/fpp_new_instances_scaling_new20x20/splits/new20x20_seed20269129_train600_test1000_case8_test.csv,CVaR,FPP-Branch-Benders-CVaR-RootCuts,FPP-Branch-Benders,,cvar,0.9,1.0,none,none,true,false,false,false,false,false,false,false,heuristic,0.10,eta-asc,true,true,100,100,1e-3,0,100000,1800,0.001,1,results/batch/fpp_new_instances_scaling_new20x20/splits,results/batch/fpp_new_instances_scaling_new20x20/workers/worker_048,results/batch/fpp_new_instances_scaling_new20x20/workers/worker_048/batch_results_worker_048.csv,results/batch/fpp_new_instances_scaling_new20x20/workers/worker_048/json/worker_048_task_004.json,results/batch/fpp_new_instances_scaling_new20x20/workers/worker_048/solutions,new20x20_case08_train600_test1000_alpha0p02_fpp_branch_benders_cvar_rootcuts,run-fpp-branch-benders-oos
worker_048_task_005,worker_048,case08,8,20260529,20269129,20269129,new20x20,20x20,shortest_path,400,,not_checked,,,new20x20,new_instances/20x20,new_instances/20x20,0.02,600,1000,1,9000,9001,10000,true,results/batch/fpp_new_instances_scaling_new20x20/splits/new20x20_seed20269129_train600_test1000_case8_train.csv,results/batch/fpp_new_instances_scaling_new20x20/splits/new20x20_seed20269129_train600_test1000_case8_test.csv,CVaR,FPP-Branch-Benders-CVaR-LLBI-RootCuts,FPP-Branch-Benders,,cvar,0.9,1.0,none,none,true,true,false,false,false,false,false,false,heuristic,0.10,eta-asc,true,true,100,100,1e-3,0,100000,1800,0.001,1,results/batch/fpp_new_instances_scaling_new20x20/splits,results/batch/fpp_new_instances_scaling_new20x20/workers/worker_048,results/batch/fpp_new_instances_scaling_new20x20/workers/worker_048/batch_results_worker_048.csv,results/batch/fpp_new_instances_scaling_new20x20/workers/worker_048/json/worker_048_task_005.json,results/batch/fpp_new_instances_scaling_new20x20/workers/worker_048/solutions,new20x20_case08_train600_test1000_alpha0p02_fpp_branch_benders_cvar_llbi_rootcuts,run-fpp-branch-benders-oos
worker_048_task_006,worker_048,case08,8,20260529,20269129,20269129,new20x20,20x20,shortest_path,400,,not_checked,,,new20x20,new_instances/20x20,new_instances/20x20,0.02,600,1000,1,9000,9001,10000,true,results/batch/fpp_new_instances_scaling_new20x20/splits/new20x20_seed20269129_train600_test1000_case8_train.csv,results/batch/fpp_new_instances_scaling_new20x20/splits/new20x20_seed20269129_train600_test1000_case8_test.csv,CVaR,FPP-Branch-Benders-CVaR-ProjectedCoverageLLBI-exp-RootCuts,FPP-Branch-Benders,,cvar,0.9,1.0,coverage,exp,true,false,true,false,false,true,false,false,heuristic,0.10,eta-asc,true,true,100,100,1e-3,0,100000,1800,0.001,1,results/batch/fpp_new_instances_scaling_new20x20/splits,results/batch/fpp_new_instances_scaling_new20x20/workers/worker_048,results/batch/fpp_new_instances_scaling_new20x20/workers/worker_048/batch_results_worker_048.csv,results/batch/fpp_new_instances_scaling_new20x20/workers/worker_048/json/worker_048_task_006.json,results/batch/fpp_new_instances_scaling_new20x20/workers/worker_048/solutions,new20x20_case08_train600_test1000_alpha0p02_fpp_branch_benders_cvar_projectedcoveragellbi_exp_rootcuts,run-fpp-branch-benders-oos
worker_048_task_007,worker_048,case08,8,20260529,20269129,20269129,new20x20,20x20,shortest_path,400,,not_checked,,,new20x20,new_instances/20x20,new_instances/20x20,0.02,600,1000,1,9000,9001,10000,true,results/batch/fpp_new_instances_scaling_new20x20/splits/new20x20_seed20269129_train600_test1000_case8_train.csv,results/batch/fpp_new_instances_scaling_new20x20/splits/new20x20_seed20269129_train600_test1000_case8_test.csv,CVaR,FPP-Branch-Benders-CVaR-ProjectedPathLLBI-exp-RootCuts,FPP-Branch-Benders,,cvar,0.9,1.0,path,exp,true,false,true,false,false,false,true,false,heuristic,0.10,eta-asc,true,true,100,100,1e-3,0,100000,1800,0.001,1,results/batch/fpp_new_instances_scaling_new20x20/splits,results/batch/fpp_new_instances_scaling_new20x20/workers/worker_048,results/batch/fpp_new_instances_scaling_new20x20/workers/worker_048/batch_results_worker_048.csv,results/batch/fpp_new_instances_scaling_new20x20/workers/worker_048/json/worker_048_task_007.json,results/batch/fpp_new_instances_scaling_new20x20/workers/worker_048/solutions,new20x20_case08_train600_test1000_alpha0p02_fpp_branch_benders_cvar_projectedpathllbi_exp_rootcuts,run-fpp-branch-benders-oos
worker_048_task_008,worker_048,case08,8,20260529,20269129,20269129,new20x20,20x20,shortest_path,400,,not_checked,,,new20x20,new_instances/20x20,new_instances/20x20,0.02,600,1000,1,9000,9001,10000,true,results/batch/fpp_new_instances_scaling_new20x20/splits/new20x20_seed20269129_train600_test1000_case8_train.csv,results/batch/fpp_new_instances_scaling_new20x20/splits/new20x20_seed20269129_train600_test1000_case8_test.csv,MeanCVaR,FPP-Branch-Benders-MeanCVaR-RootCuts,FPP-Branch-Benders,,mean-cvar,0.9,0.5,none,none,true,false,false,false,false,false,false,false,heuristic,0.10,eta-asc,true,true,100,100,1e-3,0,100000,1800,0.001,1,results/batch/fpp_new_instances_scaling_new20x20/splits,results/batch/fpp_new_instances_scaling_new20x20/workers/worker_048,results/batch/fpp_new_instances_scaling_new20x20/workers/worker_048/batch_results_worker_048.csv,results/batch/fpp_new_instances_scaling_new20x20/workers/worker_048/json/worker_048_task_008.json,results/batch/fpp_new_instances_scaling_new20x20/workers/worker_048/solutions,new20x20_case08_train600_test1000_alpha0p02_fpp_branch_benders_meancvar_rootcuts,run-fpp-branch-benders-oos
worker_048_task_009,worker_048,case08,8,20260529,20269129,20269129,new20x20,20x20,shortest_path,400,,not_checked,,,new20x20,new_instances/20x20,new_instances/20x20,0.02,600,1000,1,9000,9001,10000,true,results/batch/fpp_new_instances_scaling_new20x20/splits/new20x20_seed20269129_train600_test1000_case8_train.csv,results/batch/fpp_new_instances_scaling_new20x20/splits/new20x20_seed20269129_train600_test1000_case8_test.csv,MeanCVaR,FPP-Branch-Benders-MeanCVaR-LLBI-RootCuts,FPP-Branch-Benders,,mean-cvar,0.9,0.5,none,none,true,true,false,false,false,false,false,false,heuristic,0.10,eta-asc,true,true,100,100,1e-3,0,100000,1800,0.001,1,results/batch/fpp_new_instances_scaling_new20x20/splits,results/batch/fpp_new_instances_scaling_new20x20/workers/worker_048,results/batch/fpp_new_instances_scaling_new20x20/workers/worker_048/batch_results_worker_048.csv,results/batch/fpp_new_instances_scaling_new20x20/workers/worker_048/json/worker_048_task_009.json,results/batch/fpp_new_instances_scaling_new20x20/workers/worker_048/solutions,new20x20_case08_train600_test1000_alpha0p02_fpp_branch_benders_meancvar_llbi_rootcuts,run-fpp-branch-benders-oos
worker_048_task_010,worker_048,case08,8,20260529,20269129,20269129,new20x20,20x20,shortest_path,400,,not_checked,,,new20x20,new_instances/20x20,new_instances/20x20,0.02,600,1000,1,9000,9001,10000,true,results/batch/fpp_new_instances_scaling_new20x20/splits/new20x20_seed20269129_train600_test1000_case8_train.csv,results/batch/fpp_new_instances_scaling_new20x20/splits/new20x20_seed20269129_train600_test1000_case8_test.csv,MeanCVaR,FPP-Branch-Benders-MeanCVaR-ProjectedCoverageLLBI-exp-RootCuts,FPP-Branch-Benders,,mean-cvar,0.9,0.5,coverage,exp,true,false,true,false,false,true,false,false,heuristic,0.10,eta-asc,true,true,100,100,1e-3,0,100000,1800,0.001,1,results/batch/fpp_new_instances_scaling_new20x20/splits,results/batch/fpp_new_instances_scaling_new20x20/workers/worker_048,results/batch/fpp_new_instances_scaling_new20x20/workers/worker_048/batch_results_worker_048.csv,results/batch/fpp_new_instances_scaling_new20x20/workers/worker_048/json/worker_048_task_010.json,results/batch/fpp_new_instances_scaling_new20x20/workers/worker_048/solutions,new20x20_case08_train600_test1000_alpha0p02_fpp_branch_benders_meancvar_projectedcoveragellbi_exp_rootcuts,run-fpp-branch-benders-oos
worker_048_task_011,worker_048,case08,8,20260529,20269129,20269129,new20x20,20x20,shortest_path,400,,not_checked,,,new20x20,new_instances/20x20,new_instances/20x20,0.02,600,1000,1,9000,9001,10000,true,results/batch/fpp_new_instances_scaling_new20x20/splits/new20x20_seed20269129_train600_test1000_case8_train.csv,results/batch/fpp_new_instances_scaling_new20x20/splits/new20x20_seed20269129_train600_test1000_case8_test.csv,MeanCVaR,FPP-Branch-Benders-MeanCVaR-ProjectedPathLLBI-exp-RootCuts,FPP-Branch-Benders,,mean-cvar,0.9,0.5,path,exp,true,false,true,false,false,false,true,false,heuristic,0.10,eta-asc,true,true,100,100,1e-3,0,100000,1800,0.001,1,results/batch/fpp_new_instances_scaling_new20x20/splits,results/batch/fpp_new_instances_scaling_new20x20/workers/worker_048,results/batch/fpp_new_instances_scaling_new20x20/workers/worker_048/batch_results_worker_048.csv,results/batch/fpp_new_instances_scaling_new20x20/workers/worker_048/json/worker_048_task_011.json,results/batch/fpp_new_instances_scaling_new20x20/workers/worker_048/solutions,new20x20_case08_train600_test1000_alpha0p02_fpp_branch_benders_meancvar_projectedpathllbi_exp_rootcuts,run-fpp-branch-benders-oos
worker_049_task_000,worker_049,case09,9,20260529,20270129,20270129,new20x20,20x20,shortest_path,400,,not_checked,,,new20x20,new_instances/20x20,new_instances/20x20,0.02,600,1000,1,9000,9001,10000,true,results/batch/fpp_new_instances_scaling_new20x20/splits/new20x20_seed20270129_train600_test1000_case9_train.csv,results/batch/fpp_new_instances_scaling_new20x20/splits/new20x20_seed20270129_train600_test1000_case9_test.csv,MeanCVaR,FPP-SAA-MeanCVaR,FPP-SAA,fpp_base,mean-cvar,0.9,0.5,none,none,false,false,false,false,false,false,false,false,heuristic,0.10,eta-asc,true,true,100,100,1e-3,0,100000,1800,0.001,1,results/batch/fpp_new_instances_scaling_new20x20/splits,results/batch/fpp_new_instances_scaling_new20x20/workers/worker_049,results/batch/fpp_new_instances_scaling_new20x20/workers/worker_049/batch_results_worker_049.csv,results/batch/fpp_new_instances_scaling_new20x20/workers/worker_049/json/worker_049_task_000.json,results/batch/fpp_new_instances_scaling_new20x20/workers/worker_049/solutions,new20x20_case09_train600_test1000_alpha0p02_fpp_saa_meancvar,run-fpp-saa-oos
worker_049_task_001,worker_049,case09,9,20260529,20270129,20270129,new20x20,20x20,shortest_path,400,,not_checked,,,new20x20,new_instances/20x20,new_instances/20x20,0.02,600,1000,1,9000,9001,10000,true,results/batch/fpp_new_instances_scaling_new20x20/splits/new20x20_seed20270129_train600_test1000_case9_train.csv,results/batch/fpp_new_instances_scaling_new20x20/splits/new20x20_seed20270129_train600_test1000_case9_test.csv,Expected,FPP-Branch-Benders-LLBI-RootCuts,FPP-Branch-Benders,,expected,0.9,1.0,none,none,true,true,false,false,false,false,false,false,heuristic,0.10,eta-asc,true,true,100,100,1e-3,0,100000,1800,0.001,1,results/batch/fpp_new_instances_scaling_new20x20/splits,results/batch/fpp_new_instances_scaling_new20x20/workers/worker_049,results/batch/fpp_new_instances_scaling_new20x20/workers/worker_049/batch_results_worker_049.csv,results/batch/fpp_new_instances_scaling_new20x20/workers/worker_049/json/worker_049_task_001.json,results/batch/fpp_new_instances_scaling_new20x20/workers/worker_049/solutions,new20x20_case09_train600_test1000_alpha0p02_fpp_branch_benders_llbi_rootcuts,run-fpp-branch-benders-oos
worker_049_task_002,worker_049,case09,9,20260529,20270129,20270129,new20x20,20x20,shortest_path,400,,not_checked,,,new20x20,new_instances/20x20,new_instances/20x20,0.02,600,1000,1,9000,9001,10000,true,results/batch/fpp_new_instances_scaling_new20x20/splits/new20x20_seed20270129_train600_test1000_case9_train.csv,results/batch/fpp_new_instances_scaling_new20x20/splits/new20x20_seed20270129_train600_test1000_case9_test.csv,Expected,FPP-Branch-Benders-ProjectedCoverageLLBI-exp-RootCuts,FPP-Branch-Benders,,expected,0.9,1.0,coverage,exp,true,false,true,false,false,true,false,false,heuristic,0.10,eta-asc,true,true,100,100,1e-3,0,100000,1800,0.001,1,results/batch/fpp_new_instances_scaling_new20x20/splits,results/batch/fpp_new_instances_scaling_new20x20/workers/worker_049,results/batch/fpp_new_instances_scaling_new20x20/workers/worker_049/batch_results_worker_049.csv,results/batch/fpp_new_instances_scaling_new20x20/workers/worker_049/json/worker_049_task_002.json,results/batch/fpp_new_instances_scaling_new20x20/workers/worker_049/solutions,new20x20_case09_train600_test1000_alpha0p02_fpp_branch_benders_projectedcoveragellbi_exp_rootcuts,run-fpp-branch-benders-oos
worker_049_task_003,worker_049,case09,9,20260529,20270129,20270129,new20x20,20x20,shortest_path,400,,not_checked,,,new20x20,new_instances/20x20,new_instances/20x20,0.02,600,1000,1,9000,9001,10000,true,results/batch/fpp_new_instances_scaling_new20x20/splits/new20x20_seed20270129_train600_test1000_case9_train.csv,results/batch/fpp_new_instances_scaling_new20x20/splits/new20x20_seed20270129_train600_test1000_case9_test.csv,Expected,FPP-Branch-Benders-ProjectedPathLLBI-exp-RootCuts,FPP-Branch-Benders,,expected,0.9,1.0,path,exp,true,false,true,false,false,false,true,false,heuristic,0.10,eta-asc,true,true,100,100,1e-3,0,100000,1800,0.001,1,results/batch/fpp_new_instances_scaling_new20x20/splits,results/batch/fpp_new_instances_scaling_new20x20/workers/worker_049,results/batch/fpp_new_instances_scaling_new20x20/workers/worker_049/batch_results_worker_049.csv,results/batch/fpp_new_instances_scaling_new20x20/workers/worker_049/json/worker_049_task_003.json,results/batch/fpp_new_instances_scaling_new20x20/workers/worker_049/solutions,new20x20_case09_train600_test1000_alpha0p02_fpp_branch_benders_projectedpathllbi_exp_rootcuts,run-fpp-branch-benders-oos
worker_049_task_004,worker_049,case09,9,20260529,20270129,20270129,new20x20,20x20,shortest_path,400,,not_checked,,,new20x20,new_instances/20x20,new_instances/20x20,0.02,600,1000,1,9000,9001,10000,true,results/batch/fpp_new_instances_scaling_new20x20/splits/new20x20_seed20270129_train600_test1000_case9_train.csv,results/batch/fpp_new_instances_scaling_new20x20/splits/new20x20_seed20270129_train600_test1000_case9_test.csv,CVaR,FPP-Branch-Benders-CVaR-RootCuts,FPP-Branch-Benders,,cvar,0.9,1.0,none,none,true,false,false,false,false,false,false,false,heuristic,0.10,eta-asc,true,true,100,100,1e-3,0,100000,1800,0.001,1,results/batch/fpp_new_instances_scaling_new20x20/splits,results/batch/fpp_new_instances_scaling_new20x20/workers/worker_049,results/batch/fpp_new_instances_scaling_new20x20/workers/worker_049/batch_results_worker_049.csv,results/batch/fpp_new_instances_scaling_new20x20/workers/worker_049/json/worker_049_task_004.json,results/batch/fpp_new_instances_scaling_new20x20/workers/worker_049/solutions,new20x20_case09_train600_test1000_alpha0p02_fpp_branch_benders_cvar_rootcuts,run-fpp-branch-benders-oos
worker_049_task_005,worker_049,case09,9,20260529,20270129,20270129,new20x20,20x20,shortest_path,400,,not_checked,,,new20x20,new_instances/20x20,new_instances/20x20,0.02,600,1000,1,9000,9001,10000,true,results/batch/fpp_new_instances_scaling_new20x20/splits/new20x20_seed20270129_train600_test1000_case9_train.csv,results/batch/fpp_new_instances_scaling_new20x20/splits/new20x20_seed20270129_train600_test1000_case9_test.csv,CVaR,FPP-Branch-Benders-CVaR-LLBI-RootCuts,FPP-Branch-Benders,,cvar,0.9,1.0,none,none,true,true,false,false,false,false,false,false,heuristic,0.10,eta-asc,true,true,100,100,1e-3,0,100000,1800,0.001,1,results/batch/fpp_new_instances_scaling_new20x20/splits,results/batch/fpp_new_instances_scaling_new20x20/workers/worker_049,results/batch/fpp_new_instances_scaling_new20x20/workers/worker_049/batch_results_worker_049.csv,results/batch/fpp_new_instances_scaling_new20x20/workers/worker_049/json/worker_049_task_005.json,results/batch/fpp_new_instances_scaling_new20x20/workers/worker_049/solutions,new20x20_case09_train600_test1000_alpha0p02_fpp_branch_benders_cvar_llbi_rootcuts,run-fpp-branch-benders-oos
worker_049_task_006,worker_049,case09,9,20260529,20270129,20270129,new20x20,20x20,shortest_path,400,,not_checked,,,new20x20,new_instances/20x20,new_instances/20x20,0.02,600,1000,1,9000,9001,10000,true,results/batch/fpp_new_instances_scaling_new20x20/splits/new20x20_seed20270129_train600_test1000_case9_train.csv,results/batch/fpp_new_instances_scaling_new20x20/splits/new20x20_seed20270129_train600_test1000_case9_test.csv,CVaR,FPP-Branch-Benders-CVaR-ProjectedCoverageLLBI-exp-RootCuts,FPP-Branch-Benders,,cvar,0.9,1.0,coverage,exp,true,false,true,false,false,true,false,false,heuristic,0.10,eta-asc,true,true,100,100,1e-3,0,100000,1800,0.001,1,results/batch/fpp_new_instances_scaling_new20x20/splits,results/batch/fpp_new_instances_scaling_new20x20/workers/worker_049,results/batch/fpp_new_instances_scaling_new20x20/workers/worker_049/batch_results_worker_049.csv,results/batch/fpp_new_instances_scaling_new20x20/workers/worker_049/json/worker_049_task_006.json,results/batch/fpp_new_instances_scaling_new20x20/workers/worker_049/solutions,new20x20_case09_train600_test1000_alpha0p02_fpp_branch_benders_cvar_projectedcoveragellbi_exp_rootcuts,run-fpp-branch-benders-oos
worker_049_task_007,worker_049,case09,9,20260529,20270129,20270129,new20x20,20x20,shortest_path,400,,not_checked,,,new20x20,new_instances/20x20,new_instances/20x20,0.02,600,1000,1,9000,9001,10000,true,results/batch/fpp_new_instances_scaling_new20x20/splits/new20x20_seed20270129_train600_test1000_case9_train.csv,results/batch/fpp_new_instances_scaling_new20x20/splits/new20x20_seed20270129_train600_test1000_case9_test.csv,CVaR,FPP-Branch-Benders-CVaR-ProjectedPathLLBI-exp-RootCuts,FPP-Branch-Benders,,cvar,0.9,1.0,path,exp,true,false,true,false,false,false,true,false,heuristic,0.10,eta-asc,true,true,100,100,1e-3,0,100000,1800,0.001,1,results/batch/fpp_new_instances_scaling_new20x20/splits,results/batch/fpp_new_instances_scaling_new20x20/workers/worker_049,results/batch/fpp_new_instances_scaling_new20x20/workers/worker_049/batch_results_worker_049.csv,results/batch/fpp_new_instances_scaling_new20x20/workers/worker_049/json/worker_049_task_007.json,results/batch/fpp_new_instances_scaling_new20x20/workers/worker_049/solutions,new20x20_case09_train600_test1000_alpha0p02_fpp_branch_benders_cvar_projectedpathllbi_exp_rootcuts,run-fpp-branch-benders-oos
worker_049_task_008,worker_049,case09,9,20260529,20270129,20270129,new20x20,20x20,shortest_path,400,,not_checked,,,new20x20,new_instances/20x20,new_instances/20x20,0.02,600,1000,1,9000,9001,10000,true,results/batch/fpp_new_instances_scaling_new20x20/splits/new20x20_seed20270129_train600_test1000_case9_train.csv,results/batch/fpp_new_instances_scaling_new20x20/splits/new20x20_seed20270129_train600_test1000_case9_test.csv,MeanCVaR,FPP-Branch-Benders-MeanCVaR-RootCuts,FPP-Branch-Benders,,mean-cvar,0.9,0.5,none,none,true,false,false,false,false,false,false,false,heuristic,0.10,eta-asc,true,true,100,100,1e-3,0,100000,1800,0.001,1,results/batch/fpp_new_instances_scaling_new20x20/splits,results/batch/fpp_new_instances_scaling_new20x20/workers/worker_049,results/batch/fpp_new_instances_scaling_new20x20/workers/worker_049/batch_results_worker_049.csv,results/batch/fpp_new_instances_scaling_new20x20/workers/worker_049/json/worker_049_task_008.json,results/batch/fpp_new_instances_scaling_new20x20/workers/worker_049/solutions,new20x20_case09_train600_test1000_alpha0p02_fpp_branch_benders_meancvar_rootcuts,run-fpp-branch-benders-oos
worker_049_task_009,worker_049,case09,9,20260529,20270129,20270129,new20x20,20x20,shortest_path,400,,not_checked,,,new20x20,new_instances/20x20,new_instances/20x20,0.02,600,1000,1,9000,9001,10000,true,results/batch/fpp_new_instances_scaling_new20x20/splits/new20x20_seed20270129_train600_test1000_case9_train.csv,results/batch/fpp_new_instances_scaling_new20x20/splits/new20x20_seed20270129_train600_test1000_case9_test.csv,MeanCVaR,FPP-Branch-Benders-MeanCVaR-LLBI-RootCuts,FPP-Branch-Benders,,mean-cvar,0.9,0.5,none,none,true,true,false,false,false,false,false,false,heuristic,0.10,eta-asc,true,true,100,100,1e-3,0,100000,1800,0.001,1,results/batch/fpp_new_instances_scaling_new20x20/splits,results/batch/fpp_new_instances_scaling_new20x20/workers/worker_049,results/batch/fpp_new_instances_scaling_new20x20/workers/worker_049/batch_results_worker_049.csv,results/batch/fpp_new_instances_scaling_new20x20/workers/worker_049/json/worker_049_task_009.json,results/batch/fpp_new_instances_scaling_new20x20/workers/worker_049/solutions,new20x20_case09_train600_test1000_alpha0p02_fpp_branch_benders_meancvar_llbi_rootcuts,run-fpp-branch-benders-oos
worker_049_task_010,worker_049,case09,9,20260529,20270129,20270129,new20x20,20x20,shortest_path,400,,not_checked,,,new20x20,new_instances/20x20,new_instances/20x20,0.02,600,1000,1,9000,9001,10000,true,results/batch/fpp_new_instances_scaling_new20x20/splits/new20x20_seed20270129_train600_test1000_case9_train.csv,results/batch/fpp_new_instances_scaling_new20x20/splits/new20x20_seed20270129_train600_test1000_case9_test.csv,MeanCVaR,FPP-Branch-Benders-MeanCVaR-ProjectedCoverageLLBI-exp-RootCuts,FPP-Branch-Benders,,mean-cvar,0.9,0.5,coverage,exp,true,false,true,false,false,true,false,false,heuristic,0.10,eta-asc,true,true,100,100,1e-3,0,100000,1800,0.001,1,results/batch/fpp_new_instances_scaling_new20x20/splits,results/batch/fpp_new_instances_scaling_new20x20/workers/worker_049,results/batch/fpp_new_instances_scaling_new20x20/workers/worker_049/batch_results_worker_049.csv,results/batch/fpp_new_instances_scaling_new20x20/workers/worker_049/json/worker_049_task_010.json,results/batch/fpp_new_instances_scaling_new20x20/workers/worker_049/solutions,new20x20_case09_train600_test1000_alpha0p02_fpp_branch_benders_meancvar_projectedcoveragellbi_exp_rootcuts,run-fpp-branch-benders-oos
worker_049_task_011,worker_049,case09,9,20260529,20270129,20270129,new20x20,20x20,shortest_path,400,,not_checked,,,new20x20,new_instances/20x20,new_instances/20x20,0.02,600,1000,1,9000,9001,10000,true,results/batch/fpp_new_instances_scaling_new20x20/splits/new20x20_seed20270129_train600_test1000_case9_train.csv,results/batch/fpp_new_instances_scaling_new20x20/splits/new20x20_seed20270129_train600_test1000_case9_test.csv,MeanCVaR,FPP-Branch-Benders-MeanCVaR-ProjectedPathLLBI-exp-RootCuts,FPP-Branch-Benders,,mean-cvar,0.9,0.5,path,exp,true,false,true,false,false,false,true,false,heuristic,0.10,eta-asc,true,true,100,100,1e-3,0,100000,1800,0.001,1,results/batch/fpp_new_instances_scaling_new20x20/splits,results/batch/fpp_new_instances_scaling_new20x20/workers/worker_049,results/batch/fpp_new_instances_scaling_new20x20/workers/worker_049/batch_results_worker_049.csv,results/batch/fpp_new_instances_scaling_new20x20/workers/worker_049/json/worker_049_task_011.json,results/batch/fpp_new_instances_scaling_new20x20/workers/worker_049/solutions,new20x20_case09_train600_test1000_alpha0p02_fpp_branch_benders_meancvar_projectedpathllbi_exp_rootcuts,run-fpp-branch-benders-oos
worker_050_task_000,worker_050,case00,0,20260529,20261129,20261129,new20x20,20x20,shortest_path,400,,not_checked,,,new20x20,new_instances/20x20,new_instances/20x20,0.03,600,1000,1,9000,9001,10000,true,results/batch/fpp_new_instances_scaling_new20x20/splits/new20x20_seed20261129_train600_test1000_case0_train.csv,results/batch/fpp_new_instances_scaling_new20x20/splits/new20x20_seed20261129_train600_test1000_case0_test.csv,MeanCVaR,FPP-SAA-MeanCVaR,FPP-SAA,fpp_base,mean-cvar,0.9,0.5,none,none,false,false,false,false,false,false,false,false,heuristic,0.10,eta-asc,true,true,100,100,1e-3,0,100000,1800,0.001,1,results/batch/fpp_new_instances_scaling_new20x20/splits,results/batch/fpp_new_instances_scaling_new20x20/workers/worker_050,results/batch/fpp_new_instances_scaling_new20x20/workers/worker_050/batch_results_worker_050.csv,results/batch/fpp_new_instances_scaling_new20x20/workers/worker_050/json/worker_050_task_000.json,results/batch/fpp_new_instances_scaling_new20x20/workers/worker_050/solutions,new20x20_case00_train600_test1000_alpha0p03_fpp_saa_meancvar,run-fpp-saa-oos
worker_050_task_001,worker_050,case00,0,20260529,20261129,20261129,new20x20,20x20,shortest_path,400,,not_checked,,,new20x20,new_instances/20x20,new_instances/20x20,0.03,600,1000,1,9000,9001,10000,true,results/batch/fpp_new_instances_scaling_new20x20/splits/new20x20_seed20261129_train600_test1000_case0_train.csv,results/batch/fpp_new_instances_scaling_new20x20/splits/new20x20_seed20261129_train600_test1000_case0_test.csv,Expected,FPP-Branch-Benders-LLBI-RootCuts,FPP-Branch-Benders,,expected,0.9,1.0,none,none,true,true,false,false,false,false,false,false,heuristic,0.10,eta-asc,true,true,100,100,1e-3,0,100000,1800,0.001,1,results/batch/fpp_new_instances_scaling_new20x20/splits,results/batch/fpp_new_instances_scaling_new20x20/workers/worker_050,results/batch/fpp_new_instances_scaling_new20x20/workers/worker_050/batch_results_worker_050.csv,results/batch/fpp_new_instances_scaling_new20x20/workers/worker_050/json/worker_050_task_001.json,results/batch/fpp_new_instances_scaling_new20x20/workers/worker_050/solutions,new20x20_case00_train600_test1000_alpha0p03_fpp_branch_benders_llbi_rootcuts,run-fpp-branch-benders-oos
worker_050_task_002,worker_050,case00,0,20260529,20261129,20261129,new20x20,20x20,shortest_path,400,,not_checked,,,new20x20,new_instances/20x20,new_instances/20x20,0.03,600,1000,1,9000,9001,10000,true,results/batch/fpp_new_instances_scaling_new20x20/splits/new20x20_seed20261129_train600_test1000_case0_train.csv,results/batch/fpp_new_instances_scaling_new20x20/splits/new20x20_seed20261129_train600_test1000_case0_test.csv,Expected,FPP-Branch-Benders-ProjectedCoverageLLBI-exp-RootCuts,FPP-Branch-Benders,,expected,0.9,1.0,coverage,exp,true,false,true,false,false,true,false,false,heuristic,0.10,eta-asc,true,true,100,100,1e-3,0,100000,1800,0.001,1,results/batch/fpp_new_instances_scaling_new20x20/splits,results/batch/fpp_new_instances_scaling_new20x20/workers/worker_050,results/batch/fpp_new_instances_scaling_new20x20/workers/worker_050/batch_results_worker_050.csv,results/batch/fpp_new_instances_scaling_new20x20/workers/worker_050/json/worker_050_task_002.json,results/batch/fpp_new_instances_scaling_new20x20/workers/worker_050/solutions,new20x20_case00_train600_test1000_alpha0p03_fpp_branch_benders_projectedcoveragellbi_exp_rootcuts,run-fpp-branch-benders-oos
worker_050_task_003,worker_050,case00,0,20260529,20261129,20261129,new20x20,20x20,shortest_path,400,,not_checked,,,new20x20,new_instances/20x20,new_instances/20x20,0.03,600,1000,1,9000,9001,10000,true,results/batch/fpp_new_instances_scaling_new20x20/splits/new20x20_seed20261129_train600_test1000_case0_train.csv,results/batch/fpp_new_instances_scaling_new20x20/splits/new20x20_seed20261129_train600_test1000_case0_test.csv,Expected,FPP-Branch-Benders-ProjectedPathLLBI-exp-RootCuts,FPP-Branch-Benders,,expected,0.9,1.0,path,exp,true,false,true,false,false,false,true,false,heuristic,0.10,eta-asc,true,true,100,100,1e-3,0,100000,1800,0.001,1,results/batch/fpp_new_instances_scaling_new20x20/splits,results/batch/fpp_new_instances_scaling_new20x20/workers/worker_050,results/batch/fpp_new_instances_scaling_new20x20/workers/worker_050/batch_results_worker_050.csv,results/batch/fpp_new_instances_scaling_new20x20/workers/worker_050/json/worker_050_task_003.json,results/batch/fpp_new_instances_scaling_new20x20/workers/worker_050/solutions,new20x20_case00_train600_test1000_alpha0p03_fpp_branch_benders_projectedpathllbi_exp_rootcuts,run-fpp-branch-benders-oos
worker_050_task_004,worker_050,case00,0,20260529,20261129,20261129,new20x20,20x20,shortest_path,400,,not_checked,,,new20x20,new_instances/20x20,new_instances/20x20,0.03,600,1000,1,9000,9001,10000,true,results/batch/fpp_new_instances_scaling_new20x20/splits/new20x20_seed20261129_train600_test1000_case0_train.csv,results/batch/fpp_new_instances_scaling_new20x20/splits/new20x20_seed20261129_train600_test1000_case0_test.csv,CVaR,FPP-Branch-Benders-CVaR-RootCuts,FPP-Branch-Benders,,cvar,0.9,1.0,none,none,true,false,false,false,false,false,false,false,heuristic,0.10,eta-asc,true,true,100,100,1e-3,0,100000,1800,0.001,1,results/batch/fpp_new_instances_scaling_new20x20/splits,results/batch/fpp_new_instances_scaling_new20x20/workers/worker_050,results/batch/fpp_new_instances_scaling_new20x20/workers/worker_050/batch_results_worker_050.csv,results/batch/fpp_new_instances_scaling_new20x20/workers/worker_050/json/worker_050_task_004.json,results/batch/fpp_new_instances_scaling_new20x20/workers/worker_050/solutions,new20x20_case00_train600_test1000_alpha0p03_fpp_branch_benders_cvar_rootcuts,run-fpp-branch-benders-oos
worker_050_task_005,worker_050,case00,0,20260529,20261129,20261129,new20x20,20x20,shortest_path,400,,not_checked,,,new20x20,new_instances/20x20,new_instances/20x20,0.03,600,1000,1,9000,9001,10000,true,results/batch/fpp_new_instances_scaling_new20x20/splits/new20x20_seed20261129_train600_test1000_case0_train.csv,results/batch/fpp_new_instances_scaling_new20x20/splits/new20x20_seed20261129_train600_test1000_case0_test.csv,CVaR,FPP-Branch-Benders-CVaR-LLBI-RootCuts,FPP-Branch-Benders,,cvar,0.9,1.0,none,none,true,true,false,false,false,false,false,false,heuristic,0.10,eta-asc,true,true,100,100,1e-3,0,100000,1800,0.001,1,results/batch/fpp_new_instances_scaling_new20x20/splits,results/batch/fpp_new_instances_scaling_new20x20/workers/worker_050,results/batch/fpp_new_instances_scaling_new20x20/workers/worker_050/batch_results_worker_050.csv,results/batch/fpp_new_instances_scaling_new20x20/workers/worker_050/json/worker_050_task_005.json,results/batch/fpp_new_instances_scaling_new20x20/workers/worker_050/solutions,new20x20_case00_train600_test1000_alpha0p03_fpp_branch_benders_cvar_llbi_rootcuts,run-fpp-branch-benders-oos
worker_050_task_006,worker_050,case00,0,20260529,20261129,20261129,new20x20,20x20,shortest_path,400,,not_checked,,,new20x20,new_instances/20x20,new_instances/20x20,0.03,600,1000,1,9000,9001,10000,true,results/batch/fpp_new_instances_scaling_new20x20/splits/new20x20_seed20261129_train600_test1000_case0_train.csv,results/batch/fpp_new_instances_scaling_new20x20/splits/new20x20_seed20261129_train600_test1000_case0_test.csv,CVaR,FPP-Branch-Benders-CVaR-ProjectedCoverageLLBI-exp-RootCuts,FPP-Branch-Benders,,cvar,0.9,1.0,coverage,exp,true,false,true,false,false,true,false,false,heuristic,0.10,eta-asc,true,true,100,100,1e-3,0,100000,1800,0.001,1,results/batch/fpp_new_instances_scaling_new20x20/splits,results/batch/fpp_new_instances_scaling_new20x20/workers/worker_050,results/batch/fpp_new_instances_scaling_new20x20/workers/worker_050/batch_results_worker_050.csv,results/batch/fpp_new_instances_scaling_new20x20/workers/worker_050/json/worker_050_task_006.json,results/batch/fpp_new_instances_scaling_new20x20/workers/worker_050/solutions,new20x20_case00_train600_test1000_alpha0p03_fpp_branch_benders_cvar_projectedcoveragellbi_exp_rootcuts,run-fpp-branch-benders-oos
worker_050_task_007,worker_050,case00,0,20260529,20261129,20261129,new20x20,20x20,shortest_path,400,,not_checked,,,new20x20,new_instances/20x20,new_instances/20x20,0.03,600,1000,1,9000,9001,10000,true,results/batch/fpp_new_instances_scaling_new20x20/splits/new20x20_seed20261129_train600_test1000_case0_train.csv,results/batch/fpp_new_instances_scaling_new20x20/splits/new20x20_seed20261129_train600_test1000_case0_test.csv,CVaR,FPP-Branch-Benders-CVaR-ProjectedPathLLBI-exp-RootCuts,FPP-Branch-Benders,,cvar,0.9,1.0,path,exp,true,false,true,false,false,false,true,false,heuristic,0.10,eta-asc,true,true,100,100,1e-3,0,100000,1800,0.001,1,results/batch/fpp_new_instances_scaling_new20x20/splits,results/batch/fpp_new_instances_scaling_new20x20/workers/worker_050,results/batch/fpp_new_instances_scaling_new20x20/workers/worker_050/batch_results_worker_050.csv,results/batch/fpp_new_instances_scaling_new20x20/workers/worker_050/json/worker_050_task_007.json,results/batch/fpp_new_instances_scaling_new20x20/workers/worker_050/solutions,new20x20_case00_train600_test1000_alpha0p03_fpp_branch_benders_cvar_projectedpathllbi_exp_rootcuts,run-fpp-branch-benders-oos
worker_050_task_008,worker_050,case00,0,20260529,20261129,20261129,new20x20,20x20,shortest_path,400,,not_checked,,,new20x20,new_instances/20x20,new_instances/20x20,0.03,600,1000,1,9000,9001,10000,true,results/batch/fpp_new_instances_scaling_new20x20/splits/new20x20_seed20261129_train600_test1000_case0_train.csv,results/batch/fpp_new_instances_scaling_new20x20/splits/new20x20_seed20261129_train600_test1000_case0_test.csv,MeanCVaR,FPP-Branch-Benders-MeanCVaR-RootCuts,FPP-Branch-Benders,,mean-cvar,0.9,0.5,none,none,true,false,false,false,false,false,false,false,heuristic,0.10,eta-asc,true,true,100,100,1e-3,0,100000,1800,0.001,1,results/batch/fpp_new_instances_scaling_new20x20/splits,results/batch/fpp_new_instances_scaling_new20x20/workers/worker_050,results/batch/fpp_new_instances_scaling_new20x20/workers/worker_050/batch_results_worker_050.csv,results/batch/fpp_new_instances_scaling_new20x20/workers/worker_050/json/worker_050_task_008.json,results/batch/fpp_new_instances_scaling_new20x20/workers/worker_050/solutions,new20x20_case00_train600_test1000_alpha0p03_fpp_branch_benders_meancvar_rootcuts,run-fpp-branch-benders-oos
worker_050_task_009,worker_050,case00,0,20260529,20261129,20261129,new20x20,20x20,shortest_path,400,,not_checked,,,new20x20,new_instances/20x20,new_instances/20x20,0.03,600,1000,1,9000,9001,10000,true,results/batch/fpp_new_instances_scaling_new20x20/splits/new20x20_seed20261129_train600_test1000_case0_train.csv,results/batch/fpp_new_instances_scaling_new20x20/splits/new20x20_seed20261129_train600_test1000_case0_test.csv,MeanCVaR,FPP-Branch-Benders-MeanCVaR-LLBI-RootCuts,FPP-Branch-Benders,,mean-cvar,0.9,0.5,none,none,true,true,false,false,false,false,false,false,heuristic,0.10,eta-asc,true,true,100,100,1e-3,0,100000,1800,0.001,1,results/batch/fpp_new_instances_scaling_new20x20/splits,results/batch/fpp_new_instances_scaling_new20x20/workers/worker_050,results/batch/fpp_new_instances_scaling_new20x20/workers/worker_050/batch_results_worker_050.csv,results/batch/fpp_new_instances_scaling_new20x20/workers/worker_050/json/worker_050_task_009.json,results/batch/fpp_new_instances_scaling_new20x20/workers/worker_050/solutions,new20x20_case00_train600_test1000_alpha0p03_fpp_branch_benders_meancvar_llbi_rootcuts,run-fpp-branch-benders-oos
worker_050_task_010,worker_050,case00,0,20260529,20261129,20261129,new20x20,20x20,shortest_path,400,,not_checked,,,new20x20,new_instances/20x20,new_instances/20x20,0.03,600,1000,1,9000,9001,10000,true,results/batch/fpp_new_instances_scaling_new20x20/splits/new20x20_seed20261129_train600_test1000_case0_train.csv,results/batch/fpp_new_instances_scaling_new20x20/splits/new20x20_seed20261129_train600_test1000_case0_test.csv,MeanCVaR,FPP-Branch-Benders-MeanCVaR-ProjectedCoverageLLBI-exp-RootCuts,FPP-Branch-Benders,,mean-cvar,0.9,0.5,coverage,exp,true,false,true,false,false,true,false,false,heuristic,0.10,eta-asc,true,true,100,100,1e-3,0,100000,1800,0.001,1,results/batch/fpp_new_instances_scaling_new20x20/splits,results/batch/fpp_new_instances_scaling_new20x20/workers/worker_050,results/batch/fpp_new_instances_scaling_new20x20/workers/worker_050/batch_results_worker_050.csv,results/batch/fpp_new_instances_scaling_new20x20/workers/worker_050/json/worker_050_task_010.json,results/batch/fpp_new_instances_scaling_new20x20/workers/worker_050/solutions,new20x20_case00_train600_test1000_alpha0p03_fpp_branch_benders_meancvar_projectedcoveragellbi_exp_rootcuts,run-fpp-branch-benders-oos
worker_050_task_011,worker_050,case00,0,20260529,20261129,20261129,new20x20,20x20,shortest_path,400,,not_checked,,,new20x20,new_instances/20x20,new_instances/20x20,0.03,600,1000,1,9000,9001,10000,true,results/batch/fpp_new_instances_scaling_new20x20/splits/new20x20_seed20261129_train600_test1000_case0_train.csv,results/batch/fpp_new_instances_scaling_new20x20/splits/new20x20_seed20261129_train600_test1000_case0_test.csv,MeanCVaR,FPP-Branch-Benders-MeanCVaR-ProjectedPathLLBI-exp-RootCuts,FPP-Branch-Benders,,mean-cvar,0.9,0.5,path,exp,true,false,true,false,false,false,true,false,heuristic,0.10,eta-asc,true,true,100,100,1e-3,0,100000,1800,0.001,1,results/batch/fpp_new_instances_scaling_new20x20/splits,results/batch/fpp_new_instances_scaling_new20x20/workers/worker_050,results/batch/fpp_new_instances_scaling_new20x20/workers/worker_050/batch_results_worker_050.csv,results/batch/fpp_new_instances_scaling_new20x20/workers/worker_050/json/worker_050_task_011.json,results/batch/fpp_new_instances_scaling_new20x20/workers/worker_050/solutions,new20x20_case00_train600_test1000_alpha0p03_fpp_branch_benders_meancvar_projectedpathllbi_exp_rootcuts,run-fpp-branch-benders-oos
worker_051_task_000,worker_051,case01,1,20260529,20262129,20262129,new20x20,20x20,shortest_path,400,,not_checked,,,new20x20,new_instances/20x20,new_instances/20x20,0.03,600,1000,1,9000,9001,10000,true,results/batch/fpp_new_instances_scaling_new20x20/splits/new20x20_seed20262129_train600_test1000_case1_train.csv,results/batch/fpp_new_instances_scaling_new20x20/splits/new20x20_seed20262129_train600_test1000_case1_test.csv,MeanCVaR,FPP-SAA-MeanCVaR,FPP-SAA,fpp_base,mean-cvar,0.9,0.5,none,none,false,false,false,false,false,false,false,false,heuristic,0.10,eta-asc,true,true,100,100,1e-3,0,100000,1800,0.001,1,results/batch/fpp_new_instances_scaling_new20x20/splits,results/batch/fpp_new_instances_scaling_new20x20/workers/worker_051,results/batch/fpp_new_instances_scaling_new20x20/workers/worker_051/batch_results_worker_051.csv,results/batch/fpp_new_instances_scaling_new20x20/workers/worker_051/json/worker_051_task_000.json,results/batch/fpp_new_instances_scaling_new20x20/workers/worker_051/solutions,new20x20_case01_train600_test1000_alpha0p03_fpp_saa_meancvar,run-fpp-saa-oos
worker_051_task_001,worker_051,case01,1,20260529,20262129,20262129,new20x20,20x20,shortest_path,400,,not_checked,,,new20x20,new_instances/20x20,new_instances/20x20,0.03,600,1000,1,9000,9001,10000,true,results/batch/fpp_new_instances_scaling_new20x20/splits/new20x20_seed20262129_train600_test1000_case1_train.csv,results/batch/fpp_new_instances_scaling_new20x20/splits/new20x20_seed20262129_train600_test1000_case1_test.csv,Expected,FPP-Branch-Benders-LLBI-RootCuts,FPP-Branch-Benders,,expected,0.9,1.0,none,none,true,true,false,false,false,false,false,false,heuristic,0.10,eta-asc,true,true,100,100,1e-3,0,100000,1800,0.001,1,results/batch/fpp_new_instances_scaling_new20x20/splits,results/batch/fpp_new_instances_scaling_new20x20/workers/worker_051,results/batch/fpp_new_instances_scaling_new20x20/workers/worker_051/batch_results_worker_051.csv,results/batch/fpp_new_instances_scaling_new20x20/workers/worker_051/json/worker_051_task_001.json,results/batch/fpp_new_instances_scaling_new20x20/workers/worker_051/solutions,new20x20_case01_train600_test1000_alpha0p03_fpp_branch_benders_llbi_rootcuts,run-fpp-branch-benders-oos
worker_051_task_002,worker_051,case01,1,20260529,20262129,20262129,new20x20,20x20,shortest_path,400,,not_checked,,,new20x20,new_instances/20x20,new_instances/20x20,0.03,600,1000,1,9000,9001,10000,true,results/batch/fpp_new_instances_scaling_new20x20/splits/new20x20_seed20262129_train600_test1000_case1_train.csv,results/batch/fpp_new_instances_scaling_new20x20/splits/new20x20_seed20262129_train600_test1000_case1_test.csv,Expected,FPP-Branch-Benders-ProjectedCoverageLLBI-exp-RootCuts,FPP-Branch-Benders,,expected,0.9,1.0,coverage,exp,true,false,true,false,false,true,false,false,heuristic,0.10,eta-asc,true,true,100,100,1e-3,0,100000,1800,0.001,1,results/batch/fpp_new_instances_scaling_new20x20/splits,results/batch/fpp_new_instances_scaling_new20x20/workers/worker_051,results/batch/fpp_new_instances_scaling_new20x20/workers/worker_051/batch_results_worker_051.csv,results/batch/fpp_new_instances_scaling_new20x20/workers/worker_051/json/worker_051_task_002.json,results/batch/fpp_new_instances_scaling_new20x20/workers/worker_051/solutions,new20x20_case01_train600_test1000_alpha0p03_fpp_branch_benders_projectedcoveragellbi_exp_rootcuts,run-fpp-branch-benders-oos
worker_051_task_003,worker_051,case01,1,20260529,20262129,20262129,new20x20,20x20,shortest_path,400,,not_checked,,,new20x20,new_instances/20x20,new_instances/20x20,0.03,600,1000,1,9000,9001,10000,true,results/batch/fpp_new_instances_scaling_new20x20/splits/new20x20_seed20262129_train600_test1000_case1_train.csv,results/batch/fpp_new_instances_scaling_new20x20/splits/new20x20_seed20262129_train600_test1000_case1_test.csv,Expected,FPP-Branch-Benders-ProjectedPathLLBI-exp-RootCuts,FPP-Branch-Benders,,expected,0.9,1.0,path,exp,true,false,true,false,false,false,true,false,heuristic,0.10,eta-asc,true,true,100,100,1e-3,0,100000,1800,0.001,1,results/batch/fpp_new_instances_scaling_new20x20/splits,results/batch/fpp_new_instances_scaling_new20x20/workers/worker_051,results/batch/fpp_new_instances_scaling_new20x20/workers/worker_051/batch_results_worker_051.csv,results/batch/fpp_new_instances_scaling_new20x20/workers/worker_051/json/worker_051_task_003.json,results/batch/fpp_new_instances_scaling_new20x20/workers/worker_051/solutions,new20x20_case01_train600_test1000_alpha0p03_fpp_branch_benders_projectedpathllbi_exp_rootcuts,run-fpp-branch-benders-oos
worker_051_task_004,worker_051,case01,1,20260529,20262129,20262129,new20x20,20x20,shortest_path,400,,not_checked,,,new20x20,new_instances/20x20,new_instances/20x20,0.03,600,1000,1,9000,9001,10000,true,results/batch/fpp_new_instances_scaling_new20x20/splits/new20x20_seed20262129_train600_test1000_case1_train.csv,results/batch/fpp_new_instances_scaling_new20x20/splits/new20x20_seed20262129_train600_test1000_case1_test.csv,CVaR,FPP-Branch-Benders-CVaR-RootCuts,FPP-Branch-Benders,,cvar,0.9,1.0,none,none,true,false,false,false,false,false,false,false,heuristic,0.10,eta-asc,true,true,100,100,1e-3,0,100000,1800,0.001,1,results/batch/fpp_new_instances_scaling_new20x20/splits,results/batch/fpp_new_instances_scaling_new20x20/workers/worker_051,results/batch/fpp_new_instances_scaling_new20x20/workers/worker_051/batch_results_worker_051.csv,results/batch/fpp_new_instances_scaling_new20x20/workers/worker_051/json/worker_051_task_004.json,results/batch/fpp_new_instances_scaling_new20x20/workers/worker_051/solutions,new20x20_case01_train600_test1000_alpha0p03_fpp_branch_benders_cvar_rootcuts,run-fpp-branch-benders-oos
worker_051_task_005,worker_051,case01,1,20260529,20262129,20262129,new20x20,20x20,shortest_path,400,,not_checked,,,new20x20,new_instances/20x20,new_instances/20x20,0.03,600,1000,1,9000,9001,10000,true,results/batch/fpp_new_instances_scaling_new20x20/splits/new20x20_seed20262129_train600_test1000_case1_train.csv,results/batch/fpp_new_instances_scaling_new20x20/splits/new20x20_seed20262129_train600_test1000_case1_test.csv,CVaR,FPP-Branch-Benders-CVaR-LLBI-RootCuts,FPP-Branch-Benders,,cvar,0.9,1.0,none,none,true,true,false,false,false,false,false,false,heuristic,0.10,eta-asc,true,true,100,100,1e-3,0,100000,1800,0.001,1,results/batch/fpp_new_instances_scaling_new20x20/splits,results/batch/fpp_new_instances_scaling_new20x20/workers/worker_051,results/batch/fpp_new_instances_scaling_new20x20/workers/worker_051/batch_results_worker_051.csv,results/batch/fpp_new_instances_scaling_new20x20/workers/worker_051/json/worker_051_task_005.json,results/batch/fpp_new_instances_scaling_new20x20/workers/worker_051/solutions,new20x20_case01_train600_test1000_alpha0p03_fpp_branch_benders_cvar_llbi_rootcuts,run-fpp-branch-benders-oos
worker_051_task_006,worker_051,case01,1,20260529,20262129,20262129,new20x20,20x20,shortest_path,400,,not_checked,,,new20x20,new_instances/20x20,new_instances/20x20,0.03,600,1000,1,9000,9001,10000,true,results/batch/fpp_new_instances_scaling_new20x20/splits/new20x20_seed20262129_train600_test1000_case1_train.csv,results/batch/fpp_new_instances_scaling_new20x20/splits/new20x20_seed20262129_train600_test1000_case1_test.csv,CVaR,FPP-Branch-Benders-CVaR-ProjectedCoverageLLBI-exp-RootCuts,FPP-Branch-Benders,,cvar,0.9,1.0,coverage,exp,true,false,true,false,false,true,false,false,heuristic,0.10,eta-asc,true,true,100,100,1e-3,0,100000,1800,0.001,1,results/batch/fpp_new_instances_scaling_new20x20/splits,results/batch/fpp_new_instances_scaling_new20x20/workers/worker_051,results/batch/fpp_new_instances_scaling_new20x20/workers/worker_051/batch_results_worker_051.csv,results/batch/fpp_new_instances_scaling_new20x20/workers/worker_051/json/worker_051_task_006.json,results/batch/fpp_new_instances_scaling_new20x20/workers/worker_051/solutions,new20x20_case01_train600_test1000_alpha0p03_fpp_branch_benders_cvar_projectedcoveragellbi_exp_rootcuts,run-fpp-branch-benders-oos
worker_051_task_007,worker_051,case01,1,20260529,20262129,20262129,new20x20,20x20,shortest_path,400,,not_checked,,,new20x20,new_instances/20x20,new_instances/20x20,0.03,600,1000,1,9000,9001,10000,true,results/batch/fpp_new_instances_scaling_new20x20/splits/new20x20_seed20262129_train600_test1000_case1_train.csv,results/batch/fpp_new_instances_scaling_new20x20/splits/new20x20_seed20262129_train600_test1000_case1_test.csv,CVaR,FPP-Branch-Benders-CVaR-ProjectedPathLLBI-exp-RootCuts,FPP-Branch-Benders,,cvar,0.9,1.0,path,exp,true,false,true,false,false,false,true,false,heuristic,0.10,eta-asc,true,true,100,100,1e-3,0,100000,1800,0.001,1,results/batch/fpp_new_instances_scaling_new20x20/splits,results/batch/fpp_new_instances_scaling_new20x20/workers/worker_051,results/batch/fpp_new_instances_scaling_new20x20/workers/worker_051/batch_results_worker_051.csv,results/batch/fpp_new_instances_scaling_new20x20/workers/worker_051/json/worker_051_task_007.json,results/batch/fpp_new_instances_scaling_new20x20/workers/worker_051/solutions,new20x20_case01_train600_test1000_alpha0p03_fpp_branch_benders_cvar_projectedpathllbi_exp_rootcuts,run-fpp-branch-benders-oos
worker_051_task_008,worker_051,case01,1,20260529,20262129,20262129,new20x20,20x20,shortest_path,400,,not_checked,,,new20x20,new_instances/20x20,new_instances/20x20,0.03,600,1000,1,9000,9001,10000,true,results/batch/fpp_new_instances_scaling_new20x20/splits/new20x20_seed20262129_train600_test1000_case1_train.csv,results/batch/fpp_new_instances_scaling_new20x20/splits/new20x20_seed20262129_train600_test1000_case1_test.csv,MeanCVaR,FPP-Branch-Benders-MeanCVaR-RootCuts,FPP-Branch-Benders,,mean-cvar,0.9,0.5,none,none,true,false,false,false,false,false,false,false,heuristic,0.10,eta-asc,true,true,100,100,1e-3,0,100000,1800,0.001,1,results/batch/fpp_new_instances_scaling_new20x20/splits,results/batch/fpp_new_instances_scaling_new20x20/workers/worker_051,results/batch/fpp_new_instances_scaling_new20x20/workers/worker_051/batch_results_worker_051.csv,results/batch/fpp_new_instances_scaling_new20x20/workers/worker_051/json/worker_051_task_008.json,results/batch/fpp_new_instances_scaling_new20x20/workers/worker_051/solutions,new20x20_case01_train600_test1000_alpha0p03_fpp_branch_benders_meancvar_rootcuts,run-fpp-branch-benders-oos
worker_051_task_009,worker_051,case01,1,20260529,20262129,20262129,new20x20,20x20,shortest_path,400,,not_checked,,,new20x20,new_instances/20x20,new_instances/20x20,0.03,600,1000,1,9000,9001,10000,true,results/batch/fpp_new_instances_scaling_new20x20/splits/new20x20_seed20262129_train600_test1000_case1_train.csv,results/batch/fpp_new_instances_scaling_new20x20/splits/new20x20_seed20262129_train600_test1000_case1_test.csv,MeanCVaR,FPP-Branch-Benders-MeanCVaR-LLBI-RootCuts,FPP-Branch-Benders,,mean-cvar,0.9,0.5,none,none,true,true,false,false,false,false,false,false,heuristic,0.10,eta-asc,true,true,100,100,1e-3,0,100000,1800,0.001,1,results/batch/fpp_new_instances_scaling_new20x20/splits,results/batch/fpp_new_instances_scaling_new20x20/workers/worker_051,results/batch/fpp_new_instances_scaling_new20x20/workers/worker_051/batch_results_worker_051.csv,results/batch/fpp_new_instances_scaling_new20x20/workers/worker_051/json/worker_051_task_009.json,results/batch/fpp_new_instances_scaling_new20x20/workers/worker_051/solutions,new20x20_case01_train600_test1000_alpha0p03_fpp_branch_benders_meancvar_llbi_rootcuts,run-fpp-branch-benders-oos
worker_051_task_010,worker_051,case01,1,20260529,20262129,20262129,new20x20,20x20,shortest_path,400,,not_checked,,,new20x20,new_instances/20x20,new_instances/20x20,0.03,600,1000,1,9000,9001,10000,true,results/batch/fpp_new_instances_scaling_new20x20/splits/new20x20_seed20262129_train600_test1000_case1_train.csv,results/batch/fpp_new_instances_scaling_new20x20/splits/new20x20_seed20262129_train600_test1000_case1_test.csv,MeanCVaR,FPP-Branch-Benders-MeanCVaR-ProjectedCoverageLLBI-exp-RootCuts,FPP-Branch-Benders,,mean-cvar,0.9,0.5,coverage,exp,true,false,true,false,false,true,false,false,heuristic,0.10,eta-asc,true,true,100,100,1e-3,0,100000,1800,0.001,1,results/batch/fpp_new_instances_scaling_new20x20/splits,results/batch/fpp_new_instances_scaling_new20x20/workers/worker_051,results/batch/fpp_new_instances_scaling_new20x20/workers/worker_051/batch_results_worker_051.csv,results/batch/fpp_new_instances_scaling_new20x20/workers/worker_051/json/worker_051_task_010.json,results/batch/fpp_new_instances_scaling_new20x20/workers/worker_051/solutions,new20x20_case01_train600_test1000_alpha0p03_fpp_branch_benders_meancvar_projectedcoveragellbi_exp_rootcuts,run-fpp-branch-benders-oos
worker_051_task_011,worker_051,case01,1,20260529,20262129,20262129,new20x20,20x20,shortest_path,400,,not_checked,,,new20x20,new_instances/20x20,new_instances/20x20,0.03,600,1000,1,9000,9001,10000,true,results/batch/fpp_new_instances_scaling_new20x20/splits/new20x20_seed20262129_train600_test1000_case1_train.csv,results/batch/fpp_new_instances_scaling_new20x20/splits/new20x20_seed20262129_train600_test1000_case1_test.csv,MeanCVaR,FPP-Branch-Benders-MeanCVaR-ProjectedPathLLBI-exp-RootCuts,FPP-Branch-Benders,,mean-cvar,0.9,0.5,path,exp,true,false,true,false,false,false,true,false,heuristic,0.10,eta-asc,true,true,100,100,1e-3,0,100000,1800,0.001,1,results/batch/fpp_new_instances_scaling_new20x20/splits,results/batch/fpp_new_instances_scaling_new20x20/workers/worker_051,results/batch/fpp_new_instances_scaling_new20x20/workers/worker_051/batch_results_worker_051.csv,results/batch/fpp_new_instances_scaling_new20x20/workers/worker_051/json/worker_051_task_011.json,results/batch/fpp_new_instances_scaling_new20x20/workers/worker_051/solutions,new20x20_case01_train600_test1000_alpha0p03_fpp_branch_benders_meancvar_projectedpathllbi_exp_rootcuts,run-fpp-branch-benders-oos
worker_052_task_000,worker_052,case02,2,20260529,20263129,20263129,new20x20,20x20,shortest_path,400,,not_checked,,,new20x20,new_instances/20x20,new_instances/20x20,0.03,600,1000,1,9000,9001,10000,true,results/batch/fpp_new_instances_scaling_new20x20/splits/new20x20_seed20263129_train600_test1000_case2_train.csv,results/batch/fpp_new_instances_scaling_new20x20/splits/new20x20_seed20263129_train600_test1000_case2_test.csv,MeanCVaR,FPP-SAA-MeanCVaR,FPP-SAA,fpp_base,mean-cvar,0.9,0.5,none,none,false,false,false,false,false,false,false,false,heuristic,0.10,eta-asc,true,true,100,100,1e-3,0,100000,1800,0.001,1,results/batch/fpp_new_instances_scaling_new20x20/splits,results/batch/fpp_new_instances_scaling_new20x20/workers/worker_052,results/batch/fpp_new_instances_scaling_new20x20/workers/worker_052/batch_results_worker_052.csv,results/batch/fpp_new_instances_scaling_new20x20/workers/worker_052/json/worker_052_task_000.json,results/batch/fpp_new_instances_scaling_new20x20/workers/worker_052/solutions,new20x20_case02_train600_test1000_alpha0p03_fpp_saa_meancvar,run-fpp-saa-oos
worker_052_task_001,worker_052,case02,2,20260529,20263129,20263129,new20x20,20x20,shortest_path,400,,not_checked,,,new20x20,new_instances/20x20,new_instances/20x20,0.03,600,1000,1,9000,9001,10000,true,results/batch/fpp_new_instances_scaling_new20x20/splits/new20x20_seed20263129_train600_test1000_case2_train.csv,results/batch/fpp_new_instances_scaling_new20x20/splits/new20x20_seed20263129_train600_test1000_case2_test.csv,Expected,FPP-Branch-Benders-LLBI-RootCuts,FPP-Branch-Benders,,expected,0.9,1.0,none,none,true,true,false,false,false,false,false,false,heuristic,0.10,eta-asc,true,true,100,100,1e-3,0,100000,1800,0.001,1,results/batch/fpp_new_instances_scaling_new20x20/splits,results/batch/fpp_new_instances_scaling_new20x20/workers/worker_052,results/batch/fpp_new_instances_scaling_new20x20/workers/worker_052/batch_results_worker_052.csv,results/batch/fpp_new_instances_scaling_new20x20/workers/worker_052/json/worker_052_task_001.json,results/batch/fpp_new_instances_scaling_new20x20/workers/worker_052/solutions,new20x20_case02_train600_test1000_alpha0p03_fpp_branch_benders_llbi_rootcuts,run-fpp-branch-benders-oos
worker_052_task_002,worker_052,case02,2,20260529,20263129,20263129,new20x20,20x20,shortest_path,400,,not_checked,,,new20x20,new_instances/20x20,new_instances/20x20,0.03,600,1000,1,9000,9001,10000,true,results/batch/fpp_new_instances_scaling_new20x20/splits/new20x20_seed20263129_train600_test1000_case2_train.csv,results/batch/fpp_new_instances_scaling_new20x20/splits/new20x20_seed20263129_train600_test1000_case2_test.csv,Expected,FPP-Branch-Benders-ProjectedCoverageLLBI-exp-RootCuts,FPP-Branch-Benders,,expected,0.9,1.0,coverage,exp,true,false,true,false,false,true,false,false,heuristic,0.10,eta-asc,true,true,100,100,1e-3,0,100000,1800,0.001,1,results/batch/fpp_new_instances_scaling_new20x20/splits,results/batch/fpp_new_instances_scaling_new20x20/workers/worker_052,results/batch/fpp_new_instances_scaling_new20x20/workers/worker_052/batch_results_worker_052.csv,results/batch/fpp_new_instances_scaling_new20x20/workers/worker_052/json/worker_052_task_002.json,results/batch/fpp_new_instances_scaling_new20x20/workers/worker_052/solutions,new20x20_case02_train600_test1000_alpha0p03_fpp_branch_benders_projectedcoveragellbi_exp_rootcuts,run-fpp-branch-benders-oos
worker_052_task_003,worker_052,case02,2,20260529,20263129,20263129,new20x20,20x20,shortest_path,400,,not_checked,,,new20x20,new_instances/20x20,new_instances/20x20,0.03,600,1000,1,9000,9001,10000,true,results/batch/fpp_new_instances_scaling_new20x20/splits/new20x20_seed20263129_train600_test1000_case2_train.csv,results/batch/fpp_new_instances_scaling_new20x20/splits/new20x20_seed20263129_train600_test1000_case2_test.csv,Expected,FPP-Branch-Benders-ProjectedPathLLBI-exp-RootCuts,FPP-Branch-Benders,,expected,0.9,1.0,path,exp,true,false,true,false,false,false,true,false,heuristic,0.10,eta-asc,true,true,100,100,1e-3,0,100000,1800,0.001,1,results/batch/fpp_new_instances_scaling_new20x20/splits,results/batch/fpp_new_instances_scaling_new20x20/workers/worker_052,results/batch/fpp_new_instances_scaling_new20x20/workers/worker_052/batch_results_worker_052.csv,results/batch/fpp_new_instances_scaling_new20x20/workers/worker_052/json/worker_052_task_003.json,results/batch/fpp_new_instances_scaling_new20x20/workers/worker_052/solutions,new20x20_case02_train600_test1000_alpha0p03_fpp_branch_benders_projectedpathllbi_exp_rootcuts,run-fpp-branch-benders-oos
worker_052_task_004,worker_052,case02,2,20260529,20263129,20263129,new20x20,20x20,shortest_path,400,,not_checked,,,new20x20,new_instances/20x20,new_instances/20x20,0.03,600,1000,1,9000,9001,10000,true,results/batch/fpp_new_instances_scaling_new20x20/splits/new20x20_seed20263129_train600_test1000_case2_train.csv,results/batch/fpp_new_instances_scaling_new20x20/splits/new20x20_seed20263129_train600_test1000_case2_test.csv,CVaR,FPP-Branch-Benders-CVaR-RootCuts,FPP-Branch-Benders,,cvar,0.9,1.0,none,none,true,false,false,false,false,false,false,false,heuristic,0.10,eta-asc,true,true,100,100,1e-3,0,100000,1800,0.001,1,results/batch/fpp_new_instances_scaling_new20x20/splits,results/batch/fpp_new_instances_scaling_new20x20/workers/worker_052,results/batch/fpp_new_instances_scaling_new20x20/workers/worker_052/batch_results_worker_052.csv,results/batch/fpp_new_instances_scaling_new20x20/workers/worker_052/json/worker_052_task_004.json,results/batch/fpp_new_instances_scaling_new20x20/workers/worker_052/solutions,new20x20_case02_train600_test1000_alpha0p03_fpp_branch_benders_cvar_rootcuts,run-fpp-branch-benders-oos
worker_052_task_005,worker_052,case02,2,20260529,20263129,20263129,new20x20,20x20,shortest_path,400,,not_checked,,,new20x20,new_instances/20x20,new_instances/20x20,0.03,600,1000,1,9000,9001,10000,true,results/batch/fpp_new_instances_scaling_new20x20/splits/new20x20_seed20263129_train600_test1000_case2_train.csv,results/batch/fpp_new_instances_scaling_new20x20/splits/new20x20_seed20263129_train600_test1000_case2_test.csv,CVaR,FPP-Branch-Benders-CVaR-LLBI-RootCuts,FPP-Branch-Benders,,cvar,0.9,1.0,none,none,true,true,false,false,false,false,false,false,heuristic,0.10,eta-asc,true,true,100,100,1e-3,0,100000,1800,0.001,1,results/batch/fpp_new_instances_scaling_new20x20/splits,results/batch/fpp_new_instances_scaling_new20x20/workers/worker_052,results/batch/fpp_new_instances_scaling_new20x20/workers/worker_052/batch_results_worker_052.csv,results/batch/fpp_new_instances_scaling_new20x20/workers/worker_052/json/worker_052_task_005.json,results/batch/fpp_new_instances_scaling_new20x20/workers/worker_052/solutions,new20x20_case02_train600_test1000_alpha0p03_fpp_branch_benders_cvar_llbi_rootcuts,run-fpp-branch-benders-oos
worker_052_task_006,worker_052,case02,2,20260529,20263129,20263129,new20x20,20x20,shortest_path,400,,not_checked,,,new20x20,new_instances/20x20,new_instances/20x20,0.03,600,1000,1,9000,9001,10000,true,results/batch/fpp_new_instances_scaling_new20x20/splits/new20x20_seed20263129_train600_test1000_case2_train.csv,results/batch/fpp_new_instances_scaling_new20x20/splits/new20x20_seed20263129_train600_test1000_case2_test.csv,CVaR,FPP-Branch-Benders-CVaR-ProjectedCoverageLLBI-exp-RootCuts,FPP-Branch-Benders,,cvar,0.9,1.0,coverage,exp,true,false,true,false,false,true,false,false,heuristic,0.10,eta-asc,true,true,100,100,1e-3,0,100000,1800,0.001,1,results/batch/fpp_new_instances_scaling_new20x20/splits,results/batch/fpp_new_instances_scaling_new20x20/workers/worker_052,results/batch/fpp_new_instances_scaling_new20x20/workers/worker_052/batch_results_worker_052.csv,results/batch/fpp_new_instances_scaling_new20x20/workers/worker_052/json/worker_052_task_006.json,results/batch/fpp_new_instances_scaling_new20x20/workers/worker_052/solutions,new20x20_case02_train600_test1000_alpha0p03_fpp_branch_benders_cvar_projectedcoveragellbi_exp_rootcuts,run-fpp-branch-benders-oos
worker_052_task_007,worker_052,case02,2,20260529,20263129,20263129,new20x20,20x20,shortest_path,400,,not_checked,,,new20x20,new_instances/20x20,new_instances/20x20,0.03,600,1000,1,9000,9001,10000,true,results/batch/fpp_new_instances_scaling_new20x20/splits/new20x20_seed20263129_train600_test1000_case2_train.csv,results/batch/fpp_new_instances_scaling_new20x20/splits/new20x20_seed20263129_train600_test1000_case2_test.csv,CVaR,FPP-Branch-Benders-CVaR-ProjectedPathLLBI-exp-RootCuts,FPP-Branch-Benders,,cvar,0.9,1.0,path,exp,true,false,true,false,false,false,true,false,heuristic,0.10,eta-asc,true,true,100,100,1e-3,0,100000,1800,0.001,1,results/batch/fpp_new_instances_scaling_new20x20/splits,results/batch/fpp_new_instances_scaling_new20x20/workers/worker_052,results/batch/fpp_new_instances_scaling_new20x20/workers/worker_052/batch_results_worker_052.csv,results/batch/fpp_new_instances_scaling_new20x20/workers/worker_052/json/worker_052_task_007.json,results/batch/fpp_new_instances_scaling_new20x20/workers/worker_052/solutions,new20x20_case02_train600_test1000_alpha0p03_fpp_branch_benders_cvar_projectedpathllbi_exp_rootcuts,run-fpp-branch-benders-oos
worker_052_task_008,worker_052,case02,2,20260529,20263129,20263129,new20x20,20x20,shortest_path,400,,not_checked,,,new20x20,new_instances/20x20,new_instances/20x20,0.03,600,1000,1,9000,9001,10000,true,results/batch/fpp_new_instances_scaling_new20x20/splits/new20x20_seed20263129_train600_test1000_case2_train.csv,results/batch/fpp_new_instances_scaling_new20x20/splits/new20x20_seed20263129_train600_test1000_case2_test.csv,MeanCVaR,FPP-Branch-Benders-MeanCVaR-RootCuts,FPP-Branch-Benders,,mean-cvar,0.9,0.5,none,none,true,false,false,false,false,false,false,false,heuristic,0.10,eta-asc,true,true,100,100,1e-3,0,100000,1800,0.001,1,results/batch/fpp_new_instances_scaling_new20x20/splits,results/batch/fpp_new_instances_scaling_new20x20/workers/worker_052,results/batch/fpp_new_instances_scaling_new20x20/workers/worker_052/batch_results_worker_052.csv,results/batch/fpp_new_instances_scaling_new20x20/workers/worker_052/json/worker_052_task_008.json,results/batch/fpp_new_instances_scaling_new20x20/workers/worker_052/solutions,new20x20_case02_train600_test1000_alpha0p03_fpp_branch_benders_meancvar_rootcuts,run-fpp-branch-benders-oos
worker_052_task_009,worker_052,case02,2,20260529,20263129,20263129,new20x20,20x20,shortest_path,400,,not_checked,,,new20x20,new_instances/20x20,new_instances/20x20,0.03,600,1000,1,9000,9001,10000,true,results/batch/fpp_new_instances_scaling_new20x20/splits/new20x20_seed20263129_train600_test1000_case2_train.csv,results/batch/fpp_new_instances_scaling_new20x20/splits/new20x20_seed20263129_train600_test1000_case2_test.csv,MeanCVaR,FPP-Branch-Benders-MeanCVaR-LLBI-RootCuts,FPP-Branch-Benders,,mean-cvar,0.9,0.5,none,none,true,true,false,false,false,false,false,false,heuristic,0.10,eta-asc,true,true,100,100,1e-3,0,100000,1800,0.001,1,results/batch/fpp_new_instances_scaling_new20x20/splits,results/batch/fpp_new_instances_scaling_new20x20/workers/worker_052,results/batch/fpp_new_instances_scaling_new20x20/workers/worker_052/batch_results_worker_052.csv,results/batch/fpp_new_instances_scaling_new20x20/workers/worker_052/json/worker_052_task_009.json,results/batch/fpp_new_instances_scaling_new20x20/workers/worker_052/solutions,new20x20_case02_train600_test1000_alpha0p03_fpp_branch_benders_meancvar_llbi_rootcuts,run-fpp-branch-benders-oos
worker_052_task_010,worker_052,case02,2,20260529,20263129,20263129,new20x20,20x20,shortest_path,400,,not_checked,,,new20x20,new_instances/20x20,new_instances/20x20,0.03,600,1000,1,9000,9001,10000,true,results/batch/fpp_new_instances_scaling_new20x20/splits/new20x20_seed20263129_train600_test1000_case2_train.csv,results/batch/fpp_new_instances_scaling_new20x20/splits/new20x20_seed20263129_train600_test1000_case2_test.csv,MeanCVaR,FPP-Branch-Benders-MeanCVaR-ProjectedCoverageLLBI-exp-RootCuts,FPP-Branch-Benders,,mean-cvar,0.9,0.5,coverage,exp,true,false,true,false,false,true,false,false,heuristic,0.10,eta-asc,true,true,100,100,1e-3,0,100000,1800,0.001,1,results/batch/fpp_new_instances_scaling_new20x20/splits,results/batch/fpp_new_instances_scaling_new20x20/workers/worker_052,results/batch/fpp_new_instances_scaling_new20x20/workers/worker_052/batch_results_worker_052.csv,results/batch/fpp_new_instances_scaling_new20x20/workers/worker_052/json/worker_052_task_010.json,results/batch/fpp_new_instances_scaling_new20x20/workers/worker_052/solutions,new20x20_case02_train600_test1000_alpha0p03_fpp_branch_benders_meancvar_projectedcoveragellbi_exp_rootcuts,run-fpp-branch-benders-oos
worker_052_task_011,worker_052,case02,2,20260529,20263129,20263129,new20x20,20x20,shortest_path,400,,not_checked,,,new20x20,new_instances/20x20,new_instances/20x20,0.03,600,1000,1,9000,9001,10000,true,results/batch/fpp_new_instances_scaling_new20x20/splits/new20x20_seed20263129_train600_test1000_case2_train.csv,results/batch/fpp_new_instances_scaling_new20x20/splits/new20x20_seed20263129_train600_test1000_case2_test.csv,MeanCVaR,FPP-Branch-Benders-MeanCVaR-ProjectedPathLLBI-exp-RootCuts,FPP-Branch-Benders,,mean-cvar,0.9,0.5,path,exp,true,false,true,false,false,false,true,false,heuristic,0.10,eta-asc,true,true,100,100,1e-3,0,100000,1800,0.001,1,results/batch/fpp_new_instances_scaling_new20x20/splits,results/batch/fpp_new_instances_scaling_new20x20/workers/worker_052,results/batch/fpp_new_instances_scaling_new20x20/workers/worker_052/batch_results_worker_052.csv,results/batch/fpp_new_instances_scaling_new20x20/workers/worker_052/json/worker_052_task_011.json,results/batch/fpp_new_instances_scaling_new20x20/workers/worker_052/solutions,new20x20_case02_train600_test1000_alpha0p03_fpp_branch_benders_meancvar_projectedpathllbi_exp_rootcuts,run-fpp-branch-benders-oos
worker_053_task_000,worker_053,case03,3,20260529,20264129,20264129,new20x20,20x20,shortest_path,400,,not_checked,,,new20x20,new_instances/20x20,new_instances/20x20,0.03,600,1000,1,9000,9001,10000,true,results/batch/fpp_new_instances_scaling_new20x20/splits/new20x20_seed20264129_train600_test1000_case3_train.csv,results/batch/fpp_new_instances_scaling_new20x20/splits/new20x20_seed20264129_train600_test1000_case3_test.csv,MeanCVaR,FPP-SAA-MeanCVaR,FPP-SAA,fpp_base,mean-cvar,0.9,0.5,none,none,false,false,false,false,false,false,false,false,heuristic,0.10,eta-asc,true,true,100,100,1e-3,0,100000,1800,0.001,1,results/batch/fpp_new_instances_scaling_new20x20/splits,results/batch/fpp_new_instances_scaling_new20x20/workers/worker_053,results/batch/fpp_new_instances_scaling_new20x20/workers/worker_053/batch_results_worker_053.csv,results/batch/fpp_new_instances_scaling_new20x20/workers/worker_053/json/worker_053_task_000.json,results/batch/fpp_new_instances_scaling_new20x20/workers/worker_053/solutions,new20x20_case03_train600_test1000_alpha0p03_fpp_saa_meancvar,run-fpp-saa-oos
worker_053_task_001,worker_053,case03,3,20260529,20264129,20264129,new20x20,20x20,shortest_path,400,,not_checked,,,new20x20,new_instances/20x20,new_instances/20x20,0.03,600,1000,1,9000,9001,10000,true,results/batch/fpp_new_instances_scaling_new20x20/splits/new20x20_seed20264129_train600_test1000_case3_train.csv,results/batch/fpp_new_instances_scaling_new20x20/splits/new20x20_seed20264129_train600_test1000_case3_test.csv,Expected,FPP-Branch-Benders-LLBI-RootCuts,FPP-Branch-Benders,,expected,0.9,1.0,none,none,true,true,false,false,false,false,false,false,heuristic,0.10,eta-asc,true,true,100,100,1e-3,0,100000,1800,0.001,1,results/batch/fpp_new_instances_scaling_new20x20/splits,results/batch/fpp_new_instances_scaling_new20x20/workers/worker_053,results/batch/fpp_new_instances_scaling_new20x20/workers/worker_053/batch_results_worker_053.csv,results/batch/fpp_new_instances_scaling_new20x20/workers/worker_053/json/worker_053_task_001.json,results/batch/fpp_new_instances_scaling_new20x20/workers/worker_053/solutions,new20x20_case03_train600_test1000_alpha0p03_fpp_branch_benders_llbi_rootcuts,run-fpp-branch-benders-oos
worker_053_task_002,worker_053,case03,3,20260529,20264129,20264129,new20x20,20x20,shortest_path,400,,not_checked,,,new20x20,new_instances/20x20,new_instances/20x20,0.03,600,1000,1,9000,9001,10000,true,results/batch/fpp_new_instances_scaling_new20x20/splits/new20x20_seed20264129_train600_test1000_case3_train.csv,results/batch/fpp_new_instances_scaling_new20x20/splits/new20x20_seed20264129_train600_test1000_case3_test.csv,Expected,FPP-Branch-Benders-ProjectedCoverageLLBI-exp-RootCuts,FPP-Branch-Benders,,expected,0.9,1.0,coverage,exp,true,false,true,false,false,true,false,false,heuristic,0.10,eta-asc,true,true,100,100,1e-3,0,100000,1800,0.001,1,results/batch/fpp_new_instances_scaling_new20x20/splits,results/batch/fpp_new_instances_scaling_new20x20/workers/worker_053,results/batch/fpp_new_instances_scaling_new20x20/workers/worker_053/batch_results_worker_053.csv,results/batch/fpp_new_instances_scaling_new20x20/workers/worker_053/json/worker_053_task_002.json,results/batch/fpp_new_instances_scaling_new20x20/workers/worker_053/solutions,new20x20_case03_train600_test1000_alpha0p03_fpp_branch_benders_projectedcoveragellbi_exp_rootcuts,run-fpp-branch-benders-oos
worker_053_task_003,worker_053,case03,3,20260529,20264129,20264129,new20x20,20x20,shortest_path,400,,not_checked,,,new20x20,new_instances/20x20,new_instances/20x20,0.03,600,1000,1,9000,9001,10000,true,results/batch/fpp_new_instances_scaling_new20x20/splits/new20x20_seed20264129_train600_test1000_case3_train.csv,results/batch/fpp_new_instances_scaling_new20x20/splits/new20x20_seed20264129_train600_test1000_case3_test.csv,Expected,FPP-Branch-Benders-ProjectedPathLLBI-exp-RootCuts,FPP-Branch-Benders,,expected,0.9,1.0,path,exp,true,false,true,false,false,false,true,false,heuristic,0.10,eta-asc,true,true,100,100,1e-3,0,100000,1800,0.001,1,results/batch/fpp_new_instances_scaling_new20x20/splits,results/batch/fpp_new_instances_scaling_new20x20/workers/worker_053,results/batch/fpp_new_instances_scaling_new20x20/workers/worker_053/batch_results_worker_053.csv,results/batch/fpp_new_instances_scaling_new20x20/workers/worker_053/json/worker_053_task_003.json,results/batch/fpp_new_instances_scaling_new20x20/workers/worker_053/solutions,new20x20_case03_train600_test1000_alpha0p03_fpp_branch_benders_projectedpathllbi_exp_rootcuts,run-fpp-branch-benders-oos
worker_053_task_004,worker_053,case03,3,20260529,20264129,20264129,new20x20,20x20,shortest_path,400,,not_checked,,,new20x20,new_instances/20x20,new_instances/20x20,0.03,600,1000,1,9000,9001,10000,true,results/batch/fpp_new_instances_scaling_new20x20/splits/new20x20_seed20264129_train600_test1000_case3_train.csv,results/batch/fpp_new_instances_scaling_new20x20/splits/new20x20_seed20264129_train600_test1000_case3_test.csv,CVaR,FPP-Branch-Benders-CVaR-RootCuts,FPP-Branch-Benders,,cvar,0.9,1.0,none,none,true,false,false,false,false,false,false,false,heuristic,0.10,eta-asc,true,true,100,100,1e-3,0,100000,1800,0.001,1,results/batch/fpp_new_instances_scaling_new20x20/splits,results/batch/fpp_new_instances_scaling_new20x20/workers/worker_053,results/batch/fpp_new_instances_scaling_new20x20/workers/worker_053/batch_results_worker_053.csv,results/batch/fpp_new_instances_scaling_new20x20/workers/worker_053/json/worker_053_task_004.json,results/batch/fpp_new_instances_scaling_new20x20/workers/worker_053/solutions,new20x20_case03_train600_test1000_alpha0p03_fpp_branch_benders_cvar_rootcuts,run-fpp-branch-benders-oos
worker_053_task_005,worker_053,case03,3,20260529,20264129,20264129,new20x20,20x20,shortest_path,400,,not_checked,,,new20x20,new_instances/20x20,new_instances/20x20,0.03,600,1000,1,9000,9001,10000,true,results/batch/fpp_new_instances_scaling_new20x20/splits/new20x20_seed20264129_train600_test1000_case3_train.csv,results/batch/fpp_new_instances_scaling_new20x20/splits/new20x20_seed20264129_train600_test1000_case3_test.csv,CVaR,FPP-Branch-Benders-CVaR-LLBI-RootCuts,FPP-Branch-Benders,,cvar,0.9,1.0,none,none,true,true,false,false,false,false,false,false,heuristic,0.10,eta-asc,true,true,100,100,1e-3,0,100000,1800,0.001,1,results/batch/fpp_new_instances_scaling_new20x20/splits,results/batch/fpp_new_instances_scaling_new20x20/workers/worker_053,results/batch/fpp_new_instances_scaling_new20x20/workers/worker_053/batch_results_worker_053.csv,results/batch/fpp_new_instances_scaling_new20x20/workers/worker_053/json/worker_053_task_005.json,results/batch/fpp_new_instances_scaling_new20x20/workers/worker_053/solutions,new20x20_case03_train600_test1000_alpha0p03_fpp_branch_benders_cvar_llbi_rootcuts,run-fpp-branch-benders-oos
worker_053_task_006,worker_053,case03,3,20260529,20264129,20264129,new20x20,20x20,shortest_path,400,,not_checked,,,new20x20,new_instances/20x20,new_instances/20x20,0.03,600,1000,1,9000,9001,10000,true,results/batch/fpp_new_instances_scaling_new20x20/splits/new20x20_seed20264129_train600_test1000_case3_train.csv,results/batch/fpp_new_instances_scaling_new20x20/splits/new20x20_seed20264129_train600_test1000_case3_test.csv,CVaR,FPP-Branch-Benders-CVaR-ProjectedCoverageLLBI-exp-RootCuts,FPP-Branch-Benders,,cvar,0.9,1.0,coverage,exp,true,false,true,false,false,true,false,false,heuristic,0.10,eta-asc,true,true,100,100,1e-3,0,100000,1800,0.001,1,results/batch/fpp_new_instances_scaling_new20x20/splits,results/batch/fpp_new_instances_scaling_new20x20/workers/worker_053,results/batch/fpp_new_instances_scaling_new20x20/workers/worker_053/batch_results_worker_053.csv,results/batch/fpp_new_instances_scaling_new20x20/workers/worker_053/json/worker_053_task_006.json,results/batch/fpp_new_instances_scaling_new20x20/workers/worker_053/solutions,new20x20_case03_train600_test1000_alpha0p03_fpp_branch_benders_cvar_projectedcoveragellbi_exp_rootcuts,run-fpp-branch-benders-oos
worker_053_task_007,worker_053,case03,3,20260529,20264129,20264129,new20x20,20x20,shortest_path,400,,not_checked,,,new20x20,new_instances/20x20,new_instances/20x20,0.03,600,1000,1,9000,9001,10000,true,results/batch/fpp_new_instances_scaling_new20x20/splits/new20x20_seed20264129_train600_test1000_case3_train.csv,results/batch/fpp_new_instances_scaling_new20x20/splits/new20x20_seed20264129_train600_test1000_case3_test.csv,CVaR,FPP-Branch-Benders-CVaR-ProjectedPathLLBI-exp-RootCuts,FPP-Branch-Benders,,cvar,0.9,1.0,path,exp,true,false,true,false,false,false,true,false,heuristic,0.10,eta-asc,true,true,100,100,1e-3,0,100000,1800,0.001,1,results/batch/fpp_new_instances_scaling_new20x20/splits,results/batch/fpp_new_instances_scaling_new20x20/workers/worker_053,results/batch/fpp_new_instances_scaling_new20x20/workers/worker_053/batch_results_worker_053.csv,results/batch/fpp_new_instances_scaling_new20x20/workers/worker_053/json/worker_053_task_007.json,results/batch/fpp_new_instances_scaling_new20x20/workers/worker_053/solutions,new20x20_case03_train600_test1000_alpha0p03_fpp_branch_benders_cvar_projectedpathllbi_exp_rootcuts,run-fpp-branch-benders-oos
worker_053_task_008,worker_053,case03,3,20260529,20264129,20264129,new20x20,20x20,shortest_path,400,,not_checked,,,new20x20,new_instances/20x20,new_instances/20x20,0.03,600,1000,1,9000,9001,10000,true,results/batch/fpp_new_instances_scaling_new20x20/splits/new20x20_seed20264129_train600_test1000_case3_train.csv,results/batch/fpp_new_instances_scaling_new20x20/splits/new20x20_seed20264129_train600_test1000_case3_test.csv,MeanCVaR,FPP-Branch-Benders-MeanCVaR-RootCuts,FPP-Branch-Benders,,mean-cvar,0.9,0.5,none,none,true,false,false,false,false,false,false,false,heuristic,0.10,eta-asc,true,true,100,100,1e-3,0,100000,1800,0.001,1,results/batch/fpp_new_instances_scaling_new20x20/splits,results/batch/fpp_new_instances_scaling_new20x20/workers/worker_053,results/batch/fpp_new_instances_scaling_new20x20/workers/worker_053/batch_results_worker_053.csv,results/batch/fpp_new_instances_scaling_new20x20/workers/worker_053/json/worker_053_task_008.json,results/batch/fpp_new_instances_scaling_new20x20/workers/worker_053/solutions,new20x20_case03_train600_test1000_alpha0p03_fpp_branch_benders_meancvar_rootcuts,run-fpp-branch-benders-oos
worker_053_task_009,worker_053,case03,3,20260529,20264129,20264129,new20x20,20x20,shortest_path,400,,not_checked,,,new20x20,new_instances/20x20,new_instances/20x20,0.03,600,1000,1,9000,9001,10000,true,results/batch/fpp_new_instances_scaling_new20x20/splits/new20x20_seed20264129_train600_test1000_case3_train.csv,results/batch/fpp_new_instances_scaling_new20x20/splits/new20x20_seed20264129_train600_test1000_case3_test.csv,MeanCVaR,FPP-Branch-Benders-MeanCVaR-LLBI-RootCuts,FPP-Branch-Benders,,mean-cvar,0.9,0.5,none,none,true,true,false,false,false,false,false,false,heuristic,0.10,eta-asc,true,true,100,100,1e-3,0,100000,1800,0.001,1,results/batch/fpp_new_instances_scaling_new20x20/splits,results/batch/fpp_new_instances_scaling_new20x20/workers/worker_053,results/batch/fpp_new_instances_scaling_new20x20/workers/worker_053/batch_results_worker_053.csv,results/batch/fpp_new_instances_scaling_new20x20/workers/worker_053/json/worker_053_task_009.json,results/batch/fpp_new_instances_scaling_new20x20/workers/worker_053/solutions,new20x20_case03_train600_test1000_alpha0p03_fpp_branch_benders_meancvar_llbi_rootcuts,run-fpp-branch-benders-oos
worker_053_task_010,worker_053,case03,3,20260529,20264129,20264129,new20x20,20x20,shortest_path,400,,not_checked,,,new20x20,new_instances/20x20,new_instances/20x20,0.03,600,1000,1,9000,9001,10000,true,results/batch/fpp_new_instances_scaling_new20x20/splits/new20x20_seed20264129_train600_test1000_case3_train.csv,results/batch/fpp_new_instances_scaling_new20x20/splits/new20x20_seed20264129_train600_test1000_case3_test.csv,MeanCVaR,FPP-Branch-Benders-MeanCVaR-ProjectedCoverageLLBI-exp-RootCuts,FPP-Branch-Benders,,mean-cvar,0.9,0.5,coverage,exp,true,false,true,false,false,true,false,false,heuristic,0.10,eta-asc,true,true,100,100,1e-3,0,100000,1800,0.001,1,results/batch/fpp_new_instances_scaling_new20x20/splits,results/batch/fpp_new_instances_scaling_new20x20/workers/worker_053,results/batch/fpp_new_instances_scaling_new20x20/workers/worker_053/batch_results_worker_053.csv,results/batch/fpp_new_instances_scaling_new20x20/workers/worker_053/json/worker_053_task_010.json,results/batch/fpp_new_instances_scaling_new20x20/workers/worker_053/solutions,new20x20_case03_train600_test1000_alpha0p03_fpp_branch_benders_meancvar_projectedcoveragellbi_exp_rootcuts,run-fpp-branch-benders-oos
worker_053_task_011,worker_053,case03,3,20260529,20264129,20264129,new20x20,20x20,shortest_path,400,,not_checked,,,new20x20,new_instances/20x20,new_instances/20x20,0.03,600,1000,1,9000,9001,10000,true,results/batch/fpp_new_instances_scaling_new20x20/splits/new20x20_seed20264129_train600_test1000_case3_train.csv,results/batch/fpp_new_instances_scaling_new20x20/splits/new20x20_seed20264129_train600_test1000_case3_test.csv,MeanCVaR,FPP-Branch-Benders-MeanCVaR-ProjectedPathLLBI-exp-RootCuts,FPP-Branch-Benders,,mean-cvar,0.9,0.5,path,exp,true,false,true,false,false,false,true,false,heuristic,0.10,eta-asc,true,true,100,100,1e-3,0,100000,1800,0.001,1,results/batch/fpp_new_instances_scaling_new20x20/splits,results/batch/fpp_new_instances_scaling_new20x20/workers/worker_053,results/batch/fpp_new_instances_scaling_new20x20/workers/worker_053/batch_results_worker_053.csv,results/batch/fpp_new_instances_scaling_new20x20/workers/worker_053/json/worker_053_task_011.json,results/batch/fpp_new_instances_scaling_new20x20/workers/worker_053/solutions,new20x20_case03_train600_test1000_alpha0p03_fpp_branch_benders_meancvar_projectedpathllbi_exp_rootcuts,run-fpp-branch-benders-oos
worker_054_task_000,worker_054,case04,4,20260529,20265129,20265129,new20x20,20x20,shortest_path,400,,not_checked,,,new20x20,new_instances/20x20,new_instances/20x20,0.03,600,1000,1,9000,9001,10000,true,results/batch/fpp_new_instances_scaling_new20x20/splits/new20x20_seed20265129_train600_test1000_case4_train.csv,results/batch/fpp_new_instances_scaling_new20x20/splits/new20x20_seed20265129_train600_test1000_case4_test.csv,MeanCVaR,FPP-SAA-MeanCVaR,FPP-SAA,fpp_base,mean-cvar,0.9,0.5,none,none,false,false,false,false,false,false,false,false,heuristic,0.10,eta-asc,true,true,100,100,1e-3,0,100000,1800,0.001,1,results/batch/fpp_new_instances_scaling_new20x20/splits,results/batch/fpp_new_instances_scaling_new20x20/workers/worker_054,results/batch/fpp_new_instances_scaling_new20x20/workers/worker_054/batch_results_worker_054.csv,results/batch/fpp_new_instances_scaling_new20x20/workers/worker_054/json/worker_054_task_000.json,results/batch/fpp_new_instances_scaling_new20x20/workers/worker_054/solutions,new20x20_case04_train600_test1000_alpha0p03_fpp_saa_meancvar,run-fpp-saa-oos
worker_054_task_001,worker_054,case04,4,20260529,20265129,20265129,new20x20,20x20,shortest_path,400,,not_checked,,,new20x20,new_instances/20x20,new_instances/20x20,0.03,600,1000,1,9000,9001,10000,true,results/batch/fpp_new_instances_scaling_new20x20/splits/new20x20_seed20265129_train600_test1000_case4_train.csv,results/batch/fpp_new_instances_scaling_new20x20/splits/new20x20_seed20265129_train600_test1000_case4_test.csv,Expected,FPP-Branch-Benders-LLBI-RootCuts,FPP-Branch-Benders,,expected,0.9,1.0,none,none,true,true,false,false,false,false,false,false,heuristic,0.10,eta-asc,true,true,100,100,1e-3,0,100000,1800,0.001,1,results/batch/fpp_new_instances_scaling_new20x20/splits,results/batch/fpp_new_instances_scaling_new20x20/workers/worker_054,results/batch/fpp_new_instances_scaling_new20x20/workers/worker_054/batch_results_worker_054.csv,results/batch/fpp_new_instances_scaling_new20x20/workers/worker_054/json/worker_054_task_001.json,results/batch/fpp_new_instances_scaling_new20x20/workers/worker_054/solutions,new20x20_case04_train600_test1000_alpha0p03_fpp_branch_benders_llbi_rootcuts,run-fpp-branch-benders-oos
worker_054_task_002,worker_054,case04,4,20260529,20265129,20265129,new20x20,20x20,shortest_path,400,,not_checked,,,new20x20,new_instances/20x20,new_instances/20x20,0.03,600,1000,1,9000,9001,10000,true,results/batch/fpp_new_instances_scaling_new20x20/splits/new20x20_seed20265129_train600_test1000_case4_train.csv,results/batch/fpp_new_instances_scaling_new20x20/splits/new20x20_seed20265129_train600_test1000_case4_test.csv,Expected,FPP-Branch-Benders-ProjectedCoverageLLBI-exp-RootCuts,FPP-Branch-Benders,,expected,0.9,1.0,coverage,exp,true,false,true,false,false,true,false,false,heuristic,0.10,eta-asc,true,true,100,100,1e-3,0,100000,1800,0.001,1,results/batch/fpp_new_instances_scaling_new20x20/splits,results/batch/fpp_new_instances_scaling_new20x20/workers/worker_054,results/batch/fpp_new_instances_scaling_new20x20/workers/worker_054/batch_results_worker_054.csv,results/batch/fpp_new_instances_scaling_new20x20/workers/worker_054/json/worker_054_task_002.json,results/batch/fpp_new_instances_scaling_new20x20/workers/worker_054/solutions,new20x20_case04_train600_test1000_alpha0p03_fpp_branch_benders_projectedcoveragellbi_exp_rootcuts,run-fpp-branch-benders-oos
worker_054_task_003,worker_054,case04,4,20260529,20265129,20265129,new20x20,20x20,shortest_path,400,,not_checked,,,new20x20,new_instances/20x20,new_instances/20x20,0.03,600,1000,1,9000,9001,10000,true,results/batch/fpp_new_instances_scaling_new20x20/splits/new20x20_seed20265129_train600_test1000_case4_train.csv,results/batch/fpp_new_instances_scaling_new20x20/splits/new20x20_seed20265129_train600_test1000_case4_test.csv,Expected,FPP-Branch-Benders-ProjectedPathLLBI-exp-RootCuts,FPP-Branch-Benders,,expected,0.9,1.0,path,exp,true,false,true,false,false,false,true,false,heuristic,0.10,eta-asc,true,true,100,100,1e-3,0,100000,1800,0.001,1,results/batch/fpp_new_instances_scaling_new20x20/splits,results/batch/fpp_new_instances_scaling_new20x20/workers/worker_054,results/batch/fpp_new_instances_scaling_new20x20/workers/worker_054/batch_results_worker_054.csv,results/batch/fpp_new_instances_scaling_new20x20/workers/worker_054/json/worker_054_task_003.json,results/batch/fpp_new_instances_scaling_new20x20/workers/worker_054/solutions,new20x20_case04_train600_test1000_alpha0p03_fpp_branch_benders_projectedpathllbi_exp_rootcuts,run-fpp-branch-benders-oos
worker_054_task_004,worker_054,case04,4,20260529,20265129,20265129,new20x20,20x20,shortest_path,400,,not_checked,,,new20x20,new_instances/20x20,new_instances/20x20,0.03,600,1000,1,9000,9001,10000,true,results/batch/fpp_new_instances_scaling_new20x20/splits/new20x20_seed20265129_train600_test1000_case4_train.csv,results/batch/fpp_new_instances_scaling_new20x20/splits/new20x20_seed20265129_train600_test1000_case4_test.csv,CVaR,FPP-Branch-Benders-CVaR-RootCuts,FPP-Branch-Benders,,cvar,0.9,1.0,none,none,true,false,false,false,false,false,false,false,heuristic,0.10,eta-asc,true,true,100,100,1e-3,0,100000,1800,0.001,1,results/batch/fpp_new_instances_scaling_new20x20/splits,results/batch/fpp_new_instances_scaling_new20x20/workers/worker_054,results/batch/fpp_new_instances_scaling_new20x20/workers/worker_054/batch_results_worker_054.csv,results/batch/fpp_new_instances_scaling_new20x20/workers/worker_054/json/worker_054_task_004.json,results/batch/fpp_new_instances_scaling_new20x20/workers/worker_054/solutions,new20x20_case04_train600_test1000_alpha0p03_fpp_branch_benders_cvar_rootcuts,run-fpp-branch-benders-oos
worker_054_task_005,worker_054,case04,4,20260529,20265129,20265129,new20x20,20x20,shortest_path,400,,not_checked,,,new20x20,new_instances/20x20,new_instances/20x20,0.03,600,1000,1,9000,9001,10000,true,results/batch/fpp_new_instances_scaling_new20x20/splits/new20x20_seed20265129_train600_test1000_case4_train.csv,results/batch/fpp_new_instances_scaling_new20x20/splits/new20x20_seed20265129_train600_test1000_case4_test.csv,CVaR,FPP-Branch-Benders-CVaR-LLBI-RootCuts,FPP-Branch-Benders,,cvar,0.9,1.0,none,none,true,true,false,false,false,false,false,false,heuristic,0.10,eta-asc,true,true,100,100,1e-3,0,100000,1800,0.001,1,results/batch/fpp_new_instances_scaling_new20x20/splits,results/batch/fpp_new_instances_scaling_new20x20/workers/worker_054,results/batch/fpp_new_instances_scaling_new20x20/workers/worker_054/batch_results_worker_054.csv,results/batch/fpp_new_instances_scaling_new20x20/workers/worker_054/json/worker_054_task_005.json,results/batch/fpp_new_instances_scaling_new20x20/workers/worker_054/solutions,new20x20_case04_train600_test1000_alpha0p03_fpp_branch_benders_cvar_llbi_rootcuts,run-fpp-branch-benders-oos
worker_054_task_006,worker_054,case04,4,20260529,20265129,20265129,new20x20,20x20,shortest_path,400,,not_checked,,,new20x20,new_instances/20x20,new_instances/20x20,0.03,600,1000,1,9000,9001,10000,true,results/batch/fpp_new_instances_scaling_new20x20/splits/new20x20_seed20265129_train600_test1000_case4_train.csv,results/batch/fpp_new_instances_scaling_new20x20/splits/new20x20_seed20265129_train600_test1000_case4_test.csv,CVaR,FPP-Branch-Benders-CVaR-ProjectedCoverageLLBI-exp-RootCuts,FPP-Branch-Benders,,cvar,0.9,1.0,coverage,exp,true,false,true,false,false,true,false,false,heuristic,0.10,eta-asc,true,true,100,100,1e-3,0,100000,1800,0.001,1,results/batch/fpp_new_instances_scaling_new20x20/splits,results/batch/fpp_new_instances_scaling_new20x20/workers/worker_054,results/batch/fpp_new_instances_scaling_new20x20/workers/worker_054/batch_results_worker_054.csv,results/batch/fpp_new_instances_scaling_new20x20/workers/worker_054/json/worker_054_task_006.json,results/batch/fpp_new_instances_scaling_new20x20/workers/worker_054/solutions,new20x20_case04_train600_test1000_alpha0p03_fpp_branch_benders_cvar_projectedcoveragellbi_exp_rootcuts,run-fpp-branch-benders-oos
worker_054_task_007,worker_054,case04,4,20260529,20265129,20265129,new20x20,20x20,shortest_path,400,,not_checked,,,new20x20,new_instances/20x20,new_instances/20x20,0.03,600,1000,1,9000,9001,10000,true,results/batch/fpp_new_instances_scaling_new20x20/splits/new20x20_seed20265129_train600_test1000_case4_train.csv,results/batch/fpp_new_instances_scaling_new20x20/splits/new20x20_seed20265129_train600_test1000_case4_test.csv,CVaR,FPP-Branch-Benders-CVaR-ProjectedPathLLBI-exp-RootCuts,FPP-Branch-Benders,,cvar,0.9,1.0,path,exp,true,false,true,false,false,false,true,false,heuristic,0.10,eta-asc,true,true,100,100,1e-3,0,100000,1800,0.001,1,results/batch/fpp_new_instances_scaling_new20x20/splits,results/batch/fpp_new_instances_scaling_new20x20/workers/worker_054,results/batch/fpp_new_instances_scaling_new20x20/workers/worker_054/batch_results_worker_054.csv,results/batch/fpp_new_instances_scaling_new20x20/workers/worker_054/json/worker_054_task_007.json,results/batch/fpp_new_instances_scaling_new20x20/workers/worker_054/solutions,new20x20_case04_train600_test1000_alpha0p03_fpp_branch_benders_cvar_projectedpathllbi_exp_rootcuts,run-fpp-branch-benders-oos
worker_054_task_008,worker_054,case04,4,20260529,20265129,20265129,new20x20,20x20,shortest_path,400,,not_checked,,,new20x20,new_instances/20x20,new_instances/20x20,0.03,600,1000,1,9000,9001,10000,true,results/batch/fpp_new_instances_scaling_new20x20/splits/new20x20_seed20265129_train600_test1000_case4_train.csv,results/batch/fpp_new_instances_scaling_new20x20/splits/new20x20_seed20265129_train600_test1000_case4_test.csv,MeanCVaR,FPP-Branch-Benders-MeanCVaR-RootCuts,FPP-Branch-Benders,,mean-cvar,0.9,0.5,none,none,true,false,false,false,false,false,false,false,heuristic,0.10,eta-asc,true,true,100,100,1e-3,0,100000,1800,0.001,1,results/batch/fpp_new_instances_scaling_new20x20/splits,results/batch/fpp_new_instances_scaling_new20x20/workers/worker_054,results/batch/fpp_new_instances_scaling_new20x20/workers/worker_054/batch_results_worker_054.csv,results/batch/fpp_new_instances_scaling_new20x20/workers/worker_054/json/worker_054_task_008.json,results/batch/fpp_new_instances_scaling_new20x20/workers/worker_054/solutions,new20x20_case04_train600_test1000_alpha0p03_fpp_branch_benders_meancvar_rootcuts,run-fpp-branch-benders-oos
worker_054_task_009,worker_054,case04,4,20260529,20265129,20265129,new20x20,20x20,shortest_path,400,,not_checked,,,new20x20,new_instances/20x20,new_instances/20x20,0.03,600,1000,1,9000,9001,10000,true,results/batch/fpp_new_instances_scaling_new20x20/splits/new20x20_seed20265129_train600_test1000_case4_train.csv,results/batch/fpp_new_instances_scaling_new20x20/splits/new20x20_seed20265129_train600_test1000_case4_test.csv,MeanCVaR,FPP-Branch-Benders-MeanCVaR-LLBI-RootCuts,FPP-Branch-Benders,,mean-cvar,0.9,0.5,none,none,true,true,false,false,false,false,false,false,heuristic,0.10,eta-asc,true,true,100,100,1e-3,0,100000,1800,0.001,1,results/batch/fpp_new_instances_scaling_new20x20/splits,results/batch/fpp_new_instances_scaling_new20x20/workers/worker_054,results/batch/fpp_new_instances_scaling_new20x20/workers/worker_054/batch_results_worker_054.csv,results/batch/fpp_new_instances_scaling_new20x20/workers/worker_054/json/worker_054_task_009.json,results/batch/fpp_new_instances_scaling_new20x20/workers/worker_054/solutions,new20x20_case04_train600_test1000_alpha0p03_fpp_branch_benders_meancvar_llbi_rootcuts,run-fpp-branch-benders-oos
worker_054_task_010,worker_054,case04,4,20260529,20265129,20265129,new20x20,20x20,shortest_path,400,,not_checked,,,new20x20,new_instances/20x20,new_instances/20x20,0.03,600,1000,1,9000,9001,10000,true,results/batch/fpp_new_instances_scaling_new20x20/splits/new20x20_seed20265129_train600_test1000_case4_train.csv,results/batch/fpp_new_instances_scaling_new20x20/splits/new20x20_seed20265129_train600_test1000_case4_test.csv,MeanCVaR,FPP-Branch-Benders-MeanCVaR-ProjectedCoverageLLBI-exp-RootCuts,FPP-Branch-Benders,,mean-cvar,0.9,0.5,coverage,exp,true,false,true,false,false,true,false,false,heuristic,0.10,eta-asc,true,true,100,100,1e-3,0,100000,1800,0.001,1,results/batch/fpp_new_instances_scaling_new20x20/splits,results/batch/fpp_new_instances_scaling_new20x20/workers/worker_054,results/batch/fpp_new_instances_scaling_new20x20/workers/worker_054/batch_results_worker_054.csv,results/batch/fpp_new_instances_scaling_new20x20/workers/worker_054/json/worker_054_task_010.json,results/batch/fpp_new_instances_scaling_new20x20/workers/worker_054/solutions,new20x20_case04_train600_test1000_alpha0p03_fpp_branch_benders_meancvar_projectedcoveragellbi_exp_rootcuts,run-fpp-branch-benders-oos
worker_054_task_011,worker_054,case04,4,20260529,20265129,20265129,new20x20,20x20,shortest_path,400,,not_checked,,,new20x20,new_instances/20x20,new_instances/20x20,0.03,600,1000,1,9000,9001,10000,true,results/batch/fpp_new_instances_scaling_new20x20/splits/new20x20_seed20265129_train600_test1000_case4_train.csv,results/batch/fpp_new_instances_scaling_new20x20/splits/new20x20_seed20265129_train600_test1000_case4_test.csv,MeanCVaR,FPP-Branch-Benders-MeanCVaR-ProjectedPathLLBI-exp-RootCuts,FPP-Branch-Benders,,mean-cvar,0.9,0.5,path,exp,true,false,true,false,false,false,true,false,heuristic,0.10,eta-asc,true,true,100,100,1e-3,0,100000,1800,0.001,1,results/batch/fpp_new_instances_scaling_new20x20/splits,results/batch/fpp_new_instances_scaling_new20x20/workers/worker_054,results/batch/fpp_new_instances_scaling_new20x20/workers/worker_054/batch_results_worker_054.csv,results/batch/fpp_new_instances_scaling_new20x20/workers/worker_054/json/worker_054_task_011.json,results/batch/fpp_new_instances_scaling_new20x20/workers/worker_054/solutions,new20x20_case04_train600_test1000_alpha0p03_fpp_branch_benders_meancvar_projectedpathllbi_exp_rootcuts,run-fpp-branch-benders-oos
worker_055_task_000,worker_055,case05,5,20260529,20266129,20266129,new20x20,20x20,shortest_path,400,,not_checked,,,new20x20,new_instances/20x20,new_instances/20x20,0.03,600,1000,1,9000,9001,10000,true,results/batch/fpp_new_instances_scaling_new20x20/splits/new20x20_seed20266129_train600_test1000_case5_train.csv,results/batch/fpp_new_instances_scaling_new20x20/splits/new20x20_seed20266129_train600_test1000_case5_test.csv,MeanCVaR,FPP-SAA-MeanCVaR,FPP-SAA,fpp_base,mean-cvar,0.9,0.5,none,none,false,false,false,false,false,false,false,false,heuristic,0.10,eta-asc,true,true,100,100,1e-3,0,100000,1800,0.001,1,results/batch/fpp_new_instances_scaling_new20x20/splits,results/batch/fpp_new_instances_scaling_new20x20/workers/worker_055,results/batch/fpp_new_instances_scaling_new20x20/workers/worker_055/batch_results_worker_055.csv,results/batch/fpp_new_instances_scaling_new20x20/workers/worker_055/json/worker_055_task_000.json,results/batch/fpp_new_instances_scaling_new20x20/workers/worker_055/solutions,new20x20_case05_train600_test1000_alpha0p03_fpp_saa_meancvar,run-fpp-saa-oos
worker_055_task_001,worker_055,case05,5,20260529,20266129,20266129,new20x20,20x20,shortest_path,400,,not_checked,,,new20x20,new_instances/20x20,new_instances/20x20,0.03,600,1000,1,9000,9001,10000,true,results/batch/fpp_new_instances_scaling_new20x20/splits/new20x20_seed20266129_train600_test1000_case5_train.csv,results/batch/fpp_new_instances_scaling_new20x20/splits/new20x20_seed20266129_train600_test1000_case5_test.csv,Expected,FPP-Branch-Benders-LLBI-RootCuts,FPP-Branch-Benders,,expected,0.9,1.0,none,none,true,true,false,false,false,false,false,false,heuristic,0.10,eta-asc,true,true,100,100,1e-3,0,100000,1800,0.001,1,results/batch/fpp_new_instances_scaling_new20x20/splits,results/batch/fpp_new_instances_scaling_new20x20/workers/worker_055,results/batch/fpp_new_instances_scaling_new20x20/workers/worker_055/batch_results_worker_055.csv,results/batch/fpp_new_instances_scaling_new20x20/workers/worker_055/json/worker_055_task_001.json,results/batch/fpp_new_instances_scaling_new20x20/workers/worker_055/solutions,new20x20_case05_train600_test1000_alpha0p03_fpp_branch_benders_llbi_rootcuts,run-fpp-branch-benders-oos
worker_055_task_002,worker_055,case05,5,20260529,20266129,20266129,new20x20,20x20,shortest_path,400,,not_checked,,,new20x20,new_instances/20x20,new_instances/20x20,0.03,600,1000,1,9000,9001,10000,true,results/batch/fpp_new_instances_scaling_new20x20/splits/new20x20_seed20266129_train600_test1000_case5_train.csv,results/batch/fpp_new_instances_scaling_new20x20/splits/new20x20_seed20266129_train600_test1000_case5_test.csv,Expected,FPP-Branch-Benders-ProjectedCoverageLLBI-exp-RootCuts,FPP-Branch-Benders,,expected,0.9,1.0,coverage,exp,true,false,true,false,false,true,false,false,heuristic,0.10,eta-asc,true,true,100,100,1e-3,0,100000,1800,0.001,1,results/batch/fpp_new_instances_scaling_new20x20/splits,results/batch/fpp_new_instances_scaling_new20x20/workers/worker_055,results/batch/fpp_new_instances_scaling_new20x20/workers/worker_055/batch_results_worker_055.csv,results/batch/fpp_new_instances_scaling_new20x20/workers/worker_055/json/worker_055_task_002.json,results/batch/fpp_new_instances_scaling_new20x20/workers/worker_055/solutions,new20x20_case05_train600_test1000_alpha0p03_fpp_branch_benders_projectedcoveragellbi_exp_rootcuts,run-fpp-branch-benders-oos
worker_055_task_003,worker_055,case05,5,20260529,20266129,20266129,new20x20,20x20,shortest_path,400,,not_checked,,,new20x20,new_instances/20x20,new_instances/20x20,0.03,600,1000,1,9000,9001,10000,true,results/batch/fpp_new_instances_scaling_new20x20/splits/new20x20_seed20266129_train600_test1000_case5_train.csv,results/batch/fpp_new_instances_scaling_new20x20/splits/new20x20_seed20266129_train600_test1000_case5_test.csv,Expected,FPP-Branch-Benders-ProjectedPathLLBI-exp-RootCuts,FPP-Branch-Benders,,expected,0.9,1.0,path,exp,true,false,true,false,false,false,true,false,heuristic,0.10,eta-asc,true,true,100,100,1e-3,0,100000,1800,0.001,1,results/batch/fpp_new_instances_scaling_new20x20/splits,results/batch/fpp_new_instances_scaling_new20x20/workers/worker_055,results/batch/fpp_new_instances_scaling_new20x20/workers/worker_055/batch_results_worker_055.csv,results/batch/fpp_new_instances_scaling_new20x20/workers/worker_055/json/worker_055_task_003.json,results/batch/fpp_new_instances_scaling_new20x20/workers/worker_055/solutions,new20x20_case05_train600_test1000_alpha0p03_fpp_branch_benders_projectedpathllbi_exp_rootcuts,run-fpp-branch-benders-oos
worker_055_task_004,worker_055,case05,5,20260529,20266129,20266129,new20x20,20x20,shortest_path,400,,not_checked,,,new20x20,new_instances/20x20,new_instances/20x20,0.03,600,1000,1,9000,9001,10000,true,results/batch/fpp_new_instances_scaling_new20x20/splits/new20x20_seed20266129_train600_test1000_case5_train.csv,results/batch/fpp_new_instances_scaling_new20x20/splits/new20x20_seed20266129_train600_test1000_case5_test.csv,CVaR,FPP-Branch-Benders-CVaR-RootCuts,FPP-Branch-Benders,,cvar,0.9,1.0,none,none,true,false,false,false,false,false,false,false,heuristic,0.10,eta-asc,true,true,100,100,1e-3,0,100000,1800,0.001,1,results/batch/fpp_new_instances_scaling_new20x20/splits,results/batch/fpp_new_instances_scaling_new20x20/workers/worker_055,results/batch/fpp_new_instances_scaling_new20x20/workers/worker_055/batch_results_worker_055.csv,results/batch/fpp_new_instances_scaling_new20x20/workers/worker_055/json/worker_055_task_004.json,results/batch/fpp_new_instances_scaling_new20x20/workers/worker_055/solutions,new20x20_case05_train600_test1000_alpha0p03_fpp_branch_benders_cvar_rootcuts,run-fpp-branch-benders-oos
worker_055_task_005,worker_055,case05,5,20260529,20266129,20266129,new20x20,20x20,shortest_path,400,,not_checked,,,new20x20,new_instances/20x20,new_instances/20x20,0.03,600,1000,1,9000,9001,10000,true,results/batch/fpp_new_instances_scaling_new20x20/splits/new20x20_seed20266129_train600_test1000_case5_train.csv,results/batch/fpp_new_instances_scaling_new20x20/splits/new20x20_seed20266129_train600_test1000_case5_test.csv,CVaR,FPP-Branch-Benders-CVaR-LLBI-RootCuts,FPP-Branch-Benders,,cvar,0.9,1.0,none,none,true,true,false,false,false,false,false,false,heuristic,0.10,eta-asc,true,true,100,100,1e-3,0,100000,1800,0.001,1,results/batch/fpp_new_instances_scaling_new20x20/splits,results/batch/fpp_new_instances_scaling_new20x20/workers/worker_055,results/batch/fpp_new_instances_scaling_new20x20/workers/worker_055/batch_results_worker_055.csv,results/batch/fpp_new_instances_scaling_new20x20/workers/worker_055/json/worker_055_task_005.json,results/batch/fpp_new_instances_scaling_new20x20/workers/worker_055/solutions,new20x20_case05_train600_test1000_alpha0p03_fpp_branch_benders_cvar_llbi_rootcuts,run-fpp-branch-benders-oos
worker_055_task_006,worker_055,case05,5,20260529,20266129,20266129,new20x20,20x20,shortest_path,400,,not_checked,,,new20x20,new_instances/20x20,new_instances/20x20,0.03,600,1000,1,9000,9001,10000,true,results/batch/fpp_new_instances_scaling_new20x20/splits/new20x20_seed20266129_train600_test1000_case5_train.csv,results/batch/fpp_new_instances_scaling_new20x20/splits/new20x20_seed20266129_train600_test1000_case5_test.csv,CVaR,FPP-Branch-Benders-CVaR-ProjectedCoverageLLBI-exp-RootCuts,FPP-Branch-Benders,,cvar,0.9,1.0,coverage,exp,true,false,true,false,false,true,false,false,heuristic,0.10,eta-asc,true,true,100,100,1e-3,0,100000,1800,0.001,1,results/batch/fpp_new_instances_scaling_new20x20/splits,results/batch/fpp_new_instances_scaling_new20x20/workers/worker_055,results/batch/fpp_new_instances_scaling_new20x20/workers/worker_055/batch_results_worker_055.csv,results/batch/fpp_new_instances_scaling_new20x20/workers/worker_055/json/worker_055_task_006.json,results/batch/fpp_new_instances_scaling_new20x20/workers/worker_055/solutions,new20x20_case05_train600_test1000_alpha0p03_fpp_branch_benders_cvar_projectedcoveragellbi_exp_rootcuts,run-fpp-branch-benders-oos
worker_055_task_007,worker_055,case05,5,20260529,20266129,20266129,new20x20,20x20,shortest_path,400,,not_checked,,,new20x20,new_instances/20x20,new_instances/20x20,0.03,600,1000,1,9000,9001,10000,true,results/batch/fpp_new_instances_scaling_new20x20/splits/new20x20_seed20266129_train600_test1000_case5_train.csv,results/batch/fpp_new_instances_scaling_new20x20/splits/new20x20_seed20266129_train600_test1000_case5_test.csv,CVaR,FPP-Branch-Benders-CVaR-ProjectedPathLLBI-exp-RootCuts,FPP-Branch-Benders,,cvar,0.9,1.0,path,exp,true,false,true,false,false,false,true,false,heuristic,0.10,eta-asc,true,true,100,100,1e-3,0,100000,1800,0.001,1,results/batch/fpp_new_instances_scaling_new20x20/splits,results/batch/fpp_new_instances_scaling_new20x20/workers/worker_055,results/batch/fpp_new_instances_scaling_new20x20/workers/worker_055/batch_results_worker_055.csv,results/batch/fpp_new_instances_scaling_new20x20/workers/worker_055/json/worker_055_task_007.json,results/batch/fpp_new_instances_scaling_new20x20/workers/worker_055/solutions,new20x20_case05_train600_test1000_alpha0p03_fpp_branch_benders_cvar_projectedpathllbi_exp_rootcuts,run-fpp-branch-benders-oos
worker_055_task_008,worker_055,case05,5,20260529,20266129,20266129,new20x20,20x20,shortest_path,400,,not_checked,,,new20x20,new_instances/20x20,new_instances/20x20,0.03,600,1000,1,9000,9001,10000,true,results/batch/fpp_new_instances_scaling_new20x20/splits/new20x20_seed20266129_train600_test1000_case5_train.csv,results/batch/fpp_new_instances_scaling_new20x20/splits/new20x20_seed20266129_train600_test1000_case5_test.csv,MeanCVaR,FPP-Branch-Benders-MeanCVaR-RootCuts,FPP-Branch-Benders,,mean-cvar,0.9,0.5,none,none,true,false,false,false,false,false,false,false,heuristic,0.10,eta-asc,true,true,100,100,1e-3,0,100000,1800,0.001,1,results/batch/fpp_new_instances_scaling_new20x20/splits,results/batch/fpp_new_instances_scaling_new20x20/workers/worker_055,results/batch/fpp_new_instances_scaling_new20x20/workers/worker_055/batch_results_worker_055.csv,results/batch/fpp_new_instances_scaling_new20x20/workers/worker_055/json/worker_055_task_008.json,results/batch/fpp_new_instances_scaling_new20x20/workers/worker_055/solutions,new20x20_case05_train600_test1000_alpha0p03_fpp_branch_benders_meancvar_rootcuts,run-fpp-branch-benders-oos
worker_055_task_009,worker_055,case05,5,20260529,20266129,20266129,new20x20,20x20,shortest_path,400,,not_checked,,,new20x20,new_instances/20x20,new_instances/20x20,0.03,600,1000,1,9000,9001,10000,true,results/batch/fpp_new_instances_scaling_new20x20/splits/new20x20_seed20266129_train600_test1000_case5_train.csv,results/batch/fpp_new_instances_scaling_new20x20/splits/new20x20_seed20266129_train600_test1000_case5_test.csv,MeanCVaR,FPP-Branch-Benders-MeanCVaR-LLBI-RootCuts,FPP-Branch-Benders,,mean-cvar,0.9,0.5,none,none,true,true,false,false,false,false,false,false,heuristic,0.10,eta-asc,true,true,100,100,1e-3,0,100000,1800,0.001,1,results/batch/fpp_new_instances_scaling_new20x20/splits,results/batch/fpp_new_instances_scaling_new20x20/workers/worker_055,results/batch/fpp_new_instances_scaling_new20x20/workers/worker_055/batch_results_worker_055.csv,results/batch/fpp_new_instances_scaling_new20x20/workers/worker_055/json/worker_055_task_009.json,results/batch/fpp_new_instances_scaling_new20x20/workers/worker_055/solutions,new20x20_case05_train600_test1000_alpha0p03_fpp_branch_benders_meancvar_llbi_rootcuts,run-fpp-branch-benders-oos
worker_055_task_010,worker_055,case05,5,20260529,20266129,20266129,new20x20,20x20,shortest_path,400,,not_checked,,,new20x20,new_instances/20x20,new_instances/20x20,0.03,600,1000,1,9000,9001,10000,true,results/batch/fpp_new_instances_scaling_new20x20/splits/new20x20_seed20266129_train600_test1000_case5_train.csv,results/batch/fpp_new_instances_scaling_new20x20/splits/new20x20_seed20266129_train600_test1000_case5_test.csv,MeanCVaR,FPP-Branch-Benders-MeanCVaR-ProjectedCoverageLLBI-exp-RootCuts,FPP-Branch-Benders,,mean-cvar,0.9,0.5,coverage,exp,true,false,true,false,false,true,false,false,heuristic,0.10,eta-asc,true,true,100,100,1e-3,0,100000,1800,0.001,1,results/batch/fpp_new_instances_scaling_new20x20/splits,results/batch/fpp_new_instances_scaling_new20x20/workers/worker_055,results/batch/fpp_new_instances_scaling_new20x20/workers/worker_055/batch_results_worker_055.csv,results/batch/fpp_new_instances_scaling_new20x20/workers/worker_055/json/worker_055_task_010.json,results/batch/fpp_new_instances_scaling_new20x20/workers/worker_055/solutions,new20x20_case05_train600_test1000_alpha0p03_fpp_branch_benders_meancvar_projectedcoveragellbi_exp_rootcuts,run-fpp-branch-benders-oos
worker_055_task_011,worker_055,case05,5,20260529,20266129,20266129,new20x20,20x20,shortest_path,400,,not_checked,,,new20x20,new_instances/20x20,new_instances/20x20,0.03,600,1000,1,9000,9001,10000,true,results/batch/fpp_new_instances_scaling_new20x20/splits/new20x20_seed20266129_train600_test1000_case5_train.csv,results/batch/fpp_new_instances_scaling_new20x20/splits/new20x20_seed20266129_train600_test1000_case5_test.csv,MeanCVaR,FPP-Branch-Benders-MeanCVaR-ProjectedPathLLBI-exp-RootCuts,FPP-Branch-Benders,,mean-cvar,0.9,0.5,path,exp,true,false,true,false,false,false,true,false,heuristic,0.10,eta-asc,true,true,100,100,1e-3,0,100000,1800,0.001,1,results/batch/fpp_new_instances_scaling_new20x20/splits,results/batch/fpp_new_instances_scaling_new20x20/workers/worker_055,results/batch/fpp_new_instances_scaling_new20x20/workers/worker_055/batch_results_worker_055.csv,results/batch/fpp_new_instances_scaling_new20x20/workers/worker_055/json/worker_055_task_011.json,results/batch/fpp_new_instances_scaling_new20x20/workers/worker_055/solutions,new20x20_case05_train600_test1000_alpha0p03_fpp_branch_benders_meancvar_projectedpathllbi_exp_rootcuts,run-fpp-branch-benders-oos
worker_056_task_000,worker_056,case06,6,20260529,20267129,20267129,new20x20,20x20,shortest_path,400,,not_checked,,,new20x20,new_instances/20x20,new_instances/20x20,0.03,600,1000,1,9000,9001,10000,true,results/batch/fpp_new_instances_scaling_new20x20/splits/new20x20_seed20267129_train600_test1000_case6_train.csv,results/batch/fpp_new_instances_scaling_new20x20/splits/new20x20_seed20267129_train600_test1000_case6_test.csv,MeanCVaR,FPP-SAA-MeanCVaR,FPP-SAA,fpp_base,mean-cvar,0.9,0.5,none,none,false,false,false,false,false,false,false,false,heuristic,0.10,eta-asc,true,true,100,100,1e-3,0,100000,1800,0.001,1,results/batch/fpp_new_instances_scaling_new20x20/splits,results/batch/fpp_new_instances_scaling_new20x20/workers/worker_056,results/batch/fpp_new_instances_scaling_new20x20/workers/worker_056/batch_results_worker_056.csv,results/batch/fpp_new_instances_scaling_new20x20/workers/worker_056/json/worker_056_task_000.json,results/batch/fpp_new_instances_scaling_new20x20/workers/worker_056/solutions,new20x20_case06_train600_test1000_alpha0p03_fpp_saa_meancvar,run-fpp-saa-oos
worker_056_task_001,worker_056,case06,6,20260529,20267129,20267129,new20x20,20x20,shortest_path,400,,not_checked,,,new20x20,new_instances/20x20,new_instances/20x20,0.03,600,1000,1,9000,9001,10000,true,results/batch/fpp_new_instances_scaling_new20x20/splits/new20x20_seed20267129_train600_test1000_case6_train.csv,results/batch/fpp_new_instances_scaling_new20x20/splits/new20x20_seed20267129_train600_test1000_case6_test.csv,Expected,FPP-Branch-Benders-LLBI-RootCuts,FPP-Branch-Benders,,expected,0.9,1.0,none,none,true,true,false,false,false,false,false,false,heuristic,0.10,eta-asc,true,true,100,100,1e-3,0,100000,1800,0.001,1,results/batch/fpp_new_instances_scaling_new20x20/splits,results/batch/fpp_new_instances_scaling_new20x20/workers/worker_056,results/batch/fpp_new_instances_scaling_new20x20/workers/worker_056/batch_results_worker_056.csv,results/batch/fpp_new_instances_scaling_new20x20/workers/worker_056/json/worker_056_task_001.json,results/batch/fpp_new_instances_scaling_new20x20/workers/worker_056/solutions,new20x20_case06_train600_test1000_alpha0p03_fpp_branch_benders_llbi_rootcuts,run-fpp-branch-benders-oos
worker_056_task_002,worker_056,case06,6,20260529,20267129,20267129,new20x20,20x20,shortest_path,400,,not_checked,,,new20x20,new_instances/20x20,new_instances/20x20,0.03,600,1000,1,9000,9001,10000,true,results/batch/fpp_new_instances_scaling_new20x20/splits/new20x20_seed20267129_train600_test1000_case6_train.csv,results/batch/fpp_new_instances_scaling_new20x20/splits/new20x20_seed20267129_train600_test1000_case6_test.csv,Expected,FPP-Branch-Benders-ProjectedCoverageLLBI-exp-RootCuts,FPP-Branch-Benders,,expected,0.9,1.0,coverage,exp,true,false,true,false,false,true,false,false,heuristic,0.10,eta-asc,true,true,100,100,1e-3,0,100000,1800,0.001,1,results/batch/fpp_new_instances_scaling_new20x20/splits,results/batch/fpp_new_instances_scaling_new20x20/workers/worker_056,results/batch/fpp_new_instances_scaling_new20x20/workers/worker_056/batch_results_worker_056.csv,results/batch/fpp_new_instances_scaling_new20x20/workers/worker_056/json/worker_056_task_002.json,results/batch/fpp_new_instances_scaling_new20x20/workers/worker_056/solutions,new20x20_case06_train600_test1000_alpha0p03_fpp_branch_benders_projectedcoveragellbi_exp_rootcuts,run-fpp-branch-benders-oos
worker_056_task_003,worker_056,case06,6,20260529,20267129,20267129,new20x20,20x20,shortest_path,400,,not_checked,,,new20x20,new_instances/20x20,new_instances/20x20,0.03,600,1000,1,9000,9001,10000,true,results/batch/fpp_new_instances_scaling_new20x20/splits/new20x20_seed20267129_train600_test1000_case6_train.csv,results/batch/fpp_new_instances_scaling_new20x20/splits/new20x20_seed20267129_train600_test1000_case6_test.csv,Expected,FPP-Branch-Benders-ProjectedPathLLBI-exp-RootCuts,FPP-Branch-Benders,,expected,0.9,1.0,path,exp,true,false,true,false,false,false,true,false,heuristic,0.10,eta-asc,true,true,100,100,1e-3,0,100000,1800,0.001,1,results/batch/fpp_new_instances_scaling_new20x20/splits,results/batch/fpp_new_instances_scaling_new20x20/workers/worker_056,results/batch/fpp_new_instances_scaling_new20x20/workers/worker_056/batch_results_worker_056.csv,results/batch/fpp_new_instances_scaling_new20x20/workers/worker_056/json/worker_056_task_003.json,results/batch/fpp_new_instances_scaling_new20x20/workers/worker_056/solutions,new20x20_case06_train600_test1000_alpha0p03_fpp_branch_benders_projectedpathllbi_exp_rootcuts,run-fpp-branch-benders-oos
worker_056_task_004,worker_056,case06,6,20260529,20267129,20267129,new20x20,20x20,shortest_path,400,,not_checked,,,new20x20,new_instances/20x20,new_instances/20x20,0.03,600,1000,1,9000,9001,10000,true,results/batch/fpp_new_instances_scaling_new20x20/splits/new20x20_seed20267129_train600_test1000_case6_train.csv,results/batch/fpp_new_instances_scaling_new20x20/splits/new20x20_seed20267129_train600_test1000_case6_test.csv,CVaR,FPP-Branch-Benders-CVaR-RootCuts,FPP-Branch-Benders,,cvar,0.9,1.0,none,none,true,false,false,false,false,false,false,false,heuristic,0.10,eta-asc,true,true,100,100,1e-3,0,100000,1800,0.001,1,results/batch/fpp_new_instances_scaling_new20x20/splits,results/batch/fpp_new_instances_scaling_new20x20/workers/worker_056,results/batch/fpp_new_instances_scaling_new20x20/workers/worker_056/batch_results_worker_056.csv,results/batch/fpp_new_instances_scaling_new20x20/workers/worker_056/json/worker_056_task_004.json,results/batch/fpp_new_instances_scaling_new20x20/workers/worker_056/solutions,new20x20_case06_train600_test1000_alpha0p03_fpp_branch_benders_cvar_rootcuts,run-fpp-branch-benders-oos
worker_056_task_005,worker_056,case06,6,20260529,20267129,20267129,new20x20,20x20,shortest_path,400,,not_checked,,,new20x20,new_instances/20x20,new_instances/20x20,0.03,600,1000,1,9000,9001,10000,true,results/batch/fpp_new_instances_scaling_new20x20/splits/new20x20_seed20267129_train600_test1000_case6_train.csv,results/batch/fpp_new_instances_scaling_new20x20/splits/new20x20_seed20267129_train600_test1000_case6_test.csv,CVaR,FPP-Branch-Benders-CVaR-LLBI-RootCuts,FPP-Branch-Benders,,cvar,0.9,1.0,none,none,true,true,false,false,false,false,false,false,heuristic,0.10,eta-asc,true,true,100,100,1e-3,0,100000,1800,0.001,1,results/batch/fpp_new_instances_scaling_new20x20/splits,results/batch/fpp_new_instances_scaling_new20x20/workers/worker_056,results/batch/fpp_new_instances_scaling_new20x20/workers/worker_056/batch_results_worker_056.csv,results/batch/fpp_new_instances_scaling_new20x20/workers/worker_056/json/worker_056_task_005.json,results/batch/fpp_new_instances_scaling_new20x20/workers/worker_056/solutions,new20x20_case06_train600_test1000_alpha0p03_fpp_branch_benders_cvar_llbi_rootcuts,run-fpp-branch-benders-oos
worker_056_task_006,worker_056,case06,6,20260529,20267129,20267129,new20x20,20x20,shortest_path,400,,not_checked,,,new20x20,new_instances/20x20,new_instances/20x20,0.03,600,1000,1,9000,9001,10000,true,results/batch/fpp_new_instances_scaling_new20x20/splits/new20x20_seed20267129_train600_test1000_case6_train.csv,results/batch/fpp_new_instances_scaling_new20x20/splits/new20x20_seed20267129_train600_test1000_case6_test.csv,CVaR,FPP-Branch-Benders-CVaR-ProjectedCoverageLLBI-exp-RootCuts,FPP-Branch-Benders,,cvar,0.9,1.0,coverage,exp,true,false,true,false,false,true,false,false,heuristic,0.10,eta-asc,true,true,100,100,1e-3,0,100000,1800,0.001,1,results/batch/fpp_new_instances_scaling_new20x20/splits,results/batch/fpp_new_instances_scaling_new20x20/workers/worker_056,results/batch/fpp_new_instances_scaling_new20x20/workers/worker_056/batch_results_worker_056.csv,results/batch/fpp_new_instances_scaling_new20x20/workers/worker_056/json/worker_056_task_006.json,results/batch/fpp_new_instances_scaling_new20x20/workers/worker_056/solutions,new20x20_case06_train600_test1000_alpha0p03_fpp_branch_benders_cvar_projectedcoveragellbi_exp_rootcuts,run-fpp-branch-benders-oos
worker_056_task_007,worker_056,case06,6,20260529,20267129,20267129,new20x20,20x20,shortest_path,400,,not_checked,,,new20x20,new_instances/20x20,new_instances/20x20,0.03,600,1000,1,9000,9001,10000,true,results/batch/fpp_new_instances_scaling_new20x20/splits/new20x20_seed20267129_train600_test1000_case6_train.csv,results/batch/fpp_new_instances_scaling_new20x20/splits/new20x20_seed20267129_train600_test1000_case6_test.csv,CVaR,FPP-Branch-Benders-CVaR-ProjectedPathLLBI-exp-RootCuts,FPP-Branch-Benders,,cvar,0.9,1.0,path,exp,true,false,true,false,false,false,true,false,heuristic,0.10,eta-asc,true,true,100,100,1e-3,0,100000,1800,0.001,1,results/batch/fpp_new_instances_scaling_new20x20/splits,results/batch/fpp_new_instances_scaling_new20x20/workers/worker_056,results/batch/fpp_new_instances_scaling_new20x20/workers/worker_056/batch_results_worker_056.csv,results/batch/fpp_new_instances_scaling_new20x20/workers/worker_056/json/worker_056_task_007.json,results/batch/fpp_new_instances_scaling_new20x20/workers/worker_056/solutions,new20x20_case06_train600_test1000_alpha0p03_fpp_branch_benders_cvar_projectedpathllbi_exp_rootcuts,run-fpp-branch-benders-oos
worker_056_task_008,worker_056,case06,6,20260529,20267129,20267129,new20x20,20x20,shortest_path,400,,not_checked,,,new20x20,new_instances/20x20,new_instances/20x20,0.03,600,1000,1,9000,9001,10000,true,results/batch/fpp_new_instances_scaling_new20x20/splits/new20x20_seed20267129_train600_test1000_case6_train.csv,results/batch/fpp_new_instances_scaling_new20x20/splits/new20x20_seed20267129_train600_test1000_case6_test.csv,MeanCVaR,FPP-Branch-Benders-MeanCVaR-RootCuts,FPP-Branch-Benders,,mean-cvar,0.9,0.5,none,none,true,false,false,false,false,false,false,false,heuristic,0.10,eta-asc,true,true,100,100,1e-3,0,100000,1800,0.001,1,results/batch/fpp_new_instances_scaling_new20x20/splits,results/batch/fpp_new_instances_scaling_new20x20/workers/worker_056,results/batch/fpp_new_instances_scaling_new20x20/workers/worker_056/batch_results_worker_056.csv,results/batch/fpp_new_instances_scaling_new20x20/workers/worker_056/json/worker_056_task_008.json,results/batch/fpp_new_instances_scaling_new20x20/workers/worker_056/solutions,new20x20_case06_train600_test1000_alpha0p03_fpp_branch_benders_meancvar_rootcuts,run-fpp-branch-benders-oos
worker_056_task_009,worker_056,case06,6,20260529,20267129,20267129,new20x20,20x20,shortest_path,400,,not_checked,,,new20x20,new_instances/20x20,new_instances/20x20,0.03,600,1000,1,9000,9001,10000,true,results/batch/fpp_new_instances_scaling_new20x20/splits/new20x20_seed20267129_train600_test1000_case6_train.csv,results/batch/fpp_new_instances_scaling_new20x20/splits/new20x20_seed20267129_train600_test1000_case6_test.csv,MeanCVaR,FPP-Branch-Benders-MeanCVaR-LLBI-RootCuts,FPP-Branch-Benders,,mean-cvar,0.9,0.5,none,none,true,true,false,false,false,false,false,false,heuristic,0.10,eta-asc,true,true,100,100,1e-3,0,100000,1800,0.001,1,results/batch/fpp_new_instances_scaling_new20x20/splits,results/batch/fpp_new_instances_scaling_new20x20/workers/worker_056,results/batch/fpp_new_instances_scaling_new20x20/workers/worker_056/batch_results_worker_056.csv,results/batch/fpp_new_instances_scaling_new20x20/workers/worker_056/json/worker_056_task_009.json,results/batch/fpp_new_instances_scaling_new20x20/workers/worker_056/solutions,new20x20_case06_train600_test1000_alpha0p03_fpp_branch_benders_meancvar_llbi_rootcuts,run-fpp-branch-benders-oos
worker_056_task_010,worker_056,case06,6,20260529,20267129,20267129,new20x20,20x20,shortest_path,400,,not_checked,,,new20x20,new_instances/20x20,new_instances/20x20,0.03,600,1000,1,9000,9001,10000,true,results/batch/fpp_new_instances_scaling_new20x20/splits/new20x20_seed20267129_train600_test1000_case6_train.csv,results/batch/fpp_new_instances_scaling_new20x20/splits/new20x20_seed20267129_train600_test1000_case6_test.csv,MeanCVaR,FPP-Branch-Benders-MeanCVaR-ProjectedCoverageLLBI-exp-RootCuts,FPP-Branch-Benders,,mean-cvar,0.9,0.5,coverage,exp,true,false,true,false,false,true,false,false,heuristic,0.10,eta-asc,true,true,100,100,1e-3,0,100000,1800,0.001,1,results/batch/fpp_new_instances_scaling_new20x20/splits,results/batch/fpp_new_instances_scaling_new20x20/workers/worker_056,results/batch/fpp_new_instances_scaling_new20x20/workers/worker_056/batch_results_worker_056.csv,results/batch/fpp_new_instances_scaling_new20x20/workers/worker_056/json/worker_056_task_010.json,results/batch/fpp_new_instances_scaling_new20x20/workers/worker_056/solutions,new20x20_case06_train600_test1000_alpha0p03_fpp_branch_benders_meancvar_projectedcoveragellbi_exp_rootcuts,run-fpp-branch-benders-oos
worker_056_task_011,worker_056,case06,6,20260529,20267129,20267129,new20x20,20x20,shortest_path,400,,not_checked,,,new20x20,new_instances/20x20,new_instances/20x20,0.03,600,1000,1,9000,9001,10000,true,results/batch/fpp_new_instances_scaling_new20x20/splits/new20x20_seed20267129_train600_test1000_case6_train.csv,results/batch/fpp_new_instances_scaling_new20x20/splits/new20x20_seed20267129_train600_test1000_case6_test.csv,MeanCVaR,FPP-Branch-Benders-MeanCVaR-ProjectedPathLLBI-exp-RootCuts,FPP-Branch-Benders,,mean-cvar,0.9,0.5,path,exp,true,false,true,false,false,false,true,false,heuristic,0.10,eta-asc,true,true,100,100,1e-3,0,100000,1800,0.001,1,results/batch/fpp_new_instances_scaling_new20x20/splits,results/batch/fpp_new_instances_scaling_new20x20/workers/worker_056,results/batch/fpp_new_instances_scaling_new20x20/workers/worker_056/batch_results_worker_056.csv,results/batch/fpp_new_instances_scaling_new20x20/workers/worker_056/json/worker_056_task_011.json,results/batch/fpp_new_instances_scaling_new20x20/workers/worker_056/solutions,new20x20_case06_train600_test1000_alpha0p03_fpp_branch_benders_meancvar_projectedpathllbi_exp_rootcuts,run-fpp-branch-benders-oos
worker_057_task_000,worker_057,case07,7,20260529,20268129,20268129,new20x20,20x20,shortest_path,400,,not_checked,,,new20x20,new_instances/20x20,new_instances/20x20,0.03,600,1000,1,9000,9001,10000,true,results/batch/fpp_new_instances_scaling_new20x20/splits/new20x20_seed20268129_train600_test1000_case7_train.csv,results/batch/fpp_new_instances_scaling_new20x20/splits/new20x20_seed20268129_train600_test1000_case7_test.csv,MeanCVaR,FPP-SAA-MeanCVaR,FPP-SAA,fpp_base,mean-cvar,0.9,0.5,none,none,false,false,false,false,false,false,false,false,heuristic,0.10,eta-asc,true,true,100,100,1e-3,0,100000,1800,0.001,1,results/batch/fpp_new_instances_scaling_new20x20/splits,results/batch/fpp_new_instances_scaling_new20x20/workers/worker_057,results/batch/fpp_new_instances_scaling_new20x20/workers/worker_057/batch_results_worker_057.csv,results/batch/fpp_new_instances_scaling_new20x20/workers/worker_057/json/worker_057_task_000.json,results/batch/fpp_new_instances_scaling_new20x20/workers/worker_057/solutions,new20x20_case07_train600_test1000_alpha0p03_fpp_saa_meancvar,run-fpp-saa-oos
worker_057_task_001,worker_057,case07,7,20260529,20268129,20268129,new20x20,20x20,shortest_path,400,,not_checked,,,new20x20,new_instances/20x20,new_instances/20x20,0.03,600,1000,1,9000,9001,10000,true,results/batch/fpp_new_instances_scaling_new20x20/splits/new20x20_seed20268129_train600_test1000_case7_train.csv,results/batch/fpp_new_instances_scaling_new20x20/splits/new20x20_seed20268129_train600_test1000_case7_test.csv,Expected,FPP-Branch-Benders-LLBI-RootCuts,FPP-Branch-Benders,,expected,0.9,1.0,none,none,true,true,false,false,false,false,false,false,heuristic,0.10,eta-asc,true,true,100,100,1e-3,0,100000,1800,0.001,1,results/batch/fpp_new_instances_scaling_new20x20/splits,results/batch/fpp_new_instances_scaling_new20x20/workers/worker_057,results/batch/fpp_new_instances_scaling_new20x20/workers/worker_057/batch_results_worker_057.csv,results/batch/fpp_new_instances_scaling_new20x20/workers/worker_057/json/worker_057_task_001.json,results/batch/fpp_new_instances_scaling_new20x20/workers/worker_057/solutions,new20x20_case07_train600_test1000_alpha0p03_fpp_branch_benders_llbi_rootcuts,run-fpp-branch-benders-oos
worker_057_task_002,worker_057,case07,7,20260529,20268129,20268129,new20x20,20x20,shortest_path,400,,not_checked,,,new20x20,new_instances/20x20,new_instances/20x20,0.03,600,1000,1,9000,9001,10000,true,results/batch/fpp_new_instances_scaling_new20x20/splits/new20x20_seed20268129_train600_test1000_case7_train.csv,results/batch/fpp_new_instances_scaling_new20x20/splits/new20x20_seed20268129_train600_test1000_case7_test.csv,Expected,FPP-Branch-Benders-ProjectedCoverageLLBI-exp-RootCuts,FPP-Branch-Benders,,expected,0.9,1.0,coverage,exp,true,false,true,false,false,true,false,false,heuristic,0.10,eta-asc,true,true,100,100,1e-3,0,100000,1800,0.001,1,results/batch/fpp_new_instances_scaling_new20x20/splits,results/batch/fpp_new_instances_scaling_new20x20/workers/worker_057,results/batch/fpp_new_instances_scaling_new20x20/workers/worker_057/batch_results_worker_057.csv,results/batch/fpp_new_instances_scaling_new20x20/workers/worker_057/json/worker_057_task_002.json,results/batch/fpp_new_instances_scaling_new20x20/workers/worker_057/solutions,new20x20_case07_train600_test1000_alpha0p03_fpp_branch_benders_projectedcoveragellbi_exp_rootcuts,run-fpp-branch-benders-oos
worker_057_task_003,worker_057,case07,7,20260529,20268129,20268129,new20x20,20x20,shortest_path,400,,not_checked,,,new20x20,new_instances/20x20,new_instances/20x20,0.03,600,1000,1,9000,9001,10000,true,results/batch/fpp_new_instances_scaling_new20x20/splits/new20x20_seed20268129_train600_test1000_case7_train.csv,results/batch/fpp_new_instances_scaling_new20x20/splits/new20x20_seed20268129_train600_test1000_case7_test.csv,Expected,FPP-Branch-Benders-ProjectedPathLLBI-exp-RootCuts,FPP-Branch-Benders,,expected,0.9,1.0,path,exp,true,false,true,false,false,false,true,false,heuristic,0.10,eta-asc,true,true,100,100,1e-3,0,100000,1800,0.001,1,results/batch/fpp_new_instances_scaling_new20x20/splits,results/batch/fpp_new_instances_scaling_new20x20/workers/worker_057,results/batch/fpp_new_instances_scaling_new20x20/workers/worker_057/batch_results_worker_057.csv,results/batch/fpp_new_instances_scaling_new20x20/workers/worker_057/json/worker_057_task_003.json,results/batch/fpp_new_instances_scaling_new20x20/workers/worker_057/solutions,new20x20_case07_train600_test1000_alpha0p03_fpp_branch_benders_projectedpathllbi_exp_rootcuts,run-fpp-branch-benders-oos
worker_057_task_004,worker_057,case07,7,20260529,20268129,20268129,new20x20,20x20,shortest_path,400,,not_checked,,,new20x20,new_instances/20x20,new_instances/20x20,0.03,600,1000,1,9000,9001,10000,true,results/batch/fpp_new_instances_scaling_new20x20/splits/new20x20_seed20268129_train600_test1000_case7_train.csv,results/batch/fpp_new_instances_scaling_new20x20/splits/new20x20_seed20268129_train600_test1000_case7_test.csv,CVaR,FPP-Branch-Benders-CVaR-RootCuts,FPP-Branch-Benders,,cvar,0.9,1.0,none,none,true,false,false,false,false,false,false,false,heuristic,0.10,eta-asc,true,true,100,100,1e-3,0,100000,1800,0.001,1,results/batch/fpp_new_instances_scaling_new20x20/splits,results/batch/fpp_new_instances_scaling_new20x20/workers/worker_057,results/batch/fpp_new_instances_scaling_new20x20/workers/worker_057/batch_results_worker_057.csv,results/batch/fpp_new_instances_scaling_new20x20/workers/worker_057/json/worker_057_task_004.json,results/batch/fpp_new_instances_scaling_new20x20/workers/worker_057/solutions,new20x20_case07_train600_test1000_alpha0p03_fpp_branch_benders_cvar_rootcuts,run-fpp-branch-benders-oos
worker_057_task_005,worker_057,case07,7,20260529,20268129,20268129,new20x20,20x20,shortest_path,400,,not_checked,,,new20x20,new_instances/20x20,new_instances/20x20,0.03,600,1000,1,9000,9001,10000,true,results/batch/fpp_new_instances_scaling_new20x20/splits/new20x20_seed20268129_train600_test1000_case7_train.csv,results/batch/fpp_new_instances_scaling_new20x20/splits/new20x20_seed20268129_train600_test1000_case7_test.csv,CVaR,FPP-Branch-Benders-CVaR-LLBI-RootCuts,FPP-Branch-Benders,,cvar,0.9,1.0,none,none,true,true,false,false,false,false,false,false,heuristic,0.10,eta-asc,true,true,100,100,1e-3,0,100000,1800,0.001,1,results/batch/fpp_new_instances_scaling_new20x20/splits,results/batch/fpp_new_instances_scaling_new20x20/workers/worker_057,results/batch/fpp_new_instances_scaling_new20x20/workers/worker_057/batch_results_worker_057.csv,results/batch/fpp_new_instances_scaling_new20x20/workers/worker_057/json/worker_057_task_005.json,results/batch/fpp_new_instances_scaling_new20x20/workers/worker_057/solutions,new20x20_case07_train600_test1000_alpha0p03_fpp_branch_benders_cvar_llbi_rootcuts,run-fpp-branch-benders-oos
worker_057_task_006,worker_057,case07,7,20260529,20268129,20268129,new20x20,20x20,shortest_path,400,,not_checked,,,new20x20,new_instances/20x20,new_instances/20x20,0.03,600,1000,1,9000,9001,10000,true,results/batch/fpp_new_instances_scaling_new20x20/splits/new20x20_seed20268129_train600_test1000_case7_train.csv,results/batch/fpp_new_instances_scaling_new20x20/splits/new20x20_seed20268129_train600_test1000_case7_test.csv,CVaR,FPP-Branch-Benders-CVaR-ProjectedCoverageLLBI-exp-RootCuts,FPP-Branch-Benders,,cvar,0.9,1.0,coverage,exp,true,false,true,false,false,true,false,false,heuristic,0.10,eta-asc,true,true,100,100,1e-3,0,100000,1800,0.001,1,results/batch/fpp_new_instances_scaling_new20x20/splits,results/batch/fpp_new_instances_scaling_new20x20/workers/worker_057,results/batch/fpp_new_instances_scaling_new20x20/workers/worker_057/batch_results_worker_057.csv,results/batch/fpp_new_instances_scaling_new20x20/workers/worker_057/json/worker_057_task_006.json,results/batch/fpp_new_instances_scaling_new20x20/workers/worker_057/solutions,new20x20_case07_train600_test1000_alpha0p03_fpp_branch_benders_cvar_projectedcoveragellbi_exp_rootcuts,run-fpp-branch-benders-oos
worker_057_task_007,worker_057,case07,7,20260529,20268129,20268129,new20x20,20x20,shortest_path,400,,not_checked,,,new20x20,new_instances/20x20,new_instances/20x20,0.03,600,1000,1,9000,9001,10000,true,results/batch/fpp_new_instances_scaling_new20x20/splits/new20x20_seed20268129_train600_test1000_case7_train.csv,results/batch/fpp_new_instances_scaling_new20x20/splits/new20x20_seed20268129_train600_test1000_case7_test.csv,CVaR,FPP-Branch-Benders-CVaR-ProjectedPathLLBI-exp-RootCuts,FPP-Branch-Benders,,cvar,0.9,1.0,path,exp,true,false,true,false,false,false,true,false,heuristic,0.10,eta-asc,true,true,100,100,1e-3,0,100000,1800,0.001,1,results/batch/fpp_new_instances_scaling_new20x20/splits,results/batch/fpp_new_instances_scaling_new20x20/workers/worker_057,results/batch/fpp_new_instances_scaling_new20x20/workers/worker_057/batch_results_worker_057.csv,results/batch/fpp_new_instances_scaling_new20x20/workers/worker_057/json/worker_057_task_007.json,results/batch/fpp_new_instances_scaling_new20x20/workers/worker_057/solutions,new20x20_case07_train600_test1000_alpha0p03_fpp_branch_benders_cvar_projectedpathllbi_exp_rootcuts,run-fpp-branch-benders-oos
worker_057_task_008,worker_057,case07,7,20260529,20268129,20268129,new20x20,20x20,shortest_path,400,,not_checked,,,new20x20,new_instances/20x20,new_instances/20x20,0.03,600,1000,1,9000,9001,10000,true,results/batch/fpp_new_instances_scaling_new20x20/splits/new20x20_seed20268129_train600_test1000_case7_train.csv,results/batch/fpp_new_instances_scaling_new20x20/splits/new20x20_seed20268129_train600_test1000_case7_test.csv,MeanCVaR,FPP-Branch-Benders-MeanCVaR-RootCuts,FPP-Branch-Benders,,mean-cvar,0.9,0.5,none,none,true,false,false,false,false,false,false,false,heuristic,0.10,eta-asc,true,true,100,100,1e-3,0,100000,1800,0.001,1,results/batch/fpp_new_instances_scaling_new20x20/splits,results/batch/fpp_new_instances_scaling_new20x20/workers/worker_057,results/batch/fpp_new_instances_scaling_new20x20/workers/worker_057/batch_results_worker_057.csv,results/batch/fpp_new_instances_scaling_new20x20/workers/worker_057/json/worker_057_task_008.json,results/batch/fpp_new_instances_scaling_new20x20/workers/worker_057/solutions,new20x20_case07_train600_test1000_alpha0p03_fpp_branch_benders_meancvar_rootcuts,run-fpp-branch-benders-oos
worker_057_task_009,worker_057,case07,7,20260529,20268129,20268129,new20x20,20x20,shortest_path,400,,not_checked,,,new20x20,new_instances/20x20,new_instances/20x20,0.03,600,1000,1,9000,9001,10000,true,results/batch/fpp_new_instances_scaling_new20x20/splits/new20x20_seed20268129_train600_test1000_case7_train.csv,results/batch/fpp_new_instances_scaling_new20x20/splits/new20x20_seed20268129_train600_test1000_case7_test.csv,MeanCVaR,FPP-Branch-Benders-MeanCVaR-LLBI-RootCuts,FPP-Branch-Benders,,mean-cvar,0.9,0.5,none,none,true,true,false,false,false,false,false,false,heuristic,0.10,eta-asc,true,true,100,100,1e-3,0,100000,1800,0.001,1,results/batch/fpp_new_instances_scaling_new20x20/splits,results/batch/fpp_new_instances_scaling_new20x20/workers/worker_057,results/batch/fpp_new_instances_scaling_new20x20/workers/worker_057/batch_results_worker_057.csv,results/batch/fpp_new_instances_scaling_new20x20/workers/worker_057/json/worker_057_task_009.json,results/batch/fpp_new_instances_scaling_new20x20/workers/worker_057/solutions,new20x20_case07_train600_test1000_alpha0p03_fpp_branch_benders_meancvar_llbi_rootcuts,run-fpp-branch-benders-oos
worker_057_task_010,worker_057,case07,7,20260529,20268129,20268129,new20x20,20x20,shortest_path,400,,not_checked,,,new20x20,new_instances/20x20,new_instances/20x20,0.03,600,1000,1,9000,9001,10000,true,results/batch/fpp_new_instances_scaling_new20x20/splits/new20x20_seed20268129_train600_test1000_case7_train.csv,results/batch/fpp_new_instances_scaling_new20x20/splits/new20x20_seed20268129_train600_test1000_case7_test.csv,MeanCVaR,FPP-Branch-Benders-MeanCVaR-ProjectedCoverageLLBI-exp-RootCuts,FPP-Branch-Benders,,mean-cvar,0.9,0.5,coverage,exp,true,false,true,false,false,true,false,false,heuristic,0.10,eta-asc,true,true,100,100,1e-3,0,100000,1800,0.001,1,results/batch/fpp_new_instances_scaling_new20x20/splits,results/batch/fpp_new_instances_scaling_new20x20/workers/worker_057,results/batch/fpp_new_instances_scaling_new20x20/workers/worker_057/batch_results_worker_057.csv,results/batch/fpp_new_instances_scaling_new20x20/workers/worker_057/json/worker_057_task_010.json,results/batch/fpp_new_instances_scaling_new20x20/workers/worker_057/solutions,new20x20_case07_train600_test1000_alpha0p03_fpp_branch_benders_meancvar_projectedcoveragellbi_exp_rootcuts,run-fpp-branch-benders-oos
worker_057_task_011,worker_057,case07,7,20260529,20268129,20268129,new20x20,20x20,shortest_path,400,,not_checked,,,new20x20,new_instances/20x20,new_instances/20x20,0.03,600,1000,1,9000,9001,10000,true,results/batch/fpp_new_instances_scaling_new20x20/splits/new20x20_seed20268129_train600_test1000_case7_train.csv,results/batch/fpp_new_instances_scaling_new20x20/splits/new20x20_seed20268129_train600_test1000_case7_test.csv,MeanCVaR,FPP-Branch-Benders-MeanCVaR-ProjectedPathLLBI-exp-RootCuts,FPP-Branch-Benders,,mean-cvar,0.9,0.5,path,exp,true,false,true,false,false,false,true,false,heuristic,0.10,eta-asc,true,true,100,100,1e-3,0,100000,1800,0.001,1,results/batch/fpp_new_instances_scaling_new20x20/splits,results/batch/fpp_new_instances_scaling_new20x20/workers/worker_057,results/batch/fpp_new_instances_scaling_new20x20/workers/worker_057/batch_results_worker_057.csv,results/batch/fpp_new_instances_scaling_new20x20/workers/worker_057/json/worker_057_task_011.json,results/batch/fpp_new_instances_scaling_new20x20/workers/worker_057/solutions,new20x20_case07_train600_test1000_alpha0p03_fpp_branch_benders_meancvar_projectedpathllbi_exp_rootcuts,run-fpp-branch-benders-oos
worker_058_task_000,worker_058,case08,8,20260529,20269129,20269129,new20x20,20x20,shortest_path,400,,not_checked,,,new20x20,new_instances/20x20,new_instances/20x20,0.03,600,1000,1,9000,9001,10000,true,results/batch/fpp_new_instances_scaling_new20x20/splits/new20x20_seed20269129_train600_test1000_case8_train.csv,results/batch/fpp_new_instances_scaling_new20x20/splits/new20x20_seed20269129_train600_test1000_case8_test.csv,MeanCVaR,FPP-SAA-MeanCVaR,FPP-SAA,fpp_base,mean-cvar,0.9,0.5,none,none,false,false,false,false,false,false,false,false,heuristic,0.10,eta-asc,true,true,100,100,1e-3,0,100000,1800,0.001,1,results/batch/fpp_new_instances_scaling_new20x20/splits,results/batch/fpp_new_instances_scaling_new20x20/workers/worker_058,results/batch/fpp_new_instances_scaling_new20x20/workers/worker_058/batch_results_worker_058.csv,results/batch/fpp_new_instances_scaling_new20x20/workers/worker_058/json/worker_058_task_000.json,results/batch/fpp_new_instances_scaling_new20x20/workers/worker_058/solutions,new20x20_case08_train600_test1000_alpha0p03_fpp_saa_meancvar,run-fpp-saa-oos
worker_058_task_001,worker_058,case08,8,20260529,20269129,20269129,new20x20,20x20,shortest_path,400,,not_checked,,,new20x20,new_instances/20x20,new_instances/20x20,0.03,600,1000,1,9000,9001,10000,true,results/batch/fpp_new_instances_scaling_new20x20/splits/new20x20_seed20269129_train600_test1000_case8_train.csv,results/batch/fpp_new_instances_scaling_new20x20/splits/new20x20_seed20269129_train600_test1000_case8_test.csv,Expected,FPP-Branch-Benders-LLBI-RootCuts,FPP-Branch-Benders,,expected,0.9,1.0,none,none,true,true,false,false,false,false,false,false,heuristic,0.10,eta-asc,true,true,100,100,1e-3,0,100000,1800,0.001,1,results/batch/fpp_new_instances_scaling_new20x20/splits,results/batch/fpp_new_instances_scaling_new20x20/workers/worker_058,results/batch/fpp_new_instances_scaling_new20x20/workers/worker_058/batch_results_worker_058.csv,results/batch/fpp_new_instances_scaling_new20x20/workers/worker_058/json/worker_058_task_001.json,results/batch/fpp_new_instances_scaling_new20x20/workers/worker_058/solutions,new20x20_case08_train600_test1000_alpha0p03_fpp_branch_benders_llbi_rootcuts,run-fpp-branch-benders-oos
worker_058_task_002,worker_058,case08,8,20260529,20269129,20269129,new20x20,20x20,shortest_path,400,,not_checked,,,new20x20,new_instances/20x20,new_instances/20x20,0.03,600,1000,1,9000,9001,10000,true,results/batch/fpp_new_instances_scaling_new20x20/splits/new20x20_seed20269129_train600_test1000_case8_train.csv,results/batch/fpp_new_instances_scaling_new20x20/splits/new20x20_seed20269129_train600_test1000_case8_test.csv,Expected,FPP-Branch-Benders-ProjectedCoverageLLBI-exp-RootCuts,FPP-Branch-Benders,,expected,0.9,1.0,coverage,exp,true,false,true,false,false,true,false,false,heuristic,0.10,eta-asc,true,true,100,100,1e-3,0,100000,1800,0.001,1,results/batch/fpp_new_instances_scaling_new20x20/splits,results/batch/fpp_new_instances_scaling_new20x20/workers/worker_058,results/batch/fpp_new_instances_scaling_new20x20/workers/worker_058/batch_results_worker_058.csv,results/batch/fpp_new_instances_scaling_new20x20/workers/worker_058/json/worker_058_task_002.json,results/batch/fpp_new_instances_scaling_new20x20/workers/worker_058/solutions,new20x20_case08_train600_test1000_alpha0p03_fpp_branch_benders_projectedcoveragellbi_exp_rootcuts,run-fpp-branch-benders-oos
worker_058_task_003,worker_058,case08,8,20260529,20269129,20269129,new20x20,20x20,shortest_path,400,,not_checked,,,new20x20,new_instances/20x20,new_instances/20x20,0.03,600,1000,1,9000,9001,10000,true,results/batch/fpp_new_instances_scaling_new20x20/splits/new20x20_seed20269129_train600_test1000_case8_train.csv,results/batch/fpp_new_instances_scaling_new20x20/splits/new20x20_seed20269129_train600_test1000_case8_test.csv,Expected,FPP-Branch-Benders-ProjectedPathLLBI-exp-RootCuts,FPP-Branch-Benders,,expected,0.9,1.0,path,exp,true,false,true,false,false,false,true,false,heuristic,0.10,eta-asc,true,true,100,100,1e-3,0,100000,1800,0.001,1,results/batch/fpp_new_instances_scaling_new20x20/splits,results/batch/fpp_new_instances_scaling_new20x20/workers/worker_058,results/batch/fpp_new_instances_scaling_new20x20/workers/worker_058/batch_results_worker_058.csv,results/batch/fpp_new_instances_scaling_new20x20/workers/worker_058/json/worker_058_task_003.json,results/batch/fpp_new_instances_scaling_new20x20/workers/worker_058/solutions,new20x20_case08_train600_test1000_alpha0p03_fpp_branch_benders_projectedpathllbi_exp_rootcuts,run-fpp-branch-benders-oos
worker_058_task_004,worker_058,case08,8,20260529,20269129,20269129,new20x20,20x20,shortest_path,400,,not_checked,,,new20x20,new_instances/20x20,new_instances/20x20,0.03,600,1000,1,9000,9001,10000,true,results/batch/fpp_new_instances_scaling_new20x20/splits/new20x20_seed20269129_train600_test1000_case8_train.csv,results/batch/fpp_new_instances_scaling_new20x20/splits/new20x20_seed20269129_train600_test1000_case8_test.csv,CVaR,FPP-Branch-Benders-CVaR-RootCuts,FPP-Branch-Benders,,cvar,0.9,1.0,none,none,true,false,false,false,false,false,false,false,heuristic,0.10,eta-asc,true,true,100,100,1e-3,0,100000,1800,0.001,1,results/batch/fpp_new_instances_scaling_new20x20/splits,results/batch/fpp_new_instances_scaling_new20x20/workers/worker_058,results/batch/fpp_new_instances_scaling_new20x20/workers/worker_058/batch_results_worker_058.csv,results/batch/fpp_new_instances_scaling_new20x20/workers/worker_058/json/worker_058_task_004.json,results/batch/fpp_new_instances_scaling_new20x20/workers/worker_058/solutions,new20x20_case08_train600_test1000_alpha0p03_fpp_branch_benders_cvar_rootcuts,run-fpp-branch-benders-oos
worker_058_task_005,worker_058,case08,8,20260529,20269129,20269129,new20x20,20x20,shortest_path,400,,not_checked,,,new20x20,new_instances/20x20,new_instances/20x20,0.03,600,1000,1,9000,9001,10000,true,results/batch/fpp_new_instances_scaling_new20x20/splits/new20x20_seed20269129_train600_test1000_case8_train.csv,results/batch/fpp_new_instances_scaling_new20x20/splits/new20x20_seed20269129_train600_test1000_case8_test.csv,CVaR,FPP-Branch-Benders-CVaR-LLBI-RootCuts,FPP-Branch-Benders,,cvar,0.9,1.0,none,none,true,true,false,false,false,false,false,false,heuristic,0.10,eta-asc,true,true,100,100,1e-3,0,100000,1800,0.001,1,results/batch/fpp_new_instances_scaling_new20x20/splits,results/batch/fpp_new_instances_scaling_new20x20/workers/worker_058,results/batch/fpp_new_instances_scaling_new20x20/workers/worker_058/batch_results_worker_058.csv,results/batch/fpp_new_instances_scaling_new20x20/workers/worker_058/json/worker_058_task_005.json,results/batch/fpp_new_instances_scaling_new20x20/workers/worker_058/solutions,new20x20_case08_train600_test1000_alpha0p03_fpp_branch_benders_cvar_llbi_rootcuts,run-fpp-branch-benders-oos
worker_058_task_006,worker_058,case08,8,20260529,20269129,20269129,new20x20,20x20,shortest_path,400,,not_checked,,,new20x20,new_instances/20x20,new_instances/20x20,0.03,600,1000,1,9000,9001,10000,true,results/batch/fpp_new_instances_scaling_new20x20/splits/new20x20_seed20269129_train600_test1000_case8_train.csv,results/batch/fpp_new_instances_scaling_new20x20/splits/new20x20_seed20269129_train600_test1000_case8_test.csv,CVaR,FPP-Branch-Benders-CVaR-ProjectedCoverageLLBI-exp-RootCuts,FPP-Branch-Benders,,cvar,0.9,1.0,coverage,exp,true,false,true,false,false,true,false,false,heuristic,0.10,eta-asc,true,true,100,100,1e-3,0,100000,1800,0.001,1,results/batch/fpp_new_instances_scaling_new20x20/splits,results/batch/fpp_new_instances_scaling_new20x20/workers/worker_058,results/batch/fpp_new_instances_scaling_new20x20/workers/worker_058/batch_results_worker_058.csv,results/batch/fpp_new_instances_scaling_new20x20/workers/worker_058/json/worker_058_task_006.json,results/batch/fpp_new_instances_scaling_new20x20/workers/worker_058/solutions,new20x20_case08_train600_test1000_alpha0p03_fpp_branch_benders_cvar_projectedcoveragellbi_exp_rootcuts,run-fpp-branch-benders-oos
worker_058_task_007,worker_058,case08,8,20260529,20269129,20269129,new20x20,20x20,shortest_path,400,,not_checked,,,new20x20,new_instances/20x20,new_instances/20x20,0.03,600,1000,1,9000,9001,10000,true,results/batch/fpp_new_instances_scaling_new20x20/splits/new20x20_seed20269129_train600_test1000_case8_train.csv,results/batch/fpp_new_instances_scaling_new20x20/splits/new20x20_seed20269129_train600_test1000_case8_test.csv,CVaR,FPP-Branch-Benders-CVaR-ProjectedPathLLBI-exp-RootCuts,FPP-Branch-Benders,,cvar,0.9,1.0,path,exp,true,false,true,false,false,false,true,false,heuristic,0.10,eta-asc,true,true,100,100,1e-3,0,100000,1800,0.001,1,results/batch/fpp_new_instances_scaling_new20x20/splits,results/batch/fpp_new_instances_scaling_new20x20/workers/worker_058,results/batch/fpp_new_instances_scaling_new20x20/workers/worker_058/batch_results_worker_058.csv,results/batch/fpp_new_instances_scaling_new20x20/workers/worker_058/json/worker_058_task_007.json,results/batch/fpp_new_instances_scaling_new20x20/workers/worker_058/solutions,new20x20_case08_train600_test1000_alpha0p03_fpp_branch_benders_cvar_projectedpathllbi_exp_rootcuts,run-fpp-branch-benders-oos
worker_058_task_008,worker_058,case08,8,20260529,20269129,20269129,new20x20,20x20,shortest_path,400,,not_checked,,,new20x20,new_instances/20x20,new_instances/20x20,0.03,600,1000,1,9000,9001,10000,true,results/batch/fpp_new_instances_scaling_new20x20/splits/new20x20_seed20269129_train600_test1000_case8_train.csv,results/batch/fpp_new_instances_scaling_new20x20/splits/new20x20_seed20269129_train600_test1000_case8_test.csv,MeanCVaR,FPP-Branch-Benders-MeanCVaR-RootCuts,FPP-Branch-Benders,,mean-cvar,0.9,0.5,none,none,true,false,false,false,false,false,false,false,heuristic,0.10,eta-asc,true,true,100,100,1e-3,0,100000,1800,0.001,1,results/batch/fpp_new_instances_scaling_new20x20/splits,results/batch/fpp_new_instances_scaling_new20x20/workers/worker_058,results/batch/fpp_new_instances_scaling_new20x20/workers/worker_058/batch_results_worker_058.csv,results/batch/fpp_new_instances_scaling_new20x20/workers/worker_058/json/worker_058_task_008.json,results/batch/fpp_new_instances_scaling_new20x20/workers/worker_058/solutions,new20x20_case08_train600_test1000_alpha0p03_fpp_branch_benders_meancvar_rootcuts,run-fpp-branch-benders-oos
worker_058_task_009,worker_058,case08,8,20260529,20269129,20269129,new20x20,20x20,shortest_path,400,,not_checked,,,new20x20,new_instances/20x20,new_instances/20x20,0.03,600,1000,1,9000,9001,10000,true,results/batch/fpp_new_instances_scaling_new20x20/splits/new20x20_seed20269129_train600_test1000_case8_train.csv,results/batch/fpp_new_instances_scaling_new20x20/splits/new20x20_seed20269129_train600_test1000_case8_test.csv,MeanCVaR,FPP-Branch-Benders-MeanCVaR-LLBI-RootCuts,FPP-Branch-Benders,,mean-cvar,0.9,0.5,none,none,true,true,false,false,false,false,false,false,heuristic,0.10,eta-asc,true,true,100,100,1e-3,0,100000,1800,0.001,1,results/batch/fpp_new_instances_scaling_new20x20/splits,results/batch/fpp_new_instances_scaling_new20x20/workers/worker_058,results/batch/fpp_new_instances_scaling_new20x20/workers/worker_058/batch_results_worker_058.csv,results/batch/fpp_new_instances_scaling_new20x20/workers/worker_058/json/worker_058_task_009.json,results/batch/fpp_new_instances_scaling_new20x20/workers/worker_058/solutions,new20x20_case08_train600_test1000_alpha0p03_fpp_branch_benders_meancvar_llbi_rootcuts,run-fpp-branch-benders-oos
worker_058_task_010,worker_058,case08,8,20260529,20269129,20269129,new20x20,20x20,shortest_path,400,,not_checked,,,new20x20,new_instances/20x20,new_instances/20x20,0.03,600,1000,1,9000,9001,10000,true,results/batch/fpp_new_instances_scaling_new20x20/splits/new20x20_seed20269129_train600_test1000_case8_train.csv,results/batch/fpp_new_instances_scaling_new20x20/splits/new20x20_seed20269129_train600_test1000_case8_test.csv,MeanCVaR,FPP-Branch-Benders-MeanCVaR-ProjectedCoverageLLBI-exp-RootCuts,FPP-Branch-Benders,,mean-cvar,0.9,0.5,coverage,exp,true,false,true,false,false,true,false,false,heuristic,0.10,eta-asc,true,true,100,100,1e-3,0,100000,1800,0.001,1,results/batch/fpp_new_instances_scaling_new20x20/splits,results/batch/fpp_new_instances_scaling_new20x20/workers/worker_058,results/batch/fpp_new_instances_scaling_new20x20/workers/worker_058/batch_results_worker_058.csv,results/batch/fpp_new_instances_scaling_new20x20/workers/worker_058/json/worker_058_task_010.json,results/batch/fpp_new_instances_scaling_new20x20/workers/worker_058/solutions,new20x20_case08_train600_test1000_alpha0p03_fpp_branch_benders_meancvar_projectedcoveragellbi_exp_rootcuts,run-fpp-branch-benders-oos
worker_058_task_011,worker_058,case08,8,20260529,20269129,20269129,new20x20,20x20,shortest_path,400,,not_checked,,,new20x20,new_instances/20x20,new_instances/20x20,0.03,600,1000,1,9000,9001,10000,true,results/batch/fpp_new_instances_scaling_new20x20/splits/new20x20_seed20269129_train600_test1000_case8_train.csv,results/batch/fpp_new_instances_scaling_new20x20/splits/new20x20_seed20269129_train600_test1000_case8_test.csv,MeanCVaR,FPP-Branch-Benders-MeanCVaR-ProjectedPathLLBI-exp-RootCuts,FPP-Branch-Benders,,mean-cvar,0.9,0.5,path,exp,true,false,true,false,false,false,true,false,heuristic,0.10,eta-asc,true,true,100,100,1e-3,0,100000,1800,0.001,1,results/batch/fpp_new_instances_scaling_new20x20/splits,results/batch/fpp_new_instances_scaling_new20x20/workers/worker_058,results/batch/fpp_new_instances_scaling_new20x20/workers/worker_058/batch_results_worker_058.csv,results/batch/fpp_new_instances_scaling_new20x20/workers/worker_058/json/worker_058_task_011.json,results/batch/fpp_new_instances_scaling_new20x20/workers/worker_058/solutions,new20x20_case08_train600_test1000_alpha0p03_fpp_branch_benders_meancvar_projectedpathllbi_exp_rootcuts,run-fpp-branch-benders-oos
worker_059_task_000,worker_059,case09,9,20260529,20270129,20270129,new20x20,20x20,shortest_path,400,,not_checked,,,new20x20,new_instances/20x20,new_instances/20x20,0.03,600,1000,1,9000,9001,10000,true,results/batch/fpp_new_instances_scaling_new20x20/splits/new20x20_seed20270129_train600_test1000_case9_train.csv,results/batch/fpp_new_instances_scaling_new20x20/splits/new20x20_seed20270129_train600_test1000_case9_test.csv,MeanCVaR,FPP-SAA-MeanCVaR,FPP-SAA,fpp_base,mean-cvar,0.9,0.5,none,none,false,false,false,false,false,false,false,false,heuristic,0.10,eta-asc,true,true,100,100,1e-3,0,100000,1800,0.001,1,results/batch/fpp_new_instances_scaling_new20x20/splits,results/batch/fpp_new_instances_scaling_new20x20/workers/worker_059,results/batch/fpp_new_instances_scaling_new20x20/workers/worker_059/batch_results_worker_059.csv,results/batch/fpp_new_instances_scaling_new20x20/workers/worker_059/json/worker_059_task_000.json,results/batch/fpp_new_instances_scaling_new20x20/workers/worker_059/solutions,new20x20_case09_train600_test1000_alpha0p03_fpp_saa_meancvar,run-fpp-saa-oos
worker_059_task_001,worker_059,case09,9,20260529,20270129,20270129,new20x20,20x20,shortest_path,400,,not_checked,,,new20x20,new_instances/20x20,new_instances/20x20,0.03,600,1000,1,9000,9001,10000,true,results/batch/fpp_new_instances_scaling_new20x20/splits/new20x20_seed20270129_train600_test1000_case9_train.csv,results/batch/fpp_new_instances_scaling_new20x20/splits/new20x20_seed20270129_train600_test1000_case9_test.csv,Expected,FPP-Branch-Benders-LLBI-RootCuts,FPP-Branch-Benders,,expected,0.9,1.0,none,none,true,true,false,false,false,false,false,false,heuristic,0.10,eta-asc,true,true,100,100,1e-3,0,100000,1800,0.001,1,results/batch/fpp_new_instances_scaling_new20x20/splits,results/batch/fpp_new_instances_scaling_new20x20/workers/worker_059,results/batch/fpp_new_instances_scaling_new20x20/workers/worker_059/batch_results_worker_059.csv,results/batch/fpp_new_instances_scaling_new20x20/workers/worker_059/json/worker_059_task_001.json,results/batch/fpp_new_instances_scaling_new20x20/workers/worker_059/solutions,new20x20_case09_train600_test1000_alpha0p03_fpp_branch_benders_llbi_rootcuts,run-fpp-branch-benders-oos
worker_059_task_002,worker_059,case09,9,20260529,20270129,20270129,new20x20,20x20,shortest_path,400,,not_checked,,,new20x20,new_instances/20x20,new_instances/20x20,0.03,600,1000,1,9000,9001,10000,true,results/batch/fpp_new_instances_scaling_new20x20/splits/new20x20_seed20270129_train600_test1000_case9_train.csv,results/batch/fpp_new_instances_scaling_new20x20/splits/new20x20_seed20270129_train600_test1000_case9_test.csv,Expected,FPP-Branch-Benders-ProjectedCoverageLLBI-exp-RootCuts,FPP-Branch-Benders,,expected,0.9,1.0,coverage,exp,true,false,true,false,false,true,false,false,heuristic,0.10,eta-asc,true,true,100,100,1e-3,0,100000,1800,0.001,1,results/batch/fpp_new_instances_scaling_new20x20/splits,results/batch/fpp_new_instances_scaling_new20x20/workers/worker_059,results/batch/fpp_new_instances_scaling_new20x20/workers/worker_059/batch_results_worker_059.csv,results/batch/fpp_new_instances_scaling_new20x20/workers/worker_059/json/worker_059_task_002.json,results/batch/fpp_new_instances_scaling_new20x20/workers/worker_059/solutions,new20x20_case09_train600_test1000_alpha0p03_fpp_branch_benders_projectedcoveragellbi_exp_rootcuts,run-fpp-branch-benders-oos
worker_059_task_003,worker_059,case09,9,20260529,20270129,20270129,new20x20,20x20,shortest_path,400,,not_checked,,,new20x20,new_instances/20x20,new_instances/20x20,0.03,600,1000,1,9000,9001,10000,true,results/batch/fpp_new_instances_scaling_new20x20/splits/new20x20_seed20270129_train600_test1000_case9_train.csv,results/batch/fpp_new_instances_scaling_new20x20/splits/new20x20_seed20270129_train600_test1000_case9_test.csv,Expected,FPP-Branch-Benders-ProjectedPathLLBI-exp-RootCuts,FPP-Branch-Benders,,expected,0.9,1.0,path,exp,true,false,true,false,false,false,true,false,heuristic,0.10,eta-asc,true,true,100,100,1e-3,0,100000,1800,0.001,1,results/batch/fpp_new_instances_scaling_new20x20/splits,results/batch/fpp_new_instances_scaling_new20x20/workers/worker_059,results/batch/fpp_new_instances_scaling_new20x20/workers/worker_059/batch_results_worker_059.csv,results/batch/fpp_new_instances_scaling_new20x20/workers/worker_059/json/worker_059_task_003.json,results/batch/fpp_new_instances_scaling_new20x20/workers/worker_059/solutions,new20x20_case09_train600_test1000_alpha0p03_fpp_branch_benders_projectedpathllbi_exp_rootcuts,run-fpp-branch-benders-oos
worker_059_task_004,worker_059,case09,9,20260529,20270129,20270129,new20x20,20x20,shortest_path,400,,not_checked,,,new20x20,new_instances/20x20,new_instances/20x20,0.03,600,1000,1,9000,9001,10000,true,results/batch/fpp_new_instances_scaling_new20x20/splits/new20x20_seed20270129_train600_test1000_case9_train.csv,results/batch/fpp_new_instances_scaling_new20x20/splits/new20x20_seed20270129_train600_test1000_case9_test.csv,CVaR,FPP-Branch-Benders-CVaR-RootCuts,FPP-Branch-Benders,,cvar,0.9,1.0,none,none,true,false,false,false,false,false,false,false,heuristic,0.10,eta-asc,true,true,100,100,1e-3,0,100000,1800,0.001,1,results/batch/fpp_new_instances_scaling_new20x20/splits,results/batch/fpp_new_instances_scaling_new20x20/workers/worker_059,results/batch/fpp_new_instances_scaling_new20x20/workers/worker_059/batch_results_worker_059.csv,results/batch/fpp_new_instances_scaling_new20x20/workers/worker_059/json/worker_059_task_004.json,results/batch/fpp_new_instances_scaling_new20x20/workers/worker_059/solutions,new20x20_case09_train600_test1000_alpha0p03_fpp_branch_benders_cvar_rootcuts,run-fpp-branch-benders-oos
worker_059_task_005,worker_059,case09,9,20260529,20270129,20270129,new20x20,20x20,shortest_path,400,,not_checked,,,new20x20,new_instances/20x20,new_instances/20x20,0.03,600,1000,1,9000,9001,10000,true,results/batch/fpp_new_instances_scaling_new20x20/splits/new20x20_seed20270129_train600_test1000_case9_train.csv,results/batch/fpp_new_instances_scaling_new20x20/splits/new20x20_seed20270129_train600_test1000_case9_test.csv,CVaR,FPP-Branch-Benders-CVaR-LLBI-RootCuts,FPP-Branch-Benders,,cvar,0.9,1.0,none,none,true,true,false,false,false,false,false,false,heuristic,0.10,eta-asc,true,true,100,100,1e-3,0,100000,1800,0.001,1,results/batch/fpp_new_instances_scaling_new20x20/splits,results/batch/fpp_new_instances_scaling_new20x20/workers/worker_059,results/batch/fpp_new_instances_scaling_new20x20/workers/worker_059/batch_results_worker_059.csv,results/batch/fpp_new_instances_scaling_new20x20/workers/worker_059/json/worker_059_task_005.json,results/batch/fpp_new_instances_scaling_new20x20/workers/worker_059/solutions,new20x20_case09_train600_test1000_alpha0p03_fpp_branch_benders_cvar_llbi_rootcuts,run-fpp-branch-benders-oos
worker_059_task_006,worker_059,case09,9,20260529,20270129,20270129,new20x20,20x20,shortest_path,400,,not_checked,,,new20x20,new_instances/20x20,new_instances/20x20,0.03,600,1000,1,9000,9001,10000,true,results/batch/fpp_new_instances_scaling_new20x20/splits/new20x20_seed20270129_train600_test1000_case9_train.csv,results/batch/fpp_new_instances_scaling_new20x20/splits/new20x20_seed20270129_train600_test1000_case9_test.csv,CVaR,FPP-Branch-Benders-CVaR-ProjectedCoverageLLBI-exp-RootCuts,FPP-Branch-Benders,,cvar,0.9,1.0,coverage,exp,true,false,true,false,false,true,false,false,heuristic,0.10,eta-asc,true,true,100,100,1e-3,0,100000,1800,0.001,1,results/batch/fpp_new_instances_scaling_new20x20/splits,results/batch/fpp_new_instances_scaling_new20x20/workers/worker_059,results/batch/fpp_new_instances_scaling_new20x20/workers/worker_059/batch_results_worker_059.csv,results/batch/fpp_new_instances_scaling_new20x20/workers/worker_059/json/worker_059_task_006.json,results/batch/fpp_new_instances_scaling_new20x20/workers/worker_059/solutions,new20x20_case09_train600_test1000_alpha0p03_fpp_branch_benders_cvar_projectedcoveragellbi_exp_rootcuts,run-fpp-branch-benders-oos
worker_059_task_007,worker_059,case09,9,20260529,20270129,20270129,new20x20,20x20,shortest_path,400,,not_checked,,,new20x20,new_instances/20x20,new_instances/20x20,0.03,600,1000,1,9000,9001,10000,true,results/batch/fpp_new_instances_scaling_new20x20/splits/new20x20_seed20270129_train600_test1000_case9_train.csv,results/batch/fpp_new_instances_scaling_new20x20/splits/new20x20_seed20270129_train600_test1000_case9_test.csv,CVaR,FPP-Branch-Benders-CVaR-ProjectedPathLLBI-exp-RootCuts,FPP-Branch-Benders,,cvar,0.9,1.0,path,exp,true,false,true,false,false,false,true,false,heuristic,0.10,eta-asc,true,true,100,100,1e-3,0,100000,1800,0.001,1,results/batch/fpp_new_instances_scaling_new20x20/splits,results/batch/fpp_new_instances_scaling_new20x20/workers/worker_059,results/batch/fpp_new_instances_scaling_new20x20/workers/worker_059/batch_results_worker_059.csv,results/batch/fpp_new_instances_scaling_new20x20/workers/worker_059/json/worker_059_task_007.json,results/batch/fpp_new_instances_scaling_new20x20/workers/worker_059/solutions,new20x20_case09_train600_test1000_alpha0p03_fpp_branch_benders_cvar_projectedpathllbi_exp_rootcuts,run-fpp-branch-benders-oos
worker_059_task_008,worker_059,case09,9,20260529,20270129,20270129,new20x20,20x20,shortest_path,400,,not_checked,,,new20x20,new_instances/20x20,new_instances/20x20,0.03,600,1000,1,9000,9001,10000,true,results/batch/fpp_new_instances_scaling_new20x20/splits/new20x20_seed20270129_train600_test1000_case9_train.csv,results/batch/fpp_new_instances_scaling_new20x20/splits/new20x20_seed20270129_train600_test1000_case9_test.csv,MeanCVaR,FPP-Branch-Benders-MeanCVaR-RootCuts,FPP-Branch-Benders,,mean-cvar,0.9,0.5,none,none,true,false,false,false,false,false,false,false,heuristic,0.10,eta-asc,true,true,100,100,1e-3,0,100000,1800,0.001,1,results/batch/fpp_new_instances_scaling_new20x20/splits,results/batch/fpp_new_instances_scaling_new20x20/workers/worker_059,results/batch/fpp_new_instances_scaling_new20x20/workers/worker_059/batch_results_worker_059.csv,results/batch/fpp_new_instances_scaling_new20x20/workers/worker_059/json/worker_059_task_008.json,results/batch/fpp_new_instances_scaling_new20x20/workers/worker_059/solutions,new20x20_case09_train600_test1000_alpha0p03_fpp_branch_benders_meancvar_rootcuts,run-fpp-branch-benders-oos
worker_059_task_009,worker_059,case09,9,20260529,20270129,20270129,new20x20,20x20,shortest_path,400,,not_checked,,,new20x20,new_instances/20x20,new_instances/20x20,0.03,600,1000,1,9000,9001,10000,true,results/batch/fpp_new_instances_scaling_new20x20/splits/new20x20_seed20270129_train600_test1000_case9_train.csv,results/batch/fpp_new_instances_scaling_new20x20/splits/new20x20_seed20270129_train600_test1000_case9_test.csv,MeanCVaR,FPP-Branch-Benders-MeanCVaR-LLBI-RootCuts,FPP-Branch-Benders,,mean-cvar,0.9,0.5,none,none,true,true,false,false,false,false,false,false,heuristic,0.10,eta-asc,true,true,100,100,1e-3,0,100000,1800,0.001,1,results/batch/fpp_new_instances_scaling_new20x20/splits,results/batch/fpp_new_instances_scaling_new20x20/workers/worker_059,results/batch/fpp_new_instances_scaling_new20x20/workers/worker_059/batch_results_worker_059.csv,results/batch/fpp_new_instances_scaling_new20x20/workers/worker_059/json/worker_059_task_009.json,results/batch/fpp_new_instances_scaling_new20x20/workers/worker_059/solutions,new20x20_case09_train600_test1000_alpha0p03_fpp_branch_benders_meancvar_llbi_rootcuts,run-fpp-branch-benders-oos
worker_059_task_010,worker_059,case09,9,20260529,20270129,20270129,new20x20,20x20,shortest_path,400,,not_checked,,,new20x20,new_instances/20x20,new_instances/20x20,0.03,600,1000,1,9000,9001,10000,true,results/batch/fpp_new_instances_scaling_new20x20/splits/new20x20_seed20270129_train600_test1000_case9_train.csv,results/batch/fpp_new_instances_scaling_new20x20/splits/new20x20_seed20270129_train600_test1000_case9_test.csv,MeanCVaR,FPP-Branch-Benders-MeanCVaR-ProjectedCoverageLLBI-exp-RootCuts,FPP-Branch-Benders,,mean-cvar,0.9,0.5,coverage,exp,true,false,true,false,false,true,false,false,heuristic,0.10,eta-asc,true,true,100,100,1e-3,0,100000,1800,0.001,1,results/batch/fpp_new_instances_scaling_new20x20/splits,results/batch/fpp_new_instances_scaling_new20x20/workers/worker_059,results/batch/fpp_new_instances_scaling_new20x20/workers/worker_059/batch_results_worker_059.csv,results/batch/fpp_new_instances_scaling_new20x20/workers/worker_059/json/worker_059_task_010.json,results/batch/fpp_new_instances_scaling_new20x20/workers/worker_059/solutions,new20x20_case09_train600_test1000_alpha0p03_fpp_branch_benders_meancvar_projectedcoveragellbi_exp_rootcuts,run-fpp-branch-benders-oos
worker_059_task_011,worker_059,case09,9,20260529,20270129,20270129,new20x20,20x20,shortest_path,400,,not_checked,,,new20x20,new_instances/20x20,new_instances/20x20,0.03,600,1000,1,9000,9001,10000,true,results/batch/fpp_new_instances_scaling_new20x20/splits/new20x20_seed20270129_train600_test1000_case9_train.csv,results/batch/fpp_new_instances_scaling_new20x20/splits/new20x20_seed20270129_train600_test1000_case9_test.csv,MeanCVaR,FPP-Branch-Benders-MeanCVaR-ProjectedPathLLBI-exp-RootCuts,FPP-Branch-Benders,,mean-cvar,0.9,0.5,path,exp,true,false,true,false,false,false,true,false,heuristic,0.10,eta-asc,true,true,100,100,1e-3,0,100000,1800,0.001,1,results/batch/fpp_new_instances_scaling_new20x20/splits,results/batch/fpp_new_instances_scaling_new20x20/workers/worker_059,results/batch/fpp_new_instances_scaling_new20x20/workers/worker_059/batch_results_worker_059.csv,results/batch/fpp_new_instances_scaling_new20x20/workers/worker_059/json/worker_059_task_011.json,results/batch/fpp_new_instances_scaling_new20x20/workers/worker_059/solutions,new20x20_case09_train600_test1000_alpha0p03_fpp_branch_benders_meancvar_projectedpathllbi_exp_rootcuts,run-fpp-branch-benders-oos
