instance_id,instance_type,objective_family,alpha,train_count,case_id,baseline,lhs_method,rhs_method,lhs_method_family,rhs_method_family,objective_difference_lhs_minus_rhs,objective_relative_difference_percent,runtime_difference_lhs_minus_rhs,runtime_ratio_lhs_over_rhs,mip_gap_difference_lhs_minus_rhs,test_expected_difference_lhs_minus_rhs,test_worst10_difference_lhs_minus_rhs
new20x20,shortest_path,CVaR,0.01,100,case00,FPP-SAA-fpp_base,FPP-Branch-Benders-CVaR-LLBI-RootCuts,FPP-SAA-CVaR,FPP-Branch-Benders-LLBI-RootCuts,FPP-SAA-fpp_base,0,0,-790.7066876,0.02090407329,9.24e-05,0,0
new20x20,shortest_path,CVaR,0.01,100,case00,FPP-SAA-fpp_base,FPP-Branch-Benders-CVaR-ProjectedCoverageLLBI-exp-RootCuts,FPP-SAA-CVaR,FPP-Branch-Benders-ProjectedCoverageLLBI-exp-RootCuts,FPP-SAA-fpp_base,0,0,-793.0510257,0.01800118667,0.00010477,0,0
new20x20,shortest_path,CVaR,0.01,100,case00,FPP-SAA-fpp_base,FPP-Branch-Benders-CVaR-ProjectedPathLLBI-exp-RootCuts,FPP-SAA-CVaR,FPP-Branch-Benders-ProjectedPathLLBI-exp-RootCuts,FPP-SAA-fpp_base,0,0,-798.6440664,0.01107558009,8.65e-06,0,0
new20x20,shortest_path,CVaR,0.01,100,case00,FPP-SAA-fpp_base,FPP-Branch-Benders-CVaR-RootCuts,FPP-SAA-CVaR,FPP-Branch-Benders-RootCuts,FPP-SAA-fpp_base,0,0,-789.2073504,0.02276063391,9.695e-05,0,0
new20x20,shortest_path,CVaR,0.01,100,case00,FPP-SAA-fpp_base,FPP-Branch-Benders-Combinatorial-CVaR,FPP-SAA-CVaR,FPP-Branch-Benders-Combinatorial,FPP-SAA-fpp_base,0,0,-723.6311957,0.103960587,-0.0008756,0,0
new20x20,shortest_path,Expected,0.01,100,case00,FPP-SAA-fpp_base,FPP-Branch-Benders-LLBI-RootCuts,FPP-SAA,FPP-Branch-Benders-LLBI-RootCuts,FPP-SAA-fpp_base,0,0,-39.70383471,0.1771498659,0,0,0
new20x20,shortest_path,Expected,0.01,100,case00,FPP-SAA-fpp_base,FPP-Branch-Benders-ProjectedCoverageLLBI-exp-RootCuts,FPP-SAA,FPP-Branch-Benders-ProjectedCoverageLLBI-exp-RootCuts,FPP-SAA-fpp_base,0,0,-41.11792127,0.1478433436,0,0,0
new20x20,shortest_path,Expected,0.01,100,case00,FPP-SAA-fpp_base,FPP-Branch-Benders-ProjectedPathLLBI-exp-RootCuts,FPP-SAA,FPP-Branch-Benders-ProjectedPathLLBI-exp-RootCuts,FPP-SAA-fpp_base,0,0,-43.57130829,0.09699762924,0.00084037,0,0
new20x20,shortest_path,Expected,0.01,100,case00,FPP-SAA-fpp_base,FPP-Branch-Benders-RootCuts,FPP-SAA,FPP-Branch-Benders-RootCuts,FPP-SAA-fpp_base,0,0,-38.60455184,0.1999321755,0.00082791,0,0
new20x20,shortest_path,Expected,0.01,100,case00,FPP-SAA-fpp_base,FPP-Branch-Benders-Combinatorial,FPP-SAA,FPP-Branch-Benders-Combinatorial,FPP-SAA-fpp_base,0,0,-17.70918324,0.6329824585,0,0,0
new20x20,shortest_path,MeanCVaR,0.01,100,case00,FPP-SAA-fpp_base,FPP-Branch-Benders-MeanCVaR-LLBI-RootCuts,FPP-SAA-MeanCVaR,FPP-Branch-Benders-LLBI-RootCuts,FPP-SAA-fpp_base,0,0,-269.5404413,0.03000545725,0.00098961,0,0
new20x20,shortest_path,MeanCVaR,0.01,100,case00,FPP-SAA-fpp_base,FPP-Branch-Benders-MeanCVaR-ProjectedCoverageLLBI-exp-RootCuts,FPP-SAA-MeanCVaR,FPP-Branch-Benders-ProjectedCoverageLLBI-exp-RootCuts,FPP-SAA-fpp_base,0,0,-268.8239291,0.03258396789,0.00069387,0,0
new20x20,shortest_path,MeanCVaR,0.01,100,case00,FPP-SAA-fpp_base,FPP-Branch-Benders-MeanCVaR-ProjectedPathLLBI-exp-RootCuts,FPP-SAA-MeanCVaR,FPP-Branch-Benders-ProjectedPathLLBI-exp-RootCuts,FPP-SAA-fpp_base,0,0,-273.3303287,0.01636679851,0,0,0
new20x20,shortest_path,MeanCVaR,0.01,100,case00,FPP-SAA-fpp_base,FPP-Branch-Benders-MeanCVaR-RootCuts,FPP-SAA-MeanCVaR,FPP-Branch-Benders-RootCuts,FPP-SAA-fpp_base,0,0,-271.9110913,0.02147420458,0.00098757,0,0
new20x20,shortest_path,MeanCVaR,0.01,100,case00,FPP-SAA-fpp_base,FPP-Branch-Benders-Combinatorial-MeanCVaR,FPP-SAA-MeanCVaR,FPP-Branch-Benders-Combinatorial,FPP-SAA-fpp_base,0,0,-233.0471332,0.161333838,0,0,0
new20x20,shortest_path,CVaR,0.01,100,case01,FPP-SAA-fpp_base,FPP-Branch-Benders-CVaR-LLBI-RootCuts,FPP-SAA-CVaR,FPP-Branch-Benders-LLBI-RootCuts,FPP-SAA-fpp_base,0,0,-565.3518151,0.01570549446,1.866e-05,0,0
new20x20,shortest_path,CVaR,0.01,100,case01,FPP-SAA-fpp_base,FPP-Branch-Benders-CVaR-ProjectedCoverageLLBI-exp-RootCuts,FPP-SAA-CVaR,FPP-Branch-Benders-ProjectedCoverageLLBI-exp-RootCuts,FPP-SAA-fpp_base,0,0,-563.3107674,0.01925901988,-3.343e-05,0,0
new20x20,shortest_path,CVaR,0.01,100,case01,FPP-SAA-fpp_base,FPP-Branch-Benders-CVaR-ProjectedPathLLBI-exp-RootCuts,FPP-SAA-CVaR,FPP-Branch-Benders-ProjectedPathLLBI-exp-RootCuts,FPP-SAA-fpp_base,0,0,-567.826318,0.01139731047,-0.00010624,0,0
new20x20,shortest_path,CVaR,0.01,100,case01,FPP-SAA-fpp_base,FPP-Branch-Benders-CVaR-RootCuts,FPP-SAA-CVaR,FPP-Branch-Benders-RootCuts,FPP-SAA-fpp_base,0,0,-563.6639578,0.01864410467,-1.811e-05,0,0
new20x20,shortest_path,CVaR,0.01,100,case01,FPP-SAA-fpp_base,FPP-Branch-Benders-Combinatorial-CVaR,FPP-SAA-CVaR,FPP-Branch-Benders-Combinatorial,FPP-SAA-fpp_base,0,0,-519.6598152,0.09525663975,-0.00067776,0,0
new20x20,shortest_path,Expected,0.01,100,case01,FPP-SAA-fpp_base,FPP-Branch-Benders-LLBI-RootCuts,FPP-SAA,FPP-Branch-Benders-LLBI-RootCuts,FPP-SAA-fpp_base,0,0,-33.79294703,0.1929054245,-0.00065897,0,0
new20x20,shortest_path,Expected,0.01,100,case01,FPP-SAA-fpp_base,FPP-Branch-Benders-ProjectedCoverageLLBI-exp-RootCuts,FPP-SAA,FPP-Branch-Benders-ProjectedCoverageLLBI-exp-RootCuts,FPP-SAA-fpp_base,0,0,-36.30975023,0.1327953012,1.557e-05,0,0
new20x20,shortest_path,Expected,0.01,100,case01,FPP-SAA-fpp_base,FPP-Branch-Benders-ProjectedPathLLBI-exp-RootCuts,FPP-SAA,FPP-Branch-Benders-ProjectedPathLLBI-exp-RootCuts,FPP-SAA-fpp_base,0,0,-39.779558,0.04992407289,-0.00095717,0,0
new20x20,shortest_path,Expected,0.01,100,case01,FPP-SAA-fpp_base,FPP-Branch-Benders-RootCuts,FPP-SAA,FPP-Branch-Benders-RootCuts,FPP-SAA-fpp_base,0,0,-32.95862093,0.2128320698,-0.00095717,0,0
new20x20,shortest_path,Expected,0.01,100,case01,FPP-SAA-fpp_base,FPP-Branch-Benders-Combinatorial,FPP-SAA,FPP-Branch-Benders-Combinatorial,FPP-SAA-fpp_base,0,0,-31.23215818,0.2540660799,-0.00095717,0,0
new20x20,shortest_path,MeanCVaR,0.01,100,case01,FPP-SAA-fpp_base,FPP-Branch-Benders-MeanCVaR-LLBI-RootCuts,FPP-SAA-MeanCVaR,FPP-Branch-Benders-LLBI-RootCuts,FPP-SAA-fpp_base,0,0,-108.6216004,0.07452125019,0.00098538,0,0
new20x20,shortest_path,MeanCVaR,0.01,100,case01,FPP-SAA-fpp_base,FPP-Branch-Benders-MeanCVaR-ProjectedCoverageLLBI-exp-RootCuts,FPP-SAA-MeanCVaR,FPP-Branch-Benders-ProjectedCoverageLLBI-exp-RootCuts,FPP-SAA-fpp_base,0,0,-108.6801808,0.07402213311,0,0,0
new20x20,shortest_path,MeanCVaR,0.01,100,case01,FPP-SAA-fpp_base,FPP-Branch-Benders-MeanCVaR-ProjectedPathLLBI-exp-RootCuts,FPP-SAA-MeanCVaR,FPP-Branch-Benders-ProjectedPathLLBI-exp-RootCuts,FPP-SAA-fpp_base,0,0,-108.6659806,0.07414312178,0.00098968,0,0
new20x20,shortest_path,MeanCVaR,0.01,100,case01,FPP-SAA-fpp_base,FPP-Branch-Benders-MeanCVaR-RootCuts,FPP-SAA-MeanCVaR,FPP-Branch-Benders-RootCuts,FPP-SAA-fpp_base,0,0,-109.4420429,0.06753090844,0.00085385,0,0
new20x20,shortest_path,MeanCVaR,0.01,100,case01,FPP-SAA-fpp_base,FPP-Branch-Benders-Combinatorial-MeanCVaR,FPP-SAA-MeanCVaR,FPP-Branch-Benders-Combinatorial,FPP-SAA-fpp_base,0,0,-85.38590134,0.2724942653,0,0,0
new20x20,shortest_path,CVaR,0.01,100,case02,FPP-SAA-fpp_base,FPP-Branch-Benders-CVaR-LLBI-RootCuts,FPP-SAA-CVaR,FPP-Branch-Benders-LLBI-RootCuts,FPP-SAA-fpp_base,0,0,-223.3163538,0.01208415791,0,0,0
new20x20,shortest_path,CVaR,0.01,100,case02,FPP-SAA-fpp_base,FPP-Branch-Benders-CVaR-ProjectedCoverageLLBI-exp-RootCuts,FPP-SAA-CVaR,FPP-Branch-Benders-ProjectedCoverageLLBI-exp-RootCuts,FPP-SAA-fpp_base,0,0,-219.1299653,0.03060407134,0,0,0
new20x20,shortest_path,CVaR,0.01,100,case02,FPP-SAA-fpp_base,FPP-Branch-Benders-CVaR-ProjectedPathLLBI-exp-RootCuts,FPP-SAA-CVaR,FPP-Branch-Benders-ProjectedPathLLBI-exp-RootCuts,FPP-SAA-fpp_base,0,0,-221.8089547,0.01875265033,0,0,0
new20x20,shortest_path,CVaR,0.01,100,case02,FPP-SAA-fpp_base,FPP-Branch-Benders-CVaR-RootCuts,FPP-SAA-CVaR,FPP-Branch-Benders-RootCuts,FPP-SAA-fpp_base,0,0,-222.8212651,0.01427435112,0.00030851,0,0
new20x20,shortest_path,CVaR,0.01,100,case02,FPP-SAA-fpp_base,FPP-Branch-Benders-Combinatorial-CVaR,FPP-SAA-CVaR,FPP-Branch-Benders-Combinatorial,FPP-SAA-fpp_base,0,0,-209.6540187,0.07252414377,0.00091269,0,0
new20x20,shortest_path,Expected,0.01,100,case02,FPP-SAA-fpp_base,FPP-Branch-Benders-LLBI-RootCuts,FPP-SAA,FPP-Branch-Benders-LLBI-RootCuts,FPP-SAA-fpp_base,0,0,-35.80163021,0.07980118538,0.00047794,0,0
new20x20,shortest_path,Expected,0.01,100,case02,FPP-SAA-fpp_base,FPP-Branch-Benders-ProjectedCoverageLLBI-exp-RootCuts,FPP-SAA,FPP-Branch-Benders-ProjectedCoverageLLBI-exp-RootCuts,FPP-SAA-fpp_base,0,0,-31.82020327,0.1821346358,0.00095705,0,0
new20x20,shortest_path,Expected,0.01,100,case02,FPP-SAA-fpp_base,FPP-Branch-Benders-ProjectedPathLLBI-exp-RootCuts,FPP-SAA,FPP-Branch-Benders-ProjectedPathLLBI-exp-RootCuts,FPP-SAA-fpp_base,0,0,-36.31809063,0.06652675448,0,0,0
new20x20,shortest_path,Expected,0.01,100,case02,FPP-SAA-fpp_base,FPP-Branch-Benders-RootCuts,FPP-SAA,FPP-Branch-Benders-RootCuts,FPP-SAA-fpp_base,0,0,-34.27917741,0.1189323438,0,0,0
new20x20,shortest_path,Expected,0.01,100,case02,FPP-SAA-fpp_base,FPP-Branch-Benders-Combinatorial,FPP-SAA,FPP-Branch-Benders-Combinatorial,FPP-SAA-fpp_base,0,0,-30.8701588,0.2065533505,0.00021987,0,0
new20x20,shortest_path,MeanCVaR,0.01,100,case02,FPP-SAA-fpp_base,FPP-Branch-Benders-MeanCVaR-LLBI-RootCuts,FPP-SAA-MeanCVaR,FPP-Branch-Benders-LLBI-RootCuts,FPP-SAA-fpp_base,0,0,-93.3096946,0.02939597621,0,0,0
new20x20,shortest_path,MeanCVaR,0.01,100,case02,FPP-SAA-fpp_base,FPP-Branch-Benders-MeanCVaR-ProjectedCoverageLLBI-exp-RootCuts,FPP-SAA-MeanCVaR,FPP-Branch-Benders-ProjectedCoverageLLBI-exp-RootCuts,FPP-SAA-fpp_base,0,0,-88.38445262,0.0806281628,0,0,0
new20x20,shortest_path,MeanCVaR,0.01,100,case02,FPP-SAA-fpp_base,FPP-Branch-Benders-MeanCVaR-ProjectedPathLLBI-exp-RootCuts,FPP-SAA-MeanCVaR,FPP-Branch-Benders-ProjectedPathLLBI-exp-RootCuts,FPP-SAA-fpp_base,0,0,-92.760997,0.03510350854,0,0,0
new20x20,shortest_path,MeanCVaR,0.01,100,case02,FPP-SAA-fpp_base,FPP-Branch-Benders-MeanCVaR-RootCuts,FPP-SAA-MeanCVaR,FPP-Branch-Benders-RootCuts,FPP-SAA-fpp_base,0,0,-92.44636847,0.03837626298,0,0,0
new20x20,shortest_path,MeanCVaR,0.01,100,case02,FPP-SAA-fpp_base,FPP-Branch-Benders-Combinatorial-MeanCVaR,FPP-SAA-MeanCVaR,FPP-Branch-Benders-Combinatorial,FPP-SAA-fpp_base,22.585,12.40593244,1708.678371,18.77360979,0.14248447,0.455,21.57
new20x20,shortest_path,CVaR,0.01,100,case03,FPP-SAA-fpp_base,FPP-Branch-Benders-CVaR-LLBI-RootCuts,FPP-SAA-CVaR,FPP-Branch-Benders-LLBI-RootCuts,FPP-SAA-fpp_base,0,0,-582.0998852,0.007533389842,0.00055544,0,0
new20x20,shortest_path,CVaR,0.01,100,case03,FPP-SAA-fpp_base,FPP-Branch-Benders-CVaR-ProjectedCoverageLLBI-exp-RootCuts,FPP-SAA-CVaR,FPP-Branch-Benders-ProjectedCoverageLLBI-exp-RootCuts,FPP-SAA-fpp_base,0,0,-578.9786333,0.01285505097,0.00019389,0,0
new20x20,shortest_path,CVaR,0.01,100,case03,FPP-SAA-fpp_base,FPP-Branch-Benders-CVaR-ProjectedPathLLBI-exp-RootCuts,FPP-SAA-CVaR,FPP-Branch-Benders-ProjectedPathLLBI-exp-RootCuts,FPP-SAA-fpp_base,0,0,-581.6080382,0.00837197744,0.00014565,0,0
new20x20,shortest_path,CVaR,0.01,100,case03,FPP-SAA-fpp_base,FPP-Branch-Benders-CVaR-RootCuts,FPP-SAA-CVaR,FPP-Branch-Benders-RootCuts,FPP-SAA-fpp_base,0,0,-582.8797702,0.006203704298,0.00018908,0,0
new20x20,shortest_path,CVaR,0.01,100,case03,FPP-SAA-fpp_base,FPP-Branch-Benders-Combinatorial-CVaR,FPP-SAA-CVaR,FPP-Branch-Benders-Combinatorial,FPP-SAA-fpp_base,0,0,-562.730366,0.04055796432,-0.00042733,0,0
new20x20,shortest_path,Expected,0.01,100,case03,FPP-SAA-fpp_base,FPP-Branch-Benders-LLBI-RootCuts,FPP-SAA,FPP-Branch-Benders-LLBI-RootCuts,FPP-SAA-fpp_base,0,0,-17.87561356,0.2142168777,0,0,0
new20x20,shortest_path,Expected,0.01,100,case03,FPP-SAA-fpp_base,FPP-Branch-Benders-ProjectedCoverageLLBI-exp-RootCuts,FPP-SAA,FPP-Branch-Benders-ProjectedCoverageLLBI-exp-RootCuts,FPP-SAA-fpp_base,0,0,-15.16252782,0.3334797482,0.00089516,0,0
new20x20,shortest_path,Expected,0.01,100,case03,FPP-SAA-fpp_base,FPP-Branch-Benders-ProjectedPathLLBI-exp-RootCuts,FPP-SAA,FPP-Branch-Benders-ProjectedPathLLBI-exp-RootCuts,FPP-SAA-fpp_base,0,0,-19.56216067,0.1400789887,0.00018918,0,0
new20x20,shortest_path,Expected,0.01,100,case03,FPP-SAA-fpp_base,FPP-Branch-Benders-RootCuts,FPP-SAA,FPP-Branch-Benders-RootCuts,FPP-SAA-fpp_base,0,0,-16.99709194,0.2528352703,0.0007421,0,0
new20x20,shortest_path,Expected,0.01,100,case03,FPP-SAA-fpp_base,FPP-Branch-Benders-Combinatorial,FPP-SAA,FPP-Branch-Benders-Combinatorial,FPP-SAA-fpp_base,0,0,-14.73202943,0.3524037626,0.00032782,0,0
new20x20,shortest_path,MeanCVaR,0.01,100,case03,FPP-SAA-fpp_base,FPP-Branch-Benders-MeanCVaR-LLBI-RootCuts,FPP-SAA-MeanCVaR,FPP-Branch-Benders-LLBI-RootCuts,FPP-SAA-fpp_base,0,0,-125.7206247,0.04091263397,0.00092712,0,0
new20x20,shortest_path,MeanCVaR,0.01,100,case03,FPP-SAA-fpp_base,FPP-Branch-Benders-MeanCVaR-ProjectedCoverageLLBI-exp-RootCuts,FPP-SAA-MeanCVaR,FPP-Branch-Benders-ProjectedCoverageLLBI-exp-RootCuts,FPP-SAA-fpp_base,0,0,-122.9443008,0.06209243021,0.00037161,0,0
new20x20,shortest_path,MeanCVaR,0.01,100,case03,FPP-SAA-fpp_base,FPP-Branch-Benders-MeanCVaR-ProjectedPathLLBI-exp-RootCuts,FPP-SAA-MeanCVaR,FPP-Branch-Benders-ProjectedPathLLBI-exp-RootCuts,FPP-SAA-fpp_base,0,0,-127.8555425,0.02462594534,-5.786e-05,0,0
new20x20,shortest_path,MeanCVaR,0.01,100,case03,FPP-SAA-fpp_base,FPP-Branch-Benders-MeanCVaR-RootCuts,FPP-SAA-MeanCVaR,FPP-Branch-Benders-RootCuts,FPP-SAA-fpp_base,0,0,-126.8162067,0.0325547468,-5.786e-05,0,0
new20x20,shortest_path,MeanCVaR,0.01,100,case03,FPP-SAA-fpp_base,FPP-Branch-Benders-Combinatorial-MeanCVaR,FPP-SAA-MeanCVaR,FPP-Branch-Benders-Combinatorial,FPP-SAA-fpp_base,0,0,-107.8691032,0.177096882,-5.786e-05,0,0
new20x20,shortest_path,CVaR,0.01,100,case04,FPP-SAA-fpp_base,FPP-Branch-Benders-CVaR-LLBI-RootCuts,FPP-SAA-CVaR,FPP-Branch-Benders-LLBI-RootCuts,FPP-SAA-fpp_base,0,0,-1126.662465,0.009842458761,0.00063761,0,0
new20x20,shortest_path,CVaR,0.01,100,case04,FPP-SAA-fpp_base,FPP-Branch-Benders-CVaR-ProjectedCoverageLLBI-exp-RootCuts,FPP-SAA-CVaR,FPP-Branch-Benders-ProjectedCoverageLLBI-exp-RootCuts,FPP-SAA-fpp_base,0,0,-1125.471743,0.01088891429,0.00046038,0,0
new20x20,shortest_path,CVaR,0.01,100,case04,FPP-SAA-fpp_base,FPP-Branch-Benders-CVaR-ProjectedPathLLBI-exp-RootCuts,FPP-SAA-CVaR,FPP-Branch-Benders-ProjectedPathLLBI-exp-RootCuts,FPP-SAA-fpp_base,0,0,-1131.091701,0.00594986314,-0.00035174,0,0
new20x20,shortest_path,CVaR,0.01,100,case04,FPP-SAA-fpp_base,FPP-Branch-Benders-CVaR-RootCuts,FPP-SAA-CVaR,FPP-Branch-Benders-RootCuts,FPP-SAA-fpp_base,0,0,-1113.39408,0.02150326419,0.00063721,0,0
new20x20,shortest_path,CVaR,0.01,100,case04,FPP-SAA-fpp_base,FPP-Branch-Benders-Combinatorial-CVaR,FPP-SAA-CVaR,FPP-Branch-Benders-Combinatorial,FPP-SAA-fpp_base,0,0,-1080.371617,0.05052476923,-0.00035174,0,0
new20x20,shortest_path,Expected,0.01,100,case04,FPP-SAA-fpp_base,FPP-Branch-Benders-LLBI-RootCuts,FPP-SAA,FPP-Branch-Benders-LLBI-RootCuts,FPP-SAA-fpp_base,0,0,-8.81909528,0.433874361,0,0,0
new20x20,shortest_path,Expected,0.01,100,case04,FPP-SAA-fpp_base,FPP-Branch-Benders-ProjectedCoverageLLBI-exp-RootCuts,FPP-SAA,FPP-Branch-Benders-ProjectedCoverageLLBI-exp-RootCuts,FPP-SAA-fpp_base,0,0,-4.23899826,0.727885285,0.00099965,0,0
new20x20,shortest_path,Expected,0.01,100,case04,FPP-SAA-fpp_base,FPP-Branch-Benders-ProjectedPathLLBI-exp-RootCuts,FPP-SAA,FPP-Branch-Benders-ProjectedPathLLBI-exp-RootCuts,FPP-SAA-fpp_base,0,0,-12.674394,0.1863905339,0,0,0
new20x20,shortest_path,Expected,0.01,100,case04,FPP-SAA-fpp_base,FPP-Branch-Benders-RootCuts,FPP-SAA,FPP-Branch-Benders-RootCuts,FPP-SAA-fpp_base,0,0,-10.73614103,0.3108131268,0.00041269,0,0
new20x20,shortest_path,Expected,0.01,100,case04,FPP-SAA-fpp_base,FPP-Branch-Benders-Combinatorial,FPP-SAA,FPP-Branch-Benders-Combinatorial,FPP-SAA-fpp_base,0,0,3.04337311,1.195363752,0.00046138,0,0
new20x20,shortest_path,MeanCVaR,0.01,100,case04,FPP-SAA-fpp_base,FPP-Branch-Benders-MeanCVaR-LLBI-RootCuts,FPP-SAA-MeanCVaR,FPP-Branch-Benders-LLBI-RootCuts,FPP-SAA-fpp_base,0,0,-371.551725,0.03514618533,0.00055841,0,0
new20x20,shortest_path,MeanCVaR,0.01,100,case04,FPP-SAA-fpp_base,FPP-Branch-Benders-MeanCVaR-ProjectedCoverageLLBI-exp-RootCuts,FPP-SAA-MeanCVaR,FPP-Branch-Benders-ProjectedCoverageLLBI-exp-RootCuts,FPP-SAA-fpp_base,0,0,-345.7440014,0.1021642582,0.00048638,0,0
new20x20,shortest_path,MeanCVaR,0.01,100,case04,FPP-SAA-fpp_base,FPP-Branch-Benders-MeanCVaR-ProjectedPathLLBI-exp-RootCuts,FPP-SAA-MeanCVaR,FPP-Branch-Benders-ProjectedPathLLBI-exp-RootCuts,FPP-SAA-fpp_base,0,0,-366.3497186,0.04865487164,-8.44e-05,0,0
new20x20,shortest_path,MeanCVaR,0.01,100,case04,FPP-SAA-fpp_base,FPP-Branch-Benders-MeanCVaR-RootCuts,FPP-SAA-MeanCVaR,FPP-Branch-Benders-RootCuts,FPP-SAA-fpp_base,0,0,-370.4464986,0.038016262,0.00060739,0,0
new20x20,shortest_path,MeanCVaR,0.01,100,case04,FPP-SAA-fpp_base,FPP-Branch-Benders-Combinatorial-MeanCVaR,FPP-SAA-MeanCVaR,FPP-Branch-Benders-Combinatorial,FPP-SAA-fpp_base,0,0,-310.6080891,0.1934059797,-0.00037898,0,0
new20x20,shortest_path,CVaR,0.02,100,case00,FPP-SAA-fpp_base,FPP-Branch-Benders-CVaR-LLBI-RootCuts,FPP-SAA-CVaR,FPP-Branch-Benders-LLBI-RootCuts,FPP-SAA-fpp_base,-2.5,-1.357220413,0.45137748,1.00025076,-0.04723633,-3.74,-0.53
new20x20,shortest_path,CVaR,0.02,100,case00,FPP-SAA-fpp_base,FPP-Branch-Benders-CVaR-ProjectedCoverageLLBI-exp-RootCuts,FPP-SAA-CVaR,FPP-Branch-Benders-ProjectedCoverageLLBI-exp-RootCuts,FPP-SAA-fpp_base,-2.5,-1.357220413,4.37328417,1.002429547,-0.04954656,-3.74,-0.53
new20x20,shortest_path,CVaR,0.02,100,case00,FPP-SAA-fpp_base,FPP-Branch-Benders-CVaR-ProjectedPathLLBI-exp-RootCuts,FPP-SAA-CVaR,FPP-Branch-Benders-ProjectedPathLLBI-exp-RootCuts,FPP-SAA-fpp_base,-2.5,-1.357220413,-1601.573596,0.1102571802,-0.08747148,-3.74,-0.53
new20x20,shortest_path,CVaR,0.02,100,case00,FPP-SAA-fpp_base,FPP-Branch-Benders-CVaR-RootCuts,FPP-SAA-CVaR,FPP-Branch-Benders-RootCuts,FPP-SAA-fpp_base,3.5,1.900108578,0.32272566,1.000179288,0.02315892,-3.225,-3.22
new20x20,shortest_path,CVaR,0.02,100,case00,FPP-SAA-fpp_base,FPP-Branch-Benders-Combinatorial-CVaR,FPP-SAA-CVaR,FPP-Branch-Benders-Combinatorial,FPP-SAA-fpp_base,-2.5,-1.357220413,-323.5709701,0.820242449,-0.0874961,-3.74,-0.53
new20x20,shortest_path,Expected,0.02,100,case00,FPP-SAA-fpp_base,FPP-Branch-Benders-LLBI-RootCuts,FPP-SAA,FPP-Branch-Benders-LLBI-RootCuts,FPP-SAA-fpp_base,0,0,549.7262572,10.61556166,5.039e-05,0,0
new20x20,shortest_path,Expected,0.02,100,case00,FPP-SAA-fpp_base,FPP-Branch-Benders-ProjectedCoverageLLBI-exp-RootCuts,FPP-SAA,FPP-Branch-Benders-ProjectedCoverageLLBI-exp-RootCuts,FPP-SAA-fpp_base,0,0,-30.91125071,0.459314462,6.593e-05,0,0
new20x20,shortest_path,Expected,0.02,100,case00,FPP-SAA-fpp_base,FPP-Branch-Benders-ProjectedPathLLBI-exp-RootCuts,FPP-SAA,FPP-Branch-Benders-ProjectedPathLLBI-exp-RootCuts,FPP-SAA-fpp_base,0,0,-48.57942628,0.150270771,-3.089e-05,0,0
new20x20,shortest_path,Expected,0.02,100,case00,FPP-SAA-fpp_base,FPP-Branch-Benders-RootCuts,FPP-SAA,FPP-Branch-Benders-RootCuts,FPP-SAA-fpp_base,0,0,243.5374992,5.259847167,7.32e-05,0,0
new20x20,shortest_path,Expected,0.02,100,case00,FPP-SAA-fpp_base,FPP-Branch-Benders-Combinatorial,FPP-SAA,FPP-Branch-Benders-Combinatorial,FPP-SAA-fpp_base,0,0,-1.56889729,0.9725575622,-0.00079789,0,0
new20x20,shortest_path,MeanCVaR,0.02,100,case00,FPP-SAA-fpp_base,FPP-Branch-Benders-MeanCVaR-LLBI-RootCuts,FPP-SAA-MeanCVaR,FPP-Branch-Benders-LLBI-RootCuts,FPP-SAA-fpp_base,1.535,1.097761568,1166.397818,2.839551758,0.08794341,-2.229,-5.5
new20x20,shortest_path,MeanCVaR,0.02,100,case00,FPP-SAA-fpp_base,FPP-Branch-Benders-MeanCVaR-ProjectedCoverageLLBI-exp-RootCuts,FPP-SAA-MeanCVaR,FPP-Branch-Benders-ProjectedCoverageLLBI-exp-RootCuts,FPP-SAA-fpp_base,0,0,1177.301008,2.856747419,0.00768956,0,0
new20x20,shortest_path,MeanCVaR,0.02,100,case00,FPP-SAA-fpp_base,FPP-Branch-Benders-MeanCVaR-ProjectedPathLLBI-exp-RootCuts,FPP-SAA-MeanCVaR,FPP-Branch-Benders-ProjectedPathLLBI-exp-RootCuts,FPP-SAA-fpp_base,0,0,-485.7340677,0.2339380746,2.183e-05,0,0
new20x20,shortest_path,MeanCVaR,0.02,100,case00,FPP-SAA-fpp_base,FPP-Branch-Benders-MeanCVaR-RootCuts,FPP-SAA-MeanCVaR,FPP-Branch-Benders-RootCuts,FPP-SAA-fpp_base,0.96,0.6865479511,1166.898378,2.840341203,0.07741765,-2.122,-5.28
new20x20,shortest_path,MeanCVaR,0.02,100,case00,FPP-SAA-fpp_base,FPP-Branch-Benders-Combinatorial-MeanCVaR,FPP-SAA-MeanCVaR,FPP-Branch-Benders-Combinatorial,FPP-SAA-fpp_base,1.645,1.17642852,1187.988983,2.873603662,0.06325553,1.695,-0.3
new20x20,shortest_path,CVaR,0.02,100,case01,FPP-SAA-fpp_base,FPP-Branch-Benders-CVaR-LLBI-RootCuts,FPP-SAA-CVaR,FPP-Branch-Benders-LLBI-RootCuts,FPP-SAA-fpp_base,1.1,0.6162464986,313.2082068,1.210590877,0.04457558,1.783,4.01
new20x20,shortest_path,CVaR,0.02,100,case01,FPP-SAA-fpp_base,FPP-Branch-Benders-CVaR-ProjectedCoverageLLBI-exp-RootCuts,FPP-SAA-CVaR,FPP-Branch-Benders-ProjectedCoverageLLBI-exp-RootCuts,FPP-SAA-fpp_base,0,0,-961.7831291,0.3533287178,4.855e-05,0,0
new20x20,shortest_path,CVaR,0.02,100,case01,FPP-SAA-fpp_base,FPP-Branch-Benders-CVaR-ProjectedPathLLBI-exp-RootCuts,FPP-SAA-CVaR,FPP-Branch-Benders-ProjectedPathLLBI-exp-RootCuts,FPP-SAA-fpp_base,0,0,-1406.822464,0.05409893438,4.763e-05,0,0
new20x20,shortest_path,CVaR,0.02,100,case01,FPP-SAA-fpp_base,FPP-Branch-Benders-CVaR-RootCuts,FPP-SAA-CVaR,FPP-Branch-Benders-RootCuts,FPP-SAA-fpp_base,1.9,1.06442577,313.0545835,1.210487586,0.05609524,0.387,-7
new20x20,shortest_path,CVaR,0.02,100,case01,FPP-SAA-fpp_base,FPP-Branch-Benders-Combinatorial-CVaR,FPP-SAA-CVaR,FPP-Branch-Benders-Combinatorial,FPP-SAA-fpp_base,0,0,-657.7452724,0.5577537536,4.246e-05,0,0
new20x20,shortest_path,Expected,0.02,100,case01,FPP-SAA-fpp_base,FPP-Branch-Benders-LLBI-RootCuts,FPP-SAA,FPP-Branch-Benders-LLBI-RootCuts,FPP-SAA-fpp_base,0,0,60.43376856,5.974024443,0.00099325,0,0
new20x20,shortest_path,Expected,0.02,100,case01,FPP-SAA-fpp_base,FPP-Branch-Benders-ProjectedCoverageLLBI-exp-RootCuts,FPP-SAA,FPP-Branch-Benders-ProjectedCoverageLLBI-exp-RootCuts,FPP-SAA-fpp_base,0,0,5.50039185,1.452711856,0.00082674,0,0
new20x20,shortest_path,Expected,0.02,100,case01,FPP-SAA-fpp_base,FPP-Branch-Benders-ProjectedPathLLBI-exp-RootCuts,FPP-SAA,FPP-Branch-Benders-ProjectedPathLLBI-exp-RootCuts,FPP-SAA-fpp_base,0,0,-7.57358778,0.3766529602,0.00080946,0,0
new20x20,shortest_path,Expected,0.02,100,case01,FPP-SAA-fpp_base,FPP-Branch-Benders-RootCuts,FPP-SAA,FPP-Branch-Benders-RootCuts,FPP-SAA-fpp_base,0,0,32.57269563,3.680908176,0.00099288,0,0
new20x20,shortest_path,Expected,0.02,100,case01,FPP-SAA-fpp_base,FPP-Branch-Benders-Combinatorial,FPP-SAA,FPP-Branch-Benders-Combinatorial,FPP-SAA-fpp_base,0,0,9.05048632,1.744903739,0,0,0
new20x20,shortest_path,MeanCVaR,0.02,100,case01,FPP-SAA-fpp_base,FPP-Branch-Benders-MeanCVaR-LLBI-RootCuts,FPP-SAA-MeanCVaR,FPP-Branch-Benders-LLBI-RootCuts,FPP-SAA-fpp_base,1.83,1.336351687,890.3955454,1.978364619,0.06576587,-0.576,-3.67
new20x20,shortest_path,MeanCVaR,0.02,100,case01,FPP-SAA-fpp_base,FPP-Branch-Benders-MeanCVaR-ProjectedCoverageLLBI-exp-RootCuts,FPP-SAA-MeanCVaR,FPP-Branch-Benders-ProjectedCoverageLLBI-exp-RootCuts,FPP-SAA-fpp_base,0,0,-208.8697236,0.7704944183,0.00016265,0,0
new20x20,shortest_path,MeanCVaR,0.02,100,case01,FPP-SAA-fpp_base,FPP-Branch-Benders-MeanCVaR-ProjectedPathLLBI-exp-RootCuts,FPP-SAA-MeanCVaR,FPP-Branch-Benders-ProjectedPathLLBI-exp-RootCuts,FPP-SAA-fpp_base,0,0,-815.5906135,0.1038308714,0.00016366,0,0
new20x20,shortest_path,MeanCVaR,0.02,100,case01,FPP-SAA-fpp_base,FPP-Branch-Benders-MeanCVaR-RootCuts,FPP-SAA-MeanCVaR,FPP-Branch-Benders-RootCuts,FPP-SAA-fpp_base,0,0,890.2571755,1.978212579,0.03320636,0,0
new20x20,shortest_path,MeanCVaR,0.02,100,case01,FPP-SAA-fpp_base,FPP-Branch-Benders-Combinatorial-MeanCVaR,FPP-SAA-MeanCVaR,FPP-Branch-Benders-Combinatorial,FPP-SAA-fpp_base,0,0,-36.08852503,0.96034601,-0.0001617,0,0
new20x20,shortest_path,CVaR,0.02,100,case02,FPP-SAA-fpp_base,FPP-Branch-Benders-CVaR-LLBI-RootCuts,FPP-SAA-CVaR,FPP-Branch-Benders-LLBI-RootCuts,FPP-SAA-fpp_base,-4.6,-2.655889145,1.10824051,1.000615677,-0.02547406,0.798,1.9
new20x20,shortest_path,CVaR,0.02,100,case02,FPP-SAA-fpp_base,FPP-Branch-Benders-CVaR-ProjectedCoverageLLBI-exp-RootCuts,FPP-SAA-CVaR,FPP-Branch-Benders-ProjectedCoverageLLBI-exp-RootCuts,FPP-SAA-fpp_base,-5.3,-3.060046189,-1443.20884,0.198232759,-0.09001811,0.963,1.05
new20x20,shortest_path,CVaR,0.02,100,case02,FPP-SAA-fpp_base,FPP-Branch-Benders-CVaR-ProjectedPathLLBI-exp-RootCuts,FPP-SAA-CVaR,FPP-Branch-Benders-ProjectedPathLLBI-exp-RootCuts,FPP-SAA-fpp_base,-5.3,-3.060046189,-1657.149106,0.07937934578,-0.09002682,0.963,1.05
new20x20,shortest_path,CVaR,0.02,100,case02,FPP-SAA-fpp_base,FPP-Branch-Benders-CVaR-RootCuts,FPP-SAA-CVaR,FPP-Branch-Benders-RootCuts,FPP-SAA-fpp_base,-1.8,-1.03926097,1.05723515,1.000587342,-0.00781326,0.715,0.72
new20x20,shortest_path,CVaR,0.02,100,case02,FPP-SAA-fpp_base,FPP-Branch-Benders-Combinatorial-CVaR,FPP-SAA-CVaR,FPP-Branch-Benders-Combinatorial,FPP-SAA-fpp_base,11,6.351039261,7.4309899,1.004128248,0.10200264,-6.328,12.24
new20x20,shortest_path,Expected,0.02,100,case02,FPP-SAA-fpp_base,FPP-Branch-Benders-LLBI-RootCuts,FPP-SAA,FPP-Branch-Benders-LLBI-RootCuts,FPP-SAA-fpp_base,0,0,111.6307242,3.465987395,0.00065613,0,0
new20x20,shortest_path,Expected,0.02,100,case02,FPP-SAA-fpp_base,FPP-Branch-Benders-ProjectedCoverageLLBI-exp-RootCuts,FPP-SAA,FPP-Branch-Benders-ProjectedCoverageLLBI-exp-RootCuts,FPP-SAA-fpp_base,0,0,-28.36810029,0.3733322235,0.00051486,0,0
new20x20,shortest_path,Expected,0.02,100,case02,FPP-SAA-fpp_base,FPP-Branch-Benders-ProjectedPathLLBI-exp-RootCuts,FPP-SAA,FPP-Branch-Benders-ProjectedPathLLBI-exp-RootCuts,FPP-SAA-fpp_base,0,0,-36.71119694,0.1890283831,0.00058946,0,0
new20x20,shortest_path,Expected,0.02,100,case02,FPP-SAA-fpp_base,FPP-Branch-Benders-RootCuts,FPP-SAA,FPP-Branch-Benders-RootCuts,FPP-SAA-fpp_base,0,0,81.64356851,2.803553746,0.00067616,0,0
new20x20,shortest_path,Expected,0.02,100,case02,FPP-SAA-fpp_base,FPP-Branch-Benders-Combinatorial,FPP-SAA,FPP-Branch-Benders-Combinatorial,FPP-SAA-fpp_base,0,0,6.37733405,1.140879005,-0.00032366,0,0
new20x20,shortest_path,MeanCVaR,0.02,100,case02,FPP-SAA-fpp_base,FPP-Branch-Benders-MeanCVaR-LLBI-RootCuts,FPP-SAA-MeanCVaR,FPP-Branch-Benders-LLBI-RootCuts,FPP-SAA-fpp_base,0,0,1313.550903,4.159775447,0.00032561,0,0
new20x20,shortest_path,MeanCVaR,0.02,100,case02,FPP-SAA-fpp_base,FPP-Branch-Benders-MeanCVaR-ProjectedCoverageLLBI-exp-RootCuts,FPP-SAA-MeanCVaR,FPP-Branch-Benders-ProjectedCoverageLLBI-exp-RootCuts,FPP-SAA-fpp_base,0,0,-256.2304922,0.383631943,0.00032359,0,0
new20x20,shortest_path,MeanCVaR,0.02,100,case02,FPP-SAA-fpp_base,FPP-Branch-Benders-MeanCVaR-ProjectedPathLLBI-exp-RootCuts,FPP-SAA-MeanCVaR,FPP-Branch-Benders-ProjectedPathLLBI-exp-RootCuts,FPP-SAA-fpp_base,0,0,-354.1516814,0.1480803792,0.00032142,0,0
new20x20,shortest_path,MeanCVaR,0.02,100,case02,FPP-SAA-fpp_base,FPP-Branch-Benders-MeanCVaR-RootCuts,FPP-SAA-MeanCVaR,FPP-Branch-Benders-RootCuts,FPP-SAA-fpp_base,0,0,1385.390047,4.33258608,0.04067401,0,0
new20x20,shortest_path,MeanCVaR,0.02,100,case02,FPP-SAA-fpp_base,FPP-Branch-Benders-Combinatorial-MeanCVaR,FPP-SAA-MeanCVaR,FPP-Branch-Benders-Combinatorial,FPP-SAA-fpp_base,0,0,120.3355656,1.289469837,0.00025616,0,0
new20x20,shortest_path,CVaR,0.02,100,case03,FPP-SAA-fpp_base,FPP-Branch-Benders-CVaR-LLBI-RootCuts,FPP-SAA-CVaR,FPP-Branch-Benders-LLBI-RootCuts,FPP-SAA-fpp_base,-2.1,-1.221640489,-86.79692697,0.9517815119,-0.03877962,-0.32,1.22
new20x20,shortest_path,CVaR,0.02,100,case03,FPP-SAA-fpp_base,FPP-Branch-Benders-CVaR-ProjectedCoverageLLBI-exp-RootCuts,FPP-SAA-CVaR,FPP-Branch-Benders-ProjectedCoverageLLBI-exp-RootCuts,FPP-SAA-fpp_base,-2.1,-1.221640489,-1491.050342,0.1716735182,-0.03878358,-0.32,1.22
new20x20,shortest_path,CVaR,0.02,100,case03,FPP-SAA-fpp_base,FPP-Branch-Benders-CVaR-ProjectedPathLLBI-exp-RootCuts,FPP-SAA-CVaR,FPP-Branch-Benders-ProjectedPathLLBI-exp-RootCuts,FPP-SAA-fpp_base,-2.1,-1.221640489,-1761.722036,0.02130667529,-0.03882565,-0.32,1.22
new20x20,shortest_path,CVaR,0.02,100,case03,FPP-SAA-fpp_base,FPP-Branch-Benders-CVaR-RootCuts,FPP-SAA-CVaR,FPP-Branch-Benders-RootCuts,FPP-SAA-fpp_base,-2.1,-1.221640489,0.29240171,1.000162439,0.02138131,-0.32,1.22
new20x20,shortest_path,CVaR,0.02,100,case03,FPP-SAA-fpp_base,FPP-Branch-Benders-Combinatorial-CVaR,FPP-SAA-CVaR,FPP-Branch-Benders-Combinatorial,FPP-SAA-fpp_base,-2.1,-1.221640489,-60.59276064,0.9663387702,-0.03885103,-0.32,1.22
new20x20,shortest_path,Expected,0.02,100,case03,FPP-SAA-fpp_base,FPP-Branch-Benders-LLBI-RootCuts,FPP-SAA,FPP-Branch-Benders-LLBI-RootCuts,FPP-SAA-fpp_base,0,0,36.79451255,2.91576617,0.00090768,0,0
new20x20,shortest_path,Expected,0.02,100,case03,FPP-SAA-fpp_base,FPP-Branch-Benders-ProjectedCoverageLLBI-exp-RootCuts,FPP-SAA,FPP-Branch-Benders-ProjectedCoverageLLBI-exp-RootCuts,FPP-SAA-fpp_base,0,0,-12.15318761,0.3672245106,0.00097432,0,0
new20x20,shortest_path,Expected,0.02,100,case03,FPP-SAA-fpp_base,FPP-Branch-Benders-ProjectedPathLLBI-exp-RootCuts,FPP-SAA,FPP-Branch-Benders-ProjectedPathLLBI-exp-RootCuts,FPP-SAA-fpp_base,0,0,-17.43474974,0.09223138378,0,0,0
new20x20,shortest_path,Expected,0.02,100,case03,FPP-SAA-fpp_base,FPP-Branch-Benders-RootCuts,FPP-SAA,FPP-Branch-Benders-RootCuts,FPP-SAA-fpp_base,0,0,25.23505973,2.313904449,0.00099128,0,0
new20x20,shortest_path,Expected,0.02,100,case03,FPP-SAA-fpp_base,FPP-Branch-Benders-Combinatorial,FPP-SAA,FPP-Branch-Benders-Combinatorial,FPP-SAA-fpp_base,0,0,-2.85970748,0.8511046765,0.00098335,0,0
new20x20,shortest_path,MeanCVaR,0.02,100,case03,FPP-SAA-fpp_base,FPP-Branch-Benders-MeanCVaR-LLBI-RootCuts,FPP-SAA-MeanCVaR,FPP-Branch-Benders-LLBI-RootCuts,FPP-SAA-fpp_base,0,0,991.5077188,2.538947508,0.00017121,0,0
new20x20,shortest_path,MeanCVaR,0.02,100,case03,FPP-SAA-fpp_base,FPP-Branch-Benders-MeanCVaR-ProjectedCoverageLLBI-exp-RootCuts,FPP-SAA-MeanCVaR,FPP-Branch-Benders-ProjectedCoverageLLBI-exp-RootCuts,FPP-SAA-fpp_base,0,0,-529.267443,0.1785088536,0.00016779,0,0
new20x20,shortest_path,MeanCVaR,0.02,100,case03,FPP-SAA-fpp_base,FPP-Branch-Benders-MeanCVaR-ProjectedPathLLBI-exp-RootCuts,FPP-SAA-MeanCVaR,FPP-Branch-Benders-ProjectedPathLLBI-exp-RootCuts,FPP-SAA-fpp_base,0,0,-570.2425297,0.1149102489,0.00014476,0,0
new20x20,shortest_path,MeanCVaR,0.02,100,case03,FPP-SAA-fpp_base,FPP-Branch-Benders-MeanCVaR-RootCuts,FPP-SAA-MeanCVaR,FPP-Branch-Benders-RootCuts,FPP-SAA-fpp_base,0,0,1156.080604,2.794385793,0.01036996,0,0
new20x20,shortest_path,MeanCVaR,0.02,100,case03,FPP-SAA-fpp_base,FPP-Branch-Benders-Combinatorial-MeanCVaR,FPP-SAA-MeanCVaR,FPP-Branch-Benders-Combinatorial,FPP-SAA-fpp_base,0,0,-94.37982677,0.8535103696,-4.215e-05,0,0
new20x20,shortest_path,CVaR,0.02,100,case04,FPP-SAA-fpp_base,FPP-Branch-Benders-CVaR-LLBI-RootCuts,FPP-SAA-CVaR,FPP-Branch-Benders-LLBI-RootCuts,FPP-SAA-fpp_base,0.2,0.108754758,0.58491328,1.000324947,0.00264549,5.822,18.91
new20x20,shortest_path,CVaR,0.02,100,case04,FPP-SAA-fpp_base,FPP-Branch-Benders-CVaR-ProjectedCoverageLLBI-exp-RootCuts,FPP-SAA-CVaR,FPP-Branch-Benders-ProjectedCoverageLLBI-exp-RootCuts,FPP-SAA-fpp_base,-1.5,-0.8156606852,5.13758419,1.002854172,-0.05576215,11.003,28.77
new20x20,shortest_path,CVaR,0.02,100,case04,FPP-SAA-fpp_base,FPP-Branch-Benders-CVaR-ProjectedPathLLBI-exp-RootCuts,FPP-SAA-CVaR,FPP-Branch-Benders-ProjectedPathLLBI-exp-RootCuts,FPP-SAA-fpp_base,-1.8,-0.9787928222,1.73285383,1.000962683,-0.06981048,11.264,16.93
new20x20,shortest_path,CVaR,0.02,100,case04,FPP-SAA-fpp_base,FPP-Branch-Benders-CVaR-RootCuts,FPP-SAA-CVaR,FPP-Branch-Benders-RootCuts,FPP-SAA-fpp_base,2.5,1.359434475,0.35160147,1.000195331,0.01184878,-1.958,-4.06
new20x20,shortest_path,CVaR,0.02,100,case04,FPP-SAA-fpp_base,FPP-Branch-Benders-Combinatorial-CVaR,FPP-SAA-CVaR,FPP-Branch-Benders-Combinatorial,FPP-SAA-fpp_base,-1.5,-0.8156606852,7.47017365,1.004150036,-0.0411956,11.003,28.77
new20x20,shortest_path,Expected,0.02,100,case04,FPP-SAA-fpp_base,FPP-Branch-Benders-LLBI-RootCuts,FPP-SAA,FPP-Branch-Benders-LLBI-RootCuts,FPP-SAA-fpp_base,0,0,202.550438,9.339169466,7.486e-05,0,0
new20x20,shortest_path,Expected,0.02,100,case04,FPP-SAA-fpp_base,FPP-Branch-Benders-ProjectedCoverageLLBI-exp-RootCuts,FPP-SAA,FPP-Branch-Benders-ProjectedCoverageLLBI-exp-RootCuts,FPP-SAA-fpp_base,0,0,-10.50473817,0.5675112201,8.604e-05,0,0
new20x20,shortest_path,Expected,0.02,100,case04,FPP-SAA-fpp_base,FPP-Branch-Benders-ProjectedPathLLBI-exp-RootCuts,FPP-SAA,FPP-Branch-Benders-ProjectedPathLLBI-exp-RootCuts,FPP-SAA-fpp_base,0,0,-18.48437235,0.238983065,-0.00063864,0,0
new20x20,shortest_path,Expected,0.02,100,case04,FPP-SAA-fpp_base,FPP-Branch-Benders-RootCuts,FPP-SAA,FPP-Branch-Benders-RootCuts,FPP-SAA-fpp_base,0,0,306.7038443,13.62725156,8.654e-05,0,0
new20x20,shortest_path,Expected,0.02,100,case04,FPP-SAA-fpp_base,FPP-Branch-Benders-Combinatorial,FPP-SAA,FPP-Branch-Benders-Combinatorial,FPP-SAA-fpp_base,0,0,43.34912278,2.784719325,-0.0009134,0,0
new20x20,shortest_path,MeanCVaR,0.02,100,case04,FPP-SAA-fpp_base,FPP-Branch-Benders-MeanCVaR-LLBI-RootCuts,FPP-SAA-MeanCVaR,FPP-Branch-Benders-LLBI-RootCuts,FPP-SAA-fpp_base,3.015,2.132852292,1.39711266,1.000776159,0.09681291,-1.065,-18.77
new20x20,shortest_path,MeanCVaR,0.02,100,case04,FPP-SAA-fpp_base,FPP-Branch-Benders-MeanCVaR-ProjectedCoverageLLBI-exp-RootCuts,FPP-SAA-MeanCVaR,FPP-Branch-Benders-ProjectedCoverageLLBI-exp-RootCuts,FPP-SAA-fpp_base,0.795,0.5623938879,14.39885555,1.00799921,0.04186262,-1.298,-4.83
new20x20,shortest_path,MeanCVaR,0.02,100,case04,FPP-SAA-fpp_base,FPP-Branch-Benders-MeanCVaR-ProjectedPathLLBI-exp-RootCuts,FPP-SAA-MeanCVaR,FPP-Branch-Benders-ProjectedPathLLBI-exp-RootCuts,FPP-SAA-fpp_base,0,0,-635.1190883,0.6471628754,-0.02386932,0,0
new20x20,shortest_path,MeanCVaR,0.02,100,case04,FPP-SAA-fpp_base,FPP-Branch-Benders-MeanCVaR-RootCuts,FPP-SAA-MeanCVaR,FPP-Branch-Benders-RootCuts,FPP-SAA-fpp_base,2.64,1.867572156,0.42002817,1.000233344,0.09285616,-2.508,-24.91
new20x20,shortest_path,MeanCVaR,0.02,100,case04,FPP-SAA-fpp_base,FPP-Branch-Benders-Combinatorial-MeanCVaR,FPP-SAA-MeanCVaR,FPP-Branch-Benders-Combinatorial,FPP-SAA-fpp_base,0.29,0.2051499717,8.30797066,1.00461545,0.02344238,-5.375,-11.77
new20x20,shortest_path,CVaR,0.03,100,case00,FPP-SAA-fpp_base,FPP-Branch-Benders-CVaR-LLBI-RootCuts,FPP-SAA-CVaR,FPP-Branch-Benders-LLBI-RootCuts,FPP-SAA-fpp_base,2.8,1.94040194,0.52718522,1.000292868,0.10295103,1.008,-1.36
new20x20,shortest_path,CVaR,0.03,100,case00,FPP-SAA-fpp_base,FPP-Branch-Benders-CVaR-ProjectedCoverageLLBI-exp-RootCuts,FPP-SAA-CVaR,FPP-Branch-Benders-ProjectedCoverageLLBI-exp-RootCuts,FPP-SAA-fpp_base,-7.6,-5.266805267,4.48315345,1.002490536,-0.07711688,-0.146,2.5
new20x20,shortest_path,CVaR,0.03,100,case00,FPP-SAA-fpp_base,FPP-Branch-Benders-CVaR-ProjectedPathLLBI-exp-RootCuts,FPP-SAA-CVaR,FPP-Branch-Benders-ProjectedPathLLBI-exp-RootCuts,FPP-SAA-fpp_base,-7.6,-5.266805267,3.1105907,1.001728033,-0.09658734,-0.146,2.5
new20x20,shortest_path,CVaR,0.03,100,case00,FPP-SAA-fpp_base,FPP-Branch-Benders-CVaR-RootCuts,FPP-SAA-CVaR,FPP-Branch-Benders-RootCuts,FPP-SAA-fpp_base,5.2,3.603603604,0.87337167,1.000485186,0.1119966,3.527,3.23
new20x20,shortest_path,CVaR,0.03,100,case00,FPP-SAA-fpp_base,FPP-Branch-Benders-Combinatorial-CVaR,FPP-SAA-CVaR,FPP-Branch-Benders-Combinatorial,FPP-SAA-fpp_base,-5.7,-3.95010395,9.39664013,1.005220135,-0.05564101,-0.138,4.33
new20x20,shortest_path,Expected,0.03,100,case00,FPP-SAA-fpp_base,FPP-Branch-Benders-LLBI-RootCuts,FPP-SAA,FPP-Branch-Benders-LLBI-RootCuts,FPP-SAA-fpp_base,2.3,3.290414878,1746.12459,32.65875646,0.1282073,4.119,21.34
new20x20,shortest_path,Expected,0.03,100,case00,FPP-SAA-fpp_base,FPP-Branch-Benders-ProjectedCoverageLLBI-exp-RootCuts,FPP-SAA,FPP-Branch-Benders-ProjectedCoverageLLBI-exp-RootCuts,FPP-SAA-fpp_base,0,0,296.6687874,6.378862963,0.00099877,0,0
new20x20,shortest_path,Expected,0.03,100,case00,FPP-SAA-fpp_base,FPP-Branch-Benders-ProjectedPathLLBI-exp-RootCuts,FPP-SAA,FPP-Branch-Benders-ProjectedPathLLBI-exp-RootCuts,FPP-SAA-fpp_base,0,0,-47.89114704,0.1316918799,0.00085735,0,0
new20x20,shortest_path,Expected,0.03,100,case00,FPP-SAA-fpp_base,FPP-Branch-Benders-RootCuts,FPP-SAA,FPP-Branch-Benders-RootCuts,FPP-SAA-fpp_base,1.6,2.288984263,1745.256612,32.64301926,0.10947392,0.774,6.01
new20x20,shortest_path,Expected,0.03,100,case00,FPP-SAA-fpp_base,FPP-Branch-Benders-Combinatorial,FPP-SAA,FPP-Branch-Benders-Combinatorial,FPP-SAA-fpp_base,0,0,1755.929842,32.83653419,0.03080024,0,0
new20x20,shortest_path,MeanCVaR,0.03,100,case00,FPP-SAA-fpp_base,FPP-Branch-Benders-MeanCVaR-LLBI-RootCuts,FPP-SAA-MeanCVaR,FPP-Branch-Benders-LLBI-RootCuts,FPP-SAA-fpp_base,3.975,3.768665561,0.59071296,1.00032816,0.17831962,-0.888,2.86
new20x20,shortest_path,MeanCVaR,0.03,100,case00,FPP-SAA-fpp_base,FPP-Branch-Benders-MeanCVaR-ProjectedCoverageLLBI-exp-RootCuts,FPP-SAA-MeanCVaR,FPP-Branch-Benders-ProjectedCoverageLLBI-exp-RootCuts,FPP-SAA-fpp_base,-0.115,-0.109030576,9.63271842,1.005351284,0.02391856,0.48,0.73
new20x20,shortest_path,MeanCVaR,0.03,100,case00,FPP-SAA-fpp_base,FPP-Branch-Benders-MeanCVaR-ProjectedPathLLBI-exp-RootCuts,FPP-SAA-MeanCVaR,FPP-Branch-Benders-ProjectedPathLLBI-exp-RootCuts,FPP-SAA-fpp_base,-0.115,-0.109030576,-421.7045023,0.7657296162,-0.02108696,0.604,1.87
new20x20,shortest_path,MeanCVaR,0.03,100,case00,FPP-SAA-fpp_base,FPP-Branch-Benders-MeanCVaR-RootCuts,FPP-SAA-MeanCVaR,FPP-Branch-Benders-RootCuts,FPP-SAA-fpp_base,7.55,7.158094335,0.99357483,1.000551963,0.20201082,-0.476,2.62
new20x20,shortest_path,MeanCVaR,0.03,100,case00,FPP-SAA-fpp_base,FPP-Branch-Benders-Combinatorial-MeanCVaR,FPP-SAA-MeanCVaR,FPP-Branch-Benders-Combinatorial,FPP-SAA-fpp_base,0.585,0.5546337995,9.83222259,1.005462115,0.02833816,2.354,5.39
new20x20,shortest_path,CVaR,0.03,100,case01,FPP-SAA-fpp_base,FPP-Branch-Benders-CVaR-LLBI-RootCuts,FPP-SAA-CVaR,FPP-Branch-Benders-LLBI-RootCuts,FPP-SAA-fpp_base,4.7,3.423160961,0.4279004,1.000237721,0.14279488,1.157,-9.35
new20x20,shortest_path,CVaR,0.03,100,case01,FPP-SAA-fpp_base,FPP-Branch-Benders-CVaR-ProjectedCoverageLLBI-exp-RootCuts,FPP-SAA-CVaR,FPP-Branch-Benders-ProjectedCoverageLLBI-exp-RootCuts,FPP-SAA-fpp_base,-3.3,-2.403495994,4.8971726,1.00272063,-0.01376444,-5.245,-13.52
new20x20,shortest_path,CVaR,0.03,100,case01,FPP-SAA-fpp_base,FPP-Branch-Benders-CVaR-ProjectedPathLLBI-exp-RootCuts,FPP-SAA-CVaR,FPP-Branch-Benders-ProjectedPathLLBI-exp-RootCuts,FPP-SAA-fpp_base,-3.3,-2.403495994,1.54692511,1.000859396,-0.05285766,-5.245,-13.52
new20x20,shortest_path,CVaR,0.03,100,case01,FPP-SAA-fpp_base,FPP-Branch-Benders-CVaR-RootCuts,FPP-SAA-CVaR,FPP-Branch-Benders-RootCuts,FPP-SAA-fpp_base,4.2,3.058994902,0.80849576,1.000449161,0.12405847,0.112,7.7
new20x20,shortest_path,CVaR,0.03,100,case01,FPP-SAA-fpp_base,FPP-Branch-Benders-Combinatorial-CVaR,FPP-SAA-CVaR,FPP-Branch-Benders-Combinatorial,FPP-SAA-fpp_base,-0.3,-0.2184996358,21.04156875,1.011689667,0.00251351,-7.739,-22.4
new20x20,shortest_path,Expected,0.03,100,case01,FPP-SAA-fpp_base,FPP-Branch-Benders-LLBI-RootCuts,FPP-SAA,FPP-Branch-Benders-LLBI-RootCuts,FPP-SAA-fpp_base,2.41,3.489213841,1734.728817,27.3372981,0.11198445,0.475,-14.89
new20x20,shortest_path,Expected,0.03,100,case01,FPP-SAA-fpp_base,FPP-Branch-Benders-ProjectedCoverageLLBI-exp-RootCuts,FPP-SAA,FPP-Branch-Benders-ProjectedCoverageLLBI-exp-RootCuts,FPP-SAA-fpp_base,0,0,37.50316439,1.56938699,0.00014131,0,0
new20x20,shortest_path,Expected,0.03,100,case01,FPP-SAA-fpp_base,FPP-Branch-Benders-ProjectedPathLLBI-exp-RootCuts,FPP-SAA,FPP-Branch-Benders-ProjectedPathLLBI-exp-RootCuts,FPP-SAA-fpp_base,0,0,-42.42835887,0.3558368753,0.00013802,0,0
new20x20,shortest_path,Expected,0.03,100,case01,FPP-SAA-fpp_base,FPP-Branch-Benders-RootCuts,FPP-SAA,FPP-Branch-Benders-RootCuts,FPP-SAA-fpp_base,1.2,1.737367888,1734.745685,27.3375542,0.09570305,-1.584,-7.56
new20x20,shortest_path,Expected,0.03,100,case01,FPP-SAA-fpp_base,FPP-Branch-Benders-Combinatorial,FPP-SAA,FPP-Branch-Benders-Combinatorial,FPP-SAA-fpp_base,0,0,181.6278659,3.757541813,-0.00022777,0,0
new20x20,shortest_path,MeanCVaR,0.03,100,case01,FPP-SAA-fpp_base,FPP-Branch-Benders-MeanCVaR-LLBI-RootCuts,FPP-SAA-MeanCVaR,FPP-Branch-Benders-LLBI-RootCuts,FPP-SAA-fpp_base,7.95,7.594211205,1.55784778,1.00086546,0.19600638,3.707,12.41
new20x20,shortest_path,MeanCVaR,0.03,100,case01,FPP-SAA-fpp_base,FPP-Branch-Benders-MeanCVaR-ProjectedCoverageLLBI-exp-RootCuts,FPP-SAA-MeanCVaR,FPP-Branch-Benders-ProjectedCoverageLLBI-exp-RootCuts,FPP-SAA-fpp_base,0.07,0.06686726847,4.47693405,1.002487153,0.02820534,0.902,0.9
new20x20,shortest_path,MeanCVaR,0.03,100,case01,FPP-SAA-fpp_base,FPP-Branch-Benders-MeanCVaR-ProjectedPathLLBI-exp-RootCuts,FPP-SAA-MeanCVaR,FPP-Branch-Benders-ProjectedPathLLBI-exp-RootCuts,FPP-SAA-fpp_base,0,0,-1150.029937,0.3611028874,-0.01833846,0,0
new20x20,shortest_path,MeanCVaR,0.03,100,case01,FPP-SAA-fpp_base,FPP-Branch-Benders-MeanCVaR-RootCuts,FPP-SAA-MeanCVaR,FPP-Branch-Benders-RootCuts,FPP-SAA-fpp_base,1.575,1.504513541,0.99410116,1.000552271,0.14382997,0.883,1.88
new20x20,shortest_path,MeanCVaR,0.03,100,case01,FPP-SAA-fpp_base,FPP-Branch-Benders-Combinatorial-MeanCVaR,FPP-SAA-MeanCVaR,FPP-Branch-Benders-Combinatorial,FPP-SAA-fpp_base,3.975,3.797105603,50.55478157,1.02808562,0.12108392,1.341,6.15
new20x20,shortest_path,CVaR,0.03,100,case02,FPP-SAA-fpp_base,FPP-Branch-Benders-CVaR-LLBI-RootCuts,FPP-SAA-CVaR,FPP-Branch-Benders-LLBI-RootCuts,FPP-SAA-fpp_base,1.2,0.9360374415,1.12595601,1.000625508,0.10409893,2.007,4.99
new20x20,shortest_path,CVaR,0.03,100,case02,FPP-SAA-fpp_base,FPP-Branch-Benders-CVaR-ProjectedCoverageLLBI-exp-RootCuts,FPP-SAA-CVaR,FPP-Branch-Benders-ProjectedCoverageLLBI-exp-RootCuts,FPP-SAA-fpp_base,-2.1,-1.638065523,11.9051656,1.006613732,-0.0283505,1.954,0.35
new20x20,shortest_path,CVaR,0.03,100,case02,FPP-SAA-fpp_base,FPP-Branch-Benders-CVaR-ProjectedPathLLBI-exp-RootCuts,FPP-SAA-CVaR,FPP-Branch-Benders-ProjectedPathLLBI-exp-RootCuts,FPP-SAA-fpp_base,-2.1,-1.638065523,3.23335277,1.001796239,-0.04650102,1.954,0.35
new20x20,shortest_path,CVaR,0.03,100,case02,FPP-SAA-fpp_base,FPP-Branch-Benders-CVaR-RootCuts,FPP-SAA-CVaR,FPP-Branch-Benders-RootCuts,FPP-SAA-fpp_base,2.6,2.028081123,0.26758886,1.000148655,0.10015209,4.406,4.87
new20x20,shortest_path,CVaR,0.03,100,case02,FPP-SAA-fpp_base,FPP-Branch-Benders-Combinatorial-CVaR,FPP-SAA-CVaR,FPP-Branch-Benders-Combinatorial,FPP-SAA-fpp_base,-2.1,-1.638065523,22.67635059,1.012597498,-0.0101118,1.954,0.35
new20x20,shortest_path,Expected,0.03,100,case02,FPP-SAA-fpp_base,FPP-Branch-Benders-LLBI-RootCuts,FPP-SAA,FPP-Branch-Benders-LLBI-RootCuts,FPP-SAA-fpp_base,0.99,1.388888889,1780.949479,91.26012292,0.07784137,-0.778,-4.01
new20x20,shortest_path,Expected,0.03,100,case02,FPP-SAA-fpp_base,FPP-Branch-Benders-ProjectedCoverageLLBI-exp-RootCuts,FPP-SAA,FPP-Branch-Benders-ProjectedCoverageLLBI-exp-RootCuts,FPP-SAA-fpp_base,0,0,50.30895371,3.549703065,2.19e-05,0,0
new20x20,shortest_path,Expected,0.03,100,case02,FPP-SAA-fpp_base,FPP-Branch-Benders-ProjectedPathLLBI-exp-RootCuts,FPP-SAA,FPP-Branch-Benders-ProjectedPathLLBI-exp-RootCuts,FPP-SAA-fpp_base,0,0,-3.67406471,0.8137950929,-0.00037847,0,0
new20x20,shortest_path,Expected,0.03,100,case02,FPP-SAA-fpp_base,FPP-Branch-Benders-RootCuts,FPP-SAA,FPP-Branch-Benders-RootCuts,FPP-SAA-fpp_base,1.75,2.455106622,1780.696277,91.24729041,0.09781433,2.481,2.68
new20x20,shortest_path,Expected,0.03,100,case02,FPP-SAA-fpp_base,FPP-Branch-Benders-Combinatorial,FPP-SAA,FPP-Branch-Benders-Combinatorial,FPP-SAA-fpp_base,0,0,49.44244349,3.505787547,-0.00097616,0,0
new20x20,shortest_path,MeanCVaR,0.03,100,case02,FPP-SAA-fpp_base,FPP-Branch-Benders-MeanCVaR-LLBI-RootCuts,FPP-SAA-MeanCVaR,FPP-Branch-Benders-LLBI-RootCuts,FPP-SAA-fpp_base,2.51,2.520333367,736.6942612,1.69172253,0.16351053,4.103,3.07
new20x20,shortest_path,MeanCVaR,0.03,100,case02,FPP-SAA-fpp_base,FPP-Branch-Benders-MeanCVaR-ProjectedCoverageLLBI-exp-RootCuts,FPP-SAA-MeanCVaR,FPP-Branch-Benders-ProjectedCoverageLLBI-exp-RootCuts,FPP-SAA-fpp_base,0,0,311.2661469,1.292264808,0.0007701,0,0
new20x20,shortest_path,MeanCVaR,0.03,100,case02,FPP-SAA-fpp_base,FPP-Branch-Benders-MeanCVaR-ProjectedPathLLBI-exp-RootCuts,FPP-SAA-MeanCVaR,FPP-Branch-Benders-ProjectedPathLLBI-exp-RootCuts,FPP-SAA-fpp_base,0,0,-929.8052133,0.1269550362,0.00076669,0,0
new20x20,shortest_path,MeanCVaR,0.03,100,case02,FPP-SAA-fpp_base,FPP-Branch-Benders-MeanCVaR-RootCuts,FPP-SAA-MeanCVaR,FPP-Branch-Benders-RootCuts,FPP-SAA-fpp_base,1.43,1.435887137,735.345431,1.69045604,0.13516841,2.243,-2.32
new20x20,shortest_path,MeanCVaR,0.03,100,case02,FPP-SAA-fpp_base,FPP-Branch-Benders-Combinatorial-MeanCVaR,FPP-SAA-MeanCVaR,FPP-Branch-Benders-Combinatorial,FPP-SAA-fpp_base,3.605,3.61984135,758.3438412,1.712050505,0.11686481,-1.373,1.39
new20x20,shortest_path,CVaR,0.03,100,case03,FPP-SAA-fpp_base,FPP-Branch-Benders-CVaR-LLBI-RootCuts,FPP-SAA-CVaR,FPP-Branch-Benders-LLBI-RootCuts,FPP-SAA-fpp_base,1,0.7320644217,0.43781686,1.000243223,0.12112865,5.867,5.48
new20x20,shortest_path,CVaR,0.03,100,case03,FPP-SAA-fpp_base,FPP-Branch-Benders-CVaR-ProjectedCoverageLLBI-exp-RootCuts,FPP-SAA-CVaR,FPP-Branch-Benders-ProjectedCoverageLLBI-exp-RootCuts,FPP-SAA-fpp_base,-5.5,-4.026354319,4.60264451,1.002556934,-0.03883579,1.101,-6.11
new20x20,shortest_path,CVaR,0.03,100,case03,FPP-SAA-fpp_base,FPP-Branch-Benders-CVaR-ProjectedPathLLBI-exp-RootCuts,FPP-SAA-CVaR,FPP-Branch-Benders-ProjectedPathLLBI-exp-RootCuts,FPP-SAA-fpp_base,-5.5,-4.026354319,1.44259147,1.000801411,-0.08795452,2.582,-0.65
new20x20,shortest_path,CVaR,0.03,100,case03,FPP-SAA-fpp_base,FPP-Branch-Benders-CVaR-RootCuts,FPP-SAA-CVaR,FPP-Branch-Benders-RootCuts,FPP-SAA-fpp_base,1.3,0.9516837482,0.28317183,1.000157312,0.12046861,3.004,-3.36
new20x20,shortest_path,CVaR,0.03,100,case03,FPP-SAA-fpp_base,FPP-Branch-Benders-Combinatorial-CVaR,FPP-SAA-CVaR,FPP-Branch-Benders-Combinatorial,FPP-SAA-fpp_base,-4.2,-3.074670571,8.84907861,1.00491598,-0.01947902,3.128,-1.76
new20x20,shortest_path,Expected,0.03,100,case03,FPP-SAA-fpp_base,FPP-Branch-Benders-LLBI-RootCuts,FPP-SAA,FPP-Branch-Benders-LLBI-RootCuts,FPP-SAA-fpp_base,1.46,2.227987181,1779.43873,80.61988592,0.11649089,-1.998,-10.72
new20x20,shortest_path,Expected,0.03,100,case03,FPP-SAA-fpp_base,FPP-Branch-Benders-ProjectedCoverageLLBI-exp-RootCuts,FPP-SAA,FPP-Branch-Benders-ProjectedCoverageLLBI-exp-RootCuts,FPP-SAA-fpp_base,0,0,-5.49130234,0.7542950715,0.00071213,0,0
new20x20,shortest_path,Expected,0.03,100,case03,FPP-SAA-fpp_base,FPP-Branch-Benders-ProjectedPathLLBI-exp-RootCuts,FPP-SAA,FPP-Branch-Benders-ProjectedPathLLBI-exp-RootCuts,FPP-SAA-fpp_base,0,0,-16.23779062,0.2734500968,0.00028372,0,0
new20x20,shortest_path,Expected,0.03,100,case03,FPP-SAA-fpp_base,FPP-Branch-Benders-RootCuts,FPP-SAA,FPP-Branch-Benders-RootCuts,FPP-SAA-fpp_base,1.58,2.411109416,1777.978033,80.55452795,0.10167259,-0.063,-6.25
new20x20,shortest_path,Expected,0.03,100,case03,FPP-SAA-fpp_base,FPP-Branch-Benders-Combinatorial,FPP-SAA,FPP-Branch-Benders-Combinatorial,FPP-SAA-fpp_base,0,0,15.80162115,1.70703377,-0.00025434,0,0
new20x20,shortest_path,MeanCVaR,0.03,100,case03,FPP-SAA-fpp_base,FPP-Branch-Benders-MeanCVaR-LLBI-RootCuts,FPP-SAA-MeanCVaR,FPP-Branch-Benders-LLBI-RootCuts,FPP-SAA-fpp_base,5.275,5.204736063,1.43448815,1.000796926,0.18854804,3.726,10.03
new20x20,shortest_path,MeanCVaR,0.03,100,case03,FPP-SAA-fpp_base,FPP-Branch-Benders-MeanCVaR-ProjectedCoverageLLBI-exp-RootCuts,FPP-SAA-MeanCVaR,FPP-Branch-Benders-ProjectedCoverageLLBI-exp-RootCuts,FPP-SAA-fpp_base,-0.5,-0.4933399112,13.02859097,1.007238002,0.03013489,-1.147,-4.44
new20x20,shortest_path,MeanCVaR,0.03,100,case03,FPP-SAA-fpp_base,FPP-Branch-Benders-MeanCVaR-ProjectedPathLLBI-exp-RootCuts,FPP-SAA-MeanCVaR,FPP-Branch-Benders-ProjectedPathLLBI-exp-RootCuts,FPP-SAA-fpp_base,-0.5,-0.4933399112,-600.7268335,0.6662676471,-0.012792,-1.147,-4.44
new20x20,shortest_path,MeanCVaR,0.03,100,case03,FPP-SAA-fpp_base,FPP-Branch-Benders-MeanCVaR-RootCuts,FPP-SAA-MeanCVaR,FPP-Branch-Benders-RootCuts,FPP-SAA-fpp_base,3.78,3.729649729,1.04640393,1.000581327,0.17969784,0.563,8.71
new20x20,shortest_path,MeanCVaR,0.03,100,case03,FPP-SAA-fpp_base,FPP-Branch-Benders-Combinatorial-MeanCVaR,FPP-SAA-MeanCVaR,FPP-Branch-Benders-Combinatorial,FPP-SAA-fpp_base,8.565,8.450912679,108.9562777,1.060530399,0.14911887,1.658,22.16
new20x20,shortest_path,CVaR,0.03,100,case04,FPP-SAA-fpp_base,FPP-Branch-Benders-CVaR-LLBI-RootCuts,FPP-SAA-CVaR,FPP-Branch-Benders-LLBI-RootCuts,FPP-SAA-fpp_base,11.1,8.155767818,1.18669468,1.000659261,0.16867266,-0.575,-6.01
new20x20,shortest_path,CVaR,0.03,100,case04,FPP-SAA-fpp_base,FPP-Branch-Benders-CVaR-ProjectedCoverageLLBI-exp-RootCuts,FPP-SAA-CVaR,FPP-Branch-Benders-ProjectedCoverageLLBI-exp-RootCuts,FPP-SAA-fpp_base,-1.3,-0.9551800147,10.28043544,1.005711236,-0.02226514,1.2,11.42
new20x20,shortest_path,CVaR,0.03,100,case04,FPP-SAA-fpp_base,FPP-Branch-Benders-CVaR-ProjectedPathLLBI-exp-RootCuts,FPP-SAA-CVaR,FPP-Branch-Benders-ProjectedPathLLBI-exp-RootCuts,FPP-SAA-fpp_base,0.2,0.1469507715,3.71962857,1.002066418,-0.03225837,0.08,7.82
new20x20,shortest_path,CVaR,0.03,100,case04,FPP-SAA-fpp_base,FPP-Branch-Benders-CVaR-RootCuts,FPP-SAA-CVaR,FPP-Branch-Benders-RootCuts,FPP-SAA-fpp_base,6,4.408523145,0.76919945,1.000427324,0.1349939,3.05,11.88
new20x20,shortest_path,CVaR,0.03,100,case04,FPP-SAA-fpp_base,FPP-Branch-Benders-Combinatorial-CVaR,FPP-SAA-CVaR,FPP-Branch-Benders-Combinatorial,FPP-SAA-fpp_base,1.3,0.9551800147,10.450918,1.005805947,0.00079477,2.221,9.8
new20x20,shortest_path,Expected,0.03,100,case04,FPP-SAA-fpp_base,FPP-Branch-Benders-LLBI-RootCuts,FPP-SAA,FPP-Branch-Benders-LLBI-RootCuts,FPP-SAA-fpp_base,2.22,3.088051189,1763.900289,49.14464032,0.15878408,0.148,-2.53
new20x20,shortest_path,Expected,0.03,100,case04,FPP-SAA-fpp_base,FPP-Branch-Benders-ProjectedCoverageLLBI-exp-RootCuts,FPP-SAA,FPP-Branch-Benders-ProjectedCoverageLLBI-exp-RootCuts,FPP-SAA-fpp_base,0,0,1274.423793,35.78466189,0.00023463,0,0
new20x20,shortest_path,Expected,0.03,100,case04,FPP-SAA-fpp_base,FPP-Branch-Benders-ProjectedPathLLBI-exp-RootCuts,FPP-SAA,FPP-Branch-Benders-ProjectedPathLLBI-exp-RootCuts,FPP-SAA-fpp_base,0,0,-24.75265315,0.3243906186,0.00023185,0,0
new20x20,shortest_path,Expected,0.03,100,case04,FPP-SAA-fpp_base,FPP-Branch-Benders-RootCuts,FPP-SAA,FPP-Branch-Benders-RootCuts,FPP-SAA-fpp_base,1.8,2.503825289,1763.712948,49.13952697,0.14550215,3.974,5.22
new20x20,shortest_path,Expected,0.03,100,case04,FPP-SAA-fpp_base,FPP-Branch-Benders-Combinatorial,FPP-SAA,FPP-Branch-Benders-Combinatorial,FPP-SAA-fpp_base,0,0,49.42439424,2.349010315,-0.00076506,0,0
new20x20,shortest_path,MeanCVaR,0.03,100,case04,FPP-SAA-fpp_base,FPP-Branch-Benders-MeanCVaR-LLBI-RootCuts,FPP-SAA-MeanCVaR,FPP-Branch-Benders-LLBI-RootCuts,FPP-SAA-fpp_base,5.105,4.758132165,1.17176355,1.000650969,0.17668514,-2.382,-3.61
new20x20,shortest_path,MeanCVaR,0.03,100,case04,FPP-SAA-fpp_base,FPP-Branch-Benders-MeanCVaR-ProjectedCoverageLLBI-exp-RootCuts,FPP-SAA-MeanCVaR,FPP-Branch-Benders-ProjectedCoverageLLBI-exp-RootCuts,FPP-SAA-fpp_base,-0.545,-0.5079690558,10.4578014,1.00580979,0.02593392,1.12,3.6
new20x20,shortest_path,MeanCVaR,0.03,100,case04,FPP-SAA-fpp_base,FPP-Branch-Benders-MeanCVaR-ProjectedPathLLBI-exp-RootCuts,FPP-SAA-MeanCVaR,FPP-Branch-Benders-ProjectedPathLLBI-exp-RootCuts,FPP-SAA-fpp_base,-0.72,-0.6710783857,4.47611432,1.002486687,-0.00079715,0.085,-0.39
new20x20,shortest_path,MeanCVaR,0.03,100,case04,FPP-SAA-fpp_base,FPP-Branch-Benders-MeanCVaR-RootCuts,FPP-SAA-MeanCVaR,FPP-Branch-Benders-RootCuts,FPP-SAA-fpp_base,3.14,2.926647404,1.13594168,1.000631068,0.16967034,-4.671,-9.48
new20x20,shortest_path,MeanCVaR,0.03,100,case04,FPP-SAA-fpp_base,FPP-Branch-Benders-Combinatorial-MeanCVaR,FPP-SAA-MeanCVaR,FPP-Branch-Benders-Combinatorial,FPP-SAA-fpp_base,-0.355,-0.3308789263,11.9768822,1.006653709,0.00920983,-4.665,-9.99
new20x20,shortest_path,CVaR,0.01,200,case00,FPP-SAA-fpp_base,FPP-Branch-Benders-CVaR-LLBI-RootCuts,FPP-SAA-CVaR,FPP-Branch-Benders-LLBI-RootCuts,FPP-SAA-fpp_base,0,0,-1789.688495,0.005801493202,-0.03935766,0,0
new20x20,shortest_path,CVaR,0.01,200,case00,FPP-SAA-fpp_base,FPP-Branch-Benders-CVaR-ProjectedCoverageLLBI-exp-RootCuts,FPP-SAA-CVaR,FPP-Branch-Benders-ProjectedCoverageLLBI-exp-RootCuts,FPP-SAA-fpp_base,0,0,-1779.183639,0.01163709637,-0.04024551,0,0
new20x20,shortest_path,CVaR,0.01,200,case00,FPP-SAA-fpp_base,FPP-Branch-Benders-CVaR-ProjectedPathLLBI-exp-RootCuts,FPP-SAA-CVaR,FPP-Branch-Benders-ProjectedPathLLBI-exp-RootCuts,FPP-SAA-fpp_base,0,0,-1788.800579,0.006294743983,-0.04024551,0,0
new20x20,shortest_path,CVaR,0.01,200,case00,FPP-SAA-fpp_base,FPP-Branch-Benders-CVaR-RootCuts,FPP-SAA-CVaR,FPP-Branch-Benders-RootCuts,FPP-SAA-fpp_base,0,0,-1790.412898,0.005399076756,-0.03940527,0,0
new20x20,shortest_path,CVaR,0.01,200,case00,FPP-SAA-fpp_base,FPP-Branch-Benders-Combinatorial-CVaR,FPP-SAA-CVaR,FPP-Branch-Benders-Combinatorial,FPP-SAA-fpp_base,0,0,-1699.774336,0.05575014225,-0.03956148,0,0
new20x20,shortest_path,Expected,0.01,200,case00,FPP-SAA-fpp_base,FPP-Branch-Benders-LLBI-RootCuts,FPP-SAA,FPP-Branch-Benders-LLBI-RootCuts,FPP-SAA-fpp_base,0,0,-58.18184625,0.09973788818,0,0,0
new20x20,shortest_path,Expected,0.01,200,case00,FPP-SAA-fpp_base,FPP-Branch-Benders-ProjectedCoverageLLBI-exp-RootCuts,FPP-SAA,FPP-Branch-Benders-ProjectedCoverageLLBI-exp-RootCuts,FPP-SAA-fpp_base,0,0,-51.19780993,0.2078036113,0.00062689,0,0
new20x20,shortest_path,Expected,0.01,200,case00,FPP-SAA-fpp_base,FPP-Branch-Benders-ProjectedPathLLBI-exp-RootCuts,FPP-SAA,FPP-Branch-Benders-ProjectedPathLLBI-exp-RootCuts,FPP-SAA-fpp_base,0,0,-59.72107985,0.0759209456,0,0,0
new20x20,shortest_path,Expected,0.01,200,case00,FPP-SAA-fpp_base,FPP-Branch-Benders-RootCuts,FPP-SAA,FPP-Branch-Benders-RootCuts,FPP-SAA-fpp_base,0,0,-53.67116599,0.1695327606,0,0,0
new20x20,shortest_path,Expected,0.01,200,case00,FPP-SAA-fpp_base,FPP-Branch-Benders-Combinatorial,FPP-SAA,FPP-Branch-Benders-Combinatorial,FPP-SAA-fpp_base,0,0,-46.836236,0.2752913246,0.0001494,0,0
new20x20,shortest_path,MeanCVaR,0.01,200,case00,FPP-SAA-fpp_base,FPP-Branch-Benders-MeanCVaR-LLBI-RootCuts,FPP-SAA-MeanCVaR,FPP-Branch-Benders-LLBI-RootCuts,FPP-SAA-fpp_base,0,0,-570.2838648,0.02212331774,0.00070615,0,0
new20x20,shortest_path,MeanCVaR,0.01,200,case00,FPP-SAA-fpp_base,FPP-Branch-Benders-MeanCVaR-ProjectedCoverageLLBI-exp-RootCuts,FPP-SAA-MeanCVaR,FPP-Branch-Benders-ProjectedCoverageLLBI-exp-RootCuts,FPP-SAA-fpp_base,0,0,-560.8549389,0.03829127782,0,0,0
new20x20,shortest_path,MeanCVaR,0.01,200,case00,FPP-SAA-fpp_base,FPP-Branch-Benders-MeanCVaR-ProjectedPathLLBI-exp-RootCuts,FPP-SAA-MeanCVaR,FPP-Branch-Benders-ProjectedPathLLBI-exp-RootCuts,FPP-SAA-fpp_base,0,0,-573.5341988,0.01654990755,0,0,0
new20x20,shortest_path,MeanCVaR,0.01,200,case00,FPP-SAA-fpp_base,FPP-Branch-Benders-MeanCVaR-RootCuts,FPP-SAA-MeanCVaR,FPP-Branch-Benders-RootCuts,FPP-SAA-fpp_base,0,0,-569.6213764,0.02325929928,0.00089256,0,0
new20x20,shortest_path,MeanCVaR,0.01,200,case00,FPP-SAA-fpp_base,FPP-Branch-Benders-Combinatorial-MeanCVaR,FPP-SAA-MeanCVaR,FPP-Branch-Benders-Combinatorial,FPP-SAA-fpp_base,0,0,-520.7897044,0.1069919039,0.00068032,0,0
new20x20,shortest_path,CVaR,0.01,200,case01,FPP-SAA-fpp_base,FPP-Branch-Benders-CVaR-LLBI-RootCuts,FPP-SAA-CVaR,FPP-Branch-Benders-LLBI-RootCuts,FPP-SAA-fpp_base,-12.3,-4.314275693,-1712.179518,0.0488751125,-0.13605274,0.679,-4.94
new20x20,shortest_path,CVaR,0.01,200,case01,FPP-SAA-fpp_base,FPP-Branch-Benders-CVaR-ProjectedCoverageLLBI-exp-RootCuts,FPP-SAA-CVaR,FPP-Branch-Benders-ProjectedCoverageLLBI-exp-RootCuts,FPP-SAA-fpp_base,-12.3,-4.314275693,-1710.305095,0.04991636459,-0.13600683,0.679,-4.94
new20x20,shortest_path,CVaR,0.01,200,case01,FPP-SAA-fpp_base,FPP-Branch-Benders-CVaR-ProjectedPathLLBI-exp-RootCuts,FPP-SAA-CVaR,FPP-Branch-Benders-ProjectedPathLLBI-exp-RootCuts,FPP-SAA-fpp_base,-12.3,-4.314275693,-1783.013502,0.009526455146,-0.13601921,0.679,-4.94
new20x20,shortest_path,CVaR,0.01,200,case01,FPP-SAA-fpp_base,FPP-Branch-Benders-CVaR-RootCuts,FPP-SAA-CVaR,FPP-Branch-Benders-RootCuts,FPP-SAA-fpp_base,-12.3,-4.314275693,-1688.80968,0.06185718269,-0.1359968,0.679,-4.94
new20x20,shortest_path,CVaR,0.01,200,case01,FPP-SAA-fpp_base,FPP-Branch-Benders-Combinatorial-CVaR,FPP-SAA-CVaR,FPP-Branch-Benders-Combinatorial,FPP-SAA-fpp_base,-12.3,-4.314275693,-1633.698344,0.09247182499,-0.13698926,0.679,-4.94
new20x20,shortest_path,Expected,0.01,200,case01,FPP-SAA-fpp_base,FPP-Branch-Benders-LLBI-RootCuts,FPP-SAA,FPP-Branch-Benders-LLBI-RootCuts,FPP-SAA-fpp_base,0,0,-109.0863632,0.223950975,0,0,0
new20x20,shortest_path,Expected,0.01,200,case01,FPP-SAA-fpp_base,FPP-Branch-Benders-ProjectedCoverageLLBI-exp-RootCuts,FPP-SAA,FPP-Branch-Benders-ProjectedCoverageLLBI-exp-RootCuts,FPP-SAA-fpp_base,0,0,-118.5395275,0.156700416,0.00033182,0,0
new20x20,shortest_path,Expected,0.01,200,case01,FPP-SAA-fpp_base,FPP-Branch-Benders-ProjectedPathLLBI-exp-RootCuts,FPP-SAA,FPP-Branch-Benders-ProjectedPathLLBI-exp-RootCuts,FPP-SAA-fpp_base,0,0,-129.0478137,0.08194363567,0,0,0
new20x20,shortest_path,Expected,0.01,200,case01,FPP-SAA-fpp_base,FPP-Branch-Benders-RootCuts,FPP-SAA,FPP-Branch-Benders-RootCuts,FPP-SAA-fpp_base,0,0,-99.47913268,0.2922975737,0.00086614,0,0
new20x20,shortest_path,Expected,0.01,200,case01,FPP-SAA-fpp_base,FPP-Branch-Benders-Combinatorial,FPP-SAA,FPP-Branch-Benders-Combinatorial,FPP-SAA-fpp_base,0,0,-114.1021033,0.1882686031,0,0,0
new20x20,shortest_path,MeanCVaR,0.01,200,case01,FPP-SAA-fpp_base,FPP-Branch-Benders-MeanCVaR-LLBI-RootCuts,FPP-SAA-MeanCVaR,FPP-Branch-Benders-LLBI-RootCuts,FPP-SAA-fpp_base,-5.155,-2.407809617,-1774.853114,0.01405296048,-0.05840582,0.692,-8.65
new20x20,shortest_path,MeanCVaR,0.01,200,case01,FPP-SAA-fpp_base,FPP-Branch-Benders-MeanCVaR-ProjectedCoverageLLBI-exp-RootCuts,FPP-SAA-MeanCVaR,FPP-Branch-Benders-ProjectedCoverageLLBI-exp-RootCuts,FPP-SAA-fpp_base,-5.155,-2.407809617,-1777.239748,0.01272716358,-0.05868736,0.692,-8.65
new20x20,shortest_path,MeanCVaR,0.01,200,case01,FPP-SAA-fpp_base,FPP-Branch-Benders-MeanCVaR-ProjectedPathLLBI-exp-RootCuts,FPP-SAA-MeanCVaR,FPP-Branch-Benders-ProjectedPathLLBI-exp-RootCuts,FPP-SAA-fpp_base,-5.155,-2.407809617,-1784.689331,0.008588852465,-0.05861997,0.692,-8.65
new20x20,shortest_path,MeanCVaR,0.01,200,case01,FPP-SAA-fpp_base,FPP-Branch-Benders-MeanCVaR-RootCuts,FPP-SAA-MeanCVaR,FPP-Branch-Benders-RootCuts,FPP-SAA-fpp_base,-5.155,-2.407809617,-1708.988793,0.05064118939,-0.05845059,0.692,-8.65
new20x20,shortest_path,MeanCVaR,0.01,200,case01,FPP-SAA-fpp_base,FPP-Branch-Benders-Combinatorial-MeanCVaR,FPP-SAA-MeanCVaR,FPP-Branch-Benders-Combinatorial,FPP-SAA-fpp_base,-5.155,-2.407809617,-1657.021135,0.07950969577,-0.05856312,0.692,-8.65
new20x20,shortest_path,CVaR,0.01,200,case02,FPP-SAA-fpp_base,FPP-Branch-Benders-CVaR-LLBI-RootCuts,FPP-SAA-CVaR,FPP-Branch-Benders-LLBI-RootCuts,FPP-SAA-fpp_base,-9.75,-3.655107779,-1756.840121,0.02408661232,-0.11652581,0.135,-12.78
new20x20,shortest_path,CVaR,0.01,200,case02,FPP-SAA-fpp_base,FPP-Branch-Benders-CVaR-ProjectedCoverageLLBI-exp-RootCuts,FPP-SAA-CVaR,FPP-Branch-Benders-ProjectedCoverageLLBI-exp-RootCuts,FPP-SAA-fpp_base,-9.75,-3.655107779,-1771.531073,0.0159258834,-0.11635263,0.135,-12.78
new20x20,shortest_path,CVaR,0.01,200,case02,FPP-SAA-fpp_base,FPP-Branch-Benders-CVaR-ProjectedPathLLBI-exp-RootCuts,FPP-SAA-CVaR,FPP-Branch-Benders-ProjectedPathLLBI-exp-RootCuts,FPP-SAA-fpp_base,-9.75,-3.655107779,-1783.802904,0.009108960005,-0.11630443,0.135,-12.78
new20x20,shortest_path,CVaR,0.01,200,case02,FPP-SAA-fpp_base,FPP-Branch-Benders-CVaR-RootCuts,FPP-SAA-CVaR,FPP-Branch-Benders-RootCuts,FPP-SAA-fpp_base,-9.75,-3.655107779,-1706.274982,0.05217522206,-0.11614847,-1.301,-10.49
new20x20,shortest_path,CVaR,0.01,200,case02,FPP-SAA-fpp_base,FPP-Branch-Benders-Combinatorial-CVaR,FPP-SAA-CVaR,FPP-Branch-Benders-Combinatorial,FPP-SAA-fpp_base,-9.75,-3.655107779,-1658.379116,0.07878106767,-0.11710938,0.135,-12.78
new20x20,shortest_path,Expected,0.01,200,case02,FPP-SAA-fpp_base,FPP-Branch-Benders-LLBI-RootCuts,FPP-SAA,FPP-Branch-Benders-LLBI-RootCuts,FPP-SAA-fpp_base,0,0,-239.2625816,0.03870219803,0,0,0
new20x20,shortest_path,Expected,0.01,200,case02,FPP-SAA-fpp_base,FPP-Branch-Benders-ProjectedCoverageLLBI-exp-RootCuts,FPP-SAA,FPP-Branch-Benders-ProjectedCoverageLLBI-exp-RootCuts,FPP-SAA-fpp_base,0,0,-231.7174453,0.06901668721,0,0,0
new20x20,shortest_path,Expected,0.01,200,case02,FPP-SAA-fpp_base,FPP-Branch-Benders-ProjectedPathLLBI-exp-RootCuts,FPP-SAA,FPP-Branch-Benders-ProjectedPathLLBI-exp-RootCuts,FPP-SAA-fpp_base,0,0,-240.8352774,0.03238349569,0,0,0
new20x20,shortest_path,Expected,0.01,200,case02,FPP-SAA-fpp_base,FPP-Branch-Benders-RootCuts,FPP-SAA,FPP-Branch-Benders-RootCuts,FPP-SAA-fpp_base,0,0,-234.4642723,0.05798061639,0.00099334,0,0
new20x20,shortest_path,Expected,0.01,200,case02,FPP-SAA-fpp_base,FPP-Branch-Benders-Combinatorial,FPP-SAA,FPP-Branch-Benders-Combinatorial,FPP-SAA-fpp_base,0,0,-230.5216475,0.07382110657,0,0,0
new20x20,shortest_path,MeanCVaR,0.01,200,case02,FPP-SAA-fpp_base,FPP-Branch-Benders-MeanCVaR-LLBI-RootCuts,FPP-SAA-MeanCVaR,FPP-Branch-Benders-LLBI-RootCuts,FPP-SAA-fpp_base,-0.7975,-0.4025287385,-1754.235755,0.02550962015,-0.04147912,-1.355,-5.96
new20x20,shortest_path,MeanCVaR,0.01,200,case02,FPP-SAA-fpp_base,FPP-Branch-Benders-MeanCVaR-ProjectedCoverageLLBI-exp-RootCuts,FPP-SAA-MeanCVaR,FPP-Branch-Benders-ProjectedCoverageLLBI-exp-RootCuts,FPP-SAA-fpp_base,-0.7975,-0.4025287385,-1771.657858,0.0158315188,-0.04146918,-1.355,-5.96
new20x20,shortest_path,MeanCVaR,0.01,200,case02,FPP-SAA-fpp_base,FPP-Branch-Benders-MeanCVaR-ProjectedPathLLBI-exp-RootCuts,FPP-SAA-MeanCVaR,FPP-Branch-Benders-ProjectedPathLLBI-exp-RootCuts,FPP-SAA-fpp_base,-0.7975,-0.4025287385,-1763.45914,0.0203859646,-0.04169969,-1.355,-5.96
new20x20,shortest_path,MeanCVaR,0.01,200,case02,FPP-SAA-fpp_base,FPP-Branch-Benders-MeanCVaR-RootCuts,FPP-SAA-MeanCVaR,FPP-Branch-Benders-RootCuts,FPP-SAA-fpp_base,-0.7975,-0.4025287385,-1729.326291,0.03934700345,-0.0415553,-1.355,-5.96
new20x20,shortest_path,MeanCVaR,0.01,200,case02,FPP-SAA-fpp_base,FPP-Branch-Benders-Combinatorial-MeanCVaR,FPP-SAA-MeanCVaR,FPP-Branch-Benders-Combinatorial,FPP-SAA-fpp_base,-0.7975,-0.4025287385,-1578.807391,0.1229613181,-0.04244181,-1.355,-5.96
new20x20,shortest_path,CVaR,0.01,200,case03,FPP-SAA-fpp_base,FPP-Branch-Benders-CVaR-LLBI-RootCuts,FPP-SAA-CVaR,FPP-Branch-Benders-LLBI-RootCuts,FPP-SAA-fpp_base,0,0,-1781.472759,0.01033721198,-0.08897006,0,0
new20x20,shortest_path,CVaR,0.01,200,case03,FPP-SAA-fpp_base,FPP-Branch-Benders-CVaR-ProjectedCoverageLLBI-exp-RootCuts,FPP-SAA-CVaR,FPP-Branch-Benders-ProjectedCoverageLLBI-exp-RootCuts,FPP-SAA-fpp_base,0,0,-1734.615748,0.03636771914,-0.08890703,0,0
new20x20,shortest_path,CVaR,0.01,200,case03,FPP-SAA-fpp_base,FPP-Branch-Benders-CVaR-ProjectedPathLLBI-exp-RootCuts,FPP-SAA-CVaR,FPP-Branch-Benders-ProjectedPathLLBI-exp-RootCuts,FPP-SAA-fpp_base,0,0,-1786.348192,0.00762875921,-0.08918755,0,0
new20x20,shortest_path,CVaR,0.01,200,case03,FPP-SAA-fpp_base,FPP-Branch-Benders-CVaR-RootCuts,FPP-SAA-CVaR,FPP-Branch-Benders-RootCuts,FPP-SAA-fpp_base,0,0,-1783.925095,0.008974863782,-0.08890875,0,0
new20x20,shortest_path,CVaR,0.01,200,case03,FPP-SAA-fpp_base,FPP-Branch-Benders-Combinatorial-CVaR,FPP-SAA-CVaR,FPP-Branch-Benders-Combinatorial,FPP-SAA-fpp_base,0,0,-1668.138829,0.07329768793,-0.08960264,0,0
new20x20,shortest_path,Expected,0.01,200,case03,FPP-SAA-fpp_base,FPP-Branch-Benders-LLBI-RootCuts,FPP-SAA,FPP-Branch-Benders-LLBI-RootCuts,FPP-SAA-fpp_base,0,0,-531.6114394,0.02532816437,0,0,0
new20x20,shortest_path,Expected,0.01,200,case03,FPP-SAA-fpp_base,FPP-Branch-Benders-ProjectedCoverageLLBI-exp-RootCuts,FPP-SAA,FPP-Branch-Benders-ProjectedCoverageLLBI-exp-RootCuts,FPP-SAA-fpp_base,0,0,-523.8018949,0.03964640982,0.00058232,0,0
new20x20,shortest_path,Expected,0.01,200,case03,FPP-SAA-fpp_base,FPP-Branch-Benders-ProjectedPathLLBI-exp-RootCuts,FPP-SAA,FPP-Branch-Benders-ProjectedPathLLBI-exp-RootCuts,FPP-SAA-fpp_base,0,0,-535.045125,0.01903274556,0,0,0
new20x20,shortest_path,Expected,0.01,200,case03,FPP-SAA-fpp_base,FPP-Branch-Benders-RootCuts,FPP-SAA,FPP-Branch-Benders-RootCuts,FPP-SAA-fpp_base,0,0,-528.8292892,0.03042903937,0.00066249,0,0
new20x20,shortest_path,Expected,0.01,200,case03,FPP-SAA-fpp_base,FPP-Branch-Benders-Combinatorial,FPP-SAA,FPP-Branch-Benders-Combinatorial,FPP-SAA-fpp_base,0,0,-517.0940595,0.05194474979,0,0,0
new20x20,shortest_path,MeanCVaR,0.01,200,case03,FPP-SAA-fpp_base,FPP-Branch-Benders-MeanCVaR-LLBI-RootCuts,FPP-SAA-MeanCVaR,FPP-Branch-Benders-LLBI-RootCuts,FPP-SAA-fpp_base,-2.07,-1.016512185,-1783.288641,0.009310315266,-0.03238117,-7.857,-3.85
new20x20,shortest_path,MeanCVaR,0.01,200,case03,FPP-SAA-fpp_base,FPP-Branch-Benders-MeanCVaR-ProjectedCoverageLLBI-exp-RootCuts,FPP-SAA-MeanCVaR,FPP-Branch-Benders-ProjectedCoverageLLBI-exp-RootCuts,FPP-SAA-fpp_base,-2.07,-1.016512185,-1775.235504,0.01378416166,-0.0322134,-7.857,-3.85
new20x20,shortest_path,MeanCVaR,0.01,200,case03,FPP-SAA-fpp_base,FPP-Branch-Benders-MeanCVaR-ProjectedPathLLBI-exp-RootCuts,FPP-SAA-MeanCVaR,FPP-Branch-Benders-ProjectedPathLLBI-exp-RootCuts,FPP-SAA-fpp_base,-2.07,-1.016512185,-1785.189989,0.008254038279,-0.03247417,-7.857,-3.85
new20x20,shortest_path,MeanCVaR,0.01,200,case03,FPP-SAA-fpp_base,FPP-Branch-Benders-MeanCVaR-RootCuts,FPP-SAA-MeanCVaR,FPP-Branch-Benders-RootCuts,FPP-SAA-fpp_base,-2.07,-1.016512185,-1781.204336,0.01046823167,-0.03224685,-7.857,-3.85
new20x20,shortest_path,MeanCVaR,0.01,200,case03,FPP-SAA-fpp_base,FPP-Branch-Benders-Combinatorial-MeanCVaR,FPP-SAA-MeanCVaR,FPP-Branch-Benders-Combinatorial,FPP-SAA-fpp_base,-2.07,-1.016512185,-1711.244146,0.04933397499,-0.03307011,-7.857,-3.85
new20x20,shortest_path,CVaR,0.01,200,case04,FPP-SAA-fpp_base,FPP-Branch-Benders-CVaR-LLBI-RootCuts,FPP-SAA-CVaR,FPP-Branch-Benders-LLBI-RootCuts,FPP-SAA-fpp_base,-11,-3.92296719,-1772.872916,0.01514528121,-0.12231618,-2.833,-4.25
new20x20,shortest_path,CVaR,0.01,200,case04,FPP-SAA-fpp_base,FPP-Branch-Benders-CVaR-ProjectedCoverageLLBI-exp-RootCuts,FPP-SAA-CVaR,FPP-Branch-Benders-ProjectedCoverageLLBI-exp-RootCuts,FPP-SAA-fpp_base,-11,-3.92296719,-1709.775233,0.0501968917,-0.12229817,-2.833,-4.25
new20x20,shortest_path,CVaR,0.01,200,case04,FPP-SAA-fpp_base,FPP-Branch-Benders-CVaR-ProjectedPathLLBI-exp-RootCuts,FPP-SAA-CVaR,FPP-Branch-Benders-ProjectedPathLLBI-exp-RootCuts,FPP-SAA-fpp_base,-11,-3.92296719,-1749.931332,0.02788963921,-0.12228926,-2.833,-4.25
new20x20,shortest_path,CVaR,0.01,200,case04,FPP-SAA-fpp_base,FPP-Branch-Benders-CVaR-RootCuts,FPP-SAA-CVaR,FPP-Branch-Benders-RootCuts,FPP-SAA-fpp_base,-11,-3.92296719,-1703.73143,0.0535543054,-0.12229005,-2.833,-4.25
new20x20,shortest_path,CVaR,0.01,200,case04,FPP-SAA-fpp_base,FPP-Branch-Benders-Combinatorial-CVaR,FPP-SAA-CVaR,FPP-Branch-Benders-Combinatorial,FPP-SAA-fpp_base,-11,-3.92296719,-1384.270027,0.231019406,-0.12231381,-2.833,-4.25
new20x20,shortest_path,Expected,0.01,200,case04,FPP-SAA-fpp_base,FPP-Branch-Benders-LLBI-RootCuts,FPP-SAA,FPP-Branch-Benders-LLBI-RootCuts,FPP-SAA-fpp_base,0,0,-167.3833303,0.1341466796,0.00095251,0,0
new20x20,shortest_path,Expected,0.01,200,case04,FPP-SAA-fpp_base,FPP-Branch-Benders-ProjectedCoverageLLBI-exp-RootCuts,FPP-SAA,FPP-Branch-Benders-ProjectedCoverageLLBI-exp-RootCuts,FPP-SAA-fpp_base,0,0,-175.2067442,0.09367712447,0,0,0
new20x20,shortest_path,Expected,0.01,200,case04,FPP-SAA-fpp_base,FPP-Branch-Benders-ProjectedPathLLBI-exp-RootCuts,FPP-SAA,FPP-Branch-Benders-ProjectedPathLLBI-exp-RootCuts,FPP-SAA-fpp_base,0,0,-171.3045835,0.1138625206,0,0,0
new20x20,shortest_path,Expected,0.01,200,case04,FPP-SAA-fpp_base,FPP-Branch-Benders-RootCuts,FPP-SAA,FPP-Branch-Benders-RootCuts,FPP-SAA-fpp_base,0,0,-163.6896529,0.1532536174,0.00034714,0,0
new20x20,shortest_path,Expected,0.01,200,case04,FPP-SAA-fpp_base,FPP-Branch-Benders-Combinatorial,FPP-SAA,FPP-Branch-Benders-Combinatorial,FPP-SAA-fpp_base,0,0,-131.9764009,0.317302358,0,0,0
new20x20,shortest_path,MeanCVaR,0.01,200,case04,FPP-SAA-fpp_base,FPP-Branch-Benders-MeanCVaR-LLBI-RootCuts,FPP-SAA-MeanCVaR,FPP-Branch-Benders-LLBI-RootCuts,FPP-SAA-fpp_base,0,0,-1732.756609,0.02524563282,-7.943e-05,0,0
new20x20,shortest_path,MeanCVaR,0.01,200,case04,FPP-SAA-fpp_base,FPP-Branch-Benders-MeanCVaR-ProjectedCoverageLLBI-exp-RootCuts,FPP-SAA-MeanCVaR,FPP-Branch-Benders-ProjectedCoverageLLBI-exp-RootCuts,FPP-SAA-fpp_base,0,0,-1686.837856,0.05107701894,-1.848e-05,0,0
new20x20,shortest_path,MeanCVaR,0.01,200,case04,FPP-SAA-fpp_base,FPP-Branch-Benders-MeanCVaR-ProjectedPathLLBI-exp-RootCuts,FPP-SAA-MeanCVaR,FPP-Branch-Benders-ProjectedPathLLBI-exp-RootCuts,FPP-SAA-fpp_base,0,0,-1766.79947,0.006094975747,-9.762e-05,0,0
new20x20,shortest_path,MeanCVaR,0.01,200,case04,FPP-SAA-fpp_base,FPP-Branch-Benders-MeanCVaR-RootCuts,FPP-SAA-MeanCVaR,FPP-Branch-Benders-RootCuts,FPP-SAA-fpp_base,0,0,-1718.257103,0.03340226411,5.135e-05,0,0
new20x20,shortest_path,MeanCVaR,0.01,200,case04,FPP-SAA-fpp_base,FPP-Branch-Benders-Combinatorial-MeanCVaR,FPP-SAA-MeanCVaR,FPP-Branch-Benders-Combinatorial,FPP-SAA-fpp_base,0,0,-1692.25947,0.04802711453,-0.00094372,0,0
new20x20,shortest_path,CVaR,0.02,200,case00,FPP-SAA-fpp_base,FPP-Branch-Benders-CVaR-LLBI-RootCuts,FPP-SAA-CVaR,FPP-Branch-Benders-LLBI-RootCuts,FPP-SAA-fpp_base,-4.1,-2.212031292,0.83923025,1.000466197,-0.02066251,1.561,-15.36
new20x20,shortest_path,CVaR,0.02,200,case00,FPP-SAA-fpp_base,FPP-Branch-Benders-CVaR-ProjectedCoverageLLBI-exp-RootCuts,FPP-SAA-CVaR,FPP-Branch-Benders-ProjectedCoverageLLBI-exp-RootCuts,FPP-SAA-fpp_base,-7.85,-4.235230645,25.46081334,1.014143615,-0.08503104,-5.874,-15.31
new20x20,shortest_path,CVaR,0.02,200,case00,FPP-SAA-fpp_base,FPP-Branch-Benders-CVaR-ProjectedPathLLBI-exp-RootCuts,FPP-SAA-CVaR,FPP-Branch-Benders-ProjectedPathLLBI-exp-RootCuts,FPP-SAA-fpp_base,-8.1,-4.370110602,6.16864474,1.003426715,-0.13552254,2.703,-16.13
new20x20,shortest_path,CVaR,0.02,200,case00,FPP-SAA-fpp_base,FPP-Branch-Benders-CVaR-RootCuts,FPP-SAA-CVaR,FPP-Branch-Benders-RootCuts,FPP-SAA-fpp_base,-4.4,-2.37388724,2.03327124,1.001129493,-0.03010314,-4.92,-9.93
new20x20,shortest_path,CVaR,0.02,200,case00,FPP-SAA-fpp_base,FPP-Branch-Benders-Combinatorial-CVaR,FPP-SAA-CVaR,FPP-Branch-Benders-Combinatorial,FPP-SAA-fpp_base,-7.8,-4.208254653,14.52078991,1.008066375,-0.11762862,-6.219,-14.36
new20x20,shortest_path,Expected,0.02,200,case00,FPP-SAA-fpp_base,FPP-Branch-Benders-LLBI-RootCuts,FPP-SAA,FPP-Branch-Benders-LLBI-RootCuts,FPP-SAA-fpp_base,0,0,513.3769927,4.551207396,0.00099955,0,0
new20x20,shortest_path,Expected,0.02,200,case00,FPP-SAA-fpp_base,FPP-Branch-Benders-ProjectedCoverageLLBI-exp-RootCuts,FPP-SAA,FPP-Branch-Benders-ProjectedCoverageLLBI-exp-RootCuts,FPP-SAA-fpp_base,0,0,-100.4802057,0.3049434341,0.00063283,0,0
new20x20,shortest_path,Expected,0.02,200,case00,FPP-SAA-fpp_base,FPP-Branch-Benders-ProjectedPathLLBI-exp-RootCuts,FPP-SAA,FPP-Branch-Benders-ProjectedPathLLBI-exp-RootCuts,FPP-SAA-fpp_base,0,0,-134.5519465,0.06925733993,0.00019499,0,0
new20x20,shortest_path,Expected,0.02,200,case00,FPP-SAA-fpp_base,FPP-Branch-Benders-RootCuts,FPP-SAA,FPP-Branch-Benders-RootCuts,FPP-SAA-fpp_base,0,0,451.7804181,4.125122444,0.00099723,0,0
new20x20,shortest_path,Expected,0.02,200,case00,FPP-SAA-fpp_base,FPP-Branch-Benders-Combinatorial,FPP-SAA,FPP-Branch-Benders-Combinatorial,FPP-SAA-fpp_base,0,0,-120.4584463,0.1667469878,0,0,0
new20x20,shortest_path,MeanCVaR,0.02,200,case00,FPP-SAA-fpp_base,FPP-Branch-Benders-MeanCVaR-LLBI-RootCuts,FPP-SAA-MeanCVaR,FPP-Branch-Benders-LLBI-RootCuts,FPP-SAA-fpp_base,3.21,2.442225392,886.3044851,1.9660684,0.0910744,2.341,-4.53
new20x20,shortest_path,MeanCVaR,0.02,200,case00,FPP-SAA-fpp_base,FPP-Branch-Benders-MeanCVaR-ProjectedCoverageLLBI-exp-RootCuts,FPP-SAA-MeanCVaR,FPP-Branch-Benders-ProjectedCoverageLLBI-exp-RootCuts,FPP-SAA-fpp_base,0,0,393.6685648,1.429097186,0.00035119,0,0
new20x20,shortest_path,MeanCVaR,0.02,200,case00,FPP-SAA-fpp_base,FPP-Branch-Benders-MeanCVaR-ProjectedPathLLBI-exp-RootCuts,FPP-SAA-MeanCVaR,FPP-Branch-Benders-ProjectedPathLLBI-exp-RootCuts,FPP-SAA-fpp_base,0,0,-808.7603224,0.1184544323,0.00035177,0,0
new20x20,shortest_path,MeanCVaR,0.02,200,case00,FPP-SAA-fpp_base,FPP-Branch-Benders-MeanCVaR-RootCuts,FPP-SAA-MeanCVaR,FPP-Branch-Benders-RootCuts,FPP-SAA-fpp_base,0.12,0.09129814551,883.2769771,1.962768428,0.05516361,-0.035,0.29
new20x20,shortest_path,MeanCVaR,0.02,200,case00,FPP-SAA-fpp_base,FPP-Branch-Benders-Combinatorial-MeanCVaR,FPP-SAA-MeanCVaR,FPP-Branch-Benders-Combinatorial,FPP-SAA-fpp_base,0,0,188.7777827,1.20576704,0.00025989,0,0
new20x20,shortest_path,CVaR,0.02,200,case01,FPP-SAA-fpp_base,FPP-Branch-Benders-CVaR-LLBI-RootCuts,FPP-SAA-CVaR,FPP-Branch-Benders-LLBI-RootCuts,FPP-SAA-fpp_base,-0.2,-0.1063829787,3.10315357,1.001723796,-0.06542424,0,0
new20x20,shortest_path,CVaR,0.02,200,case01,FPP-SAA-fpp_base,FPP-Branch-Benders-CVaR-ProjectedCoverageLLBI-exp-RootCuts,FPP-SAA-CVaR,FPP-Branch-Benders-ProjectedCoverageLLBI-exp-RootCuts,FPP-SAA-fpp_base,-0.8,-0.4255319149,10.24804923,1.005692772,-0.07649588,-0.515,-0.85
new20x20,shortest_path,CVaR,0.02,200,case01,FPP-SAA-fpp_base,FPP-Branch-Benders-CVaR-ProjectedPathLLBI-exp-RootCuts,FPP-SAA-CVaR,FPP-Branch-Benders-ProjectedPathLLBI-exp-RootCuts,FPP-SAA-fpp_base,-0.8,-0.4255319149,-1130.672696,0.3719134646,-0.12418024,-0.515,-0.85
new20x20,shortest_path,CVaR,0.02,200,case01,FPP-SAA-fpp_base,FPP-Branch-Benders-CVaR-RootCuts,FPP-SAA-CVaR,FPP-Branch-Benders-RootCuts,FPP-SAA-fpp_base,0.4,0.2127659574,0.53351666,1.000296367,-0.0304163,-0.136,-1.1
new20x20,shortest_path,CVaR,0.02,200,case01,FPP-SAA-fpp_base,FPP-Branch-Benders-Combinatorial-CVaR,FPP-SAA-CVaR,FPP-Branch-Benders-Combinatorial,FPP-SAA-fpp_base,0.65,0.3457446809,16.4103034,1.009115892,-0.05748055,0.374,-1.7
new20x20,shortest_path,Expected,0.02,200,case01,FPP-SAA-fpp_base,FPP-Branch-Benders-LLBI-RootCuts,FPP-SAA,FPP-Branch-Benders-LLBI-RootCuts,FPP-SAA-fpp_base,0,0,1013.550383,8.962606661,0.00099996,0,0
new20x20,shortest_path,Expected,0.02,200,case01,FPP-SAA-fpp_base,FPP-Branch-Benders-ProjectedCoverageLLBI-exp-RootCuts,FPP-SAA,FPP-Branch-Benders-ProjectedCoverageLLBI-exp-RootCuts,FPP-SAA-fpp_base,0,0,-77.09878603,0.3943001578,0.00099015,0,0
new20x20,shortest_path,Expected,0.02,200,case01,FPP-SAA-fpp_base,FPP-Branch-Benders-ProjectedPathLLBI-exp-RootCuts,FPP-SAA,FPP-Branch-Benders-ProjectedPathLLBI-exp-RootCuts,FPP-SAA-fpp_base,0,0,-108.2266173,0.1497551598,0.00099655,0,0
new20x20,shortest_path,Expected,0.02,200,case01,FPP-SAA-fpp_base,FPP-Branch-Benders-RootCuts,FPP-SAA,FPP-Branch-Benders-RootCuts,FPP-SAA-fpp_base,0,0,341.0366427,3.679235968,0.00099747,0,0
new20x20,shortest_path,Expected,0.02,200,case01,FPP-SAA-fpp_base,FPP-Branch-Benders-Combinatorial,FPP-SAA,FPP-Branch-Benders-Combinatorial,FPP-SAA-fpp_base,0,0,-73.93627936,0.4191452933,0,0,0
new20x20,shortest_path,MeanCVaR,0.02,200,case01,FPP-SAA-fpp_base,FPP-Branch-Benders-MeanCVaR-LLBI-RootCuts,FPP-SAA-MeanCVaR,FPP-Branch-Benders-LLBI-RootCuts,FPP-SAA-fpp_base,-5.6625,-3.613996458,3.14788395,1.001748677,-0.01285853,-0.216,6.11
new20x20,shortest_path,MeanCVaR,0.02,200,case01,FPP-SAA-fpp_base,FPP-Branch-Benders-MeanCVaR-ProjectedCoverageLLBI-exp-RootCuts,FPP-SAA-MeanCVaR,FPP-Branch-Benders-ProjectedCoverageLLBI-exp-RootCuts,FPP-SAA-fpp_base,-12.5425,-8.005042044,-994.1010527,0.4477680781,-0.1412924,-3.516,-1.19
new20x20,shortest_path,MeanCVaR,0.02,200,case01,FPP-SAA-fpp_base,FPP-Branch-Benders-MeanCVaR-ProjectedPathLLBI-exp-RootCuts,FPP-SAA-MeanCVaR,FPP-Branch-Benders-ProjectedPathLLBI-exp-RootCuts,FPP-SAA-fpp_base,-12.5425,-8.005042044,-1673.133892,0.07055933392,-0.14128567,-3.516,-1.19
new20x20,shortest_path,MeanCVaR,0.02,200,case01,FPP-SAA-fpp_base,FPP-Branch-Benders-MeanCVaR-RootCuts,FPP-SAA-MeanCVaR,FPP-Branch-Benders-RootCuts,FPP-SAA-fpp_base,-8.0325,-5.126609545,0.75881439,1.000421528,-0.04128172,-7.365,-8.25
new20x20,shortest_path,MeanCVaR,0.02,200,case01,FPP-SAA-fpp_base,FPP-Branch-Benders-Combinatorial-MeanCVaR,FPP-SAA-MeanCVaR,FPP-Branch-Benders-Combinatorial,FPP-SAA-fpp_base,-12.5425,-8.005042044,47.14485051,1.026189381,-0.11182232,-3.516,-1.19
new20x20,shortest_path,CVaR,0.02,200,case02,FPP-SAA-fpp_base,FPP-Branch-Benders-CVaR-LLBI-RootCuts,FPP-SAA-CVaR,FPP-Branch-Benders-LLBI-RootCuts,FPP-SAA-fpp_base,1.75,1.008354941,1.0152207,1.000563996,-0.00203731,0.278,2.7
new20x20,shortest_path,CVaR,0.02,200,case02,FPP-SAA-fpp_base,FPP-Branch-Benders-CVaR-ProjectedCoverageLLBI-exp-RootCuts,FPP-SAA-CVaR,FPP-Branch-Benders-ProjectedCoverageLLBI-exp-RootCuts,FPP-SAA-fpp_base,0,0,-1291.605785,0.2824613323,-0.0615108,0,0
new20x20,shortest_path,CVaR,0.02,200,case02,FPP-SAA-fpp_base,FPP-Branch-Benders-CVaR-ProjectedPathLLBI-exp-RootCuts,FPP-SAA-CVaR,FPP-Branch-Benders-ProjectedPathLLBI-exp-RootCuts,FPP-SAA-fpp_base,0,0,-1524.585948,0.1530315343,-0.06154898,0,0
new20x20,shortest_path,CVaR,0.02,200,case02,FPP-SAA-fpp_base,FPP-Branch-Benders-CVaR-RootCuts,FPP-SAA-CVaR,FPP-Branch-Benders-RootCuts,FPP-SAA-fpp_base,1.75,1.008354941,0.63515964,1.000352857,0.00201869,0.278,2.7
new20x20,shortest_path,CVaR,0.02,200,case02,FPP-SAA-fpp_base,FPP-Branch-Benders-Combinatorial-CVaR,FPP-SAA-CVaR,FPP-Branch-Benders-Combinatorial,FPP-SAA-fpp_base,0,0,-728.7746016,0.5951365636,-0.06161028,0,0
new20x20,shortest_path,Expected,0.02,200,case02,FPP-SAA-fpp_base,FPP-Branch-Benders-LLBI-RootCuts,FPP-SAA,FPP-Branch-Benders-LLBI-RootCuts,FPP-SAA-fpp_base,0,0,50.12832825,1.297651714,0.00099904,0,0
new20x20,shortest_path,Expected,0.02,200,case02,FPP-SAA-fpp_base,FPP-Branch-Benders-ProjectedCoverageLLBI-exp-RootCuts,FPP-SAA,FPP-Branch-Benders-ProjectedCoverageLLBI-exp-RootCuts,FPP-SAA-fpp_base,0,0,-147.2440711,0.1256949578,0.00072007,0,0
new20x20,shortest_path,Expected,0.02,200,case02,FPP-SAA-fpp_base,FPP-Branch-Benders-ProjectedPathLLBI-exp-RootCuts,FPP-SAA,FPP-Branch-Benders-ProjectedPathLLBI-exp-RootCuts,FPP-SAA-fpp_base,0,0,-155.2676552,0.07805256363,0.00098123,0,0
new20x20,shortest_path,Expected,0.02,200,case02,FPP-SAA-fpp_base,FPP-Branch-Benders-RootCuts,FPP-SAA,FPP-Branch-Benders-RootCuts,FPP-SAA-fpp_base,0,0,179.727012,2.067182072,0.00099752,0,0
new20x20,shortest_path,Expected,0.02,200,case02,FPP-SAA-fpp_base,FPP-Branch-Benders-Combinatorial,FPP-SAA,FPP-Branch-Benders-Combinatorial,FPP-SAA-fpp_base,0,0,-135.9949452,0.1924899561,0,0,0
new20x20,shortest_path,MeanCVaR,0.02,200,case02,FPP-SAA-fpp_base,FPP-Branch-Benders-MeanCVaR-LLBI-RootCuts,FPP-SAA-MeanCVaR,FPP-Branch-Benders-LLBI-RootCuts,FPP-SAA-fpp_base,0.475,0.3525438824,2.31272066,1.001284774,0.04749056,0.632,0.45
new20x20,shortest_path,MeanCVaR,0.02,200,case02,FPP-SAA-fpp_base,FPP-Branch-Benders-MeanCVaR-ProjectedCoverageLLBI-exp-RootCuts,FPP-SAA-MeanCVaR,FPP-Branch-Benders-ProjectedCoverageLLBI-exp-RootCuts,FPP-SAA-fpp_base,-0.0475,-0.03525438824,-1622.05327,0.09890881722,-0.00889646,0.354,-2.25
new20x20,shortest_path,MeanCVaR,0.02,200,case02,FPP-SAA-fpp_base,FPP-Branch-Benders-MeanCVaR-ProjectedPathLLBI-exp-RootCuts,FPP-SAA-MeanCVaR,FPP-Branch-Benders-ProjectedPathLLBI-exp-RootCuts,FPP-SAA-fpp_base,-0.0475,-0.03525438824,-1729.639877,0.03914176498,-0.00888823,0.354,-2.25
new20x20,shortest_path,MeanCVaR,0.02,200,case02,FPP-SAA-fpp_base,FPP-Branch-Benders-MeanCVaR-RootCuts,FPP-SAA-MeanCVaR,FPP-Branch-Benders-RootCuts,FPP-SAA-fpp_base,1.85,1.373065647,1.32768128,1.00073756,0.04784912,-0.421,3.59
new20x20,shortest_path,MeanCVaR,0.02,200,case02,FPP-SAA-fpp_base,FPP-Branch-Benders-Combinatorial-MeanCVaR,FPP-SAA-MeanCVaR,FPP-Branch-Benders-Combinatorial,FPP-SAA-fpp_base,-0.0475,-0.03525438824,-939.9641864,0.4778263722,-0.00927082,0.354,-2.25
new20x20,shortest_path,CVaR,0.02,200,case03,FPP-SAA-fpp_base,FPP-Branch-Benders-CVaR-LLBI-RootCuts,FPP-SAA-CVaR,FPP-Branch-Benders-LLBI-RootCuts,FPP-SAA-fpp_base,-10.95,-5.566853076,0.99787825,1.000554355,-0.06565115,-11.565,-7.21
new20x20,shortest_path,CVaR,0.02,200,case03,FPP-SAA-fpp_base,FPP-Branch-Benders-CVaR-ProjectedCoverageLLBI-exp-RootCuts,FPP-SAA-CVaR,FPP-Branch-Benders-ProjectedCoverageLLBI-exp-RootCuts,FPP-SAA-fpp_base,-12.5,-6.354855109,9.67124209,1.005372699,-0.09408269,-9.443,-7.41
new20x20,shortest_path,CVaR,0.02,200,case03,FPP-SAA-fpp_base,FPP-Branch-Benders-CVaR-ProjectedPathLLBI-exp-RootCuts,FPP-SAA-CVaR,FPP-Branch-Benders-ProjectedPathLLBI-exp-RootCuts,FPP-SAA-fpp_base,-12.65,-6.431113371,2.43268622,1.001351439,-0.12448355,-10.708,-11.78
new20x20,shortest_path,CVaR,0.02,200,case03,FPP-SAA-fpp_base,FPP-Branch-Benders-CVaR-RootCuts,FPP-SAA-CVaR,FPP-Branch-Benders-RootCuts,FPP-SAA-fpp_base,-11.9,-6.049822064,0.65281632,1.000362661,-0.05097099,-8.331,-3.42
new20x20,shortest_path,CVaR,0.02,200,case03,FPP-SAA-fpp_base,FPP-Branch-Benders-Combinatorial-CVaR,FPP-SAA-CVaR,FPP-Branch-Benders-Combinatorial,FPP-SAA-fpp_base,-11.4,-5.79562786,32.62468729,1.018124106,-0.11169641,-12.235,-14.07
new20x20,shortest_path,Expected,0.02,200,case03,FPP-SAA-fpp_base,FPP-Branch-Benders-LLBI-RootCuts,FPP-SAA,FPP-Branch-Benders-LLBI-RootCuts,FPP-SAA-fpp_base,0,0,173.1753411,3.01320591,0.00099831,0,0
new20x20,shortest_path,Expected,0.02,200,case03,FPP-SAA-fpp_base,FPP-Branch-Benders-ProjectedCoverageLLBI-exp-RootCuts,FPP-SAA,FPP-Branch-Benders-ProjectedCoverageLLBI-exp-RootCuts,FPP-SAA-fpp_base,0,0,-50.33248442,0.4148724957,0.0007453,0,0
new20x20,shortest_path,Expected,0.02,200,case03,FPP-SAA-fpp_base,FPP-Branch-Benders-ProjectedPathLLBI-exp-RootCuts,FPP-SAA,FPP-Branch-Benders-ProjectedPathLLBI-exp-RootCuts,FPP-SAA-fpp_base,0,0,-70.09300144,0.1851516278,0.00094151,0,0
new20x20,shortest_path,Expected,0.02,200,case03,FPP-SAA-fpp_base,FPP-Branch-Benders-RootCuts,FPP-SAA,FPP-Branch-Benders-RootCuts,FPP-SAA-fpp_base,0,0,594.719136,7.913756152,0.00099962,0,0
new20x20,shortest_path,Expected,0.02,200,case03,FPP-SAA-fpp_base,FPP-Branch-Benders-Combinatorial,FPP-SAA,FPP-Branch-Benders-Combinatorial,FPP-SAA-fpp_base,0,0,-35.66678639,0.5853648405,0,0,0
new20x20,shortest_path,MeanCVaR,0.02,200,case03,FPP-SAA-fpp_base,FPP-Branch-Benders-MeanCVaR-LLBI-RootCuts,FPP-SAA-MeanCVaR,FPP-Branch-Benders-LLBI-RootCuts,FPP-SAA-fpp_base,-0.325,-0.2259101573,0.99057942,1.000550284,0.0298606,-1.25,9.56
new20x20,shortest_path,MeanCVaR,0.02,200,case03,FPP-SAA-fpp_base,FPP-Branch-Benders-MeanCVaR-ProjectedCoverageLLBI-exp-RootCuts,FPP-SAA-MeanCVaR,FPP-Branch-Benders-ProjectedCoverageLLBI-exp-RootCuts,FPP-SAA-fpp_base,-1.585,-1.101746459,23.72918429,1.01318198,-0.03535096,-0.706,-1.15
new20x20,shortest_path,MeanCVaR,0.02,200,case03,FPP-SAA-fpp_base,FPP-Branch-Benders-MeanCVaR-ProjectedPathLLBI-exp-RootCuts,FPP-SAA-MeanCVaR,FPP-Branch-Benders-ProjectedPathLLBI-exp-RootCuts,FPP-SAA-fpp_base,-1.585,-1.101746459,-268.688945,0.8507385517,-0.05424915,-0.706,-1.15
new20x20,shortest_path,MeanCVaR,0.02,200,case03,FPP-SAA-fpp_base,FPP-Branch-Benders-MeanCVaR-RootCuts,FPP-SAA-MeanCVaR,FPP-Branch-Benders-RootCuts,FPP-SAA-fpp_base,0.36,0.2502389434,0.92455672,1.000513608,0.02286655,-0.671,9.99
new20x20,shortest_path,MeanCVaR,0.02,200,case03,FPP-SAA-fpp_base,FPP-Branch-Benders-Combinatorial-MeanCVaR,FPP-SAA-MeanCVaR,FPP-Branch-Benders-Combinatorial,FPP-SAA-fpp_base,-1.2875,-0.8949517769,55.0784458,1.030597048,-0.0324492,-1.293,-2.29
new20x20,shortest_path,CVaR,0.02,200,case04,FPP-SAA-fpp_base,FPP-Branch-Benders-CVaR-LLBI-RootCuts,FPP-SAA-CVaR,FPP-Branch-Benders-LLBI-RootCuts,FPP-SAA-fpp_base,1.3,0.7127192982,0.86675,1.000481504,-0.03628064,-3.838,-6.31
new20x20,shortest_path,CVaR,0.02,200,case04,FPP-SAA-fpp_base,FPP-Branch-Benders-CVaR-ProjectedCoverageLLBI-exp-RootCuts,FPP-SAA-CVaR,FPP-Branch-Benders-ProjectedCoverageLLBI-exp-RootCuts,FPP-SAA-fpp_base,0,0,19.48271521,1.0108232,-0.08152475,0.647,-0.03
new20x20,shortest_path,CVaR,0.02,200,case04,FPP-SAA-fpp_base,FPP-Branch-Benders-CVaR-ProjectedPathLLBI-exp-RootCuts,FPP-SAA-CVaR,FPP-Branch-Benders-ProjectedPathLLBI-exp-RootCuts,FPP-SAA-fpp_base,0,0,4.88942247,1.002716213,-0.07043291,0.647,-0.03
new20x20,shortest_path,CVaR,0.02,200,case04,FPP-SAA-fpp_base,FPP-Branch-Benders-CVaR-RootCuts,FPP-SAA-CVaR,FPP-Branch-Benders-RootCuts,FPP-SAA-fpp_base,2.25,1.233552632,0.58881971,1.000327106,-0.01366931,-3.781,-6.4
new20x20,shortest_path,CVaR,0.02,200,case04,FPP-SAA-fpp_base,FPP-Branch-Benders-Combinatorial-CVaR,FPP-SAA-CVaR,FPP-Branch-Benders-Combinatorial,FPP-SAA-fpp_base,0,0,43.45306106,1.024139406,-0.04454198,0.647,-0.03
new20x20,shortest_path,Expected,0.02,200,case04,FPP-SAA-fpp_base,FPP-Branch-Benders-LLBI-RootCuts,FPP-SAA,FPP-Branch-Benders-LLBI-RootCuts,FPP-SAA-fpp_base,0,0,634.3923657,7.51652637,0.000998,0,0
new20x20,shortest_path,Expected,0.02,200,case04,FPP-SAA-fpp_base,FPP-Branch-Benders-ProjectedCoverageLLBI-exp-RootCuts,FPP-SAA,FPP-Branch-Benders-ProjectedCoverageLLBI-exp-RootCuts,FPP-SAA-fpp_base,0,0,18.80784025,1.193195558,0.00094319,0,0
new20x20,shortest_path,Expected,0.02,200,case04,FPP-SAA-fpp_base,FPP-Branch-Benders-ProjectedPathLLBI-exp-RootCuts,FPP-SAA,FPP-Branch-Benders-ProjectedPathLLBI-exp-RootCuts,FPP-SAA-fpp_base,0,0,-57.31974864,0.411207206,0.00076671,0,0
new20x20,shortest_path,Expected,0.02,200,case04,FPP-SAA-fpp_base,FPP-Branch-Benders-RootCuts,FPP-SAA,FPP-Branch-Benders-RootCuts,FPP-SAA-fpp_base,0,0,261.5495082,3.686656334,0.00099859,0,0
new20x20,shortest_path,Expected,0.02,200,case04,FPP-SAA-fpp_base,FPP-Branch-Benders-Combinatorial,FPP-SAA,FPP-Branch-Benders-Combinatorial,FPP-SAA-fpp_base,0,0,-56.23413915,0.4223586688,0,0,0
new20x20,shortest_path,MeanCVaR,0.02,200,case04,FPP-SAA-fpp_base,FPP-Branch-Benders-MeanCVaR-LLBI-RootCuts,FPP-SAA-MeanCVaR,FPP-Branch-Benders-LLBI-RootCuts,FPP-SAA-fpp_base,0,0,0.67482182,1.000374839,0.01223755,0,0
new20x20,shortest_path,MeanCVaR,0.02,200,case04,FPP-SAA-fpp_base,FPP-Branch-Benders-MeanCVaR-ProjectedCoverageLLBI-exp-RootCuts,FPP-SAA-MeanCVaR,FPP-Branch-Benders-ProjectedCoverageLLBI-exp-RootCuts,FPP-SAA-fpp_base,-0.215,-0.1545761737,29.91210703,1.01661511,-0.03120539,-3.838,-6.31
new20x20,shortest_path,MeanCVaR,0.02,200,case04,FPP-SAA-fpp_base,FPP-Branch-Benders-MeanCVaR-ProjectedPathLLBI-exp-RootCuts,FPP-SAA-MeanCVaR,FPP-Branch-Benders-ProjectedPathLLBI-exp-RootCuts,FPP-SAA-fpp_base,-0.215,-0.1545761737,-963.415822,0.4648568393,-0.04894517,-3.838,-6.31
new20x20,shortest_path,MeanCVaR,0.02,200,case04,FPP-SAA-fpp_base,FPP-Branch-Benders-MeanCVaR-RootCuts,FPP-SAA-MeanCVaR,FPP-Branch-Benders-RootCuts,FPP-SAA-fpp_base,0.535,0.3846430369,1.91272827,1.001062452,0.04076263,-0.006,-2.44
new20x20,shortest_path,MeanCVaR,0.02,200,case04,FPP-SAA-fpp_base,FPP-Branch-Benders-Combinatorial-MeanCVaR,FPP-SAA-MeanCVaR,FPP-Branch-Benders-Combinatorial,FPP-SAA-fpp_base,-0.215,-0.1545761737,-582.6561671,0.6763552604,-0.04960788,-3.838,-6.31
new20x20,shortest_path,CVaR,0.03,200,case00,FPP-SAA-fpp_base,FPP-Branch-Benders-CVaR-LLBI-RootCuts,FPP-SAA-CVaR,FPP-Branch-Benders-LLBI-RootCuts,FPP-SAA-fpp_base,-0.4,-0.2856122813,1.07415386,1.000596732,0.0607135,-4.149,-1.96
new20x20,shortest_path,CVaR,0.03,200,case00,FPP-SAA-fpp_base,FPP-Branch-Benders-CVaR-ProjectedCoverageLLBI-exp-RootCuts,FPP-SAA-CVaR,FPP-Branch-Benders-ProjectedCoverageLLBI-exp-RootCuts,FPP-SAA-fpp_base,-4.7,-3.355944306,9.81128037,1.005450526,-0.05027845,-4.826,-2.81
new20x20,shortest_path,CVaR,0.03,200,case00,FPP-SAA-fpp_base,FPP-Branch-Benders-CVaR-ProjectedPathLLBI-exp-RootCuts,FPP-SAA-CVaR,FPP-Branch-Benders-ProjectedPathLLBI-exp-RootCuts,FPP-SAA-fpp_base,-4.7,-3.355944306,6.55662494,1.003642446,-0.07525292,-4.826,-2.81
new20x20,shortest_path,CVaR,0.03,200,case00,FPP-SAA-fpp_base,FPP-Branch-Benders-CVaR-RootCuts,FPP-SAA-CVaR,FPP-Branch-Benders-RootCuts,FPP-SAA-fpp_base,2.45,1.749375223,1.13860904,1.000632539,0.07549672,-2.545,-5.04
new20x20,shortest_path,CVaR,0.03,200,case00,FPP-SAA-fpp_base,FPP-Branch-Benders-Combinatorial-CVaR,FPP-SAA-CVaR,FPP-Branch-Benders-Combinatorial,FPP-SAA-fpp_base,-3.45,-2.463405926,23.63382176,1.013129455,-0.05798521,-3.844,-7.67
new20x20,shortest_path,Expected,0.03,200,case00,FPP-SAA-fpp_base,FPP-Branch-Benders-LLBI-RootCuts,FPP-SAA,FPP-Branch-Benders-LLBI-RootCuts,FPP-SAA-fpp_base,1.635,2.476522266,1710.179791,19.83656016,0.12380673,-0.109,-3.2
new20x20,shortest_path,Expected,0.03,200,case00,FPP-SAA-fpp_base,FPP-Branch-Benders-ProjectedCoverageLLBI-exp-RootCuts,FPP-SAA,FPP-Branch-Benders-ProjectedCoverageLLBI-exp-RootCuts,FPP-SAA-fpp_base,0,0,1516.528688,17.70361446,5.292e-05,0,0
new20x20,shortest_path,Expected,0.03,200,case00,FPP-SAA-fpp_base,FPP-Branch-Benders-ProjectedPathLLBI-exp-RootCuts,FPP-SAA,FPP-Branch-Benders-ProjectedPathLLBI-exp-RootCuts,FPP-SAA-fpp_base,0,0,677.4796307,8.462014165,5.277e-05,0,0
new20x20,shortest_path,Expected,0.03,200,case00,FPP-SAA-fpp_base,FPP-Branch-Benders-RootCuts,FPP-SAA,FPP-Branch-Benders-RootCuts,FPP-SAA-fpp_base,1.045,1.582853681,1710.043881,19.83506321,0.11721418,1.824,16.05
new20x20,shortest_path,Expected,0.03,200,case00,FPP-SAA-fpp_base,FPP-Branch-Benders-Combinatorial,FPP-SAA,FPP-Branch-Benders-Combinatorial,FPP-SAA-fpp_base,0,0,-11.15191342,0.8771686526,-0.00017493,0,0
new20x20,shortest_path,MeanCVaR,0.03,200,case00,FPP-SAA-fpp_base,FPP-Branch-Benders-MeanCVaR-LLBI-RootCuts,FPP-SAA-MeanCVaR,FPP-Branch-Benders-LLBI-RootCuts,FPP-SAA-fpp_base,3.9225,3.78683658,1.04994694,1.000583286,0.13122837,1.172,11.94
new20x20,shortest_path,MeanCVaR,0.03,200,case00,FPP-SAA-fpp_base,FPP-Branch-Benders-MeanCVaR-ProjectedCoverageLLBI-exp-RootCuts,FPP-SAA-MeanCVaR,FPP-Branch-Benders-ProjectedCoverageLLBI-exp-RootCuts,FPP-SAA-fpp_base,-1.5,-1.448121063,8.89580584,1.004941964,-0.01029422,-0.982,4.53
new20x20,shortest_path,MeanCVaR,0.03,200,case00,FPP-SAA-fpp_base,FPP-Branch-Benders-MeanCVaR-ProjectedPathLLBI-exp-RootCuts,FPP-SAA-MeanCVaR,FPP-Branch-Benders-ProjectedPathLLBI-exp-RootCuts,FPP-SAA-fpp_base,-1.5,-1.448121063,2.7054863,1.001503002,-0.03530125,-0.982,4.53
new20x20,shortest_path,MeanCVaR,0.03,200,case00,FPP-SAA-fpp_base,FPP-Branch-Benders-MeanCVaR-RootCuts,FPP-SAA-MeanCVaR,FPP-Branch-Benders-RootCuts,FPP-SAA-fpp_base,-0.385,-0.3716844061,2.44015028,1.001355598,0.0947216,-1.607,1.23
new20x20,shortest_path,MeanCVaR,0.03,200,case00,FPP-SAA-fpp_base,FPP-Branch-Benders-Combinatorial-MeanCVaR,FPP-SAA-MeanCVaR,FPP-Branch-Benders-Combinatorial,FPP-SAA-fpp_base,-0.9825,-0.9485192962,20.20909759,1.011226935,-0.03828585,-1.678,7.6
new20x20,shortest_path,CVaR,0.03,200,case01,FPP-SAA-fpp_base,FPP-Branch-Benders-CVaR-LLBI-RootCuts,FPP-SAA-CVaR,FPP-Branch-Benders-LLBI-RootCuts,FPP-SAA-fpp_base,-220.6,-60.10899183,0.81663477,1.000453622,-0.44435304,-24.069,-77.64
new20x20,shortest_path,CVaR,0.03,200,case01,FPP-SAA-fpp_base,FPP-Branch-Benders-CVaR-ProjectedCoverageLLBI-exp-RootCuts,FPP-SAA-CVaR,FPP-Branch-Benders-ProjectedCoverageLLBI-exp-RootCuts,FPP-SAA-fpp_base,-223.65,-60.9400545,9.91751866,1.005508953,-0.55369495,-26.456,-80.36
new20x20,shortest_path,CVaR,0.03,200,case01,FPP-SAA-fpp_base,FPP-Branch-Benders-CVaR-ProjectedPathLLBI-exp-RootCuts,FPP-SAA-CVaR,FPP-Branch-Benders-ProjectedPathLLBI-exp-RootCuts,FPP-SAA-fpp_base,-229.35,-62.49318801,7.4954934,1.004163574,-0.60710101,-26.043,-84.88
new20x20,shortest_path,CVaR,0.03,200,case01,FPP-SAA-fpp_base,FPP-Branch-Benders-CVaR-RootCuts,FPP-SAA-CVaR,FPP-Branch-Benders-RootCuts,FPP-SAA-fpp_base,-222.05,-60.50408719,0.52555485,1.000291934,-0.4450381,-24.21,-81.58
new20x20,shortest_path,CVaR,0.03,200,case01,FPP-SAA-fpp_base,FPP-Branch-Benders-Combinatorial-CVaR,FPP-SAA-CVaR,FPP-Branch-Benders-Combinatorial,FPP-SAA-fpp_base,-228.5,-62.26158038,50.59343995,1.02810349,-0.58026729,-28.551,-85.69
new20x20,shortest_path,Expected,0.03,200,case01,FPP-SAA-fpp_base,FPP-Branch-Benders-LLBI-RootCuts,FPP-SAA,FPP-Branch-Benders-LLBI-RootCuts,FPP-SAA-fpp_base,1.4,1.875669882,1691.480171,16.4448755,0.10982702,0.319,2.52
new20x20,shortest_path,Expected,0.03,200,case01,FPP-SAA-fpp_base,FPP-Branch-Benders-ProjectedCoverageLLBI-exp-RootCuts,FPP-SAA,FPP-Branch-Benders-ProjectedCoverageLLBI-exp-RootCuts,FPP-SAA-fpp_base,0,0,1699.610906,16.51911709,0.01352992,0,0
new20x20,shortest_path,Expected,0.03,200,case01,FPP-SAA-fpp_base,FPP-Branch-Benders-ProjectedPathLLBI-exp-RootCuts,FPP-SAA,FPP-Branch-Benders-ProjectedPathLLBI-exp-RootCuts,FPP-SAA-fpp_base,0,0,138.070319,2.260717639,0.00099741,0,0
new20x20,shortest_path,Expected,0.03,200,case01,FPP-SAA-fpp_base,FPP-Branch-Benders-RootCuts,FPP-SAA,FPP-Branch-Benders-RootCuts,FPP-SAA-fpp_base,0.905,1.212486602,1691.244074,16.4427197,0.10242572,0.602,3.47
new20x20,shortest_path,Expected,0.03,200,case01,FPP-SAA-fpp_base,FPP-Branch-Benders-Combinatorial,FPP-SAA,FPP-Branch-Benders-Combinatorial,FPP-SAA-fpp_base,0.595,0.7971596999,1714.011828,16.65061165,0.04000649,0.247,3.97
new20x20,shortest_path,MeanCVaR,0.03,200,case01,FPP-SAA-fpp_base,FPP-Branch-Benders-MeanCVaR-LLBI-RootCuts,FPP-SAA-MeanCVaR,FPP-Branch-Benders-LLBI-RootCuts,FPP-SAA-fpp_base,1.9625,1.788603067,1.09110379,1.000606158,0.1413746,5.975,-1.94
new20x20,shortest_path,MeanCVaR,0.03,200,case01,FPP-SAA-fpp_base,FPP-Branch-Benders-MeanCVaR-ProjectedCoverageLLBI-exp-RootCuts,FPP-SAA-MeanCVaR,FPP-Branch-Benders-ProjectedCoverageLLBI-exp-RootCuts,FPP-SAA-fpp_base,-0.3775,-0.3440497619,9.67390308,1.005374297,0.02271454,2.915,-2.45
new20x20,shortest_path,MeanCVaR,0.03,200,case01,FPP-SAA-fpp_base,FPP-Branch-Benders-MeanCVaR-ProjectedPathLLBI-exp-RootCuts,FPP-SAA-MeanCVaR,FPP-Branch-Benders-ProjectedPathLLBI-exp-RootCuts,FPP-SAA-fpp_base,0,0,6.20382514,1.003446509,0.00821752,0,0
new20x20,shortest_path,MeanCVaR,0.03,200,case01,FPP-SAA-fpp_base,FPP-Branch-Benders-MeanCVaR-RootCuts,FPP-SAA-MeanCVaR,FPP-Branch-Benders-RootCuts,FPP-SAA-fpp_base,4.02,3.663788193,0.86819337,1.000482321,0.1467339,4.098,7.72
new20x20,shortest_path,MeanCVaR,0.03,200,case01,FPP-SAA-fpp_base,FPP-Branch-Benders-Combinatorial-MeanCVaR,FPP-SAA-MeanCVaR,FPP-Branch-Benders-Combinatorial,FPP-SAA-fpp_base,2.52,2.296703046,345.3373707,1.191850743,0.08235666,0.185,0.78
new20x20,shortest_path,CVaR,0.03,200,case02,FPP-SAA-fpp_base,FPP-Branch-Benders-CVaR-LLBI-RootCuts,FPP-SAA-CVaR,FPP-Branch-Benders-LLBI-RootCuts,FPP-SAA-fpp_base,0.55,0.3903477644,1.0986388,1.000610328,0.09496529,1.046,0.36
new20x20,shortest_path,CVaR,0.03,200,case02,FPP-SAA-fpp_base,FPP-Branch-Benders-CVaR-ProjectedCoverageLLBI-exp-RootCuts,FPP-SAA-CVaR,FPP-Branch-Benders-ProjectedCoverageLLBI-exp-RootCuts,FPP-SAA-fpp_base,-6.45,-4.577714691,22.07111471,1.012261185,-0.0353687,2.832,-9.12
new20x20,shortest_path,CVaR,0.03,200,case02,FPP-SAA-fpp_base,FPP-Branch-Benders-CVaR-ProjectedPathLLBI-exp-RootCuts,FPP-SAA-CVaR,FPP-Branch-Benders-ProjectedPathLLBI-exp-RootCuts,FPP-SAA-fpp_base,-6.8,-4.826117814,2.46469306,1.001369213,-0.06899702,0.025,-3.26
new20x20,shortest_path,CVaR,0.03,200,case02,FPP-SAA-fpp_base,FPP-Branch-Benders-CVaR-RootCuts,FPP-SAA-CVaR,FPP-Branch-Benders-RootCuts,FPP-SAA-fpp_base,-2.5,-1.77430802,0.28196298,1.000156639,0.07460219,2.707,-10.1
new20x20,shortest_path,CVaR,0.03,200,case02,FPP-SAA-fpp_base,FPP-Branch-Benders-Combinatorial-CVaR,FPP-SAA-CVaR,FPP-Branch-Benders-Combinatorial,FPP-SAA-fpp_base,-7.05,-5.003548616,20.93675004,1.01163101,-0.06066159,4.756,-1.67
new20x20,shortest_path,Expected,0.03,200,case02,FPP-SAA-fpp_base,FPP-Branch-Benders-LLBI-RootCuts,FPP-SAA,FPP-Branch-Benders-LLBI-RootCuts,FPP-SAA-fpp_base,1.665,2.309292649,1722.942724,22.95374178,0.12187184,1.952,12.85
new20x20,shortest_path,Expected,0.03,200,case02,FPP-SAA-fpp_base,FPP-Branch-Benders-ProjectedCoverageLLBI-exp-RootCuts,FPP-SAA,FPP-Branch-Benders-ProjectedCoverageLLBI-exp-RootCuts,FPP-SAA-fpp_base,0,0,573.060373,8.301937134,0.00099436,0,0
new20x20,shortest_path,Expected,0.03,200,case02,FPP-SAA-fpp_base,FPP-Branch-Benders-ProjectedPathLLBI-exp-RootCuts,FPP-SAA,FPP-Branch-Benders-ProjectedPathLLBI-exp-RootCuts,FPP-SAA-fpp_base,0,0,21.62734682,1.275575723,0.00099515,0,0
new20x20,shortest_path,Expected,0.03,200,case02,FPP-SAA-fpp_base,FPP-Branch-Benders-RootCuts,FPP-SAA,FPP-Branch-Benders-RootCuts,FPP-SAA-fpp_base,2.285,3.169209431,1722.545864,22.948685,0.11780501,1.481,6.25
new20x20,shortest_path,Expected,0.03,200,case02,FPP-SAA-fpp_base,FPP-Branch-Benders-Combinatorial,FPP-SAA,FPP-Branch-Benders-Combinatorial,FPP-SAA-fpp_base,0,0,-9.97983021,0.872836971,0,0,0
new20x20,shortest_path,MeanCVaR,0.03,200,case02,FPP-SAA-fpp_base,FPP-Branch-Benders-MeanCVaR-LLBI-RootCuts,FPP-SAA-MeanCVaR,FPP-Branch-Benders-LLBI-RootCuts,FPP-SAA-fpp_base,3.9725,3.781352625,0.98138236,1.000545165,0.14151541,2.681,8.05
new20x20,shortest_path,MeanCVaR,0.03,200,case02,FPP-SAA-fpp_base,FPP-Branch-Benders-MeanCVaR-ProjectedCoverageLLBI-exp-RootCuts,FPP-SAA-MeanCVaR,FPP-Branch-Benders-ProjectedCoverageLLBI-exp-RootCuts,FPP-SAA-fpp_base,1.0775,1.025653229,9.59982721,1.005332775,0.0375192,0.69,8
new20x20,shortest_path,MeanCVaR,0.03,200,case02,FPP-SAA-fpp_base,FPP-Branch-Benders-MeanCVaR-ProjectedPathLLBI-exp-RootCuts,FPP-SAA-MeanCVaR,FPP-Branch-Benders-ProjectedPathLLBI-exp-RootCuts,FPP-SAA-fpp_base,-1.135,-1.080386464,-242.0236319,0.8655540725,-0.02872626,-0.166,2.65
new20x20,shortest_path,MeanCVaR,0.03,200,case02,FPP-SAA-fpp_base,FPP-Branch-Benders-MeanCVaR-RootCuts,FPP-SAA-MeanCVaR,FPP-Branch-Benders-RootCuts,FPP-SAA-fpp_base,4.745,4.516681738,0.56335312,1.000312947,0.16928631,4.033,9.72
new20x20,shortest_path,MeanCVaR,0.03,200,case02,FPP-SAA-fpp_base,FPP-Branch-Benders-Combinatorial-MeanCVaR,FPP-SAA-MeanCVaR,FPP-Branch-Benders-Combinatorial,FPP-SAA-fpp_base,-1.135,-1.080386464,-572.9067608,0.6817460335,-0.02887342,-0.166,2.65
new20x20,shortest_path,CVaR,0.03,200,case03,FPP-SAA-fpp_base,FPP-Branch-Benders-CVaR-LLBI-RootCuts,FPP-SAA-CVaR,FPP-Branch-Benders-LLBI-RootCuts,FPP-SAA-fpp_base,2.25,1.560874089,0.75536227,1.00041959,0.07807026,-1.796,-0.97
new20x20,shortest_path,CVaR,0.03,200,case03,FPP-SAA-fpp_base,FPP-Branch-Benders-CVaR-ProjectedCoverageLLBI-exp-RootCuts,FPP-SAA-CVaR,FPP-Branch-Benders-ProjectedCoverageLLBI-exp-RootCuts,FPP-SAA-fpp_base,-5.7,-3.95421436,9.53625134,1.005297214,-0.04695636,-3.768,-2.24
new20x20,shortest_path,CVaR,0.03,200,case03,FPP-SAA-fpp_base,FPP-Branch-Benders-CVaR-ProjectedPathLLBI-exp-RootCuts,FPP-SAA-CVaR,FPP-Branch-Benders-ProjectedPathLLBI-exp-RootCuts,FPP-SAA-fpp_base,-5,-3.468609088,2.24496486,1.001247037,-0.06694457,-4.074,-4.22
new20x20,shortest_path,CVaR,0.03,200,case03,FPP-SAA-fpp_base,FPP-Branch-Benders-CVaR-RootCuts,FPP-SAA-CVaR,FPP-Branch-Benders-RootCuts,FPP-SAA-fpp_base,-0.1,-0.06937218176,0.58306508,1.000323882,0.07228899,1.685,4.95
new20x20,shortest_path,CVaR,0.03,200,case03,FPP-SAA-fpp_base,FPP-Branch-Benders-Combinatorial-CVaR,FPP-SAA-CVaR,FPP-Branch-Benders-Combinatorial,FPP-SAA-fpp_base,3.95,2.740201179,175.787121,1.09764654,0.03803656,-6.985,1.31
new20x20,shortest_path,Expected,0.03,200,case03,FPP-SAA-fpp_base,FPP-Branch-Benders-LLBI-RootCuts,FPP-SAA,FPP-Branch-Benders-LLBI-RootCuts,FPP-SAA-fpp_base,0.905,1.205461205,1684.33835,15.42313609,0.13028653,1.623,7.23
new20x20,shortest_path,Expected,0.03,200,case03,FPP-SAA-fpp_base,FPP-Branch-Benders-ProjectedCoverageLLBI-exp-RootCuts,FPP-SAA,FPP-Branch-Benders-ProjectedCoverageLLBI-exp-RootCuts,FPP-SAA-fpp_base,0,0,1693.600901,15.50245211,0.03147593,0,0
new20x20,shortest_path,Expected,0.03,200,case03,FPP-SAA-fpp_base,FPP-Branch-Benders-ProjectedPathLLBI-exp-RootCuts,FPP-SAA,FPP-Branch-Benders-ProjectedPathLLBI-exp-RootCuts,FPP-SAA-fpp_base,0,0,642.6435362,6.503012607,0.00099933,0,0
new20x20,shortest_path,Expected,0.03,200,case03,FPP-SAA-fpp_base,FPP-Branch-Benders-RootCuts,FPP-SAA,FPP-Branch-Benders-RootCuts,FPP-SAA-fpp_base,1.46,1.944721945,1684.085487,15.4209708,0.12007865,2.381,13.35
new20x20,shortest_path,Expected,0.03,200,case03,FPP-SAA-fpp_base,FPP-Branch-Benders-Combinatorial,FPP-SAA,FPP-Branch-Benders-Combinatorial,FPP-SAA-fpp_base,0,0,-35.53666683,0.6956964249,0,0,0
new20x20,shortest_path,MeanCVaR,0.03,200,case03,FPP-SAA-fpp_base,FPP-Branch-Benders-MeanCVaR-LLBI-RootCuts,FPP-SAA-MeanCVaR,FPP-Branch-Benders-LLBI-RootCuts,FPP-SAA-fpp_base,4.3375,3.99815647,2.55872019,1.001421393,0.17551719,4.329,2.77
new20x20,shortest_path,MeanCVaR,0.03,200,case03,FPP-SAA-fpp_base,FPP-Branch-Benders-MeanCVaR-ProjectedCoverageLLBI-exp-RootCuts,FPP-SAA-MeanCVaR,FPP-Branch-Benders-ProjectedCoverageLLBI-exp-RootCuts,FPP-SAA-fpp_base,0,0,9.29376029,1.005162769,0.02990637,0,0
new20x20,shortest_path,MeanCVaR,0.03,200,case03,FPP-SAA-fpp_base,FPP-Branch-Benders-MeanCVaR-ProjectedPathLLBI-exp-RootCuts,FPP-SAA-MeanCVaR,FPP-Branch-Benders-ProjectedPathLLBI-exp-RootCuts,FPP-SAA-fpp_base,0,0,6.10387494,1.003390759,0.00747939,0,0
new20x20,shortest_path,MeanCVaR,0.03,200,case03,FPP-SAA-fpp_base,FPP-Branch-Benders-MeanCVaR-RootCuts,FPP-SAA-MeanCVaR,FPP-Branch-Benders-RootCuts,FPP-SAA-fpp_base,2.885,2.659292545,2.66529984,1.001480599,0.15028778,1.616,-0.72
new20x20,shortest_path,MeanCVaR,0.03,200,case03,FPP-SAA-fpp_base,FPP-Branch-Benders-Combinatorial-MeanCVaR,FPP-SAA-MeanCVaR,FPP-Branch-Benders-Combinatorial,FPP-SAA-fpp_base,3.2075,2.956561816,54.97660948,1.030540013,0.08402071,0.292,1.82
new20x20,shortest_path,CVaR,0.03,200,case04,FPP-SAA-fpp_base,FPP-Branch-Benders-CVaR-LLBI-RootCuts,FPP-SAA-CVaR,FPP-Branch-Benders-LLBI-RootCuts,FPP-SAA-fpp_base,-232,-61.70212766,2.64080498,1.001466857,-0.45825325,-28.364,-68.97
new20x20,shortest_path,CVaR,0.03,200,case04,FPP-SAA-fpp_base,FPP-Branch-Benders-CVaR-ProjectedCoverageLLBI-exp-RootCuts,FPP-SAA-CVaR,FPP-Branch-Benders-ProjectedCoverageLLBI-exp-RootCuts,FPP-SAA-fpp_base,-235.4,-62.60638298,23.27092272,1.012926025,-0.55597797,-27.12,-66.13
new20x20,shortest_path,CVaR,0.03,200,case04,FPP-SAA-fpp_base,FPP-Branch-Benders-CVaR-ProjectedPathLLBI-exp-RootCuts,FPP-SAA-CVaR,FPP-Branch-Benders-ProjectedPathLLBI-exp-RootCuts,FPP-SAA-fpp_base,-236.15,-62.80585106,6.40915313,1.003560017,-0.58643763,-22.302,-66.43
new20x20,shortest_path,CVaR,0.03,200,case04,FPP-SAA-fpp_base,FPP-Branch-Benders-CVaR-RootCuts,FPP-SAA-CVaR,FPP-Branch-Benders-RootCuts,FPP-SAA-fpp_base,-226.7,-60.29255319,0.42227981,1.000234559,-0.43046134,-28.309,-62.94
new20x20,shortest_path,CVaR,0.03,200,case04,FPP-SAA-fpp_base,FPP-Branch-Benders-Combinatorial-CVaR,FPP-SAA-CVaR,FPP-Branch-Benders-Combinatorial,FPP-SAA-fpp_base,-238.2,-63.35106383,21.46731403,1.011924195,-0.60381227,-23.611,-76.9
new20x20,shortest_path,Expected,0.03,200,case04,FPP-SAA-fpp_base,FPP-Branch-Benders-LLBI-RootCuts,FPP-SAA,FPP-Branch-Benders-LLBI-RootCuts,FPP-SAA-fpp_base,1.91,2.698502402,1683.113474,15.03081307,0.12943341,2.799,11.49
new20x20,shortest_path,Expected,0.03,200,case04,FPP-SAA-fpp_base,FPP-Branch-Benders-ProjectedCoverageLLBI-exp-RootCuts,FPP-SAA,FPP-Branch-Benders-ProjectedCoverageLLBI-exp-RootCuts,FPP-SAA-fpp_base,0.535,0.7558632382,1707.42239,15.23345767,0.03828078,0.501,7.43
new20x20,shortest_path,Expected,0.03,200,case04,FPP-SAA-fpp_base,FPP-Branch-Benders-ProjectedPathLLBI-exp-RootCuts,FPP-SAA,FPP-Branch-Benders-ProjectedPathLLBI-exp-RootCuts,FPP-SAA-fpp_base,0,0,1682.761888,15.02788217,0.00335002,0,0
new20x20,shortest_path,Expected,0.03,200,case04,FPP-SAA-fpp_base,FPP-Branch-Benders-RootCuts,FPP-SAA,FPP-Branch-Benders-RootCuts,FPP-SAA-fpp_base,1.865,2.63492512,1680.772509,15.01129826,0.12767613,1.534,5.07
new20x20,shortest_path,Expected,0.03,200,case04,FPP-SAA-fpp_base,FPP-Branch-Benders-Combinatorial,FPP-SAA,FPP-Branch-Benders-Combinatorial,FPP-SAA-fpp_base,0,0,136.3607399,2.136733846,-0.00020867,0,0
new20x20,shortest_path,MeanCVaR,0.03,200,case04,FPP-SAA-fpp_base,FPP-Branch-Benders-MeanCVaR-LLBI-RootCuts,FPP-SAA-MeanCVaR,FPP-Branch-Benders-LLBI-RootCuts,FPP-SAA-fpp_base,3.075,2.836912148,3.1947588,1.001774735,0.10984241,4.093,17.32
new20x20,shortest_path,MeanCVaR,0.03,200,case04,FPP-SAA-fpp_base,FPP-Branch-Benders-MeanCVaR-ProjectedCoverageLLBI-exp-RootCuts,FPP-SAA-MeanCVaR,FPP-Branch-Benders-ProjectedCoverageLLBI-exp-RootCuts,FPP-SAA-fpp_base,0.0725,0.06688654658,19.8250263,1.01101309,-0.0005296,1.803,5.15
new20x20,shortest_path,MeanCVaR,0.03,200,case04,FPP-SAA-fpp_base,FPP-Branch-Benders-MeanCVaR-ProjectedPathLLBI-exp-RootCuts,FPP-SAA-MeanCVaR,FPP-Branch-Benders-ProjectedPathLLBI-exp-RootCuts,FPP-SAA-fpp_base,-1.9975,-1.84283968,8.54242926,1.004745444,-0.0326377,-0.313,-1.43
new20x20,shortest_path,MeanCVaR,0.03,200,case04,FPP-SAA-fpp_base,FPP-Branch-Benders-MeanCVaR-RootCuts,FPP-SAA-MeanCVaR,FPP-Branch-Benders-RootCuts,FPP-SAA-fpp_base,0.58,0.5350923726,0.84388653,1.000468791,0.08222177,-0.979,-2.15
new20x20,shortest_path,MeanCVaR,0.03,200,case04,FPP-SAA-fpp_base,FPP-Branch-Benders-Combinatorial-MeanCVaR,FPP-SAA-MeanCVaR,FPP-Branch-Benders-Combinatorial,FPP-SAA-fpp_base,5.185,4.783541297,88.82162471,1.049341703,0.05652494,0.186,10.82
new20x20,shortest_path,CVaR,0.01,400,case00,FPP-SAA-fpp_base,FPP-Branch-Benders-CVaR-LLBI-RootCuts,FPP-SAA-CVaR,FPP-Branch-Benders-LLBI-RootCuts,FPP-SAA-fpp_base,-2717.5,-91.22035548,-1767.280583,0.01847780092,-0.91835349,-114.569,-132.18
new20x20,shortest_path,CVaR,0.01,400,case00,FPP-SAA-fpp_base,FPP-Branch-Benders-CVaR-ProjectedCoverageLLBI-exp-RootCuts,FPP-SAA-CVaR,FPP-Branch-Benders-ProjectedCoverageLLBI-exp-RootCuts,FPP-SAA-fpp_base,-2717.5,-91.22035548,-1744.697761,0.03101997536,-0.91847972,-114.569,-132.18
new20x20,shortest_path,CVaR,0.01,400,case00,FPP-SAA-fpp_base,FPP-Branch-Benders-CVaR-ProjectedPathLLBI-exp-RootCuts,FPP-SAA-CVaR,FPP-Branch-Benders-ProjectedPathLLBI-exp-RootCuts,FPP-SAA-fpp_base,-2717.5,-91.22035548,-1767.395111,0.01841419399,-0.91844395,-114.569,-132.18
new20x20,shortest_path,CVaR,0.01,400,case00,FPP-SAA-fpp_base,FPP-Branch-Benders-CVaR-RootCuts,FPP-SAA-CVaR,FPP-Branch-Benders-RootCuts,FPP-SAA-fpp_base,-2717.5,-91.22035548,-1744.145766,0.03132654521,-0.91834317,-114.569,-132.18
new20x20,shortest_path,CVaR,0.01,400,case00,FPP-SAA-fpp_base,FPP-Branch-Benders-Combinatorial-CVaR,FPP-SAA-CVaR,FPP-Branch-Benders-Combinatorial,FPP-SAA-fpp_base,-2717.5,-91.22035548,-1252.103491,0.3045997427,-0.91863048,-114.569,-132.18
new20x20,shortest_path,Expected,0.01,400,case00,FPP-SAA-fpp_base,FPP-Branch-Benders-LLBI-RootCuts,FPP-SAA,FPP-Branch-Benders-LLBI-RootCuts,FPP-SAA-fpp_base,-0.1925,-0.1472134595,-1778.917603,0.01177660526,-0.00782923,0.334,-0.82
new20x20,shortest_path,Expected,0.01,400,case00,FPP-SAA-fpp_base,FPP-Branch-Benders-ProjectedCoverageLLBI-exp-RootCuts,FPP-SAA,FPP-Branch-Benders-ProjectedCoverageLLBI-exp-RootCuts,FPP-SAA-fpp_base,-0.1925,-0.1472134595,-1758.410397,0.023168758,-0.00852847,0.334,-0.82
new20x20,shortest_path,Expected,0.01,400,case00,FPP-SAA-fpp_base,FPP-Branch-Benders-ProjectedPathLLBI-exp-RootCuts,FPP-SAA,FPP-Branch-Benders-ProjectedPathLLBI-exp-RootCuts,FPP-SAA-fpp_base,-0.1925,-0.1472134595,-1782.384864,0.009850474231,-0.0079102,0.334,-0.82
new20x20,shortest_path,Expected,0.01,400,case00,FPP-SAA-fpp_base,FPP-Branch-Benders-RootCuts,FPP-SAA,FPP-Branch-Benders-RootCuts,FPP-SAA-fpp_base,-0.1925,-0.1472134595,-1770.486601,0.01646019134,-0.00772901,0.334,-0.82
new20x20,shortest_path,Expected,0.01,400,case00,FPP-SAA-fpp_base,FPP-Branch-Benders-Combinatorial,FPP-SAA,FPP-Branch-Benders-Combinatorial,FPP-SAA-fpp_base,-0.1925,-0.1472134595,-1748.443159,0.02870575308,-0.00852847,0.334,-0.82
new20x20,shortest_path,MeanCVaR,0.01,400,case00,FPP-SAA-fpp_base,FPP-Branch-Benders-MeanCVaR-LLBI-RootCuts,FPP-SAA-MeanCVaR,FPP-Branch-Benders-LLBI-RootCuts,FPP-SAA-fpp_base,-1416.93875,-87.5476335,-1754.409224,0.02550711602,-0.99886087,-114.569,-132.18
new20x20,shortest_path,MeanCVaR,0.01,400,case00,FPP-SAA-fpp_base,FPP-Branch-Benders-MeanCVaR-ProjectedCoverageLLBI-exp-RootCuts,FPP-SAA-MeanCVaR,FPP-Branch-Benders-ProjectedCoverageLLBI-exp-RootCuts,FPP-SAA-fpp_base,-1416.93875,-87.5476335,-1633.265584,0.09279678431,-0.99933527,-114.569,-132.18
new20x20,shortest_path,MeanCVaR,0.01,400,case00,FPP-SAA-fpp_base,FPP-Branch-Benders-MeanCVaR-ProjectedPathLLBI-exp-RootCuts,FPP-SAA-MeanCVaR,FPP-Branch-Benders-ProjectedPathLLBI-exp-RootCuts,FPP-SAA-fpp_base,-1416.93875,-87.5476335,-1763.060394,0.02070179276,-0.9987386,-114.569,-132.18
new20x20,shortest_path,MeanCVaR,0.01,400,case00,FPP-SAA-fpp_base,FPP-Branch-Benders-MeanCVaR-RootCuts,FPP-SAA-MeanCVaR,FPP-Branch-Benders-RootCuts,FPP-SAA-fpp_base,-1416.93875,-87.5476335,-1760.102464,0.02234478522,-0.99870714,-114.569,-132.18
new20x20,shortest_path,MeanCVaR,0.01,400,case00,FPP-SAA-fpp_base,FPP-Branch-Benders-Combinatorial-MeanCVaR,FPP-SAA-MeanCVaR,FPP-Branch-Benders-Combinatorial,FPP-SAA-fpp_base,-1416.93875,-87.5476335,-1639.797826,0.08916842735,-0.99969107,-114.569,-132.18
new20x20,shortest_path,CVaR,0.01,400,case01,FPP-SAA-fpp_base,FPP-Branch-Benders-CVaR-LLBI-RootCuts,FPP-SAA-CVaR,FPP-Branch-Benders-LLBI-RootCuts,FPP-SAA-fpp_base,-2677.95,-91.07202068,-1772.696462,0.01541569727,-0.91785892,-109.767,-130.74
new20x20,shortest_path,CVaR,0.01,400,case01,FPP-SAA-fpp_base,FPP-Branch-Benders-CVaR-ProjectedCoverageLLBI-exp-RootCuts,FPP-SAA-CVaR,FPP-Branch-Benders-ProjectedCoverageLLBI-exp-RootCuts,FPP-SAA-fpp_base,-2677.95,-91.07202068,-1762.274332,0.02120431681,-0.91797598,-109.767,-130.74
new20x20,shortest_path,CVaR,0.01,400,case01,FPP-SAA-fpp_base,FPP-Branch-Benders-CVaR-ProjectedPathLLBI-exp-RootCuts,FPP-SAA-CVaR,FPP-Branch-Benders-ProjectedPathLLBI-exp-RootCuts,FPP-SAA-fpp_base,-2677.95,-91.07202068,-1769.126728,0.01739838543,-0.91784556,-109.767,-130.74
new20x20,shortest_path,CVaR,0.01,400,case01,FPP-SAA-fpp_base,FPP-Branch-Benders-CVaR-RootCuts,FPP-SAA-CVaR,FPP-Branch-Benders-RootCuts,FPP-SAA-fpp_base,-2677.95,-91.07202068,-1750.090794,0.02797125078,-0.91788588,-109.767,-130.74
new20x20,shortest_path,CVaR,0.01,400,case01,FPP-SAA-fpp_base,FPP-Branch-Benders-Combinatorial-CVaR,FPP-SAA-CVaR,FPP-Branch-Benders-Combinatorial,FPP-SAA-fpp_base,-2677.95,-91.07202068,-1598.090187,0.1123948478,-0.91794771,-109.767,-130.74
new20x20,shortest_path,Expected,0.01,400,case01,FPP-SAA-fpp_base,FPP-Branch-Benders-LLBI-RootCuts,FPP-SAA,FPP-Branch-Benders-LLBI-RootCuts,FPP-SAA-fpp_base,0,0,-985.4896651,0.01315958533,0,0,0
new20x20,shortest_path,Expected,0.01,400,case01,FPP-SAA-fpp_base,FPP-Branch-Benders-ProjectedCoverageLLBI-exp-RootCuts,FPP-SAA,FPP-Branch-Benders-ProjectedCoverageLLBI-exp-RootCuts,FPP-SAA-fpp_base,0,0,-963.6149937,0.035064239,0.00048672,0,0
new20x20,shortest_path,Expected,0.01,400,case01,FPP-SAA-fpp_base,FPP-Branch-Benders-ProjectedPathLLBI-exp-RootCuts,FPP-SAA,FPP-Branch-Benders-ProjectedPathLLBI-exp-RootCuts,FPP-SAA-fpp_base,0,0,-977.1202246,0.02154049732,0,0,0
new20x20,shortest_path,Expected,0.01,400,case01,FPP-SAA-fpp_base,FPP-Branch-Benders-RootCuts,FPP-SAA,FPP-Branch-Benders-RootCuts,FPP-SAA-fpp_base,0,0,-941.5815305,0.05712790209,0,0,0
new20x20,shortest_path,Expected,0.01,400,case01,FPP-SAA-fpp_base,FPP-Branch-Benders-Combinatorial,FPP-SAA,FPP-Branch-Benders-Combinatorial,FPP-SAA-fpp_base,0,0,-959.0835622,0.03960188147,8.02e-05,0,0
new20x20,shortest_path,MeanCVaR,0.01,400,case01,FPP-SAA-fpp_base,FPP-Branch-Benders-MeanCVaR-LLBI-RootCuts,FPP-SAA-MeanCVaR,FPP-Branch-Benders-LLBI-RootCuts,FPP-SAA-fpp_base,0,0,-1753.904839,0.02563980975,-0.06857188,0,0
new20x20,shortest_path,MeanCVaR,0.01,400,case01,FPP-SAA-fpp_base,FPP-Branch-Benders-MeanCVaR-ProjectedCoverageLLBI-exp-RootCuts,FPP-SAA-MeanCVaR,FPP-Branch-Benders-ProjectedCoverageLLBI-exp-RootCuts,FPP-SAA-fpp_base,0,0,-1753.6865,0.02576110502,-0.06870112,0,0
new20x20,shortest_path,MeanCVaR,0.01,400,case01,FPP-SAA-fpp_base,FPP-Branch-Benders-MeanCVaR-ProjectedPathLLBI-exp-RootCuts,FPP-SAA-MeanCVaR,FPP-Branch-Benders-ProjectedPathLLBI-exp-RootCuts,FPP-SAA-fpp_base,0,0,-1712.75749,0.04849871169,-0.06868478,0,0
new20x20,shortest_path,MeanCVaR,0.01,400,case01,FPP-SAA-fpp_base,FPP-Branch-Benders-MeanCVaR-RootCuts,FPP-SAA-MeanCVaR,FPP-Branch-Benders-RootCuts,FPP-SAA-fpp_base,0,0,-1747.38235,0.02926329793,-0.06858061,0,0
new20x20,shortest_path,MeanCVaR,0.01,400,case01,FPP-SAA-fpp_base,FPP-Branch-Benders-Combinatorial-MeanCVaR,FPP-SAA-MeanCVaR,FPP-Branch-Benders-Combinatorial,FPP-SAA-fpp_base,0,0,-1645.21983,0.08601842532,-0.06956613,0,0
new20x20,shortest_path,CVaR,0.01,400,case02,FPP-SAA-fpp_base,FPP-Branch-Benders-CVaR-LLBI-RootCuts,FPP-SAA-CVaR,FPP-Branch-Benders-LLBI-RootCuts,FPP-SAA-fpp_base,-2875.475,-91.77072279,-1775.111906,0.0140493408,-0.99942236,-111.231,-129.18
new20x20,shortest_path,CVaR,0.01,400,case02,FPP-SAA-fpp_base,FPP-Branch-Benders-CVaR-ProjectedCoverageLLBI-exp-RootCuts,FPP-SAA-CVaR,FPP-Branch-Benders-ProjectedCoverageLLBI-exp-RootCuts,FPP-SAA-fpp_base,-2875.475,-91.77072279,-1759.730598,0.02259258298,-0.99981723,-111.231,-129.18
new20x20,shortest_path,CVaR,0.01,400,case02,FPP-SAA-fpp_base,FPP-Branch-Benders-CVaR-ProjectedPathLLBI-exp-RootCuts,FPP-SAA-CVaR,FPP-Branch-Benders-ProjectedPathLLBI-exp-RootCuts,FPP-SAA-fpp_base,-2875.475,-91.77072279,-1770.428773,0.01665049431,-0.99904852,-111.231,-129.18
new20x20,shortest_path,CVaR,0.01,400,case02,FPP-SAA-fpp_base,FPP-Branch-Benders-CVaR-RootCuts,FPP-SAA-CVaR,FPP-Branch-Benders-RootCuts,FPP-SAA-fpp_base,-2875.475,-91.77072279,-1756.999055,0.02410976467,-0.99916848,-111.231,-129.18
new20x20,shortest_path,CVaR,0.01,400,case02,FPP-SAA-fpp_base,FPP-Branch-Benders-Combinatorial-CVaR,FPP-SAA-CVaR,FPP-Branch-Benders-Combinatorial,FPP-SAA-fpp_base,-2875.475,-91.77072279,-1671.873436,0.07139109928,-0.99986758,-111.231,-129.18
new20x20,shortest_path,Expected,0.01,400,case02,FPP-SAA-fpp_base,FPP-Branch-Benders-LLBI-RootCuts,FPP-SAA,FPP-Branch-Benders-LLBI-RootCuts,FPP-SAA-fpp_base,-35.8975,-20.48680963,-1760.153668,0.02221435162,-0.21715346,-32.047,-62.35
new20x20,shortest_path,Expected,0.01,400,case02,FPP-SAA-fpp_base,FPP-Branch-Benders-ProjectedCoverageLLBI-exp-RootCuts,FPP-SAA,FPP-Branch-Benders-ProjectedCoverageLLBI-exp-RootCuts,FPP-SAA-fpp_base,-35.8975,-20.48680963,-1764.523628,0.01978678871,-0.21787651,-32.047,-62.35
new20x20,shortest_path,Expected,0.01,400,case02,FPP-SAA-fpp_base,FPP-Branch-Benders-ProjectedPathLLBI-exp-RootCuts,FPP-SAA,FPP-Branch-Benders-ProjectedPathLLBI-exp-RootCuts,FPP-SAA-fpp_base,-35.8975,-20.48680963,-1755.957863,0.02454516965,-0.21787651,-32.047,-62.35
new20x20,shortest_path,Expected,0.01,400,case02,FPP-SAA-fpp_base,FPP-Branch-Benders-RootCuts,FPP-SAA,FPP-Branch-Benders-RootCuts,FPP-SAA-fpp_base,-35.8975,-20.48680963,-1770.091658,0.01669368384,-0.21782317,-32.047,-62.35
new20x20,shortest_path,Expected,0.01,400,case02,FPP-SAA-fpp_base,FPP-Branch-Benders-Combinatorial,FPP-SAA,FPP-Branch-Benders-Combinatorial,FPP-SAA-fpp_base,-35.8975,-20.48680963,-1729.158849,0.03943233095,-0.21787651,-32.047,-62.35
new20x20,shortest_path,MeanCVaR,0.01,400,case02,FPP-SAA-fpp_base,FPP-Branch-Benders-MeanCVaR-LLBI-RootCuts,FPP-SAA-MeanCVaR,FPP-Branch-Benders-LLBI-RootCuts,FPP-SAA-fpp_base,-1501.9525,-88.17923495,-1770.547371,0.01655897877,-0.99877882,-111.231,-129.18
new20x20,shortest_path,MeanCVaR,0.01,400,case02,FPP-SAA-fpp_base,FPP-Branch-Benders-MeanCVaR-ProjectedCoverageLLBI-exp-RootCuts,FPP-SAA-MeanCVaR,FPP-Branch-Benders-ProjectedCoverageLLBI-exp-RootCuts,FPP-SAA-fpp_base,-1501.9525,-88.17923495,-1750.151928,0.02788751795,-0.99927819,-111.231,-129.18
new20x20,shortest_path,MeanCVaR,0.01,400,case02,FPP-SAA-fpp_base,FPP-Branch-Benders-MeanCVaR-ProjectedPathLLBI-exp-RootCuts,FPP-SAA-MeanCVaR,FPP-Branch-Benders-ProjectedPathLLBI-exp-RootCuts,FPP-SAA-fpp_base,-1501.9525,-88.17923495,-1767.932758,0.01801125125,-0.99899061,-111.231,-129.18
new20x20,shortest_path,MeanCVaR,0.01,400,case02,FPP-SAA-fpp_base,FPP-Branch-Benders-MeanCVaR-RootCuts,FPP-SAA-MeanCVaR,FPP-Branch-Benders-RootCuts,FPP-SAA-fpp_base,-1501.9525,-88.17923495,-1679.25223,0.06726837385,-0.99873645,-111.231,-129.18
new20x20,shortest_path,MeanCVaR,0.01,400,case02,FPP-SAA-fpp_base,FPP-Branch-Benders-Combinatorial-MeanCVaR,FPP-SAA-MeanCVaR,FPP-Branch-Benders-Combinatorial,FPP-SAA-fpp_base,-1501.9525,-88.17923495,-1703.450217,0.05382773218,-0.99970645,-111.231,-129.18
new20x20,shortest_path,CVaR,0.01,400,case03,FPP-SAA-fpp_base,FPP-Branch-Benders-CVaR-LLBI-RootCuts,FPP-SAA-CVaR,FPP-Branch-Benders-LLBI-RootCuts,FPP-SAA-fpp_base,-129.85,-32.54385965,-1726.575142,0.04097616044,-0.39292635,-28.163,-35.41
new20x20,shortest_path,CVaR,0.01,400,case03,FPP-SAA-fpp_base,FPP-Branch-Benders-CVaR-ProjectedCoverageLLBI-exp-RootCuts,FPP-SAA-CVaR,FPP-Branch-Benders-ProjectedCoverageLLBI-exp-RootCuts,FPP-SAA-fpp_base,-129.85,-32.54385965,-1747.210153,0.02951447139,-0.3930868,-28.163,-35.41
new20x20,shortest_path,CVaR,0.01,400,case03,FPP-SAA-fpp_base,FPP-Branch-Benders-CVaR-ProjectedPathLLBI-exp-RootCuts,FPP-SAA-CVaR,FPP-Branch-Benders-ProjectedPathLLBI-exp-RootCuts,FPP-SAA-fpp_base,-129.85,-32.54385965,-1762.541401,0.02099875036,-0.39313261,-28.163,-35.41
new20x20,shortest_path,CVaR,0.01,400,case03,FPP-SAA-fpp_base,FPP-Branch-Benders-CVaR-RootCuts,FPP-SAA-CVaR,FPP-Branch-Benders-RootCuts,FPP-SAA-fpp_base,-129.85,-32.54385965,-1606.996884,0.1073957431,-0.39289032,-28.163,-35.41
new20x20,shortest_path,CVaR,0.01,400,case03,FPP-SAA-fpp_base,FPP-Branch-Benders-Combinatorial-CVaR,FPP-SAA-CVaR,FPP-Branch-Benders-Combinatorial,FPP-SAA-fpp_base,-129.85,-32.54385965,-1525.317568,0.1527644091,-0.39388204,-28.163,-35.41
new20x20,shortest_path,Expected,0.01,400,case03,FPP-SAA-fpp_base,FPP-Branch-Benders-LLBI-RootCuts,FPP-SAA,FPP-Branch-Benders-LLBI-RootCuts,FPP-SAA-fpp_base,-13.4875,-9.307340637,-1774.890684,0.01410681964,-0.10083283,-11.588,-33.21
new20x20,shortest_path,Expected,0.01,400,case03,FPP-SAA-fpp_base,FPP-Branch-Benders-ProjectedCoverageLLBI-exp-RootCuts,FPP-SAA,FPP-Branch-Benders-ProjectedCoverageLLBI-exp-RootCuts,FPP-SAA-fpp_base,-13.4875,-9.307340637,-1756.772666,0.02417078023,-0.10064521,-11.588,-33.21
new20x20,shortest_path,Expected,0.01,400,case03,FPP-SAA-fpp_base,FPP-Branch-Benders-ProjectedPathLLBI-exp-RootCuts,FPP-SAA,FPP-Branch-Benders-ProjectedPathLLBI-exp-RootCuts,FPP-SAA-fpp_base,-13.4875,-9.307340637,-1775.721378,0.01364539608,-0.10109331,-11.588,-33.21
new20x20,shortest_path,Expected,0.01,400,case03,FPP-SAA-fpp_base,FPP-Branch-Benders-RootCuts,FPP-SAA,FPP-Branch-Benders-RootCuts,FPP-SAA-fpp_base,-13.4875,-9.307340637,-1766.119899,0.01897870086,-0.10160873,-11.588,-33.21
new20x20,shortest_path,Expected,0.01,400,case03,FPP-SAA-fpp_base,FPP-Branch-Benders-Combinatorial,FPP-SAA,FPP-Branch-Benders-Combinatorial,FPP-SAA-fpp_base,-13.4875,-9.307340637,-1754.053348,0.02568127164,-0.10160873,-11.588,-33.21
new20x20,shortest_path,MeanCVaR,0.01,400,case03,FPP-SAA-fpp_base,FPP-Branch-Benders-MeanCVaR-LLBI-RootCuts,FPP-SAA-MeanCVaR,FPP-Branch-Benders-LLBI-RootCuts,FPP-SAA-fpp_base,-10.4825,-4.948280847,-1659.899266,0.07811293099,-0.1048513,-1.821,-10.38
new20x20,shortest_path,MeanCVaR,0.01,400,case03,FPP-SAA-fpp_base,FPP-Branch-Benders-MeanCVaR-ProjectedCoverageLLBI-exp-RootCuts,FPP-SAA-MeanCVaR,FPP-Branch-Benders-ProjectedCoverageLLBI-exp-RootCuts,FPP-SAA-fpp_base,-10.4825,-4.948280847,-1686.72565,0.0632138966,-0.10577987,-1.821,-10.38
new20x20,shortest_path,MeanCVaR,0.01,400,case03,FPP-SAA-fpp_base,FPP-Branch-Benders-MeanCVaR-ProjectedPathLLBI-exp-RootCuts,FPP-SAA-MeanCVaR,FPP-Branch-Benders-ProjectedPathLLBI-exp-RootCuts,FPP-SAA-fpp_base,-10.4825,-4.948280847,-1774.505513,0.01446207012,-0.10512828,-1.821,-10.38
new20x20,shortest_path,MeanCVaR,0.01,400,case03,FPP-SAA-fpp_base,FPP-Branch-Benders-MeanCVaR-RootCuts,FPP-SAA-MeanCVaR,FPP-Branch-Benders-RootCuts,FPP-SAA-fpp_base,-10.4825,-4.948280847,-1632.927661,0.09309261924,-0.10484464,-1.821,-10.38
new20x20,shortest_path,MeanCVaR,0.01,400,case03,FPP-SAA-fpp_base,FPP-Branch-Benders-Combinatorial-MeanCVaR,FPP-SAA-MeanCVaR,FPP-Branch-Benders-Combinatorial,FPP-SAA-fpp_base,-10.4825,-4.948280847,-1548.825102,0.1398021177,-0.10563769,-1.821,-10.38
new20x20,shortest_path,CVaR,0.01,400,case04,FPP-SAA-fpp_base,FPP-Branch-Benders-CVaR-LLBI-RootCuts,FPP-SAA-CVaR,FPP-Branch-Benders-LLBI-RootCuts,FPP-SAA-fpp_base,-2797.6,-91.29952353,-1746.967239,0.02968268204,-0.99910862,-114.569,-132.18
new20x20,shortest_path,CVaR,0.01,400,case04,FPP-SAA-fpp_base,FPP-Branch-Benders-CVaR-ProjectedCoverageLLBI-exp-RootCuts,FPP-SAA-CVaR,FPP-Branch-Benders-ProjectedCoverageLLBI-exp-RootCuts,FPP-SAA-fpp_base,-2797.6,-91.29952353,-1741.791694,0.03255733286,-0.99900342,-114.569,-132.18
new20x20,shortest_path,CVaR,0.01,400,case04,FPP-SAA-fpp_base,FPP-Branch-Benders-CVaR-ProjectedPathLLBI-exp-RootCuts,FPP-SAA-CVaR,FPP-Branch-Benders-ProjectedPathLLBI-exp-RootCuts,FPP-SAA-fpp_base,-2797.6,-91.29952353,-1637.323557,0.09058202904,-0.99906916,-114.569,-132.18
new20x20,shortest_path,CVaR,0.01,400,case04,FPP-SAA-fpp_base,FPP-Branch-Benders-CVaR-RootCuts,FPP-SAA-CVaR,FPP-Branch-Benders-RootCuts,FPP-SAA-fpp_base,-2797.6,-91.29952353,-1744.244961,0.03119471609,-0.99905291,-114.569,-132.18
new20x20,shortest_path,CVaR,0.01,400,case04,FPP-SAA-fpp_base,FPP-Branch-Benders-Combinatorial-CVaR,FPP-SAA-CVaR,FPP-Branch-Benders-Combinatorial,FPP-SAA-fpp_base,-2797.6,-91.29952353,-1043.373537,0.420479452,-1,-114.569,-132.18
new20x20,shortest_path,Expected,0.01,400,case04,FPP-SAA-fpp_base,FPP-Branch-Benders-LLBI-RootCuts,FPP-SAA,FPP-Branch-Benders-LLBI-RootCuts,FPP-SAA-fpp_base,0,0,-854.7488111,0.06143727069,0.00092606,0,0
new20x20,shortest_path,Expected,0.01,400,case04,FPP-SAA-fpp_base,FPP-Branch-Benders-ProjectedCoverageLLBI-exp-RootCuts,FPP-SAA,FPP-Branch-Benders-ProjectedCoverageLLBI-exp-RootCuts,FPP-SAA-fpp_base,0,0,-790.723317,0.1317408988,0,0,0
new20x20,shortest_path,Expected,0.01,400,case04,FPP-SAA-fpp_base,FPP-Branch-Benders-ProjectedPathLLBI-exp-RootCuts,FPP-SAA,FPP-Branch-Benders-ProjectedPathLLBI-exp-RootCuts,FPP-SAA-fpp_base,0,0,-875.1125034,0.03907678027,0.00060806,0,0
new20x20,shortest_path,Expected,0.01,400,case04,FPP-SAA-fpp_base,FPP-Branch-Benders-RootCuts,FPP-SAA,FPP-Branch-Benders-RootCuts,FPP-SAA-fpp_base,0,0,-882.0233042,0.0314883286,0,0,0
new20x20,shortest_path,Expected,0.01,400,case04,FPP-SAA-fpp_base,FPP-Branch-Benders-Combinatorial,FPP-SAA,FPP-Branch-Benders-Combinatorial,FPP-SAA-fpp_base,0,0,-845.1301795,0.07199907438,0.00029397,0,0
new20x20,shortest_path,MeanCVaR,0.01,400,case04,FPP-SAA-fpp_base,FPP-Branch-Benders-MeanCVaR-LLBI-RootCuts,FPP-SAA-MeanCVaR,FPP-Branch-Benders-LLBI-RootCuts,FPP-SAA-fpp_base,-1460.71625,-87.7143745,-1751.601374,0.02707043656,-0.99870886,-122.104,-130.54
new20x20,shortest_path,MeanCVaR,0.01,400,case04,FPP-SAA-fpp_base,FPP-Branch-Benders-MeanCVaR-ProjectedCoverageLLBI-exp-RootCuts,FPP-SAA-MeanCVaR,FPP-Branch-Benders-ProjectedCoverageLLBI-exp-RootCuts,FPP-SAA-fpp_base,-1460.71625,-87.7143745,-1741.175766,0.03286135564,-0.99878724,-122.104,-130.54
new20x20,shortest_path,MeanCVaR,0.01,400,case04,FPP-SAA-fpp_base,FPP-Branch-Benders-MeanCVaR-ProjectedPathLLBI-exp-RootCuts,FPP-SAA-MeanCVaR,FPP-Branch-Benders-ProjectedPathLLBI-exp-RootCuts,FPP-SAA-fpp_base,-1460.71625,-87.7143745,-1767.261076,0.01837223185,-0.99878508,-122.104,-130.54
new20x20,shortest_path,MeanCVaR,0.01,400,case04,FPP-SAA-fpp_base,FPP-Branch-Benders-MeanCVaR-RootCuts,FPP-SAA-MeanCVaR,FPP-Branch-Benders-RootCuts,FPP-SAA-fpp_base,-1460.71625,-87.7143745,-1750.267292,0.02781145419,-0.99872398,-122.104,-130.54
new20x20,shortest_path,MeanCVaR,0.01,400,case04,FPP-SAA-fpp_base,FPP-Branch-Benders-Combinatorial-MeanCVaR,FPP-SAA-MeanCVaR,FPP-Branch-Benders-Combinatorial,FPP-SAA-fpp_base,-1460.71625,-87.7143745,-1389.72031,0.2280778066,-0.99929342,-122.104,-130.54
new20x20,shortest_path,CVaR,0.02,400,case00,FPP-SAA-fpp_base,FPP-Branch-Benders-CVaR-LLBI-RootCuts,FPP-SAA-CVaR,FPP-Branch-Benders-LLBI-RootCuts,FPP-SAA-fpp_base,-2790.25,-93.66240916,1.97604852,1.001097526,-0.87955751,-156.246,-198.17
new20x20,shortest_path,CVaR,0.02,400,case00,FPP-SAA-fpp_base,FPP-Branch-Benders-CVaR-ProjectedCoverageLLBI-exp-RootCuts,FPP-SAA-CVaR,FPP-Branch-Benders-ProjectedCoverageLLBI-exp-RootCuts,FPP-SAA-fpp_base,-2791.775,-93.71359997,48.42724335,1.026897198,-0.91390156,-156.364,-204.05
new20x20,shortest_path,CVaR,0.02,400,case00,FPP-SAA-fpp_base,FPP-Branch-Benders-CVaR-ProjectedPathLLBI-exp-RootCuts,FPP-SAA-CVaR,FPP-Branch-Benders-ProjectedPathLLBI-exp-RootCuts,FPP-SAA-fpp_base,-2791.775,-93.71359997,3.28441459,1.001824212,-0.93991218,-156.364,-204.05
new20x20,shortest_path,CVaR,0.02,400,case00,FPP-SAA-fpp_base,FPP-Branch-Benders-CVaR-RootCuts,FPP-SAA-CVaR,FPP-Branch-Benders-RootCuts,FPP-SAA-fpp_base,-2789.675,-93.6431077,1.08197337,1.000600944,-0.88036346,-160.049,-208.27
new20x20,shortest_path,CVaR,0.02,400,case00,FPP-SAA-fpp_base,FPP-Branch-Benders-Combinatorial-CVaR,FPP-SAA-CVaR,FPP-Branch-Benders-Combinatorial,FPP-SAA-fpp_base,-2791.65,-93.709404,31.84508625,1.017687226,-0.94200042,-157.596,-204.86
new20x20,shortest_path,Expected,0.02,400,case00,FPP-SAA-fpp_base,FPP-Branch-Benders-LLBI-RootCuts,FPP-SAA,FPP-Branch-Benders-LLBI-RootCuts,FPP-SAA-fpp_base,0,0,443.7301076,1.326630711,0.01548637,0,0
new20x20,shortest_path,Expected,0.02,400,case00,FPP-SAA-fpp_base,FPP-Branch-Benders-ProjectedCoverageLLBI-exp-RootCuts,FPP-SAA,FPP-Branch-Benders-ProjectedCoverageLLBI-exp-RootCuts,FPP-SAA-fpp_base,0.1125,0.1233958539,485.9110256,1.357680178,0.01355241,1.046,-4.54
new20x20,shortest_path,Expected,0.02,400,case00,FPP-SAA-fpp_base,FPP-Branch-Benders-ProjectedPathLLBI-exp-RootCuts,FPP-SAA,FPP-Branch-Benders-ProjectedPathLLBI-exp-RootCuts,FPP-SAA-fpp_base,0,0,-1095.075085,0.1939128136,0.00099913,0,0
new20x20,shortest_path,Expected,0.02,400,case00,FPP-SAA-fpp_base,FPP-Branch-Benders-RootCuts,FPP-SAA,FPP-Branch-Benders-RootCuts,FPP-SAA-fpp_base,0,0,445.3079157,1.327792139,0.02902349,0,0
new20x20,shortest_path,Expected,0.02,400,case00,FPP-SAA-fpp_base,FPP-Branch-Benders-Combinatorial,FPP-SAA,FPP-Branch-Benders-Combinatorial,FPP-SAA-fpp_base,0,0,-1263.106588,0.07022445382,0,0,0
new20x20,shortest_path,MeanCVaR,0.02,400,case00,FPP-SAA-fpp_base,FPP-Branch-Benders-MeanCVaR-LLBI-RootCuts,FPP-SAA-MeanCVaR,FPP-Branch-Benders-LLBI-RootCuts,FPP-SAA-fpp_base,-40.1475,-22.03197991,1.88397778,1.00104645,-0.18319252,-18.132,-55.54
new20x20,shortest_path,MeanCVaR,0.02,400,case00,FPP-SAA-fpp_base,FPP-Branch-Benders-MeanCVaR-ProjectedCoverageLLBI-exp-RootCuts,FPP-SAA-MeanCVaR,FPP-Branch-Benders-ProjectedCoverageLLBI-exp-RootCuts,FPP-SAA-fpp_base,-40.96375,-22.47991823,59.37158635,1.032977769,-0.2139655,-18.816,-61.5
new20x20,shortest_path,MeanCVaR,0.02,400,case00,FPP-SAA-fpp_base,FPP-Branch-Benders-MeanCVaR-ProjectedPathLLBI-exp-RootCuts,FPP-SAA-MeanCVaR,FPP-Branch-Benders-ProjectedPathLLBI-exp-RootCuts,FPP-SAA-fpp_base,-40.79375,-22.38662633,3.48321417,1.001934741,-0.25464519,-19.214,-62.53
new20x20,shortest_path,MeanCVaR,0.02,400,case00,FPP-SAA-fpp_base,FPP-Branch-Benders-MeanCVaR-RootCuts,FPP-SAA-MeanCVaR,FPP-Branch-Benders-RootCuts,FPP-SAA-fpp_base,-39.7775,-21.82893284,1.10547346,1.000614032,-0.19905333,-17.687,-56.31
new20x20,shortest_path,MeanCVaR,0.02,400,case00,FPP-SAA-fpp_base,FPP-Branch-Benders-Combinatorial-MeanCVaR,FPP-SAA-MeanCVaR,FPP-Branch-Benders-Combinatorial,FPP-SAA-fpp_base,-40.96375,-22.47991823,35.04732265,1.01946693,-0.25198774,-18.816,-61.5
new20x20,shortest_path,CVaR,0.02,400,case01,FPP-SAA-fpp_base,FPP-Branch-Benders-CVaR-LLBI-RootCuts,FPP-SAA-CVaR,FPP-Branch-Benders-LLBI-RootCuts,FPP-SAA-fpp_base,-2744.125,-93.32250742,5.68617634,1.0031582,-0.84611416,-147.054,-197.05
new20x20,shortest_path,CVaR,0.02,400,case01,FPP-SAA-fpp_base,FPP-Branch-Benders-CVaR-ProjectedCoverageLLBI-exp-RootCuts,FPP-SAA-CVaR,FPP-Branch-Benders-ProjectedCoverageLLBI-exp-RootCuts,FPP-SAA-fpp_base,-2752.725,-93.61497717,17.74105218,1.009853684,-0.92487255,-150.789,-207.65
new20x20,shortest_path,CVaR,0.02,400,case01,FPP-SAA-fpp_base,FPP-Branch-Benders-CVaR-ProjectedPathLLBI-exp-RootCuts,FPP-SAA-CVaR,FPP-Branch-Benders-ProjectedPathLLBI-exp-RootCuts,FPP-SAA-fpp_base,-2752.225,-93.59797312,8.78298266,1.004878219,-0.93091547,-149.083,-201.92
new20x20,shortest_path,CVaR,0.02,400,case01,FPP-SAA-fpp_base,FPP-Branch-Benders-CVaR-RootCuts,FPP-SAA-CVaR,FPP-Branch-Benders-RootCuts,FPP-SAA-fpp_base,-2743.05,-93.2859487,4.51105219,1.002505516,-0.82816201,-145.319,-192.46
new20x20,shortest_path,CVaR,0.02,400,case01,FPP-SAA-fpp_base,FPP-Branch-Benders-Combinatorial-CVaR,FPP-SAA-CVaR,FPP-Branch-Benders-Combinatorial,FPP-SAA-fpp_base,-2748.125,-93.45853986,73.43198278,1.040785381,-0.89539954,-157.337,-202.06
new20x20,shortest_path,Expected,0.02,400,case01,FPP-SAA-fpp_base,FPP-Branch-Benders-LLBI-RootCuts,FPP-SAA,FPP-Branch-Benders-LLBI-RootCuts,FPP-SAA-fpp_base,0.745,0.8084644601,1246.37232,3.230750997,0.04515582,1.248,3.87
new20x20,shortest_path,Expected,0.02,400,case01,FPP-SAA-fpp_base,FPP-Branch-Benders-ProjectedCoverageLLBI-exp-RootCuts,FPP-SAA,FPP-Branch-Benders-ProjectedCoverageLLBI-exp-RootCuts,FPP-SAA-fpp_base,0.1875,0.203472599,1280.161623,3.291226922,0.01079503,0.591,1.03
new20x20,shortest_path,Expected,0.02,400,case01,FPP-SAA-fpp_base,FPP-Branch-Benders-ProjectedPathLLBI-exp-RootCuts,FPP-SAA,FPP-Branch-Benders-ProjectedPathLLBI-exp-RootCuts,FPP-SAA-fpp_base,0,0,393.7410571,1.704715791,0.00081,0,0
new20x20,shortest_path,Expected,0.02,400,case01,FPP-SAA-fpp_base,FPP-Branch-Benders-RootCuts,FPP-SAA,FPP-Branch-Benders-RootCuts,FPP-SAA-fpp_base,0.1875,0.203472599,1246.418662,3.230833938,0.03177295,0.591,1.03
new20x20,shortest_path,Expected,0.02,400,case01,FPP-SAA-fpp_base,FPP-Branch-Benders-Combinatorial,FPP-SAA,FPP-Branch-Benders-Combinatorial,FPP-SAA-fpp_base,0,0,-273.9061911,0.5097640577,-0.00018991,0,0
new20x20,shortest_path,MeanCVaR,0.02,400,case01,FPP-SAA-fpp_base,FPP-Branch-Benders-MeanCVaR-LLBI-RootCuts,FPP-SAA-MeanCVaR,FPP-Branch-Benders-LLBI-RootCuts,FPP-SAA-fpp_base,-1451.74875,-90.89051495,6.86075049,1.003810839,-0.8724701,-153.518,-203.73
new20x20,shortest_path,MeanCVaR,0.02,400,case01,FPP-SAA-fpp_base,FPP-Branch-Benders-MeanCVaR-ProjectedCoverageLLBI-exp-RootCuts,FPP-SAA-MeanCVaR,FPP-Branch-Benders-ProjectedCoverageLLBI-exp-RootCuts,FPP-SAA-fpp_base,-1454.01125,-91.03216466,53.48844192,1.029710429,-0.92514642,-156.567,-200.95
new20x20,shortest_path,MeanCVaR,0.02,400,case01,FPP-SAA-fpp_base,FPP-Branch-Benders-MeanCVaR-ProjectedPathLLBI-exp-RootCuts,FPP-SAA-MeanCVaR,FPP-Branch-Benders-ProjectedPathLLBI-exp-RootCuts,FPP-SAA-fpp_base,-1454.01125,-91.03216466,9.94859499,1.005525998,-0.93826153,-156.567,-200.95
new20x20,shortest_path,MeanCVaR,0.02,400,case01,FPP-SAA-fpp_base,FPP-Branch-Benders-MeanCVaR-RootCuts,FPP-SAA-MeanCVaR,FPP-Branch-Benders-RootCuts,FPP-SAA-fpp_base,-1451.34375,-90.86515887,3.95623674,1.002197512,-0.87459489,-156.025,-204.81
new20x20,shortest_path,MeanCVaR,0.02,400,case01,FPP-SAA-fpp_base,FPP-Branch-Benders-Combinatorial-MeanCVaR,FPP-SAA-MeanCVaR,FPP-Branch-Benders-Combinatorial,FPP-SAA-fpp_base,-1453.02375,-90.97033965,110.2072019,1.061215154,-0.93644603,-150.789,-207.65
new20x20,shortest_path,CVaR,0.02,400,case02,FPP-SAA-fpp_base,FPP-Branch-Benders-CVaR-LLBI-RootCuts,FPP-SAA-CVaR,FPP-Branch-Benders-LLBI-RootCuts,FPP-SAA-fpp_base,-197.075,-51.72572178,1.95405278,1.001085486,-0.50863922,-45.079,-101.28
new20x20,shortest_path,CVaR,0.02,400,case02,FPP-SAA-fpp_base,FPP-Branch-Benders-CVaR-ProjectedCoverageLLBI-exp-RootCuts,FPP-SAA-CVaR,FPP-Branch-Benders-ProjectedCoverageLLBI-exp-RootCuts,FPP-SAA-fpp_base,-195.875,-51.41076115,18.62191228,1.010344564,-0.51670411,-44.443,-98.95
new20x20,shortest_path,CVaR,0.02,400,case02,FPP-SAA-fpp_base,FPP-Branch-Benders-CVaR-ProjectedPathLLBI-exp-RootCuts,FPP-SAA-CVaR,FPP-Branch-Benders-ProjectedPathLLBI-exp-RootCuts,FPP-SAA-fpp_base,-197.075,-51.72572178,3.2325286,1.001795686,-0.53131477,-45.084,-101.14
new20x20,shortest_path,CVaR,0.02,400,case02,FPP-SAA-fpp_base,FPP-Branch-Benders-CVaR-RootCuts,FPP-SAA-CVaR,FPP-Branch-Benders-RootCuts,FPP-SAA-fpp_base,-191.875,-50.36089239,1.41950637,1.000788543,-0.44542362,-40.221,-93.5
new20x20,shortest_path,CVaR,0.02,400,case02,FPP-SAA-fpp_base,FPP-Branch-Benders-Combinatorial-CVaR,FPP-SAA-CVaR,FPP-Branch-Benders-Combinatorial,FPP-SAA-fpp_base,-197.075,-51.72572178,33.71944268,1.018731316,-0.54151934,-45.084,-101.14
new20x20,shortest_path,Expected,0.02,400,case02,FPP-SAA-fpp_base,FPP-Branch-Benders-LLBI-RootCuts,FPP-SAA,FPP-Branch-Benders-LLBI-RootCuts,FPP-SAA-fpp_base,0,0,340.0630655,1.232581687,0.01313883,0,0
new20x20,shortest_path,Expected,0.02,400,case02,FPP-SAA-fpp_base,FPP-Branch-Benders-ProjectedCoverageLLBI-exp-RootCuts,FPP-SAA,FPP-Branch-Benders-ProjectedCoverageLLBI-exp-RootCuts,FPP-SAA-fpp_base,0,0,-858.2917632,0.4129825706,0.00098179,0,0
new20x20,shortest_path,Expected,0.02,400,case02,FPP-SAA-fpp_base,FPP-Branch-Benders-ProjectedPathLLBI-exp-RootCuts,FPP-SAA,FPP-Branch-Benders-ProjectedPathLLBI-exp-RootCuts,FPP-SAA-fpp_base,0,0,-1194.205095,0.183239039,0.00099063,0,0
new20x20,shortest_path,Expected,0.02,400,case02,FPP-SAA-fpp_base,FPP-Branch-Benders-RootCuts,FPP-SAA,FPP-Branch-Benders-RootCuts,FPP-SAA-fpp_base,1.035,1.088871939,342.680329,1.234371731,0.04800394,2.745,5.45
new20x20,shortest_path,Expected,0.02,400,case02,FPP-SAA-fpp_base,FPP-Branch-Benders-Combinatorial,FPP-SAA,FPP-Branch-Benders-Combinatorial,FPP-SAA-fpp_base,0,0,-1371.118793,0.06224122897,0,0,0
new20x20,shortest_path,MeanCVaR,0.02,400,case02,FPP-SAA-fpp_base,FPP-Branch-Benders-MeanCVaR-LLBI-RootCuts,FPP-SAA-MeanCVaR,FPP-Branch-Benders-LLBI-RootCuts,FPP-SAA-fpp_base,-64.9925,-31.20139222,2.23708711,1.001242741,-0.26842962,-39.716,-81.72
new20x20,shortest_path,MeanCVaR,0.02,400,case02,FPP-SAA-fpp_base,FPP-Branch-Benders-MeanCVaR-ProjectedCoverageLLBI-exp-RootCuts,FPP-SAA-MeanCVaR,FPP-Branch-Benders-ProjectedCoverageLLBI-exp-RootCuts,FPP-SAA-fpp_base,-64.54125,-30.98475756,50.33902557,1.02796422,-0.28385335,-40.365,-81.42
new20x20,shortest_path,MeanCVaR,0.02,400,case02,FPP-SAA-fpp_base,FPP-Branch-Benders-MeanCVaR-ProjectedPathLLBI-exp-RootCuts,FPP-SAA-MeanCVaR,FPP-Branch-Benders-ProjectedPathLLBI-exp-RootCuts,FPP-SAA-fpp_base,-65.7325,-31.55664906,13.33948016,1.007410317,-0.31697761,-39.767,-83.69
new20x20,shortest_path,MeanCVaR,0.02,400,case02,FPP-SAA-fpp_base,FPP-Branch-Benders-MeanCVaR-RootCuts,FPP-SAA-MeanCVaR,FPP-Branch-Benders-RootCuts,FPP-SAA-fpp_base,-64.53,-30.9793567,1.4602103,1.000811173,-0.28617508,-44.789,-88.63
new20x20,shortest_path,MeanCVaR,0.02,400,case02,FPP-SAA-fpp_base,FPP-Branch-Benders-Combinatorial-MeanCVaR,FPP-SAA-MeanCVaR,FPP-Branch-Benders-Combinatorial,FPP-SAA-fpp_base,-66.0375,-31.70307249,34.03845122,1.018908962,-0.33318037,-41.006,-84.06
new20x20,shortest_path,CVaR,0.02,400,case03,FPP-SAA-fpp_base,FPP-Branch-Benders-CVaR-LLBI-RootCuts,FPP-SAA-CVaR,FPP-Branch-Benders-LLBI-RootCuts,FPP-SAA-fpp_base,-177.2,-47.6344086,5.73105815,1.003183215,-0.41816239,-8.699,-45.63
new20x20,shortest_path,CVaR,0.02,400,case03,FPP-SAA-fpp_base,FPP-Branch-Benders-CVaR-ProjectedCoverageLLBI-exp-RootCuts,FPP-SAA-CVaR,FPP-Branch-Benders-ProjectedCoverageLLBI-exp-RootCuts,FPP-SAA-fpp_base,-180.625,-48.55510753,18.41167193,1.010226437,-0.45905046,-14.508,-49.12
new20x20,shortest_path,CVaR,0.02,400,case03,FPP-SAA-fpp_base,FPP-Branch-Benders-CVaR-ProjectedPathLLBI-exp-RootCuts,FPP-SAA-CVaR,FPP-Branch-Benders-ProjectedPathLLBI-exp-RootCuts,FPP-SAA-fpp_base,-180.625,-48.55510753,6.80570446,1.003780108,-0.47278408,-14.508,-49.12
new20x20,shortest_path,CVaR,0.02,400,case03,FPP-SAA-fpp_base,FPP-Branch-Benders-CVaR-RootCuts,FPP-SAA-CVaR,FPP-Branch-Benders-RootCuts,FPP-SAA-fpp_base,-179.2,-48.17204301,0.96028825,1.000533375,-0.43516967,-8.936,-36.61
new20x20,shortest_path,CVaR,0.02,400,case03,FPP-SAA-fpp_base,FPP-Branch-Benders-Combinatorial-CVaR,FPP-SAA-CVaR,FPP-Branch-Benders-Combinatorial,FPP-SAA-fpp_base,-179.1,-48.14516129,34.45869473,1.019139472,-0.45624471,-13.417,-48.82
new20x20,shortest_path,Expected,0.02,400,case03,FPP-SAA-fpp_base,FPP-Branch-Benders-LLBI-RootCuts,FPP-SAA,FPP-Branch-Benders-LLBI-RootCuts,FPP-SAA-fpp_base,0,0,434.941865,1.318138232,0.0359074,0,0
new20x20,shortest_path,Expected,0.02,400,case03,FPP-SAA-fpp_base,FPP-Branch-Benders-ProjectedCoverageLLBI-exp-RootCuts,FPP-SAA,FPP-Branch-Benders-ProjectedCoverageLLBI-exp-RootCuts,FPP-SAA-fpp_base,0,0,483.3339617,1.353534631,0.01197908,0,0
new20x20,shortest_path,Expected,0.02,400,case03,FPP-SAA-fpp_base,FPP-Branch-Benders-ProjectedPathLLBI-exp-RootCuts,FPP-SAA,FPP-Branch-Benders-ProjectedPathLLBI-exp-RootCuts,FPP-SAA-fpp_base,0,0,-179.7214668,0.8685427313,0.00099504,0,0
new20x20,shortest_path,Expected,0.02,400,case03,FPP-SAA-fpp_base,FPP-Branch-Benders-RootCuts,FPP-SAA,FPP-Branch-Benders-RootCuts,FPP-SAA-fpp_base,0,0,434.2372453,1.317622837,0.00908601,0,0
new20x20,shortest_path,Expected,0.02,400,case03,FPP-SAA-fpp_base,FPP-Branch-Benders-Combinatorial,FPP-SAA,FPP-Branch-Benders-Combinatorial,FPP-SAA-fpp_base,0,0,-1273.755053,0.06831185382,0,0,0
new20x20,shortest_path,MeanCVaR,0.02,400,case03,FPP-SAA-fpp_base,FPP-Branch-Benders-MeanCVaR-LLBI-RootCuts,FPP-SAA-MeanCVaR,FPP-Branch-Benders-LLBI-RootCuts,FPP-SAA-fpp_base,0.1625,0.1103162683,6.37278986,1.003540089,0.02738413,-3.26,-4.39
new20x20,shortest_path,MeanCVaR,0.02,400,case03,FPP-SAA-fpp_base,FPP-Branch-Benders-MeanCVaR-ProjectedCoverageLLBI-exp-RootCuts,FPP-SAA-MeanCVaR,FPP-Branch-Benders-ProjectedCoverageLLBI-exp-RootCuts,FPP-SAA-fpp_base,-1.9925,-1.352647166,49.51126077,1.027503538,-0.02029143,-4.104,3.93
new20x20,shortest_path,MeanCVaR,0.02,400,case03,FPP-SAA-fpp_base,FPP-Branch-Benders-MeanCVaR-ProjectedPathLLBI-exp-RootCuts,FPP-SAA-MeanCVaR,FPP-Branch-Benders-ProjectedPathLLBI-exp-RootCuts,FPP-SAA-fpp_base,-2.55625,-1.735359758,11.37271314,1.00631755,-0.02960304,-2.163,-5.23
new20x20,shortest_path,MeanCVaR,0.02,400,case03,FPP-SAA-fpp_base,FPP-Branch-Benders-MeanCVaR-RootCuts,FPP-SAA-MeanCVaR,FPP-Branch-Benders-RootCuts,FPP-SAA-fpp_base,-1.9925,-1.352647166,4.243116,1.002357054,0.01178267,-4.104,3.93
new20x20,shortest_path,MeanCVaR,0.02,400,case03,FPP-SAA-fpp_base,FPP-Branch-Benders-Combinatorial-MeanCVaR,FPP-SAA-MeanCVaR,FPP-Branch-Benders-Combinatorial,FPP-SAA-fpp_base,-0.00375,-0.002545760037,122.6162542,1.06811341,-0.02187987,-3.996,-0.04
new20x20,shortest_path,CVaR,0.02,400,case04,FPP-SAA-fpp_base,FPP-Branch-Benders-CVaR-LLBI-RootCuts,FPP-SAA-CVaR,FPP-Branch-Benders-LLBI-RootCuts,FPP-SAA-fpp_base,-2870.75,-93.68676979,5.7821325,1.003211787,-0.85873639,-157.553,-200.97
new20x20,shortest_path,CVaR,0.02,400,case04,FPP-SAA-fpp_base,FPP-Branch-Benders-CVaR-ProjectedCoverageLLBI-exp-RootCuts,FPP-SAA-CVaR,FPP-Branch-Benders-ProjectedCoverageLLBI-exp-RootCuts,FPP-SAA-fpp_base,-2877.475,-93.9062398,17.87804688,1.009930675,-0.91620452,-159.24,-208.74
new20x20,shortest_path,CVaR,0.02,400,case04,FPP-SAA-fpp_base,FPP-Branch-Benders-CVaR-ProjectedPathLLBI-exp-RootCuts,FPP-SAA-CVaR,FPP-Branch-Benders-ProjectedPathLLBI-exp-RootCuts,FPP-SAA-fpp_base,-2877.475,-93.9062398,3.20607019,1.001780868,-0.93041225,-159.24,-208.74
new20x20,shortest_path,CVaR,0.02,400,case04,FPP-SAA-fpp_base,FPP-Branch-Benders-CVaR-RootCuts,FPP-SAA-CVaR,FPP-Branch-Benders-RootCuts,FPP-SAA-fpp_base,-2871.875,-93.72348411,1.35988349,1.000755371,-0.86921431,-149.881,-204.98
new20x20,shortest_path,CVaR,0.02,400,case04,FPP-SAA-fpp_base,FPP-Branch-Benders-Combinatorial-CVaR,FPP-SAA-CVaR,FPP-Branch-Benders-Combinatorial,FPP-SAA-fpp_base,-2877.425,-93.90460805,86.41384156,1.048000084,-0.94093249,-159.887,-209.1
new20x20,shortest_path,Expected,0.02,400,case04,FPP-SAA-fpp_base,FPP-Branch-Benders-LLBI-RootCuts,FPP-SAA,FPP-Branch-Benders-LLBI-RootCuts,FPP-SAA-fpp_base,0,0,940.8202175,2.885443341,0.00099782,0,0
new20x20,shortest_path,Expected,0.02,400,case04,FPP-SAA-fpp_base,FPP-Branch-Benders-ProjectedCoverageLLBI-exp-RootCuts,FPP-SAA,FPP-Branch-Benders-ProjectedCoverageLLBI-exp-RootCuts,FPP-SAA-fpp_base,0,0,-132.0005639,0.7354653105,0.00099597,0,0
new20x20,shortest_path,Expected,0.02,400,case04,FPP-SAA-fpp_base,FPP-Branch-Benders-ProjectedPathLLBI-exp-RootCuts,FPP-SAA,FPP-Branch-Benders-ProjectedPathLLBI-exp-RootCuts,FPP-SAA-fpp_base,0,0,-238.7306282,0.5215737664,0.0009919,0,0
new20x20,shortest_path,Expected,0.02,400,case04,FPP-SAA-fpp_base,FPP-Branch-Benders-RootCuts,FPP-SAA,FPP-Branch-Benders-RootCuts,FPP-SAA-fpp_base,0,0,1181.013691,3.366801178,0.00099658,0,0
new20x20,shortest_path,Expected,0.02,400,case04,FPP-SAA-fpp_base,FPP-Branch-Benders-Combinatorial,FPP-SAA,FPP-Branch-Benders-Combinatorial,FPP-SAA-fpp_base,0,0,-384.6406056,0.2291640264,0,0,0
new20x20,shortest_path,MeanCVaR,0.02,400,case04,FPP-SAA-fpp_base,FPP-Branch-Benders-MeanCVaR-LLBI-RootCuts,FPP-SAA-MeanCVaR,FPP-Branch-Benders-LLBI-RootCuts,FPP-SAA-fpp_base,-9.01,-5.902149437,1.89712869,1.001053714,-0.03275597,-0.896,-19.69
new20x20,shortest_path,MeanCVaR,0.02,400,case04,FPP-SAA-fpp_base,FPP-Branch-Benders-MeanCVaR-ProjectedCoverageLLBI-exp-RootCuts,FPP-SAA-MeanCVaR,FPP-Branch-Benders-ProjectedCoverageLLBI-exp-RootCuts,FPP-SAA-fpp_base,-9.44125,-6.184646878,19.9649916,1.011089067,-0.07822319,0.464,-17.43
new20x20,shortest_path,MeanCVaR,0.02,400,case04,FPP-SAA-fpp_base,FPP-Branch-Benders-MeanCVaR-ProjectedPathLLBI-exp-RootCuts,FPP-SAA-MeanCVaR,FPP-Branch-Benders-ProjectedPathLLBI-exp-RootCuts,FPP-SAA-fpp_base,-9.13125,-5.981576254,10.38469318,1.005767924,-0.06851375,-0.416,-19.38
new20x20,shortest_path,MeanCVaR,0.02,400,case04,FPP-SAA-fpp_base,FPP-Branch-Benders-MeanCVaR-RootCuts,FPP-SAA-MeanCVaR,FPP-Branch-Benders-RootCuts,FPP-SAA-fpp_base,-8.5775,-5.618833163,1.07678108,1.000598072,-0.04693573,3.268,-13.6
new20x20,shortest_path,MeanCVaR,0.02,400,case04,FPP-SAA-fpp_base,FPP-Branch-Benders-Combinatorial-MeanCVaR,FPP-SAA-MeanCVaR,FPP-Branch-Benders-Combinatorial,FPP-SAA-fpp_base,-5.8,-3.799385875,107.8937822,1.059926966,-0.05316301,1.312,-14.11
new20x20,shortest_path,CVaR,0.03,400,case00,FPP-SAA-fpp_base,FPP-Branch-Benders-CVaR-LLBI-RootCuts,FPP-SAA-CVaR,FPP-Branch-Benders-LLBI-RootCuts,FPP-SAA-fpp_base,-216.85,-59.57417582,4.41019,1.002449623,-0.44117247,-27.075,-64.73
new20x20,shortest_path,CVaR,0.03,400,case00,FPP-SAA-fpp_base,FPP-Branch-Benders-CVaR-ProjectedCoverageLLBI-exp-RootCuts,FPP-SAA-CVaR,FPP-Branch-Benders-ProjectedCoverageLLBI-exp-RootCuts,FPP-SAA-fpp_base,-223.55,-61.41483516,18.71403604,1.010394638,-0.56011965,-27.62,-78.13
new20x20,shortest_path,CVaR,0.03,400,case00,FPP-SAA-fpp_base,FPP-Branch-Benders-CVaR-ProjectedPathLLBI-exp-RootCuts,FPP-SAA-CVaR,FPP-Branch-Benders-ProjectedPathLLBI-exp-RootCuts,FPP-SAA-fpp_base,-223.55,-61.41483516,3.00559689,1.001669447,-0.57272609,-27.62,-78.13
new20x20,shortest_path,CVaR,0.03,400,case00,FPP-SAA-fpp_base,FPP-Branch-Benders-CVaR-RootCuts,FPP-SAA-CVaR,FPP-Branch-Benders-RootCuts,FPP-SAA-fpp_base,-212.85,-58.47527473,0.96415154,1.000535534,-0.43421039,-25.656,-66.99
new20x20,shortest_path,CVaR,0.03,400,case00,FPP-SAA-fpp_base,FPP-Branch-Benders-Combinatorial-CVaR,FPP-SAA-CVaR,FPP-Branch-Benders-Combinatorial,FPP-SAA-fpp_base,-223.2,-61.31868132,42.86975191,1.023811836,-0.5996677,-27.724,-77.53
new20x20,shortest_path,Expected,0.03,400,case00,FPP-SAA-fpp_base,FPP-Branch-Benders-LLBI-RootCuts,FPP-SAA,FPP-Branch-Benders-LLBI-RootCuts,FPP-SAA-fpp_base,1.4325,2.00742713,1398.748504,4.462767361,0.12882249,0.511,7
new20x20,shortest_path,Expected,0.03,400,case00,FPP-SAA-fpp_base,FPP-Branch-Benders-ProjectedCoverageLLBI-exp-RootCuts,FPP-SAA,FPP-Branch-Benders-ProjectedCoverageLLBI-exp-RootCuts,FPP-SAA-fpp_base,0.135,0.1891816143,1438.949731,4.562290253,0.08623897,0.116,0.3
new20x20,shortest_path,Expected,0.03,400,case00,FPP-SAA-fpp_base,FPP-Branch-Benders-ProjectedPathLLBI-exp-RootCuts,FPP-SAA,FPP-Branch-Benders-ProjectedPathLLBI-exp-RootCuts,FPP-SAA-fpp_base,0,0,1399.496319,4.464618667,0.05131583,0,0
new20x20,shortest_path,Expected,0.03,400,case00,FPP-SAA-fpp_base,FPP-Branch-Benders-RootCuts,FPP-SAA,FPP-Branch-Benders-RootCuts,FPP-SAA-fpp_base,2.41,3.377242152,1397.535402,4.459764185,0.15663467,3.442,15.5
new20x20,shortest_path,Expected,0.03,400,case00,FPP-SAA-fpp_base,FPP-Branch-Benders-Combinatorial,FPP-SAA,FPP-Branch-Benders-Combinatorial,FPP-SAA-fpp_base,0,0,-175.5919304,0.5653014078,0.00021785,0,0
new20x20,shortest_path,MeanCVaR,0.03,400,case00,FPP-SAA-fpp_base,FPP-Branch-Benders-MeanCVaR-LLBI-RootCuts,FPP-SAA-MeanCVaR,FPP-Branch-Benders-LLBI-RootCuts,FPP-SAA-fpp_base,-49.38375,-30.88897576,2.08019388,1.001155459,-0.18969439,-25.326,-58.96
new20x20,shortest_path,MeanCVaR,0.03,400,case00,FPP-SAA-fpp_base,FPP-Branch-Benders-MeanCVaR-ProjectedCoverageLLBI-exp-RootCuts,FPP-SAA-MeanCVaR,FPP-Branch-Benders-ProjectedCoverageLLBI-exp-RootCuts,FPP-SAA-fpp_base,-49.0125,-30.6567631,19.96434463,1.011089341,-0.26083503,-25.474,-62.68
new20x20,shortest_path,MeanCVaR,0.03,400,case00,FPP-SAA-fpp_base,FPP-Branch-Benders-MeanCVaR-ProjectedPathLLBI-exp-RootCuts,FPP-SAA-MeanCVaR,FPP-Branch-Benders-ProjectedPathLLBI-exp-RootCuts,FPP-SAA-fpp_base,-50.8175,-31.78577013,3.4452618,1.001913696,-0.28670575,-20.513,-68.1
new20x20,shortest_path,MeanCVaR,0.03,400,case00,FPP-SAA-fpp_base,FPP-Branch-Benders-MeanCVaR-RootCuts,FPP-SAA-MeanCVaR,FPP-Branch-Benders-RootCuts,FPP-SAA-fpp_base,-46.7725,-29.25566849,1.45096086,1.000805947,-0.17169574,-20.058,-63.41
new20x20,shortest_path,MeanCVaR,0.03,400,case00,FPP-SAA-fpp_base,FPP-Branch-Benders-Combinatorial-MeanCVaR,FPP-SAA-MeanCVaR,FPP-Branch-Benders-Combinatorial,FPP-SAA-fpp_base,-50.4525,-31.55746677,98.3480781,1.054628157,-0.30718695,-25.522,-63.05
new20x20,shortest_path,CVaR,0.03,400,case01,FPP-SAA-fpp_base,FPP-Branch-Benders-CVaR-LLBI-RootCuts,FPP-SAA-CVaR,FPP-Branch-Benders-LLBI-RootCuts,FPP-SAA-fpp_base,-2789.775,-94.87497768,1.54479678,1.000857957,-0.6995201,-164.137,-230.35
new20x20,shortest_path,CVaR,0.03,400,case01,FPP-SAA-fpp_base,FPP-Branch-Benders-CVaR-ProjectedCoverageLLBI-exp-RootCuts,FPP-SAA-CVaR,FPP-Branch-Benders-ProjectedCoverageLLBI-exp-RootCuts,FPP-SAA-fpp_base,-2795.75,-95.07817615,18.83354463,1.010459873,-0.79978433,-169.335,-243.97
new20x20,shortest_path,CVaR,0.03,400,case01,FPP-SAA-fpp_base,FPP-Branch-Benders-CVaR-ProjectedPathLLBI-exp-RootCuts,FPP-SAA-CVaR,FPP-Branch-Benders-ProjectedPathLLBI-exp-RootCuts,FPP-SAA-fpp_base,-2797.725,-95.14534216,2.91444335,1.001618639,-0.83474564,-170.754,-250.44
new20x20,shortest_path,CVaR,0.03,400,case01,FPP-SAA-fpp_base,FPP-Branch-Benders-CVaR-RootCuts,FPP-SAA-CVaR,FPP-Branch-Benders-RootCuts,FPP-SAA-fpp_base,-2794.95,-95.05096966,4.10465134,1.002279663,-0.75304667,-172.521,-241.46
new20x20,shortest_path,CVaR,0.03,400,case01,FPP-SAA-fpp_base,FPP-Branch-Benders-Combinatorial-CVaR,FPP-SAA-CVaR,FPP-Branch-Benders-Combinatorial,FPP-SAA-fpp_base,-2785.875,-94.74234605,378.1738605,1.210032188,-0.74205145,-176.886,-239.54
new20x20,shortest_path,Expected,0.03,400,case01,FPP-SAA-fpp_base,FPP-Branch-Benders-LLBI-RootCuts,FPP-SAA,FPP-Branch-Benders-LLBI-RootCuts,FPP-SAA-fpp_base,2.24,3.092854677,1395.007357,4.425685166,0.14738071,1.112,2.22
new20x20,shortest_path,Expected,0.03,400,case01,FPP-SAA-fpp_base,FPP-Branch-Benders-ProjectedCoverageLLBI-exp-RootCuts,FPP-SAA,FPP-Branch-Benders-ProjectedCoverageLLBI-exp-RootCuts,FPP-SAA-fpp_base,1.5875,2.191922679,1445.43145,4.549510368,0.09509466,1.629,7.22
new20x20,shortest_path,Expected,0.03,400,case01,FPP-SAA-fpp_base,FPP-Branch-Benders-ProjectedPathLLBI-exp-RootCuts,FPP-SAA,FPP-Branch-Benders-ProjectedPathLLBI-exp-RootCuts,FPP-SAA-fpp_base,1.075,1.484294097,1395.854198,4.427764733,0.07384026,1.686,7.72
new20x20,shortest_path,Expected,0.03,400,case01,FPP-SAA-fpp_base,FPP-Branch-Benders-RootCuts,FPP-SAA,FPP-Branch-Benders-RootCuts,FPP-SAA-fpp_base,1.1725,1.61891612,1394.204897,4.423714585,0.12560838,0.406,-1
new20x20,shortest_path,Expected,0.03,400,case01,FPP-SAA-fpp_base,FPP-Branch-Benders-Combinatorial,FPP-SAA,FPP-Branch-Benders-Combinatorial,FPP-SAA-fpp_base,0,0,234.0423863,1.574732117,0.00067971,0,0
new20x20,shortest_path,MeanCVaR,0.03,400,case01,FPP-SAA-fpp_base,FPP-Branch-Benders-MeanCVaR-LLBI-RootCuts,FPP-SAA-MeanCVaR,FPP-Branch-Benders-LLBI-RootCuts,FPP-SAA-fpp_base,-50.46,-30.66079295,6.43699254,1.003574847,-0.16541645,-24.532,-64.52
new20x20,shortest_path,MeanCVaR,0.03,400,case01,FPP-SAA-fpp_base,FPP-Branch-Benders-MeanCVaR-ProjectedCoverageLLBI-exp-RootCuts,FPP-SAA-MeanCVaR,FPP-Branch-Benders-ProjectedCoverageLLBI-exp-RootCuts,FPP-SAA-fpp_base,-53.755,-32.66291964,53.66030132,1.029800776,-0.26547753,-27.81,-70.22
new20x20,shortest_path,MeanCVaR,0.03,400,case01,FPP-SAA-fpp_base,FPP-Branch-Benders-MeanCVaR-ProjectedPathLLBI-exp-RootCuts,FPP-SAA-MeanCVaR,FPP-Branch-Benders-ProjectedPathLLBI-exp-RootCuts,FPP-SAA-fpp_base,-54.73875,-33.26067143,3.46316799,1.001923304,-0.29580225,-31.324,-68.35
new20x20,shortest_path,MeanCVaR,0.03,400,case01,FPP-SAA-fpp_base,FPP-Branch-Benders-MeanCVaR-RootCuts,FPP-SAA-MeanCVaR,FPP-Branch-Benders-RootCuts,FPP-SAA-fpp_base,-51.25125,-31.14157679,1.03174232,1.000572988,-0.19142551,-26.868,-58.08
new20x20,shortest_path,MeanCVaR,0.03,400,case01,FPP-SAA-fpp_base,FPP-Branch-Benders-Combinatorial-MeanCVaR,FPP-SAA-MeanCVaR,FPP-Branch-Benders-Combinatorial,FPP-SAA-fpp_base,-53.02375,-32.21859335,93.06792141,1.051686185,-0.30253293,-31.442,-65.31
new20x20,shortest_path,CVaR,0.03,400,case02,FPP-SAA-fpp_base,FPP-Branch-Benders-CVaR-LLBI-RootCuts,FPP-SAA-CVaR,FPP-Branch-Benders-LLBI-RootCuts,FPP-SAA-fpp_base,-2979.95,-95.10504017,6.15779255,1.003419832,-0.72539952,-167.34,-235.62
new20x20,shortest_path,CVaR,0.03,400,case02,FPP-SAA-fpp_base,FPP-Branch-Benders-CVaR-ProjectedCoverageLLBI-exp-RootCuts,FPP-SAA-CVaR,FPP-Branch-Benders-ProjectedCoverageLLBI-exp-RootCuts,FPP-SAA-fpp_base,-2995.275,-95.59413722,18.25064088,1.010135795,-0.91590296,-171.501,-252.18
new20x20,shortest_path,CVaR,0.03,400,case02,FPP-SAA-fpp_base,FPP-Branch-Benders-CVaR-ProjectedPathLLBI-exp-RootCuts,FPP-SAA-CVaR,FPP-Branch-Benders-ProjectedPathLLBI-exp-RootCuts,FPP-SAA-fpp_base,-2994.85,-95.58057335,9.39872165,1.005219735,-0.93059148,-170.869,-251.12
new20x20,shortest_path,CVaR,0.03,400,case02,FPP-SAA-fpp_base,FPP-Branch-Benders-CVaR-RootCuts,FPP-SAA-CVaR,FPP-Branch-Benders-RootCuts,FPP-SAA-fpp_base,-2983.275,-95.21115748,0.94665499,1.00052574,-0.75423937,-169.813,-239.2
new20x20,shortest_path,CVaR,0.03,400,case02,FPP-SAA-fpp_base,FPP-Branch-Benders-Combinatorial-CVaR,FPP-SAA-CVaR,FPP-Branch-Benders-Combinatorial,FPP-SAA-fpp_base,-2994.65,-95.57419036,48.65458365,1.027021126,-0.92767229,-172.001,-249.6
new20x20,shortest_path,Expected,0.03,400,case02,FPP-SAA-fpp_base,FPP-Branch-Benders-LLBI-RootCuts,FPP-SAA,FPP-Branch-Benders-LLBI-RootCuts,FPP-SAA-fpp_base,1.9925,2.625510607,747.2809253,1.705565048,0.15711966,-0.914,-8.78
new20x20,shortest_path,Expected,0.03,400,case02,FPP-SAA-fpp_base,FPP-Branch-Benders-ProjectedCoverageLLBI-exp-RootCuts,FPP-SAA,FPP-Branch-Benders-ProjectedCoverageLLBI-exp-RootCuts,FPP-SAA-fpp_base,0.15,0.1976544999,758.6371248,1.716287305,0.08058178,-0.176,1.03
new20x20,shortest_path,Expected,0.03,400,case02,FPP-SAA-fpp_base,FPP-Branch-Benders-ProjectedPathLLBI-exp-RootCuts,FPP-SAA,FPP-Branch-Benders-ProjectedPathLLBI-exp-RootCuts,FPP-SAA-fpp_base,0.4025,0.5303729082,744.6416117,1.703073071,0.07515793,0.163,-1.75
new20x20,shortest_path,Expected,0.03,400,case02,FPP-SAA-fpp_base,FPP-Branch-Benders-RootCuts,FPP-SAA,FPP-Branch-Benders-RootCuts,FPP-SAA-fpp_base,1.4325,1.887600474,742.4331081,1.700987854,0.14470634,0.315,-1.01
new20x20,shortest_path,Expected,0.03,400,case02,FPP-SAA-fpp_base,FPP-Branch-Benders-Combinatorial,FPP-SAA,FPP-Branch-Benders-Combinatorial,FPP-SAA-fpp_base,0,0,-804.2016454,0.2406917483,0.00073385,0,0
new20x20,shortest_path,MeanCVaR,0.03,400,case02,FPP-SAA-fpp_base,FPP-Branch-Benders-MeanCVaR-LLBI-RootCuts,FPP-SAA-MeanCVaR,FPP-Branch-Benders-LLBI-RootCuts,FPP-SAA-fpp_base,-69.585,-38.03420263,4.56657665,1.002536815,-0.25436434,-31.431,-98.43
new20x20,shortest_path,MeanCVaR,0.03,400,case02,FPP-SAA-fpp_base,FPP-Branch-Benders-MeanCVaR-ProjectedCoverageLLBI-exp-RootCuts,FPP-SAA-MeanCVaR,FPP-Branch-Benders-ProjectedCoverageLLBI-exp-RootCuts,FPP-SAA-fpp_base,-70.59375,-38.58557149,35.89246662,1.01993891,-0.32826523,-32.019,-91.48
new20x20,shortest_path,MeanCVaR,0.03,400,case02,FPP-SAA-fpp_base,FPP-Branch-Benders-MeanCVaR-ProjectedPathLLBI-exp-RootCuts,FPP-SAA-MeanCVaR,FPP-Branch-Benders-ProjectedPathLLBI-exp-RootCuts,FPP-SAA-fpp_base,-71.465,-39.06178474,10.51039434,1.005838713,-0.34986599,-34.972,-90.59
new20x20,shortest_path,MeanCVaR,0.03,400,case02,FPP-SAA-fpp_base,FPP-Branch-Benders-MeanCVaR-RootCuts,FPP-SAA-MeanCVaR,FPP-Branch-Benders-RootCuts,FPP-SAA-fpp_base,-69.79625,-38.14966897,5.72526463,1.003180487,-0.26876686,-34.033,-88.89
new20x20,shortest_path,MeanCVaR,0.03,400,case02,FPP-SAA-fpp_base,FPP-Branch-Benders-Combinatorial-MeanCVaR,FPP-SAA-MeanCVaR,FPP-Branch-Benders-Combinatorial,FPP-SAA-fpp_base,-69.28125,-37.86817707,140.1627138,1.077862904,-0.33109265,-34.706,-86.86
new20x20,shortest_path,CVaR,0.03,400,case03,FPP-SAA-fpp_base,FPP-Branch-Benders-CVaR-LLBI-RootCuts,FPP-SAA-CVaR,FPP-Branch-Benders-LLBI-RootCuts,FPP-SAA-fpp_base,-206.325,-57.95646067,4.85698887,1.002698034,-0.4333233,-23.841,-69.75
new20x20,shortest_path,CVaR,0.03,400,case03,FPP-SAA-fpp_base,FPP-Branch-Benders-CVaR-ProjectedCoverageLLBI-exp-RootCuts,FPP-SAA-CVaR,FPP-Branch-Benders-ProjectedCoverageLLBI-exp-RootCuts,FPP-SAA-fpp_base,-210.975,-59.26264045,64.08001744,1.035596142,-0.49483795,-23.867,-72.89
new20x20,shortest_path,CVaR,0.03,400,case03,FPP-SAA-fpp_base,FPP-Branch-Benders-CVaR-ProjectedPathLLBI-exp-RootCuts,FPP-SAA-CVaR,FPP-Branch-Benders-ProjectedPathLLBI-exp-RootCuts,FPP-SAA-fpp_base,-215.975,-60.66713483,10.96726891,1.006092265,-0.57021606,-23.4,-75.27
new20x20,shortest_path,CVaR,0.03,400,case03,FPP-SAA-fpp_base,FPP-Branch-Benders-CVaR-RootCuts,FPP-SAA-CVaR,FPP-Branch-Benders-RootCuts,FPP-SAA-fpp_base,-202.825,-56.97331461,1.29498674,1.000719359,-0.38384202,-21.05,-66.97
new20x20,shortest_path,CVaR,0.03,400,case03,FPP-SAA-fpp_base,FPP-Branch-Benders-Combinatorial-CVaR,FPP-SAA-CVaR,FPP-Branch-Benders-Combinatorial,FPP-SAA-fpp_base,-212.35,-59.6488764,112.6574998,1.0625807,-0.53984502,-24.998,-76.2
new20x20,shortest_path,Expected,0.03,400,case03,FPP-SAA-fpp_base,FPP-Branch-Benders-LLBI-RootCuts,FPP-SAA,FPP-Branch-Benders-LLBI-RootCuts,FPP-SAA-fpp_base,1.6175,2.19858638,1212.601832,3.056807375,0.16530378,0.279,-3.36
new20x20,shortest_path,Expected,0.03,400,case03,FPP-SAA-fpp_base,FPP-Branch-Benders-ProjectedCoverageLLBI-exp-RootCuts,FPP-SAA,FPP-Branch-Benders-ProjectedCoverageLLBI-exp-RootCuts,FPP-SAA-fpp_base,1.85,2.514611934,1263.163393,3.142569567,0.12524683,2.086,14.76
new20x20,shortest_path,Expected,0.03,400,case03,FPP-SAA-fpp_base,FPP-Branch-Benders-ProjectedPathLLBI-exp-RootCuts,FPP-SAA,FPP-Branch-Benders-ProjectedPathLLBI-exp-RootCuts,FPP-SAA-fpp_base,0.9125,1.240315346,1213.94403,3.059084003,0.09414102,-0.282,-1.59
new20x20,shortest_path,Expected,0.03,400,case03,FPP-SAA-fpp_base,FPP-Branch-Benders-RootCuts,FPP-SAA,FPP-Branch-Benders-RootCuts,FPP-SAA-fpp_base,2.3675,3.218023651,1211.976577,3.055746822,0.15176177,0.715,-4.57
new20x20,shortest_path,Expected,0.03,400,case03,FPP-SAA-fpp_base,FPP-Branch-Benders-Combinatorial,FPP-SAA,FPP-Branch-Benders-Combinatorial,FPP-SAA-fpp_base,0,0,585.6195854,1.993324148,0.00094907,0,0
new20x20,shortest_path,MeanCVaR,0.03,400,case03,FPP-SAA-fpp_base,FPP-Branch-Benders-MeanCVaR-LLBI-RootCuts,FPP-SAA-MeanCVaR,FPP-Branch-Benders-LLBI-RootCuts,FPP-SAA-fpp_base,-108.78,-48.79640688,2.86028987,1.001588923,-0.33552024,-71.421,-135.84
new20x20,shortest_path,MeanCVaR,0.03,400,case03,FPP-SAA-fpp_base,FPP-Branch-Benders-MeanCVaR-ProjectedCoverageLLBI-exp-RootCuts,FPP-SAA-MeanCVaR,FPP-Branch-Benders-ProjectedCoverageLLBI-exp-RootCuts,FPP-SAA-fpp_base,-114.4275,-51.32975592,26.7226498,1.014844729,-0.47276763,-73.454,-143.63
new20x20,shortest_path,MeanCVaR,0.03,400,case03,FPP-SAA-fpp_base,FPP-Branch-Benders-MeanCVaR-ProjectedPathLLBI-exp-RootCuts,FPP-SAA-MeanCVaR,FPP-Branch-Benders-ProjectedPathLLBI-exp-RootCuts,FPP-SAA-fpp_base,-114.34625,-51.29330889,3.62730061,1.002015006,-0.47228587,-73.531,-143.34
new20x20,shortest_path,MeanCVaR,0.03,400,case03,FPP-SAA-fpp_base,FPP-Branch-Benders-MeanCVaR-RootCuts,FPP-SAA-MeanCVaR,FPP-Branch-Benders-RootCuts,FPP-SAA-fpp_base,-110.0775,-49.37843794,4.77230287,1.002651067,-0.34623697,-72.757,-136.33
new20x20,shortest_path,MeanCVaR,0.03,400,case03,FPP-SAA-fpp_base,FPP-Branch-Benders-Combinatorial-MeanCVaR,FPP-SAA-MeanCVaR,FPP-Branch-Benders-Combinatorial,FPP-SAA-fpp_base,-113.855,-51.07294453,85.42884022,1.04745667,-0.47580025,-72.869,-142.02
new20x20,shortest_path,CVaR,0.03,400,case04,FPP-SAA-fpp_base,FPP-Branch-Benders-CVaR-LLBI-RootCuts,FPP-SAA-CVaR,FPP-Branch-Benders-LLBI-RootCuts,FPP-SAA-fpp_base,-2913.975,-95.09741531,1.81672421,1.001009023,-0.77028306,-148.769,-233.35
new20x20,shortest_path,CVaR,0.03,400,case04,FPP-SAA-fpp_base,FPP-Branch-Benders-CVaR-ProjectedCoverageLLBI-exp-RootCuts,FPP-SAA-CVaR,FPP-Branch-Benders-ProjectedCoverageLLBI-exp-RootCuts,FPP-SAA-fpp_base,-2920.75,-95.31851707,21.02122864,1.011675352,-0.85974612,-151.686,-237.15
new20x20,shortest_path,CVaR,0.03,400,case04,FPP-SAA-fpp_base,FPP-Branch-Benders-CVaR-ProjectedPathLLBI-exp-RootCuts,FPP-SAA-CVaR,FPP-Branch-Benders-ProjectedPathLLBI-exp-RootCuts,FPP-SAA-fpp_base,-2921.225,-95.33401867,5.7916121,1.003216706,-0.8760726,-152.318,-238.16
new20x20,shortest_path,CVaR,0.03,400,case04,FPP-SAA-fpp_base,FPP-Branch-Benders-CVaR-RootCuts,FPP-SAA-CVaR,FPP-Branch-Benders-RootCuts,FPP-SAA-fpp_base,-2920.5,-95.31035833,1.16577966,1.000647483,-0.8007925,-153.669,-234.97
new20x20,shortest_path,CVaR,0.03,400,case04,FPP-SAA-fpp_base,FPP-Branch-Benders-Combinatorial-CVaR,FPP-SAA-CVaR,FPP-Branch-Benders-Combinatorial,FPP-SAA-fpp_base,-2921.625,-95.34707265,90.96418647,1.050522208,-0.9093163,-151.915,-236.84
new20x20,shortest_path,Expected,0.03,400,case04,FPP-SAA-fpp_base,FPP-Branch-Benders-LLBI-RootCuts,FPP-SAA,FPP-Branch-Benders-LLBI-RootCuts,FPP-SAA-fpp_base,1.5825,2.130308945,1239.195413,3.186291866,0.15692642,0.579,0.65
new20x20,shortest_path,Expected,0.03,400,case04,FPP-SAA-fpp_base,FPP-Branch-Benders-ProjectedCoverageLLBI-exp-RootCuts,FPP-SAA,FPP-Branch-Benders-ProjectedCoverageLLBI-exp-RootCuts,FPP-SAA-fpp_base,1.84,2.476946894,1251.398702,3.207821926,0.1128611,2.372,8.26
new20x20,shortest_path,Expected,0.03,400,case04,FPP-SAA-fpp_base,FPP-Branch-Benders-ProjectedPathLLBI-exp-RootCuts,FPP-SAA,FPP-Branch-Benders-ProjectedPathLLBI-exp-RootCuts,FPP-SAA-fpp_base,1.5475,2.083193108,1243.621014,3.194099881,0.10779241,1.806,9.07
new20x20,shortest_path,Expected,0.03,400,case04,FPP-SAA-fpp_base,FPP-Branch-Benders-RootCuts,FPP-SAA,FPP-Branch-Benders-RootCuts,FPP-SAA-fpp_base,1.4475,1.948576429,1234.840379,3.178608351,0.14532477,0.704,1.53
new20x20,shortest_path,Expected,0.03,400,case04,FPP-SAA-fpp_base,FPP-Branch-Benders-Combinatorial,FPP-SAA,FPP-Branch-Benders-Combinatorial,FPP-SAA-fpp_base,0,0,537.6230004,1.948519322,0.00096248,0,0
new20x20,shortest_path,MeanCVaR,0.03,400,case04,FPP-SAA-fpp_base,FPP-Branch-Benders-MeanCVaR-LLBI-RootCuts,FPP-SAA-MeanCVaR,FPP-Branch-Benders-LLBI-RootCuts,FPP-SAA-fpp_base,-61.2375,-34.30600197,2.07643783,1.001153462,-0.22039785,-31.13,-88.93
new20x20,shortest_path,MeanCVaR,0.03,400,case04,FPP-SAA-fpp_base,FPP-Branch-Benders-MeanCVaR-ProjectedCoverageLLBI-exp-RootCuts,FPP-SAA-MeanCVaR,FPP-Branch-Benders-ProjectedCoverageLLBI-exp-RootCuts,FPP-SAA-fpp_base,-66.96625,-37.51531831,26.46626155,1.014702016,-0.30296889,-35.997,-92.81
new20x20,shortest_path,MeanCVaR,0.03,400,case04,FPP-SAA-fpp_base,FPP-Branch-Benders-MeanCVaR-ProjectedPathLLBI-exp-RootCuts,FPP-SAA-MeanCVaR,FPP-Branch-Benders-ProjectedPathLLBI-exp-RootCuts,FPP-SAA-fpp_base,-67.32875,-37.71839527,8.8658636,1.00492499,-0.32106528,-38.336,-91.05
new20x20,shortest_path,MeanCVaR,0.03,400,case04,FPP-SAA-fpp_base,FPP-Branch-Benders-MeanCVaR-RootCuts,FPP-SAA-MeanCVaR,FPP-Branch-Benders-RootCuts,FPP-SAA-fpp_base,-64.46375,-36.11338697,1.66498455,1.000924899,-0.2366241,-33.281,-95.16
new20x20,shortest_path,MeanCVaR,0.03,400,case04,FPP-SAA-fpp_base,FPP-Branch-Benders-Combinatorial-MeanCVaR,FPP-SAA-MeanCVaR,FPP-Branch-Benders-Combinatorial,FPP-SAA-fpp_base,-68.2775,-38.24989671,102.74542,1.05707511,-0.36680743,-36.279,-93.7
new20x20_reburn,reburn,CVaR,0.01,100,case00,FPP-SAA-fpp_base,FPP-Branch-Benders-CVaR-LLBI-RootCuts,FPP-SAA-CVaR,FPP-Branch-Benders-LLBI-RootCuts,FPP-SAA-fpp_base,-2697.8,-87.20020687,-170.1508877,0.9140496267,-0.80670688,-0.2,-0.01
new20x20_reburn,reburn,CVaR,0.01,100,case00,FPP-SAA-fpp_base,FPP-Branch-Benders-CVaR-ProjectedCoverageLLBI-exp-RootCuts,FPP-SAA-CVaR,FPP-Branch-Benders-ProjectedCoverageLLBI-exp-RootCuts,FPP-SAA-fpp_base,-2697.8,-87.20020687,-97.44516786,0.9507763453,-0.81170317,-0.2,-0.01
new20x20_reburn,reburn,CVaR,0.01,100,case00,FPP-SAA-fpp_base,FPP-Branch-Benders-CVaR-ProjectedPathLLBI-exp-RootCuts,FPP-SAA-CVaR,FPP-Branch-Benders-ProjectedPathLLBI-exp-RootCuts,FPP-SAA-fpp_base,-2697.8,-87.20020687,-174.0678689,0.9120709947,-0.81630664,-0.334,-0.02
new20x20_reburn,reburn,CVaR,0.01,100,case00,FPP-SAA-fpp_base,FPP-Branch-Benders-CVaR-RootCuts,FPP-SAA-CVaR,FPP-Branch-Benders-RootCuts,FPP-SAA-fpp_base,-2697.8,-87.20020687,-178.7288343,0.9097165449,-0.80839555,-0.49,-0.03
new20x20_reburn,reburn,CVaR,0.01,100,case00,FPP-SAA-fpp_base,FPP-Branch-Benders-Combinatorial-CVaR,FPP-SAA-CVaR,FPP-Branch-Benders-Combinatorial,FPP-SAA-fpp_base,-2697.8,-87.20020687,-153.2673272,0.9225782236,-0.88611161,-0.858,-0.01
new20x20_reburn,reburn,Expected,0.01,100,case00,FPP-SAA-fpp_base,FPP-Branch-Benders-LLBI-RootCuts,FPP-SAA,FPP-Branch-Benders-LLBI-RootCuts,FPP-SAA-fpp_base,-3.56,-1.321945785,-21.86156244,0.9880399543,-0.7559777,-0.385,0.02
new20x20_reburn,reburn,Expected,0.01,100,case00,FPP-SAA-fpp_base,FPP-Branch-Benders-ProjectedCoverageLLBI-exp-RootCuts,FPP-SAA,FPP-Branch-Benders-ProjectedCoverageLLBI-exp-RootCuts,FPP-SAA-fpp_base,-3.34,-1.240252506,25.24554669,1.013811359,-0.77748033,-0.192,0
new20x20_reburn,reburn,Expected,0.01,100,case00,FPP-SAA-fpp_base,FPP-Branch-Benders-ProjectedPathLLBI-exp-RootCuts,FPP-SAA,FPP-Branch-Benders-ProjectedPathLLBI-exp-RootCuts,FPP-SAA-fpp_base,-3.35,-1.243965837,-21.6351145,0.9881638397,-0.79950797,-0.4,0.02
new20x20_reburn,reburn,Expected,0.01,100,case00,FPP-SAA-fpp_base,FPP-Branch-Benders-RootCuts,FPP-SAA,FPP-Branch-Benders-RootCuts,FPP-SAA-fpp_base,-3.66,-1.359079094,-27.09016581,0.9851794847,-0.78457692,-0.675,0.03
new20x20_reburn,reburn,Expected,0.01,100,case00,FPP-SAA-fpp_base,FPP-Branch-Benders-Combinatorial,FPP-SAA,FPP-Branch-Benders-Combinatorial,FPP-SAA-fpp_base,-3.77,-1.399925733,18.97880545,1.010382944,-0.81180438,-0.719,0.02
new20x20_reburn,reburn,MeanCVaR,0.01,100,case00,FPP-SAA-fpp_base,FPP-Branch-Benders-MeanCVaR-LLBI-RootCuts,FPP-SAA-MeanCVaR,FPP-Branch-Benders-LLBI-RootCuts,FPP-SAA-fpp_base,-1350.675,-80.3232137,-175.7226247,0.9113468617,-0.77637038,-0.523,0.03
new20x20_reburn,reburn,MeanCVaR,0.01,100,case00,FPP-SAA-fpp_base,FPP-Branch-Benders-MeanCVaR-ProjectedCoverageLLBI-exp-RootCuts,FPP-SAA-MeanCVaR,FPP-Branch-Benders-ProjectedCoverageLLBI-exp-RootCuts,FPP-SAA-fpp_base,-1350.625,-80.32024025,-75.81477725,0.9617509814,-0.78362585,-0.516,0.04
new20x20_reburn,reburn,MeanCVaR,0.01,100,case00,FPP-SAA-fpp_base,FPP-Branch-Benders-MeanCVaR-ProjectedPathLLBI-exp-RootCuts,FPP-SAA-MeanCVaR,FPP-Branch-Benders-ProjectedPathLLBI-exp-RootCuts,FPP-SAA-fpp_base,-1350.68,-80.32351105,-176.6307152,0.9108887245,-0.83594503,-0.589,-0.02
new20x20_reburn,reburn,MeanCVaR,0.01,100,case00,FPP-SAA-fpp_base,FPP-Branch-Benders-MeanCVaR-RootCuts,FPP-SAA-MeanCVaR,FPP-Branch-Benders-RootCuts,FPP-SAA-fpp_base,-1350.5,-80.31280664,-180.9655756,0.9087017609,-0.79329148,-0.318,-0.02
new20x20_reburn,reburn,MeanCVaR,0.01,100,case00,FPP-SAA-fpp_base,FPP-Branch-Benders-Combinatorial-MeanCVaR,FPP-SAA-MeanCVaR,FPP-Branch-Benders-Combinatorial,FPP-SAA-fpp_base,-1350.785,-80.32975529,-166.1548015,0.916173887,-0.80930357,-0.858,-0.01
new20x20_reburn,reburn,CVaR,0.01,100,case01,FPP-SAA-fpp_base,FPP-Branch-Benders-CVaR-LLBI-RootCuts,FPP-SAA-CVaR,FPP-Branch-Benders-LLBI-RootCuts,FPP-SAA-fpp_base,-2575.6,-86.67384574,-213.7454969,0.8941173281,-0.80159661,-0.141,-0.03
new20x20_reburn,reburn,CVaR,0.01,100,case01,FPP-SAA-fpp_base,FPP-Branch-Benders-CVaR-ProjectedCoverageLLBI-exp-RootCuts,FPP-SAA-CVaR,FPP-Branch-Benders-ProjectedCoverageLLBI-exp-RootCuts,FPP-SAA-fpp_base,-2575.6,-86.67384574,-135.7317507,0.9327628388,-0.80153364,-0.18,-0.02
new20x20_reburn,reburn,CVaR,0.01,100,case01,FPP-SAA-fpp_base,FPP-Branch-Benders-CVaR-ProjectedPathLLBI-exp-RootCuts,FPP-SAA-CVaR,FPP-Branch-Benders-ProjectedPathLLBI-exp-RootCuts,FPP-SAA-fpp_base,-2575.6,-86.67384574,-208.8509044,0.8965419524,-0.81247627,-0.113,-0.03
new20x20_reburn,reburn,CVaR,0.01,100,case01,FPP-SAA-fpp_base,FPP-Branch-Benders-CVaR-RootCuts,FPP-SAA-CVaR,FPP-Branch-Benders-RootCuts,FPP-SAA-fpp_base,-2575.6,-86.67384574,-217.7924848,0.89211258,-0.79918296,-0.233,-0.02
new20x20_reburn,reburn,CVaR,0.01,100,case01,FPP-SAA-fpp_base,FPP-Branch-Benders-Combinatorial-CVaR,FPP-SAA-CVaR,FPP-Branch-Benders-Combinatorial,FPP-SAA-fpp_base,-2575.6,-86.67384574,-196.8409418,0.9024913032,-0.87282328,-1.18,-0.03
new20x20_reburn,reburn,Expected,0.01,100,case01,FPP-SAA-fpp_base,FPP-Branch-Benders-LLBI-RootCuts,FPP-SAA,FPP-Branch-Benders-LLBI-RootCuts,FPP-SAA-fpp_base,-4.32,-1.681130093,-24.84365112,0.9864645196,-0.78033263,-0.859,-0.03
new20x20_reburn,reburn,Expected,0.01,100,case01,FPP-SAA-fpp_base,FPP-Branch-Benders-ProjectedCoverageLLBI-exp-RootCuts,FPP-SAA,FPP-Branch-Benders-ProjectedCoverageLLBI-exp-RootCuts,FPP-SAA-fpp_base,-4.88,-1.899054364,18.28349234,1.009961332,-0.77787121,-0.973,-0.02
new20x20_reburn,reburn,Expected,0.01,100,case01,FPP-SAA-fpp_base,FPP-Branch-Benders-ProjectedPathLLBI-exp-RootCuts,FPP-SAA,FPP-Branch-Benders-ProjectedPathLLBI-exp-RootCuts,FPP-SAA-fpp_base,-3.77,-1.467097327,-30.46712208,0.9834007033,-0.81602606,-0.547,0.04
new20x20_reburn,reburn,Expected,0.01,100,case01,FPP-SAA-fpp_base,FPP-Branch-Benders-RootCuts,FPP-SAA,FPP-Branch-Benders-RootCuts,FPP-SAA-fpp_base,-4.26,-1.657781064,-34.2723832,0.9813274961,-0.79275624,-0.643,0.03
new20x20_reburn,reburn,Expected,0.01,100,case01,FPP-SAA-fpp_base,FPP-Branch-Benders-Combinatorial,FPP-SAA,FPP-Branch-Benders-Combinatorial,FPP-SAA-fpp_base,-5.27,-2.050823053,-21.1417292,0.9884814249,-0.78524598,-1.057,-0.01
new20x20_reburn,reburn,MeanCVaR,0.01,100,case01,FPP-SAA-fpp_base,FPP-Branch-Benders-MeanCVaR-LLBI-RootCuts,FPP-SAA-MeanCVaR,FPP-Branch-Benders-LLBI-RootCuts,FPP-SAA-fpp_base,-1289.93,-79.90398612,-107.4048693,0.9439796853,-0.79530564,-0.76,-0.03
new20x20_reburn,reburn,MeanCVaR,0.01,100,case01,FPP-SAA-fpp_base,FPP-Branch-Benders-MeanCVaR-ProjectedCoverageLLBI-exp-RootCuts,FPP-SAA-MeanCVaR,FPP-Branch-Benders-ProjectedCoverageLLBI-exp-RootCuts,FPP-SAA-fpp_base,-1289.93,-79.90398612,-13.89949287,0.9927502918,-0.80202773,-0.76,-0.03
new20x20_reburn,reburn,MeanCVaR,0.01,100,case01,FPP-SAA-fpp_base,FPP-Branch-Benders-MeanCVaR-ProjectedPathLLBI-exp-RootCuts,FPP-SAA-MeanCVaR,FPP-Branch-Benders-ProjectedPathLLBI-exp-RootCuts,FPP-SAA-fpp_base,-1289.65,-79.88664168,-108.5227011,0.9433966457,-0.81501741,-0.649,-0.05
new20x20_reburn,reburn,MeanCVaR,0.01,100,case01,FPP-SAA-fpp_base,FPP-Branch-Benders-MeanCVaR-RootCuts,FPP-SAA-MeanCVaR,FPP-Branch-Benders-RootCuts,FPP-SAA-fpp_base,-1289.75,-79.89283613,-113.7121973,0.9406899043,-0.80489048,-0.677,0.02
new20x20_reburn,reburn,MeanCVaR,0.01,100,case01,FPP-SAA-fpp_base,FPP-Branch-Benders-Combinatorial-MeanCVaR,FPP-SAA-MeanCVaR,FPP-Branch-Benders-Combinatorial,FPP-SAA-fpp_base,-1290.5,-79.93929445,-81.64182035,0.9574171963,-0.76956452,-1.18,-0.03
new20x20_reburn,reburn,CVaR,0.01,100,case02,FPP-SAA-fpp_base,FPP-Branch-Benders-CVaR-LLBI-RootCuts,FPP-SAA-CVaR,FPP-Branch-Benders-LLBI-RootCuts,FPP-SAA-fpp_base,-2460.9,-86.1388218,-74.29746287,0.9605378467,-0.79610001,-0.268,-0.01
new20x20_reburn,reburn,CVaR,0.01,100,case02,FPP-SAA-fpp_base,FPP-Branch-Benders-CVaR-ProjectedCoverageLLBI-exp-RootCuts,FPP-SAA-CVaR,FPP-Branch-Benders-ProjectedCoverageLLBI-exp-RootCuts,FPP-SAA-fpp_base,-2460.9,-86.1388218,2.92878539,1.001555587,-0.7975054,-0.143,-0.01
new20x20_reburn,reburn,CVaR,0.01,100,case02,FPP-SAA-fpp_base,FPP-Branch-Benders-CVaR-ProjectedPathLLBI-exp-RootCuts,FPP-SAA-CVaR,FPP-Branch-Benders-ProjectedPathLLBI-exp-RootCuts,FPP-SAA-fpp_base,-2460.9,-86.1388218,-74.79669538,0.9602726857,-0.83320894,-0.14,-0.03
new20x20_reburn,reburn,CVaR,0.01,100,case02,FPP-SAA-fpp_base,FPP-Branch-Benders-CVaR-RootCuts,FPP-SAA-CVaR,FPP-Branch-Benders-RootCuts,FPP-SAA-fpp_base,-2460.9,-86.1388218,-81.83707204,0.9565332791,-0.79932195,-0.217,0.03
new20x20_reburn,reburn,CVaR,0.01,100,case02,FPP-SAA-fpp_base,FPP-Branch-Benders-Combinatorial-CVaR,FPP-SAA-CVaR,FPP-Branch-Benders-Combinatorial,FPP-SAA-fpp_base,-2460.9,-86.1388218,-45.45360813,0.9758578936,-0.88121364,-0.55,0
new20x20_reburn,reburn,Expected,0.01,100,case02,FPP-SAA-fpp_base,FPP-Branch-Benders-LLBI-RootCuts,FPP-SAA,FPP-Branch-Benders-LLBI-RootCuts,FPP-SAA-fpp_base,-2.86,-1.165159293,-31.69929206,0.9827536655,-0.77472384,-0.293,-0.03
new20x20_reburn,reburn,Expected,0.01,100,case02,FPP-SAA-fpp_base,FPP-Branch-Benders-ProjectedCoverageLLBI-exp-RootCuts,FPP-SAA,FPP-Branch-Benders-ProjectedCoverageLLBI-exp-RootCuts,FPP-SAA-fpp_base,-3.08,-1.254786931,77.04360522,1.041916387,-0.77636716,-1.014,-0.02
new20x20_reburn,reburn,Expected,0.01,100,case02,FPP-SAA-fpp_base,FPP-Branch-Benders-ProjectedPathLLBI-exp-RootCuts,FPP-SAA,FPP-Branch-Benders-ProjectedPathLLBI-exp-RootCuts,FPP-SAA-fpp_base,-2.63,-1.071457671,-32.00130814,0.9825893504,-0.80487265,-0.377,-0.03
new20x20_reburn,reburn,Expected,0.01,100,case02,FPP-SAA-fpp_base,FPP-Branch-Benders-RootCuts,FPP-SAA,FPP-Branch-Benders-RootCuts,FPP-SAA-fpp_base,-2.86,-1.165159293,-36.2919711,0.98025497,-0.76272985,-0.411,-0.02
new20x20_reburn,reburn,Expected,0.01,100,case02,FPP-SAA-fpp_base,FPP-Branch-Benders-Combinatorial,FPP-SAA,FPP-Branch-Benders-Combinatorial,FPP-SAA-fpp_base,-2.99,-1.218121079,58.99680279,1.032097833,-0.77901439,-0.436,-0.03
new20x20_reburn,reburn,MeanCVaR,0.01,100,case02,FPP-SAA-fpp_base,FPP-Branch-Benders-MeanCVaR-LLBI-RootCuts,FPP-SAA-MeanCVaR,FPP-Branch-Benders-LLBI-RootCuts,FPP-SAA-fpp_base,-1231.945,-79.41576525,-121.6054915,0.9369084509,-0.77691783,-0.328,0
new20x20_reburn,reburn,MeanCVaR,0.01,100,case02,FPP-SAA-fpp_base,FPP-Branch-Benders-MeanCVaR-ProjectedCoverageLLBI-exp-RootCuts,FPP-SAA-MeanCVaR,FPP-Branch-Benders-ProjectedCoverageLLBI-exp-RootCuts,FPP-SAA-fpp_base,-1231.965,-79.41705452,-27.8673252,0.9855418313,-0.77224473,-0.633,0.03
new20x20_reburn,reburn,MeanCVaR,0.01,100,case02,FPP-SAA-fpp_base,FPP-Branch-Benders-MeanCVaR-ProjectedPathLLBI-exp-RootCuts,FPP-SAA-MeanCVaR,FPP-Branch-Benders-ProjectedPathLLBI-exp-RootCuts,FPP-SAA-fpp_base,-1231.93,-79.41479829,-120.2210259,0.9376267415,-0.82753709,-0.506,0.05
new20x20_reburn,reburn,MeanCVaR,0.01,100,case02,FPP-SAA-fpp_base,FPP-Branch-Benders-MeanCVaR-RootCuts,FPP-SAA-MeanCVaR,FPP-Branch-Benders-RootCuts,FPP-SAA-fpp_base,-1231.92,-79.41415366,-125.8478427,0.9347074277,-0.79588346,-0.285,0.02
new20x20_reburn,reburn,MeanCVaR,0.01,100,case02,FPP-SAA-fpp_base,FPP-Branch-Benders-Combinatorial-MeanCVaR,FPP-SAA-MeanCVaR,FPP-Branch-Benders-Combinatorial,FPP-SAA-fpp_base,-1232.025,-79.42092235,-114.5953404,0.9405454683,-0.7817464,-0.55,0
new20x20_reburn,reburn,CVaR,0.01,100,case03,FPP-SAA-fpp_base,FPP-Branch-Benders-CVaR-LLBI-RootCuts,FPP-SAA-CVaR,FPP-Branch-Benders-LLBI-RootCuts,FPP-SAA-fpp_base,-2733.3,-87.34541271,-69.31278518,0.9631894719,-0.80085921,-0.233,0.01
new20x20_reburn,reburn,CVaR,0.01,100,case03,FPP-SAA-fpp_base,FPP-Branch-Benders-CVaR-ProjectedCoverageLLBI-exp-RootCuts,FPP-SAA-CVaR,FPP-Branch-Benders-ProjectedCoverageLLBI-exp-RootCuts,FPP-SAA-fpp_base,-2733.3,-87.34541271,-11.97969593,0.9936378414,-0.80094154,-0.136,0.02
new20x20_reburn,reburn,CVaR,0.01,100,case03,FPP-SAA-fpp_base,FPP-Branch-Benders-CVaR-ProjectedPathLLBI-exp-RootCuts,FPP-SAA-CVaR,FPP-Branch-Benders-ProjectedPathLLBI-exp-RootCuts,FPP-SAA-fpp_base,-2733.3,-87.34541271,-67.66187596,0.9640662342,-0.82231469,-0.312,0.02
new20x20_reburn,reburn,CVaR,0.01,100,case03,FPP-SAA-fpp_base,FPP-Branch-Benders-CVaR-RootCuts,FPP-SAA-CVaR,FPP-Branch-Benders-RootCuts,FPP-SAA-fpp_base,-2733.3,-87.34541271,-82.00651047,0.9564481077,-0.8039311,-0.179,-0.05
new20x20_reburn,reburn,CVaR,0.01,100,case03,FPP-SAA-fpp_base,FPP-Branch-Benders-Combinatorial-CVaR,FPP-SAA-CVaR,FPP-Branch-Benders-Combinatorial,FPP-SAA-fpp_base,-2733.3,-87.34541271,-44.56785995,0.976330969,-0.86437543,-0.821,-0.03
new20x20_reburn,reburn,Expected,0.01,100,case03,FPP-SAA-fpp_base,FPP-Branch-Benders-LLBI-RootCuts,FPP-SAA,FPP-Branch-Benders-LLBI-RootCuts,FPP-SAA-fpp_base,-4,-1.467997651,-52.73456927,0.9716305176,-0.77575935,-0.677,-0.01
new20x20_reburn,reburn,Expected,0.01,100,case03,FPP-SAA-fpp_base,FPP-Branch-Benders-ProjectedCoverageLLBI-exp-RootCuts,FPP-SAA,FPP-Branch-Benders-ProjectedCoverageLLBI-exp-RootCuts,FPP-SAA-fpp_base,-4.07,-1.49368761,-6.50899788,0.9964983709,-0.78054097,-0.338,-0.02
new20x20_reburn,reburn,Expected,0.01,100,case03,FPP-SAA-fpp_base,FPP-Branch-Benders-ProjectedPathLLBI-exp-RootCuts,FPP-SAA,FPP-Branch-Benders-ProjectedPathLLBI-exp-RootCuts,FPP-SAA-fpp_base,-4.31,-1.581767469,-53.9710354,0.9709653391,-0.80460187,-0.761,0
new20x20_reburn,reburn,Expected,0.01,100,case03,FPP-SAA-fpp_base,FPP-Branch-Benders-RootCuts,FPP-SAA,FPP-Branch-Benders-RootCuts,FPP-SAA-fpp_base,-4,-1.467997651,-57.97085258,0.9688135676,-0.77407763,-0.322,-0.02
new20x20_reburn,reburn,Expected,0.01,100,case03,FPP-SAA-fpp_base,FPP-Branch-Benders-Combinatorial,FPP-SAA,FPP-Branch-Benders-Combinatorial,FPP-SAA-fpp_base,-4.57,-1.677187317,-21.12887657,0.9886333519,-0.78327791,-0.64,-0.01
new20x20_reburn,reburn,MeanCVaR,0.01,100,case03,FPP-SAA-fpp_base,FPP-Branch-Benders-MeanCVaR-LLBI-RootCuts,FPP-SAA-MeanCVaR,FPP-Branch-Benders-LLBI-RootCuts,FPP-SAA-fpp_base,-1368.74,-80.46252697,-96.95320833,0.9490405948,-0.79457208,-0.815,-0.03
new20x20_reburn,reburn,MeanCVaR,0.01,100,case03,FPP-SAA-fpp_base,FPP-Branch-Benders-MeanCVaR-ProjectedCoverageLLBI-exp-RootCuts,FPP-SAA-MeanCVaR,FPP-Branch-Benders-ProjectedCoverageLLBI-exp-RootCuts,FPP-SAA-fpp_base,-1368.71,-80.46076339,-25.67548244,0.9865047549,-0.77627053,-0.598,-0.04
new20x20_reburn,reburn,MeanCVaR,0.01,100,case03,FPP-SAA-fpp_base,FPP-Branch-Benders-MeanCVaR-ProjectedPathLLBI-exp-RootCuts,FPP-SAA-MeanCVaR,FPP-Branch-Benders-ProjectedPathLLBI-exp-RootCuts,FPP-SAA-fpp_base,-1368.69,-80.45958768,-90.60355681,0.952378024,-0.81548476,-0.507,-0.01
new20x20_reburn,reburn,MeanCVaR,0.01,100,case03,FPP-SAA-fpp_base,FPP-Branch-Benders-MeanCVaR-RootCuts,FPP-SAA-MeanCVaR,FPP-Branch-Benders-RootCuts,FPP-SAA-fpp_base,-1368.665,-80.45811803,-100.1911197,0.9473387219,-0.80035107,-0.788,-0.06
new20x20_reburn,reburn,MeanCVaR,0.01,100,case03,FPP-SAA-fpp_base,FPP-Branch-Benders-Combinatorial-MeanCVaR,FPP-SAA-MeanCVaR,FPP-Branch-Benders-Combinatorial,FPP-SAA-fpp_base,-1369.135,-80.48574737,-46.61542687,0.9754985475,-0.77489239,-0.821,-0.03
new20x20_reburn,reburn,CVaR,0.01,100,case04,FPP-SAA-fpp_base,FPP-Branch-Benders-CVaR-LLBI-RootCuts,FPP-SAA-CVaR,FPP-Branch-Benders-LLBI-RootCuts,FPP-SAA-fpp_base,-2510.5,-86.37536556,-99.0097596,0.9482456083,-0.7928408,-0.09,0
new20x20_reburn,reburn,CVaR,0.01,100,case04,FPP-SAA-fpp_base,FPP-Branch-Benders-CVaR-ProjectedCoverageLLBI-exp-RootCuts,FPP-SAA-CVaR,FPP-Branch-Benders-ProjectedCoverageLLBI-exp-RootCuts,FPP-SAA-fpp_base,-2510.5,-86.37536556,-25.44119981,0.9867013734,-0.79853786,-0.097,0
new20x20_reburn,reburn,CVaR,0.01,100,case04,FPP-SAA-fpp_base,FPP-Branch-Benders-CVaR-ProjectedPathLLBI-exp-RootCuts,FPP-SAA-CVaR,FPP-Branch-Benders-ProjectedPathLLBI-exp-RootCuts,FPP-SAA-fpp_base,-2510.5,-86.37536556,-101.4337047,0.9469785635,-0.81736255,-0.143,-0.03
new20x20_reburn,reburn,CVaR,0.01,100,case04,FPP-SAA-fpp_base,FPP-Branch-Benders-CVaR-RootCuts,FPP-SAA-CVaR,FPP-Branch-Benders-RootCuts,FPP-SAA-fpp_base,-2510.5,-86.37536556,-110.5872064,0.9421938442,-0.7935923,-0.519,0
new20x20_reburn,reburn,CVaR,0.01,100,case04,FPP-SAA-fpp_base,FPP-Branch-Benders-Combinatorial-CVaR,FPP-SAA-CVaR,FPP-Branch-Benders-Combinatorial,FPP-SAA-fpp_base,-2510.5,-86.37536556,-100.5716305,0.947429187,-0.87359211,-1.09,-0.01
new20x20_reburn,reburn,Expected,0.01,100,case04,FPP-SAA-fpp_base,FPP-Branch-Benders-LLBI-RootCuts,FPP-SAA,FPP-Branch-Benders-LLBI-RootCuts,FPP-SAA-fpp_base,-4.44,-1.771818508,-27.50674444,0.9850092027,-0.78948248,-0.339,0.01
new20x20_reburn,reburn,Expected,0.01,100,case04,FPP-SAA-fpp_base,FPP-Branch-Benders-ProjectedCoverageLLBI-exp-RootCuts,FPP-SAA,FPP-Branch-Benders-ProjectedCoverageLLBI-exp-RootCuts,FPP-SAA-fpp_base,-4.59,-1.831677242,30.36443802,1.016548201,-0.78456972,-0.515,-0.02
new20x20_reburn,reburn,Expected,0.01,100,case04,FPP-SAA-fpp_base,FPP-Branch-Benders-ProjectedPathLLBI-exp-RootCuts,FPP-SAA,FPP-Branch-Benders-ProjectedPathLLBI-exp-RootCuts,FPP-SAA-fpp_base,-4.7,-1.875573646,-23.06758452,0.9874284838,-0.82823443,-0.587,0.03
new20x20_reburn,reburn,Expected,0.01,100,case04,FPP-SAA-fpp_base,FPP-Branch-Benders-RootCuts,FPP-SAA,FPP-Branch-Benders-RootCuts,FPP-SAA-fpp_base,-4.77,-1.903507722,-34.08412163,0.9814246226,-0.80378324,-0.552,0.04
new20x20_reburn,reburn,Expected,0.01,100,case04,FPP-SAA-fpp_base,FPP-Branch-Benders-Combinatorial,FPP-SAA,FPP-Branch-Benders-Combinatorial,FPP-SAA-fpp_base,-5.22,-2.083083922,-21.42558469,0.9883233511,-0.80886718,-0.742,0.03
new20x20_reburn,reburn,MeanCVaR,0.01,100,case04,FPP-SAA-fpp_base,FPP-Branch-Benders-MeanCVaR-LLBI-RootCuts,FPP-SAA-MeanCVaR,FPP-Branch-Benders-LLBI-RootCuts,FPP-SAA-fpp_base,-1257.605,-79.66786185,-109.3660173,0.942865473,-0.80381047,-0.743,0.02
new20x20_reburn,reburn,MeanCVaR,0.01,100,case04,FPP-SAA-fpp_base,FPP-Branch-Benders-MeanCVaR-ProjectedCoverageLLBI-exp-RootCuts,FPP-SAA-MeanCVaR,FPP-Branch-Benders-ProjectedCoverageLLBI-exp-RootCuts,FPP-SAA-fpp_base,-1257.655,-79.67102929,-37.78205414,0.9802620609,-0.79009308,-0.786,-0.03
new20x20_reburn,reburn,MeanCVaR,0.01,100,case04,FPP-SAA-fpp_base,FPP-Branch-Benders-MeanCVaR-ProjectedPathLLBI-exp-RootCuts,FPP-SAA-MeanCVaR,FPP-Branch-Benders-ProjectedPathLLBI-exp-RootCuts,FPP-SAA-fpp_base,-1257.24,-79.64473951,-108.424956,0.9433570982,-0.83929046,-0.433,-0.03
new20x20_reburn,reburn,MeanCVaR,0.01,100,case04,FPP-SAA-fpp_base,FPP-Branch-Benders-MeanCVaR-RootCuts,FPP-SAA-MeanCVaR,FPP-Branch-Benders-RootCuts,FPP-SAA-fpp_base,-1257.48,-79.65994324,-113.2483259,0.9408372939,-0.80146455,-0.732,-0.06
new20x20_reburn,reburn,MeanCVaR,0.01,100,case04,FPP-SAA-fpp_base,FPP-Branch-Benders-Combinatorial-MeanCVaR,FPP-SAA-MeanCVaR,FPP-Branch-Benders-Combinatorial,FPP-SAA-fpp_base,-1257.875,-79.68496605,-85.22429824,0.9554774866,-0.79876559,-1.09,-0.01
new20x20_reburn,reburn,CVaR,0.02,100,case00,FPP-SAA-fpp_base,FPP-Branch-Benders-CVaR-LLBI-RootCuts,FPP-SAA-CVaR,FPP-Branch-Benders-LLBI-RootCuts,FPP-SAA-fpp_base,-2701.8,-87.32949771,-196.7882274,0.9017141497,-0.61912882,-0.252,-0.02
new20x20_reburn,reburn,CVaR,0.02,100,case00,FPP-SAA-fpp_base,FPP-Branch-Benders-CVaR-ProjectedCoverageLLBI-exp-RootCuts,FPP-SAA-CVaR,FPP-Branch-Benders-ProjectedCoverageLLBI-exp-RootCuts,FPP-SAA-fpp_base,-2701.8,-87.32949771,-108.2309169,0.945944085,-0.62208083,-0.431,-0.05
new20x20_reburn,reburn,CVaR,0.02,100,case00,FPP-SAA-fpp_base,FPP-Branch-Benders-CVaR-ProjectedPathLLBI-exp-RootCuts,FPP-SAA-CVaR,FPP-Branch-Benders-ProjectedPathLLBI-exp-RootCuts,FPP-SAA-fpp_base,-2701.8,-87.32949771,-192.5908536,0.9038105274,-0.67225104,-0.094,-0.05
new20x20_reburn,reburn,CVaR,0.02,100,case00,FPP-SAA-fpp_base,FPP-Branch-Benders-CVaR-RootCuts,FPP-SAA-CVaR,FPP-Branch-Benders-RootCuts,FPP-SAA-fpp_base,-2701.8,-87.32949771,-199.7919305,0.9002139506,-0.63693303,-0.601,-0.01
new20x20_reburn,reburn,CVaR,0.02,100,case00,FPP-SAA-fpp_base,FPP-Branch-Benders-Combinatorial-CVaR,FPP-SAA-CVaR,FPP-Branch-Benders-Combinatorial,FPP-SAA-fpp_base,-2701.8,-87.32949771,-165.143762,0.9175189731,-0.77624231,-1.055,-0.04
new20x20_reburn,reburn,Expected,0.02,100,case00,FPP-SAA-fpp_base,FPP-Branch-Benders-LLBI-RootCuts,FPP-SAA,FPP-Branch-Benders-LLBI-RootCuts,FPP-SAA-fpp_base,-6.44,-2.392006834,-47.58183804,0.9743176529,-0.59595519,-1.015,0.08
new20x20_reburn,reburn,Expected,0.02,100,case00,FPP-SAA-fpp_base,FPP-Branch-Benders-ProjectedCoverageLLBI-exp-RootCuts,FPP-SAA,FPP-Branch-Benders-ProjectedCoverageLLBI-exp-RootCuts,FPP-SAA-fpp_base,-6.44,-2.392006834,96.07913232,1.051858813,-0.59955148,-0.554,0.03
new20x20_reburn,reburn,Expected,0.02,100,case00,FPP-SAA-fpp_base,FPP-Branch-Benders-ProjectedPathLLBI-exp-RootCuts,FPP-SAA,FPP-Branch-Benders-ProjectedPathLLBI-exp-RootCuts,FPP-SAA-fpp_base,-6.18,-2.29543513,-46.5097816,0.9748962965,-0.61270142,-0.981,0.05
new20x20_reburn,reburn,Expected,0.02,100,case00,FPP-SAA-fpp_base,FPP-Branch-Benders-RootCuts,FPP-SAA,FPP-Branch-Benders-RootCuts,FPP-SAA-fpp_base,-6.34,-2.354863871,-51.18628573,0.9723721485,-0.60113794,-0.778,0.12
new20x20_reburn,reburn,Expected,0.02,100,case00,FPP-SAA-fpp_base,FPP-Branch-Benders-Combinatorial,FPP-SAA,FPP-Branch-Benders-Combinatorial,FPP-SAA-fpp_base,-6.81,-2.529435798,-26.38455007,0.9857589114,-0.67084237,-0.941,0.03
new20x20_reburn,reburn,MeanCVaR,0.02,100,case00,FPP-SAA-fpp_base,FPP-Branch-Benders-MeanCVaR-LLBI-RootCuts,FPP-SAA-MeanCVaR,FPP-Branch-Benders-LLBI-RootCuts,FPP-SAA-fpp_base,-1353.995,-80.52280546,-78.79406169,0.9582457474,-0.61207302,-0.83,0
new20x20_reburn,reburn,MeanCVaR,0.02,100,case00,FPP-SAA-fpp_base,FPP-Branch-Benders-MeanCVaR-ProjectedCoverageLLBI-exp-RootCuts,FPP-SAA-MeanCVaR,FPP-Branch-Benders-ProjectedCoverageLLBI-exp-RootCuts,FPP-SAA-fpp_base,-1354.17,-80.53321281,-5.3084596,0.9971869611,-0.58649873,-0.777,-0.04
new20x20_reburn,reburn,MeanCVaR,0.02,100,case00,FPP-SAA-fpp_base,FPP-Branch-Benders-MeanCVaR-ProjectedPathLLBI-exp-RootCuts,FPP-SAA-MeanCVaR,FPP-Branch-Benders-ProjectedPathLLBI-exp-RootCuts,FPP-SAA-fpp_base,-1353.95,-80.52012929,-80.17801973,0.9575123656,-0.66340977,-0.78,-0.04
new20x20_reburn,reburn,MeanCVaR,0.02,100,case00,FPP-SAA-fpp_base,FPP-Branch-Benders-MeanCVaR-RootCuts,FPP-SAA-MeanCVaR,FPP-Branch-Benders-RootCuts,FPP-SAA-fpp_base,-1354.05,-80.52607634,-84.61705314,0.9551600497,-0.63178445,-0.824,-0.04
new20x20_reburn,reburn,MeanCVaR,0.02,100,case00,FPP-SAA-fpp_base,FPP-Branch-Benders-Combinatorial-MeanCVaR,FPP-SAA-MeanCVaR,FPP-Branch-Benders-Combinatorial,FPP-SAA-fpp_base,-1354.295,-80.54064662,-16.11572702,0.9914600146,-0.66252256,-1.055,-0.04
new20x20_reburn,reburn,CVaR,0.02,100,case01,FPP-SAA-fpp_base,FPP-Branch-Benders-CVaR-LLBI-RootCuts,FPP-SAA-CVaR,FPP-Branch-Benders-LLBI-RootCuts,FPP-SAA-fpp_base,-2579.6,-86.80845336,-88.42570445,0.9534649934,-0.61751096,0.387,-0.03
new20x20_reburn,reburn,CVaR,0.02,100,case01,FPP-SAA-fpp_base,FPP-Branch-Benders-CVaR-ProjectedCoverageLLBI-exp-RootCuts,FPP-SAA-CVaR,FPP-Branch-Benders-ProjectedCoverageLLBI-exp-RootCuts,FPP-SAA-fpp_base,-2579.6,-86.80845336,31.71299689,1.016689316,-0.61272624,0.009,-0.04
new20x20_reburn,reburn,CVaR,0.02,100,case01,FPP-SAA-fpp_base,FPP-Branch-Benders-CVaR-ProjectedPathLLBI-exp-RootCuts,FPP-SAA-CVaR,FPP-Branch-Benders-ProjectedPathLLBI-exp-RootCuts,FPP-SAA-fpp_base,-2579.6,-86.80845336,-89.32930426,0.952989464,-0.66723916,-0.206,-0.08
new20x20_reburn,reburn,CVaR,0.02,100,case01,FPP-SAA-fpp_base,FPP-Branch-Benders-CVaR-RootCuts,FPP-SAA-CVaR,FPP-Branch-Benders-RootCuts,FPP-SAA-fpp_base,-2579.6,-86.80845336,-99.32363467,0.9477298369,-0.62048399,-0.024,-0.02
new20x20_reburn,reburn,CVaR,0.02,100,case01,FPP-SAA-fpp_base,FPP-Branch-Benders-Combinatorial-CVaR,FPP-SAA-CVaR,FPP-Branch-Benders-Combinatorial,FPP-SAA-fpp_base,-2579.6,-86.80845336,-57.17927607,0.9699087725,-0.76376504,-1.024,-0.03
new20x20_reburn,reburn,Expected,0.02,100,case01,FPP-SAA-fpp_base,FPP-Branch-Benders-LLBI-RootCuts,FPP-SAA,FPP-Branch-Benders-LLBI-RootCuts,FPP-SAA-fpp_base,-7.66,-2.980312816,-22.10612875,0.9879011026,-0.6155432,-1.375,0.03
new20x20_reburn,reburn,Expected,0.02,100,case01,FPP-SAA-fpp_base,FPP-Branch-Benders-ProjectedCoverageLLBI-exp-RootCuts,FPP-SAA,FPP-Branch-Benders-ProjectedCoverageLLBI-exp-RootCuts,FPP-SAA-fpp_base,-7.16,-2.785775426,76.85413242,1.042063008,-0.59708246,-0.94,-0.01
new20x20_reburn,reburn,Expected,0.02,100,case01,FPP-SAA-fpp_base,FPP-Branch-Benders-ProjectedPathLLBI-exp-RootCuts,FPP-SAA,FPP-Branch-Benders-ProjectedPathLLBI-exp-RootCuts,FPP-SAA-fpp_base,-7.2,-2.801338417,-22.20281923,0.987848183,-0.66320739,-1.025,-0.06
new20x20_reburn,reburn,Expected,0.02,100,case01,FPP-SAA-fpp_base,FPP-Branch-Benders-RootCuts,FPP-SAA,FPP-Branch-Benders-RootCuts,FPP-SAA-fpp_base,-7.77,-3.023111042,-26.23187927,0.9856430396,-0.62600026,-1.319,-0.05
new20x20_reburn,reburn,Expected,0.02,100,case01,FPP-SAA-fpp_base,FPP-Branch-Benders-Combinatorial,FPP-SAA,FPP-Branch-Benders-Combinatorial,FPP-SAA-fpp_base,-8.64,-3.361606101,18.56271965,1.010159555,-0.63433242,-1.44,-0.05
new20x20_reburn,reburn,MeanCVaR,0.02,100,case01,FPP-SAA-fpp_base,FPP-Branch-Benders-MeanCVaR-LLBI-RootCuts,FPP-SAA-MeanCVaR,FPP-Branch-Benders-LLBI-RootCuts,FPP-SAA-fpp_base,-1293.55,-80.13021043,-124.8689261,0.9355322238,-0.61386805,-0.885,0.01
new20x20_reburn,reburn,MeanCVaR,0.02,100,case01,FPP-SAA-fpp_base,FPP-Branch-Benders-MeanCVaR-ProjectedCoverageLLBI-exp-RootCuts,FPP-SAA-MeanCVaR,FPP-Branch-Benders-ProjectedCoverageLLBI-exp-RootCuts,FPP-SAA-fpp_base,-1293.83,-80.1475553,-51.4243636,0.9734504454,-0.60710585,-0.895,0
new20x20_reburn,reburn,MeanCVaR,0.02,100,case01,FPP-SAA-fpp_base,FPP-Branch-Benders-MeanCVaR-ProjectedPathLLBI-exp-RootCuts,FPP-SAA-MeanCVaR,FPP-Branch-Benders-ProjectedPathLLBI-exp-RootCuts,FPP-SAA-fpp_base,-1293.11,-80.1029542,-129.8643326,0.9329531774,-0.64819281,-0.429,-0.05
new20x20_reburn,reburn,MeanCVaR,0.02,100,case01,FPP-SAA-fpp_base,FPP-Branch-Benders-MeanCVaR-RootCuts,FPP-SAA-MeanCVaR,FPP-Branch-Benders-RootCuts,FPP-SAA-fpp_base,-1293.19,-80.10790988,-135.9550858,0.9298086215,-0.62695841,-0.506,-0.03
new20x20_reburn,reburn,MeanCVaR,0.02,100,case01,FPP-SAA-fpp_base,FPP-Branch-Benders-Combinatorial-MeanCVaR,FPP-SAA-MeanCVaR,FPP-Branch-Benders-Combinatorial,FPP-SAA-fpp_base,-1294.12,-80.16551963,-109.7048922,0.9433611654,-0.62061481,-1.024,-0.03
new20x20_reburn,reburn,CVaR,0.02,100,case02,FPP-SAA-fpp_base,FPP-Branch-Benders-CVaR-LLBI-RootCuts,FPP-SAA-CVaR,FPP-Branch-Benders-LLBI-RootCuts,FPP-SAA-fpp_base,-2464.9,-86.2788337,-117.3229922,0.9392267478,-0.61361012,-0.923,0.03
new20x20_reburn,reburn,CVaR,0.02,100,case02,FPP-SAA-fpp_base,FPP-Branch-Benders-CVaR-ProjectedCoverageLLBI-exp-RootCuts,FPP-SAA-CVaR,FPP-Branch-Benders-ProjectedCoverageLLBI-exp-RootCuts,FPP-SAA-fpp_base,-2464.9,-86.2788337,-53.64393428,0.9722124685,-0.60965615,-0.71,0
new20x20_reburn,reburn,CVaR,0.02,100,case02,FPP-SAA-fpp_base,FPP-Branch-Benders-CVaR-ProjectedPathLLBI-exp-RootCuts,FPP-SAA-CVaR,FPP-Branch-Benders-ProjectedPathLLBI-exp-RootCuts,FPP-SAA-fpp_base,-2464.9,-86.2788337,-120.9593079,0.9373431381,-0.64957643,-0.263,0.01
new20x20_reburn,reburn,CVaR,0.02,100,case02,FPP-SAA-fpp_base,FPP-Branch-Benders-CVaR-RootCuts,FPP-SAA-CVaR,FPP-Branch-Benders-RootCuts,FPP-SAA-fpp_base,-2464.9,-86.2788337,-128.8532715,0.9332540688,-0.62621688,-0.29,0.02
new20x20_reburn,reburn,CVaR,0.02,100,case02,FPP-SAA-fpp_base,FPP-Branch-Benders-Combinatorial-CVaR,FPP-SAA-CVaR,FPP-Branch-Benders-Combinatorial,FPP-SAA-fpp_base,-2464.9,-86.2788337,-56.59437876,0.9706841397,-0.77148428,-1.468,-0.01
new20x20_reburn,reburn,Expected,0.02,100,case02,FPP-SAA-fpp_base,FPP-Branch-Benders-LLBI-RootCuts,FPP-SAA,FPP-Branch-Benders-LLBI-RootCuts,FPP-SAA-fpp_base,-5.73,-2.333536958,-35.55469897,0.9806842541,-0.60405895,-0.966,-0.01
new20x20_reburn,reburn,Expected,0.02,100,case02,FPP-SAA-fpp_base,FPP-Branch-Benders-ProjectedCoverageLLBI-exp-RootCuts,FPP-SAA,FPP-Branch-Benders-ProjectedCoverageLLBI-exp-RootCuts,FPP-SAA-fpp_base,-5.87,-2.390551822,64.18905938,1.03487189,-0.61063219,-1.164,0.01
new20x20_reburn,reburn,Expected,0.02,100,case02,FPP-SAA-fpp_base,FPP-Branch-Benders-ProjectedPathLLBI-exp-RootCuts,FPP-SAA,FPP-Branch-Benders-ProjectedPathLLBI-exp-RootCuts,FPP-SAA-fpp_base,-5.7,-2.321319487,-36.11555881,0.9803795567,-0.65605142,-1.012,0.04
new20x20_reburn,reburn,Expected,0.02,100,case02,FPP-SAA-fpp_base,FPP-Branch-Benders-RootCuts,FPP-SAA,FPP-Branch-Benders-RootCuts,FPP-SAA-fpp_base,-5.83,-2.374261861,-38.6207193,0.9790185821,-0.61718384,-0.705,0.02
new20x20_reburn,reburn,Expected,0.02,100,case02,FPP-SAA-fpp_base,FPP-Branch-Benders-Combinatorial,FPP-SAA,FPP-Branch-Benders-Combinatorial,FPP-SAA-fpp_base,-6.82,-2.777438404,16.4476642,1.008935497,-0.66406223,-1.438,-0.02
new20x20_reburn,reburn,MeanCVaR,0.02,100,case02,FPP-SAA-fpp_base,FPP-Branch-Benders-MeanCVaR-LLBI-RootCuts,FPP-SAA-MeanCVaR,FPP-Branch-Benders-LLBI-RootCuts,FPP-SAA-fpp_base,-1235.29,-79.63216642,-93.18481946,0.9510865249,-0.61207391,-0.695,0.04
new20x20_reburn,reburn,MeanCVaR,0.02,100,case02,FPP-SAA-fpp_base,FPP-Branch-Benders-MeanCVaR-ProjectedCoverageLLBI-exp-RootCuts,FPP-SAA-MeanCVaR,FPP-Branch-Benders-ProjectedCoverageLLBI-exp-RootCuts,FPP-SAA-fpp_base,-1235.375,-79.63764589,-34.59495484,0.9818408248,-0.61838275,-0.76,0.05
new20x20_reburn,reburn,MeanCVaR,0.02,100,case02,FPP-SAA-fpp_base,FPP-Branch-Benders-MeanCVaR-ProjectedPathLLBI-exp-RootCuts,FPP-SAA-MeanCVaR,FPP-Branch-Benders-ProjectedPathLLBI-exp-RootCuts,FPP-SAA-fpp_base,-1235.26,-79.63023249,-99.00995176,0.9480288653,-0.66061812,-1.089,0.03
new20x20_reburn,reburn,MeanCVaR,0.02,100,case02,FPP-SAA-fpp_base,FPP-Branch-Benders-MeanCVaR-RootCuts,FPP-SAA-MeanCVaR,FPP-Branch-Benders-RootCuts,FPP-SAA-fpp_base,-1235.345,-79.63571196,-103.1069154,0.9458783355,-0.62169538,-0.707,0.03
new20x20_reburn,reburn,MeanCVaR,0.02,100,case02,FPP-SAA-fpp_base,FPP-Branch-Benders-Combinatorial-MeanCVaR,FPP-SAA-MeanCVaR,FPP-Branch-Benders-Combinatorial,FPP-SAA-fpp_base,-1235.88,-79.67020039,-38.47087099,0.9798063247,-0.6195087,-1.468,-0.01
new20x20_reburn,reburn,CVaR,0.02,100,case03,FPP-SAA-fpp_base,FPP-Branch-Benders-CVaR-LLBI-RootCuts,FPP-SAA-CVaR,FPP-Branch-Benders-LLBI-RootCuts,FPP-SAA-fpp_base,-2737.3,-87.47323683,-122.728,0.9365783944,-0.60668859,-0.354,-0.03
new20x20_reburn,reburn,CVaR,0.02,100,case03,FPP-SAA-fpp_base,FPP-Branch-Benders-CVaR-ProjectedCoverageLLBI-exp-RootCuts,FPP-SAA-CVaR,FPP-Branch-Benders-ProjectedCoverageLLBI-exp-RootCuts,FPP-SAA-fpp_base,-2737.3,-87.47323683,-63.28670007,0.967295612,-0.60648453,-0.981,-0.06
new20x20_reburn,reburn,CVaR,0.02,100,case03,FPP-SAA-fpp_base,FPP-Branch-Benders-CVaR-ProjectedPathLLBI-exp-RootCuts,FPP-SAA-CVaR,FPP-Branch-Benders-ProjectedPathLLBI-exp-RootCuts,FPP-SAA-fpp_base,-2737.3,-87.47323683,-113.6178257,0.9412862188,-0.64265972,-0.112,-0.05
new20x20_reburn,reburn,CVaR,0.02,100,case03,FPP-SAA-fpp_base,FPP-Branch-Benders-CVaR-RootCuts,FPP-SAA-CVaR,FPP-Branch-Benders-RootCuts,FPP-SAA-fpp_base,-2737.3,-87.47323683,-133.1518832,0.9311916903,-0.63027255,-0.596,0
new20x20_reburn,reburn,CVaR,0.02,100,case03,FPP-SAA-fpp_base,FPP-Branch-Benders-Combinatorial-CVaR,FPP-SAA-CVaR,FPP-Branch-Benders-Combinatorial,FPP-SAA-fpp_base,-2737.3,-87.47323683,-99.19390186,0.9487400061,-0.75314392,-1.294,-0.05
new20x20_reburn,reburn,Expected,0.02,100,case03,FPP-SAA-fpp_base,FPP-Branch-Benders-LLBI-RootCuts,FPP-SAA,FPP-Branch-Benders-LLBI-RootCuts,FPP-SAA-fpp_base,-6.59,-2.421102906,-11.4259503,0.9937088767,-0.59311185,-0.434,0.02
new20x20_reburn,reburn,Expected,0.02,100,case03,FPP-SAA-fpp_base,FPP-Branch-Benders-ProjectedCoverageLLBI-exp-RootCuts,FPP-SAA,FPP-Branch-Benders-ProjectedCoverageLLBI-exp-RootCuts,FPP-SAA-fpp_base,-6.95,-2.553363459,39.25408583,1.021613283,-0.59654755,-1.13,0.06
new20x20_reburn,reburn,Expected,0.02,100,case03,FPP-SAA-fpp_base,FPP-Branch-Benders-ProjectedPathLLBI-exp-RootCuts,FPP-SAA,FPP-Branch-Benders-ProjectedPathLLBI-exp-RootCuts,FPP-SAA-fpp_base,-6.57,-2.413755098,-10.1766288,0.9943967526,-0.62484978,-0.491,0.02
new20x20_reburn,reburn,Expected,0.02,100,case03,FPP-SAA-fpp_base,FPP-Branch-Benders-RootCuts,FPP-SAA,FPP-Branch-Benders-RootCuts,FPP-SAA-fpp_base,-6.66,-2.446820236,-13.99786061,0.992292784,-0.60773193,-0.805,0.07
new20x20_reburn,reburn,Expected,0.02,100,case03,FPP-SAA-fpp_base,FPP-Branch-Benders-Combinatorial,FPP-SAA,FPP-Branch-Benders-Combinatorial,FPP-SAA-fpp_base,-7.91,-2.906058268,39.58143182,1.021793519,-0.6258759,-1.054,0.02
new20x20_reburn,reburn,MeanCVaR,0.02,100,case03,FPP-SAA-fpp_base,FPP-Branch-Benders-MeanCVaR-LLBI-RootCuts,FPP-SAA-MeanCVaR,FPP-Branch-Benders-LLBI-RootCuts,FPP-SAA-fpp_base,-1372.455,-80.6825764,-81.12400854,0.9572001953,-0.62165018,-1.346,-0.03
new20x20_reburn,reburn,MeanCVaR,0.02,100,case03,FPP-SAA-fpp_base,FPP-Branch-Benders-MeanCVaR-ProjectedCoverageLLBI-exp-RootCuts,FPP-SAA-MeanCVaR,FPP-Branch-Benders-ProjectedCoverageLLBI-exp-RootCuts,FPP-SAA-fpp_base,-1372.275,-80.67199473,-31.70052194,0.9832752822,-0.60139861,-1.378,-0.01
new20x20_reburn,reburn,MeanCVaR,0.02,100,case03,FPP-SAA-fpp_base,FPP-Branch-Benders-MeanCVaR-ProjectedPathLLBI-exp-RootCuts,FPP-SAA-MeanCVaR,FPP-Branch-Benders-ProjectedPathLLBI-exp-RootCuts,FPP-SAA-fpp_base,-1372.13,-80.66347061,-88.64298908,0.9532332945,-0.6653342,-0.59,-0.09
new20x20_reburn,reburn,MeanCVaR,0.02,100,case03,FPP-SAA-fpp_base,FPP-Branch-Benders-MeanCVaR-RootCuts,FPP-SAA-MeanCVaR,FPP-Branch-Benders-RootCuts,FPP-SAA-fpp_base,-1372.335,-80.67552196,-93.27911491,0.9507873443,-0.61877281,-1.047,-0.07
new20x20_reburn,reburn,MeanCVaR,0.02,100,case03,FPP-SAA-fpp_base,FPP-Branch-Benders-Combinatorial-MeanCVaR,FPP-SAA-MeanCVaR,FPP-Branch-Benders-Combinatorial,FPP-SAA-fpp_base,-1372.915,-80.70961844,-42.55509552,0.9775485727,-0.61860319,-1.294,-0.05
new20x20_reburn,reburn,CVaR,0.02,100,case04,FPP-SAA-fpp_base,FPP-Branch-Benders-CVaR-LLBI-RootCuts,FPP-SAA-CVaR,FPP-Branch-Benders-LLBI-RootCuts,FPP-SAA-fpp_base,-2514.5,-86.51298813,-108.7354391,0.9432055615,-0.60042117,-0.334,-0.01
new20x20_reburn,reburn,CVaR,0.02,100,case04,FPP-SAA-fpp_base,FPP-Branch-Benders-CVaR-ProjectedCoverageLLBI-exp-RootCuts,FPP-SAA-CVaR,FPP-Branch-Benders-ProjectedCoverageLLBI-exp-RootCuts,FPP-SAA-fpp_base,-2514.5,-86.51298813,55.55439888,1.029017043,-0.60108511,-0.25,-0.06
new20x20_reburn,reburn,CVaR,0.02,100,case04,FPP-SAA-fpp_base,FPP-Branch-Benders-CVaR-ProjectedPathLLBI-exp-RootCuts,FPP-SAA-CVaR,FPP-Branch-Benders-ProjectedPathLLBI-exp-RootCuts,FPP-SAA-fpp_base,-2514.5,-86.51298813,-102.8201771,0.9462952072,-0.65571255,-0.386,-0.01
new20x20_reburn,reburn,CVaR,0.02,100,case04,FPP-SAA-fpp_base,FPP-Branch-Benders-CVaR-RootCuts,FPP-SAA-CVaR,FPP-Branch-Benders-RootCuts,FPP-SAA-fpp_base,-2514.5,-86.51298813,-113.6135243,0.9406576515,-0.6220142,-0.325,-0.04
new20x20_reburn,reburn,CVaR,0.02,100,case04,FPP-SAA-fpp_base,FPP-Branch-Benders-Combinatorial-CVaR,FPP-SAA-CVaR,FPP-Branch-Benders-Combinatorial,FPP-SAA-fpp_base,-2514.5,-86.51298813,-67.05639979,0.9649752592,-0.74994437,-1.278,-0.02
new20x20_reburn,reburn,Expected,0.02,100,case04,FPP-SAA-fpp_base,FPP-Branch-Benders-LLBI-RootCuts,FPP-SAA,FPP-Branch-Benders-LLBI-RootCuts,FPP-SAA-fpp_base,-7.39,-2.9500998,-46.38679265,0.9749439287,-0.60610888,-0.812,0
new20x20_reburn,reburn,Expected,0.02,100,case04,FPP-SAA-fpp_base,FPP-Branch-Benders-ProjectedCoverageLLBI-exp-RootCuts,FPP-SAA,FPP-Branch-Benders-ProjectedCoverageLLBI-exp-RootCuts,FPP-SAA-fpp_base,-7.39,-2.9500998,34.25694232,1.018504068,-0.61491139,-0.912,0.07
new20x20_reburn,reburn,Expected,0.02,100,case04,FPP-SAA-fpp_base,FPP-Branch-Benders-ProjectedPathLLBI-exp-RootCuts,FPP-SAA,FPP-Branch-Benders-ProjectedPathLLBI-exp-RootCuts,FPP-SAA-fpp_base,-6.96,-2.778443114,-37.8497937,0.9795552339,-0.6755993,-0.48,0
new20x20_reburn,reburn,Expected,0.02,100,case04,FPP-SAA-fpp_base,FPP-Branch-Benders-RootCuts,FPP-SAA,FPP-Branch-Benders-RootCuts,FPP-SAA-fpp_base,-7.01,-2.798403194,-49.54072946,0.9732403131,-0.63437497,-0.516,0.03
new20x20_reburn,reburn,Expected,0.02,100,case04,FPP-SAA-fpp_base,FPP-Branch-Benders-Combinatorial,FPP-SAA,FPP-Branch-Benders-Combinatorial,FPP-SAA-fpp_base,-8.77,-3.500998004,-13.3341273,0.9927975007,-0.65895911,-1.008,0.02
new20x20_reburn,reburn,MeanCVaR,0.02,100,case04,FPP-SAA-fpp_base,FPP-Branch-Benders-MeanCVaR-LLBI-RootCuts,FPP-SAA-MeanCVaR,FPP-Branch-Benders-LLBI-RootCuts,FPP-SAA-fpp_base,-1260.985,-79.88425831,-90.78737632,0.9521476915,-0.60383417,-1.087,-0.04
new20x20_reburn,reburn,MeanCVaR,0.02,100,case04,FPP-SAA-fpp_base,FPP-Branch-Benders-MeanCVaR-ProjectedCoverageLLBI-exp-RootCuts,FPP-SAA-MeanCVaR,FPP-Branch-Benders-ProjectedCoverageLLBI-exp-RootCuts,FPP-SAA-fpp_base,-1260.775,-79.87095466,80.56748921,1.042465599,-0.58255917,-0.824,-0.02
new20x20_reburn,reburn,MeanCVaR,0.02,100,case04,FPP-SAA-fpp_base,FPP-Branch-Benders-MeanCVaR-ProjectedPathLLBI-exp-RootCuts,FPP-SAA-MeanCVaR,FPP-Branch-Benders-ProjectedPathLLBI-exp-RootCuts,FPP-SAA-fpp_base,-1260.61,-79.8605018,-85.1293712,0.9551299189,-0.65553319,-0.64,-0.04
new20x20_reburn,reburn,MeanCVaR,0.02,100,case04,FPP-SAA-fpp_base,FPP-Branch-Benders-MeanCVaR-RootCuts,FPP-SAA-MeanCVaR,FPP-Branch-Benders-RootCuts,FPP-SAA-fpp_base,-1261.17,-79.89597818,-94.06030584,0.9504225922,-0.61636957,-1.197,0.01
new20x20_reburn,reburn,MeanCVaR,0.02,100,case04,FPP-SAA-fpp_base,FPP-Branch-Benders-Combinatorial-MeanCVaR,FPP-SAA-MeanCVaR,FPP-Branch-Benders-Combinatorial,FPP-SAA-fpp_base,-1261.65,-79.92638651,-55.87215853,0.9705508422,-0.63529182,-1.278,-0.02
new20x20_reburn,reburn,CVaR,0.03,100,case00,FPP-SAA-fpp_base,FPP-Branch-Benders-CVaR-LLBI-RootCuts,FPP-SAA-CVaR,FPP-Branch-Benders-LLBI-RootCuts,FPP-SAA-fpp_base,-2705.8,-87.45878854,-78.17481076,0.9585051717,-0.46614938,-1,-0.07
new20x20_reburn,reburn,CVaR,0.03,100,case00,FPP-SAA-fpp_base,FPP-Branch-Benders-CVaR-ProjectedCoverageLLBI-exp-RootCuts,FPP-SAA-CVaR,FPP-Branch-Benders-ProjectedCoverageLLBI-exp-RootCuts,FPP-SAA-fpp_base,-2705.8,-87.45878854,4.58227983,1.002432253,-0.46370983,-1.098,0.01
new20x20_reburn,reburn,CVaR,0.03,100,case00,FPP-SAA-fpp_base,FPP-Branch-Benders-CVaR-ProjectedPathLLBI-exp-RootCuts,FPP-SAA-CVaR,FPP-Branch-Benders-ProjectedPathLLBI-exp-RootCuts,FPP-SAA-fpp_base,-2705.7,-87.45555627,-78.15349445,0.9585164863,-0.46494549,-0.697,-0.09
new20x20_reburn,reburn,CVaR,0.03,100,case00,FPP-SAA-fpp_base,FPP-Branch-Benders-CVaR-RootCuts,FPP-SAA-CVaR,FPP-Branch-Benders-RootCuts,FPP-SAA-fpp_base,-2705.8,-87.45878854,-82.96788202,0.9559610316,-0.48309845,-0.735,0.04
new20x20_reburn,reburn,CVaR,0.03,100,case00,FPP-SAA-fpp_base,FPP-Branch-Benders-Combinatorial-CVaR,FPP-SAA-CVaR,FPP-Branch-Benders-Combinatorial,FPP-SAA-fpp_base,-2705.8,-87.45878854,24.96821835,1.013253015,-0.66114388,-1.361,0.04
new20x20_reburn,reburn,Expected,0.03,100,case00,FPP-SAA-fpp_base,FPP-Branch-Benders-LLBI-RootCuts,FPP-SAA,FPP-Branch-Benders-LLBI-RootCuts,FPP-SAA-fpp_base,-9.27,-3.444688046,-4.11196434,0.9977275295,-0.44918347,-0.821,0.05
new20x20_reburn,reburn,Expected,0.03,100,case00,FPP-SAA-fpp_base,FPP-Branch-Benders-ProjectedCoverageLLBI-exp-RootCuts,FPP-SAA,FPP-Branch-Benders-ProjectedCoverageLLBI-exp-RootCuts,FPP-SAA-fpp_base,-9.05,-3.362937089,126.5373604,1.06993067,-0.43543297,-0.935,0
new20x20_reburn,reburn,Expected,0.03,100,case00,FPP-SAA-fpp_base,FPP-Branch-Benders-ProjectedPathLLBI-exp-RootCuts,FPP-SAA,FPP-Branch-Benders-ProjectedPathLLBI-exp-RootCuts,FPP-SAA-fpp_base,-9.1,-3.381516852,8.44066593,1.004664721,-0.49062578,-0.441,0.07
new20x20_reburn,reburn,Expected,0.03,100,case00,FPP-SAA-fpp_base,FPP-Branch-Benders-RootCuts,FPP-SAA,FPP-Branch-Benders-RootCuts,FPP-SAA-fpp_base,-9.14,-3.396380662,-7.34096713,0.9959430263,-0.45282089,-0.502,0.1
new20x20_reburn,reburn,Expected,0.03,100,case00,FPP-SAA-fpp_base,FPP-Branch-Benders-Combinatorial,FPP-SAA,FPP-Branch-Benders-Combinatorial,FPP-SAA-fpp_base,-9.8,-3.641633533,99.96411943,1.055245011,-0.53073271,-0.897,0.09
new20x20_reburn,reburn,MeanCVaR,0.03,100,case00,FPP-SAA-fpp_base,FPP-Branch-Benders-MeanCVaR-LLBI-RootCuts,FPP-SAA-MeanCVaR,FPP-Branch-Benders-LLBI-RootCuts,FPP-SAA-fpp_base,-1357.495,-80.73191257,-126.1909682,0.9349274363,-0.42839655,-1.113,0
new20x20_reburn,reburn,MeanCVaR,0.03,100,case00,FPP-SAA-fpp_base,FPP-Branch-Benders-MeanCVaR-ProjectedCoverageLLBI-exp-RootCuts,FPP-SAA-MeanCVaR,FPP-Branch-Benders-ProjectedCoverageLLBI-exp-RootCuts,FPP-SAA-fpp_base,-1357.565,-80.73607555,13.26695177,1.006841334,-0.42667307,-1.173,0.05
new20x20_reburn,reburn,MeanCVaR,0.03,100,case00,FPP-SAA-fpp_base,FPP-Branch-Benders-MeanCVaR-ProjectedPathLLBI-exp-RootCuts,FPP-SAA-MeanCVaR,FPP-Branch-Benders-ProjectedPathLLBI-exp-RootCuts,FPP-SAA-fpp_base,-1357.385,-80.72537073,-132.4459213,0.9317019611,-0.49847921,-1.279,0.06
new20x20_reburn,reburn,MeanCVaR,0.03,100,case00,FPP-SAA-fpp_base,FPP-Branch-Benders-MeanCVaR-RootCuts,FPP-SAA-MeanCVaR,FPP-Branch-Benders-RootCuts,FPP-SAA-fpp_base,-1357.45,-80.72923636,-138.2263272,0.9287211945,-0.44970008,-0.881,-0.01
new20x20_reburn,reburn,MeanCVaR,0.03,100,case00,FPP-SAA-fpp_base,FPP-Branch-Benders-Combinatorial-MeanCVaR,FPP-SAA-MeanCVaR,FPP-Branch-Benders-Combinatorial,FPP-SAA-fpp_base,-1357.83,-80.75183543,-70.46246637,0.9636648058,-0.50715447,-1.361,0.04
new20x20_reburn,reburn,CVaR,0.03,100,case01,FPP-SAA-fpp_base,FPP-Branch-Benders-CVaR-LLBI-RootCuts,FPP-SAA-CVaR,FPP-Branch-Benders-LLBI-RootCuts,FPP-SAA-fpp_base,-2583.6,-86.94306098,-113.2801863,0.9409395606,-0.45036949,0.453,0.01
new20x20_reburn,reburn,CVaR,0.03,100,case01,FPP-SAA-fpp_base,FPP-Branch-Benders-CVaR-ProjectedCoverageLLBI-exp-RootCuts,FPP-SAA-CVaR,FPP-Branch-Benders-ProjectedCoverageLLBI-exp-RootCuts,FPP-SAA-fpp_base,-2583.6,-86.94306098,17.66315551,1.009208969,-0.45798567,-0.686,0.04
new20x20_reburn,reburn,CVaR,0.03,100,case01,FPP-SAA-fpp_base,FPP-Branch-Benders-CVaR-ProjectedPathLLBI-exp-RootCuts,FPP-SAA-CVaR,FPP-Branch-Benders-ProjectedPathLLBI-exp-RootCuts,FPP-SAA-fpp_base,-2583.6,-86.94306098,-109.7619791,0.9427738342,-0.50369345,0.056,-0.01
new20x20_reburn,reburn,CVaR,0.03,100,case01,FPP-SAA-fpp_base,FPP-Branch-Benders-CVaR-RootCuts,FPP-SAA-CVaR,FPP-Branch-Benders-RootCuts,FPP-SAA-fpp_base,-2583.6,-86.94306098,-117.0159257,0.938991873,-0.47238316,-0.116,0.09
new20x20_reburn,reburn,CVaR,0.03,100,case01,FPP-SAA-fpp_base,FPP-Branch-Benders-Combinatorial-CVaR,FPP-SAA-CVaR,FPP-Branch-Benders-Combinatorial,FPP-SAA-fpp_base,-2583.6,-86.94306098,-46.96936495,0.9755117693,-0.64768261,-1.469,0.01
new20x20_reburn,reburn,Expected,0.03,100,case01,FPP-SAA-fpp_base,FPP-Branch-Benders-LLBI-RootCuts,FPP-SAA,FPP-Branch-Benders-LLBI-RootCuts,FPP-SAA-fpp_base,-10.72,-4.172017902,-8.30967996,0.9954160893,-0.44786148,-1.779,0.02
new20x20_reburn,reburn,Expected,0.03,100,case01,FPP-SAA-fpp_base,FPP-Branch-Benders-ProjectedCoverageLLBI-exp-RootCuts,FPP-SAA,FPP-Branch-Benders-ProjectedCoverageLLBI-exp-RootCuts,FPP-SAA-fpp_base,-10.36,-4.031912824,92.76694348,1.051173497,-0.45052326,-1.835,0.05
new20x20_reburn,reburn,Expected,0.03,100,case01,FPP-SAA-fpp_base,FPP-Branch-Benders-ProjectedPathLLBI-exp-RootCuts,FPP-SAA,FPP-Branch-Benders-ProjectedPathLLBI-exp-RootCuts,FPP-SAA-fpp_base,-11.01,-4.284880327,3.30476963,1.001823027,-0.47680126,-1.988,-0.03
new20x20_reburn,reburn,Expected,0.03,100,case01,FPP-SAA-fpp_base,FPP-Branch-Benders-RootCuts,FPP-SAA,FPP-Branch-Benders-RootCuts,FPP-SAA-fpp_base,-10.2,-3.9696439,-11.86393503,0.9934554377,-0.47682415,-1.653,-0.02
new20x20_reburn,reburn,Expected,0.03,100,case01,FPP-SAA-fpp_base,FPP-Branch-Benders-Combinatorial,FPP-SAA,FPP-Branch-Benders-Combinatorial,FPP-SAA-fpp_base,-12.09,-4.705195563,86.76638316,1.047863378,-0.52035133,-2.081,-0.02
new20x20_reburn,reburn,MeanCVaR,0.03,100,case01,FPP-SAA-fpp_base,FPP-Branch-Benders-MeanCVaR-LLBI-RootCuts,FPP-SAA-MeanCVaR,FPP-Branch-Benders-LLBI-RootCuts,FPP-SAA-fpp_base,-1296.75,-80.33092563,-88.73100178,0.9531385398,-0.46970084,-0.82,-0.01
new20x20_reburn,reburn,MeanCVaR,0.03,100,case01,FPP-SAA-fpp_base,FPP-Branch-Benders-MeanCVaR-ProjectedCoverageLLBI-exp-RootCuts,FPP-SAA-MeanCVaR,FPP-Branch-Benders-ProjectedCoverageLLBI-exp-RootCuts,FPP-SAA-fpp_base,-1296.98,-80.34517364,-21.91492655,0.9884260807,-0.47005495,-1.152,-0.02
new20x20_reburn,reburn,MeanCVaR,0.03,100,case01,FPP-SAA-fpp_base,FPP-Branch-Benders-MeanCVaR-ProjectedPathLLBI-exp-RootCuts,FPP-SAA-MeanCVaR,FPP-Branch-Benders-ProjectedPathLLBI-exp-RootCuts,FPP-SAA-fpp_base,-1296.685,-80.32689901,-84.29967347,0.955478855,-0.51006564,-0.727,0.02
new20x20_reburn,reburn,MeanCVaR,0.03,100,case01,FPP-SAA-fpp_base,FPP-Branch-Benders-MeanCVaR-RootCuts,FPP-SAA-MeanCVaR,FPP-Branch-Benders-RootCuts,FPP-SAA-fpp_base,-1296.745,-80.33061589,-91.60719595,0.9516195368,-0.45406214,-1.036,0.11
new20x20_reburn,reburn,MeanCVaR,0.03,100,case01,FPP-SAA-fpp_base,FPP-Branch-Benders-Combinatorial-MeanCVaR,FPP-SAA-MeanCVaR,FPP-Branch-Benders-Combinatorial,FPP-SAA-fpp_base,-1297.83,-80.39782935,-22.8333544,0.9879410318,-0.46068031,-1.469,0.01
new20x20_reburn,reburn,CVaR,0.03,100,case02,FPP-SAA-fpp_base,FPP-Branch-Benders-CVaR-LLBI-RootCuts,FPP-SAA-CVaR,FPP-Branch-Benders-LLBI-RootCuts,FPP-SAA-fpp_base,-2468.9,-86.4188456,-87.05924781,0.9539822871,-0.45485284,-0.937,0.13
new20x20_reburn,reburn,CVaR,0.03,100,case02,FPP-SAA-fpp_base,FPP-Branch-Benders-CVaR-ProjectedCoverageLLBI-exp-RootCuts,FPP-SAA-CVaR,FPP-Branch-Benders-ProjectedCoverageLLBI-exp-RootCuts,FPP-SAA-fpp_base,-2468.9,-86.4188456,18.39620123,1.00972385,-0.44544945,-0.934,0.04
new20x20_reburn,reburn,CVaR,0.03,100,case02,FPP-SAA-fpp_base,FPP-Branch-Benders-CVaR-ProjectedPathLLBI-exp-RootCuts,FPP-SAA-CVaR,FPP-Branch-Benders-ProjectedPathLLBI-exp-RootCuts,FPP-SAA-fpp_base,-2468.9,-86.4188456,-85.7958288,0.9546501042,-0.48234277,-0.685,0.09
new20x20_reburn,reburn,CVaR,0.03,100,case02,FPP-SAA-fpp_base,FPP-Branch-Benders-CVaR-RootCuts,FPP-SAA-CVaR,FPP-Branch-Benders-RootCuts,FPP-SAA-fpp_base,-2468.9,-86.4188456,-90.42288169,0.95220434,-0.45505255,-0.853,0.03
new20x20_reburn,reburn,CVaR,0.03,100,case02,FPP-SAA-fpp_base,FPP-Branch-Benders-Combinatorial-CVaR,FPP-SAA-CVaR,FPP-Branch-Benders-Combinatorial,FPP-SAA-fpp_base,-2468.9,-86.4188456,-28.36385284,0.9850074556,-0.65417673,-2.288,-0.03
new20x20_reburn,reburn,Expected,0.03,100,case02,FPP-SAA-fpp_base,FPP-Branch-Benders-LLBI-RootCuts,FPP-SAA,FPP-Branch-Benders-LLBI-RootCuts,FPP-SAA-fpp_base,-8.61,-3.50712831,-8.19028737,0.995498398,-0.42925091,-1.455,0.02
new20x20_reburn,reburn,Expected,0.03,100,case02,FPP-SAA-fpp_base,FPP-Branch-Benders-ProjectedCoverageLLBI-exp-RootCuts,FPP-SAA,FPP-Branch-Benders-ProjectedCoverageLLBI-exp-RootCuts,FPP-SAA-fpp_base,-8.75,-3.564154786,104.615055,1.057499245,-0.45680861,-1.261,-0.01
new20x20_reburn,reburn,Expected,0.03,100,case02,FPP-SAA-fpp_base,FPP-Branch-Benders-ProjectedPathLLBI-exp-RootCuts,FPP-SAA,FPP-Branch-Benders-ProjectedPathLLBI-exp-RootCuts,FPP-SAA-fpp_base,-8.63,-3.515274949,-12.55492779,0.9930994744,-0.480986,-1.546,0
new20x20_reburn,reburn,Expected,0.03,100,case02,FPP-SAA-fpp_base,FPP-Branch-Benders-RootCuts,FPP-SAA,FPP-Branch-Benders-RootCuts,FPP-SAA-fpp_base,-8.71,-3.547861507,-17.16718205,0.9905644556,-0.4633798,-1.691,-0.04
new20x20_reburn,reburn,Expected,0.03,100,case02,FPP-SAA-fpp_base,FPP-Branch-Benders-Combinatorial,FPP-SAA,FPP-Branch-Benders-Combinatorial,FPP-SAA-fpp_base,-10.61,-4.321792261,62.68003213,1.034450629,-0.5526408,-2.205,-0.05
new20x20_reburn,reburn,MeanCVaR,0.03,100,case02,FPP-SAA-fpp_base,FPP-Branch-Benders-MeanCVaR-LLBI-RootCuts,FPP-SAA-MeanCVaR,FPP-Branch-Benders-LLBI-RootCuts,FPP-SAA-fpp_base,-1238.6,-79.84863185,-106.4056847,0.9443743841,-0.45798806,-1.045,0.09
new20x20_reburn,reburn,MeanCVaR,0.03,100,case02,FPP-SAA-fpp_base,FPP-Branch-Benders-MeanCVaR-ProjectedCoverageLLBI-exp-RootCuts,FPP-SAA-MeanCVaR,FPP-Branch-Benders-ProjectedCoverageLLBI-exp-RootCuts,FPP-SAA-fpp_base,-1238.64,-79.85121053,-27.30323379,0.98572671,-0.4548074,-1.008,0.04
new20x20_reburn,reburn,MeanCVaR,0.03,100,case02,FPP-SAA-fpp_base,FPP-Branch-Benders-MeanCVaR-ProjectedPathLLBI-exp-RootCuts,FPP-SAA-MeanCVaR,FPP-Branch-Benders-ProjectedPathLLBI-exp-RootCuts,FPP-SAA-fpp_base,-1238.5,-79.84218517,-107.3113739,0.9439009176,-0.46583961,-1.096,-0.01
new20x20_reburn,reburn,MeanCVaR,0.03,100,case02,FPP-SAA-fpp_base,FPP-Branch-Benders-MeanCVaR-RootCuts,FPP-SAA-MeanCVaR,FPP-Branch-Benders-RootCuts,FPP-SAA-fpp_base,-1238.555,-79.84573084,-111.8584458,0.9415238484,-0.42348944,-1.538,0.07
new20x20_reburn,reburn,MeanCVaR,0.03,100,case02,FPP-SAA-fpp_base,FPP-Branch-Benders-Combinatorial-MeanCVaR,FPP-SAA-MeanCVaR,FPP-Branch-Benders-Combinatorial,FPP-SAA-fpp_base,-1239.74,-79.92212405,-33.89977238,0.9822782427,-0.46561422,-2.288,-0.03
new20x20_reburn,reburn,CVaR,0.03,100,case03,FPP-SAA-fpp_base,FPP-Branch-Benders-CVaR-LLBI-RootCuts,FPP-SAA-CVaR,FPP-Branch-Benders-LLBI-RootCuts,FPP-SAA-fpp_base,-2741.3,-87.60106094,-132.8023413,0.9316553438,-0.45277252,-0.5,-0.06
new20x20_reburn,reburn,CVaR,0.03,100,case03,FPP-SAA-fpp_base,FPP-Branch-Benders-CVaR-ProjectedCoverageLLBI-exp-RootCuts,FPP-SAA-CVaR,FPP-Branch-Benders-ProjectedCoverageLLBI-exp-RootCuts,FPP-SAA-fpp_base,-2741.3,-87.60106094,-46.38859879,0.9761268303,-0.46167674,-1.028,-0.03
new20x20_reburn,reburn,CVaR,0.03,100,case03,FPP-SAA-fpp_base,FPP-Branch-Benders-CVaR-ProjectedPathLLBI-exp-RootCuts,FPP-SAA-CVaR,FPP-Branch-Benders-ProjectedPathLLBI-exp-RootCuts,FPP-SAA-fpp_base,-2741.3,-87.60106094,-128.7719569,0.9337295184,-0.48939727,-0.618,-0.02
new20x20_reburn,reburn,CVaR,0.03,100,case03,FPP-SAA-fpp_base,FPP-Branch-Benders-CVaR-RootCuts,FPP-SAA-CVaR,FPP-Branch-Benders-RootCuts,FPP-SAA-fpp_base,-2741.3,-87.60106094,-141.9374586,0.926954098,-0.48655,-0.676,-0.04
new20x20_reburn,reburn,CVaR,0.03,100,case03,FPP-SAA-fpp_base,FPP-Branch-Benders-Combinatorial-CVaR,FPP-SAA-CVaR,FPP-Branch-Benders-Combinatorial,FPP-SAA-fpp_base,-2741.3,-87.60106094,-55.74362083,0.9713124139,-0.65132008,-1.554,-0.03
new20x20_reburn,reburn,Expected,0.03,100,case03,FPP-SAA-fpp_base,FPP-Branch-Benders-LLBI-RootCuts,FPP-SAA,FPP-Branch-Benders-LLBI-RootCuts,FPP-SAA-fpp_base,-10.83,-3.984107714,-18.34590789,0.989943217,-0.42537199,-1.253,0.05
new20x20_reburn,reburn,Expected,0.03,100,case03,FPP-SAA-fpp_base,FPP-Branch-Benders-ProjectedCoverageLLBI-exp-RootCuts,FPP-SAA,FPP-Branch-Benders-ProjectedCoverageLLBI-exp-RootCuts,FPP-SAA-fpp_base,-9.5,-3.494831328,98.88727665,1.054207613,-0.43941531,-0.749,0
new20x20_reburn,reburn,Expected,0.03,100,case03,FPP-SAA-fpp_base,FPP-Branch-Benders-ProjectedPathLLBI-exp-RootCuts,FPP-SAA,FPP-Branch-Benders-ProjectedPathLLBI-exp-RootCuts,FPP-SAA-fpp_base,-9.41,-3.4617224,-16.07942357,0.9911856489,-0.4987905,-1.129,0.12
new20x20_reburn,reburn,Expected,0.03,100,case03,FPP-SAA-fpp_base,FPP-Branch-Benders-RootCuts,FPP-SAA,FPP-Branch-Benders-RootCuts,FPP-SAA-fpp_base,-13.56,-4.988411875,-21.54129196,0.9881915847,-0.46228917,-1.929,0.04
new20x20_reburn,reburn,Expected,0.03,100,case03,FPP-SAA-fpp_base,FPP-Branch-Benders-Combinatorial,FPP-SAA,FPP-Branch-Benders-Combinatorial,FPP-SAA-fpp_base,-11.16,-4.105507118,52.99271917,1.029049327,-0.5272441,-1.331,0.05
new20x20_reburn,reburn,MeanCVaR,0.03,100,case03,FPP-SAA-fpp_base,FPP-Branch-Benders-MeanCVaR-LLBI-RootCuts,FPP-SAA-MeanCVaR,FPP-Branch-Benders-LLBI-RootCuts,FPP-SAA-fpp_base,-1375.52,-80.86370945,-35.89187526,0.9806193629,-0.4094649,-0.788,-0.01
new20x20_reburn,reburn,MeanCVaR,0.03,100,case03,FPP-SAA-fpp_base,FPP-Branch-Benders-MeanCVaR-ProjectedCoverageLLBI-exp-RootCuts,FPP-SAA-MeanCVaR,FPP-Branch-Benders-ProjectedCoverageLLBI-exp-RootCuts,FPP-SAA-fpp_base,-1375.625,-80.86988216,60.10907291,1.032457266,-0.45355417,-0.985,0.02
new20x20_reburn,reburn,MeanCVaR,0.03,100,case03,FPP-SAA-fpp_base,FPP-Branch-Benders-MeanCVaR-ProjectedPathLLBI-exp-RootCuts,FPP-SAA-MeanCVaR,FPP-Branch-Benders-ProjectedPathLLBI-exp-RootCuts,FPP-SAA-fpp_base,-1375.71,-80.87487912,-33.52643353,0.9818966372,-0.50923233,-0.672,-0.09
new20x20_reburn,reburn,MeanCVaR,0.03,100,case03,FPP-SAA-fpp_base,FPP-Branch-Benders-MeanCVaR-RootCuts,FPP-SAA-MeanCVaR,FPP-Branch-Benders-RootCuts,FPP-SAA-fpp_base,-1375.665,-80.87223367,-48.20638083,0.9739698646,-0.48398896,-1.212,-0.05
new20x20_reburn,reburn,MeanCVaR,0.03,100,case03,FPP-SAA-fpp_base,FPP-Branch-Benders-Combinatorial-MeanCVaR,FPP-SAA-MeanCVaR,FPP-Branch-Benders-Combinatorial,FPP-SAA-fpp_base,-1376.7,-80.93307898,26.0410248,1.014061446,-0.48520701,-1.554,-0.03
new20x20_reburn,reburn,CVaR,0.03,100,case04,FPP-SAA-fpp_base,FPP-Branch-Benders-CVaR-LLBI-RootCuts,FPP-SAA-CVaR,FPP-Branch-Benders-LLBI-RootCuts,FPP-SAA-fpp_base,-2518.5,-86.6506107,-115.4619277,0.9398842032,-0.4579713,-0.55,-0.01
new20x20_reburn,reburn,CVaR,0.03,100,case04,FPP-SAA-fpp_base,FPP-Branch-Benders-CVaR-ProjectedCoverageLLBI-exp-RootCuts,FPP-SAA-CVaR,FPP-Branch-Benders-ProjectedCoverageLLBI-exp-RootCuts,FPP-SAA-fpp_base,-2518.5,-86.6506107,2.68160376,1.00139619,-0.448418,-0.985,-0.01
new20x20_reburn,reburn,CVaR,0.03,100,case04,FPP-SAA-fpp_base,FPP-Branch-Benders-CVaR-ProjectedPathLLBI-exp-RootCuts,FPP-SAA-CVaR,FPP-Branch-Benders-ProjectedPathLLBI-exp-RootCuts,FPP-SAA-fpp_base,-2518.5,-86.6506107,-111.2724395,0.94206548,-0.49190107,-0.739,0.01
new20x20_reburn,reburn,CVaR,0.03,100,case04,FPP-SAA-fpp_base,FPP-Branch-Benders-CVaR-RootCuts,FPP-SAA-CVaR,FPP-Branch-Benders-RootCuts,FPP-SAA-fpp_base,-2518.5,-86.6506107,-119.5948676,0.9377323686,-0.46412893,-0.137,-0.05
new20x20_reburn,reburn,CVaR,0.03,100,case04,FPP-SAA-fpp_base,FPP-Branch-Benders-Combinatorial-CVaR,FPP-SAA-CVaR,FPP-Branch-Benders-Combinatorial,FPP-SAA-fpp_base,-2518.5,-86.6506107,-61.35223685,0.9680566688,-0.65443353,-1.349,-0.03
new20x20_reburn,reburn,Expected,0.03,100,case04,FPP-SAA-fpp_base,FPP-Branch-Benders-LLBI-RootCuts,FPP-SAA,FPP-Branch-Benders-LLBI-RootCuts,FPP-SAA-fpp_base,-9.82,-3.920942304,-0.79090306,0.9995630139,-0.46081889,-0.836,0.05
new20x20_reburn,reburn,Expected,0.03,100,case04,FPP-SAA-fpp_base,FPP-Branch-Benders-ProjectedCoverageLLBI-exp-RootCuts,FPP-SAA,FPP-Branch-Benders-ProjectedCoverageLLBI-exp-RootCuts,FPP-SAA-fpp_base,-9.96,-3.976841685,81.54601786,1.045055428,-0.48023784,-0.789,0.03
new20x20_reburn,reburn,Expected,0.03,100,case04,FPP-SAA-fpp_base,FPP-Branch-Benders-ProjectedPathLLBI-exp-RootCuts,FPP-SAA,FPP-Branch-Benders-ProjectedPathLLBI-exp-RootCuts,FPP-SAA-fpp_base,-9.62,-3.841086045,-0.60161142,0.9996676004,-0.49271465,-0.545,0.06
new20x20_reburn,reburn,Expected,0.03,100,case04,FPP-SAA-fpp_base,FPP-Branch-Benders-RootCuts,FPP-SAA,FPP-Branch-Benders-RootCuts,FPP-SAA-fpp_base,-10.1,-4.032741066,-7.91999475,0.9956240812,-0.48266839,-0.922,0.01
new20x20_reburn,reburn,Expected,0.03,100,case04,FPP-SAA-fpp_base,FPP-Branch-Benders-Combinatorial,FPP-SAA,FPP-Branch-Benders-Combinatorial,FPP-SAA-fpp_base,-11.79,-4.707526452,43.45107301,1.024007386,-0.54199344,-1.284,0.03
new20x20_reburn,reburn,MeanCVaR,0.03,100,case04,FPP-SAA-fpp_base,FPP-Branch-Benders-MeanCVaR-LLBI-RootCuts,FPP-SAA-MeanCVaR,FPP-Branch-Benders-LLBI-RootCuts,FPP-SAA-fpp_base,-1264.245,-80.0917963,-76.81937613,0.9592081564,-0.4362919,-1.242,-0.01
new20x20_reburn,reburn,MeanCVaR,0.03,100,case04,FPP-SAA-fpp_base,FPP-Branch-Benders-MeanCVaR-ProjectedCoverageLLBI-exp-RootCuts,FPP-SAA-MeanCVaR,FPP-Branch-Benders-ProjectedCoverageLLBI-exp-RootCuts,FPP-SAA-fpp_base,-1264.02,-80.07754222,84.8772695,1.045070664,-0.43130261,-1.15,0.02
new20x20_reburn,reburn,MeanCVaR,0.03,100,case04,FPP-SAA-fpp_base,FPP-Branch-Benders-MeanCVaR-ProjectedPathLLBI-exp-RootCuts,FPP-SAA-MeanCVaR,FPP-Branch-Benders-ProjectedPathLLBI-exp-RootCuts,FPP-SAA-fpp_base,-1264.415,-80.10256605,-71.21052348,0.9621865123,-0.46256485,-1.498,-0.02
new20x20_reburn,reburn,MeanCVaR,0.03,100,case04,FPP-SAA-fpp_base,FPP-Branch-Benders-MeanCVaR-RootCuts,FPP-SAA-MeanCVaR,FPP-Branch-Benders-RootCuts,FPP-SAA-fpp_base,-1264.26,-80.09274657,-79.58527438,0.9577394373,-0.45808067,-1.174,0.03
new20x20_reburn,reburn,MeanCVaR,0.03,100,case04,FPP-SAA-fpp_base,FPP-Branch-Benders-Combinatorial-MeanCVaR,FPP-SAA-MeanCVaR,FPP-Branch-Benders-Combinatorial,FPP-SAA-fpp_base,-1265.115,-80.14691209,-8.80985714,0.9953218793,-0.49773302,-1.664,-0.02
new20x20_reburn,reburn,CVaR,0.01,200,case00,FPP-SAA-fpp_base,FPP-Branch-Benders-CVaR-LLBI-RootCuts,FPP-SAA-CVaR,FPP-Branch-Benders-LLBI-RootCuts,FPP-SAA-fpp_base,-2619.15,-86.86632506,-389.8613491,0.8236553196,-0.78329396,-0.677,-0.04
new20x20_reburn,reburn,CVaR,0.01,200,case00,FPP-SAA-fpp_base,FPP-Branch-Benders-CVaR-ProjectedCoverageLLBI-exp-RootCuts,FPP-SAA-CVaR,FPP-Branch-Benders-ProjectedCoverageLLBI-exp-RootCuts,FPP-SAA-fpp_base,-2619.15,-86.86632506,-169.5222599,0.9233205631,-0.7412866,-0.213,-0.05
new20x20_reburn,reburn,CVaR,0.01,200,case00,FPP-SAA-fpp_base,FPP-Branch-Benders-CVaR-ProjectedPathLLBI-exp-RootCuts,FPP-SAA-CVaR,FPP-Branch-Benders-ProjectedPathLLBI-exp-RootCuts,FPP-SAA-fpp_base,-2619.15,-86.86632506,-394.2547852,0.8216680514,-0.83859499,-0.17,-0.01
new20x20_reburn,reburn,CVaR,0.01,200,case00,FPP-SAA-fpp_base,FPP-Branch-Benders-CVaR-RootCuts,FPP-SAA-CVaR,FPP-Branch-Benders-RootCuts,FPP-SAA-fpp_base,-2619.15,-86.86632506,-408.931107,0.8150295598,-0.79576023,-0.553,-0.03
new20x20_reburn,reburn,CVaR,0.01,200,case00,FPP-SAA-fpp_base,FPP-Branch-Benders-Combinatorial-CVaR,FPP-SAA-CVaR,FPP-Branch-Benders-Combinatorial,FPP-SAA-fpp_base,-2619.1,-86.86466677,-356.7797726,0.8386189985,-0.88049734,-1.157,-0.05
new20x20_reburn,reburn,Expected,0.01,200,case00,FPP-SAA-fpp_base,FPP-Branch-Benders-LLBI-RootCuts,FPP-SAA,FPP-Branch-Benders-LLBI-RootCuts,FPP-SAA-fpp_base,-2.86,-1.094736842,7.67195594,1.004250061,-0.72899964,-0.404,-0.02
new20x20_reburn,reburn,Expected,0.01,200,case00,FPP-SAA-fpp_base,FPP-Branch-Benders-ProjectedCoverageLLBI-exp-RootCuts,FPP-SAA,FPP-Branch-Benders-ProjectedCoverageLLBI-exp-RootCuts,FPP-SAA-fpp_base,-2.96,-1.133014354,230.418705,1.12764589,-0.72142151,-0.516,0.01
new20x20_reburn,reburn,Expected,0.01,200,case00,FPP-SAA-fpp_base,FPP-Branch-Benders-ProjectedPathLLBI-exp-RootCuts,FPP-SAA,FPP-Branch-Benders-ProjectedPathLLBI-exp-RootCuts,FPP-SAA-fpp_base,-3.145,-1.203827751,3.04209857,1.001685242,-0.79775836,-0.989,0.01
new20x20_reburn,reburn,Expected,0.01,200,case00,FPP-SAA-fpp_base,FPP-Branch-Benders-RootCuts,FPP-SAA,FPP-Branch-Benders-RootCuts,FPP-SAA-fpp_base,-2.87,-1.098564593,3.75335968,1.002079262,-0.73134239,-0.369,0
new20x20_reburn,reburn,Expected,0.01,200,case00,FPP-SAA-fpp_base,FPP-Branch-Benders-Combinatorial,FPP-SAA,FPP-Branch-Benders-Combinatorial,FPP-SAA-fpp_base,-3.415,-1.307177033,54.86670724,1.03039471,-0.80904345,-1.057,-0.01
new20x20_reburn,reburn,MeanCVaR,0.01,200,case00,FPP-SAA-fpp_base,FPP-Branch-Benders-MeanCVaR-LLBI-RootCuts,FPP-SAA-MeanCVaR,FPP-Branch-Benders-LLBI-RootCuts,FPP-SAA-fpp_base,-1311.12,-80.02929866,-39.74348926,0.9785851795,-0.76844651,-0.773,-0.03
new20x20_reburn,reburn,MeanCVaR,0.01,200,case00,FPP-SAA-fpp_base,FPP-Branch-Benders-MeanCVaR-ProjectedCoverageLLBI-exp-RootCuts,FPP-SAA-MeanCVaR,FPP-Branch-Benders-ProjectedCoverageLLBI-exp-RootCuts,FPP-SAA-fpp_base,-1311.2625,-80.0379967,195.6496845,1.105421113,-0.74083167,-0.852,-0.08
new20x20_reburn,reburn,MeanCVaR,0.01,200,case00,FPP-SAA-fpp_base,FPP-Branch-Benders-MeanCVaR-ProjectedPathLLBI-exp-RootCuts,FPP-SAA-MeanCVaR,FPP-Branch-Benders-ProjectedPathLLBI-exp-RootCuts,FPP-SAA-fpp_base,-1311.06,-80.02563633,-42.25027784,0.9772344569,-0.82383419,-0.591,-0.03
new20x20_reburn,reburn,MeanCVaR,0.01,200,case00,FPP-SAA-fpp_base,FPP-Branch-Benders-MeanCVaR-RootCuts,FPP-SAA-MeanCVaR,FPP-Branch-Benders-RootCuts,FPP-SAA-fpp_base,-1311.04,-80.02441555,-53.56903956,0.9711356152,-0.7863194,-0.417,0
new20x20_reburn,reburn,MeanCVaR,0.01,200,case00,FPP-SAA-fpp_base,FPP-Branch-Benders-Combinatorial-MeanCVaR,FPP-SAA-MeanCVaR,FPP-Branch-Benders-Combinatorial,FPP-SAA-fpp_base,-1311.3575,-80.0437954,0.9205926,1.000496039,-0.82423476,-1.157,-0.05
new20x20_reburn,reburn,CVaR,0.01,200,case01,FPP-SAA-fpp_base,FPP-Branch-Benders-CVaR-LLBI-RootCuts,FPP-SAA-CVaR,FPP-Branch-Benders-LLBI-RootCuts,FPP-SAA-fpp_base,-2596.65,-86.76758057,-358.4963639,0.8355212724,-0.76289005,-0.294,-0.03
new20x20_reburn,reburn,CVaR,0.01,200,case01,FPP-SAA-fpp_base,FPP-Branch-Benders-CVaR-ProjectedCoverageLLBI-exp-RootCuts,FPP-SAA-CVaR,FPP-Branch-Benders-ProjectedCoverageLLBI-exp-RootCuts,FPP-SAA-fpp_base,-2596.65,-86.76758057,-182.6487723,0.9162004397,-0.77984515,-0.332,0
new20x20_reburn,reburn,CVaR,0.01,200,case01,FPP-SAA-fpp_base,FPP-Branch-Benders-CVaR-ProjectedPathLLBI-exp-RootCuts,FPP-SAA-CVaR,FPP-Branch-Benders-ProjectedPathLLBI-exp-RootCuts,FPP-SAA-fpp_base,-2596.65,-86.76758057,-364.6595296,0.8326936018,-0.82306533,-0.321,-0.06
new20x20_reburn,reburn,CVaR,0.01,200,case01,FPP-SAA-fpp_base,FPP-Branch-Benders-CVaR-RootCuts,FPP-SAA-CVaR,FPP-Branch-Benders-RootCuts,FPP-SAA-fpp_base,-2596.65,-86.76758057,-374.4565857,0.8281986961,-0.78937437,-0.426,-0.05
new20x20_reburn,reburn,CVaR,0.01,200,case01,FPP-SAA-fpp_base,FPP-Branch-Benders-Combinatorial-CVaR,FPP-SAA-CVaR,FPP-Branch-Benders-Combinatorial,FPP-SAA-fpp_base,-2596.6,-86.76590981,-332.8848125,0.8472718948,-0.87841575,-1.003,-0.03
new20x20_reburn,reburn,Expected,0.01,200,case01,FPP-SAA-fpp_base,FPP-Branch-Benders-LLBI-RootCuts,FPP-SAA,FPP-Branch-Benders-LLBI-RootCuts,FPP-SAA-fpp_base,-3.675,-1.418973706,12.76822274,1.007086512,-0.74665471,-0.752,-0.07
new20x20_reburn,reburn,Expected,0.01,200,case01,FPP-SAA-fpp_base,FPP-Branch-Benders-ProjectedCoverageLLBI-exp-RootCuts,FPP-SAA,FPP-Branch-Benders-ProjectedCoverageLLBI-exp-RootCuts,FPP-SAA-fpp_base,-3.755,-1.449862929,277.4422963,1.153983707,-0.7032434,-0.804,-0.04
new20x20_reburn,reburn,Expected,0.01,200,case01,FPP-SAA-fpp_base,FPP-Branch-Benders-ProjectedPathLLBI-exp-RootCuts,FPP-SAA,FPP-Branch-Benders-ProjectedPathLLBI-exp-RootCuts,FPP-SAA-fpp_base,-4.285,-1.654504035,17.66254088,1.009802916,-0.80818053,-0.87,-0.04
new20x20_reburn,reburn,Expected,0.01,200,case01,FPP-SAA-fpp_base,FPP-Branch-Benders-RootCuts,FPP-SAA,FPP-Branch-Benders-RootCuts,FPP-SAA-fpp_base,-3.7,-1.428626588,2.49109329,1.001382586,-0.76822008,-0.597,-0.04
new20x20_reburn,reburn,Expected,0.01,200,case01,FPP-SAA-fpp_base,FPP-Branch-Benders-Combinatorial,FPP-SAA,FPP-Branch-Benders-Combinatorial,FPP-SAA-fpp_base,-4.455,-1.720143635,26.3983308,1.014651381,-0.78081799,-1.118,-0.03
new20x20_reburn,reburn,MeanCVaR,0.01,200,case01,FPP-SAA-fpp_base,FPP-Branch-Benders-MeanCVaR-LLBI-RootCuts,FPP-SAA-MeanCVaR,FPP-Branch-Benders-LLBI-RootCuts,FPP-SAA-fpp_base,-1300.545,-79.98849878,-89.90533409,0.9526859203,-0.7304474,-0.953,-0.03
new20x20_reburn,reburn,MeanCVaR,0.01,200,case01,FPP-SAA-fpp_base,FPP-Branch-Benders-MeanCVaR-ProjectedCoverageLLBI-exp-RootCuts,FPP-SAA-MeanCVaR,FPP-Branch-Benders-ProjectedCoverageLLBI-exp-RootCuts,FPP-SAA-fpp_base,-1300.2075,-79.96774124,56.19870752,1.029575443,-0.77974124,-0.563,-0.03
new20x20_reburn,reburn,MeanCVaR,0.01,200,case01,FPP-SAA-fpp_base,FPP-Branch-Benders-MeanCVaR-ProjectedPathLLBI-exp-RootCuts,FPP-SAA-MeanCVaR,FPP-Branch-Benders-ProjectedPathLLBI-exp-RootCuts,FPP-SAA-fpp_base,-1300.075,-79.95959198,-90.6057579,0.9523173114,-0.79992324,-0.54,-0.02
new20x20_reburn,reburn,MeanCVaR,0.01,200,case01,FPP-SAA-fpp_base,FPP-Branch-Benders-MeanCVaR-RootCuts,FPP-SAA-MeanCVaR,FPP-Branch-Benders-RootCuts,FPP-SAA-fpp_base,-1299.975,-79.9534416,-97.01695497,0.9489433193,-0.78865983,-0.412,-0.04
new20x20_reburn,reburn,MeanCVaR,0.01,200,case01,FPP-SAA-fpp_base,FPP-Branch-Benders-Combinatorial-MeanCVaR,FPP-SAA-MeanCVaR,FPP-Branch-Benders-Combinatorial,FPP-SAA-fpp_base,-1300.6225,-79.99326533,-70.85292557,0.9627125465,-0.80501539,-1.003,-0.03
new20x20_reburn,reburn,CVaR,0.01,200,case02,FPP-SAA-fpp_base,FPP-Branch-Benders-CVaR-LLBI-RootCuts,FPP-SAA-CVaR,FPP-Branch-Benders-LLBI-RootCuts,FPP-SAA-fpp_base,-2725.75,-87.31340893,-343.0165624,0.8410188327,-0.73989528,0.287,0.04
new20x20_reburn,reburn,CVaR,0.01,200,case02,FPP-SAA-fpp_base,FPP-Branch-Benders-CVaR-ProjectedCoverageLLBI-exp-RootCuts,FPP-SAA-CVaR,FPP-Branch-Benders-ProjectedCoverageLLBI-exp-RootCuts,FPP-SAA-fpp_base,-2725.8,-87.31501057,-107.0740267,0.9503733766,-0.78816154,0.104,-0.01
new20x20_reburn,reburn,CVaR,0.01,200,case02,FPP-SAA-fpp_base,FPP-Branch-Benders-CVaR-ProjectedPathLLBI-exp-RootCuts,FPP-SAA-CVaR,FPP-Branch-Benders-ProjectedPathLLBI-exp-RootCuts,FPP-SAA-fpp_base,-2725.8,-87.31501057,-341.8378268,0.8415651526,-0.83115345,0.243,-0.04
new20x20_reburn,reburn,CVaR,0.01,200,case02,FPP-SAA-fpp_base,FPP-Branch-Benders-CVaR-RootCuts,FPP-SAA-CVaR,FPP-Branch-Benders-RootCuts,FPP-SAA-fpp_base,-2725.8,-87.31501057,-354.765091,0.8355736298,-0.8042074,-0.133,0
new20x20_reburn,reburn,CVaR,0.01,200,case02,FPP-SAA-fpp_base,FPP-Branch-Benders-Combinatorial-CVaR,FPP-SAA-CVaR,FPP-Branch-Benders-Combinatorial,FPP-SAA-fpp_base,-2725.8,-87.31501057,-310.0019252,0.8563204424,-0.87428035,-0.883,0.01
new20x20_reburn,reburn,Expected,0.01,200,case02,FPP-SAA-fpp_base,FPP-Branch-Benders-LLBI-RootCuts,FPP-SAA,FPP-Branch-Benders-LLBI-RootCuts,FPP-SAA-fpp_base,-3.745,-1.376382815,24.91722235,1.013826676,-0.67958116,-0.875,0.01
new20x20_reburn,reburn,Expected,0.01,200,case02,FPP-SAA-fpp_base,FPP-Branch-Benders-ProjectedCoverageLLBI-exp-RootCuts,FPP-SAA,FPP-Branch-Benders-ProjectedCoverageLLBI-exp-RootCuts,FPP-SAA-fpp_base,-3.81,-1.400271969,216.0102519,1.11986504,-0.72766631,-0.909,0.06
new20x20_reburn,reburn,Expected,0.01,200,case02,FPP-SAA-fpp_base,FPP-Branch-Benders-ProjectedPathLLBI-exp-RootCuts,FPP-SAA,FPP-Branch-Benders-ProjectedPathLLBI-exp-RootCuts,FPP-SAA-fpp_base,-3.665,-1.346980778,9.57070297,1.005310825,-0.78296172,-0.83,0.02
new20x20_reburn,reburn,Expected,0.01,200,case02,FPP-SAA-fpp_base,FPP-Branch-Benders-RootCuts,FPP-SAA,FPP-Branch-Benders-RootCuts,FPP-SAA-fpp_base,-3.775,-1.387408578,0.0221983,1.000012318,-0.75923445,-0.733,0.02
new20x20_reburn,reburn,Expected,0.01,200,case02,FPP-SAA-fpp_base,FPP-Branch-Benders-Combinatorial,FPP-SAA,FPP-Branch-Benders-Combinatorial,FPP-SAA-fpp_base,-4.09,-1.503179095,58.40140696,1.032407198,-0.78838736,-1.26,0.03
new20x20_reburn,reburn,MeanCVaR,0.01,200,case02,FPP-SAA-fpp_base,FPP-Branch-Benders-MeanCVaR-LLBI-RootCuts,FPP-SAA-MeanCVaR,FPP-Branch-Benders-LLBI-RootCuts,FPP-SAA-fpp_base,-1364.67,-80.41875006,-40.79730319,0.9780595364,-0.76356712,-0.313,0
new20x20_reburn,reburn,MeanCVaR,0.01,200,case02,FPP-SAA-fpp_base,FPP-Branch-Benders-MeanCVaR-ProjectedCoverageLLBI-exp-RootCuts,FPP-SAA-MeanCVaR,FPP-Branch-Benders-ProjectedCoverageLLBI-exp-RootCuts,FPP-SAA-fpp_base,-1364.715,-80.42140186,194.2125198,1.104445941,-0.76692926,-0.366,-0.02
new20x20_reburn,reburn,MeanCVaR,0.01,200,case02,FPP-SAA-fpp_base,FPP-Branch-Benders-MeanCVaR-ProjectedPathLLBI-exp-RootCuts,FPP-SAA-MeanCVaR,FPP-Branch-Benders-ProjectedPathLLBI-exp-RootCuts,FPP-SAA-fpp_base,-1364.815,-80.42729477,-48.24187027,0.9740559078,-0.81266352,-0.377,-0.01
new20x20_reburn,reburn,MeanCVaR,0.01,200,case02,FPP-SAA-fpp_base,FPP-Branch-Benders-MeanCVaR-RootCuts,FPP-SAA-MeanCVaR,FPP-Branch-Benders-RootCuts,FPP-SAA-fpp_base,-1364.7125,-80.42125454,-54.87936317,0.9704863171,-0.78156023,-0.561,-0.02
new20x20_reburn,reburn,MeanCVaR,0.01,200,case02,FPP-SAA-fpp_base,FPP-Branch-Benders-Combinatorial-MeanCVaR,FPP-SAA-MeanCVaR,FPP-Branch-Benders-Combinatorial,FPP-SAA-fpp_base,-1364.955,-80.43554484,-25.87498751,0.9860846385,-0.80811005,-0.883,0.01
new20x20_reburn,reburn,CVaR,0.01,200,case03,FPP-SAA-fpp_base,FPP-Branch-Benders-CVaR-LLBI-RootCuts,FPP-SAA-CVaR,FPP-Branch-Benders-LLBI-RootCuts,FPP-SAA-fpp_base,-2745.25,-87.39355352,-428.866245,0.8094366715,-0.80553871,0.087,-0.03
new20x20_reburn,reburn,CVaR,0.01,200,case03,FPP-SAA-fpp_base,FPP-Branch-Benders-CVaR-ProjectedCoverageLLBI-exp-RootCuts,FPP-SAA-CVaR,FPP-Branch-Benders-ProjectedCoverageLLBI-exp-RootCuts,FPP-SAA-fpp_base,-2745.25,-87.39355352,-204.0192716,0.9093456482,-0.79933598,0.239,-0.05
new20x20_reburn,reburn,CVaR,0.01,200,case03,FPP-SAA-fpp_base,FPP-Branch-Benders-CVaR-ProjectedPathLLBI-exp-RootCuts,FPP-SAA-CVaR,FPP-Branch-Benders-ProjectedPathLLBI-exp-RootCuts,FPP-SAA-fpp_base,-2745.25,-87.39355352,-434.3193174,0.8070136419,-0.83162707,0.314,-0.02
new20x20_reburn,reburn,CVaR,0.01,200,case03,FPP-SAA-fpp_base,FPP-Branch-Benders-CVaR-RootCuts,FPP-SAA-CVaR,FPP-Branch-Benders-RootCuts,FPP-SAA-fpp_base,-2745.25,-87.39355352,-447.6858932,0.8010743095,-0.77795547,0.227,-0.01
new20x20_reburn,reburn,CVaR,0.01,200,case03,FPP-SAA-fpp_base,FPP-Branch-Benders-Combinatorial-CVaR,FPP-SAA-CVaR,FPP-Branch-Benders-Combinatorial,FPP-SAA-fpp_base,-2745.15,-87.39037008,-382.7315249,0.82993627,-0.87426533,-0.693,-0.01
new20x20_reburn,reburn,Expected,0.01,200,case03,FPP-SAA-fpp_base,FPP-Branch-Benders-LLBI-RootCuts,FPP-SAA,FPP-Branch-Benders-LLBI-RootCuts,FPP-SAA-fpp_base,-3.6,-1.314468279,12.79503652,1.007092062,-0.72176677,-0.849,0.04
new20x20_reburn,reburn,Expected,0.01,200,case03,FPP-SAA-fpp_base,FPP-Branch-Benders-ProjectedCoverageLLBI-exp-RootCuts,FPP-SAA,FPP-Branch-Benders-ProjectedCoverageLLBI-exp-RootCuts,FPP-SAA-fpp_base,-3.795,-1.385668644,251.4102283,1.139352244,-0.72156642,-0.721,0.02
new20x20_reburn,reburn,Expected,0.01,200,case03,FPP-SAA-fpp_base,FPP-Branch-Benders-ProjectedPathLLBI-exp-RootCuts,FPP-SAA,FPP-Branch-Benders-ProjectedPathLLBI-exp-RootCuts,FPP-SAA-fpp_base,-3.565,-1.301688727,12.40776006,1.006877402,-0.78089391,-0.631,0.03
new20x20_reburn,reburn,Expected,0.01,200,case03,FPP-SAA-fpp_base,FPP-Branch-Benders-RootCuts,FPP-SAA,FPP-Branch-Benders-RootCuts,FPP-SAA-fpp_base,-3.47,-1.267001369,-2.08633734,0.9988435801,-0.74723859,-0.651,0.04
new20x20_reburn,reburn,Expected,0.01,200,case03,FPP-SAA-fpp_base,FPP-Branch-Benders-Combinatorial,FPP-SAA,FPP-Branch-Benders-Combinatorial,FPP-SAA-fpp_base,-3.86,-1.409402099,62.78649876,1.034801446,-0.78057194,-0.949,0.05
new20x20_reburn,reburn,MeanCVaR,0.01,200,case03,FPP-SAA-fpp_base,FPP-Branch-Benders-MeanCVaR-LLBI-RootCuts,FPP-SAA-MeanCVaR,FPP-Branch-Benders-LLBI-RootCuts,FPP-SAA-fpp_base,-1374.425,-80.48681221,-72.01778965,0.9619149207,-0.7762005,-0.384,0.01
new20x20_reburn,reburn,MeanCVaR,0.01,200,case03,FPP-SAA-fpp_base,FPP-Branch-Benders-MeanCVaR-ProjectedCoverageLLBI-exp-RootCuts,FPP-SAA-MeanCVaR,FPP-Branch-Benders-ProjectedCoverageLLBI-exp-RootCuts,FPP-SAA-fpp_base,-1374.435,-80.48739781,126.8756084,1.067095472,-0.77864322,-0.359,-0.03
new20x20_reburn,reburn,MeanCVaR,0.01,200,case03,FPP-SAA-fpp_base,FPP-Branch-Benders-MeanCVaR-ProjectedPathLLBI-exp-RootCuts,FPP-SAA-MeanCVaR,FPP-Branch-Benders-ProjectedPathLLBI-exp-RootCuts,FPP-SAA-fpp_base,-1374.3625,-80.48315219,-80.31233898,0.9575285244,-0.82528869,-0.222,0.02
new20x20_reburn,reburn,MeanCVaR,0.01,200,case03,FPP-SAA-fpp_base,FPP-Branch-Benders-MeanCVaR-RootCuts,FPP-SAA-MeanCVaR,FPP-Branch-Benders-RootCuts,FPP-SAA-fpp_base,-1374.4725,-80.48959383,-89.08790193,0.9528877542,-0.78930546,-0.636,-0.02
new20x20_reburn,reburn,MeanCVaR,0.01,200,case03,FPP-SAA-fpp_base,FPP-Branch-Benders-Combinatorial-MeanCVaR,FPP-SAA-MeanCVaR,FPP-Branch-Benders-Combinatorial,FPP-SAA-fpp_base,-1374.5825,-80.49603546,-60.07653736,0.9682297985,-0.80832763,-0.693,-0.01
new20x20_reburn,reburn,CVaR,0.01,200,case04,FPP-SAA-fpp_base,FPP-Branch-Benders-CVaR-LLBI-RootCuts,FPP-SAA-CVaR,FPP-Branch-Benders-LLBI-RootCuts,FPP-SAA-fpp_base,-2552.6,-86.56989758,-333.0037265,0.8446965855,-0.78995156,-0.088,-0.01
new20x20_reburn,reburn,CVaR,0.01,200,case04,FPP-SAA-fpp_base,FPP-Branch-Benders-CVaR-ProjectedCoverageLLBI-exp-RootCuts,FPP-SAA-CVaR,FPP-Branch-Benders-ProjectedCoverageLLBI-exp-RootCuts,FPP-SAA-fpp_base,-2552.6,-86.56989758,-114.6993741,0.9465074922,-0.80333621,-0.316,-0.05
new20x20_reburn,reburn,CVaR,0.01,200,case04,FPP-SAA-fpp_base,FPP-Branch-Benders-CVaR-ProjectedPathLLBI-exp-RootCuts,FPP-SAA-CVaR,FPP-Branch-Benders-ProjectedPathLLBI-exp-RootCuts,FPP-SAA-fpp_base,-2552.6,-86.56989758,-324.9677715,0.8484443251,-0.83136833,-0.119,-0.04
new20x20_reburn,reburn,CVaR,0.01,200,case04,FPP-SAA-fpp_base,FPP-Branch-Benders-CVaR-RootCuts,FPP-SAA-CVaR,FPP-Branch-Benders-RootCuts,FPP-SAA-fpp_base,-2552.6,-86.56989758,-339.4224644,0.8417030697,-0.81074199,-0.033,-0.04
new20x20_reburn,reburn,CVaR,0.01,200,case04,FPP-SAA-fpp_base,FPP-Branch-Benders-Combinatorial-CVaR,FPP-SAA-CVaR,FPP-Branch-Benders-Combinatorial,FPP-SAA-fpp_base,-2552.6,-86.56989758,-263.3990384,0.8771582214,-0.88204617,-0.899,-0.03
new20x20_reburn,reburn,Expected,0.01,200,case04,FPP-SAA-fpp_base,FPP-Branch-Benders-LLBI-RootCuts,FPP-SAA,FPP-Branch-Benders-LLBI-RootCuts,FPP-SAA-fpp_base,-3.5,-1.374651428,7.7308921,1.004288343,-0.70868272,-0.82,-0.03
new20x20_reburn,reburn,Expected,0.01,200,case04,FPP-SAA-fpp_base,FPP-Branch-Benders-ProjectedCoverageLLBI-exp-RootCuts,FPP-SAA,FPP-Branch-Benders-ProjectedCoverageLLBI-exp-RootCuts,FPP-SAA-fpp_base,-3.4,-1.335375673,187.3998108,1.103951092,-0.75037407,-0.836,-0.03
new20x20_reburn,reburn,Expected,0.01,200,case04,FPP-SAA-fpp_base,FPP-Branch-Benders-ProjectedPathLLBI-exp-RootCuts,FPP-SAA,FPP-Branch-Benders-ProjectedPathLLBI-exp-RootCuts,FPP-SAA-fpp_base,-3.47,-1.362868701,5.62538412,1.003120413,-0.78970869,-0.681,-0.04
new20x20_reburn,reburn,Expected,0.01,200,case04,FPP-SAA-fpp_base,FPP-Branch-Benders-RootCuts,FPP-SAA,FPP-Branch-Benders-RootCuts,FPP-SAA-fpp_base,-3.16,-1.24111386,1.71640692,1.000952095,-0.72914082,-0.873,0
new20x20_reburn,reburn,Expected,0.01,200,case04,FPP-SAA-fpp_base,FPP-Branch-Benders-Combinatorial,FPP-SAA,FPP-Branch-Benders-Combinatorial,FPP-SAA-fpp_base,-3.605,-1.415890971,26.37001422,1.014627506,-0.77522082,-1.025,0
new20x20_reburn,reburn,MeanCVaR,0.01,200,case04,FPP-SAA-fpp_base,FPP-Branch-Benders-MeanCVaR-LLBI-RootCuts,FPP-SAA-MeanCVaR,FPP-Branch-Benders-LLBI-RootCuts,FPP-SAA-fpp_base,-1278.075,-79.79552815,-170.7676157,0.9145057462,-0.74222422,-0.628,-0.06
new20x20_reburn,reburn,MeanCVaR,0.01,200,case04,FPP-SAA-fpp_base,FPP-Branch-Benders-MeanCVaR-ProjectedCoverageLLBI-exp-RootCuts,FPP-SAA-MeanCVaR,FPP-Branch-Benders-ProjectedCoverageLLBI-exp-RootCuts,FPP-SAA-fpp_base,-1278.0775,-79.79568424,-50.82400745,0.9745551252,-0.74000853,-0.696,-0.05
new20x20_reburn,reburn,MeanCVaR,0.01,200,case04,FPP-SAA-fpp_base,FPP-Branch-Benders-MeanCVaR-ProjectedPathLLBI-exp-RootCuts,FPP-SAA-MeanCVaR,FPP-Branch-Benders-ProjectedPathLLBI-exp-RootCuts,FPP-SAA-fpp_base,-1278,-79.79084559,-188.4112791,0.9056725033,-0.82318218,-0.508,-0.05
new20x20_reburn,reburn,MeanCVaR,0.01,200,case04,FPP-SAA-fpp_base,FPP-Branch-Benders-MeanCVaR-RootCuts,FPP-SAA-MeanCVaR,FPP-Branch-Benders-RootCuts,FPP-SAA-fpp_base,-1277.7225,-79.77352012,-192.3113096,0.9037199656,-0.76579156,-0.433,-0.04
new20x20_reburn,reburn,MeanCVaR,0.01,200,case04,FPP-SAA-fpp_base,FPP-Branch-Benders-Combinatorial-MeanCVaR,FPP-SAA-MeanCVaR,FPP-Branch-Benders-Combinatorial,FPP-SAA-fpp_base,-1278.185,-79.80239591,-138.1395028,0.9308409052,-0.80492492,-0.899,-0.03
new20x20_reburn,reburn,CVaR,0.02,200,case00,FPP-SAA-fpp_base,FPP-Branch-Benders-CVaR-LLBI-RootCuts,FPP-SAA-CVaR,FPP-Branch-Benders-LLBI-RootCuts,FPP-SAA-fpp_base,-2623.15,-86.99898844,-445.4571022,0.8039744332,-0.60627234,-0.87,0
new20x20_reburn,reburn,CVaR,0.02,200,case00,FPP-SAA-fpp_base,FPP-Branch-Benders-CVaR-ProjectedCoverageLLBI-exp-RootCuts,FPP-SAA-CVaR,FPP-Branch-Benders-ProjectedCoverageLLBI-exp-RootCuts,FPP-SAA-fpp_base,-2623.1,-86.99733015,-219.535552,0.9033923114,-0.58683397,-0.852,-0.02
new20x20_reburn,reburn,CVaR,0.02,200,case00,FPP-SAA-fpp_base,FPP-Branch-Benders-CVaR-ProjectedPathLLBI-exp-RootCuts,FPP-SAA-CVaR,FPP-Branch-Benders-ProjectedPathLLBI-exp-RootCuts,FPP-SAA-fpp_base,-2623.15,-86.99898844,-463.7831281,0.7959099763,-0.66232289,-0.451,0
new20x20_reburn,reburn,CVaR,0.02,200,case00,FPP-SAA-fpp_base,FPP-Branch-Benders-CVaR-RootCuts,FPP-SAA-CVaR,FPP-Branch-Benders-RootCuts,FPP-SAA-fpp_base,-2623.15,-86.99898844,-468.7367042,0.793730131,-0.61833174,-0.573,-0.03
new20x20_reburn,reburn,CVaR,0.02,200,case00,FPP-SAA-fpp_base,FPP-Branch-Benders-Combinatorial-CVaR,FPP-SAA-CVaR,FPP-Branch-Benders-Combinatorial,FPP-SAA-fpp_base,-2623.05,-86.99567186,-359.5893698,0.841760947,-0.75011777,-1.209,-0.04
new20x20_reburn,reburn,Expected,0.02,200,case00,FPP-SAA-fpp_base,FPP-Branch-Benders-LLBI-RootCuts,FPP-SAA,FPP-Branch-Benders-LLBI-RootCuts,FPP-SAA-fpp_base,-5.735,-2.196770919,11.47751047,1.006357206,-0.53315114,-0.725,-0.03
new20x20_reburn,reburn,Expected,0.02,200,case00,FPP-SAA-fpp_base,FPP-Branch-Benders-ProjectedCoverageLLBI-exp-RootCuts,FPP-SAA,FPP-Branch-Benders-ProjectedCoverageLLBI-exp-RootCuts,FPP-SAA-fpp_base,-5.92,-2.267634497,175.4524545,1.097180249,-0.54672419,-1.277,0.01
new20x20_reburn,reburn,Expected,0.02,200,case00,FPP-SAA-fpp_base,FPP-Branch-Benders-ProjectedPathLLBI-exp-RootCuts,FPP-SAA,FPP-Branch-Benders-ProjectedPathLLBI-exp-RootCuts,FPP-SAA-fpp_base,-5.645,-2.162296746,13.12532822,1.007269905,-0.64156689,-1.18,0.02
new20x20_reburn,reburn,Expected,0.02,200,case00,FPP-SAA-fpp_base,FPP-Branch-Benders-RootCuts,FPP-SAA,FPP-Branch-Benders-RootCuts,FPP-SAA-fpp_base,-5.93,-2.271464961,-0.85215519,0.9995280052,-0.58641896,-1.144,-0.03
new20x20_reburn,reburn,Expected,0.02,200,case00,FPP-SAA-fpp_base,FPP-Branch-Benders-Combinatorial,FPP-SAA,FPP-Branch-Benders-Combinatorial,FPP-SAA-fpp_base,-6.23,-2.386378871,84.31397683,1.046700135,-0.66272649,-0.998,-0.04
new20x20_reburn,reburn,MeanCVaR,0.02,200,case00,FPP-SAA-fpp_base,FPP-Branch-Benders-MeanCVaR-LLBI-RootCuts,FPP-SAA-MeanCVaR,FPP-Branch-Benders-LLBI-RootCuts,FPP-SAA-fpp_base,-1314.515,-80.23787252,-53.83491717,0.971165273,-0.58895652,-1.03,0.01
new20x20_reburn,reburn,MeanCVaR,0.02,200,case00,FPP-SAA-fpp_base,FPP-Branch-Benders-MeanCVaR-ProjectedCoverageLLBI-exp-RootCuts,FPP-SAA-MeanCVaR,FPP-Branch-Benders-ProjectedCoverageLLBI-exp-RootCuts,FPP-SAA-fpp_base,-1314.745,-80.25191169,250.436425,1.134137217,-0.59294455,-1.244,-0.06
new20x20_reburn,reburn,MeanCVaR,0.02,200,case00,FPP-SAA-fpp_base,FPP-Branch-Benders-MeanCVaR-ProjectedPathLLBI-exp-RootCuts,FPP-SAA-MeanCVaR,FPP-Branch-Benders-ProjectedPathLLBI-exp-RootCuts,FPP-SAA-fpp_base,-1314.48,-80.23573612,-46.80837663,0.9749287854,-0.66071913,-0.895,0
new20x20_reburn,reburn,MeanCVaR,0.02,200,case00,FPP-SAA-fpp_base,FPP-Branch-Benders-MeanCVaR-RootCuts,FPP-SAA-MeanCVaR,FPP-Branch-Benders-RootCuts,FPP-SAA-fpp_base,-1314.4925,-80.23649912,-62.66586216,0.9664352966,-0.62718614,-0.869,0.05
new20x20_reburn,reburn,MeanCVaR,0.02,200,case00,FPP-SAA-fpp_base,FPP-Branch-Benders-Combinatorial-MeanCVaR,FPP-SAA-MeanCVaR,FPP-Branch-Benders-Combinatorial,FPP-SAA-fpp_base,-1314.805,-80.25557409,20.24609038,1.010844086,-0.6752803,-1.209,-0.04
new20x20_reburn,reburn,CVaR,0.02,200,case01,FPP-SAA-fpp_base,FPP-Branch-Benders-CVaR-LLBI-RootCuts,FPP-SAA-CVaR,FPP-Branch-Benders-LLBI-RootCuts,FPP-SAA-fpp_base,-2600.65,-86.90124137,-416.7842907,0.8143087201,-0.58978535,0.057,-0.01
new20x20_reburn,reburn,CVaR,0.02,200,case01,FPP-SAA-fpp_base,FPP-Branch-Benders-CVaR-ProjectedCoverageLLBI-exp-RootCuts,FPP-SAA-CVaR,FPP-Branch-Benders-ProjectedCoverageLLBI-exp-RootCuts,FPP-SAA-fpp_base,-2600.65,-86.90124137,-184.2323509,0.9179183529,-0.59267322,-0.401,0.01
new20x20_reburn,reburn,CVaR,0.02,200,case01,FPP-SAA-fpp_base,FPP-Branch-Benders-CVaR-ProjectedPathLLBI-exp-RootCuts,FPP-SAA-CVaR,FPP-Branch-Benders-ProjectedPathLLBI-exp-RootCuts,FPP-SAA-fpp_base,-2600.65,-86.90124137,-426.3238762,0.8100585171,-0.66360278,-0.113,-0.05
new20x20_reburn,reburn,CVaR,0.02,200,case01,FPP-SAA-fpp_base,FPP-Branch-Benders-CVaR-RootCuts,FPP-SAA-CVaR,FPP-Branch-Benders-RootCuts,FPP-SAA-fpp_base,-2600.65,-86.90124137,-441.7207371,0.8031987028,-0.63474752,-0.692,-0.08
new20x20_reburn,reburn,CVaR,0.02,200,case01,FPP-SAA-fpp_base,FPP-Branch-Benders-Combinatorial-CVaR,FPP-SAA-CVaR,FPP-Branch-Benders-Combinatorial,FPP-SAA-fpp_base,-2600.5,-86.89622909,-390.1904371,0.8261571674,-0.76051251,-1.616,-0.07
new20x20_reburn,reburn,Expected,0.02,200,case01,FPP-SAA-fpp_base,FPP-Branch-Benders-LLBI-RootCuts,FPP-SAA,FPP-Branch-Benders-LLBI-RootCuts,FPP-SAA-fpp_base,-7.01,-2.704997106,9.02784352,1.005006407,-0.51452885,-1.247,0.04
new20x20_reburn,reburn,Expected,0.02,200,case01,FPP-SAA-fpp_base,FPP-Branch-Benders-ProjectedCoverageLLBI-exp-RootCuts,FPP-SAA,FPP-Branch-Benders-ProjectedCoverageLLBI-exp-RootCuts,FPP-SAA-fpp_base,-6.815,-2.629751109,195.2453203,1.108273646,-0.5338622,-1.033,0.01
new20x20_reburn,reburn,Expected,0.02,200,case01,FPP-SAA-fpp_base,FPP-Branch-Benders-ProjectedPathLLBI-exp-RootCuts,FPP-SAA,FPP-Branch-Benders-ProjectedPathLLBI-exp-RootCuts,FPP-SAA-fpp_base,-6.95,-2.681844492,7.27800559,1.004036031,-0.6122504,-1.171,0.06
new20x20_reburn,reburn,Expected,0.02,200,case01,FPP-SAA-fpp_base,FPP-Branch-Benders-RootCuts,FPP-SAA,FPP-Branch-Benders-RootCuts,FPP-SAA-fpp_base,-7.145,-2.757090488,0.76330839,1.000423294,-0.596735,-1.539,0.02
new20x20_reburn,reburn,Expected,0.02,200,case01,FPP-SAA-fpp_base,FPP-Branch-Benders-Combinatorial,FPP-SAA,FPP-Branch-Benders-Combinatorial,FPP-SAA-fpp_base,-8.205,-3.166120008,71.00012608,1.039373249,-0.61974197,-1.922,0.02
new20x20_reburn,reburn,MeanCVaR,0.02,200,case01,FPP-SAA-fpp_base,FPP-Branch-Benders-MeanCVaR-LLBI-RootCuts,FPP-SAA-MeanCVaR,FPP-Branch-Benders-LLBI-RootCuts,FPP-SAA-fpp_base,-1303.6525,-80.18110137,-41.14507167,0.977856021,-0.5777873,-0.842,-0.06
new20x20_reburn,reburn,MeanCVaR,0.02,200,case01,FPP-SAA-fpp_base,FPP-Branch-Benders-MeanCVaR-ProjectedCoverageLLBI-exp-RootCuts,FPP-SAA-MeanCVaR,FPP-Branch-Benders-ProjectedCoverageLLBI-exp-RootCuts,FPP-SAA-fpp_base,-1303.4,-80.16557137,181.7111548,1.097795625,-0.58462513,-0.716,-0.03
new20x20_reburn,reburn,MeanCVaR,0.02,200,case01,FPP-SAA-fpp_base,FPP-Branch-Benders-MeanCVaR-ProjectedPathLLBI-exp-RootCuts,FPP-SAA-MeanCVaR,FPP-Branch-Benders-ProjectedPathLLBI-exp-RootCuts,FPP-SAA-fpp_base,-1303.35,-80.16249612,-43.6942562,0.9764840683,-0.60044814,-0.561,-0.1
new20x20_reburn,reburn,MeanCVaR,0.02,200,case01,FPP-SAA-fpp_base,FPP-Branch-Benders-MeanCVaR-RootCuts,FPP-SAA-MeanCVaR,FPP-Branch-Benders-RootCuts,FPP-SAA-fpp_base,-1303.6,-80.17787236,-55.0814672,0.970355554,-0.62813763,-0.86,-0.12
new20x20_reburn,reburn,MeanCVaR,0.02,200,case01,FPP-SAA-fpp_base,FPP-Branch-Benders-Combinatorial-MeanCVaR,FPP-SAA-MeanCVaR,FPP-Branch-Benders-Combinatorial,FPP-SAA-fpp_base,-1304.3375,-80.22323227,29.03921015,1.015628692,-0.65183579,-1.616,-0.07
new20x20_reburn,reburn,CVaR,0.02,200,case02,FPP-SAA-fpp_base,FPP-Branch-Benders-CVaR-LLBI-RootCuts,FPP-SAA-CVaR,FPP-Branch-Benders-LLBI-RootCuts,FPP-SAA-fpp_base,-2729.8,-87.44314178,-423.3276179,0.8110916901,-0.59770621,-0.388,-0.03
new20x20_reburn,reburn,CVaR,0.02,200,case02,FPP-SAA-fpp_base,FPP-Branch-Benders-CVaR-ProjectedCoverageLLBI-exp-RootCuts,FPP-SAA-CVaR,FPP-Branch-Benders-ProjectedCoverageLLBI-exp-RootCuts,FPP-SAA-fpp_base,-2729.8,-87.44314178,-208.3972483,0.9070035351,-0.57415112,-0.086,-0.01
new20x20_reburn,reburn,CVaR,0.02,200,case02,FPP-SAA-fpp_base,FPP-Branch-Benders-CVaR-ProjectedPathLLBI-exp-RootCuts,FPP-SAA-CVaR,FPP-Branch-Benders-ProjectedPathLLBI-exp-RootCuts,FPP-SAA-fpp_base,-2729.8,-87.44314178,-432.6103096,0.8069493249,-0.65780212,-0.314,-0.01
new20x20_reburn,reburn,CVaR,0.02,200,case02,FPP-SAA-fpp_base,FPP-Branch-Benders-CVaR-RootCuts,FPP-SAA-CVaR,FPP-Branch-Benders-RootCuts,FPP-SAA-fpp_base,-2729.8,-87.44314178,-437.5927177,0.8047259446,-0.62031896,-0.317,0.04
new20x20_reburn,reburn,CVaR,0.02,200,case02,FPP-SAA-fpp_base,FPP-Branch-Benders-Combinatorial-CVaR,FPP-SAA-CVaR,FPP-Branch-Benders-Combinatorial,FPP-SAA-fpp_base,-2729.8,-87.44314178,-344.1600714,0.8464199011,-0.77132221,-1.065,0
new20x20_reburn,reburn,Expected,0.02,200,case02,FPP-SAA-fpp_base,FPP-Branch-Benders-LLBI-RootCuts,FPP-SAA,FPP-Branch-Benders-LLBI-RootCuts,FPP-SAA-fpp_base,-6.71,-2.466957113,17.11295444,1.009467483,-0.52599943,-0.97,0.02
new20x20_reburn,reburn,Expected,0.02,200,case02,FPP-SAA-fpp_base,FPP-Branch-Benders-ProjectedCoverageLLBI-exp-RootCuts,FPP-SAA,FPP-Branch-Benders-ProjectedCoverageLLBI-exp-RootCuts,FPP-SAA-fpp_base,-6.54,-2.404455964,202.6370441,1.112105873,-0.5251136,-0.926,-0.01
new20x20_reburn,reburn,Expected,0.02,200,case02,FPP-SAA-fpp_base,FPP-Branch-Benders-ProjectedPathLLBI-exp-RootCuts,FPP-SAA,FPP-Branch-Benders-ProjectedPathLLBI-exp-RootCuts,FPP-SAA-fpp_base,-6.905,-2.538649608,7.2859474,1.00403084,-0.62146558,-1.426,0.03
new20x20_reburn,reburn,Expected,0.02,200,case02,FPP-SAA-fpp_base,FPP-Branch-Benders-RootCuts,FPP-SAA,FPP-Branch-Benders-RootCuts,FPP-SAA-fpp_base,-6.615,-2.432030001,-3.3786431,0.9981308169,-0.58376393,-1.117,0.01
new20x20_reburn,reburn,Expected,0.02,200,case02,FPP-SAA-fpp_base,FPP-Branch-Benders-Combinatorial,FPP-SAA,FPP-Branch-Benders-Combinatorial,FPP-SAA-fpp_base,-7.175,-2.637916138,98.87135552,1.054699079,-0.65382126,-1.422,0.01
new20x20_reburn,reburn,MeanCVaR,0.02,200,case02,FPP-SAA-fpp_base,FPP-Branch-Benders-MeanCVaR-LLBI-RootCuts,FPP-SAA-MeanCVaR,FPP-Branch-Benders-LLBI-RootCuts,FPP-SAA-fpp_base,-1368.235,-80.63037646,-174.2386985,0.9123741698,-0.58083647,-0.758,-0.01
new20x20_reburn,reburn,MeanCVaR,0.02,200,case02,FPP-SAA-fpp_base,FPP-Branch-Benders-MeanCVaR-ProjectedCoverageLLBI-exp-RootCuts,FPP-SAA-MeanCVaR,FPP-Branch-Benders-ProjectedCoverageLLBI-exp-RootCuts,FPP-SAA-fpp_base,-1368.19,-80.6277246,60.50146059,1.030426597,-0.57410818,-0.711,0.04
new20x20_reburn,reburn,MeanCVaR,0.02,200,case02,FPP-SAA-fpp_base,FPP-Branch-Benders-MeanCVaR-ProjectedPathLLBI-exp-RootCuts,FPP-SAA-MeanCVaR,FPP-Branch-Benders-ProjectedPathLLBI-exp-RootCuts,FPP-SAA-fpp_base,-1368.17,-80.626546,-180.1991108,0.9093766378,-0.65504266,-0.587,-0.04
new20x20_reburn,reburn,MeanCVaR,0.02,200,case02,FPP-SAA-fpp_base,FPP-Branch-Benders-MeanCVaR-RootCuts,FPP-SAA-MeanCVaR,FPP-Branch-Benders-RootCuts,FPP-SAA-fpp_base,-1368.3325,-80.63612216,-183.4774223,0.9077279525,-0.63774881,-0.701,-0.01
new20x20_reburn,reburn,MeanCVaR,0.02,200,case02,FPP-SAA-fpp_base,FPP-Branch-Benders-Combinatorial-MeanCVaR,FPP-SAA-MeanCVaR,FPP-Branch-Benders-Combinatorial,FPP-SAA-fpp_base,-1368.5125,-80.64672959,-73.67931469,0.96294617,-0.65930807,-1.065,0
new20x20_reburn,reburn,CVaR,0.02,200,case03,FPP-SAA-fpp_base,FPP-Branch-Benders-CVaR-LLBI-RootCuts,FPP-SAA-CVaR,FPP-Branch-Benders-LLBI-RootCuts,FPP-SAA-fpp_base,-2749.1,-87.5161162,-325.0732866,0.8477093105,-0.60652847,0.172,0
new20x20_reburn,reburn,CVaR,0.02,200,case03,FPP-SAA-fpp_base,FPP-Branch-Benders-CVaR-ProjectedCoverageLLBI-exp-RootCuts,FPP-SAA-CVaR,FPP-Branch-Benders-ProjectedCoverageLLBI-exp-RootCuts,FPP-SAA-fpp_base,-2749.25,-87.52089136,-131.3686443,0.9384562736,-0.59411591,-0.049,0
new20x20_reburn,reburn,CVaR,0.02,200,case03,FPP-SAA-fpp_base,FPP-Branch-Benders-CVaR-ProjectedPathLLBI-exp-RootCuts,FPP-SAA-CVaR,FPP-Branch-Benders-ProjectedPathLLBI-exp-RootCuts,FPP-SAA-fpp_base,-2749.25,-87.52089136,-321.4666311,0.8493989604,-0.6636075,0.247,-0.02
new20x20_reburn,reburn,CVaR,0.02,200,case03,FPP-SAA-fpp_base,FPP-Branch-Benders-CVaR-RootCuts,FPP-SAA-CVaR,FPP-Branch-Benders-RootCuts,FPP-SAA-fpp_base,-2749.25,-87.52089136,-332.575558,0.8441946382,-0.63466848,0.042,0
new20x20_reburn,reburn,CVaR,0.02,200,case03,FPP-SAA-fpp_base,FPP-Branch-Benders-Combinatorial-CVaR,FPP-SAA-CVaR,FPP-Branch-Benders-Combinatorial,FPP-SAA-fpp_base,-2749.1,-87.5161162,-241.3951253,0.8869109472,-0.76897256,-0.97,0.01
new20x20_reburn,reburn,Expected,0.02,200,case03,FPP-SAA-fpp_base,FPP-Branch-Benders-LLBI-RootCuts,FPP-SAA,FPP-Branch-Benders-LLBI-RootCuts,FPP-SAA-fpp_base,-6.595,-2.41001279,1.42009494,1.000782979,-0.53380363,-1.091,0.08
new20x20_reburn,reburn,Expected,0.02,200,case03,FPP-SAA-fpp_base,FPP-Branch-Benders-ProjectedCoverageLLBI-exp-RootCuts,FPP-SAA,FPP-Branch-Benders-ProjectedCoverageLLBI-exp-RootCuts,FPP-SAA-fpp_base,-6.45,-2.357025397,232.4272262,1.128150405,-0.54769558,-0.967,0.03
new20x20_reburn,reburn,Expected,0.02,200,case03,FPP-SAA-fpp_base,FPP-Branch-Benders-ProjectedPathLLBI-exp-RootCuts,FPP-SAA,FPP-Branch-Benders-ProjectedPathLLBI-exp-RootCuts,FPP-SAA-fpp_base,-6.905,-2.523296181,3.58660805,1.001977502,-0.62207518,-1.058,0.06
new20x20_reburn,reburn,Expected,0.02,200,case03,FPP-SAA-fpp_base,FPP-Branch-Benders-RootCuts,FPP-SAA,FPP-Branch-Benders-RootCuts,FPP-SAA-fpp_base,-6.725,-2.457518728,-10.47324612,0.9942255012,-0.57549611,-1.059,0.01
new20x20_reburn,reburn,Expected,0.02,200,case03,FPP-SAA-fpp_base,FPP-Branch-Benders-Combinatorial,FPP-SAA,FPP-Branch-Benders-Combinatorial,FPP-SAA-fpp_base,-6.95,-2.539740544,110.7476599,1.06106151,-0.6407912,-1.278,0.03
new20x20_reburn,reburn,MeanCVaR,0.02,200,case03,FPP-SAA-fpp_base,FPP-Branch-Benders-MeanCVaR-LLBI-RootCuts,FPP-SAA-MeanCVaR,FPP-Branch-Benders-LLBI-RootCuts,FPP-SAA-fpp_base,-1377.8325,-80.68741975,-36.15341929,0.9804218155,-0.58630628,-0.321,-0.02
new20x20_reburn,reburn,MeanCVaR,0.02,200,case03,FPP-SAA-fpp_base,FPP-Branch-Benders-MeanCVaR-ProjectedCoverageLLBI-exp-RootCuts,FPP-SAA-MeanCVaR,FPP-Branch-Benders-ProjectedCoverageLLBI-exp-RootCuts,FPP-SAA-fpp_base,-1377.945,-80.69400788,135.2367934,1.073234868,-0.57043552,-0.507,0.02
new20x20_reburn,reburn,MeanCVaR,0.02,200,case03,FPP-SAA-fpp_base,FPP-Branch-Benders-MeanCVaR-ProjectedPathLLBI-exp-RootCuts,FPP-SAA-MeanCVaR,FPP-Branch-Benders-ProjectedPathLLBI-exp-RootCuts,FPP-SAA-fpp_base,-1377.8525,-80.68859098,-27.87994231,0.9849021568,-0.6584718,-0.288,0.05
new20x20_reburn,reburn,MeanCVaR,0.02,200,case03,FPP-SAA-fpp_base,FPP-Branch-Benders-MeanCVaR-RootCuts,FPP-SAA-MeanCVaR,FPP-Branch-Benders-RootCuts,FPP-SAA-fpp_base,-1377.85,-80.68844457,-42.66589588,0.9768951098,-0.61344177,-0.586,-0.01
new20x20_reburn,reburn,MeanCVaR,0.02,200,case03,FPP-SAA-fpp_base,FPP-Branch-Benders-Combinatorial-MeanCVaR,FPP-SAA-MeanCVaR,FPP-Branch-Benders-Combinatorial,FPP-SAA-fpp_base,-1378.1925,-80.70850176,42.94057268,1.023253636,-0.66318333,-0.97,0.01
new20x20_reburn,reburn,CVaR,0.02,200,case04,FPP-SAA-fpp_base,FPP-Branch-Benders-CVaR-LLBI-RootCuts,FPP-SAA-CVaR,FPP-Branch-Benders-LLBI-RootCuts,FPP-SAA-fpp_base,-2556.6,-86.70555518,-450.7456018,0.8005948788,-0.60172088,0.026,-0.1
new20x20_reburn,reburn,CVaR,0.02,200,case04,FPP-SAA-fpp_base,FPP-Branch-Benders-CVaR-ProjectedCoverageLLBI-exp-RootCuts,FPP-SAA-CVaR,FPP-Branch-Benders-ProjectedCoverageLLBI-exp-RootCuts,FPP-SAA-fpp_base,-2556.6,-86.70555518,-238.3885378,0.8945394141,-0.60150794,-0.452,-0.11
new20x20_reburn,reburn,CVaR,0.02,200,case04,FPP-SAA-fpp_base,FPP-Branch-Benders-CVaR-RootCuts,FPP-SAA-CVaR,FPP-Branch-Benders-RootCuts,FPP-SAA-fpp_base,-2556.6,-86.70555518,-455.9002383,0.7983145218,-0.6421681,-0.427,-0.1
new20x20_reburn,reburn,Expected,0.02,200,case04,FPP-SAA-fpp_base,FPP-Branch-Benders-LLBI-RootCuts,FPP-SAA,FPP-Branch-Benders-LLBI-RootCuts,FPP-SAA-fpp_base,-5.92,-2.324485629,4.07699144,1.002255755,-0.54731683,-0.949,-0.02
new20x20_reburn,reburn,Expected,0.02,200,case04,FPP-SAA-fpp_base,FPP-Branch-Benders-ProjectedCoverageLLBI-exp-RootCuts,FPP-SAA,FPP-Branch-Benders-ProjectedCoverageLLBI-exp-RootCuts,FPP-SAA-fpp_base,-6.045,-2.373566829,230.5257295,1.127547369,-0.50232997,-0.748,-0.08
new20x20_reburn,reburn,Expected,0.02,200,case04,FPP-SAA-fpp_base,FPP-Branch-Benders-ProjectedPathLLBI-exp-RootCuts,FPP-SAA,FPP-Branch-Benders-ProjectedPathLLBI-exp-RootCuts,FPP-SAA-fpp_base,-6.285,-2.467802733,9.11573831,1.005043638,-0.62854952,-1.278,-0.02
new20x20_reburn,reburn,Expected,0.02,200,case04,FPP-SAA-fpp_base,FPP-Branch-Benders-RootCuts,FPP-SAA,FPP-Branch-Benders-RootCuts,FPP-SAA-fpp_base,-6.17,-2.422648029,-3.42386098,0.9981056151,-0.61635306,-1.003,-0.05
new20x20_reburn,reburn,Expected,0.02,200,case04,FPP-SAA-fpp_base,FPP-Branch-Benders-Combinatorial,FPP-SAA,FPP-Branch-Benders-Combinatorial,FPP-SAA-fpp_base,-6.75,-2.650384797,99.21643099,1.054895368,-0.65189299,-1.533,-0.06
new20x20_reburn,reburn,CVaR,0.03,200,case00,FPP-SAA-fpp_base,FPP-Branch-Benders-CVaR-LLBI-RootCuts,FPP-SAA-CVaR,FPP-Branch-Benders-LLBI-RootCuts,FPP-SAA-fpp_base,-2627.05,-87.12833524,-490.382335,0.7877979431,-0.43692248,-1.129,-0.05
new20x20_reburn,reburn,CVaR,0.03,200,case00,FPP-SAA-fpp_base,FPP-Branch-Benders-CVaR-ProjectedCoverageLLBI-exp-RootCuts,FPP-SAA-CVaR,FPP-Branch-Benders-ProjectedCoverageLLBI-exp-RootCuts,FPP-SAA-fpp_base,-2627.1,-87.12999353,-236.4746036,0.8976708708,-0.40708014,-1.296,-0.05
new20x20_reburn,reburn,CVaR,0.03,200,case00,FPP-SAA-fpp_base,FPP-Branch-Benders-CVaR-RootCuts,FPP-SAA-CVaR,FPP-Branch-Benders-RootCuts,FPP-SAA-fpp_base,-2627.1,-87.12999353,-506.2900495,0.7809142332,-0.48509481,-0.648,-0.08
new20x20_reburn,reburn,Expected,0.03,200,case00,FPP-SAA-fpp_base,FPP-Branch-Benders-LLBI-RootCuts,FPP-SAA,FPP-Branch-Benders-LLBI-RootCuts,FPP-SAA-fpp_base,-8.57,-3.285664993,5.08102625,1.002803105,-0.3747788,-1.438,0.02
new20x20_reburn,reburn,Expected,0.03,200,case00,FPP-SAA-fpp_base,FPP-Branch-Benders-ProjectedCoverageLLBI-exp-RootCuts,FPP-SAA,FPP-Branch-Benders-ProjectedCoverageLLBI-exp-RootCuts,FPP-SAA-fpp_base,-8.305,-3.18406625,231.8509506,1.12790773,-0.41191375,-1.234,0.07
new20x20_reburn,reburn,Expected,0.03,200,case00,FPP-SAA-fpp_base,FPP-Branch-Benders-ProjectedPathLLBI-exp-RootCuts,FPP-SAA,FPP-Branch-Benders-ProjectedPathLLBI-exp-RootCuts,FPP-SAA-fpp_base,-8.235,-3.157228846,3.50905206,1.001935877,-0.46474149,-1.22,-0.04
new20x20_reburn,reburn,Expected,0.03,200,case00,FPP-SAA-fpp_base,FPP-Branch-Benders-RootCuts,FPP-SAA,FPP-Branch-Benders-RootCuts,FPP-SAA-fpp_base,-8.355,-3.203235824,-5.47465467,0.9969797378,-0.44432382,-1.364,-0.03
new20x20_reburn,reburn,Expected,0.03,200,case00,FPP-SAA-fpp_base,FPP-Branch-Benders-Combinatorial,FPP-SAA,FPP-Branch-Benders-Combinatorial,FPP-SAA-fpp_base,-8.94,-3.427519841,109.6162328,1.060473177,-0.54149482,-1.184,0.01
new20x20_reburn,reburn,CVaR,0.03,200,case01,FPP-SAA-fpp_base,FPP-Branch-Benders-CVaR-LLBI-RootCuts,FPP-SAA-CVaR,FPP-Branch-Benders-LLBI-RootCuts,FPP-SAA-fpp_base,-2604.65,-87.03490218,-310.3165613,0.8541191779,-0.42548549,-0.725,-0.06
new20x20_reburn,reburn,CVaR,0.03,200,case01,FPP-SAA-fpp_base,FPP-Branch-Benders-CVaR-ProjectedCoverageLLBI-exp-RootCuts,FPP-SAA-CVaR,FPP-Branch-Benders-ProjectedCoverageLLBI-exp-RootCuts,FPP-SAA-fpp_base,-2604.65,-87.03490218,-59.69669153,0.9719363917,-0.43057057,-0.361,-0.02
new20x20_reburn,reburn,CVaR,0.03,200,case01,FPP-SAA-fpp_base,FPP-Branch-Benders-CVaR-RootCuts,FPP-SAA-CVaR,FPP-Branch-Benders-RootCuts,FPP-SAA-fpp_base,-2604.65,-87.03490218,-323.4079653,0.8479648665,-0.48636713,-0.509,0.04
new20x20_reburn,reburn,Expected,0.03,200,case01,FPP-SAA-fpp_base,FPP-Branch-Benders-LLBI-RootCuts,FPP-SAA,FPP-Branch-Benders-LLBI-RootCuts,FPP-SAA-fpp_base,-9.97,-3.848752147,12.81593705,1.007106934,-0.37016123,-1.153,0.07
new20x20_reburn,reburn,Expected,0.03,200,case01,FPP-SAA-fpp_base,FPP-Branch-Benders-ProjectedCoverageLLBI-exp-RootCuts,FPP-SAA,FPP-Branch-Benders-ProjectedCoverageLLBI-exp-RootCuts,FPP-SAA-fpp_base,-10.01,-3.86419348,191.8665693,1.106397446,-0.36920126,-1.379,0.01
new20x20_reburn,reburn,Expected,0.03,200,case01,FPP-SAA-fpp_base,FPP-Branch-Benders-ProjectedPathLLBI-exp-RootCuts,FPP-SAA,FPP-Branch-Benders-ProjectedPathLLBI-exp-RootCuts,FPP-SAA-fpp_base,-10.36,-3.99930514,12.90866661,1.007158356,-0.46152519,-1.657,0.08
new20x20_reburn,reburn,Expected,0.03,200,case01,FPP-SAA-fpp_base,FPP-Branch-Benders-RootCuts,FPP-SAA,FPP-Branch-Benders-RootCuts,FPP-SAA-fpp_base,-9.685,-3.738732653,0.97060034,1.000538235,-0.43862232,-1.247,0.02
new20x20_reburn,reburn,Expected,0.03,200,case01,FPP-SAA-fpp_base,FPP-Branch-Benders-Combinatorial,FPP-SAA,FPP-Branch-Benders-Combinatorial,FPP-SAA-fpp_base,-11.225,-4.333223957,130.3520861,1.072285282,-0.53261186,-1.82,0.03
new20x20_reburn,reburn,CVaR,0.03,200,case02,FPP-SAA-fpp_base,FPP-Branch-Benders-CVaR-LLBI-RootCuts,FPP-SAA-CVaR,FPP-Branch-Benders-LLBI-RootCuts,FPP-SAA-fpp_base,-2733.75,-87.56967134,-329.614079,0.8466233823,-0.41073577,-0.573,-0.09
new20x20_reburn,reburn,CVaR,0.03,200,case02,FPP-SAA-fpp_base,FPP-Branch-Benders-CVaR-ProjectedCoverageLLBI-exp-RootCuts,FPP-SAA-CVaR,FPP-Branch-Benders-ProjectedCoverageLLBI-exp-RootCuts,FPP-SAA-fpp_base,-2733.8,-87.57127298,-121.2021897,0.9436019785,-0.36288804,0.03,-0.01
new20x20_reburn,reburn,CVaR,0.03,200,case02,FPP-SAA-fpp_base,FPP-Branch-Benders-CVaR-RootCuts,FPP-SAA-CVaR,FPP-Branch-Benders-RootCuts,FPP-SAA-fpp_base,-2733.8,-87.57127298,-345.1522583,0.8393931287,-0.47861169,-0.064,0
new20x20_reburn,reburn,Expected,0.03,200,case02,FPP-SAA-fpp_base,FPP-Branch-Benders-LLBI-RootCuts,FPP-SAA,FPP-Branch-Benders-LLBI-RootCuts,FPP-SAA-fpp_base,-9.455,-3.476869898,17.07717145,1.009465094,-0.34036196,-0.697,-0.1
new20x20_reburn,reburn,Expected,0.03,200,case02,FPP-SAA-fpp_base,FPP-Branch-Benders-ProjectedCoverageLLBI-exp-RootCuts,FPP-SAA,FPP-Branch-Benders-ProjectedCoverageLLBI-exp-RootCuts,FPP-SAA-fpp_base,-9.53,-3.504449511,246.4438497,1.136592546,-0.35763362,-0.671,-0.04
new20x20_reburn,reburn,Expected,0.03,200,case02,FPP-SAA-fpp_base,FPP-Branch-Benders-ProjectedPathLLBI-exp-RootCuts,FPP-SAA,FPP-Branch-Benders-ProjectedPathLLBI-exp-RootCuts,FPP-SAA-fpp_base,-9.82,-3.611090682,7.18650912,1.003983153,-0.43610314,-1.058,-0.03
new20x20_reburn,reburn,Expected,0.03,200,case02,FPP-SAA-fpp_base,FPP-Branch-Benders-RootCuts,FPP-SAA,FPP-Branch-Benders-RootCuts,FPP-SAA-fpp_base,-9.8,-3.603736118,2.69161853,1.001491841,-0.43478923,-1.024,-0.03
new20x20_reburn,reburn,Expected,0.03,200,case02,FPP-SAA-fpp_base,FPP-Branch-Benders-Combinatorial,FPP-SAA,FPP-Branch-Benders-Combinatorial,FPP-SAA-fpp_base,-10.265,-3.77472972,113.3881887,1.062845883,-0.55021411,-1.172,-0.04
new20x20_reburn,reburn,CVaR,0.03,200,case03,FPP-SAA-fpp_base,FPP-Branch-Benders-CVaR-LLBI-RootCuts,FPP-SAA-CVaR,FPP-Branch-Benders-LLBI-RootCuts,FPP-SAA-fpp_base,-2753.15,-87.64504576,-338.0256148,0.8436482889,-0.41655161,-0.492,-0.01
new20x20_reburn,reburn,CVaR,0.03,200,case03,FPP-SAA-fpp_base,FPP-Branch-Benders-CVaR-ProjectedCoverageLLBI-exp-RootCuts,FPP-SAA-CVaR,FPP-Branch-Benders-ProjectedCoverageLLBI-exp-RootCuts,FPP-SAA-fpp_base,-2753.15,-87.64504576,-47.52854777,0.9780159566,-0.41389755,0.095,0.02
new20x20_reburn,reburn,CVaR,0.03,200,case03,FPP-SAA-fpp_base,FPP-Branch-Benders-CVaR-RootCuts,FPP-SAA-CVaR,FPP-Branch-Benders-RootCuts,FPP-SAA-fpp_base,-2753.25,-87.64822921,-357.1955068,0.8347813709,-0.47094651,-0.641,0.02
new20x20_reburn,reburn,Expected,0.03,200,case03,FPP-SAA-fpp_base,FPP-Branch-Benders-LLBI-RootCuts,FPP-SAA,FPP-Branch-Benders-LLBI-RootCuts,FPP-SAA-fpp_base,-9.95,-3.63218223,7.16845297,1.003974452,-0.33734446,-1.351,-0.01
new20x20_reburn,reburn,Expected,0.03,200,case03,FPP-SAA-fpp_base,FPP-Branch-Benders-ProjectedCoverageLLBI-exp-RootCuts,FPP-SAA,FPP-Branch-Benders-ProjectedCoverageLLBI-exp-RootCuts,FPP-SAA-fpp_base,-9.89,-3.610279623,291.710195,1.161734799,-0.3714562,-1.486,0.06
new20x20_reburn,reburn,Expected,0.03,200,case03,FPP-SAA-fpp_base,FPP-Branch-Benders-ProjectedPathLLBI-exp-RootCuts,FPP-SAA,FPP-Branch-Benders-ProjectedPathLLBI-exp-RootCuts,FPP-SAA-fpp_base,-9.225,-3.367525736,10.10712271,1.005603758,-0.44861417,-0.755,0.1
new20x20_reburn,reburn,Expected,0.03,200,case03,FPP-SAA-fpp_base,FPP-Branch-Benders-RootCuts,FPP-SAA,FPP-Branch-Benders-RootCuts,FPP-SAA-fpp_base,-9.655,-3.524494415,-1.47194045,0.9991839024,-0.431611,-1.148,0
new20x20_reburn,reburn,Expected,0.03,200,case03,FPP-SAA-fpp_base,FPP-Branch-Benders-Combinatorial,FPP-SAA,FPP-Branch-Benders-Combinatorial,FPP-SAA-fpp_base,-10.655,-3.889537855,107.5713088,1.059641467,-0.55888972,-1.72,0.07
new20x20_reburn,reburn,CVaR,0.03,200,case04,FPP-SAA-fpp_base,FPP-Branch-Benders-CVaR-LLBI-RootCuts,FPP-SAA-CVaR,FPP-Branch-Benders-LLBI-RootCuts,FPP-SAA-fpp_base,-2560.6,-86.84121278,-312.2836554,0.8533278727,-0.44659505,-0.432,0.03
new20x20_reburn,reburn,CVaR,0.03,200,case04,FPP-SAA-fpp_base,FPP-Branch-Benders-CVaR-RootCuts,FPP-SAA-CVaR,FPP-Branch-Benders-RootCuts,FPP-SAA-fpp_base,-2560.55,-86.83951706,-325.2117313,0.8472558662,-0.46597296,-0.126,-0.08
new20x20_reburn,reburn,Expected,0.03,200,case04,FPP-SAA-fpp_base,FPP-Branch-Benders-LLBI-RootCuts,FPP-SAA,FPP-Branch-Benders-LLBI-RootCuts,FPP-SAA-fpp_base,-8.875,-3.485723263,-4.36290313,0.9975987659,-0.39113533,-1.019,-0.07
new20x20_reburn,reburn,Expected,0.03,200,case04,FPP-SAA-fpp_base,FPP-Branch-Benders-ProjectedCoverageLLBI-exp-RootCuts,FPP-SAA,FPP-Branch-Benders-ProjectedCoverageLLBI-exp-RootCuts,FPP-SAA-fpp_base,-8.89,-3.491614626,190.9109628,1.105072678,-0.40381009,-1.427,-0.02
new20x20_reburn,reburn,Expected,0.03,200,case04,FPP-SAA-fpp_base,FPP-Branch-Benders-ProjectedPathLLBI-exp-RootCuts,FPP-SAA,FPP-Branch-Benders-ProjectedPathLLBI-exp-RootCuts,FPP-SAA-fpp_base,-9.2,-3.613369467,-3.24111319,0.9982161714,-0.49340049,-1.019,-0.05
new20x20_reburn,reburn,Expected,0.03,200,case04,FPP-SAA-fpp_base,FPP-Branch-Benders-RootCuts,FPP-SAA,FPP-Branch-Benders-RootCuts,FPP-SAA-fpp_base,-8.76,-3.440556145,-11.21185724,0.9938292707,-0.46523348,-1.076,-0.06
new20x20_reburn,reburn,Expected,0.03,200,case04,FPP-SAA-fpp_base,FPP-Branch-Benders-Combinatorial,FPP-SAA,FPP-Branch-Benders-Combinatorial,FPP-SAA-fpp_base,-10.35,-4.06504065,97.5084839,1.053666261,-0.54910501,-2.459,-0.06
new20x20_reburn,reburn,CVaR,0.01,400,case00,FPP-SAA-fpp_base,FPP-Branch-Benders-CVaR-LLBI-RootCuts,FPP-SAA-CVaR,FPP-Branch-Benders-LLBI-RootCuts,FPP-SAA-fpp_base,-2552.325,-86.56864491,-71.42989159,0.9624780657,-0.78757389,-0.523,0.05
new20x20_reburn,reburn,CVaR,0.01,400,case00,FPP-SAA-fpp_base,FPP-Branch-Benders-CVaR-RootCuts,FPP-SAA-CVaR,FPP-Branch-Benders-RootCuts,FPP-SAA-fpp_base,-2552.325,-86.56864491,-99.51691219,0.9477240276,-0.78204386,-0.608,0.01
new20x20_reburn,reburn,Expected,0.01,400,case00,FPP-SAA-fpp_base,FPP-Branch-Benders-LLBI-RootCuts,FPP-SAA,FPP-Branch-Benders-LLBI-RootCuts,FPP-SAA-fpp_base,-4.095,-1.608073748,20.86125472,1.011528921,-0.69352789,-0.75,0.02
new20x20_reburn,reburn,Expected,0.01,400,case00,FPP-SAA-fpp_base,FPP-Branch-Benders-ProjectedCoverageLLBI-exp-RootCuts,FPP-SAA,FPP-Branch-Benders-ProjectedCoverageLLBI-exp-RootCuts,FPP-SAA-fpp_base,-3.4425,-1.351842216,567.1830685,1.313452322,-0.72330114,-0.756,0.01
new20x20_reburn,reburn,Expected,0.01,400,case00,FPP-SAA-fpp_base,FPP-Branch-Benders-ProjectedPathLLBI-exp-RootCuts,FPP-SAA,FPP-Branch-Benders-ProjectedPathLLBI-exp-RootCuts,FPP-SAA-fpp_base,-4.0325,-1.583530497,0.90619094,1.000500804,-0.78656511,-0.725,-0.01
new20x20_reburn,reburn,Expected,0.01,400,case00,FPP-SAA-fpp_base,FPP-Branch-Benders-RootCuts,FPP-SAA,FPP-Branch-Benders-RootCuts,FPP-SAA-fpp_base,-3.77,-1.480448847,-2.29108203,0.9987338392,-0.74073793,-0.764,-0.01
new20x20_reburn,reburn,Expected,0.01,400,case00,FPP-SAA-fpp_base,FPP-Branch-Benders-Combinatorial,FPP-SAA,FPP-Branch-Benders-Combinatorial,FPP-SAA-fpp_base,-4.7175,-1.852524519,109.7934952,1.060677104,-0.77266642,-1.15,0
new20x20_reburn,reburn,CVaR,0.01,400,case01,FPP-SAA-fpp_base,FPP-Branch-Benders-CVaR-RootCuts,FPP-SAA-CVaR,FPP-Branch-Benders-RootCuts,FPP-SAA-fpp_base,-2528.975,-86.46142275,-72.17067438,0.9616260442,-0.79008292,-0.663,-0.01
new20x20_reburn,reburn,Expected,0.01,400,case01,FPP-SAA-fpp_base,FPP-Branch-Benders-LLBI-RootCuts,FPP-SAA,FPP-Branch-Benders-LLBI-RootCuts,FPP-SAA-fpp_base,-3.1575,-1.251573137,34.7924906,1.019302477,-0.71099895,-0.51,0.02
new20x20_reburn,reburn,Expected,0.01,400,case01,FPP-SAA-fpp_base,FPP-Branch-Benders-ProjectedCoverageLLBI-exp-RootCuts,FPP-SAA,FPP-Branch-Benders-ProjectedCoverageLLBI-exp-RootCuts,FPP-SAA-fpp_base,-3.29,-1.304093625,414.0399857,1.229704661,-0.7114622,-0.77,0.02
new20x20_reburn,reburn,Expected,0.01,400,case01,FPP-SAA-fpp_base,FPP-Branch-Benders-ProjectedPathLLBI-exp-RootCuts,FPP-SAA,FPP-Branch-Benders-ProjectedPathLLBI-exp-RootCuts,FPP-SAA-fpp_base,-3.3725,-1.336795061,13.27726805,1.007366077,-0.75362409,-0.807,0.04
new20x20_reburn,reburn,Expected,0.01,400,case01,FPP-SAA-fpp_base,FPP-Branch-Benders-RootCuts,FPP-SAA,FPP-Branch-Benders-RootCuts,FPP-SAA-fpp_base,-3.525,-1.39724317,5.7002601,1.003162439,-0.74479398,-0.841,0.04
new20x20_reburn,reburn,Expected,0.01,400,case01,FPP-SAA-fpp_base,FPP-Branch-Benders-Combinatorial,FPP-SAA,FPP-Branch-Benders-Combinatorial,FPP-SAA-fpp_base,-4,-1.585524164,89.09200685,1.049427229,-0.77141894,-1.114,0.03
new20x20_reburn,reburn,Expected,0.01,400,case02,FPP-SAA-fpp_base,FPP-Branch-Benders-LLBI-RootCuts,FPP-SAA,FPP-Branch-Benders-LLBI-RootCuts,FPP-SAA-fpp_base,-3.4125,-1.323302731,34.43895742,1.01909641,-0.7291272,-0.54,0.03
new20x20_reburn,reburn,Expected,0.01,400,case02,FPP-SAA-fpp_base,FPP-Branch-Benders-ProjectedCoverageLLBI-exp-RootCuts,FPP-SAA,FPP-Branch-Benders-ProjectedCoverageLLBI-exp-RootCuts,FPP-SAA-fpp_base,-3.59,-1.392133862,370.6286032,1.20551365,-0.73138614,-0.66,0
new20x20_reburn,reburn,Expected,0.01,400,case02,FPP-SAA-fpp_base,FPP-Branch-Benders-ProjectedPathLLBI-exp-RootCuts,FPP-SAA,FPP-Branch-Benders-ProjectedPathLLBI-exp-RootCuts,FPP-SAA-fpp_base,-3.365,-1.304883132,17.56749235,1.009741179,-0.76848335,-0.571,-0.01
new20x20_reburn,reburn,Expected,0.01,400,case02,FPP-SAA-fpp_base,FPP-Branch-Benders-RootCuts,FPP-SAA,FPP-Branch-Benders-RootCuts,FPP-SAA-fpp_base,-3.36,-1.302944227,2.39770282,1.001329527,-0.72826734,-0.46,0.05
new20x20_reburn,reburn,Expected,0.01,400,case02,FPP-SAA-fpp_base,FPP-Branch-Benders-Combinatorial,FPP-SAA,FPP-Branch-Benders-Combinatorial,FPP-SAA-fpp_base,-4.315,-1.673275102,94.97845415,1.052665576,-0.78156836,-1.191,0.01
new20x20_reburn,reburn,Expected,0.01,400,case03,FPP-SAA-fpp_base,FPP-Branch-Benders-LLBI-RootCuts,FPP-SAA,FPP-Branch-Benders-LLBI-RootCuts,FPP-SAA-fpp_base,-3.3375,-1.32027889,26.16349616,1.01449979,-0.70769607,-0.697,0
new20x20_reburn,reburn,Expected,0.01,400,case03,FPP-SAA-fpp_base,FPP-Branch-Benders-RootCuts,FPP-SAA,FPP-Branch-Benders-RootCuts,FPP-SAA-fpp_base,-3.7275,-1.474558671,3.73405965,1.002069413,-0.72083283,-0.949,0
