instance_id,instance_type,objective_family,alpha,train_count,case_id,baseline,lhs_method,rhs_method,lhs_method_family,rhs_method_family,objective_difference_lhs_minus_rhs,objective_relative_difference_percent,runtime_difference_lhs_minus_rhs,runtime_ratio_lhs_over_rhs,mip_gap_difference_lhs_minus_rhs,test_expected_difference_lhs_minus_rhs,test_worst10_difference_lhs_minus_rhs
new20x20,shortest_path,CVaR,0.01,100,case00,FPP-Branch-Benders-RootCuts,FPP-Branch-Benders-CVaR-LLBI-RootCuts,FPP-Branch-Benders-CVaR-RootCuts,FPP-Branch-Benders-LLBI-RootCuts,FPP-Branch-Benders-RootCuts,0,0,-1.49933715,0.9184310672,-4.55e-06,0,0
new20x20,shortest_path,CVaR,0.01,100,case00,FPP-Branch-Benders-RootCuts,FPP-Branch-Benders-CVaR-ProjectedCoverageLLBI-exp-RootCuts,FPP-Branch-Benders-CVaR-RootCuts,FPP-Branch-Benders-ProjectedCoverageLLBI-exp-RootCuts,FPP-Branch-Benders-RootCuts,0,0,-3.84367523,0.7908912705,7.82e-06,0,0
new20x20,shortest_path,CVaR,0.01,100,case00,FPP-Branch-Benders-RootCuts,FPP-Branch-Benders-CVaR-ProjectedPathLLBI-exp-RootCuts,FPP-Branch-Benders-CVaR-RootCuts,FPP-Branch-Benders-ProjectedPathLLBI-exp-RootCuts,FPP-Branch-Benders-RootCuts,0,0,-9.436716,0.4866112313,-8.83e-05,0,0
new20x20,shortest_path,CVaR,0.01,100,case00,FPP-Branch-Benders-RootCuts,FPP-Branch-Benders-Combinatorial-CVaR,FPP-Branch-Benders-CVaR-RootCuts,FPP-Branch-Benders-Combinatorial,FPP-Branch-Benders-RootCuts,0,0,65.57615469,4.567561142,-0.00097255,0,0
new20x20,shortest_path,Expected,0.01,100,case00,FPP-Branch-Benders-RootCuts,FPP-Branch-Benders-LLBI-RootCuts,FPP-Branch-Benders-RootCuts,FPP-Branch-Benders-LLBI-RootCuts,FPP-Branch-Benders-RootCuts,0,0,-1.09928287,0.8860498086,-0.00082791,0,0
new20x20,shortest_path,Expected,0.01,100,case00,FPP-Branch-Benders-RootCuts,FPP-Branch-Benders-ProjectedCoverageLLBI-exp-RootCuts,FPP-Branch-Benders-RootCuts,FPP-Branch-Benders-ProjectedCoverageLLBI-exp-RootCuts,FPP-Branch-Benders-RootCuts,0,0,-2.51336943,0.739467488,-0.00082791,0,0
new20x20,shortest_path,Expected,0.01,100,case00,FPP-Branch-Benders-RootCuts,FPP-Branch-Benders-ProjectedPathLLBI-exp-RootCuts,FPP-Branch-Benders-RootCuts,FPP-Branch-Benders-ProjectedPathLLBI-exp-RootCuts,FPP-Branch-Benders-RootCuts,0,0,-4.96675645,0.4851526724,1.246e-05,0,0
new20x20,shortest_path,Expected,0.01,100,case00,FPP-Branch-Benders-RootCuts,FPP-Branch-Benders-Combinatorial,FPP-Branch-Benders-RootCuts,FPP-Branch-Benders-Combinatorial,FPP-Branch-Benders-RootCuts,0,0,20.8953686,3.165985949,-0.00082791,0,0
new20x20,shortest_path,MeanCVaR,0.01,100,case00,FPP-Branch-Benders-RootCuts,FPP-Branch-Benders-MeanCVaR-LLBI-RootCuts,FPP-Branch-Benders-MeanCVaR-RootCuts,FPP-Branch-Benders-LLBI-RootCuts,FPP-Branch-Benders-RootCuts,0,0,2.37065005,1.3972791,2.04e-06,0,0
new20x20,shortest_path,MeanCVaR,0.01,100,case00,FPP-Branch-Benders-RootCuts,FPP-Branch-Benders-MeanCVaR-ProjectedCoverageLLBI-exp-RootCuts,FPP-Branch-Benders-MeanCVaR-RootCuts,FPP-Branch-Benders-ProjectedCoverageLLBI-exp-RootCuts,FPP-Branch-Benders-RootCuts,0,0,3.08716222,1.517353892,-0.0002937,0,0
new20x20,shortest_path,MeanCVaR,0.01,100,case00,FPP-Branch-Benders-RootCuts,FPP-Branch-Benders-MeanCVaR-ProjectedPathLLBI-exp-RootCuts,FPP-Branch-Benders-MeanCVaR-RootCuts,FPP-Branch-Benders-ProjectedPathLLBI-exp-RootCuts,FPP-Branch-Benders-RootCuts,0,0,-1.41923735,0.7621608732,-0.00098757,0,0
new20x20,shortest_path,MeanCVaR,0.01,100,case00,FPP-Branch-Benders-RootCuts,FPP-Branch-Benders-Combinatorial-MeanCVaR,FPP-Branch-Benders-MeanCVaR-RootCuts,FPP-Branch-Benders-Combinatorial,FPP-Branch-Benders-RootCuts,0,0,38.86395814,7.512913338,-0.00098757,0,0
new20x20,shortest_path,CVaR,0.01,100,case01,FPP-Branch-Benders-RootCuts,FPP-Branch-Benders-CVaR-LLBI-RootCuts,FPP-Branch-Benders-CVaR-RootCuts,FPP-Branch-Benders-LLBI-RootCuts,FPP-Branch-Benders-RootCuts,0,0,-1.68785725,0.8423839458,3.677e-05,0,0
new20x20,shortest_path,CVaR,0.01,100,case01,FPP-Branch-Benders-RootCuts,FPP-Branch-Benders-CVaR-ProjectedCoverageLLBI-exp-RootCuts,FPP-Branch-Benders-CVaR-RootCuts,FPP-Branch-Benders-ProjectedCoverageLLBI-exp-RootCuts,FPP-Branch-Benders-RootCuts,0,0,0.35319046,1.03298175,-1.532e-05,0,0
new20x20,shortest_path,CVaR,0.01,100,case01,FPP-Branch-Benders-RootCuts,FPP-Branch-Benders-CVaR-ProjectedPathLLBI-exp-RootCuts,FPP-Branch-Benders-CVaR-RootCuts,FPP-Branch-Benders-ProjectedPathLLBI-exp-RootCuts,FPP-Branch-Benders-RootCuts,0,0,-4.16236018,0.6113090798,-8.813e-05,0,0
new20x20,shortest_path,CVaR,0.01,100,case01,FPP-Branch-Benders-RootCuts,FPP-Branch-Benders-Combinatorial-CVaR,FPP-Branch-Benders-CVaR-RootCuts,FPP-Branch-Benders-Combinatorial,FPP-Branch-Benders-RootCuts,0,0,44.00414258,5.109209662,-0.00065965,0,0
new20x20,shortest_path,Expected,0.01,100,case01,FPP-Branch-Benders-RootCuts,FPP-Branch-Benders-LLBI-RootCuts,FPP-Branch-Benders-RootCuts,FPP-Branch-Benders-LLBI-RootCuts,FPP-Branch-Benders-RootCuts,0,0,-0.8343261,0.9063738593,0.0002982,0,0
new20x20,shortest_path,Expected,0.01,100,case01,FPP-Branch-Benders-RootCuts,FPP-Branch-Benders-ProjectedCoverageLLBI-exp-RootCuts,FPP-Branch-Benders-RootCuts,FPP-Branch-Benders-ProjectedCoverageLLBI-exp-RootCuts,FPP-Branch-Benders-RootCuts,0,0,-3.3511293,0.6239440389,0.00097274,0,0
new20x20,shortest_path,Expected,0.01,100,case01,FPP-Branch-Benders-RootCuts,FPP-Branch-Benders-ProjectedPathLLBI-exp-RootCuts,FPP-Branch-Benders-RootCuts,FPP-Branch-Benders-ProjectedPathLLBI-exp-RootCuts,FPP-Branch-Benders-RootCuts,0,0,-6.82093707,0.234570255,0,0,0
new20x20,shortest_path,Expected,0.01,100,case01,FPP-Branch-Benders-RootCuts,FPP-Branch-Benders-Combinatorial,FPP-Branch-Benders-RootCuts,FPP-Branch-Benders-Combinatorial,FPP-Branch-Benders-RootCuts,0,0,1.72646275,1.193739647,0,0,0
new20x20,shortest_path,MeanCVaR,0.01,100,case01,FPP-Branch-Benders-RootCuts,FPP-Branch-Benders-MeanCVaR-LLBI-RootCuts,FPP-Branch-Benders-MeanCVaR-RootCuts,FPP-Branch-Benders-LLBI-RootCuts,FPP-Branch-Benders-RootCuts,0,0,0.82044251,1.10351322,0.00013153,0,0
new20x20,shortest_path,MeanCVaR,0.01,100,case01,FPP-Branch-Benders-RootCuts,FPP-Branch-Benders-MeanCVaR-ProjectedCoverageLLBI-exp-RootCuts,FPP-Branch-Benders-MeanCVaR-RootCuts,FPP-Branch-Benders-ProjectedCoverageLLBI-exp-RootCuts,FPP-Branch-Benders-RootCuts,0,0,0.76186213,1.096122277,-0.00085385,0,0
new20x20,shortest_path,MeanCVaR,0.01,100,case01,FPP-Branch-Benders-RootCuts,FPP-Branch-Benders-MeanCVaR-ProjectedPathLLBI-exp-RootCuts,FPP-Branch-Benders-MeanCVaR-RootCuts,FPP-Branch-Benders-ProjectedPathLLBI-exp-RootCuts,FPP-Branch-Benders-RootCuts,0,0,0.77606233,1.097913881,0.00013583,0,0
new20x20,shortest_path,MeanCVaR,0.01,100,case01,FPP-Branch-Benders-RootCuts,FPP-Branch-Benders-Combinatorial-MeanCVaR,FPP-Branch-Benders-MeanCVaR-RootCuts,FPP-Branch-Benders-Combinatorial,FPP-Branch-Benders-RootCuts,0,0,24.0561416,4.035104393,-0.00085385,0,0
new20x20,shortest_path,CVaR,0.01,100,case02,FPP-Branch-Benders-RootCuts,FPP-Branch-Benders-CVaR-LLBI-RootCuts,FPP-Branch-Benders-CVaR-RootCuts,FPP-Branch-Benders-LLBI-RootCuts,FPP-Branch-Benders-RootCuts,0,0,-0.49508869,0.8465644298,-0.00030851,0,0
new20x20,shortest_path,CVaR,0.01,100,case02,FPP-Branch-Benders-RootCuts,FPP-Branch-Benders-CVaR-ProjectedCoverageLLBI-exp-RootCuts,FPP-Branch-Benders-CVaR-RootCuts,FPP-Branch-Benders-ProjectedCoverageLLBI-exp-RootCuts,FPP-Branch-Benders-RootCuts,0,0,3.69129983,2.143990371,-0.00030851,0,0
new20x20,shortest_path,CVaR,0.01,100,case02,FPP-Branch-Benders-RootCuts,FPP-Branch-Benders-CVaR-ProjectedPathLLBI-exp-RootCuts,FPP-Branch-Benders-CVaR-RootCuts,FPP-Branch-Benders-ProjectedPathLLBI-exp-RootCuts,FPP-Branch-Benders-RootCuts,0,0,1.01231037,1.313730493,-0.00030851,0,0
new20x20,shortest_path,CVaR,0.01,100,case02,FPP-Branch-Benders-RootCuts,FPP-Branch-Benders-Combinatorial-CVaR,FPP-Branch-Benders-CVaR-RootCuts,FPP-Branch-Benders-Combinatorial,FPP-Branch-Benders-RootCuts,0,0,13.16724639,5.080731388,0.00060418,0,0
new20x20,shortest_path,Expected,0.01,100,case02,FPP-Branch-Benders-RootCuts,FPP-Branch-Benders-LLBI-RootCuts,FPP-Branch-Benders-RootCuts,FPP-Branch-Benders-LLBI-RootCuts,FPP-Branch-Benders-RootCuts,0,0,-1.5224528,0.6709796752,0.00047794,0,0
new20x20,shortest_path,Expected,0.01,100,case02,FPP-Branch-Benders-RootCuts,FPP-Branch-Benders-ProjectedCoverageLLBI-exp-RootCuts,FPP-Branch-Benders-RootCuts,FPP-Branch-Benders-ProjectedCoverageLLBI-exp-RootCuts,FPP-Branch-Benders-RootCuts,0,0,2.45897414,1.531413828,0.00095705,0,0
new20x20,shortest_path,Expected,0.01,100,case02,FPP-Branch-Benders-RootCuts,FPP-Branch-Benders-ProjectedPathLLBI-exp-RootCuts,FPP-Branch-Benders-RootCuts,FPP-Branch-Benders-ProjectedPathLLBI-exp-RootCuts,FPP-Branch-Benders-RootCuts,0,0,-2.03891322,0.5593663791,0,0,0
new20x20,shortest_path,Expected,0.01,100,case02,FPP-Branch-Benders-RootCuts,FPP-Branch-Benders-Combinatorial,FPP-Branch-Benders-RootCuts,FPP-Branch-Benders-Combinatorial,FPP-Branch-Benders-RootCuts,0,0,3.40901861,1.736729842,0.00021987,0,0
new20x20,shortest_path,MeanCVaR,0.01,100,case02,FPP-Branch-Benders-RootCuts,FPP-Branch-Benders-MeanCVaR-LLBI-RootCuts,FPP-Branch-Benders-MeanCVaR-RootCuts,FPP-Branch-Benders-LLBI-RootCuts,FPP-Branch-Benders-RootCuts,0,0,-0.86332613,0.7659937141,0,0,0
new20x20,shortest_path,MeanCVaR,0.01,100,case02,FPP-Branch-Benders-RootCuts,FPP-Branch-Benders-MeanCVaR-ProjectedCoverageLLBI-exp-RootCuts,FPP-Branch-Benders-MeanCVaR-RootCuts,FPP-Branch-Benders-ProjectedCoverageLLBI-exp-RootCuts,FPP-Branch-Benders-RootCuts,0,0,4.06191585,2.10099047,0,0,0
new20x20,shortest_path,MeanCVaR,0.01,100,case02,FPP-Branch-Benders-RootCuts,FPP-Branch-Benders-MeanCVaR-ProjectedPathLLBI-exp-RootCuts,FPP-Branch-Benders-MeanCVaR-RootCuts,FPP-Branch-Benders-ProjectedPathLLBI-exp-RootCuts,FPP-Branch-Benders-RootCuts,0,0,-0.31462853,0.9147193034,0,0,0
new20x20,shortest_path,MeanCVaR,0.01,100,case02,FPP-Branch-Benders-RootCuts,FPP-Branch-Benders-Combinatorial-MeanCVaR,FPP-Branch-Benders-MeanCVaR-RootCuts,FPP-Branch-Benders-Combinatorial,FPP-Branch-Benders-RootCuts,22.585,12.40593244,1801.124739,489.1984872,0.14248447,0.455,21.57
new20x20,shortest_path,CVaR,0.01,100,case03,FPP-Branch-Benders-RootCuts,FPP-Branch-Benders-CVaR-LLBI-RootCuts,FPP-Branch-Benders-CVaR-RootCuts,FPP-Branch-Benders-LLBI-RootCuts,FPP-Branch-Benders-RootCuts,0,0,0.77988498,1.214337351,0.00036636,0,0
new20x20,shortest_path,CVaR,0.01,100,case03,FPP-Branch-Benders-RootCuts,FPP-Branch-Benders-CVaR-ProjectedCoverageLLBI-exp-RootCuts,FPP-Branch-Benders-CVaR-RootCuts,FPP-Branch-Benders-ProjectedCoverageLLBI-exp-RootCuts,FPP-Branch-Benders-RootCuts,0,0,3.90113692,2.072157271,4.81e-06,0,0
new20x20,shortest_path,CVaR,0.01,100,case03,FPP-Branch-Benders-RootCuts,FPP-Branch-Benders-CVaR-ProjectedPathLLBI-exp-RootCuts,FPP-Branch-Benders-CVaR-RootCuts,FPP-Branch-Benders-ProjectedPathLLBI-exp-RootCuts,FPP-Branch-Benders-RootCuts,0,0,1.271732,1.349512652,-4.343e-05,0,0
new20x20,shortest_path,CVaR,0.01,100,case03,FPP-Branch-Benders-RootCuts,FPP-Branch-Benders-Combinatorial-CVaR,FPP-Branch-Benders-CVaR-RootCuts,FPP-Branch-Benders-Combinatorial,FPP-Branch-Benders-RootCuts,0,0,20.14940413,6.537701084,-0.00061641,0,0
new20x20,shortest_path,Expected,0.01,100,case03,FPP-Branch-Benders-RootCuts,FPP-Branch-Benders-LLBI-RootCuts,FPP-Branch-Benders-RootCuts,FPP-Branch-Benders-LLBI-RootCuts,FPP-Branch-Benders-RootCuts,0,0,-0.87852162,0.8472586815,-0.0007421,0,0
new20x20,shortest_path,Expected,0.01,100,case03,FPP-Branch-Benders-RootCuts,FPP-Branch-Benders-ProjectedCoverageLLBI-exp-RootCuts,FPP-Branch-Benders-RootCuts,FPP-Branch-Benders-ProjectedCoverageLLBI-exp-RootCuts,FPP-Branch-Benders-RootCuts,0,0,1.83456412,1.318960554,0.00015306,0,0
new20x20,shortest_path,Expected,0.01,100,case03,FPP-Branch-Benders-RootCuts,FPP-Branch-Benders-ProjectedPathLLBI-exp-RootCuts,FPP-Branch-Benders-RootCuts,FPP-Branch-Benders-ProjectedPathLLBI-exp-RootCuts,FPP-Branch-Benders-RootCuts,0,0,-2.56506873,0.554032626,-0.00055292,0,0
new20x20,shortest_path,Expected,0.01,100,case03,FPP-Branch-Benders-RootCuts,FPP-Branch-Benders-Combinatorial,FPP-Branch-Benders-RootCuts,FPP-Branch-Benders-Combinatorial,FPP-Branch-Benders-RootCuts,0,0,2.26506251,1.393807763,-0.00041428,0,0
new20x20,shortest_path,MeanCVaR,0.01,100,case03,FPP-Branch-Benders-RootCuts,FPP-Branch-Benders-MeanCVaR-LLBI-RootCuts,FPP-Branch-Benders-MeanCVaR-RootCuts,FPP-Branch-Benders-LLBI-RootCuts,FPP-Branch-Benders-RootCuts,0,0,1.09558194,1.256733288,0.00098498,0,0
new20x20,shortest_path,MeanCVaR,0.01,100,case03,FPP-Branch-Benders-RootCuts,FPP-Branch-Benders-MeanCVaR-ProjectedCoverageLLBI-exp-RootCuts,FPP-Branch-Benders-MeanCVaR-RootCuts,FPP-Branch-Benders-ProjectedCoverageLLBI-exp-RootCuts,FPP-Branch-Benders-RootCuts,0,0,3.87190588,1.907323396,0.00042947,0,0
new20x20,shortest_path,MeanCVaR,0.01,100,case03,FPP-Branch-Benders-RootCuts,FPP-Branch-Benders-MeanCVaR-ProjectedPathLLBI-exp-RootCuts,FPP-Branch-Benders-MeanCVaR-RootCuts,FPP-Branch-Benders-ProjectedPathLLBI-exp-RootCuts,FPP-Branch-Benders-RootCuts,0,0,-1.03933584,0.756447147,0,0,0
new20x20,shortest_path,MeanCVaR,0.01,100,case03,FPP-Branch-Benders-RootCuts,FPP-Branch-Benders-Combinatorial-MeanCVaR,FPP-Branch-Benders-MeanCVaR-RootCuts,FPP-Branch-Benders-Combinatorial,FPP-Branch-Benders-RootCuts,0,0,18.94710344,5.439971106,0,0,0
new20x20,shortest_path,CVaR,0.01,100,case04,FPP-Branch-Benders-RootCuts,FPP-Branch-Benders-CVaR-LLBI-RootCuts,FPP-Branch-Benders-CVaR-RootCuts,FPP-Branch-Benders-LLBI-RootCuts,FPP-Branch-Benders-RootCuts,0,0,-13.26838533,0.4577192873,4e-07,0,0
new20x20,shortest_path,CVaR,0.01,100,case04,FPP-Branch-Benders-RootCuts,FPP-Branch-Benders-CVaR-ProjectedCoverageLLBI-exp-RootCuts,FPP-Branch-Benders-CVaR-RootCuts,FPP-Branch-Benders-ProjectedCoverageLLBI-exp-RootCuts,FPP-Branch-Benders-RootCuts,0,0,-12.07766353,0.5063842491,-0.00017683,0,0
new20x20,shortest_path,CVaR,0.01,100,case04,FPP-Branch-Benders-RootCuts,FPP-Branch-Benders-CVaR-ProjectedPathLLBI-exp-RootCuts,FPP-Branch-Benders-CVaR-RootCuts,FPP-Branch-Benders-ProjectedPathLLBI-exp-RootCuts,FPP-Branch-Benders-RootCuts,0,0,-17.69762128,0.2766958117,-0.00098895,0,0
new20x20,shortest_path,CVaR,0.01,100,case04,FPP-Branch-Benders-RootCuts,FPP-Branch-Benders-Combinatorial-CVaR,FPP-Branch-Benders-CVaR-RootCuts,FPP-Branch-Benders-Combinatorial,FPP-Branch-Benders-RootCuts,0,0,33.02246263,2.349632538,-0.00098895,0,0
new20x20,shortest_path,Expected,0.01,100,case04,FPP-Branch-Benders-RootCuts,FPP-Branch-Benders-LLBI-RootCuts,FPP-Branch-Benders-RootCuts,FPP-Branch-Benders-LLBI-RootCuts,FPP-Branch-Benders-RootCuts,0,0,1.91704575,1.395933195,-0.00041269,0,0
new20x20,shortest_path,Expected,0.01,100,case04,FPP-Branch-Benders-RootCuts,FPP-Branch-Benders-ProjectedCoverageLLBI-exp-RootCuts,FPP-Branch-Benders-RootCuts,FPP-Branch-Benders-ProjectedCoverageLLBI-exp-RootCuts,FPP-Branch-Benders-RootCuts,0,0,6.49714277,2.341874337,0.00058696,0,0
new20x20,shortest_path,Expected,0.01,100,case04,FPP-Branch-Benders-RootCuts,FPP-Branch-Benders-ProjectedPathLLBI-exp-RootCuts,FPP-Branch-Benders-RootCuts,FPP-Branch-Benders-ProjectedPathLLBI-exp-RootCuts,FPP-Branch-Benders-RootCuts,0,0,-1.93825297,0.5996868146,-0.00041269,0,0
new20x20,shortest_path,Expected,0.01,100,case04,FPP-Branch-Benders-RootCuts,FPP-Branch-Benders-Combinatorial,FPP-Branch-Benders-RootCuts,FPP-Branch-Benders-Combinatorial,FPP-Branch-Benders-RootCuts,0,0,13.77951414,3.845924285,4.869e-05,0,0
new20x20,shortest_path,MeanCVaR,0.01,100,case04,FPP-Branch-Benders-RootCuts,FPP-Branch-Benders-MeanCVaR-LLBI-RootCuts,FPP-Branch-Benders-MeanCVaR-RootCuts,FPP-Branch-Benders-LLBI-RootCuts,FPP-Branch-Benders-RootCuts,0,0,-1.10522643,0.924503975,-4.898e-05,0,0
new20x20,shortest_path,MeanCVaR,0.01,100,case04,FPP-Branch-Benders-RootCuts,FPP-Branch-Benders-MeanCVaR-ProjectedCoverageLLBI-exp-RootCuts,FPP-Branch-Benders-MeanCVaR-RootCuts,FPP-Branch-Benders-ProjectedCoverageLLBI-exp-RootCuts,FPP-Branch-Benders-RootCuts,0,0,24.70249718,2.687383051,-0.00012101,0,0
new20x20,shortest_path,MeanCVaR,0.01,100,case04,FPP-Branch-Benders-RootCuts,FPP-Branch-Benders-MeanCVaR-ProjectedPathLLBI-exp-RootCuts,FPP-Branch-Benders-MeanCVaR-RootCuts,FPP-Branch-Benders-ProjectedPathLLBI-exp-RootCuts,FPP-Branch-Benders-RootCuts,0,0,4.09677995,1.279843653,-0.00069179,0,0
new20x20,shortest_path,MeanCVaR,0.01,100,case04,FPP-Branch-Benders-RootCuts,FPP-Branch-Benders-Combinatorial-MeanCVaR,FPP-Branch-Benders-MeanCVaR-RootCuts,FPP-Branch-Benders-Combinatorial,FPP-Branch-Benders-RootCuts,0,0,59.83840949,5.087453882,-0.00098637,0,0
new20x20,shortest_path,CVaR,0.02,100,case00,FPP-Branch-Benders-RootCuts,FPP-Branch-Benders-CVaR-LLBI-RootCuts,FPP-Branch-Benders-CVaR-RootCuts,FPP-Branch-Benders-LLBI-RootCuts,FPP-Branch-Benders-RootCuts,-6,-3.196590304,0.12865182,1.000071459,-0.07039525,-0.515,2.69
new20x20,shortest_path,CVaR,0.02,100,case00,FPP-Branch-Benders-RootCuts,FPP-Branch-Benders-CVaR-ProjectedCoverageLLBI-exp-RootCuts,FPP-Branch-Benders-CVaR-RootCuts,FPP-Branch-Benders-ProjectedCoverageLLBI-exp-RootCuts,FPP-Branch-Benders-RootCuts,-6,-3.196590304,4.05055851,1.002249856,-0.07270548,-0.515,2.69
new20x20,shortest_path,CVaR,0.02,100,case00,FPP-Branch-Benders-RootCuts,FPP-Branch-Benders-CVaR-ProjectedPathLLBI-exp-RootCuts,FPP-Branch-Benders-CVaR-RootCuts,FPP-Branch-Benders-ProjectedPathLLBI-exp-RootCuts,FPP-Branch-Benders-RootCuts,-6,-3.196590304,-1601.896321,0.110237416,-0.1106304,-0.515,2.69
new20x20,shortest_path,CVaR,0.02,100,case00,FPP-Branch-Benders-RootCuts,FPP-Branch-Benders-Combinatorial-CVaR,FPP-Branch-Benders-CVaR-RootCuts,FPP-Branch-Benders-Combinatorial,FPP-Branch-Benders-RootCuts,-6,-3.196590304,-323.8936958,0.8200954157,-0.11065502,-0.515,2.69
new20x20,shortest_path,Expected,0.02,100,case00,FPP-Branch-Benders-RootCuts,FPP-Branch-Benders-LLBI-RootCuts,FPP-Branch-Benders-RootCuts,FPP-Branch-Benders-LLBI-RootCuts,FPP-Branch-Benders-RootCuts,0,0,306.1887581,2.018226257,-2.281e-05,0,0
new20x20,shortest_path,Expected,0.02,100,case00,FPP-Branch-Benders-RootCuts,FPP-Branch-Benders-ProjectedCoverageLLBI-exp-RootCuts,FPP-Branch-Benders-RootCuts,FPP-Branch-Benders-ProjectedCoverageLLBI-exp-RootCuts,FPP-Branch-Benders-RootCuts,0,0,-274.4487499,0.08732467834,-7.27e-06,0,0
new20x20,shortest_path,Expected,0.02,100,case00,FPP-Branch-Benders-RootCuts,FPP-Branch-Benders-ProjectedPathLLBI-exp-RootCuts,FPP-Branch-Benders-RootCuts,FPP-Branch-Benders-ProjectedPathLLBI-exp-RootCuts,FPP-Branch-Benders-RootCuts,0,0,-292.1169254,0.02856941774,-0.00010409,0,0
new20x20,shortest_path,Expected,0.02,100,case00,FPP-Branch-Benders-RootCuts,FPP-Branch-Benders-Combinatorial,FPP-Branch-Benders-RootCuts,FPP-Branch-Benders-Combinatorial,FPP-Branch-Benders-RootCuts,0,0,-245.1063965,0.1849022474,-0.00087109,0,0
new20x20,shortest_path,MeanCVaR,0.02,100,case00,FPP-Branch-Benders-RootCuts,FPP-Branch-Benders-MeanCVaR-LLBI-RootCuts,FPP-Branch-Benders-MeanCVaR-RootCuts,FPP-Branch-Benders-LLBI-RootCuts,FPP-Branch-Benders-RootCuts,0.575,0.4084096882,-0.50056022,0.9997220599,0.01052576,-0.107,-0.22
new20x20,shortest_path,MeanCVaR,0.02,100,case00,FPP-Branch-Benders-RootCuts,FPP-Branch-Benders-MeanCVaR-ProjectedCoverageLLBI-exp-RootCuts,FPP-Branch-Benders-MeanCVaR-RootCuts,FPP-Branch-Benders-ProjectedCoverageLLBI-exp-RootCuts,FPP-Branch-Benders-RootCuts,-0.96,-0.6818666098,10.40262933,1.005776143,-0.06972809,2.122,5.28
new20x20,shortest_path,MeanCVaR,0.02,100,case00,FPP-Branch-Benders-RootCuts,FPP-Branch-Benders-MeanCVaR-ProjectedPathLLBI-exp-RootCuts,FPP-Branch-Benders-MeanCVaR-RootCuts,FPP-Branch-Benders-ProjectedPathLLBI-exp-RootCuts,FPP-Branch-Benders-RootCuts,-0.96,-0.6818666098,-1652.632446,0.08236266628,-0.07739582,2.122,5.28
new20x20,shortest_path,MeanCVaR,0.02,100,case00,FPP-Branch-Benders-RootCuts,FPP-Branch-Benders-Combinatorial-MeanCVaR,FPP-Branch-Benders-MeanCVaR-RootCuts,FPP-Branch-Benders-Combinatorial,FPP-Branch-Benders-RootCuts,0.685,0.4865402372,21.09060499,1.011710726,-0.01416212,3.817,4.98
new20x20,shortest_path,CVaR,0.02,100,case01,FPP-Branch-Benders-RootCuts,FPP-Branch-Benders-CVaR-LLBI-RootCuts,FPP-Branch-Benders-CVaR-RootCuts,FPP-Branch-Benders-LLBI-RootCuts,FPP-Branch-Benders-RootCuts,-0.8,-0.44345898,0.15362329,1.00008533,-0.01151966,1.396,11.01
new20x20,shortest_path,CVaR,0.02,100,case01,FPP-Branch-Benders-RootCuts,FPP-Branch-Benders-CVaR-ProjectedCoverageLLBI-exp-RootCuts,FPP-Branch-Benders-CVaR-RootCuts,FPP-Branch-Benders-ProjectedCoverageLLBI-exp-RootCuts,FPP-Branch-Benders-RootCuts,-1.9,-1.053215078,-1274.837713,0.291889584,-0.05604669,-0.387,7
new20x20,shortest_path,CVaR,0.02,100,case01,FPP-Branch-Benders-RootCuts,FPP-Branch-Benders-CVaR-ProjectedPathLLBI-exp-RootCuts,FPP-Branch-Benders-CVaR-RootCuts,FPP-Branch-Benders-ProjectedPathLLBI-exp-RootCuts,FPP-Branch-Benders-RootCuts,-1.9,-1.053215078,-1719.877048,0.04469185394,-0.05604761,-0.387,7
new20x20,shortest_path,CVaR,0.02,100,case01,FPP-Branch-Benders-RootCuts,FPP-Branch-Benders-Combinatorial-CVaR,FPP-Branch-Benders-CVaR-RootCuts,FPP-Branch-Benders-Combinatorial,FPP-Branch-Benders-RootCuts,-1.9,-1.053215078,-970.7998559,0.4607678428,-0.05605278,-0.387,7
new20x20,shortest_path,Expected,0.02,100,case01,FPP-Branch-Benders-RootCuts,FPP-Branch-Benders-LLBI-RootCuts,FPP-Branch-Benders-RootCuts,FPP-Branch-Benders-LLBI-RootCuts,FPP-Branch-Benders-RootCuts,0,0,27.86107293,1.622975678,3.7e-07,0,0
new20x20,shortest_path,Expected,0.02,100,case01,FPP-Branch-Benders-RootCuts,FPP-Branch-Benders-ProjectedCoverageLLBI-exp-RootCuts,FPP-Branch-Benders-RootCuts,FPP-Branch-Benders-ProjectedCoverageLLBI-exp-RootCuts,FPP-Branch-Benders-RootCuts,0,0,-27.07230378,0.3946612592,-0.00016614,0,0
new20x20,shortest_path,Expected,0.02,100,case01,FPP-Branch-Benders-RootCuts,FPP-Branch-Benders-ProjectedPathLLBI-exp-RootCuts,FPP-Branch-Benders-RootCuts,FPP-Branch-Benders-ProjectedPathLLBI-exp-RootCuts,FPP-Branch-Benders-RootCuts,0,0,-40.14628341,0.1023260951,-0.00018342,0,0
new20x20,shortest_path,Expected,0.02,100,case01,FPP-Branch-Benders-RootCuts,FPP-Branch-Benders-Combinatorial,FPP-Branch-Benders-RootCuts,FPP-Branch-Benders-Combinatorial,FPP-Branch-Benders-RootCuts,0,0,-23.52220931,0.4740416375,-0.00099288,0,0
new20x20,shortest_path,MeanCVaR,0.02,100,case01,FPP-Branch-Benders-RootCuts,FPP-Branch-Benders-MeanCVaR-LLBI-RootCuts,FPP-Branch-Benders-MeanCVaR-RootCuts,FPP-Branch-Benders-LLBI-RootCuts,FPP-Branch-Benders-RootCuts,1.83,1.336351687,0.13836994,1.000076858,0.03255951,-0.576,-3.67
new20x20,shortest_path,MeanCVaR,0.02,100,case01,FPP-Branch-Benders-RootCuts,FPP-Branch-Benders-MeanCVaR-ProjectedCoverageLLBI-exp-RootCuts,FPP-Branch-Benders-MeanCVaR-RootCuts,FPP-Branch-Benders-ProjectedCoverageLLBI-exp-RootCuts,FPP-Branch-Benders-RootCuts,0,0,-1099.126899,0.3894902027,-0.03304371,0,0
new20x20,shortest_path,MeanCVaR,0.02,100,case01,FPP-Branch-Benders-RootCuts,FPP-Branch-Benders-MeanCVaR-ProjectedPathLLBI-exp-RootCuts,FPP-Branch-Benders-MeanCVaR-RootCuts,FPP-Branch-Benders-ProjectedPathLLBI-exp-RootCuts,FPP-Branch-Benders-RootCuts,0,0,-1705.847789,0.05248721624,-0.0330427,0,0
new20x20,shortest_path,MeanCVaR,0.02,100,case01,FPP-Branch-Benders-RootCuts,FPP-Branch-Benders-Combinatorial-MeanCVaR,FPP-Branch-Benders-MeanCVaR-RootCuts,FPP-Branch-Benders-Combinatorial,FPP-Branch-Benders-RootCuts,0,0,-926.3457005,0.4854614819,-0.03336806,0,0
new20x20,shortest_path,CVaR,0.02,100,case02,FPP-Branch-Benders-RootCuts,FPP-Branch-Benders-CVaR-LLBI-RootCuts,FPP-Branch-Benders-CVaR-RootCuts,FPP-Branch-Benders-LLBI-RootCuts,FPP-Branch-Benders-RootCuts,-2.8,-1.633605601,0.05100536,1.000028319,-0.0176608,0.083,1.18
new20x20,shortest_path,CVaR,0.02,100,case02,FPP-Branch-Benders-RootCuts,FPP-Branch-Benders-CVaR-ProjectedCoverageLLBI-exp-RootCuts,FPP-Branch-Benders-CVaR-RootCuts,FPP-Branch-Benders-ProjectedCoverageLLBI-exp-RootCuts,FPP-Branch-Benders-RootCuts,-3.5,-2.042007001,-1444.266075,0.198116397,-0.08220485,0.248,0.33
new20x20,shortest_path,CVaR,0.02,100,case02,FPP-Branch-Benders-RootCuts,FPP-Branch-Benders-CVaR-ProjectedPathLLBI-exp-RootCuts,FPP-Branch-Benders-CVaR-RootCuts,FPP-Branch-Benders-ProjectedPathLLBI-exp-RootCuts,FPP-Branch-Benders-RootCuts,-3.5,-2.042007001,-1658.206341,0.07933275036,-0.08221356,0.248,0.33
new20x20,shortest_path,CVaR,0.02,100,case02,FPP-Branch-Benders-RootCuts,FPP-Branch-Benders-Combinatorial-CVaR,FPP-Branch-Benders-CVaR-RootCuts,FPP-Branch-Benders-Combinatorial,FPP-Branch-Benders-RootCuts,12.8,7.467911319,6.37375475,1.003538828,0.1098159,-7.043,11.52
new20x20,shortest_path,Expected,0.02,100,case02,FPP-Branch-Benders-RootCuts,FPP-Branch-Benders-LLBI-RootCuts,FPP-Branch-Benders-RootCuts,FPP-Branch-Benders-LLBI-RootCuts,FPP-Branch-Benders-RootCuts,0,0,29.98715571,1.236283556,-2.003e-05,0,0
new20x20,shortest_path,Expected,0.02,100,case02,FPP-Branch-Benders-RootCuts,FPP-Branch-Benders-ProjectedCoverageLLBI-exp-RootCuts,FPP-Branch-Benders-RootCuts,FPP-Branch-Benders-ProjectedCoverageLLBI-exp-RootCuts,FPP-Branch-Benders-RootCuts,0,0,-110.0116688,0.133163926,-0.0001613,0,0
new20x20,shortest_path,Expected,0.02,100,case02,FPP-Branch-Benders-RootCuts,FPP-Branch-Benders-ProjectedPathLLBI-exp-RootCuts,FPP-Branch-Benders-RootCuts,FPP-Branch-Benders-ProjectedPathLLBI-exp-RootCuts,FPP-Branch-Benders-RootCuts,0,0,-118.3547655,0.0674245619,-8.67e-05,0,0
new20x20,shortest_path,Expected,0.02,100,case02,FPP-Branch-Benders-RootCuts,FPP-Branch-Benders-Combinatorial,FPP-Branch-Benders-RootCuts,FPP-Branch-Benders-Combinatorial,FPP-Branch-Benders-RootCuts,0,0,-75.26623446,0.406940301,-0.00099982,0,0
new20x20,shortest_path,MeanCVaR,0.02,100,case02,FPP-Branch-Benders-RootCuts,FPP-Branch-Benders-MeanCVaR-LLBI-RootCuts,FPP-Branch-Benders-MeanCVaR-RootCuts,FPP-Branch-Benders-LLBI-RootCuts,FPP-Branch-Benders-RootCuts,0,0,-71.83914386,0.9601137451,-0.0403484,0,0
new20x20,shortest_path,MeanCVaR,0.02,100,case02,FPP-Branch-Benders-RootCuts,FPP-Branch-Benders-MeanCVaR-ProjectedCoverageLLBI-exp-RootCuts,FPP-Branch-Benders-MeanCVaR-RootCuts,FPP-Branch-Benders-ProjectedCoverageLLBI-exp-RootCuts,FPP-Branch-Benders-RootCuts,0,0,-1641.62054,0.08854571748,-0.04035042,0,0
new20x20,shortest_path,MeanCVaR,0.02,100,case02,FPP-Branch-Benders-RootCuts,FPP-Branch-Benders-MeanCVaR-ProjectedPathLLBI-exp-RootCuts,FPP-Branch-Benders-MeanCVaR-RootCuts,FPP-Branch-Benders-ProjectedPathLLBI-exp-RootCuts,FPP-Branch-Benders-RootCuts,0,0,-1739.541729,0.03417828901,-0.04035259,0,0
new20x20,shortest_path,MeanCVaR,0.02,100,case02,FPP-Branch-Benders-RootCuts,FPP-Branch-Benders-Combinatorial-MeanCVaR,FPP-Branch-Benders-MeanCVaR-RootCuts,FPP-Branch-Benders-Combinatorial,FPP-Branch-Benders-RootCuts,0,0,-1265.054482,0.297621285,-0.04041785,0,0
new20x20,shortest_path,CVaR,0.02,100,case03,FPP-Branch-Benders-RootCuts,FPP-Branch-Benders-CVaR-LLBI-RootCuts,FPP-Branch-Benders-CVaR-RootCuts,FPP-Branch-Benders-LLBI-RootCuts,FPP-Branch-Benders-RootCuts,0,0,-87.08932868,0.951626931,-0.06016093,0,0
new20x20,shortest_path,CVaR,0.02,100,case03,FPP-Branch-Benders-RootCuts,FPP-Branch-Benders-CVaR-ProjectedCoverageLLBI-exp-RootCuts,FPP-Branch-Benders-CVaR-RootCuts,FPP-Branch-Benders-ProjectedCoverageLLBI-exp-RootCuts,FPP-Branch-Benders-RootCuts,0,0,-1491.342743,0.1716456363,-0.06016489,0,0
new20x20,shortest_path,CVaR,0.02,100,case03,FPP-Branch-Benders-RootCuts,FPP-Branch-Benders-CVaR-ProjectedPathLLBI-exp-RootCuts,FPP-Branch-Benders-CVaR-RootCuts,FPP-Branch-Benders-ProjectedPathLLBI-exp-RootCuts,FPP-Branch-Benders-RootCuts,0,0,-1762.014438,0.02130321482,-0.06020696,0,0
new20x20,shortest_path,CVaR,0.02,100,case03,FPP-Branch-Benders-RootCuts,FPP-Branch-Benders-Combinatorial-CVaR,FPP-Branch-Benders-CVaR-RootCuts,FPP-Branch-Benders-Combinatorial,FPP-Branch-Benders-RootCuts,0,0,-60.88516235,0.966181825,-0.06023234,0,0
new20x20,shortest_path,Expected,0.02,100,case03,FPP-Branch-Benders-RootCuts,FPP-Branch-Benders-LLBI-RootCuts,FPP-Branch-Benders-RootCuts,FPP-Branch-Benders-LLBI-RootCuts,FPP-Branch-Benders-RootCuts,0,0,11.55945282,1.260106558,-8.36e-05,0,0
new20x20,shortest_path,Expected,0.02,100,case03,FPP-Branch-Benders-RootCuts,FPP-Branch-Benders-ProjectedCoverageLLBI-exp-RootCuts,FPP-Branch-Benders-RootCuts,FPP-Branch-Benders-ProjectedCoverageLLBI-exp-RootCuts,FPP-Branch-Benders-RootCuts,0,0,-37.38824734,0.1587034031,-1.696e-05,0,0
new20x20,shortest_path,Expected,0.02,100,case03,FPP-Branch-Benders-RootCuts,FPP-Branch-Benders-ProjectedPathLLBI-exp-RootCuts,FPP-Branch-Benders-RootCuts,FPP-Branch-Benders-ProjectedPathLLBI-exp-RootCuts,FPP-Branch-Benders-RootCuts,0,0,-42.66980947,0.03985963371,-0.00099128,0,0
new20x20,shortest_path,Expected,0.02,100,case03,FPP-Branch-Benders-RootCuts,FPP-Branch-Benders-Combinatorial,FPP-Branch-Benders-RootCuts,FPP-Branch-Benders-Combinatorial,FPP-Branch-Benders-RootCuts,0,0,-28.09476721,0.3678218765,-7.93e-06,0,0
new20x20,shortest_path,MeanCVaR,0.02,100,case03,FPP-Branch-Benders-RootCuts,FPP-Branch-Benders-MeanCVaR-LLBI-RootCuts,FPP-Branch-Benders-MeanCVaR-RootCuts,FPP-Branch-Benders-LLBI-RootCuts,FPP-Branch-Benders-RootCuts,0,0,-164.5728849,0.9085887548,-0.01019875,0,0
new20x20,shortest_path,MeanCVaR,0.02,100,case03,FPP-Branch-Benders-RootCuts,FPP-Branch-Benders-MeanCVaR-ProjectedCoverageLLBI-exp-RootCuts,FPP-Branch-Benders-MeanCVaR-RootCuts,FPP-Branch-Benders-ProjectedCoverageLLBI-exp-RootCuts,FPP-Branch-Benders-RootCuts,0,0,-1685.348047,0.06388124864,-0.01020217,0,0
new20x20,shortest_path,MeanCVaR,0.02,100,case03,FPP-Branch-Benders-RootCuts,FPP-Branch-Benders-MeanCVaR-ProjectedPathLLBI-exp-RootCuts,FPP-Branch-Benders-MeanCVaR-RootCuts,FPP-Branch-Benders-ProjectedPathLLBI-exp-RootCuts,FPP-Branch-Benders-RootCuts,0,0,-1726.323133,0.04112182691,-0.0102252,0,0
new20x20,shortest_path,MeanCVaR,0.02,100,case03,FPP-Branch-Benders-RootCuts,FPP-Branch-Benders-Combinatorial-MeanCVaR,FPP-Branch-Benders-MeanCVaR-RootCuts,FPP-Branch-Benders-Combinatorial,FPP-Branch-Benders-RootCuts,0,0,-1250.46043,0.3054375569,-0.01041211,0,0
new20x20,shortest_path,CVaR,0.02,100,case04,FPP-Branch-Benders-RootCuts,FPP-Branch-Benders-CVaR-LLBI-RootCuts,FPP-Branch-Benders-CVaR-RootCuts,FPP-Branch-Benders-LLBI-RootCuts,FPP-Branch-Benders-RootCuts,-2.3,-1.233905579,0.23331181,1.00012959,-0.00920329,7.78,22.97
new20x20,shortest_path,CVaR,0.02,100,case04,FPP-Branch-Benders-RootCuts,FPP-Branch-Benders-CVaR-ProjectedCoverageLLBI-exp-RootCuts,FPP-Branch-Benders-CVaR-RootCuts,FPP-Branch-Benders-ProjectedCoverageLLBI-exp-RootCuts,FPP-Branch-Benders-RootCuts,-4,-2.145922747,4.78598272,1.002658321,-0.06761093,12.961,32.83
new20x20,shortest_path,CVaR,0.02,100,case04,FPP-Branch-Benders-RootCuts,FPP-Branch-Benders-CVaR-ProjectedPathLLBI-exp-RootCuts,FPP-Branch-Benders-CVaR-RootCuts,FPP-Branch-Benders-ProjectedPathLLBI-exp-RootCuts,FPP-Branch-Benders-RootCuts,-4.3,-2.306866953,1.38125236,1.000767201,-0.08165926,13.222,20.99
new20x20,shortest_path,CVaR,0.02,100,case04,FPP-Branch-Benders-RootCuts,FPP-Branch-Benders-Combinatorial-CVaR,FPP-Branch-Benders-CVaR-RootCuts,FPP-Branch-Benders-Combinatorial,FPP-Branch-Benders-RootCuts,-4,-2.145922747,7.11857218,1.003953933,-0.05304438,12.961,32.83
new20x20,shortest_path,Expected,0.02,100,case04,FPP-Branch-Benders-RootCuts,FPP-Branch-Benders-LLBI-RootCuts,FPP-Branch-Benders-RootCuts,FPP-Branch-Benders-LLBI-RootCuts,FPP-Branch-Benders-RootCuts,0,0,-104.1534063,0.6853303784,-1.168e-05,0,0
new20x20,shortest_path,Expected,0.02,100,case04,FPP-Branch-Benders-RootCuts,FPP-Branch-Benders-ProjectedCoverageLLBI-exp-RootCuts,FPP-Branch-Benders-RootCuts,FPP-Branch-Benders-ProjectedCoverageLLBI-exp-RootCuts,FPP-Branch-Benders-RootCuts,0,0,-317.2085825,0.04164531767,-5e-07,0,0
new20x20,shortest_path,Expected,0.02,100,case04,FPP-Branch-Benders-RootCuts,FPP-Branch-Benders-ProjectedPathLLBI-exp-RootCuts,FPP-Branch-Benders-RootCuts,FPP-Branch-Benders-ProjectedPathLLBI-exp-RootCuts,FPP-Branch-Benders-RootCuts,0,0,-325.1882167,0.01753714342,-0.00072518,0,0
new20x20,shortest_path,Expected,0.02,100,case04,FPP-Branch-Benders-RootCuts,FPP-Branch-Benders-Combinatorial,FPP-Branch-Benders-RootCuts,FPP-Branch-Benders-Combinatorial,FPP-Branch-Benders-RootCuts,0,0,-263.3547215,0.2043493007,-0.00099994,0,0
new20x20,shortest_path,MeanCVaR,0.02,100,case04,FPP-Branch-Benders-RootCuts,FPP-Branch-Benders-MeanCVaR-LLBI-RootCuts,FPP-Branch-Benders-MeanCVaR-RootCuts,FPP-Branch-Benders-LLBI-RootCuts,FPP-Branch-Benders-RootCuts,0.375,0.2604166667,0.97708449,1.000542688,0.00395675,1.443,6.14
new20x20,shortest_path,MeanCVaR,0.02,100,case04,FPP-Branch-Benders-RootCuts,FPP-Branch-Benders-MeanCVaR-ProjectedCoverageLLBI-exp-RootCuts,FPP-Branch-Benders-MeanCVaR-RootCuts,FPP-Branch-Benders-ProjectedCoverageLLBI-exp-RootCuts,FPP-Branch-Benders-RootCuts,-1.845,-1.28125,13.97882738,1.007764054,-0.05099354,1.21,20.08
new20x20,shortest_path,MeanCVaR,0.02,100,case04,FPP-Branch-Benders-RootCuts,FPP-Branch-Benders-MeanCVaR-ProjectedPathLLBI-exp-RootCuts,FPP-Branch-Benders-MeanCVaR-RootCuts,FPP-Branch-Benders-ProjectedPathLLBI-exp-RootCuts,FPP-Branch-Benders-RootCuts,-2.64,-1.833333333,-635.5391164,0.6470118988,-0.11672548,2.508,24.91
new20x20,shortest_path,MeanCVaR,0.02,100,case04,FPP-Branch-Benders-RootCuts,FPP-Branch-Benders-Combinatorial-MeanCVaR,FPP-Branch-Benders-MeanCVaR-RootCuts,FPP-Branch-Benders-Combinatorial,FPP-Branch-Benders-RootCuts,-2.35,-1.631944444,7.88794249,1.004381083,-0.06941378,-2.867,13.14
new20x20,shortest_path,CVaR,0.03,100,case00,FPP-Branch-Benders-RootCuts,FPP-Branch-Benders-CVaR-LLBI-RootCuts,FPP-Branch-Benders-CVaR-RootCuts,FPP-Branch-Benders-LLBI-RootCuts,FPP-Branch-Benders-RootCuts,-2.4,-1.605351171,-0.34618645,0.9998077756,-0.00904557,-2.519,-4.59
new20x20,shortest_path,CVaR,0.03,100,case00,FPP-Branch-Benders-RootCuts,FPP-Branch-Benders-CVaR-ProjectedCoverageLLBI-exp-RootCuts,FPP-Branch-Benders-CVaR-RootCuts,FPP-Branch-Benders-ProjectedCoverageLLBI-exp-RootCuts,FPP-Branch-Benders-RootCuts,-12.8,-8.56187291,3.60978178,1.002004377,-0.18911348,-3.673,-0.73
new20x20,shortest_path,CVaR,0.03,100,case00,FPP-Branch-Benders-RootCuts,FPP-Branch-Benders-CVaR-ProjectedPathLLBI-exp-RootCuts,FPP-Branch-Benders-CVaR-RootCuts,FPP-Branch-Benders-ProjectedPathLLBI-exp-RootCuts,FPP-Branch-Benders-RootCuts,-12.8,-8.56187291,2.23721903,1.001242244,-0.20858394,-3.673,-0.73
new20x20,shortest_path,CVaR,0.03,100,case00,FPP-Branch-Benders-RootCuts,FPP-Branch-Benders-Combinatorial-CVaR,FPP-Branch-Benders-CVaR-RootCuts,FPP-Branch-Benders-Combinatorial,FPP-Branch-Benders-RootCuts,-10.9,-7.2909699,8.52326846,1.004732653,-0.16763761,-3.665,1.1
new20x20,shortest_path,Expected,0.03,100,case00,FPP-Branch-Benders-RootCuts,FPP-Branch-Benders-LLBI-RootCuts,FPP-Branch-Benders-RootCuts,FPP-Branch-Benders-LLBI-RootCuts,FPP-Branch-Benders-RootCuts,0.7,0.979020979,0.86797829,1.0004821,0.01873338,3.345,15.33
new20x20,shortest_path,Expected,0.03,100,case00,FPP-Branch-Benders-RootCuts,FPP-Branch-Benders-ProjectedCoverageLLBI-exp-RootCuts,FPP-Branch-Benders-RootCuts,FPP-Branch-Benders-ProjectedCoverageLLBI-exp-RootCuts,FPP-Branch-Benders-RootCuts,-1.6,-2.237762238,-1448.587825,0.1954127745,-0.10847515,-0.774,-6.01
new20x20,shortest_path,Expected,0.03,100,case00,FPP-Branch-Benders-RootCuts,FPP-Branch-Benders-ProjectedPathLLBI-exp-RootCuts,FPP-Branch-Benders-RootCuts,FPP-Branch-Benders-ProjectedPathLLBI-exp-RootCuts,FPP-Branch-Benders-RootCuts,-1.6,-2.237762238,-1793.147759,0.004034304512,-0.10861657,-0.774,-6.01
new20x20,shortest_path,Expected,0.03,100,case00,FPP-Branch-Benders-RootCuts,FPP-Branch-Benders-Combinatorial,FPP-Branch-Benders-RootCuts,FPP-Branch-Benders-Combinatorial,FPP-Branch-Benders-RootCuts,-1.6,-2.237762238,10.67322971,1.005928218,-0.07867368,-0.774,-6.01
new20x20,shortest_path,MeanCVaR,0.03,100,case00,FPP-Branch-Benders-RootCuts,FPP-Branch-Benders-MeanCVaR-LLBI-RootCuts,FPP-Branch-Benders-MeanCVaR-RootCuts,FPP-Branch-Benders-LLBI-RootCuts,FPP-Branch-Benders-RootCuts,-3.575,-3.163017032,-0.40286187,0.9997763208,-0.0236912,-0.412,0.24
new20x20,shortest_path,MeanCVaR,0.03,100,case00,FPP-Branch-Benders-RootCuts,FPP-Branch-Benders-MeanCVaR-ProjectedCoverageLLBI-exp-RootCuts,FPP-Branch-Benders-MeanCVaR-RootCuts,FPP-Branch-Benders-ProjectedCoverageLLBI-exp-RootCuts,FPP-Branch-Benders-RootCuts,-7.665,-6.781685468,8.63914359,1.004796674,-0.17809226,0.956,-1.89
new20x20,shortest_path,MeanCVaR,0.03,100,case00,FPP-Branch-Benders-RootCuts,FPP-Branch-Benders-MeanCVaR-ProjectedPathLLBI-exp-RootCuts,FPP-Branch-Benders-MeanCVaR-RootCuts,FPP-Branch-Benders-ProjectedPathLLBI-exp-RootCuts,FPP-Branch-Benders-RootCuts,-7.665,-6.781685468,-422.6980772,0.7653071951,-0.22309778,1.08,-0.75
new20x20,shortest_path,MeanCVaR,0.03,100,case00,FPP-Branch-Benders-RootCuts,FPP-Branch-Benders-Combinatorial-MeanCVaR,FPP-Branch-Benders-MeanCVaR-RootCuts,FPP-Branch-Benders-Combinatorial,FPP-Branch-Benders-RootCuts,-6.965,-6.162353462,8.83864776,1.004907444,-0.17367266,2.83,2.77
new20x20,shortest_path,CVaR,0.03,100,case01,FPP-Branch-Benders-RootCuts,FPP-Branch-Benders-CVaR-LLBI-RootCuts,FPP-Branch-Benders-CVaR-RootCuts,FPP-Branch-Benders-LLBI-RootCuts,FPP-Branch-Benders-RootCuts,0.5,0.3533568905,-0.38059536,0.9997886547,0.01873641,1.045,-17.05
new20x20,shortest_path,CVaR,0.03,100,case01,FPP-Branch-Benders-RootCuts,FPP-Branch-Benders-CVaR-ProjectedCoverageLLBI-exp-RootCuts,FPP-Branch-Benders-CVaR-RootCuts,FPP-Branch-Benders-ProjectedCoverageLLBI-exp-RootCuts,FPP-Branch-Benders-RootCuts,-7.5,-5.300353357,4.08867684,1.002270449,-0.13782291,-5.357,-21.22
new20x20,shortest_path,CVaR,0.03,100,case01,FPP-Branch-Benders-RootCuts,FPP-Branch-Benders-CVaR-ProjectedPathLLBI-exp-RootCuts,FPP-Branch-Benders-CVaR-RootCuts,FPP-Branch-Benders-ProjectedPathLLBI-exp-RootCuts,FPP-Branch-Benders-RootCuts,-7.5,-5.300353357,0.73842935,1.000410051,-0.17691613,-5.357,-21.22
new20x20,shortest_path,CVaR,0.03,100,case01,FPP-Branch-Benders-RootCuts,FPP-Branch-Benders-Combinatorial-CVaR,FPP-Branch-Benders-CVaR-RootCuts,FPP-Branch-Benders-Combinatorial,FPP-Branch-Benders-RootCuts,-4.5,-3.180212014,20.23307299,1.01123546,-0.12154496,-7.851,-30.1
new20x20,shortest_path,Expected,0.03,100,case01,FPP-Branch-Benders-RootCuts,FPP-Branch-Benders-LLBI-RootCuts,FPP-Branch-Benders-RootCuts,FPP-Branch-Benders-LLBI-RootCuts,FPP-Branch-Benders-RootCuts,1.21,1.7219297,-0.01686813,0.999990632,0.0162814,2.059,-7.33
new20x20,shortest_path,Expected,0.03,100,case01,FPP-Branch-Benders-RootCuts,FPP-Branch-Benders-ProjectedCoverageLLBI-exp-RootCuts,FPP-Branch-Benders-RootCuts,FPP-Branch-Benders-ProjectedCoverageLLBI-exp-RootCuts,FPP-Branch-Benders-RootCuts,-1.2,-1.707698876,-1697.242521,0.0574077322,-0.09556174,1.584,7.56
new20x20,shortest_path,Expected,0.03,100,case01,FPP-Branch-Benders-RootCuts,FPP-Branch-Benders-ProjectedPathLLBI-exp-RootCuts,FPP-Branch-Benders-RootCuts,FPP-Branch-Benders-ProjectedPathLLBI-exp-RootCuts,FPP-Branch-Benders-RootCuts,-1.2,-1.707698876,-1777.174044,0.01301641225,-0.09556503,1.584,7.56
new20x20,shortest_path,Expected,0.03,100,case01,FPP-Branch-Benders-RootCuts,FPP-Branch-Benders-Combinatorial,FPP-Branch-Benders-RootCuts,FPP-Branch-Benders-Combinatorial,FPP-Branch-Benders-RootCuts,-1.2,-1.707698876,-1553.117819,0.1374498167,-0.09593082,1.584,7.56
new20x20,shortest_path,MeanCVaR,0.03,100,case01,FPP-Branch-Benders-RootCuts,FPP-Branch-Benders-MeanCVaR-LLBI-RootCuts,FPP-Branch-Benders-MeanCVaR-RootCuts,FPP-Branch-Benders-LLBI-RootCuts,FPP-Branch-Benders-RootCuts,6.375,5.999435347,0.56374662,1.000313016,0.05217641,2.824,10.53
new20x20,shortest_path,MeanCVaR,0.03,100,case01,FPP-Branch-Benders-RootCuts,FPP-Branch-Benders-MeanCVaR-ProjectedCoverageLLBI-exp-RootCuts,FPP-Branch-Benders-MeanCVaR-RootCuts,FPP-Branch-Benders-ProjectedCoverageLLBI-exp-RootCuts,FPP-Branch-Benders-RootCuts,-1.505,-1.416337286,3.48283289,1.001933814,-0.11562463,0.019,-0.98
new20x20,shortest_path,MeanCVaR,0.03,100,case01,FPP-Branch-Benders-RootCuts,FPP-Branch-Benders-MeanCVaR-ProjectedPathLLBI-exp-RootCuts,FPP-Branch-Benders-MeanCVaR-RootCuts,FPP-Branch-Benders-ProjectedPathLLBI-exp-RootCuts,FPP-Branch-Benders-RootCuts,-1.575,-1.482213439,-1151.024038,0.3609035708,-0.16216843,-0.883,-1.88
new20x20,shortest_path,MeanCVaR,0.03,100,case01,FPP-Branch-Benders-RootCuts,FPP-Branch-Benders-Combinatorial-MeanCVaR,FPP-Branch-Benders-MeanCVaR-RootCuts,FPP-Branch-Benders-Combinatorial,FPP-Branch-Benders-RootCuts,2.4,2.258610954,49.56068041,1.027518152,-0.02274605,0.458,4.27
new20x20,shortest_path,CVaR,0.03,100,case02,FPP-Branch-Benders-RootCuts,FPP-Branch-Benders-CVaR-LLBI-RootCuts,FPP-Branch-Benders-CVaR-RootCuts,FPP-Branch-Benders-LLBI-RootCuts,FPP-Branch-Benders-RootCuts,-1.4,-1.070336391,0.85836715,1.000476782,0.00394684,-2.399,0.12
new20x20,shortest_path,CVaR,0.03,100,case02,FPP-Branch-Benders-RootCuts,FPP-Branch-Benders-CVaR-ProjectedCoverageLLBI-exp-RootCuts,FPP-Branch-Benders-CVaR-RootCuts,FPP-Branch-Benders-ProjectedCoverageLLBI-exp-RootCuts,FPP-Branch-Benders-RootCuts,-4.7,-3.593272171,11.63757674,1.006464116,-0.12850259,-2.452,-4.52
new20x20,shortest_path,CVaR,0.03,100,case02,FPP-Branch-Benders-RootCuts,FPP-Branch-Benders-CVaR-ProjectedPathLLBI-exp-RootCuts,FPP-Branch-Benders-CVaR-RootCuts,FPP-Branch-Benders-ProjectedPathLLBI-exp-RootCuts,FPP-Branch-Benders-RootCuts,-4.7,-3.593272171,2.96576391,1.00164734,-0.14665311,-2.452,-4.52
new20x20,shortest_path,CVaR,0.03,100,case02,FPP-Branch-Benders-RootCuts,FPP-Branch-Benders-Combinatorial-CVaR,FPP-Branch-Benders-CVaR-RootCuts,FPP-Branch-Benders-Combinatorial,FPP-Branch-Benders-RootCuts,-4.7,-3.593272171,22.40876173,1.012446993,-0.11026389,-2.452,-4.52
new20x20,shortest_path,Expected,0.03,100,case02,FPP-Branch-Benders-RootCuts,FPP-Branch-Benders-LLBI-RootCuts,FPP-Branch-Benders-RootCuts,FPP-Branch-Benders-LLBI-RootCuts,FPP-Branch-Benders-RootCuts,-0.76,-1.040668219,0.2532021,1.000140634,-0.01997296,-3.259,-6.69
new20x20,shortest_path,Expected,0.03,100,case02,FPP-Branch-Benders-RootCuts,FPP-Branch-Benders-ProjectedCoverageLLBI-exp-RootCuts,FPP-Branch-Benders-RootCuts,FPP-Branch-Benders-ProjectedCoverageLLBI-exp-RootCuts,FPP-Branch-Benders-RootCuts,-1.75,-2.396275503,-1730.387324,0.03890201067,-0.09779243,-2.481,-2.68
new20x20,shortest_path,Expected,0.03,100,case02,FPP-Branch-Benders-RootCuts,FPP-Branch-Benders-ProjectedPathLLBI-exp-RootCuts,FPP-Branch-Benders-RootCuts,FPP-Branch-Benders-ProjectedPathLLBI-exp-RootCuts,FPP-Branch-Benders-RootCuts,-1.75,-2.396275503,-1784.370342,0.008918567217,-0.0981928,-2.481,-2.68
new20x20,shortest_path,Expected,0.03,100,case02,FPP-Branch-Benders-RootCuts,FPP-Branch-Benders-Combinatorial,FPP-Branch-Benders-RootCuts,FPP-Branch-Benders-Combinatorial,FPP-Branch-Benders-RootCuts,-1.75,-2.396275503,-1731.253834,0.03842073042,-0.09879049,-2.481,-2.68
new20x20,shortest_path,MeanCVaR,0.03,100,case02,FPP-Branch-Benders-RootCuts,FPP-Branch-Benders-MeanCVaR-LLBI-RootCuts,FPP-Branch-Benders-MeanCVaR-RootCuts,FPP-Branch-Benders-LLBI-RootCuts,FPP-Branch-Benders-RootCuts,1.08,1.069095229,1.34883017,1.0007492,0.02834212,1.86,5.39
new20x20,shortest_path,MeanCVaR,0.03,100,case02,FPP-Branch-Benders-RootCuts,FPP-Branch-Benders-MeanCVaR-ProjectedCoverageLLBI-exp-RootCuts,FPP-Branch-Benders-MeanCVaR-RootCuts,FPP-Branch-Benders-ProjectedCoverageLLBI-exp-RootCuts,FPP-Branch-Benders-RootCuts,-1.43,-1.415561275,-424.079284,0.7644474494,-0.13439831,-2.243,2.32
new20x20,shortest_path,MeanCVaR,0.03,100,case02,FPP-Branch-Benders-RootCuts,FPP-Branch-Benders-MeanCVaR-ProjectedPathLLBI-exp-RootCuts,FPP-Branch-Benders-MeanCVaR-RootCuts,FPP-Branch-Benders-ProjectedPathLLBI-exp-RootCuts,FPP-Branch-Benders-RootCuts,-1.43,-1.415561275,-1665.150644,0.07510105748,-0.13440172,-2.243,2.32
new20x20,shortest_path,MeanCVaR,0.03,100,case02,FPP-Branch-Benders-RootCuts,FPP-Branch-Benders-Combinatorial-MeanCVaR,FPP-Branch-Benders-MeanCVaR-RootCuts,FPP-Branch-Benders-Combinatorial,FPP-Branch-Benders-RootCuts,2.175,2.153039002,22.99841018,1.012774343,-0.0183036,-3.616,3.71
new20x20,shortest_path,CVaR,0.03,100,case03,FPP-Branch-Benders-RootCuts,FPP-Branch-Benders-CVaR-LLBI-RootCuts,FPP-Branch-Benders-CVaR-RootCuts,FPP-Branch-Benders-LLBI-RootCuts,FPP-Branch-Benders-RootCuts,-0.3,-0.2175489485,0.15464503,1.000085897,0.00066004,2.863,8.84
new20x20,shortest_path,CVaR,0.03,100,case03,FPP-Branch-Benders-RootCuts,FPP-Branch-Benders-CVaR-ProjectedCoverageLLBI-exp-RootCuts,FPP-Branch-Benders-CVaR-RootCuts,FPP-Branch-Benders-ProjectedCoverageLLBI-exp-RootCuts,FPP-Branch-Benders-RootCuts,-6.8,-4.9311095,4.31947268,1.002399244,-0.1593044,-1.903,-2.75
new20x20,shortest_path,CVaR,0.03,100,case03,FPP-Branch-Benders-RootCuts,FPP-Branch-Benders-CVaR-ProjectedPathLLBI-exp-RootCuts,FPP-Branch-Benders-CVaR-RootCuts,FPP-Branch-Benders-ProjectedPathLLBI-exp-RootCuts,FPP-Branch-Benders-RootCuts,-6.8,-4.9311095,1.15941964,1.000643998,-0.20842313,-0.422,2.71
new20x20,shortest_path,CVaR,0.03,100,case03,FPP-Branch-Benders-RootCuts,FPP-Branch-Benders-Combinatorial-CVaR,FPP-Branch-Benders-CVaR-RootCuts,FPP-Branch-Benders-Combinatorial,FPP-Branch-Benders-RootCuts,-5.5,-3.988397389,8.56590678,1.00475792,-0.13994763,0.124,1.6
new20x20,shortest_path,Expected,0.03,100,case03,FPP-Branch-Benders-RootCuts,FPP-Branch-Benders-LLBI-RootCuts,FPP-Branch-Benders-RootCuts,FPP-Branch-Benders-LLBI-RootCuts,FPP-Branch-Benders-RootCuts,-0.12,-0.1788109075,1.46069677,1.000811351,0.0148183,-1.935,-4.47
new20x20,shortest_path,Expected,0.03,100,case03,FPP-Branch-Benders-RootCuts,FPP-Branch-Benders-ProjectedCoverageLLBI-exp-RootCuts,FPP-Branch-Benders-RootCuts,FPP-Branch-Benders-ProjectedCoverageLLBI-exp-RootCuts,FPP-Branch-Benders-RootCuts,-1.58,-2.354343615,-1783.469335,0.009363782406,-0.10096046,0.063,6.25
new20x20,shortest_path,Expected,0.03,100,case03,FPP-Branch-Benders-RootCuts,FPP-Branch-Benders-ProjectedPathLLBI-exp-RootCuts,FPP-Branch-Benders-RootCuts,FPP-Branch-Benders-ProjectedPathLLBI-exp-RootCuts,FPP-Branch-Benders-RootCuts,-1.58,-2.354343615,-1794.215824,0.003394596229,-0.10138887,0.063,6.25
new20x20,shortest_path,Expected,0.03,100,case03,FPP-Branch-Benders-RootCuts,FPP-Branch-Benders-Combinatorial,FPP-Branch-Benders-RootCuts,FPP-Branch-Benders-Combinatorial,FPP-Branch-Benders-RootCuts,-1.58,-2.354343615,-1762.176412,0.02119103436,-0.10192693,0.063,6.25
new20x20,shortest_path,MeanCVaR,0.03,100,case03,FPP-Branch-Benders-RootCuts,FPP-Branch-Benders-MeanCVaR-LLBI-RootCuts,FPP-Branch-Benders-MeanCVaR-RootCuts,FPP-Branch-Benders-LLBI-RootCuts,FPP-Branch-Benders-RootCuts,1.495,1.422048892,0.38808422,1.000215474,0.0088502,3.163,1.32
new20x20,shortest_path,MeanCVaR,0.03,100,case03,FPP-Branch-Benders-RootCuts,FPP-Branch-Benders-MeanCVaR-ProjectedCoverageLLBI-exp-RootCuts,FPP-Branch-Benders-MeanCVaR-RootCuts,FPP-Branch-Benders-ProjectedCoverageLLBI-exp-RootCuts,FPP-Branch-Benders-RootCuts,-4.28,-4.071150005,11.98218704,1.006652808,-0.14956295,-1.71,-13.15
new20x20,shortest_path,MeanCVaR,0.03,100,case03,FPP-Branch-Benders-RootCuts,FPP-Branch-Benders-MeanCVaR-ProjectedPathLLBI-exp-RootCuts,FPP-Branch-Benders-MeanCVaR-RootCuts,FPP-Branch-Benders-ProjectedPathLLBI-exp-RootCuts,FPP-Branch-Benders-RootCuts,-4.28,-4.071150005,-601.7732375,0.6658805526,-0.19248984,-1.71,-13.15
new20x20,shortest_path,MeanCVaR,0.03,100,case03,FPP-Branch-Benders-RootCuts,FPP-Branch-Benders-Combinatorial-MeanCVaR,FPP-Branch-Benders-MeanCVaR-RootCuts,FPP-Branch-Benders-Combinatorial,FPP-Branch-Benders-RootCuts,4.785,4.551507657,107.9098738,1.059914242,-0.03057897,1.095,13.45
new20x20,shortest_path,CVaR,0.03,100,case04,FPP-Branch-Benders-RootCuts,FPP-Branch-Benders-CVaR-LLBI-RootCuts,FPP-Branch-Benders-CVaR-RootCuts,FPP-Branch-Benders-LLBI-RootCuts,FPP-Branch-Benders-RootCuts,5.1,3.589021816,0.41749523,1.000231838,0.03367876,-3.625,-17.89
new20x20,shortest_path,CVaR,0.03,100,case04,FPP-Branch-Benders-RootCuts,FPP-Branch-Benders-CVaR-ProjectedCoverageLLBI-exp-RootCuts,FPP-Branch-Benders-CVaR-RootCuts,FPP-Branch-Benders-ProjectedCoverageLLBI-exp-RootCuts,FPP-Branch-Benders-RootCuts,-7.3,-5.137227305,9.51123599,1.005281655,-0.15725904,-1.85,-0.46
new20x20,shortest_path,CVaR,0.03,100,case04,FPP-Branch-Benders-RootCuts,FPP-Branch-Benders-CVaR-ProjectedPathLLBI-exp-RootCuts,FPP-Branch-Benders-CVaR-RootCuts,FPP-Branch-Benders-ProjectedPathLLBI-exp-RootCuts,FPP-Branch-Benders-RootCuts,-5.8,-4.081632653,2.95042912,1.001638394,-0.16725227,-2.97,-4.06
new20x20,shortest_path,CVaR,0.03,100,case04,FPP-Branch-Benders-RootCuts,FPP-Branch-Benders-Combinatorial-CVaR,FPP-Branch-Benders-CVaR-RootCuts,FPP-Branch-Benders-Combinatorial,FPP-Branch-Benders-RootCuts,-4.7,-3.307529909,9.68171855,1.005376325,-0.13419913,-0.829,-2.08
new20x20,shortest_path,Expected,0.03,100,case04,FPP-Branch-Benders-RootCuts,FPP-Branch-Benders-LLBI-RootCuts,FPP-Branch-Benders-RootCuts,FPP-Branch-Benders-LLBI-RootCuts,FPP-Branch-Benders-RootCuts,0.42,0.5699552178,0.18734076,1.000104058,0.01328193,-3.826,-7.75
new20x20,shortest_path,Expected,0.03,100,case04,FPP-Branch-Benders-RootCuts,FPP-Branch-Benders-ProjectedCoverageLLBI-exp-RootCuts,FPP-Branch-Benders-RootCuts,FPP-Branch-Benders-ProjectedCoverageLLBI-exp-RootCuts,FPP-Branch-Benders-RootCuts,-1.8,-2.442665219,-489.2891547,0.7282256077,-0.14526752,-3.974,-5.22
new20x20,shortest_path,Expected,0.03,100,case04,FPP-Branch-Benders-RootCuts,FPP-Branch-Benders-ProjectedPathLLBI-exp-RootCuts,FPP-Branch-Benders-RootCuts,FPP-Branch-Benders-ProjectedPathLLBI-exp-RootCuts,FPP-Branch-Benders-RootCuts,-1.8,-2.442665219,-1788.465601,0.006601419236,-0.1452703,-3.974,-5.22
new20x20,shortest_path,Expected,0.03,100,case04,FPP-Branch-Benders-RootCuts,FPP-Branch-Benders-Combinatorial,FPP-Branch-Benders-RootCuts,FPP-Branch-Benders-Combinatorial,FPP-Branch-Benders-RootCuts,-1.8,-2.442665219,-1714.288554,0.04780286787,-0.14626721,-3.974,-5.22
new20x20,shortest_path,MeanCVaR,0.03,100,case04,FPP-Branch-Benders-RootCuts,FPP-Branch-Benders-MeanCVaR-LLBI-RootCuts,FPP-Branch-Benders-MeanCVaR-RootCuts,FPP-Branch-Benders-LLBI-RootCuts,FPP-Branch-Benders-RootCuts,1.965,1.77940777,0.03582187,1.000019888,0.0070148,2.289,5.87
new20x20,shortest_path,MeanCVaR,0.03,100,case04,FPP-Branch-Benders-RootCuts,FPP-Branch-Benders-MeanCVaR-ProjectedCoverageLLBI-exp-RootCuts,FPP-Branch-Benders-MeanCVaR-RootCuts,FPP-Branch-Benders-ProjectedCoverageLLBI-exp-RootCuts,FPP-Branch-Benders-RootCuts,-3.685,-3.336955537,9.32185972,1.005175456,-0.14373642,5.791,13.08
new20x20,shortest_path,MeanCVaR,0.03,100,case04,FPP-Branch-Benders-RootCuts,FPP-Branch-Benders-MeanCVaR-ProjectedPathLLBI-exp-RootCuts,FPP-Branch-Benders-MeanCVaR-RootCuts,FPP-Branch-Benders-ProjectedPathLLBI-exp-RootCuts,FPP-Branch-Benders-RootCuts,-3.86,-3.495426967,3.34017264,1.001854449,-0.17046749,4.756,9.09
new20x20,shortest_path,MeanCVaR,0.03,100,case04,FPP-Branch-Benders-RootCuts,FPP-Branch-Benders-Combinatorial-MeanCVaR,FPP-Branch-Benders-MeanCVaR-RootCuts,FPP-Branch-Benders-Combinatorial,FPP-Branch-Benders-RootCuts,-3.495,-3.164900842,10.84094052,1.006018843,-0.16046051,0.006,-0.51
new20x20,shortest_path,CVaR,0.01,200,case00,FPP-Branch-Benders-RootCuts,FPP-Branch-Benders-CVaR-LLBI-RootCuts,FPP-Branch-Benders-CVaR-RootCuts,FPP-Branch-Benders-LLBI-RootCuts,FPP-Branch-Benders-RootCuts,0,0,0.7244027,1.074534307,4.761e-05,0,0
new20x20,shortest_path,CVaR,0.01,200,case00,FPP-Branch-Benders-RootCuts,FPP-Branch-Benders-CVaR-ProjectedCoverageLLBI-exp-RootCuts,FPP-Branch-Benders-CVaR-RootCuts,FPP-Branch-Benders-ProjectedCoverageLLBI-exp-RootCuts,FPP-Branch-Benders-RootCuts,0,0,11.2292584,2.155386355,-0.00084024,0,0
new20x20,shortest_path,CVaR,0.01,200,case00,FPP-Branch-Benders-RootCuts,FPP-Branch-Benders-CVaR-ProjectedPathLLBI-exp-RootCuts,FPP-Branch-Benders-CVaR-RootCuts,FPP-Branch-Benders-ProjectedPathLLBI-exp-RootCuts,FPP-Branch-Benders-RootCuts,0,0,1.61231919,1.165892664,-0.00084024,0,0
new20x20,shortest_path,CVaR,0.01,200,case00,FPP-Branch-Benders-RootCuts,FPP-Branch-Benders-Combinatorial-CVaR,FPP-Branch-Benders-CVaR-RootCuts,FPP-Branch-Benders-Combinatorial,FPP-Branch-Benders-RootCuts,0,0,90.63856162,10.32586584,-0.00015621,0,0
new20x20,shortest_path,Expected,0.01,200,case00,FPP-Branch-Benders-RootCuts,FPP-Branch-Benders-LLBI-RootCuts,FPP-Branch-Benders-RootCuts,FPP-Branch-Benders-LLBI-RootCuts,FPP-Branch-Benders-RootCuts,0,0,-4.51068026,0.5883104117,0,0,0
new20x20,shortest_path,Expected,0.01,200,case00,FPP-Branch-Benders-RootCuts,FPP-Branch-Benders-ProjectedCoverageLLBI-exp-RootCuts,FPP-Branch-Benders-RootCuts,FPP-Branch-Benders-ProjectedCoverageLLBI-exp-RootCuts,FPP-Branch-Benders-RootCuts,0,0,2.47335606,1.225743098,0.00062689,0,0
new20x20,shortest_path,Expected,0.01,200,case00,FPP-Branch-Benders-RootCuts,FPP-Branch-Benders-ProjectedPathLLBI-exp-RootCuts,FPP-Branch-Benders-RootCuts,FPP-Branch-Benders-ProjectedPathLLBI-exp-RootCuts,FPP-Branch-Benders-RootCuts,0,0,-6.04991386,0.4478246289,0,0,0
new20x20,shortest_path,Expected,0.01,200,case00,FPP-Branch-Benders-RootCuts,FPP-Branch-Benders-Combinatorial,FPP-Branch-Benders-RootCuts,FPP-Branch-Benders-Combinatorial,FPP-Branch-Benders-RootCuts,0,0,6.83492999,1.623823759,0.0001494,0,0
new20x20,shortest_path,MeanCVaR,0.01,200,case00,FPP-Branch-Benders-RootCuts,FPP-Branch-Benders-MeanCVaR-LLBI-RootCuts,FPP-Branch-Benders-MeanCVaR-RootCuts,FPP-Branch-Benders-LLBI-RootCuts,FPP-Branch-Benders-RootCuts,0,0,-0.66248838,0.9511601137,-0.00018641,0,0
new20x20,shortest_path,MeanCVaR,0.01,200,case00,FPP-Branch-Benders-RootCuts,FPP-Branch-Benders-MeanCVaR-ProjectedCoverageLLBI-exp-RootCuts,FPP-Branch-Benders-MeanCVaR-RootCuts,FPP-Branch-Benders-ProjectedCoverageLLBI-exp-RootCuts,FPP-Branch-Benders-RootCuts,0,0,8.7664375,1.64627822,-0.00089256,0,0
new20x20,shortest_path,MeanCVaR,0.01,200,case00,FPP-Branch-Benders-RootCuts,FPP-Branch-Benders-MeanCVaR-ProjectedPathLLBI-exp-RootCuts,FPP-Branch-Benders-MeanCVaR-RootCuts,FPP-Branch-Benders-ProjectedPathLLBI-exp-RootCuts,FPP-Branch-Benders-RootCuts,0,0,-3.91282246,0.7115393869,-0.00089256,0,0
new20x20,shortest_path,MeanCVaR,0.01,200,case00,FPP-Branch-Benders-RootCuts,FPP-Branch-Benders-Combinatorial-MeanCVaR,FPP-Branch-Benders-MeanCVaR-RootCuts,FPP-Branch-Benders-Combinatorial,FPP-Branch-Benders-RootCuts,0,0,48.83167195,4.599962475,-0.00021224,0,0
new20x20,shortest_path,CVaR,0.01,200,case01,FPP-Branch-Benders-RootCuts,FPP-Branch-Benders-CVaR-LLBI-RootCuts,FPP-Branch-Benders-CVaR-RootCuts,FPP-Branch-Benders-LLBI-RootCuts,FPP-Branch-Benders-RootCuts,0,0,-23.36983815,0.7901283307,-5.594e-05,0,0
new20x20,shortest_path,CVaR,0.01,200,case01,FPP-Branch-Benders-RootCuts,FPP-Branch-Benders-CVaR-ProjectedCoverageLLBI-exp-RootCuts,FPP-Branch-Benders-CVaR-RootCuts,FPP-Branch-Benders-ProjectedCoverageLLBI-exp-RootCuts,FPP-Branch-Benders-RootCuts,0,0,-21.49541501,0.8069614945,-1.003e-05,0,0
new20x20,shortest_path,CVaR,0.01,200,case01,FPP-Branch-Benders-RootCuts,FPP-Branch-Benders-CVaR-ProjectedPathLLBI-exp-RootCuts,FPP-Branch-Benders-CVaR-RootCuts,FPP-Branch-Benders-ProjectedPathLLBI-exp-RootCuts,FPP-Branch-Benders-RootCuts,0,0,-94.20382227,0.1540072588,-2.241e-05,0,0
new20x20,shortest_path,CVaR,0.01,200,case01,FPP-Branch-Benders-RootCuts,FPP-Branch-Benders-Combinatorial-CVaR,FPP-Branch-Benders-CVaR-RootCuts,FPP-Branch-Benders-Combinatorial,FPP-Branch-Benders-RootCuts,0,0,55.11133625,1.494924615,-0.00099246,0,0
new20x20,shortest_path,Expected,0.01,200,case01,FPP-Branch-Benders-RootCuts,FPP-Branch-Benders-LLBI-RootCuts,FPP-Branch-Benders-RootCuts,FPP-Branch-Benders-LLBI-RootCuts,FPP-Branch-Benders-RootCuts,0,0,-9.60723054,0.7661745944,-0.00086614,0,0
new20x20,shortest_path,Expected,0.01,200,case01,FPP-Branch-Benders-RootCuts,FPP-Branch-Benders-ProjectedCoverageLLBI-exp-RootCuts,FPP-Branch-Benders-RootCuts,FPP-Branch-Benders-ProjectedCoverageLLBI-exp-RootCuts,FPP-Branch-Benders-RootCuts,0,0,-19.0603948,0.5360989282,-0.00053432,0,0
new20x20,shortest_path,Expected,0.01,200,case01,FPP-Branch-Benders-RootCuts,FPP-Branch-Benders-ProjectedPathLLBI-exp-RootCuts,FPP-Branch-Benders-RootCuts,FPP-Branch-Benders-ProjectedPathLLBI-exp-RootCuts,FPP-Branch-Benders-RootCuts,0,0,-29.56868104,0.2803431949,-0.00086614,0,0
new20x20,shortest_path,Expected,0.01,200,case01,FPP-Branch-Benders-RootCuts,FPP-Branch-Benders-Combinatorial,FPP-Branch-Benders-RootCuts,FPP-Branch-Benders-Combinatorial,FPP-Branch-Benders-RootCuts,0,0,-14.6229706,0.6440990963,-0.00086614,0,0
new20x20,shortest_path,MeanCVaR,0.01,200,case01,FPP-Branch-Benders-RootCuts,FPP-Branch-Benders-MeanCVaR-LLBI-RootCuts,FPP-Branch-Benders-MeanCVaR-RootCuts,FPP-Branch-Benders-LLBI-RootCuts,FPP-Branch-Benders-RootCuts,0,0,-65.86432071,0.2775006007,4.477e-05,0,0
new20x20,shortest_path,MeanCVaR,0.01,200,case01,FPP-Branch-Benders-RootCuts,FPP-Branch-Benders-MeanCVaR-ProjectedCoverageLLBI-exp-RootCuts,FPP-Branch-Benders-MeanCVaR-RootCuts,FPP-Branch-Benders-ProjectedCoverageLLBI-exp-RootCuts,FPP-Branch-Benders-RootCuts,0,0,-68.25095473,0.2513203923,-0.00023677,0,0
new20x20,shortest_path,MeanCVaR,0.01,200,case01,FPP-Branch-Benders-RootCuts,FPP-Branch-Benders-MeanCVaR-ProjectedPathLLBI-exp-RootCuts,FPP-Branch-Benders-MeanCVaR-RootCuts,FPP-Branch-Benders-ProjectedPathLLBI-exp-RootCuts,FPP-Branch-Benders-RootCuts,0,0,-75.7005378,0.1696021078,-0.00016938,0,0
new20x20,shortest_path,MeanCVaR,0.01,200,case01,FPP-Branch-Benders-RootCuts,FPP-Branch-Benders-Combinatorial-MeanCVaR,FPP-Branch-Benders-MeanCVaR-RootCuts,FPP-Branch-Benders-Combinatorial,FPP-Branch-Benders-RootCuts,0,0,51.96765787,1.570059802,-0.00011253,0,0
new20x20,shortest_path,CVaR,0.01,200,case02,FPP-Branch-Benders-RootCuts,FPP-Branch-Benders-CVaR-LLBI-RootCuts,FPP-Branch-Benders-CVaR-RootCuts,FPP-Branch-Benders-LLBI-RootCuts,FPP-Branch-Benders-RootCuts,0,0,-50.56513945,0.461648487,-0.00037734,1.436,-2.29
new20x20,shortest_path,CVaR,0.01,200,case02,FPP-Branch-Benders-RootCuts,FPP-Branch-Benders-CVaR-ProjectedCoverageLLBI-exp-RootCuts,FPP-Branch-Benders-CVaR-RootCuts,FPP-Branch-Benders-ProjectedCoverageLLBI-exp-RootCuts,FPP-Branch-Benders-RootCuts,0,0,-65.25609069,0.3052384402,-0.00020416,1.436,-2.29
new20x20,shortest_path,CVaR,0.01,200,case02,FPP-Branch-Benders-RootCuts,FPP-Branch-Benders-CVaR-ProjectedPathLLBI-exp-RootCuts,FPP-Branch-Benders-CVaR-RootCuts,FPP-Branch-Benders-ProjectedPathLLBI-exp-RootCuts,FPP-Branch-Benders-RootCuts,0,0,-77.52792206,0.1745840199,-0.00015596,1.436,-2.29
new20x20,shortest_path,CVaR,0.01,200,case02,FPP-Branch-Benders-RootCuts,FPP-Branch-Benders-Combinatorial-CVaR,FPP-Branch-Benders-CVaR-RootCuts,FPP-Branch-Benders-Combinatorial,FPP-Branch-Benders-RootCuts,0,0,47.89586618,1.50993258,-0.00096091,1.436,-2.29
new20x20,shortest_path,Expected,0.01,200,case02,FPP-Branch-Benders-RootCuts,FPP-Branch-Benders-LLBI-RootCuts,FPP-Branch-Benders-RootCuts,FPP-Branch-Benders-LLBI-RootCuts,FPP-Branch-Benders-RootCuts,0,0,-4.79830926,0.6675023558,-0.00099334,0,0
new20x20,shortest_path,Expected,0.01,200,case02,FPP-Branch-Benders-RootCuts,FPP-Branch-Benders-ProjectedCoverageLLBI-exp-RootCuts,FPP-Branch-Benders-RootCuts,FPP-Branch-Benders-ProjectedCoverageLLBI-exp-RootCuts,FPP-Branch-Benders-RootCuts,0,0,2.74682704,1.190340695,-0.00099334,0,0
new20x20,shortest_path,Expected,0.01,200,case02,FPP-Branch-Benders-RootCuts,FPP-Branch-Benders-ProjectedPathLLBI-exp-RootCuts,FPP-Branch-Benders-RootCuts,FPP-Branch-Benders-ProjectedPathLLBI-exp-RootCuts,FPP-Branch-Benders-RootCuts,0,0,-6.37100508,0.558522791,-0.00099334,0,0
new20x20,shortest_path,Expected,0.01,200,case02,FPP-Branch-Benders-RootCuts,FPP-Branch-Benders-Combinatorial,FPP-Branch-Benders-RootCuts,FPP-Branch-Benders-Combinatorial,FPP-Branch-Benders-RootCuts,0,0,3.94262482,1.273203204,-0.00099334,0,0
new20x20,shortest_path,MeanCVaR,0.01,200,case02,FPP-Branch-Benders-RootCuts,FPP-Branch-Benders-MeanCVaR-LLBI-RootCuts,FPP-Branch-Benders-MeanCVaR-RootCuts,FPP-Branch-Benders-LLBI-RootCuts,FPP-Branch-Benders-RootCuts,0,0,-24.90946349,0.6483243428,7.618e-05,0,0
new20x20,shortest_path,MeanCVaR,0.01,200,case02,FPP-Branch-Benders-RootCuts,FPP-Branch-Benders-MeanCVaR-ProjectedCoverageLLBI-exp-RootCuts,FPP-Branch-Benders-MeanCVaR-RootCuts,FPP-Branch-Benders-ProjectedCoverageLLBI-exp-RootCuts,FPP-Branch-Benders-RootCuts,0,0,-42.33156614,0.4023564036,8.612e-05,0,0
new20x20,shortest_path,MeanCVaR,0.01,200,case02,FPP-Branch-Benders-RootCuts,FPP-Branch-Benders-MeanCVaR-ProjectedPathLLBI-exp-RootCuts,FPP-Branch-Benders-MeanCVaR-RootCuts,FPP-Branch-Benders-ProjectedPathLLBI-exp-RootCuts,FPP-Branch-Benders-RootCuts,0,0,-34.13284829,0.51810717,-0.00014439,0,0
new20x20,shortest_path,MeanCVaR,0.01,200,case02,FPP-Branch-Benders-RootCuts,FPP-Branch-Benders-Combinatorial-MeanCVaR,FPP-Branch-Benders-MeanCVaR-RootCuts,FPP-Branch-Benders-Combinatorial,FPP-Branch-Benders-RootCuts,0,0,150.5189004,3.12504911,-0.00088651,0,0
new20x20,shortest_path,CVaR,0.01,200,case03,FPP-Branch-Benders-RootCuts,FPP-Branch-Benders-CVaR-LLBI-RootCuts,FPP-Branch-Benders-CVaR-RootCuts,FPP-Branch-Benders-LLBI-RootCuts,FPP-Branch-Benders-RootCuts,0,0,2.45233653,1.151795975,-6.131e-05,0,0
new20x20,shortest_path,CVaR,0.01,200,case03,FPP-Branch-Benders-RootCuts,FPP-Branch-Benders-CVaR-ProjectedCoverageLLBI-exp-RootCuts,FPP-Branch-Benders-CVaR-RootCuts,FPP-Branch-Benders-ProjectedCoverageLLBI-exp-RootCuts,FPP-Branch-Benders-RootCuts,0,0,49.30934677,4.052175055,1.72e-06,0,0
new20x20,shortest_path,CVaR,0.01,200,case03,FPP-Branch-Benders-RootCuts,FPP-Branch-Benders-CVaR-ProjectedPathLLBI-exp-RootCuts,FPP-Branch-Benders-CVaR-RootCuts,FPP-Branch-Benders-ProjectedPathLLBI-exp-RootCuts,FPP-Branch-Benders-RootCuts,0,0,-2.42309669,0.8500139272,-0.0002788,0,0
new20x20,shortest_path,CVaR,0.01,200,case03,FPP-Branch-Benders-RootCuts,FPP-Branch-Benders-Combinatorial-CVaR,FPP-Branch-Benders-CVaR-RootCuts,FPP-Branch-Benders-Combinatorial,FPP-Branch-Benders-RootCuts,0,0,115.7862661,8.166997261,-0.00069389,0,0
new20x20,shortest_path,Expected,0.01,200,case03,FPP-Branch-Benders-RootCuts,FPP-Branch-Benders-LLBI-RootCuts,FPP-Branch-Benders-RootCuts,FPP-Branch-Benders-LLBI-RootCuts,FPP-Branch-Benders-RootCuts,0,0,-2.78215026,0.8323681883,-0.00066249,0,0
new20x20,shortest_path,Expected,0.01,200,case03,FPP-Branch-Benders-RootCuts,FPP-Branch-Benders-ProjectedCoverageLLBI-exp-RootCuts,FPP-Branch-Benders-RootCuts,FPP-Branch-Benders-ProjectedCoverageLLBI-exp-RootCuts,FPP-Branch-Benders-RootCuts,0,0,5.02739424,1.302913619,-8.017e-05,0,0
new20x20,shortest_path,Expected,0.01,200,case03,FPP-Branch-Benders-RootCuts,FPP-Branch-Benders-ProjectedPathLLBI-exp-RootCuts,FPP-Branch-Benders-RootCuts,FPP-Branch-Benders-ProjectedPathLLBI-exp-RootCuts,FPP-Branch-Benders-RootCuts,0,0,-6.21583587,0.6254796718,-0.00066249,0,0
new20x20,shortest_path,Expected,0.01,200,case03,FPP-Branch-Benders-RootCuts,FPP-Branch-Benders-Combinatorial,FPP-Branch-Benders-RootCuts,FPP-Branch-Benders-Combinatorial,FPP-Branch-Benders-RootCuts,0,0,11.73522961,1.707078201,-0.00066249,0,0
new20x20,shortest_path,MeanCVaR,0.01,200,case03,FPP-Branch-Benders-RootCuts,FPP-Branch-Benders-MeanCVaR-LLBI-RootCuts,FPP-Branch-Benders-MeanCVaR-RootCuts,FPP-Branch-Benders-LLBI-RootCuts,FPP-Branch-Benders-RootCuts,0,0,-2.08430471,0.889387583,-0.00013432,0,0
new20x20,shortest_path,MeanCVaR,0.01,200,case03,FPP-Branch-Benders-RootCuts,FPP-Branch-Benders-MeanCVaR-ProjectedCoverageLLBI-exp-RootCuts,FPP-Branch-Benders-MeanCVaR-RootCuts,FPP-Branch-Benders-ProjectedCoverageLLBI-exp-RootCuts,FPP-Branch-Benders-RootCuts,0,0,5.96883199,1.316761235,3.345e-05,0,0
new20x20,shortest_path,MeanCVaR,0.01,200,case03,FPP-Branch-Benders-RootCuts,FPP-Branch-Benders-MeanCVaR-ProjectedPathLLBI-exp-RootCuts,FPP-Branch-Benders-MeanCVaR-RootCuts,FPP-Branch-Benders-ProjectedPathLLBI-exp-RootCuts,FPP-Branch-Benders-RootCuts,0,0,-3.98565362,0.7884844868,-0.00022732,0,0
new20x20,shortest_path,MeanCVaR,0.01,200,case03,FPP-Branch-Benders-RootCuts,FPP-Branch-Benders-Combinatorial-MeanCVaR,FPP-Branch-Benders-MeanCVaR-RootCuts,FPP-Branch-Benders-Combinatorial,FPP-Branch-Benders-RootCuts,0,0,69.96018999,4.71273244,-0.00082326,0,0
new20x20,shortest_path,CVaR,0.01,200,case04,FPP-Branch-Benders-RootCuts,FPP-Branch-Benders-CVaR-LLBI-RootCuts,FPP-Branch-Benders-CVaR-RootCuts,FPP-Branch-Benders-LLBI-RootCuts,FPP-Branch-Benders-RootCuts,0,0,-69.14148595,0.2828023087,-2.613e-05,0,0
new20x20,shortest_path,CVaR,0.01,200,case04,FPP-Branch-Benders-RootCuts,FPP-Branch-Benders-CVaR-ProjectedCoverageLLBI-exp-RootCuts,FPP-Branch-Benders-CVaR-RootCuts,FPP-Branch-Benders-ProjectedCoverageLLBI-exp-RootCuts,FPP-Branch-Benders-RootCuts,0,0,-6.04380292,0.9373082392,-8.12e-06,0,0
new20x20,shortest_path,CVaR,0.01,200,case04,FPP-Branch-Benders-RootCuts,FPP-Branch-Benders-CVaR-ProjectedPathLLBI-exp-RootCuts,FPP-Branch-Benders-CVaR-RootCuts,FPP-Branch-Benders-ProjectedPathLLBI-exp-RootCuts,FPP-Branch-Benders-RootCuts,0,0,-46.19990209,0.5207730545,7.9e-07,0,0
new20x20,shortest_path,CVaR,0.01,200,case04,FPP-Branch-Benders-RootCuts,FPP-Branch-Benders-Combinatorial-CVaR,FPP-Branch-Benders-CVaR-RootCuts,FPP-Branch-Benders-Combinatorial,FPP-Branch-Benders-RootCuts,0,0,319.4614031,4.313741057,-2.376e-05,0,0
new20x20,shortest_path,Expected,0.01,200,case04,FPP-Branch-Benders-RootCuts,FPP-Branch-Benders-LLBI-RootCuts,FPP-Branch-Benders-RootCuts,FPP-Branch-Benders-LLBI-RootCuts,FPP-Branch-Benders-RootCuts,0,0,-3.69367743,0.8753247196,0.00060537,0,0
new20x20,shortest_path,Expected,0.01,200,case04,FPP-Branch-Benders-RootCuts,FPP-Branch-Benders-ProjectedCoverageLLBI-exp-RootCuts,FPP-Branch-Benders-RootCuts,FPP-Branch-Benders-ProjectedCoverageLLBI-exp-RootCuts,FPP-Branch-Benders-RootCuts,0,0,-11.51709135,0.611255552,-0.00034714,0,0
new20x20,shortest_path,Expected,0.01,200,case04,FPP-Branch-Benders-RootCuts,FPP-Branch-Benders-ProjectedPathLLBI-exp-RootCuts,FPP-Branch-Benders-RootCuts,FPP-Branch-Benders-ProjectedPathLLBI-exp-RootCuts,FPP-Branch-Benders-RootCuts,0,0,-7.61493062,0.7429679152,-0.00034714,0,0
new20x20,shortest_path,Expected,0.01,200,case04,FPP-Branch-Benders-RootCuts,FPP-Branch-Benders-Combinatorial,FPP-Branch-Benders-RootCuts,FPP-Branch-Benders-Combinatorial,FPP-Branch-Benders-RootCuts,0,0,31.713252,2.070439599,-0.00034714,0,0
new20x20,shortest_path,MeanCVaR,0.01,200,case04,FPP-Branch-Benders-RootCuts,FPP-Branch-Benders-MeanCVaR-LLBI-RootCuts,FPP-Branch-Benders-MeanCVaR-RootCuts,FPP-Branch-Benders-LLBI-RootCuts,FPP-Branch-Benders-RootCuts,0,0,-14.49950598,0.7558060357,-0.00013078,0,0
new20x20,shortest_path,MeanCVaR,0.01,200,case04,FPP-Branch-Benders-RootCuts,FPP-Branch-Benders-MeanCVaR-ProjectedCoverageLLBI-exp-RootCuts,FPP-Branch-Benders-MeanCVaR-RootCuts,FPP-Branch-Benders-ProjectedCoverageLLBI-exp-RootCuts,FPP-Branch-Benders-RootCuts,0,0,31.41924702,1.529148407,-6.983e-05,0,0
new20x20,shortest_path,MeanCVaR,0.01,200,case04,FPP-Branch-Benders-RootCuts,FPP-Branch-Benders-MeanCVaR-ProjectedPathLLBI-exp-RootCuts,FPP-Branch-Benders-MeanCVaR-RootCuts,FPP-Branch-Benders-ProjectedPathLLBI-exp-RootCuts,FPP-Branch-Benders-RootCuts,0,0,-48.54236717,0.1824719344,-0.00014897,0,0
new20x20,shortest_path,MeanCVaR,0.01,200,case04,FPP-Branch-Benders-RootCuts,FPP-Branch-Benders-Combinatorial-MeanCVaR,FPP-Branch-Benders-MeanCVaR-RootCuts,FPP-Branch-Benders-Combinatorial,FPP-Branch-Benders-RootCuts,0,0,25.99763292,1.437840093,-0.00099507,0,0
new20x20,shortest_path,CVaR,0.02,200,case00,FPP-Branch-Benders-RootCuts,FPP-Branch-Benders-CVaR-LLBI-RootCuts,FPP-Branch-Benders-CVaR-RootCuts,FPP-Branch-Benders-LLBI-RootCuts,FPP-Branch-Benders-RootCuts,0.3,0.1657916552,-1.19404099,0.9993374523,0.00944063,6.481,-5.43
new20x20,shortest_path,CVaR,0.02,200,case00,FPP-Branch-Benders-RootCuts,FPP-Branch-Benders-CVaR-ProjectedCoverageLLBI-exp-RootCuts,FPP-Branch-Benders-CVaR-RootCuts,FPP-Branch-Benders-ProjectedCoverageLLBI-exp-RootCuts,FPP-Branch-Benders-RootCuts,-3.45,-1.906604034,23.4275421,1.01299944,-0.0549279,-0.954,-5.38
new20x20,shortest_path,CVaR,0.02,200,case00,FPP-Branch-Benders-RootCuts,FPP-Branch-Benders-CVaR-ProjectedPathLLBI-exp-RootCuts,FPP-Branch-Benders-CVaR-RootCuts,FPP-Branch-Benders-ProjectedPathLLBI-exp-RootCuts,FPP-Branch-Benders-RootCuts,-3.7,-2.044763747,4.1353735,1.00229463,-0.1054194,7.623,-6.2
new20x20,shortest_path,CVaR,0.02,200,case00,FPP-Branch-Benders-RootCuts,FPP-Branch-Benders-Combinatorial-CVaR,FPP-Branch-Benders-CVaR-RootCuts,FPP-Branch-Benders-Combinatorial,FPP-Branch-Benders-RootCuts,-3.4,-1.878972092,12.48751867,1.006929056,-0.08752548,-1.299,-4.43
new20x20,shortest_path,Expected,0.02,200,case00,FPP-Branch-Benders-RootCuts,FPP-Branch-Benders-LLBI-RootCuts,FPP-Branch-Benders-RootCuts,FPP-Branch-Benders-LLBI-RootCuts,FPP-Branch-Benders-RootCuts,0,0,61.59657458,1.103290256,2.32e-06,0,0
new20x20,shortest_path,Expected,0.02,200,case00,FPP-Branch-Benders-RootCuts,FPP-Branch-Benders-ProjectedCoverageLLBI-exp-RootCuts,FPP-Branch-Benders-RootCuts,FPP-Branch-Benders-ProjectedCoverageLLBI-exp-RootCuts,FPP-Branch-Benders-RootCuts,0,0,-552.2606238,0.07392348668,-0.0003644,0,0
new20x20,shortest_path,Expected,0.02,200,case00,FPP-Branch-Benders-RootCuts,FPP-Branch-Benders-ProjectedPathLLBI-exp-RootCuts,FPP-Branch-Benders-RootCuts,FPP-Branch-Benders-ProjectedPathLLBI-exp-RootCuts,FPP-Branch-Benders-RootCuts,0,0,-586.3323646,0.0167891598,-0.00080224,0,0
new20x20,shortest_path,Expected,0.02,200,case00,FPP-Branch-Benders-RootCuts,FPP-Branch-Benders-Combinatorial,FPP-Branch-Benders-RootCuts,FPP-Branch-Benders-Combinatorial,FPP-Branch-Benders-RootCuts,0,0,-572.2388644,0.04042231231,-0.00099723,0,0
new20x20,shortest_path,MeanCVaR,0.02,200,case00,FPP-Branch-Benders-RootCuts,FPP-Branch-Benders-MeanCVaR-LLBI-RootCuts,FPP-Branch-Benders-MeanCVaR-RootCuts,FPP-Branch-Benders-LLBI-RootCuts,FPP-Branch-Benders-RootCuts,3.09,2.348782852,3.02750799,1.001681284,0.03591079,2.376,-4.82
new20x20,shortest_path,MeanCVaR,0.02,200,case00,FPP-Branch-Benders-RootCuts,FPP-Branch-Benders-MeanCVaR-ProjectedCoverageLLBI-exp-RootCuts,FPP-Branch-Benders-MeanCVaR-RootCuts,FPP-Branch-Benders-ProjectedCoverageLLBI-exp-RootCuts,FPP-Branch-Benders-RootCuts,-0.12,-0.09121486802,-489.6084122,0.7281027989,-0.05481242,0.035,-0.29
new20x20,shortest_path,MeanCVaR,0.02,200,case00,FPP-Branch-Benders-RootCuts,FPP-Branch-Benders-MeanCVaR-ProjectedPathLLBI-exp-RootCuts,FPP-Branch-Benders-MeanCVaR-RootCuts,FPP-Branch-Benders-ProjectedPathLLBI-exp-RootCuts,FPP-Branch-Benders-RootCuts,-0.12,-0.09121486802,-1692.037299,0.06035069171,-0.05481184,0.035,-0.29
new20x20,shortest_path,MeanCVaR,0.02,200,case00,FPP-Branch-Benders-RootCuts,FPP-Branch-Benders-Combinatorial-MeanCVaR,FPP-Branch-Benders-MeanCVaR-RootCuts,FPP-Branch-Benders-Combinatorial,FPP-Branch-Benders-RootCuts,-0.12,-0.09121486802,-694.4991943,0.6143195615,-0.05490372,0.035,-0.29
new20x20,shortest_path,CVaR,0.02,200,case01,FPP-Branch-Benders-RootCuts,FPP-Branch-Benders-CVaR-LLBI-RootCuts,FPP-Branch-Benders-CVaR-RootCuts,FPP-Branch-Benders-LLBI-RootCuts,FPP-Branch-Benders-RootCuts,-0.6,-0.3184713376,2.56963691,1.001427006,-0.03500794,0.136,1.1
new20x20,shortest_path,CVaR,0.02,200,case01,FPP-Branch-Benders-RootCuts,FPP-Branch-Benders-CVaR-ProjectedCoverageLLBI-exp-RootCuts,FPP-Branch-Benders-CVaR-RootCuts,FPP-Branch-Benders-ProjectedCoverageLLBI-exp-RootCuts,FPP-Branch-Benders-RootCuts,-1.2,-0.6369426752,9.71453257,1.005394806,-0.04607958,-0.379,0.25
new20x20,shortest_path,CVaR,0.02,200,case01,FPP-Branch-Benders-RootCuts,FPP-Branch-Benders-CVaR-ProjectedPathLLBI-exp-RootCuts,FPP-Branch-Benders-CVaR-RootCuts,FPP-Branch-Benders-ProjectedPathLLBI-exp-RootCuts,FPP-Branch-Benders-RootCuts,-1.2,-0.6369426752,-1131.206213,0.3718032742,-0.09376394,-0.379,0.25
new20x20,shortest_path,CVaR,0.02,200,case01,FPP-Branch-Benders-RootCuts,FPP-Branch-Benders-Combinatorial-CVaR,FPP-Branch-Benders-CVaR-RootCuts,FPP-Branch-Benders-Combinatorial,FPP-Branch-Benders-RootCuts,0.25,0.1326963907,15.87678674,1.008816912,-0.02706425,0.51,-0.6
new20x20,shortest_path,Expected,0.02,200,case01,FPP-Branch-Benders-RootCuts,FPP-Branch-Benders-LLBI-RootCuts,FPP-Branch-Benders-RootCuts,FPP-Branch-Benders-LLBI-RootCuts,FPP-Branch-Benders-RootCuts,0,0,672.5137405,2.435996695,2.49e-06,0,0
new20x20,shortest_path,Expected,0.02,200,case01,FPP-Branch-Benders-RootCuts,FPP-Branch-Benders-ProjectedCoverageLLBI-exp-RootCuts,FPP-Branch-Benders-RootCuts,FPP-Branch-Benders-ProjectedCoverageLLBI-exp-RootCuts,FPP-Branch-Benders-RootCuts,0,0,-418.1354287,0.1071690321,-7.32e-06,0,0
new20x20,shortest_path,Expected,0.02,200,case01,FPP-Branch-Benders-RootCuts,FPP-Branch-Benders-ProjectedPathLLBI-exp-RootCuts,FPP-Branch-Benders-RootCuts,FPP-Branch-Benders-ProjectedPathLLBI-exp-RootCuts,FPP-Branch-Benders-RootCuts,0,0,-449.2632599,0.04070278751,-9.2e-07,0,0
new20x20,shortest_path,Expected,0.02,200,case01,FPP-Branch-Benders-RootCuts,FPP-Branch-Benders-Combinatorial,FPP-Branch-Benders-RootCuts,FPP-Branch-Benders-Combinatorial,FPP-Branch-Benders-RootCuts,0,0,-414.972922,0.1139218297,-0.00099747,0,0
new20x20,shortest_path,MeanCVaR,0.02,200,case01,FPP-Branch-Benders-RootCuts,FPP-Branch-Benders-MeanCVaR-LLBI-RootCuts,FPP-Branch-Benders-MeanCVaR-RootCuts,FPP-Branch-Benders-LLBI-RootCuts,FPP-Branch-Benders-RootCuts,2.37,1.594349142,2.38906956,1.00132659,0.02842319,7.149,14.36
new20x20,shortest_path,MeanCVaR,0.02,200,case01,FPP-Branch-Benders-RootCuts,FPP-Branch-Benders-MeanCVaR-ProjectedCoverageLLBI-exp-RootCuts,FPP-Branch-Benders-MeanCVaR-RootCuts,FPP-Branch-Benders-ProjectedCoverageLLBI-exp-RootCuts,FPP-Branch-Benders-RootCuts,-4.51,-3.033972418,-994.8598671,0.4475794108,-0.10001068,3.849,7.06
new20x20,shortest_path,MeanCVaR,0.02,200,case01,FPP-Branch-Benders-RootCuts,FPP-Branch-Benders-MeanCVaR-ProjectedPathLLBI-exp-RootCuts,FPP-Branch-Benders-MeanCVaR-RootCuts,FPP-Branch-Benders-ProjectedPathLLBI-exp-RootCuts,FPP-Branch-Benders-RootCuts,-4.51,-3.033972418,-1673.892706,0.07052960371,-0.10000395,3.849,7.06
new20x20,shortest_path,MeanCVaR,0.02,200,case01,FPP-Branch-Benders-RootCuts,FPP-Branch-Benders-Combinatorial-MeanCVaR,FPP-Branch-Benders-MeanCVaR-RootCuts,FPP-Branch-Benders-Combinatorial,FPP-Branch-Benders-RootCuts,-4.51,-3.033972418,46.38603612,1.025756996,-0.0705406,3.849,7.06
new20x20,shortest_path,CVaR,0.02,200,case02,FPP-Branch-Benders-RootCuts,FPP-Branch-Benders-CVaR-LLBI-RootCuts,FPP-Branch-Benders-CVaR-RootCuts,FPP-Branch-Benders-LLBI-RootCuts,FPP-Branch-Benders-RootCuts,0,0,0.38006106,1.000211065,-0.004056,0,0
new20x20,shortest_path,CVaR,0.02,200,case02,FPP-Branch-Benders-RootCuts,FPP-Branch-Benders-CVaR-ProjectedCoverageLLBI-exp-RootCuts,FPP-Branch-Benders-CVaR-RootCuts,FPP-Branch-Benders-ProjectedCoverageLLBI-exp-RootCuts,FPP-Branch-Benders-RootCuts,-1.75,-0.998288648,-1292.240945,0.2823616991,-0.06352949,-0.278,-2.7
new20x20,shortest_path,CVaR,0.02,200,case02,FPP-Branch-Benders-RootCuts,FPP-Branch-Benders-CVaR-ProjectedPathLLBI-exp-RootCuts,FPP-Branch-Benders-CVaR-RootCuts,FPP-Branch-Benders-ProjectedPathLLBI-exp-RootCuts,FPP-Branch-Benders-RootCuts,-1.75,-0.998288648,-1525.221108,0.1529775551,-0.06356767,-0.278,-2.7
new20x20,shortest_path,CVaR,0.02,200,case02,FPP-Branch-Benders-RootCuts,FPP-Branch-Benders-Combinatorial-CVaR,FPP-Branch-Benders-CVaR-RootCuts,FPP-Branch-Benders-Combinatorial,FPP-Branch-Benders-RootCuts,-1.75,-0.998288648,-729.4097612,0.5949266398,-0.06362897,-0.278,-2.7
new20x20,shortest_path,Expected,0.02,200,case02,FPP-Branch-Benders-RootCuts,FPP-Branch-Benders-LLBI-RootCuts,FPP-Branch-Benders-RootCuts,FPP-Branch-Benders-LLBI-RootCuts,FPP-Branch-Benders-RootCuts,0,0,-129.5986837,0.6277394391,1.52e-06,0,0
new20x20,shortest_path,Expected,0.02,200,case02,FPP-Branch-Benders-RootCuts,FPP-Branch-Benders-ProjectedCoverageLLBI-exp-RootCuts,FPP-Branch-Benders-RootCuts,FPP-Branch-Benders-ProjectedCoverageLLBI-exp-RootCuts,FPP-Branch-Benders-RootCuts,0,0,-326.971083,0.06080497674,-0.00027745,0,0
new20x20,shortest_path,Expected,0.02,200,case02,FPP-Branch-Benders-RootCuts,FPP-Branch-Benders-ProjectedPathLLBI-exp-RootCuts,FPP-Branch-Benders-RootCuts,FPP-Branch-Benders-ProjectedPathLLBI-exp-RootCuts,FPP-Branch-Benders-RootCuts,0,0,-334.9946672,0.03775795306,-1.629e-05,0,0
new20x20,shortest_path,Expected,0.02,200,case02,FPP-Branch-Benders-RootCuts,FPP-Branch-Benders-Combinatorial,FPP-Branch-Benders-RootCuts,FPP-Branch-Benders-Combinatorial,FPP-Branch-Benders-RootCuts,0,0,-315.7219572,0.09311707891,-0.00099752,0,0
new20x20,shortest_path,MeanCVaR,0.02,200,case02,FPP-Branch-Benders-RootCuts,FPP-Branch-Benders-MeanCVaR-LLBI-RootCuts,FPP-Branch-Benders-MeanCVaR-RootCuts,FPP-Branch-Benders-LLBI-RootCuts,FPP-Branch-Benders-RootCuts,-1.375,-1.006699125,0.98503938,1.000546811,-0.00035856,1.053,-3.14
new20x20,shortest_path,MeanCVaR,0.02,200,case02,FPP-Branch-Benders-RootCuts,FPP-Branch-Benders-MeanCVaR-ProjectedCoverageLLBI-exp-RootCuts,FPP-Branch-Benders-MeanCVaR-RootCuts,FPP-Branch-Benders-ProjectedCoverageLLBI-exp-RootCuts,FPP-Branch-Benders-RootCuts,-1.8975,-1.389244793,-1623.380951,0.09883591978,-0.05674558,0.775,-5.84
new20x20,shortest_path,MeanCVaR,0.02,200,case02,FPP-Branch-Benders-RootCuts,FPP-Branch-Benders-MeanCVaR-ProjectedPathLLBI-exp-RootCuts,FPP-Branch-Benders-MeanCVaR-RootCuts,FPP-Branch-Benders-ProjectedPathLLBI-exp-RootCuts,FPP-Branch-Benders-RootCuts,-1.8975,-1.389244793,-1730.967558,0.03911291685,-0.05673735,0.775,-5.84
new20x20,shortest_path,MeanCVaR,0.02,200,case02,FPP-Branch-Benders-RootCuts,FPP-Branch-Benders-Combinatorial-MeanCVaR,FPP-Branch-Benders-MeanCVaR-RootCuts,FPP-Branch-Benders-Combinatorial,FPP-Branch-Benders-RootCuts,-1.8975,-1.389244793,-941.2918677,0.4774742062,-0.05711994,0.775,-5.84
new20x20,shortest_path,CVaR,0.02,200,case03,FPP-Branch-Benders-RootCuts,FPP-Branch-Benders-CVaR-LLBI-RootCuts,FPP-Branch-Benders-CVaR-RootCuts,FPP-Branch-Benders-LLBI-RootCuts,FPP-Branch-Benders-RootCuts,0.95,0.5140692641,0.34506193,1.000191624,-0.01468016,-3.234,-3.79
new20x20,shortest_path,CVaR,0.02,200,case03,FPP-Branch-Benders-RootCuts,FPP-Branch-Benders-CVaR-ProjectedCoverageLLBI-exp-RootCuts,FPP-Branch-Benders-CVaR-RootCuts,FPP-Branch-Benders-ProjectedCoverageLLBI-exp-RootCuts,FPP-Branch-Benders-RootCuts,-0.6,-0.3246753247,9.01842577,1.005008221,-0.0431117,-1.112,-3.99
new20x20,shortest_path,CVaR,0.02,200,case03,FPP-Branch-Benders-RootCuts,FPP-Branch-Benders-CVaR-ProjectedPathLLBI-exp-RootCuts,FPP-Branch-Benders-CVaR-RootCuts,FPP-Branch-Benders-ProjectedPathLLBI-exp-RootCuts,FPP-Branch-Benders-RootCuts,-0.75,-0.4058441558,1.7798699,1.000988419,-0.07351256,-2.377,-8.36
new20x20,shortest_path,CVaR,0.02,200,case03,FPP-Branch-Benders-RootCuts,FPP-Branch-Benders-Combinatorial-CVaR,FPP-Branch-Benders-CVaR-RootCuts,FPP-Branch-Benders-Combinatorial,FPP-Branch-Benders-RootCuts,0.5,0.2705627706,31.97187097,1.017755006,-0.06072542,-3.904,-10.65
new20x20,shortest_path,Expected,0.02,200,case03,FPP-Branch-Benders-RootCuts,FPP-Branch-Benders-LLBI-RootCuts,FPP-Branch-Benders-RootCuts,FPP-Branch-Benders-LLBI-RootCuts,FPP-Branch-Benders-RootCuts,0,0,-421.543795,0.3807554659,-1.31e-06,0,0
new20x20,shortest_path,Expected,0.02,200,case03,FPP-Branch-Benders-RootCuts,FPP-Branch-Benders-ProjectedCoverageLLBI-exp-RootCuts,FPP-Branch-Benders-RootCuts,FPP-Branch-Benders-ProjectedCoverageLLBI-exp-RootCuts,FPP-Branch-Benders-RootCuts,0,0,-645.0516204,0.05242422028,-0.00025432,0,0
new20x20,shortest_path,Expected,0.02,200,case03,FPP-Branch-Benders-RootCuts,FPP-Branch-Benders-ProjectedPathLLBI-exp-RootCuts,FPP-Branch-Benders-RootCuts,FPP-Branch-Benders-ProjectedPathLLBI-exp-RootCuts,FPP-Branch-Benders-RootCuts,0,0,-664.8121375,0.0233961755,-5.811e-05,0,0
new20x20,shortest_path,Expected,0.02,200,case03,FPP-Branch-Benders-RootCuts,FPP-Branch-Benders-Combinatorial,FPP-Branch-Benders-RootCuts,FPP-Branch-Benders-Combinatorial,FPP-Branch-Benders-RootCuts,0,0,-630.3859224,0.07396801586,-0.00099962,0,0
new20x20,shortest_path,MeanCVaR,0.02,200,case03,FPP-Branch-Benders-RootCuts,FPP-Branch-Benders-MeanCVaR-LLBI-RootCuts,FPP-Branch-Benders-MeanCVaR-RootCuts,FPP-Branch-Benders-LLBI-RootCuts,FPP-Branch-Benders-RootCuts,-0.685,-0.4749605644,0.0660227,1.000036658,0.00699405,-0.579,-0.43
new20x20,shortest_path,MeanCVaR,0.02,200,case03,FPP-Branch-Benders-RootCuts,FPP-Branch-Benders-MeanCVaR-ProjectedCoverageLLBI-exp-RootCuts,FPP-Branch-Benders-MeanCVaR-RootCuts,FPP-Branch-Benders-ProjectedCoverageLLBI-exp-RootCuts,FPP-Branch-Benders-RootCuts,-1.945,-1.348610654,22.80462757,1.01266187,-0.05821751,-0.035,-11.14
new20x20,shortest_path,MeanCVaR,0.02,200,case03,FPP-Branch-Benders-RootCuts,FPP-Branch-Benders-MeanCVaR-ProjectedPathLLBI-exp-RootCuts,FPP-Branch-Benders-MeanCVaR-RootCuts,FPP-Branch-Benders-ProjectedPathLLBI-exp-RootCuts,FPP-Branch-Benders-RootCuts,-1.945,-1.348610654,-269.6135017,0.8503018302,-0.0771157,-0.035,-11.14
new20x20,shortest_path,MeanCVaR,0.02,200,case03,FPP-Branch-Benders-RootCuts,FPP-Branch-Benders-Combinatorial-MeanCVaR,FPP-Branch-Benders-MeanCVaR-RootCuts,FPP-Branch-Benders-Combinatorial,FPP-Branch-Benders-RootCuts,-1.6475,-1.14233216,54.15388908,1.030067997,-0.05531575,-0.622,-12.28
new20x20,shortest_path,CVaR,0.02,200,case04,FPP-Branch-Benders-RootCuts,FPP-Branch-Benders-CVaR-LLBI-RootCuts,FPP-Branch-Benders-CVaR-RootCuts,FPP-Branch-Benders-LLBI-RootCuts,FPP-Branch-Benders-RootCuts,-0.95,-0.514486867,0.27793029,1.000154348,-0.02261133,-0.057,0.09
new20x20,shortest_path,CVaR,0.02,200,case04,FPP-Branch-Benders-RootCuts,FPP-Branch-Benders-CVaR-ProjectedCoverageLLBI-exp-RootCuts,FPP-Branch-Benders-CVaR-RootCuts,FPP-Branch-Benders-ProjectedCoverageLLBI-exp-RootCuts,FPP-Branch-Benders-RootCuts,-2.25,-1.218521527,18.8938955,1.010492662,-0.06785544,4.428,6.37
new20x20,shortest_path,CVaR,0.02,200,case04,FPP-Branch-Benders-RootCuts,FPP-Branch-Benders-CVaR-ProjectedPathLLBI-exp-RootCuts,FPP-Branch-Benders-CVaR-RootCuts,FPP-Branch-Benders-ProjectedPathLLBI-exp-RootCuts,FPP-Branch-Benders-RootCuts,-2.25,-1.218521527,4.30060276,1.002388325,-0.0567636,4.428,6.37
new20x20,shortest_path,CVaR,0.02,200,case04,FPP-Branch-Benders-RootCuts,FPP-Branch-Benders-Combinatorial-CVaR,FPP-Branch-Benders-CVaR-RootCuts,FPP-Branch-Benders-Combinatorial,FPP-Branch-Benders-RootCuts,-2.25,-1.218521527,42.86424135,1.023804514,-0.03087267,4.428,6.37
new20x20,shortest_path,Expected,0.02,200,case04,FPP-Branch-Benders-RootCuts,FPP-Branch-Benders-LLBI-RootCuts,FPP-Branch-Benders-RootCuts,FPP-Branch-Benders-LLBI-RootCuts,FPP-Branch-Benders-RootCuts,0,0,372.8428575,2.038846502,-5.9e-07,0,0
new20x20,shortest_path,Expected,0.02,200,case04,FPP-Branch-Benders-RootCuts,FPP-Branch-Benders-ProjectedCoverageLLBI-exp-RootCuts,FPP-Branch-Benders-RootCuts,FPP-Branch-Benders-ProjectedCoverageLLBI-exp-RootCuts,FPP-Branch-Benders-RootCuts,0,0,-242.741668,0.3236525051,-5.54e-05,0,0
new20x20,shortest_path,Expected,0.02,200,case04,FPP-Branch-Benders-RootCuts,FPP-Branch-Benders-ProjectedPathLLBI-exp-RootCuts,FPP-Branch-Benders-RootCuts,FPP-Branch-Benders-ProjectedPathLLBI-exp-RootCuts,FPP-Branch-Benders-RootCuts,0,0,-318.8692569,0.1115393377,-0.00023188,0,0
new20x20,shortest_path,Expected,0.02,200,case04,FPP-Branch-Benders-RootCuts,FPP-Branch-Benders-Combinatorial,FPP-Branch-Benders-RootCuts,FPP-Branch-Benders-Combinatorial,FPP-Branch-Benders-RootCuts,0,0,-317.7836474,0.1145641553,-0.00099859,0,0
new20x20,shortest_path,MeanCVaR,0.02,200,case04,FPP-Branch-Benders-RootCuts,FPP-Branch-Benders-MeanCVaR-LLBI-RootCuts,FPP-Branch-Benders-MeanCVaR-RootCuts,FPP-Branch-Benders-LLBI-RootCuts,FPP-Branch-Benders-RootCuts,-0.535,-0.3831692032,-1.23790645,0.9993131169,-0.02852508,0.006,2.44
new20x20,shortest_path,MeanCVaR,0.02,200,case04,FPP-Branch-Benders-RootCuts,FPP-Branch-Benders-MeanCVaR-ProjectedCoverageLLBI-exp-RootCuts,FPP-Branch-Benders-MeanCVaR-RootCuts,FPP-Branch-Benders-ProjectedCoverageLLBI-exp-RootCuts,FPP-Branch-Benders-RootCuts,-0.75,-0.5371530886,27.99937876,1.015536151,-0.07196802,-3.832,-3.87
new20x20,shortest_path,MeanCVaR,0.02,200,case04,FPP-Branch-Benders-RootCuts,FPP-Branch-Benders-MeanCVaR-ProjectedPathLLBI-exp-RootCuts,FPP-Branch-Benders-MeanCVaR-RootCuts,FPP-Branch-Benders-ProjectedPathLLBI-exp-RootCuts,FPP-Branch-Benders-RootCuts,-0.75,-0.5371530886,-965.3285503,0.4643634752,-0.0897078,-3.832,-3.87
new20x20,shortest_path,MeanCVaR,0.02,200,case04,FPP-Branch-Benders-RootCuts,FPP-Branch-Benders-Combinatorial-MeanCVaR,FPP-Branch-Benders-MeanCVaR-RootCuts,FPP-Branch-Benders-Combinatorial,FPP-Branch-Benders-RootCuts,-0.75,-0.5371530886,-584.5688953,0.6756374278,-0.09037051,-3.832,-3.87
new20x20,shortest_path,CVaR,0.03,200,case00,FPP-Branch-Benders-RootCuts,FPP-Branch-Benders-CVaR-LLBI-RootCuts,FPP-Branch-Benders-CVaR-RootCuts,FPP-Branch-Benders-LLBI-RootCuts,FPP-Branch-Benders-RootCuts,-2.85,-2,-0.06445518,0.9999642154,-0.01478322,-1.604,3.08
new20x20,shortest_path,CVaR,0.03,200,case00,FPP-Branch-Benders-RootCuts,FPP-Branch-Benders-CVaR-ProjectedCoverageLLBI-exp-RootCuts,FPP-Branch-Benders-CVaR-RootCuts,FPP-Branch-Benders-ProjectedCoverageLLBI-exp-RootCuts,FPP-Branch-Benders-RootCuts,-7.15,-5.01754386,8.67267133,1.004814942,-0.12577517,-2.281,2.23
new20x20,shortest_path,CVaR,0.03,200,case00,FPP-Branch-Benders-RootCuts,FPP-Branch-Benders-CVaR-ProjectedPathLLBI-exp-RootCuts,FPP-Branch-Benders-CVaR-RootCuts,FPP-Branch-Benders-ProjectedPathLLBI-exp-RootCuts,FPP-Branch-Benders-RootCuts,-7.15,-5.01754386,5.4180159,1.003008004,-0.15074964,-2.281,2.23
new20x20,shortest_path,CVaR,0.03,200,case00,FPP-Branch-Benders-RootCuts,FPP-Branch-Benders-Combinatorial-CVaR,FPP-Branch-Benders-CVaR-RootCuts,FPP-Branch-Benders-Combinatorial,FPP-Branch-Benders-RootCuts,-5.9,-4.140350877,22.49521272,1.012489017,-0.13348193,-1.299,-2.63
new20x20,shortest_path,Expected,0.03,200,case00,FPP-Branch-Benders-RootCuts,FPP-Branch-Benders-LLBI-RootCuts,FPP-Branch-Benders-RootCuts,FPP-Branch-Benders-LLBI-RootCuts,FPP-Branch-Benders-RootCuts,0.59,0.8797435324,0.13590961,1.00007547,0.00659255,-1.933,-19.25
new20x20,shortest_path,Expected,0.03,200,case00,FPP-Branch-Benders-RootCuts,FPP-Branch-Benders-ProjectedCoverageLLBI-exp-RootCuts,FPP-Branch-Benders-RootCuts,FPP-Branch-Benders-ProjectedCoverageLLBI-exp-RootCuts,FPP-Branch-Benders-RootCuts,-1.045,-1.558189816,-193.515193,0.8925413684,-0.11716126,-1.824,-16.05
new20x20,shortest_path,Expected,0.03,200,case00,FPP-Branch-Benders-RootCuts,FPP-Branch-Benders-ProjectedPathLLBI-exp-RootCuts,FPP-Branch-Benders-RootCuts,FPP-Branch-Benders-ProjectedPathLLBI-exp-RootCuts,FPP-Branch-Benders-RootCuts,-1.045,-1.558189816,-1032.564251,0.4266189665,-0.11716141,-1.824,-16.05
new20x20,shortest_path,Expected,0.03,200,case00,FPP-Branch-Benders-RootCuts,FPP-Branch-Benders-Combinatorial,FPP-Branch-Benders-RootCuts,FPP-Branch-Benders-Combinatorial,FPP-Branch-Benders-RootCuts,-1.045,-1.558189816,-1721.195795,0.04422313372,-0.11738911,-1.824,-16.05
new20x20,shortest_path,MeanCVaR,0.03,200,case00,FPP-Branch-Benders-RootCuts,FPP-Branch-Benders-MeanCVaR-LLBI-RootCuts,FPP-Branch-Benders-MeanCVaR-RootCuts,FPP-Branch-Benders-LLBI-RootCuts,FPP-Branch-Benders-RootCuts,4.3075,4.174035224,-1.39020334,0.9992287338,0.03650677,2.779,10.71
new20x20,shortest_path,MeanCVaR,0.03,200,case00,FPP-Branch-Benders-RootCuts,FPP-Branch-Benders-MeanCVaR-ProjectedCoverageLLBI-exp-RootCuts,FPP-Branch-Benders-MeanCVaR-RootCuts,FPP-Branch-Benders-ProjectedCoverageLLBI-exp-RootCuts,FPP-Branch-Benders-RootCuts,-1.115,-1.08045253,6.45565556,1.003581511,-0.10501582,0.625,3.3
new20x20,shortest_path,MeanCVaR,0.03,200,case00,FPP-Branch-Benders-RootCuts,FPP-Branch-Benders-MeanCVaR-ProjectedPathLLBI-exp-RootCuts,FPP-Branch-Benders-MeanCVaR-RootCuts,FPP-Branch-Benders-ProjectedPathLLBI-exp-RootCuts,FPP-Branch-Benders-RootCuts,-1.115,-1.08045253,0.26533602,1.000147205,-0.13002285,0.625,3.3
new20x20,shortest_path,MeanCVaR,0.03,200,case00,FPP-Branch-Benders-RootCuts,FPP-Branch-Benders-Combinatorial-MeanCVaR,FPP-Branch-Benders-MeanCVaR-RootCuts,FPP-Branch-Benders-Combinatorial,FPP-Branch-Benders-RootCuts,-0.5975,-0.5789868941,17.76894731,1.009857974,-0.13300745,-0.071,6.37
new20x20,shortest_path,CVaR,0.03,200,case01,FPP-Branch-Benders-RootCuts,FPP-Branch-Benders-CVaR-LLBI-RootCuts,FPP-Branch-Benders-CVaR-RootCuts,FPP-Branch-Benders-LLBI-RootCuts,FPP-Branch-Benders-RootCuts,1.45,1.000344947,0.29107992,1.000161641,0.00068506,0.141,3.94
new20x20,shortest_path,CVaR,0.03,200,case01,FPP-Branch-Benders-RootCuts,FPP-Branch-Benders-CVaR-ProjectedCoverageLLBI-exp-RootCuts,FPP-Branch-Benders-CVaR-RootCuts,FPP-Branch-Benders-ProjectedCoverageLLBI-exp-RootCuts,FPP-Branch-Benders-RootCuts,-1.6,-1.103828907,9.39196381,1.005215497,-0.10865685,-2.246,1.22
new20x20,shortest_path,CVaR,0.03,200,case01,FPP-Branch-Benders-RootCuts,FPP-Branch-Benders-CVaR-ProjectedPathLLBI-exp-RootCuts,FPP-Branch-Benders-CVaR-RootCuts,FPP-Branch-Benders-ProjectedPathLLBI-exp-RootCuts,FPP-Branch-Benders-RootCuts,-7.3,-5.036219386,6.96993855,1.00387051,-0.16206291,-1.833,-3.3
new20x20,shortest_path,CVaR,0.03,200,case01,FPP-Branch-Benders-RootCuts,FPP-Branch-Benders-Combinatorial-CVaR,FPP-Branch-Benders-CVaR-RootCuts,FPP-Branch-Benders-Combinatorial,FPP-Branch-Benders-RootCuts,-6.45,-4.449810279,50.0678851,1.02780344,-0.13522919,-4.341,-4.11
new20x20,shortest_path,Expected,0.03,200,case01,FPP-Branch-Benders-RootCuts,FPP-Branch-Benders-LLBI-RootCuts,FPP-Branch-Benders-RootCuts,FPP-Branch-Benders-LLBI-RootCuts,FPP-Branch-Benders-RootCuts,0.495,0.6552385995,0.23609734,1.00013111,0.0074013,-0.283,-0.95
new20x20,shortest_path,Expected,0.03,200,case01,FPP-Branch-Benders-RootCuts,FPP-Branch-Benders-ProjectedCoverageLLBI-exp-RootCuts,FPP-Branch-Benders-RootCuts,FPP-Branch-Benders-ProjectedCoverageLLBI-exp-RootCuts,FPP-Branch-Benders-RootCuts,-0.905,-1.19796148,8.36683191,1.004646275,-0.0888958,-0.602,-3.47
new20x20,shortest_path,Expected,0.03,200,case01,FPP-Branch-Benders-RootCuts,FPP-Branch-Benders-ProjectedPathLLBI-exp-RootCuts,FPP-Branch-Benders-RootCuts,FPP-Branch-Benders-ProjectedPathLLBI-exp-RootCuts,FPP-Branch-Benders-RootCuts,-0.905,-1.19796148,-1553.173755,0.1374904931,-0.10142831,-0.602,-3.47
new20x20,shortest_path,Expected,0.03,200,case01,FPP-Branch-Benders-RootCuts,FPP-Branch-Benders-Combinatorial,FPP-Branch-Benders-RootCuts,FPP-Branch-Benders-Combinatorial,FPP-Branch-Benders-RootCuts,-0.31,-0.4103514462,22.76775361,1.012643404,-0.06241923,-0.355,0.5
new20x20,shortest_path,MeanCVaR,0.03,200,case01,FPP-Branch-Benders-RootCuts,FPP-Branch-Benders-MeanCVaR-LLBI-RootCuts,FPP-Branch-Benders-MeanCVaR-RootCuts,FPP-Branch-Benders-LLBI-RootCuts,FPP-Branch-Benders-RootCuts,-2.0575,-1.808910478,0.22291042,1.000123777,-0.0053593,1.877,-9.66
new20x20,shortest_path,MeanCVaR,0.03,200,case01,FPP-Branch-Benders-RootCuts,FPP-Branch-Benders-MeanCVaR-ProjectedCoverageLLBI-exp-RootCuts,FPP-Branch-Benders-MeanCVaR-RootCuts,FPP-Branch-Benders-ProjectedCoverageLLBI-exp-RootCuts,FPP-Branch-Benders-RootCuts,-4.3975,-3.866188979,8.80570971,1.004889617,-0.12401936,-1.183,-10.17
new20x20,shortest_path,MeanCVaR,0.03,200,case01,FPP-Branch-Benders-RootCuts,FPP-Branch-Benders-MeanCVaR-ProjectedPathLLBI-exp-RootCuts,FPP-Branch-Benders-MeanCVaR-RootCuts,FPP-Branch-Benders-ProjectedPathLLBI-exp-RootCuts,FPP-Branch-Benders-RootCuts,-4.02,-3.534298965,5.33563177,1.002962759,-0.13851638,-4.098,-7.72
new20x20,shortest_path,MeanCVaR,0.03,200,case01,FPP-Branch-Benders-RootCuts,FPP-Branch-Benders-Combinatorial-MeanCVaR,FPP-Branch-Benders-MeanCVaR-RootCuts,FPP-Branch-Benders-Combinatorial,FPP-Branch-Benders-RootCuts,-1.5,-1.31876827,344.4691773,1.191276165,-0.06437724,-3.913,-6.94
new20x20,shortest_path,CVaR,0.03,200,case02,FPP-Branch-Benders-RootCuts,FPP-Branch-Benders-CVaR-LLBI-RootCuts,FPP-Branch-Benders-CVaR-RootCuts,FPP-Branch-Benders-LLBI-RootCuts,FPP-Branch-Benders-RootCuts,3.05,2.203757225,0.81667582,1.000453618,0.0203631,-1.661,10.46
new20x20,shortest_path,CVaR,0.03,200,case02,FPP-Branch-Benders-RootCuts,FPP-Branch-Benders-CVaR-ProjectedCoverageLLBI-exp-RootCuts,FPP-Branch-Benders-CVaR-RootCuts,FPP-Branch-Benders-ProjectedCoverageLLBI-exp-RootCuts,FPP-Branch-Benders-RootCuts,-3.95,-2.854046243,21.78915173,1.01210265,-0.10997089,0.125,0.98
new20x20,shortest_path,CVaR,0.03,200,case02,FPP-Branch-Benders-RootCuts,FPP-Branch-Benders-CVaR-ProjectedPathLLBI-exp-RootCuts,FPP-Branch-Benders-CVaR-RootCuts,FPP-Branch-Benders-ProjectedPathLLBI-exp-RootCuts,FPP-Branch-Benders-RootCuts,-4.3,-3.106936416,2.18273008,1.001212384,-0.14359921,-2.682,6.84
new20x20,shortest_path,CVaR,0.03,200,case02,FPP-Branch-Benders-RootCuts,FPP-Branch-Benders-Combinatorial-CVaR,FPP-Branch-Benders-CVaR-RootCuts,FPP-Branch-Benders-Combinatorial,FPP-Branch-Benders-RootCuts,-4.55,-3.287572254,20.65478706,1.011472574,-0.13526378,2.049,8.43
new20x20,shortest_path,Expected,0.03,200,case02,FPP-Branch-Benders-RootCuts,FPP-Branch-Benders-LLBI-RootCuts,FPP-Branch-Benders-RootCuts,FPP-Branch-Benders-LLBI-RootCuts,FPP-Branch-Benders-RootCuts,-0.62,-0.833501378,0.39685975,1.000220352,0.00406683,0.471,6.6
new20x20,shortest_path,Expected,0.03,200,case02,FPP-Branch-Benders-RootCuts,FPP-Branch-Benders-ProjectedCoverageLLBI-exp-RootCuts,FPP-Branch-Benders-RootCuts,FPP-Branch-Benders-ProjectedCoverageLLBI-exp-RootCuts,FPP-Branch-Benders-RootCuts,-2.285,-3.071855885,-1149.485491,0.3617609085,-0.11681065,-1.481,-6.25
new20x20,shortest_path,Expected,0.03,200,case02,FPP-Branch-Benders-RootCuts,FPP-Branch-Benders-ProjectedPathLLBI-exp-RootCuts,FPP-Branch-Benders-RootCuts,FPP-Branch-Benders-ProjectedPathLLBI-exp-RootCuts,FPP-Branch-Benders-RootCuts,-2.285,-3.071855885,-1700.918517,0.05558382642,-0.11680986,-1.481,-6.25
new20x20,shortest_path,Expected,0.03,200,case02,FPP-Branch-Benders-RootCuts,FPP-Branch-Benders-Combinatorial,FPP-Branch-Benders-RootCuts,FPP-Branch-Benders-Combinatorial,FPP-Branch-Benders-RootCuts,-2.285,-3.071855885,-1732.525694,0.03803429134,-0.11780501,-1.481,-6.25
new20x20,shortest_path,MeanCVaR,0.03,200,case02,FPP-Branch-Benders-RootCuts,FPP-Branch-Benders-MeanCVaR-LLBI-RootCuts,FPP-Branch-Benders-MeanCVaR-RootCuts,FPP-Branch-Benders-LLBI-RootCuts,FPP-Branch-Benders-RootCuts,-0.7725,-0.7035519126,0.41802924,1.000232146,-0.0277709,-1.352,-1.67
new20x20,shortest_path,MeanCVaR,0.03,200,case02,FPP-Branch-Benders-RootCuts,FPP-Branch-Benders-MeanCVaR-ProjectedCoverageLLBI-exp-RootCuts,FPP-Branch-Benders-MeanCVaR-RootCuts,FPP-Branch-Benders-ProjectedCoverageLLBI-exp-RootCuts,FPP-Branch-Benders-RootCuts,-3.6675,-3.340163934,9.03647409,1.005018258,-0.13176711,-3.343,-1.72
new20x20,shortest_path,MeanCVaR,0.03,200,case02,FPP-Branch-Benders-RootCuts,FPP-Branch-Benders-MeanCVaR-ProjectedPathLLBI-exp-RootCuts,FPP-Branch-Benders-MeanCVaR-RootCuts,FPP-Branch-Benders-ProjectedPathLLBI-exp-RootCuts,FPP-Branch-Benders-RootCuts,-5.88,-5.355191257,-242.586985,0.8652832848,-0.19801257,-4.199,-7.07
new20x20,shortest_path,MeanCVaR,0.03,200,case02,FPP-Branch-Benders-RootCuts,FPP-Branch-Benders-Combinatorial-MeanCVaR,FPP-Branch-Benders-MeanCVaR-RootCuts,FPP-Branch-Benders-Combinatorial,FPP-Branch-Benders-RootCuts,-5.88,-5.355191257,-573.4701139,0.68153275,-0.19815973,-4.199,-7.07
new20x20,shortest_path,CVaR,0.03,200,case03,FPP-Branch-Benders-RootCuts,FPP-Branch-Benders-CVaR-LLBI-RootCuts,FPP-Branch-Benders-CVaR-RootCuts,FPP-Branch-Benders-LLBI-RootCuts,FPP-Branch-Benders-RootCuts,2.35,1.631377994,0.17229719,1.000095677,0.00578127,-3.481,-5.92
new20x20,shortest_path,CVaR,0.03,200,case03,FPP-Branch-Benders-RootCuts,FPP-Branch-Benders-CVaR-ProjectedCoverageLLBI-exp-RootCuts,FPP-Branch-Benders-CVaR-RootCuts,FPP-Branch-Benders-ProjectedCoverageLLBI-exp-RootCuts,FPP-Branch-Benders-RootCuts,-5.6,-3.887539049,8.95318626,1.004971721,-0.11924535,-5.453,-7.19
new20x20,shortest_path,CVaR,0.03,200,case03,FPP-Branch-Benders-RootCuts,FPP-Branch-Benders-CVaR-ProjectedPathLLBI-exp-RootCuts,FPP-Branch-Benders-CVaR-RootCuts,FPP-Branch-Benders-ProjectedPathLLBI-exp-RootCuts,FPP-Branch-Benders-RootCuts,-4.9,-3.401596668,1.66189978,1.000922856,-0.13923356,-5.759,-9.17
new20x20,shortest_path,CVaR,0.03,200,case03,FPP-Branch-Benders-RootCuts,FPP-Branch-Benders-Combinatorial-CVaR,FPP-Branch-Benders-CVaR-RootCuts,FPP-Branch-Benders-Combinatorial,FPP-Branch-Benders-RootCuts,4.05,2.811523776,175.2040559,1.097291147,-0.03425243,-8.67,-3.64
new20x20,shortest_path,Expected,0.03,200,case03,FPP-Branch-Benders-RootCuts,FPP-Branch-Benders-LLBI-RootCuts,FPP-Branch-Benders-RootCuts,FPP-Branch-Benders-LLBI-RootCuts,FPP-Branch-Benders-RootCuts,-0.555,-0.7251584243,0.25286335,1.000140412,0.01020788,-0.758,-6.12
new20x20,shortest_path,Expected,0.03,200,case03,FPP-Branch-Benders-RootCuts,FPP-Branch-Benders-ProjectedCoverageLLBI-exp-RootCuts,FPP-Branch-Benders-RootCuts,FPP-Branch-Benders-ProjectedCoverageLLBI-exp-RootCuts,FPP-Branch-Benders-RootCuts,-1.46,-1.907623963,9.51541393,1.0052838,-0.08860272,-2.381,-13.35
new20x20,shortest_path,Expected,0.03,200,case03,FPP-Branch-Benders-RootCuts,FPP-Branch-Benders-ProjectedPathLLBI-exp-RootCuts,FPP-Branch-Benders-RootCuts,FPP-Branch-Benders-ProjectedPathLLBI-exp-RootCuts,FPP-Branch-Benders-RootCuts,-1.46,-1.907623963,-1041.441951,0.4216993011,-0.11907932,-2.381,-13.35
new20x20,shortest_path,Expected,0.03,200,case03,FPP-Branch-Benders-RootCuts,FPP-Branch-Benders-Combinatorial,FPP-Branch-Benders-RootCuts,FPP-Branch-Benders-Combinatorial,FPP-Branch-Benders-RootCuts,-1.46,-1.907623963,-1719.622154,0.04511365945,-0.12007865,-2.381,-13.35
new20x20,shortest_path,MeanCVaR,0.03,200,case03,FPP-Branch-Benders-RootCuts,FPP-Branch-Benders-MeanCVaR-LLBI-RootCuts,FPP-Branch-Benders-MeanCVaR-RootCuts,FPP-Branch-Benders-LLBI-RootCuts,FPP-Branch-Benders-RootCuts,1.4525,1.304181912,-0.10657965,0.9999408816,0.02522941,2.713,3.49
new20x20,shortest_path,MeanCVaR,0.03,200,case03,FPP-Branch-Benders-RootCuts,FPP-Branch-Benders-MeanCVaR-ProjectedCoverageLLBI-exp-RootCuts,FPP-Branch-Benders-MeanCVaR-RootCuts,FPP-Branch-Benders-ProjectedCoverageLLBI-exp-RootCuts,FPP-Branch-Benders-RootCuts,-2.885,-2.59040607,6.62846045,1.003676727,-0.12038141,-1.616,0.72
new20x20,shortest_path,MeanCVaR,0.03,200,case03,FPP-Branch-Benders-RootCuts,FPP-Branch-Benders-MeanCVaR-ProjectedPathLLBI-exp-RootCuts,FPP-Branch-Benders-MeanCVaR-RootCuts,FPP-Branch-Benders-ProjectedPathLLBI-exp-RootCuts,FPP-Branch-Benders-RootCuts,-2.885,-2.59040607,3.4385751,1.001907336,-0.14280839,-1.616,0.72
new20x20,shortest_path,MeanCVaR,0.03,200,case03,FPP-Branch-Benders-RootCuts,FPP-Branch-Benders-Combinatorial-MeanCVaR,FPP-Branch-Benders-MeanCVaR-RootCuts,FPP-Branch-Benders-Combinatorial,FPP-Branch-Benders-RootCuts,0.3225,0.2895687894,52.31130964,1.029016453,-0.06626707,-1.324,2.54
new20x20,shortest_path,CVaR,0.03,200,case04,FPP-Branch-Benders-RootCuts,FPP-Branch-Benders-CVaR-LLBI-RootCuts,FPP-Branch-Benders-CVaR-RootCuts,FPP-Branch-Benders-LLBI-RootCuts,FPP-Branch-Benders-RootCuts,-5.3,-3.549899531,2.21852517,1.001232009,-0.02779191,-0.055,-6.03
new20x20,shortest_path,CVaR,0.03,200,case04,FPP-Branch-Benders-RootCuts,FPP-Branch-Benders-CVaR-ProjectedCoverageLLBI-exp-RootCuts,FPP-Branch-Benders-CVaR-RootCuts,FPP-Branch-Benders-ProjectedCoverageLLBI-exp-RootCuts,FPP-Branch-Benders-RootCuts,-8.7,-5.82719357,22.84864291,1.01268849,-0.12551663,1.189,-3.19
new20x20,shortest_path,CVaR,0.03,200,case04,FPP-Branch-Benders-RootCuts,FPP-Branch-Benders-CVaR-ProjectedPathLLBI-exp-RootCuts,FPP-Branch-Benders-CVaR-RootCuts,FPP-Branch-Benders-ProjectedPathLLBI-exp-RootCuts,FPP-Branch-Benders-RootCuts,-9.45,-6.329537843,5.98687332,1.003324678,-0.15597629,6.007,-3.49
new20x20,shortest_path,CVaR,0.03,200,case04,FPP-Branch-Benders-RootCuts,FPP-Branch-Benders-Combinatorial-CVaR,FPP-Branch-Benders-CVaR-RootCuts,FPP-Branch-Benders-Combinatorial,FPP-Branch-Benders-RootCuts,-11.5,-7.70261219,21.04503422,1.011686895,-0.17335093,4.698,-13.96
new20x20,shortest_path,Expected,0.03,200,case04,FPP-Branch-Benders-RootCuts,FPP-Branch-Benders-LLBI-RootCuts,FPP-Branch-Benders-RootCuts,FPP-Branch-Benders-LLBI-RootCuts,FPP-Branch-Benders-RootCuts,0.045,0.06194507537,2.34096488,1.001300008,0.00175728,1.265,6.42
new20x20,shortest_path,Expected,0.03,200,case04,FPP-Branch-Benders-RootCuts,FPP-Branch-Benders-ProjectedCoverageLLBI-exp-RootCuts,FPP-Branch-Benders-RootCuts,FPP-Branch-Benders-ProjectedCoverageLLBI-exp-RootCuts,FPP-Branch-Benders-RootCuts,-1.33,-1.830821116,26.64988106,1.01479948,-0.08939535,-1.033,2.36
new20x20,shortest_path,Expected,0.03,200,case04,FPP-Branch-Benders-RootCuts,FPP-Branch-Benders-ProjectedPathLLBI-exp-RootCuts,FPP-Branch-Benders-RootCuts,FPP-Branch-Benders-ProjectedPathLLBI-exp-RootCuts,FPP-Branch-Benders-RootCuts,-1.865,-2.567279235,1.98937857,1.001104762,-0.12432611,-1.534,-5.07
new20x20,shortest_path,Expected,0.03,200,case04,FPP-Branch-Benders-RootCuts,FPP-Branch-Benders-Combinatorial,FPP-Branch-Benders-RootCuts,FPP-Branch-Benders-Combinatorial,FPP-Branch-Benders-RootCuts,-1.865,-2.567279235,-1544.411769,0.1423417088,-0.1278848,-1.534,-5.07
new20x20,shortest_path,MeanCVaR,0.03,200,case04,FPP-Branch-Benders-RootCuts,FPP-Branch-Benders-MeanCVaR-LLBI-RootCuts,FPP-Branch-Benders-MeanCVaR-RootCuts,FPP-Branch-Benders-LLBI-RootCuts,FPP-Branch-Benders-RootCuts,2.495,2.289568469,2.35087227,1.001305332,0.02762064,5.072,19.47
new20x20,shortest_path,MeanCVaR,0.03,200,case04,FPP-Branch-Benders-RootCuts,FPP-Branch-Benders-MeanCVaR-ProjectedCoverageLLBI-exp-RootCuts,FPP-Branch-Benders-MeanCVaR-RootCuts,FPP-Branch-Benders-ProjectedCoverageLLBI-exp-RootCuts,FPP-Branch-Benders-RootCuts,-0.5075,-0.4657138269,18.98113977,1.010539358,-0.08275137,2.782,7.3
new20x20,shortest_path,MeanCVaR,0.03,200,case04,FPP-Branch-Benders-RootCuts,FPP-Branch-Benders-MeanCVaR-ProjectedPathLLBI-exp-RootCuts,FPP-Branch-Benders-MeanCVaR-RootCuts,FPP-Branch-Benders-ProjectedPathLLBI-exp-RootCuts,FPP-Branch-Benders-RootCuts,-2.5775,-2.365275643,7.69854273,1.004274648,-0.11485947,0.666,0.72
new20x20,shortest_path,MeanCVaR,0.03,200,case04,FPP-Branch-Benders-RootCuts,FPP-Branch-Benders-Combinatorial-MeanCVaR,FPP-Branch-Benders-MeanCVaR-RootCuts,FPP-Branch-Benders-Combinatorial,FPP-Branch-Benders-RootCuts,4.605,4.225836794,87.97773818,1.048850011,-0.02569683,1.165,12.97
new20x20,shortest_path,CVaR,0.01,400,case00,FPP-Branch-Benders-RootCuts,FPP-Branch-Benders-CVaR-LLBI-RootCuts,FPP-Branch-Benders-CVaR-RootCuts,FPP-Branch-Benders-LLBI-RootCuts,FPP-Branch-Benders-RootCuts,0,0,-23.13481685,0.5898448358,-1.032e-05,0,0
new20x20,shortest_path,CVaR,0.01,400,case00,FPP-Branch-Benders-RootCuts,FPP-Branch-Benders-CVaR-ProjectedCoverageLLBI-exp-RootCuts,FPP-Branch-Benders-CVaR-RootCuts,FPP-Branch-Benders-ProjectedCoverageLLBI-exp-RootCuts,FPP-Branch-Benders-RootCuts,0,0,-0.5519946,0.9902137355,-0.00013655,0,0
new20x20,shortest_path,CVaR,0.01,400,case00,FPP-Branch-Benders-RootCuts,FPP-Branch-Benders-CVaR-ProjectedPathLLBI-exp-RootCuts,FPP-Branch-Benders-CVaR-RootCuts,FPP-Branch-Benders-ProjectedPathLLBI-exp-RootCuts,FPP-Branch-Benders-RootCuts,0,0,-23.24934435,0.5878143877,-0.00010078,0,0
new20x20,shortest_path,CVaR,0.01,400,case00,FPP-Branch-Benders-RootCuts,FPP-Branch-Benders-Combinatorial-CVaR,FPP-Branch-Benders-CVaR-RootCuts,FPP-Branch-Benders-Combinatorial,FPP-Branch-Benders-RootCuts,0,0,492.042275,9.723374876,-0.00028731,0,0
new20x20,shortest_path,Expected,0.01,400,case00,FPP-Branch-Benders-RootCuts,FPP-Branch-Benders-LLBI-RootCuts,FPP-Branch-Benders-RootCuts,FPP-Branch-Benders-LLBI-RootCuts,FPP-Branch-Benders-RootCuts,0,0,-8.4310023,0.7154598037,-0.00010022,0,0
new20x20,shortest_path,Expected,0.01,400,case00,FPP-Branch-Benders-RootCuts,FPP-Branch-Benders-ProjectedCoverageLLBI-exp-RootCuts,FPP-Branch-Benders-RootCuts,FPP-Branch-Benders-ProjectedCoverageLLBI-exp-RootCuts,FPP-Branch-Benders-RootCuts,0,0,12.07620402,1.407563103,-0.00079946,0,0
new20x20,shortest_path,Expected,0.01,400,case00,FPP-Branch-Benders-RootCuts,FPP-Branch-Benders-ProjectedPathLLBI-exp-RootCuts,FPP-Branch-Benders-RootCuts,FPP-Branch-Benders-ProjectedPathLLBI-exp-RootCuts,FPP-Branch-Benders-RootCuts,0,0,-11.89826326,0.5984422678,-0.00018119,0,0
new20x20,shortest_path,Expected,0.01,400,case00,FPP-Branch-Benders-RootCuts,FPP-Branch-Benders-Combinatorial,FPP-Branch-Benders-RootCuts,FPP-Branch-Benders-Combinatorial,FPP-Branch-Benders-RootCuts,0,0,22.04344226,1.743950146,-0.00079946,0,0
new20x20,shortest_path,MeanCVaR,0.01,400,case00,FPP-Branch-Benders-RootCuts,FPP-Branch-Benders-MeanCVaR-LLBI-RootCuts,FPP-Branch-Benders-MeanCVaR-RootCuts,FPP-Branch-Benders-LLBI-RootCuts,FPP-Branch-Benders-RootCuts,0,0,5.69324047,1.141524332,-0.00015373,0,0
new20x20,shortest_path,MeanCVaR,0.01,400,case00,FPP-Branch-Benders-RootCuts,FPP-Branch-Benders-MeanCVaR-ProjectedCoverageLLBI-exp-RootCuts,FPP-Branch-Benders-MeanCVaR-RootCuts,FPP-Branch-Benders-ProjectedCoverageLLBI-exp-RootCuts,FPP-Branch-Benders-RootCuts,0,0,126.83688,4.152950382,-0.00062813,0,0
new20x20,shortest_path,MeanCVaR,0.01,400,case00,FPP-Branch-Benders-RootCuts,FPP-Branch-Benders-MeanCVaR-ProjectedPathLLBI-exp-RootCuts,FPP-Branch-Benders-MeanCVaR-RootCuts,FPP-Branch-Benders-ProjectedPathLLBI-exp-RootCuts,FPP-Branch-Benders-RootCuts,0,0,-2.95792938,0.9264708769,-3.146e-05,0,0
new20x20,shortest_path,MeanCVaR,0.01,400,case00,FPP-Branch-Benders-RootCuts,FPP-Branch-Benders-Combinatorial-MeanCVaR,FPP-Branch-Benders-MeanCVaR-RootCuts,FPP-Branch-Benders-Combinatorial,FPP-Branch-Benders-RootCuts,0,0,120.3046385,3.990569901,-0.00098393,0,0
new20x20,shortest_path,CVaR,0.01,400,case01,FPP-Branch-Benders-RootCuts,FPP-Branch-Benders-CVaR-LLBI-RootCuts,FPP-Branch-Benders-CVaR-RootCuts,FPP-Branch-Benders-LLBI-RootCuts,FPP-Branch-Benders-RootCuts,0,0,-22.60566741,0.5511264902,2.696e-05,0,0
new20x20,shortest_path,CVaR,0.01,400,case01,FPP-Branch-Benders-RootCuts,FPP-Branch-Benders-CVaR-ProjectedCoverageLLBI-exp-RootCuts,FPP-Branch-Benders-CVaR-RootCuts,FPP-Branch-Benders-ProjectedCoverageLLBI-exp-RootCuts,FPP-Branch-Benders-RootCuts,0,0,-12.18353763,0.7580753888,-9.01e-05,0,0
new20x20,shortest_path,CVaR,0.01,400,case01,FPP-Branch-Benders-RootCuts,FPP-Branch-Benders-CVaR-ProjectedPathLLBI-exp-RootCuts,FPP-Branch-Benders-CVaR-RootCuts,FPP-Branch-Benders-ProjectedPathLLBI-exp-RootCuts,FPP-Branch-Benders-RootCuts,0,0,-19.03593318,0.6220095614,4.032e-05,0,0
new20x20,shortest_path,CVaR,0.01,400,case01,FPP-Branch-Benders-RootCuts,FPP-Branch-Benders-Combinatorial-CVaR,FPP-Branch-Benders-CVaR-RootCuts,FPP-Branch-Benders-Combinatorial,FPP-Branch-Benders-RootCuts,0,0,152.0006071,4.018227454,-6.183e-05,0,0
new20x20,shortest_path,Expected,0.01,400,case01,FPP-Branch-Benders-RootCuts,FPP-Branch-Benders-LLBI-RootCuts,FPP-Branch-Benders-RootCuts,FPP-Branch-Benders-LLBI-RootCuts,FPP-Branch-Benders-RootCuts,0,0,-43.9081346,0.2303530298,0,0,0
new20x20,shortest_path,Expected,0.01,400,case01,FPP-Branch-Benders-RootCuts,FPP-Branch-Benders-ProjectedCoverageLLBI-exp-RootCuts,FPP-Branch-Benders-RootCuts,FPP-Branch-Benders-ProjectedCoverageLLBI-exp-RootCuts,FPP-Branch-Benders-RootCuts,0,0,-22.03346318,0.6137848183,0.00048672,0,0
new20x20,shortest_path,Expected,0.01,400,case01,FPP-Branch-Benders-RootCuts,FPP-Branch-Benders-ProjectedPathLLBI-exp-RootCuts,FPP-Branch-Benders-RootCuts,FPP-Branch-Benders-ProjectedPathLLBI-exp-RootCuts,FPP-Branch-Benders-RootCuts,0,0,-35.53869408,0.3770573841,0,0,0
new20x20,shortest_path,Expected,0.01,400,case01,FPP-Branch-Benders-RootCuts,FPP-Branch-Benders-Combinatorial,FPP-Branch-Benders-RootCuts,FPP-Branch-Benders-Combinatorial,FPP-Branch-Benders-RootCuts,0,0,-17.50203167,0.6932143492,8.02e-05,0,0
new20x20,shortest_path,MeanCVaR,0.01,400,case01,FPP-Branch-Benders-RootCuts,FPP-Branch-Benders-MeanCVaR-LLBI-RootCuts,FPP-Branch-Benders-MeanCVaR-RootCuts,FPP-Branch-Benders-LLBI-RootCuts,FPP-Branch-Benders-RootCuts,0,0,-6.52248883,0.8761763561,8.73e-06,0,0
new20x20,shortest_path,MeanCVaR,0.01,400,case01,FPP-Branch-Benders-RootCuts,FPP-Branch-Benders-MeanCVaR-ProjectedCoverageLLBI-exp-RootCuts,FPP-Branch-Benders-MeanCVaR-RootCuts,FPP-Branch-Benders-ProjectedCoverageLLBI-exp-RootCuts,FPP-Branch-Benders-RootCuts,0,0,-6.30415032,0.8803213183,-0.00012051,0,0
new20x20,shortest_path,MeanCVaR,0.01,400,case01,FPP-Branch-Benders-RootCuts,FPP-Branch-Benders-MeanCVaR-ProjectedPathLLBI-exp-RootCuts,FPP-Branch-Benders-MeanCVaR-RootCuts,FPP-Branch-Benders-ProjectedPathLLBI-exp-RootCuts,FPP-Branch-Benders-RootCuts,0,0,34.62486008,1.657322145,-0.00010417,0,0
new20x20,shortest_path,MeanCVaR,0.01,400,case01,FPP-Branch-Benders-RootCuts,FPP-Branch-Benders-Combinatorial-MeanCVaR,FPP-Branch-Benders-MeanCVaR-RootCuts,FPP-Branch-Benders-Combinatorial,FPP-Branch-Benders-RootCuts,0,0,102.1625201,2.939464496,-0.00098552,0,0
new20x20,shortest_path,CVaR,0.01,400,case02,FPP-Branch-Benders-RootCuts,FPP-Branch-Benders-CVaR-LLBI-RootCuts,FPP-Branch-Benders-CVaR-RootCuts,FPP-Branch-Benders-LLBI-RootCuts,FPP-Branch-Benders-RootCuts,0,0,-18.11285181,0.5827240953,-0.00025388,0,0
new20x20,shortest_path,CVaR,0.01,400,case02,FPP-Branch-Benders-RootCuts,FPP-Branch-Benders-CVaR-ProjectedCoverageLLBI-exp-RootCuts,FPP-Branch-Benders-CVaR-RootCuts,FPP-Branch-Benders-ProjectedCoverageLLBI-exp-RootCuts,FPP-Branch-Benders-RootCuts,0,0,-2.73154366,0.9370718999,-0.00064875,0,0
new20x20,shortest_path,CVaR,0.01,400,case02,FPP-Branch-Benders-RootCuts,FPP-Branch-Benders-CVaR-ProjectedPathLLBI-exp-RootCuts,FPP-Branch-Benders-CVaR-RootCuts,FPP-Branch-Benders-ProjectedPathLLBI-exp-RootCuts,FPP-Branch-Benders-RootCuts,0,0,-13.42971832,0.6906120626,0.00011996,0,0
new20x20,shortest_path,CVaR,0.01,400,case02,FPP-Branch-Benders-RootCuts,FPP-Branch-Benders-Combinatorial-CVaR,FPP-Branch-Benders-CVaR-RootCuts,FPP-Branch-Benders-Combinatorial,FPP-Branch-Benders-RootCuts,0,0,85.12561885,2.961086525,-0.0006991,0,0
new20x20,shortest_path,Expected,0.01,400,case02,FPP-Branch-Benders-RootCuts,FPP-Branch-Benders-LLBI-RootCuts,FPP-Branch-Benders-RootCuts,FPP-Branch-Benders-LLBI-RootCuts,FPP-Branch-Benders-RootCuts,0,0,9.93798965,1.330703986,0.00066971,0,0
new20x20,shortest_path,Expected,0.01,400,case02,FPP-Branch-Benders-RootCuts,FPP-Branch-Benders-ProjectedCoverageLLBI-exp-RootCuts,FPP-Branch-Benders-RootCuts,FPP-Branch-Benders-ProjectedCoverageLLBI-exp-RootCuts,FPP-Branch-Benders-RootCuts,0,0,5.56803006,1.185285938,-5.334e-05,0,0
new20x20,shortest_path,Expected,0.01,400,case02,FPP-Branch-Benders-RootCuts,FPP-Branch-Benders-ProjectedPathLLBI-exp-RootCuts,FPP-Branch-Benders-RootCuts,FPP-Branch-Benders-ProjectedPathLLBI-exp-RootCuts,FPP-Branch-Benders-RootCuts,0,0,14.13379463,1.470326735,-5.334e-05,0,0
new20x20,shortest_path,Expected,0.01,400,case02,FPP-Branch-Benders-RootCuts,FPP-Branch-Benders-Combinatorial,FPP-Branch-Benders-RootCuts,FPP-Branch-Benders-Combinatorial,FPP-Branch-Benders-RootCuts,0,0,40.93280893,2.362110803,-5.334e-05,0,0
new20x20,shortest_path,MeanCVaR,0.01,400,case02,FPP-Branch-Benders-RootCuts,FPP-Branch-Benders-MeanCVaR-LLBI-RootCuts,FPP-Branch-Benders-MeanCVaR-RootCuts,FPP-Branch-Benders-LLBI-RootCuts,FPP-Branch-Benders-RootCuts,0,0,-91.29514041,0.2461629117,-4.237e-05,0,0
new20x20,shortest_path,MeanCVaR,0.01,400,case02,FPP-Branch-Benders-RootCuts,FPP-Branch-Benders-MeanCVaR-ProjectedCoverageLLBI-exp-RootCuts,FPP-Branch-Benders-MeanCVaR-RootCuts,FPP-Branch-Benders-ProjectedCoverageLLBI-exp-RootCuts,FPP-Branch-Benders-RootCuts,0,0,-70.89969746,0.4145710138,-0.00054174,0,0
new20x20,shortest_path,MeanCVaR,0.01,400,case02,FPP-Branch-Benders-RootCuts,FPP-Branch-Benders-MeanCVaR-ProjectedPathLLBI-exp-RootCuts,FPP-Branch-Benders-MeanCVaR-RootCuts,FPP-Branch-Benders-ProjectedPathLLBI-exp-RootCuts,FPP-Branch-Benders-RootCuts,0,0,-88.68052789,0.2677521429,-0.00025416,0,0
new20x20,shortest_path,MeanCVaR,0.01,400,case02,FPP-Branch-Benders-RootCuts,FPP-Branch-Benders-Combinatorial-MeanCVaR,FPP-Branch-Benders-MeanCVaR-RootCuts,FPP-Branch-Benders-Combinatorial,FPP-Branch-Benders-RootCuts,0,0,-24.19798672,0.8001937478,-0.00097,0,0
new20x20,shortest_path,CVaR,0.01,400,case03,FPP-Branch-Benders-RootCuts,FPP-Branch-Benders-CVaR-LLBI-RootCuts,FPP-Branch-Benders-CVaR-RootCuts,FPP-Branch-Benders-LLBI-RootCuts,FPP-Branch-Benders-RootCuts,0,0,-119.5782582,0.3815436186,-3.603e-05,0,0
new20x20,shortest_path,CVaR,0.01,400,case03,FPP-Branch-Benders-RootCuts,FPP-Branch-Benders-CVaR-ProjectedCoverageLLBI-exp-RootCuts,FPP-Branch-Benders-CVaR-RootCuts,FPP-Branch-Benders-ProjectedCoverageLLBI-exp-RootCuts,FPP-Branch-Benders-RootCuts,0,0,-140.2132691,0.2748197512,-0.00019648,0,0
new20x20,shortest_path,CVaR,0.01,400,case03,FPP-Branch-Benders-RootCuts,FPP-Branch-Benders-CVaR-ProjectedPathLLBI-exp-RootCuts,FPP-Branch-Benders-CVaR-RootCuts,FPP-Branch-Benders-ProjectedPathLLBI-exp-RootCuts,FPP-Branch-Benders-RootCuts,0,0,-155.5445171,0.1955268408,-0.00024229,0,0
new20x20,shortest_path,CVaR,0.01,400,case03,FPP-Branch-Benders-RootCuts,FPP-Branch-Benders-Combinatorial-CVaR,FPP-Branch-Benders-CVaR-RootCuts,FPP-Branch-Benders-Combinatorial,FPP-Branch-Benders-RootCuts,0,0,81.67931567,1.422443802,-0.00099172,0,0
new20x20,shortest_path,Expected,0.01,400,case03,FPP-Branch-Benders-RootCuts,FPP-Branch-Benders-LLBI-RootCuts,FPP-Branch-Benders-RootCuts,FPP-Branch-Benders-LLBI-RootCuts,FPP-Branch-Benders-RootCuts,0,0,-8.77078446,0.7432974336,0.0007759,0,0
new20x20,shortest_path,Expected,0.01,400,case03,FPP-Branch-Benders-RootCuts,FPP-Branch-Benders-ProjectedCoverageLLBI-exp-RootCuts,FPP-Branch-Benders-RootCuts,FPP-Branch-Benders-ProjectedCoverageLLBI-exp-RootCuts,FPP-Branch-Benders-RootCuts,0,0,9.34723304,1.273574014,0.00096352,0,0
new20x20,shortest_path,Expected,0.01,400,case03,FPP-Branch-Benders-RootCuts,FPP-Branch-Benders-ProjectedPathLLBI-exp-RootCuts,FPP-Branch-Benders-RootCuts,FPP-Branch-Benders-ProjectedPathLLBI-exp-RootCuts,FPP-Branch-Benders-RootCuts,0,0,-9.6014793,0.7189847283,0.00051542,0,0
new20x20,shortest_path,Expected,0.01,400,case03,FPP-Branch-Benders-RootCuts,FPP-Branch-Benders-Combinatorial,FPP-Branch-Benders-RootCuts,FPP-Branch-Benders-Combinatorial,FPP-Branch-Benders-RootCuts,0,0,12.06655109,1.353162781,0,0,0
new20x20,shortest_path,MeanCVaR,0.01,400,case03,FPP-Branch-Benders-RootCuts,FPP-Branch-Benders-MeanCVaR-LLBI-RootCuts,FPP-Branch-Benders-MeanCVaR-RootCuts,FPP-Branch-Benders-LLBI-RootCuts,FPP-Branch-Benders-RootCuts,0,0,-26.97160463,0.8390883361,-6.66e-06,0,0
new20x20,shortest_path,MeanCVaR,0.01,400,case03,FPP-Branch-Benders-RootCuts,FPP-Branch-Benders-MeanCVaR-ProjectedCoverageLLBI-exp-RootCuts,FPP-Branch-Benders-MeanCVaR-RootCuts,FPP-Branch-Benders-ProjectedCoverageLLBI-exp-RootCuts,FPP-Branch-Benders-RootCuts,0,0,-53.79798833,0.6790430553,-0.00093523,0,0
new20x20,shortest_path,MeanCVaR,0.01,400,case03,FPP-Branch-Benders-RootCuts,FPP-Branch-Benders-MeanCVaR-ProjectedPathLLBI-exp-RootCuts,FPP-Branch-Benders-MeanCVaR-RootCuts,FPP-Branch-Benders-ProjectedPathLLBI-exp-RootCuts,FPP-Branch-Benders-RootCuts,0,0,-141.5778517,0.155351415,-0.00028364,0,0
new20x20,shortest_path,MeanCVaR,0.01,400,case03,FPP-Branch-Benders-RootCuts,FPP-Branch-Benders-Combinatorial-MeanCVaR,FPP-Branch-Benders-MeanCVaR-RootCuts,FPP-Branch-Benders-Combinatorial,FPP-Branch-Benders-RootCuts,0,0,84.10255972,1.501752973,-0.00079305,0,0
new20x20,shortest_path,CVaR,0.01,400,case04,FPP-Branch-Benders-RootCuts,FPP-Branch-Benders-CVaR-LLBI-RootCuts,FPP-Branch-Benders-CVaR-RootCuts,FPP-Branch-Benders-LLBI-RootCuts,FPP-Branch-Benders-RootCuts,0,0,-2.72227847,0.9515291615,-5.571e-05,0,0
new20x20,shortest_path,CVaR,0.01,400,case04,FPP-Branch-Benders-RootCuts,FPP-Branch-Benders-CVaR-ProjectedCoverageLLBI-exp-RootCuts,FPP-Branch-Benders-CVaR-RootCuts,FPP-Branch-Benders-ProjectedCoverageLLBI-exp-RootCuts,FPP-Branch-Benders-RootCuts,0,0,2.45326639,1.043681012,4.949e-05,0,0
new20x20,shortest_path,CVaR,0.01,400,case04,FPP-Branch-Benders-RootCuts,FPP-Branch-Benders-CVaR-ProjectedPathLLBI-exp-RootCuts,FPP-Branch-Benders-CVaR-RootCuts,FPP-Branch-Benders-ProjectedPathLLBI-exp-RootCuts,FPP-Branch-Benders-RootCuts,0,0,106.9214042,2.903761931,-1.625e-05,0,0
new20x20,shortest_path,CVaR,0.01,400,case04,FPP-Branch-Benders-RootCuts,FPP-Branch-Benders-Combinatorial-CVaR,FPP-Branch-Benders-CVaR-RootCuts,FPP-Branch-Benders-Combinatorial,FPP-Branch-Benders-RootCuts,0,0,700.871424,13.47918829,-0.00094709,0,0
new20x20,shortest_path,Expected,0.01,400,case04,FPP-Branch-Benders-RootCuts,FPP-Branch-Benders-LLBI-RootCuts,FPP-Branch-Benders-RootCuts,FPP-Branch-Benders-LLBI-RootCuts,FPP-Branch-Benders-RootCuts,0,0,27.27449306,1.951112473,0.00092606,0,0
new20x20,shortest_path,Expected,0.01,400,case04,FPP-Branch-Benders-RootCuts,FPP-Branch-Benders-ProjectedCoverageLLBI-exp-RootCuts,FPP-Branch-Benders-RootCuts,FPP-Branch-Benders-ProjectedCoverageLLBI-exp-RootCuts,FPP-Branch-Benders-RootCuts,0,0,91.29998721,4.183800939,0,0,0
new20x20,shortest_path,Expected,0.01,400,case04,FPP-Branch-Benders-RootCuts,FPP-Branch-Benders-ProjectedPathLLBI-exp-RootCuts,FPP-Branch-Benders-RootCuts,FPP-Branch-Benders-ProjectedPathLLBI-exp-RootCuts,FPP-Branch-Benders-RootCuts,0,0,6.91080078,1.24099252,0.00060806,0,0
new20x20,shortest_path,Expected,0.01,400,case04,FPP-Branch-Benders-RootCuts,FPP-Branch-Benders-Combinatorial,FPP-Branch-Benders-RootCuts,FPP-Branch-Benders-Combinatorial,FPP-Branch-Benders-RootCuts,0,0,36.89312468,2.286532108,0.00029397,0,0
new20x20,shortest_path,MeanCVaR,0.01,400,case04,FPP-Branch-Benders-RootCuts,FPP-Branch-Benders-MeanCVaR-LLBI-RootCuts,FPP-Branch-Benders-MeanCVaR-RootCuts,FPP-Branch-Benders-LLBI-RootCuts,FPP-Branch-Benders-RootCuts,0,0,-1.33408167,0.9733556676,1.512e-05,0,0
new20x20,shortest_path,MeanCVaR,0.01,400,case04,FPP-Branch-Benders-RootCuts,FPP-Branch-Benders-MeanCVaR-ProjectedCoverageLLBI-exp-RootCuts,FPP-Branch-Benders-MeanCVaR-RootCuts,FPP-Branch-Benders-ProjectedCoverageLLBI-exp-RootCuts,FPP-Branch-Benders-RootCuts,0,0,9.0915259,1.181576318,-6.326e-05,0,0
new20x20,shortest_path,MeanCVaR,0.01,400,case04,FPP-Branch-Benders-RootCuts,FPP-Branch-Benders-MeanCVaR-ProjectedPathLLBI-exp-RootCuts,FPP-Branch-Benders-MeanCVaR-RootCuts,FPP-Branch-Benders-ProjectedPathLLBI-exp-RootCuts,FPP-Branch-Benders-RootCuts,0,0,-16.99378397,0.6605994682,-6.11e-05,0,0
new20x20,shortest_path,MeanCVaR,0.01,400,case04,FPP-Branch-Benders-RootCuts,FPP-Branch-Benders-Combinatorial-MeanCVaR,FPP-Branch-Benders-MeanCVaR-RootCuts,FPP-Branch-Benders-Combinatorial,FPP-Branch-Benders-RootCuts,0,0,360.5469823,8.200858722,-0.00056944,0,0
new20x20,shortest_path,CVaR,0.02,400,case00,FPP-Branch-Benders-RootCuts,FPP-Branch-Benders-CVaR-LLBI-RootCuts,FPP-Branch-Benders-CVaR-RootCuts,FPP-Branch-Benders-LLBI-RootCuts,FPP-Branch-Benders-RootCuts,-0.575,-0.303630363,0.89407515,1.000496284,0.00080595,3.803,10.1
new20x20,shortest_path,CVaR,0.02,400,case00,FPP-Branch-Benders-RootCuts,FPP-Branch-Benders-CVaR-ProjectedCoverageLLBI-exp-RootCuts,FPP-Branch-Benders-CVaR-RootCuts,FPP-Branch-Benders-ProjectedCoverageLLBI-exp-RootCuts,FPP-Branch-Benders-RootCuts,-2.1,-1.108910891,47.34526998,1.026280461,-0.0335381,3.685,4.22
new20x20,shortest_path,CVaR,0.02,400,case00,FPP-Branch-Benders-RootCuts,FPP-Branch-Benders-CVaR-ProjectedPathLLBI-exp-RootCuts,FPP-Branch-Benders-CVaR-RootCuts,FPP-Branch-Benders-ProjectedPathLLBI-exp-RootCuts,FPP-Branch-Benders-RootCuts,-2.1,-1.108910891,2.20244122,1.001222533,-0.05954872,3.685,4.22
new20x20,shortest_path,CVaR,0.02,400,case00,FPP-Branch-Benders-RootCuts,FPP-Branch-Benders-Combinatorial-CVaR,FPP-Branch-Benders-CVaR-RootCuts,FPP-Branch-Benders-Combinatorial,FPP-Branch-Benders-RootCuts,-1.975,-1.04290429,30.76311288,1.017076021,-0.06163696,2.453,3.41
new20x20,shortest_path,Expected,0.02,400,case00,FPP-Branch-Benders-RootCuts,FPP-Branch-Benders-LLBI-RootCuts,FPP-Branch-Benders-RootCuts,FPP-Branch-Benders-LLBI-RootCuts,FPP-Branch-Benders-RootCuts,0,0,-1.57780803,0.9991252938,-0.01353712,0,0
new20x20,shortest_path,Expected,0.02,400,case00,FPP-Branch-Benders-RootCuts,FPP-Branch-Benders-ProjectedCoverageLLBI-exp-RootCuts,FPP-Branch-Benders-RootCuts,FPP-Branch-Benders-ProjectedCoverageLLBI-exp-RootCuts,FPP-Branch-Benders-RootCuts,0.1125,0.1233958539,40.60310999,1.022509577,-0.01547108,1.046,-4.54
new20x20,shortest_path,Expected,0.02,400,case00,FPP-Branch-Benders-RootCuts,FPP-Branch-Benders-ProjectedPathLLBI-exp-RootCuts,FPP-Branch-Benders-RootCuts,FPP-Branch-Benders-ProjectedPathLLBI-exp-RootCuts,FPP-Branch-Benders-RootCuts,0,0,-1540.383001,0.1460415436,-0.02802436,0,0
new20x20,shortest_path,Expected,0.02,400,case00,FPP-Branch-Benders-RootCuts,FPP-Branch-Benders-Combinatorial,FPP-Branch-Benders-RootCuts,FPP-Branch-Benders-Combinatorial,FPP-Branch-Benders-RootCuts,0,0,-1708.414503,0.05288813794,-0.02902349,0,0
new20x20,shortest_path,MeanCVaR,0.02,400,case00,FPP-Branch-Benders-RootCuts,FPP-Branch-Benders-MeanCVaR-LLBI-RootCuts,FPP-Branch-Benders-MeanCVaR-RootCuts,FPP-Branch-Benders-LLBI-RootCuts,FPP-Branch-Benders-RootCuts,-0.37,-0.2597470976,0.77850432,1.000432153,0.01586081,-0.445,0.77
new20x20,shortest_path,MeanCVaR,0.02,400,case00,FPP-Branch-Benders-RootCuts,FPP-Branch-Benders-MeanCVaR-ProjectedCoverageLLBI-exp-RootCuts,FPP-Branch-Benders-MeanCVaR-RootCuts,FPP-Branch-Benders-ProjectedCoverageLLBI-exp-RootCuts,FPP-Branch-Benders-RootCuts,-1.18625,-0.8327702554,58.26611289,1.032343877,-0.01491217,-1.129,-5.19
new20x20,shortest_path,MeanCVaR,0.02,400,case00,FPP-Branch-Benders-RootCuts,FPP-Branch-Benders-MeanCVaR-ProjectedPathLLBI-exp-RootCuts,FPP-Branch-Benders-MeanCVaR-RootCuts,FPP-Branch-Benders-ProjectedPathLLBI-exp-RootCuts,FPP-Branch-Benders-RootCuts,-1.01625,-0.7134269944,2.37774071,1.001319898,-0.05559186,-1.527,-6.22
new20x20,shortest_path,MeanCVaR,0.02,400,case00,FPP-Branch-Benders-RootCuts,FPP-Branch-Benders-Combinatorial-MeanCVaR,FPP-Branch-Benders-MeanCVaR-RootCuts,FPP-Branch-Benders-Combinatorial,FPP-Branch-Benders-RootCuts,-1.18625,-0.8327702554,33.94184919,1.018841329,-0.05293441,-1.129,-5.19
new20x20,shortest_path,CVaR,0.02,400,case01,FPP-Branch-Benders-RootCuts,FPP-Branch-Benders-CVaR-LLBI-RootCuts,FPP-Branch-Benders-CVaR-RootCuts,FPP-Branch-Benders-LLBI-RootCuts,FPP-Branch-Benders-RootCuts,-1.075,-0.5445105736,1.17512415,1.000651053,-0.01795215,-1.735,-4.59
new20x20,shortest_path,CVaR,0.02,400,case01,FPP-Branch-Benders-RootCuts,FPP-Branch-Benders-CVaR-ProjectedCoverageLLBI-exp-RootCuts,FPP-Branch-Benders-CVaR-RootCuts,FPP-Branch-Benders-ProjectedCoverageLLBI-exp-RootCuts,FPP-Branch-Benders-RootCuts,-9.675,-4.900595163,13.22999999,1.007329804,-0.09671054,-5.47,-15.19
new20x20,shortest_path,CVaR,0.02,400,case01,FPP-Branch-Benders-RootCuts,FPP-Branch-Benders-CVaR-ProjectedPathLLBI-exp-RootCuts,FPP-Branch-Benders-CVaR-RootCuts,FPP-Branch-Benders-ProjectedPathLLBI-exp-RootCuts,FPP-Branch-Benders-RootCuts,-9.175,-4.647334431,4.27193047,1.002366773,-0.10275346,-3.764,-9.46
new20x20,shortest_path,CVaR,0.02,400,case01,FPP-Branch-Benders-RootCuts,FPP-Branch-Benders-Combinatorial-CVaR,FPP-Branch-Benders-CVaR-RootCuts,FPP-Branch-Benders-Combinatorial,FPP-Branch-Benders-RootCuts,-5.075,-2.570596429,68.92093059,1.038184195,-0.06723753,-12.018,-9.6
new20x20,shortest_path,Expected,0.02,400,case01,FPP-Branch-Benders-RootCuts,FPP-Branch-Benders-LLBI-RootCuts,FPP-Branch-Benders-RootCuts,FPP-Branch-Benders-LLBI-RootCuts,FPP-Branch-Benders-RootCuts,0.5575,0.6037633681,-0.04634134,0.9999743281,0.01338287,0.657,2.84
new20x20,shortest_path,Expected,0.02,400,case01,FPP-Branch-Benders-RootCuts,FPP-Branch-Benders-ProjectedCoverageLLBI-exp-RootCuts,FPP-Branch-Benders-RootCuts,FPP-Branch-Benders-ProjectedCoverageLLBI-exp-RootCuts,FPP-Branch-Benders-RootCuts,0,0,33.74296079,1.018692692,-0.02097792,0,0
new20x20,shortest_path,Expected,0.02,400,case01,FPP-Branch-Benders-RootCuts,FPP-Branch-Benders-ProjectedPathLLBI-exp-RootCuts,FPP-Branch-Benders-RootCuts,FPP-Branch-Benders-ProjectedPathLLBI-exp-RootCuts,FPP-Branch-Benders-RootCuts,-0.1875,-0.2030594287,-852.6776046,0.5276395579,-0.03096295,-0.591,-1.03
new20x20,shortest_path,Expected,0.02,400,case01,FPP-Branch-Benders-RootCuts,FPP-Branch-Benders-Combinatorial,FPP-Branch-Benders-RootCuts,FPP-Branch-Benders-Combinatorial,FPP-Branch-Benders-RootCuts,-0.1875,-0.2030594287,-1520.324853,0.157780953,-0.03196286,-0.591,-1.03
new20x20,shortest_path,MeanCVaR,0.02,400,case01,FPP-Branch-Benders-RootCuts,FPP-Branch-Benders-MeanCVaR-LLBI-RootCuts,FPP-Branch-Benders-MeanCVaR-RootCuts,FPP-Branch-Benders-LLBI-RootCuts,FPP-Branch-Benders-RootCuts,-0.405,-0.277575498,2.90451375,1.001609789,0.00212479,2.507,1.08
new20x20,shortest_path,MeanCVaR,0.02,400,case01,FPP-Branch-Benders-RootCuts,FPP-Branch-Benders-MeanCVaR-ProjectedCoverageLLBI-exp-RootCuts,FPP-Branch-Benders-MeanCVaR-RootCuts,FPP-Branch-Benders-ProjectedCoverageLLBI-exp-RootCuts,FPP-Branch-Benders-RootCuts,-2.6675,-1.828228743,49.53220518,1.027452589,-0.05055153,-0.542,3.86
new20x20,shortest_path,MeanCVaR,0.02,400,case01,FPP-Branch-Benders-RootCuts,FPP-Branch-Benders-MeanCVaR-ProjectedPathLLBI-exp-RootCuts,FPP-Branch-Benders-MeanCVaR-RootCuts,FPP-Branch-Benders-ProjectedPathLLBI-exp-RootCuts,FPP-Branch-Benders-RootCuts,-2.6675,-1.828228743,5.99235825,1.003321188,-0.06366664,-0.542,3.86
new20x20,shortest_path,MeanCVaR,0.02,400,case01,FPP-Branch-Benders-RootCuts,FPP-Branch-Benders-Combinatorial-MeanCVaR,FPP-Branch-Benders-MeanCVaR-RootCuts,FPP-Branch-Benders-Combinatorial,FPP-Branch-Benders-RootCuts,-1.68,-1.151424288,106.2509651,1.058888235,-0.06185114,5.236,-2.84
new20x20,shortest_path,CVaR,0.02,400,case02,FPP-Branch-Benders-RootCuts,FPP-Branch-Benders-CVaR-LLBI-RootCuts,FPP-Branch-Benders-CVaR-RootCuts,FPP-Branch-Benders-LLBI-RootCuts,FPP-Branch-Benders-RootCuts,-5.2,-2.749504296,0.53454641,1.000296709,-0.0632156,-4.858,-7.78
new20x20,shortest_path,CVaR,0.02,400,case02,FPP-Branch-Benders-RootCuts,FPP-Branch-Benders-CVaR-ProjectedCoverageLLBI-exp-RootCuts,FPP-Branch-Benders-CVaR-RootCuts,FPP-Branch-Benders-ProjectedCoverageLLBI-exp-RootCuts,FPP-Branch-Benders-RootCuts,-4,-2.115003305,17.20240591,1.009548492,-0.07128049,-4.222,-5.45
new20x20,shortest_path,CVaR,0.02,400,case02,FPP-Branch-Benders-RootCuts,FPP-Branch-Benders-CVaR-ProjectedPathLLBI-exp-RootCuts,FPP-Branch-Benders-CVaR-RootCuts,FPP-Branch-Benders-ProjectedPathLLBI-exp-RootCuts,FPP-Branch-Benders-RootCuts,-5.2,-2.749504296,1.81302223,1.001006349,-0.08589115,-4.863,-7.64
new20x20,shortest_path,CVaR,0.02,400,case02,FPP-Branch-Benders-RootCuts,FPP-Branch-Benders-Combinatorial-CVaR,FPP-Branch-Benders-CVaR-RootCuts,FPP-Branch-Benders-Combinatorial,FPP-Branch-Benders-RootCuts,-5.2,-2.749504296,32.29993631,1.017928636,-0.09609572,-4.863,-7.64
new20x20,shortest_path,Expected,0.02,400,case02,FPP-Branch-Benders-RootCuts,FPP-Branch-Benders-LLBI-RootCuts,FPP-Branch-Benders-RootCuts,FPP-Branch-Benders-LLBI-RootCuts,FPP-Branch-Benders-RootCuts,-1.035,-1.077143229,-2.61726353,0.9985498346,-0.03486511,-2.745,-5.45
new20x20,shortest_path,Expected,0.02,400,case02,FPP-Branch-Benders-RootCuts,FPP-Branch-Benders-ProjectedCoverageLLBI-exp-RootCuts,FPP-Branch-Benders-RootCuts,FPP-Branch-Benders-ProjectedCoverageLLBI-exp-RootCuts,FPP-Branch-Benders-RootCuts,-1.035,-1.077143229,-1200.972092,0.3345690446,-0.04702215,-2.745,-5.45
new20x20,shortest_path,Expected,0.02,400,case02,FPP-Branch-Benders-RootCuts,FPP-Branch-Benders-ProjectedPathLLBI-exp-RootCuts,FPP-Branch-Benders-RootCuts,FPP-Branch-Benders-ProjectedPathLLBI-exp-RootCuts,FPP-Branch-Benders-RootCuts,-1.035,-1.077143229,-1536.885424,0.1484472096,-0.04701331,-2.745,-5.45
new20x20,shortest_path,Expected,0.02,400,case02,FPP-Branch-Benders-RootCuts,FPP-Branch-Benders-Combinatorial,FPP-Branch-Benders-RootCuts,FPP-Branch-Benders-Combinatorial,FPP-Branch-Benders-RootCuts,-1.035,-1.077143229,-1713.799122,0.05042340766,-0.04800394,-2.745,-5.45
new20x20,shortest_path,MeanCVaR,0.02,400,case02,FPP-Branch-Benders-RootCuts,FPP-Branch-Benders-MeanCVaR-LLBI-RootCuts,FPP-Branch-Benders-MeanCVaR-RootCuts,FPP-Branch-Benders-LLBI-RootCuts,FPP-Branch-Benders-RootCuts,-0.4625,-0.321694373,0.77687681,1.000431219,0.01774546,5.073,6.91
new20x20,shortest_path,MeanCVaR,0.02,400,case02,FPP-Branch-Benders-RootCuts,FPP-Branch-Benders-MeanCVaR-ProjectedCoverageLLBI-exp-RootCuts,FPP-Branch-Benders-MeanCVaR-RootCuts,FPP-Branch-Benders-ProjectedCoverageLLBI-exp-RootCuts,FPP-Branch-Benders-RootCuts,-0.01125,-0.007824998261,48.87881527,1.027131039,0.00232173,4.424,7.21
new20x20,shortest_path,MeanCVaR,0.02,400,case02,FPP-Branch-Benders-RootCuts,FPP-Branch-Benders-MeanCVaR-ProjectedPathLLBI-exp-RootCuts,FPP-Branch-Benders-MeanCVaR-RootCuts,FPP-Branch-Benders-ProjectedPathLLBI-exp-RootCuts,FPP-Branch-Benders-RootCuts,-1.2025,-0.8364053697,11.87926986,1.006593796,-0.03080253,5.022,4.94
new20x20,shortest_path,MeanCVaR,0.02,400,case02,FPP-Branch-Benders-RootCuts,FPP-Branch-Benders-Combinatorial-MeanCVaR,FPP-Branch-Benders-MeanCVaR-RootCuts,FPP-Branch-Benders-Combinatorial,FPP-Branch-Benders-RootCuts,-1.5075,-1.048549767,32.57824092,1.018083121,-0.04700529,3.783,4.57
new20x20,shortest_path,CVaR,0.02,400,case03,FPP-Branch-Benders-RootCuts,FPP-Branch-Benders-CVaR-LLBI-RootCuts,FPP-Branch-Benders-CVaR-RootCuts,FPP-Branch-Benders-LLBI-RootCuts,FPP-Branch-Benders-RootCuts,2,1.037344398,4.7707699,1.002648427,0.01700728,0.237,-9.02
new20x20,shortest_path,CVaR,0.02,400,case03,FPP-Branch-Benders-RootCuts,FPP-Branch-Benders-CVaR-ProjectedCoverageLLBI-exp-RootCuts,FPP-Branch-Benders-CVaR-RootCuts,FPP-Branch-Benders-ProjectedCoverageLLBI-exp-RootCuts,FPP-Branch-Benders-RootCuts,-1.425,-0.7391078838,17.45138368,1.009687895,-0.02388079,-5.572,-12.51
new20x20,shortest_path,CVaR,0.02,400,case03,FPP-Branch-Benders-RootCuts,FPP-Branch-Benders-CVaR-ProjectedPathLLBI-exp-RootCuts,FPP-Branch-Benders-CVaR-RootCuts,FPP-Branch-Benders-ProjectedPathLLBI-exp-RootCuts,FPP-Branch-Benders-RootCuts,-1.425,-0.7391078838,5.84541621,1.003245002,-0.03761441,-5.572,-12.51
new20x20,shortest_path,CVaR,0.02,400,case03,FPP-Branch-Benders-RootCuts,FPP-Branch-Benders-Combinatorial-CVaR,FPP-Branch-Benders-CVaR-RootCuts,FPP-Branch-Benders-Combinatorial,FPP-Branch-Benders-RootCuts,0.1,0.05186721992,33.49840648,1.018596179,-0.02107504,-4.481,-12.21
new20x20,shortest_path,Expected,0.02,400,case03,FPP-Branch-Benders-RootCuts,FPP-Branch-Benders-LLBI-RootCuts,FPP-Branch-Benders-RootCuts,FPP-Branch-Benders-LLBI-RootCuts,FPP-Branch-Benders-RootCuts,0,0,0.70461977,1.000391155,0.02682139,0,0
new20x20,shortest_path,Expected,0.02,400,case03,FPP-Branch-Benders-RootCuts,FPP-Branch-Benders-ProjectedCoverageLLBI-exp-RootCuts,FPP-Branch-Benders-RootCuts,FPP-Branch-Benders-ProjectedCoverageLLBI-exp-RootCuts,FPP-Branch-Benders-RootCuts,0,0,49.09671643,1.027254987,0.00289307,0,0
new20x20,shortest_path,Expected,0.02,400,case03,FPP-Branch-Benders-RootCuts,FPP-Branch-Benders-ProjectedPathLLBI-exp-RootCuts,FPP-Branch-Benders-RootCuts,FPP-Branch-Benders-ProjectedPathLLBI-exp-RootCuts,FPP-Branch-Benders-RootCuts,0,0,-613.9587121,0.6591740114,-0.00809097,0,0
new20x20,shortest_path,Expected,0.02,400,case03,FPP-Branch-Benders-RootCuts,FPP-Branch-Benders-Combinatorial,FPP-Branch-Benders-RootCuts,FPP-Branch-Benders-Combinatorial,FPP-Branch-Benders-RootCuts,0,0,-1707.992298,0.05184477066,-0.00908601,0,0
new20x20,shortest_path,MeanCVaR,0.02,400,case03,FPP-Branch-Benders-RootCuts,FPP-Branch-Benders-MeanCVaR-LLBI-RootCuts,FPP-Branch-Benders-MeanCVaR-RootCuts,FPP-Branch-Benders-LLBI-RootCuts,FPP-Branch-Benders-RootCuts,2.155,1.48302351,2.12967386,1.001180253,0.01560146,0.844,-8.32
new20x20,shortest_path,MeanCVaR,0.02,400,case03,FPP-Branch-Benders-RootCuts,FPP-Branch-Benders-MeanCVaR-ProjectedCoverageLLBI-exp-RootCuts,FPP-Branch-Benders-MeanCVaR-RootCuts,FPP-Branch-Benders-ProjectedCoverageLLBI-exp-RootCuts,FPP-Branch-Benders-RootCuts,0,0,45.26814477,1.025087352,-0.0320741,0,0
new20x20,shortest_path,MeanCVaR,0.02,400,case03,FPP-Branch-Benders-RootCuts,FPP-Branch-Benders-MeanCVaR-ProjectedPathLLBI-exp-RootCuts,FPP-Branch-Benders-MeanCVaR-RootCuts,FPP-Branch-Benders-ProjectedPathLLBI-exp-RootCuts,FPP-Branch-Benders-RootCuts,-0.56375,-0.3879603265,7.12959714,1.003951183,-0.04138571,1.941,-9.16
new20x20,shortest_path,MeanCVaR,0.02,400,case03,FPP-Branch-Benders-RootCuts,FPP-Branch-Benders-Combinatorial-MeanCVaR,FPP-Branch-Benders-MeanCVaR-RootCuts,FPP-Branch-Benders-Combinatorial,FPP-Branch-Benders-RootCuts,1.98875,1.368613924,118.3731382,1.065601729,-0.03366254,0.108,-3.97
new20x20,shortest_path,CVaR,0.02,400,case04,FPP-Branch-Benders-RootCuts,FPP-Branch-Benders-CVaR-LLBI-RootCuts,FPP-Branch-Benders-CVaR-RootCuts,FPP-Branch-Benders-LLBI-RootCuts,FPP-Branch-Benders-RootCuts,1.125,0.5849473547,4.42224901,1.002454562,0.01047792,-7.672,4.01
new20x20,shortest_path,CVaR,0.02,400,case04,FPP-Branch-Benders-RootCuts,FPP-Branch-Benders-CVaR-ProjectedCoverageLLBI-exp-RootCuts,FPP-Branch-Benders-CVaR-RootCuts,FPP-Branch-Benders-ProjectedCoverageLLBI-exp-RootCuts,FPP-Branch-Benders-RootCuts,-5.6,-2.911737944,16.51816339,1.009168378,-0.04699021,-9.359,-3.76
new20x20,shortest_path,CVaR,0.02,400,case04,FPP-Branch-Benders-RootCuts,FPP-Branch-Benders-CVaR-ProjectedPathLLBI-exp-RootCuts,FPP-Branch-Benders-CVaR-RootCuts,FPP-Branch-Benders-ProjectedPathLLBI-exp-RootCuts,FPP-Branch-Benders-RootCuts,-5.6,-2.911737944,1.8461867,1.001024723,-0.06119794,-9.359,-3.76
new20x20,shortest_path,CVaR,0.02,400,case04,FPP-Branch-Benders-RootCuts,FPP-Branch-Benders-Combinatorial-CVaR,FPP-Branch-Benders-CVaR-RootCuts,FPP-Branch-Benders-Combinatorial,FPP-Branch-Benders-RootCuts,-5.55,-2.885740283,85.05395807,1.047209052,-0.07171818,-10.006,-4.12
new20x20,shortest_path,Expected,0.02,400,case04,FPP-Branch-Benders-RootCuts,FPP-Branch-Benders-LLBI-RootCuts,FPP-Branch-Benders-RootCuts,FPP-Branch-Benders-LLBI-RootCuts,FPP-Branch-Benders-RootCuts,0,0,-240.1934738,0.8570281367,1.24e-06,0,0
new20x20,shortest_path,Expected,0.02,400,case04,FPP-Branch-Benders-RootCuts,FPP-Branch-Benders-ProjectedCoverageLLBI-exp-RootCuts,FPP-Branch-Benders-RootCuts,FPP-Branch-Benders-ProjectedCoverageLLBI-exp-RootCuts,FPP-Branch-Benders-RootCuts,0,0,-1313.014255,0.2184463149,-6.1e-07,0,0
new20x20,shortest_path,Expected,0.02,400,case04,FPP-Branch-Benders-RootCuts,FPP-Branch-Benders-ProjectedPathLLBI-exp-RootCuts,FPP-Branch-Benders-RootCuts,FPP-Branch-Benders-ProjectedPathLLBI-exp-RootCuts,FPP-Branch-Benders-RootCuts,0,0,-1419.74432,0.1549167114,-4.68e-06,0,0
new20x20,shortest_path,Expected,0.02,400,case04,FPP-Branch-Benders-RootCuts,FPP-Branch-Benders-Combinatorial,FPP-Branch-Benders-RootCuts,FPP-Branch-Benders-Combinatorial,FPP-Branch-Benders-RootCuts,0,0,-1565.654297,0.0680658032,-0.00099658,0,0
new20x20,shortest_path,MeanCVaR,0.02,400,case04,FPP-Branch-Benders-RootCuts,FPP-Branch-Benders-MeanCVaR-LLBI-RootCuts,FPP-Branch-Benders-MeanCVaR-RootCuts,FPP-Branch-Benders-LLBI-RootCuts,FPP-Branch-Benders-RootCuts,-0.4325,-0.3001830596,0.82034761,1.00045537,0.01417976,-4.164,-6.09
new20x20,shortest_path,MeanCVaR,0.02,400,case04,FPP-Branch-Benders-RootCuts,FPP-Branch-Benders-MeanCVaR-ProjectedCoverageLLBI-exp-RootCuts,FPP-Branch-Benders-MeanCVaR-RootCuts,FPP-Branch-Benders-ProjectedCoverageLLBI-exp-RootCuts,FPP-Branch-Benders-RootCuts,-0.86375,-0.5994985381,18.88821052,1.010484724,-0.03128746,-2.804,-3.83
new20x20,shortest_path,MeanCVaR,0.02,400,case04,FPP-Branch-Benders-RootCuts,FPP-Branch-Benders-MeanCVaR-ProjectedPathLLBI-exp-RootCuts,FPP-Branch-Benders-MeanCVaR-RootCuts,FPP-Branch-Benders-ProjectedPathLLBI-exp-RootCuts,FPP-Branch-Benders-RootCuts,-0.55375,-0.384338426,9.3079121,1.005166762,-0.02157802,-3.684,-5.78
new20x20,shortest_path,MeanCVaR,0.02,400,case04,FPP-Branch-Benders-RootCuts,FPP-Branch-Benders-Combinatorial-MeanCVaR,FPP-Branch-Benders-MeanCVaR-RootCuts,FPP-Branch-Benders-Combinatorial,FPP-Branch-Benders-RootCuts,2.7775,1.927765198,106.8170012,1.059293432,-0.00622728,-1.956,-0.51
new20x20,shortest_path,CVaR,0.03,400,case00,FPP-Branch-Benders-RootCuts,FPP-Branch-Benders-CVaR-LLBI-RootCuts,FPP-Branch-Benders-CVaR-RootCuts,FPP-Branch-Benders-LLBI-RootCuts,FPP-Branch-Benders-RootCuts,-4,-2.64637777,3.44603846,1.001913064,-0.00696208,-1.419,2.26
new20x20,shortest_path,CVaR,0.03,400,case00,FPP-Branch-Benders-RootCuts,FPP-Branch-Benders-CVaR-ProjectedCoverageLLBI-exp-RootCuts,FPP-Branch-Benders-CVaR-RootCuts,FPP-Branch-Benders-ProjectedCoverageLLBI-exp-RootCuts,FPP-Branch-Benders-RootCuts,-10.7,-7.079060536,17.7498845,1.009853827,-0.12590926,-1.964,-11.14
new20x20,shortest_path,CVaR,0.03,400,case00,FPP-Branch-Benders-RootCuts,FPP-Branch-Benders-CVaR-ProjectedPathLLBI-exp-RootCuts,FPP-Branch-Benders-CVaR-RootCuts,FPP-Branch-Benders-ProjectedPathLLBI-exp-RootCuts,FPP-Branch-Benders-RootCuts,-10.7,-7.079060536,2.04144535,1.001133306,-0.1385157,-1.964,-11.14
new20x20,shortest_path,CVaR,0.03,400,case00,FPP-Branch-Benders-RootCuts,FPP-Branch-Benders-Combinatorial-CVaR,FPP-Branch-Benders-CVaR-RootCuts,FPP-Branch-Benders-Combinatorial,FPP-Branch-Benders-RootCuts,-10.35,-6.847502481,41.90560037,1.023263844,-0.16545731,-2.068,-10.54
new20x20,shortest_path,Expected,0.03,400,case00,FPP-Branch-Benders-RootCuts,FPP-Branch-Benders-LLBI-RootCuts,FPP-Branch-Benders-RootCuts,FPP-Branch-Benders-LLBI-RootCuts,FPP-Branch-Benders-RootCuts,-0.9775,-1.325064389,1.21310141,1.000673393,-0.02781218,-2.931,-8.5
new20x20,shortest_path,Expected,0.03,400,case00,FPP-Branch-Benders-RootCuts,FPP-Branch-Benders-ProjectedCoverageLLBI-exp-RootCuts,FPP-Branch-Benders-RootCuts,FPP-Branch-Benders-ProjectedCoverageLLBI-exp-RootCuts,FPP-Branch-Benders-RootCuts,-2.275,-3.083909448,41.4143282,1.022989123,-0.0703957,-3.326,-15.2
new20x20,shortest_path,Expected,0.03,400,case00,FPP-Branch-Benders-RootCuts,FPP-Branch-Benders-ProjectedPathLLBI-exp-RootCuts,FPP-Branch-Benders-RootCuts,FPP-Branch-Benders-ProjectedPathLLBI-exp-RootCuts,FPP-Branch-Benders-RootCuts,-2.41,-3.266910668,1.96091678,1.001088506,-0.10531884,-3.442,-15.5
new20x20,shortest_path,Expected,0.03,400,case00,FPP-Branch-Benders-RootCuts,FPP-Branch-Benders-Combinatorial,FPP-Branch-Benders-RootCuts,FPP-Branch-Benders-Combinatorial,FPP-Branch-Benders-RootCuts,-2.41,-3.266910668,-1573.127333,0.1267558966,-0.15641682,-3.442,-15.5
new20x20,shortest_path,MeanCVaR,0.03,400,case00,FPP-Branch-Benders-RootCuts,FPP-Branch-Benders-MeanCVaR-LLBI-RootCuts,FPP-Branch-Benders-MeanCVaR-RootCuts,FPP-Branch-Benders-LLBI-RootCuts,FPP-Branch-Benders-RootCuts,-2.61125,-2.308746491,0.62923302,1.000349231,-0.01799865,-5.268,4.45
new20x20,shortest_path,MeanCVaR,0.03,400,case00,FPP-Branch-Benders-RootCuts,FPP-Branch-Benders-MeanCVaR-ProjectedCoverageLLBI-exp-RootCuts,FPP-Branch-Benders-MeanCVaR-RootCuts,FPP-Branch-Benders-ProjectedCoverageLLBI-exp-RootCuts,FPP-Branch-Benders-RootCuts,-2.24,-1.98050441,18.51338377,1.010275113,-0.08913929,-5.416,0.73
new20x20,shortest_path,MeanCVaR,0.03,400,case00,FPP-Branch-Benders-RootCuts,FPP-Branch-Benders-MeanCVaR-ProjectedPathLLBI-exp-RootCuts,FPP-Branch-Benders-MeanCVaR-RootCuts,FPP-Branch-Benders-ProjectedPathLLBI-exp-RootCuts,FPP-Branch-Benders-RootCuts,-4.045,-3.576401936,1.99430094,1.001106857,-0.11501001,-0.455,-4.69
new20x20,shortest_path,MeanCVaR,0.03,400,case00,FPP-Branch-Benders-RootCuts,FPP-Branch-Benders-Combinatorial-MeanCVaR,FPP-Branch-Benders-MeanCVaR-RootCuts,FPP-Branch-Benders-Combinatorial,FPP-Branch-Benders-RootCuts,-3.68,-3.253685816,96.89711724,1.053778867,-0.13549121,-5.464,0.36
new20x20,shortest_path,CVaR,0.03,400,case01,FPP-Branch-Benders-RootCuts,FPP-Branch-Benders-CVaR-LLBI-RootCuts,FPP-Branch-Benders-CVaR-RootCuts,FPP-Branch-Benders-LLBI-RootCuts,FPP-Branch-Benders-RootCuts,5.175,3.556090019,-2.55985456,0.9985815281,0.05352657,8.384,11.11
new20x20,shortest_path,CVaR,0.03,400,case01,FPP-Branch-Benders-RootCuts,FPP-Branch-Benders-CVaR-ProjectedCoverageLLBI-exp-RootCuts,FPP-Branch-Benders-CVaR-RootCuts,FPP-Branch-Benders-ProjectedCoverageLLBI-exp-RootCuts,FPP-Branch-Benders-RootCuts,-0.8,-0.5497337227,14.72889329,1.008161605,-0.04673766,3.186,-2.51
new20x20,shortest_path,CVaR,0.03,400,case01,FPP-Branch-Benders-RootCuts,FPP-Branch-Benders-CVaR-ProjectedPathLLBI-exp-RootCuts,FPP-Branch-Benders-CVaR-RootCuts,FPP-Branch-Benders-ProjectedPathLLBI-exp-RootCuts,FPP-Branch-Benders-RootCuts,-2.775,-1.906888851,-1.19020799,0.9993404795,-0.08169897,1.767,-8.98
new20x20,shortest_path,CVaR,0.03,400,case01,FPP-Branch-Benders-RootCuts,FPP-Branch-Benders-Combinatorial-CVaR,FPP-Branch-Benders-CVaR-RootCuts,FPP-Branch-Benders-Combinatorial,FPP-Branch-Benders-RootCuts,9.075,6.236041917,374.0692091,1.207279997,0.01099522,-4.365,1.92
new20x20,shortest_path,Expected,0.03,400,case01,FPP-Branch-Benders-RootCuts,FPP-Branch-Benders-LLBI-RootCuts,FPP-Branch-Benders-RootCuts,FPP-Branch-Benders-LLBI-RootCuts,FPP-Branch-Benders-RootCuts,1.0675,1.450456877,0.80246008,1.000445459,0.02177233,0.706,3.22
new20x20,shortest_path,Expected,0.03,400,case01,FPP-Branch-Benders-RootCuts,FPP-Branch-Benders-ProjectedCoverageLLBI-exp-RootCuts,FPP-Branch-Benders-RootCuts,FPP-Branch-Benders-ProjectedCoverageLLBI-exp-RootCuts,FPP-Branch-Benders-RootCuts,0.415,0.5638778491,51.22655337,1.028436686,-0.03051372,1.223,8.22
new20x20,shortest_path,Expected,0.03,400,case01,FPP-Branch-Benders-RootCuts,FPP-Branch-Benders-ProjectedPathLLBI-exp-RootCuts,FPP-Branch-Benders-RootCuts,FPP-Branch-Benders-ProjectedPathLLBI-exp-RootCuts,FPP-Branch-Benders-RootCuts,-0.0975,-0.132477326,1.64930114,1.000915554,-0.05176812,1.28,8.72
new20x20,shortest_path,Expected,0.03,400,case01,FPP-Branch-Benders-RootCuts,FPP-Branch-Benders-Combinatorial,FPP-Branch-Benders-RootCuts,FPP-Branch-Benders-Combinatorial,FPP-Branch-Benders-RootCuts,-1.1725,-1.593124766,-1160.162511,0.3559750717,-0.12492867,-0.406,1
new20x20,shortest_path,MeanCVaR,0.03,400,case01,FPP-Branch-Benders-RootCuts,FPP-Branch-Benders-MeanCVaR-LLBI-RootCuts,FPP-Branch-Benders-MeanCVaR-RootCuts,FPP-Branch-Benders-LLBI-RootCuts,FPP-Branch-Benders-RootCuts,0.79125,0.6982208054,5.40525022,1.00300014,0.02600906,2.336,-6.44
new20x20,shortest_path,MeanCVaR,0.03,400,case01,FPP-Branch-Benders-RootCuts,FPP-Branch-Benders-MeanCVaR-ProjectedCoverageLLBI-exp-RootCuts,FPP-Branch-Benders-MeanCVaR-RootCuts,FPP-Branch-Benders-ProjectedCoverageLLBI-exp-RootCuts,FPP-Branch-Benders-RootCuts,-2.50375,-2.209377999,52.628559,1.02921105,-0.07405202,-0.942,-12.14
new20x20,shortest_path,MeanCVaR,0.03,400,case01,FPP-Branch-Benders-RootCuts,FPP-Branch-Benders-MeanCVaR-ProjectedPathLLBI-exp-RootCuts,FPP-Branch-Benders-MeanCVaR-RootCuts,FPP-Branch-Benders-ProjectedPathLLBI-exp-RootCuts,FPP-Branch-Benders-RootCuts,-3.4875,-3.077466109,2.43142567,1.001349543,-0.10437674,-4.456,-10.27
new20x20,shortest_path,MeanCVaR,0.03,400,case01,FPP-Branch-Benders-RootCuts,FPP-Branch-Benders-Combinatorial-MeanCVaR,FPP-Branch-Benders-MeanCVaR-RootCuts,FPP-Branch-Benders-Combinatorial,FPP-Branch-Benders-RootCuts,-1.7725,-1.564102847,92.03617909,1.051083926,-0.11110742,-4.574,-7.23
new20x20,shortest_path,CVaR,0.03,400,case02,FPP-Branch-Benders-RootCuts,FPP-Branch-Benders-CVaR-LLBI-RootCuts,FPP-Branch-Benders-CVaR-RootCuts,FPP-Branch-Benders-LLBI-RootCuts,FPP-Branch-Benders-RootCuts,3.325,2.215928024,5.21113756,1.00289257,0.02883985,2.473,3.58
new20x20,shortest_path,CVaR,0.03,400,case02,FPP-Branch-Benders-RootCuts,FPP-Branch-Benders-CVaR-ProjectedCoverageLLBI-exp-RootCuts,FPP-Branch-Benders-CVaR-RootCuts,FPP-Branch-Benders-ProjectedCoverageLLBI-exp-RootCuts,FPP-Branch-Benders-RootCuts,-12,-7.997334222,17.30398589,1.009605004,-0.16166359,-1.688,-12.98
new20x20,shortest_path,CVaR,0.03,400,case02,FPP-Branch-Benders-RootCuts,FPP-Branch-Benders-CVaR-ProjectedPathLLBI-exp-RootCuts,FPP-Branch-Benders-CVaR-RootCuts,FPP-Branch-Benders-ProjectedPathLLBI-exp-RootCuts,FPP-Branch-Benders-RootCuts,-11.575,-7.714095302,8.45206666,1.004691528,-0.17635211,-1.056,-11.92
new20x20,shortest_path,CVaR,0.03,400,case02,FPP-Branch-Benders-RootCuts,FPP-Branch-Benders-Combinatorial-CVaR,FPP-Branch-Benders-CVaR-RootCuts,FPP-Branch-Benders-Combinatorial,FPP-Branch-Benders-RootCuts,-11.375,-7.580806398,47.70792866,1.026481463,-0.17343292,-2.188,-10.4
new20x20,shortest_path,Expected,0.03,400,case02,FPP-Branch-Benders-RootCuts,FPP-Branch-Benders-LLBI-RootCuts,FPP-Branch-Benders-RootCuts,FPP-Branch-Benders-LLBI-RootCuts,FPP-Branch-Benders-RootCuts,0.56,0.724239387,4.84781716,1.002690904,0.01241332,-1.229,-7.77
new20x20,shortest_path,Expected,0.03,400,case02,FPP-Branch-Benders-RootCuts,FPP-Branch-Benders-ProjectedCoverageLLBI-exp-RootCuts,FPP-Branch-Benders-RootCuts,FPP-Branch-Benders-ProjectedCoverageLLBI-exp-RootCuts,FPP-Branch-Benders-RootCuts,-1.2825,-1.658637525,16.20401671,1.00899445,-0.06412456,-0.491,2.04
new20x20,shortest_path,Expected,0.03,400,case02,FPP-Branch-Benders-RootCuts,FPP-Branch-Benders-ProjectedPathLLBI-exp-RootCuts,FPP-Branch-Benders-RootCuts,FPP-Branch-Benders-ProjectedPathLLBI-exp-RootCuts,FPP-Branch-Benders-RootCuts,-1.03,-1.332083158,2.20850358,1.001225886,-0.06954841,-0.152,-0.74
new20x20,shortest_path,Expected,0.03,400,case02,FPP-Branch-Benders-RootCuts,FPP-Branch-Benders-Combinatorial,FPP-Branch-Benders-RootCuts,FPP-Branch-Benders-Combinatorial,FPP-Branch-Benders-RootCuts,-1.4325,-1.852630218,-1546.634754,0.1415011564,-0.14397249,-0.315,1.01
new20x20,shortest_path,MeanCVaR,0.03,400,case02,FPP-Branch-Benders-RootCuts,FPP-Branch-Benders-MeanCVaR-LLBI-RootCuts,FPP-Branch-Benders-MeanCVaR-RootCuts,FPP-Branch-Benders-LLBI-RootCuts,FPP-Branch-Benders-RootCuts,0.21125,0.1866866977,-1.15868798,0.9993583687,0.01440252,2.602,-9.54
new20x20,shortest_path,MeanCVaR,0.03,400,case02,FPP-Branch-Benders-RootCuts,FPP-Branch-Benders-MeanCVaR-ProjectedCoverageLLBI-exp-RootCuts,FPP-Branch-Benders-MeanCVaR-RootCuts,FPP-Branch-Benders-ProjectedCoverageLLBI-exp-RootCuts,FPP-Branch-Benders-RootCuts,-0.7975,-0.7047699004,30.16720199,1.016705291,-0.05949837,2.014,-2.59
new20x20,shortest_path,MeanCVaR,0.03,400,case02,FPP-Branch-Benders-RootCuts,FPP-Branch-Benders-MeanCVaR-ProjectedPathLLBI-exp-RootCuts,FPP-Branch-Benders-MeanCVaR-RootCuts,FPP-Branch-Benders-ProjectedPathLLBI-exp-RootCuts,FPP-Branch-Benders-RootCuts,-1.66875,-1.474714447,4.78512971,1.002649798,-0.08109913,-0.939,-1.7
new20x20,shortest_path,MeanCVaR,0.03,400,case02,FPP-Branch-Benders-RootCuts,FPP-Branch-Benders-Combinatorial-MeanCVaR,FPP-Branch-Benders-MeanCVaR-RootCuts,FPP-Branch-Benders-Combinatorial,FPP-Branch-Benders-RootCuts,0.515,0.4551178667,134.4374492,1.074445644,-0.06232579,-0.673,2.03
new20x20,shortest_path,CVaR,0.03,400,case03,FPP-Branch-Benders-RootCuts,FPP-Branch-Benders-CVaR-LLBI-RootCuts,FPP-Branch-Benders-CVaR-RootCuts,FPP-Branch-Benders-LLBI-RootCuts,FPP-Branch-Benders-RootCuts,-3.5,-2.284968174,3.56200213,1.001977253,-0.04948128,-2.791,-2.78
new20x20,shortest_path,CVaR,0.03,400,case03,FPP-Branch-Benders-RootCuts,FPP-Branch-Benders-CVaR-ProjectedCoverageLLBI-exp-RootCuts,FPP-Branch-Benders-CVaR-RootCuts,FPP-Branch-Benders-ProjectedCoverageLLBI-exp-RootCuts,FPP-Branch-Benders-RootCuts,-8.15,-5.320711604,62.7850307,1.034851712,-0.11099593,-2.817,-5.92
new20x20,shortest_path,CVaR,0.03,400,case03,FPP-Branch-Benders-RootCuts,FPP-Branch-Benders-CVaR-ProjectedPathLLBI-exp-RootCuts,FPP-Branch-Benders-CVaR-RootCuts,FPP-Branch-Benders-ProjectedPathLLBI-exp-RootCuts,FPP-Branch-Benders-RootCuts,-13.15,-8.584951852,9.67228217,1.005369044,-0.18637404,-2.35,-8.3
new20x20,shortest_path,CVaR,0.03,400,case03,FPP-Branch-Benders-RootCuts,FPP-Branch-Benders-Combinatorial-CVaR,FPP-Branch-Benders-CVaR-RootCuts,FPP-Branch-Benders-Combinatorial,FPP-Branch-Benders-RootCuts,-9.525,-6.218377673,111.3625131,1.061816872,-0.156003,-3.948,-9.23
new20x20,shortest_path,Expected,0.03,400,case03,FPP-Branch-Benders-RootCuts,FPP-Branch-Benders-LLBI-RootCuts,FPP-Branch-Benders-RootCuts,FPP-Branch-Benders-LLBI-RootCuts,FPP-Branch-Benders-RootCuts,-0.75,-0.987654321,0.62525479,1.000347068,0.01354201,-0.436,1.21
new20x20,shortest_path,Expected,0.03,400,case03,FPP-Branch-Benders-RootCuts,FPP-Branch-Benders-ProjectedCoverageLLBI-exp-RootCuts,FPP-Branch-Benders-RootCuts,FPP-Branch-Benders-ProjectedCoverageLLBI-exp-RootCuts,FPP-Branch-Benders-RootCuts,-0.5175,-0.6814814815,51.1868155,1.028412938,-0.02651494,1.371,19.33
new20x20,shortest_path,Expected,0.03,400,case03,FPP-Branch-Benders-RootCuts,FPP-Branch-Benders-ProjectedPathLLBI-exp-RootCuts,FPP-Branch-Benders-RootCuts,FPP-Branch-Benders-ProjectedPathLLBI-exp-RootCuts,FPP-Branch-Benders-RootCuts,-1.455,-1.916049383,1.96745324,1.0010921,-0.05762075,-0.997,2.98
new20x20,shortest_path,Expected,0.03,400,case03,FPP-Branch-Benders-RootCuts,FPP-Branch-Benders-Combinatorial,FPP-Branch-Benders-RootCuts,FPP-Branch-Benders-Combinatorial,FPP-Branch-Benders-RootCuts,-2.3675,-3.117695473,-626.3569917,0.6523197977,-0.1508127,-0.715,4.57
new20x20,shortest_path,MeanCVaR,0.03,400,case03,FPP-Branch-Benders-RootCuts,FPP-Branch-Benders-MeanCVaR-LLBI-RootCuts,FPP-Branch-Benders-MeanCVaR-RootCuts,FPP-Branch-Benders-LLBI-RootCuts,FPP-Branch-Benders-RootCuts,1.2975,1.149769049,-1.912013,0.9989406639,0.01071673,1.336,0.49
new20x20,shortest_path,MeanCVaR,0.03,400,case03,FPP-Branch-Benders-RootCuts,FPP-Branch-Benders-MeanCVaR-ProjectedCoverageLLBI-exp-RootCuts,FPP-Branch-Benders-MeanCVaR-RootCuts,FPP-Branch-Benders-ProjectedCoverageLLBI-exp-RootCuts,FPP-Branch-Benders-RootCuts,-4.35,-3.854717044,21.95034693,1.012161421,-0.12653066,-0.697,-7.3
new20x20,shortest_path,MeanCVaR,0.03,400,case03,FPP-Branch-Benders-RootCuts,FPP-Branch-Benders-MeanCVaR-ProjectedPathLLBI-exp-RootCuts,FPP-Branch-Benders-MeanCVaR-RootCuts,FPP-Branch-Benders-ProjectedPathLLBI-exp-RootCuts,FPP-Branch-Benders-RootCuts,-4.26875,-3.782718019,-1.14500226,0.9993656203,-0.1260489,-0.774,-7.01
new20x20,shortest_path,MeanCVaR,0.03,400,case03,FPP-Branch-Benders-RootCuts,FPP-Branch-Benders-Combinatorial-MeanCVaR,FPP-Branch-Benders-MeanCVaR-RootCuts,FPP-Branch-Benders-Combinatorial,FPP-Branch-Benders-RootCuts,-3.7775,-3.347400835,80.65653735,1.044687134,-0.12956328,-0.112,-5.69
new20x20,shortest_path,CVaR,0.03,400,case04,FPP-Branch-Benders-RootCuts,FPP-Branch-Benders-CVaR-LLBI-RootCuts,FPP-Branch-Benders-CVaR-RootCuts,FPP-Branch-Benders-LLBI-RootCuts,FPP-Branch-Benders-RootCuts,6.525,4.540709812,0.65094455,1.000361306,0.03050944,4.9,1.62
new20x20,shortest_path,CVaR,0.03,400,case04,FPP-Branch-Benders-RootCuts,FPP-Branch-Benders-CVaR-ProjectedCoverageLLBI-exp-RootCuts,FPP-Branch-Benders-CVaR-RootCuts,FPP-Branch-Benders-ProjectedCoverageLLBI-exp-RootCuts,FPP-Branch-Benders-RootCuts,-0.25,-0.173973556,19.85544898,1.011020733,-0.05895362,1.983,-2.18
new20x20,shortest_path,CVaR,0.03,400,case04,FPP-Branch-Benders-RootCuts,FPP-Branch-Benders-CVaR-ProjectedPathLLBI-exp-RootCuts,FPP-Branch-Benders-CVaR-RootCuts,FPP-Branch-Benders-ProjectedPathLLBI-exp-RootCuts,FPP-Branch-Benders-RootCuts,-0.725,-0.5045233125,4.62583244,1.00256756,-0.0752801,1.351,-3.19
new20x20,shortest_path,CVaR,0.03,400,case04,FPP-Branch-Benders-RootCuts,FPP-Branch-Benders-Combinatorial-CVaR,FPP-Branch-Benders-CVaR-RootCuts,FPP-Branch-Benders-Combinatorial,FPP-Branch-Benders-RootCuts,-1.125,-0.7828810021,89.79840681,1.049842453,-0.1085238,1.754,-1.87
new20x20,shortest_path,Expected,0.03,400,case04,FPP-Branch-Benders-RootCuts,FPP-Branch-Benders-LLBI-RootCuts,FPP-Branch-Benders-RootCuts,FPP-Branch-Benders-LLBI-RootCuts,FPP-Branch-Benders-RootCuts,0.135,0.1782590037,4.35503488,1.002417258,0.01160165,-0.125,-0.88
new20x20,shortest_path,Expected,0.03,400,case04,FPP-Branch-Benders-RootCuts,FPP-Branch-Benders-ProjectedCoverageLLBI-exp-RootCuts,FPP-Branch-Benders-RootCuts,FPP-Branch-Benders-ProjectedCoverageLLBI-exp-RootCuts,FPP-Branch-Benders-RootCuts,0.3925,0.5182715479,16.55832342,1.009190681,-0.03246367,1.668,6.73
new20x20,shortest_path,Expected,0.03,400,case04,FPP-Branch-Benders-RootCuts,FPP-Branch-Benders-ProjectedPathLLBI-exp-RootCuts,FPP-Branch-Benders-RootCuts,FPP-Branch-Benders-ProjectedPathLLBI-exp-RootCuts,FPP-Branch-Benders-RootCuts,0.1,0.1320437065,8.7806358,1.004873683,-0.03753236,1.102,7.54
new20x20,shortest_path,Expected,0.03,400,case04,FPP-Branch-Benders-RootCuts,FPP-Branch-Benders-Combinatorial,FPP-Branch-Benders-RootCuts,FPP-Branch-Benders-Combinatorial,FPP-Branch-Benders-RootCuts,-1.4475,-1.911332651,-697.2173782,0.6130101939,-0.14436229,-0.704,-1.53
new20x20,shortest_path,MeanCVaR,0.03,400,case04,FPP-Branch-Benders-RootCuts,FPP-Branch-Benders-MeanCVaR-LLBI-RootCuts,FPP-Branch-Benders-MeanCVaR-RootCuts,FPP-Branch-Benders-LLBI-RootCuts,FPP-Branch-Benders-RootCuts,3.22625,2.82905121,0.41145328,1.000228351,0.01622625,2.151,6.23
new20x20,shortest_path,MeanCVaR,0.03,400,case04,FPP-Branch-Benders-RootCuts,FPP-Branch-Benders-MeanCVaR-ProjectedCoverageLLBI-exp-RootCuts,FPP-Branch-Benders-MeanCVaR-RootCuts,FPP-Branch-Benders-ProjectedCoverageLLBI-exp-RootCuts,FPP-Branch-Benders-RootCuts,-2.5025,-2.194405472,24.801277,1.013764386,-0.06634479,-2.716,2.35
new20x20,shortest_path,MeanCVaR,0.03,400,case04,FPP-Branch-Benders-RootCuts,FPP-Branch-Benders-MeanCVaR-ProjectedPathLLBI-exp-RootCuts,FPP-Branch-Benders-MeanCVaR-RootCuts,FPP-Branch-Benders-ProjectedPathLLBI-exp-RootCuts,FPP-Branch-Benders-RootCuts,-2.865,-2.512276394,7.20087905,1.003996394,-0.08444118,-5.055,4.11
new20x20,shortest_path,MeanCVaR,0.03,400,case04,FPP-Branch-Benders-RootCuts,FPP-Branch-Benders-Combinatorial-MeanCVaR,FPP-Branch-Benders-MeanCVaR-RootCuts,FPP-Branch-Benders-Combinatorial,FPP-Branch-Benders-RootCuts,-3.81375,-3.344221326,101.0804354,1.056098325,-0.13018333,-2.998,1.46
new20x20_reburn,reburn,CVaR,0.01,100,case00,FPP-Branch-Benders-RootCuts,FPP-Branch-Benders-CVaR-LLBI-RootCuts,FPP-Branch-Benders-CVaR-RootCuts,FPP-Branch-Benders-LLBI-RootCuts,FPP-Branch-Benders-RootCuts,0,0,8.57794662,1.004763112,0.00168867,0.29,0.02
new20x20_reburn,reburn,CVaR,0.01,100,case00,FPP-Branch-Benders-RootCuts,FPP-Branch-Benders-CVaR-ProjectedCoverageLLBI-exp-RootCuts,FPP-Branch-Benders-CVaR-RootCuts,FPP-Branch-Benders-ProjectedCoverageLLBI-exp-RootCuts,FPP-Branch-Benders-RootCuts,0,0,81.28366649,1.045134719,-0.00330762,0.29,0.02
new20x20_reburn,reburn,CVaR,0.01,100,case00,FPP-Branch-Benders-RootCuts,FPP-Branch-Benders-CVaR-ProjectedPathLLBI-exp-RootCuts,FPP-Branch-Benders-CVaR-RootCuts,FPP-Branch-Benders-ProjectedPathLLBI-exp-RootCuts,FPP-Branch-Benders-RootCuts,0,0,4.66096546,1.002588114,-0.00791109,0.156,0.01
new20x20_reburn,reburn,CVaR,0.01,100,case00,FPP-Branch-Benders-RootCuts,FPP-Branch-Benders-Combinatorial-CVaR,FPP-Branch-Benders-CVaR-RootCuts,FPP-Branch-Benders-Combinatorial,FPP-Branch-Benders-RootCuts,0,0,25.46150717,1.014138117,-0.07771606,-0.368,0.02
new20x20_reburn,reburn,Expected,0.01,100,case00,FPP-Branch-Benders-RootCuts,FPP-Branch-Benders-LLBI-RootCuts,FPP-Branch-Benders-RootCuts,FPP-Branch-Benders-LLBI-RootCuts,FPP-Branch-Benders-RootCuts,0.1,0.03764493299,5.22860337,1.002903501,0.02859922,0.29,-0.01
new20x20_reburn,reburn,Expected,0.01,100,case00,FPP-Branch-Benders-RootCuts,FPP-Branch-Benders-ProjectedCoverageLLBI-exp-RootCuts,FPP-Branch-Benders-RootCuts,FPP-Branch-Benders-ProjectedCoverageLLBI-exp-RootCuts,FPP-Branch-Benders-RootCuts,0.32,0.1204637856,52.3357125,1.029062597,0.00709659,0.483,-0.03
new20x20_reburn,reburn,Expected,0.01,100,case00,FPP-Branch-Benders-RootCuts,FPP-Branch-Benders-ProjectedPathLLBI-exp-RootCuts,FPP-Branch-Benders-RootCuts,FPP-Branch-Benders-ProjectedPathLLBI-exp-RootCuts,FPP-Branch-Benders-RootCuts,0.31,0.1166992923,5.45505131,1.00302925,-0.01493105,0.275,-0.01
new20x20_reburn,reburn,Expected,0.01,100,case00,FPP-Branch-Benders-RootCuts,FPP-Branch-Benders-Combinatorial,FPP-Branch-Benders-RootCuts,FPP-Branch-Benders-Combinatorial,FPP-Branch-Benders-RootCuts,-0.11,-0.04140942629,46.06897126,1.025582607,-0.02722746,-0.044,-0.01
new20x20_reburn,reburn,MeanCVaR,0.01,100,case00,FPP-Branch-Benders-RootCuts,FPP-Branch-Benders-MeanCVaR-LLBI-RootCuts,FPP-Branch-Benders-MeanCVaR-RootCuts,FPP-Branch-Benders-LLBI-RootCuts,FPP-Branch-Benders-RootCuts,-0.175,-0.05286210542,5.24295096,1.002910857,0.0169211,-0.205,0.05
new20x20_reburn,reburn,MeanCVaR,0.01,100,case00,FPP-Branch-Benders-RootCuts,FPP-Branch-Benders-MeanCVaR-ProjectedCoverageLLBI-exp-RootCuts,FPP-Branch-Benders-MeanCVaR-RootCuts,FPP-Branch-Benders-ProjectedCoverageLLBI-exp-RootCuts,FPP-Branch-Benders-RootCuts,-0.125,-0.03775864673,105.1507984,1.058379133,0.00966563,-0.198,0.06
new20x20_reburn,reburn,MeanCVaR,0.01,100,case00,FPP-Branch-Benders-RootCuts,FPP-Branch-Benders-MeanCVaR-ProjectedPathLLBI-exp-RootCuts,FPP-Branch-Benders-MeanCVaR-RootCuts,FPP-Branch-Benders-ProjectedPathLLBI-exp-RootCuts,FPP-Branch-Benders-RootCuts,-0.18,-0.05437245129,4.33486041,1.00240669,-0.04265355,-0.271,0
new20x20_reburn,reburn,MeanCVaR,0.01,100,case00,FPP-Branch-Benders-RootCuts,FPP-Branch-Benders-Combinatorial-MeanCVaR,FPP-Branch-Benders-MeanCVaR-RootCuts,FPP-Branch-Benders-Combinatorial,FPP-Branch-Benders-RootCuts,-0.285,-0.08608971454,14.81077416,1.008222859,-0.01601209,-0.54,0.01
new20x20_reburn,reburn,CVaR,0.01,100,case01,FPP-Branch-Benders-RootCuts,FPP-Branch-Benders-CVaR-LLBI-RootCuts,FPP-Branch-Benders-CVaR-RootCuts,FPP-Branch-Benders-LLBI-RootCuts,FPP-Branch-Benders-RootCuts,0,0,4.04698787,1.002247192,-0.00241365,0.092,-0.01
new20x20_reburn,reburn,CVaR,0.01,100,case01,FPP-Branch-Benders-RootCuts,FPP-Branch-Benders-CVaR-ProjectedCoverageLLBI-exp-RootCuts,FPP-Branch-Benders-CVaR-RootCuts,FPP-Branch-Benders-ProjectedCoverageLLBI-exp-RootCuts,FPP-Branch-Benders-RootCuts,0,0,82.06073402,1.045566288,-0.00235068,0.053,0
new20x20_reburn,reburn,CVaR,0.01,100,case01,FPP-Branch-Benders-RootCuts,FPP-Branch-Benders-CVaR-ProjectedPathLLBI-exp-RootCuts,FPP-Branch-Benders-CVaR-RootCuts,FPP-Branch-Benders-ProjectedPathLLBI-exp-RootCuts,FPP-Branch-Benders-RootCuts,0,0,8.94158034,1.004965038,-0.01329331,0.12,-0.01
new20x20_reburn,reburn,CVaR,0.01,100,case01,FPP-Branch-Benders-RootCuts,FPP-Branch-Benders-Combinatorial-CVaR,FPP-Branch-Benders-CVaR-RootCuts,FPP-Branch-Benders-Combinatorial,FPP-Branch-Benders-RootCuts,0,0,20.95154298,1.011633872,-0.07364032,-0.947,-0.01
new20x20_reburn,reburn,Expected,0.01,100,case01,FPP-Branch-Benders-RootCuts,FPP-Branch-Benders-LLBI-RootCuts,FPP-Branch-Benders-RootCuts,FPP-Branch-Benders-LLBI-RootCuts,FPP-Branch-Benders-RootCuts,-0.06,-0.02374262989,9.42873208,1.00523477,0.01242361,-0.216,-0.06
new20x20_reburn,reburn,Expected,0.01,100,case01,FPP-Branch-Benders-RootCuts,FPP-Branch-Benders-ProjectedCoverageLLBI-exp-RootCuts,FPP-Branch-Benders-RootCuts,FPP-Branch-Benders-ProjectedCoverageLLBI-exp-RootCuts,FPP-Branch-Benders-RootCuts,-0.62,-0.2453405089,52.55587554,1.029178675,0.01488503,-0.33,-0.05
new20x20_reburn,reburn,Expected,0.01,100,case01,FPP-Branch-Benders-RootCuts,FPP-Branch-Benders-ProjectedPathLLBI-exp-RootCuts,FPP-Branch-Benders-RootCuts,FPP-Branch-Benders-ProjectedPathLLBI-exp-RootCuts,FPP-Branch-Benders-RootCuts,0.49,0.1938981441,3.80526112,1.002112656,-0.02326982,0.096,0.01
new20x20_reburn,reburn,Expected,0.01,100,case01,FPP-Branch-Benders-RootCuts,FPP-Branch-Benders-Combinatorial,FPP-Branch-Benders-RootCuts,FPP-Branch-Benders-Combinatorial,FPP-Branch-Benders-RootCuts,-1.01,-0.3996676032,13.130654,1.007290052,0.00751026,-0.414,-0.04
new20x20_reburn,reburn,MeanCVaR,0.01,100,case01,FPP-Branch-Benders-RootCuts,FPP-Branch-Benders-MeanCVaR-LLBI-RootCuts,FPP-Branch-Benders-MeanCVaR-RootCuts,FPP-Branch-Benders-LLBI-RootCuts,FPP-Branch-Benders-RootCuts,-0.18,-0.05545286506,6.30732806,1.0034972,0.00958484,-0.083,-0.05
new20x20_reburn,reburn,MeanCVaR,0.01,100,case01,FPP-Branch-Benders-RootCuts,FPP-Branch-Benders-MeanCVaR-ProjectedCoverageLLBI-exp-RootCuts,FPP-Branch-Benders-MeanCVaR-RootCuts,FPP-Branch-Benders-ProjectedCoverageLLBI-exp-RootCuts,FPP-Branch-Benders-RootCuts,-0.18,-0.05545286506,99.81270445,1.055342773,0.00286275,-0.083,-0.05
new20x20_reburn,reburn,MeanCVaR,0.01,100,case01,FPP-Branch-Benders-RootCuts,FPP-Branch-Benders-MeanCVaR-ProjectedPathLLBI-exp-RootCuts,FPP-Branch-Benders-MeanCVaR-RootCuts,FPP-Branch-Benders-ProjectedPathLLBI-exp-RootCuts,FPP-Branch-Benders-RootCuts,0.1,0.03080714726,5.18949618,1.0028774,-0.01012693,0.028,-0.07
new20x20_reburn,reburn,MeanCVaR,0.01,100,case01,FPP-Branch-Benders-RootCuts,FPP-Branch-Benders-Combinatorial-MeanCVaR,FPP-Branch-Benders-MeanCVaR-RootCuts,FPP-Branch-Benders-Combinatorial,FPP-Branch-Benders-RootCuts,-0.75,-0.2310536044,32.07037697,1.017781941,0.03532596,-0.503,-0.05
new20x20_reburn,reburn,CVaR,0.01,100,case02,FPP-Branch-Benders-RootCuts,FPP-Branch-Benders-CVaR-LLBI-RootCuts,FPP-Branch-Benders-CVaR-RootCuts,FPP-Branch-Benders-LLBI-RootCuts,FPP-Branch-Benders-RootCuts,0,0,7.53960917,1.004186543,0.00322194,-0.051,-0.04
new20x20_reburn,reburn,CVaR,0.01,100,case02,FPP-Branch-Benders-RootCuts,FPP-Branch-Benders-CVaR-ProjectedCoverageLLBI-exp-RootCuts,FPP-Branch-Benders-CVaR-RootCuts,FPP-Branch-Benders-ProjectedCoverageLLBI-exp-RootCuts,FPP-Branch-Benders-RootCuts,0,0,84.76585743,1.047068209,0.00181655,0.074,-0.04
new20x20_reburn,reburn,CVaR,0.01,100,case02,FPP-Branch-Benders-RootCuts,FPP-Branch-Benders-CVaR-ProjectedPathLLBI-exp-RootCuts,FPP-Branch-Benders-CVaR-RootCuts,FPP-Branch-Benders-ProjectedPathLLBI-exp-RootCuts,FPP-Branch-Benders-RootCuts,0,0,7.04037666,1.003909332,-0.03388699,0.077,-0.06
new20x20_reburn,reburn,CVaR,0.01,100,case02,FPP-Branch-Benders-RootCuts,FPP-Branch-Benders-Combinatorial-CVaR,FPP-Branch-Benders-CVaR-RootCuts,FPP-Branch-Benders-Combinatorial,FPP-Branch-Benders-RootCuts,0,0,36.38346391,1.020202762,-0.08189169,-0.333,-0.03
new20x20_reburn,reburn,Expected,0.01,100,case02,FPP-Branch-Benders-RootCuts,FPP-Branch-Benders-LLBI-RootCuts,FPP-Branch-Benders-RootCuts,FPP-Branch-Benders-LLBI-RootCuts,FPP-Branch-Benders-RootCuts,0,0,4.59267904,1.002549026,-0.01199399,0.118,-0.01
new20x20_reburn,reburn,Expected,0.01,100,case02,FPP-Branch-Benders-RootCuts,FPP-Branch-Benders-ProjectedCoverageLLBI-exp-RootCuts,FPP-Branch-Benders-RootCuts,FPP-Branch-Benders-ProjectedCoverageLLBI-exp-RootCuts,FPP-Branch-Benders-RootCuts,-0.22,-0.09068425392,113.3355763,1.062903447,-0.01363731,-0.603,0
new20x20_reburn,reburn,Expected,0.01,100,case02,FPP-Branch-Benders-RootCuts,FPP-Branch-Benders-ProjectedPathLLBI-exp-RootCuts,FPP-Branch-Benders-RootCuts,FPP-Branch-Benders-ProjectedPathLLBI-exp-RootCuts,FPP-Branch-Benders-RootCuts,0.23,0.09480626546,4.29066296,1.002381401,-0.0421428,0.034,-0.01
new20x20_reburn,reburn,Expected,0.01,100,case02,FPP-Branch-Benders-RootCuts,FPP-Branch-Benders-Combinatorial,FPP-Branch-Benders-RootCuts,FPP-Branch-Benders-Combinatorial,FPP-Branch-Benders-RootCuts,-0.13,-0.05358615004,95.28877389,1.052887121,-0.01628454,-0.025,-0.01
new20x20_reburn,reburn,MeanCVaR,0.01,100,case02,FPP-Branch-Benders-RootCuts,FPP-Branch-Benders-MeanCVaR-LLBI-RootCuts,FPP-Branch-Benders-MeanCVaR-RootCuts,FPP-Branch-Benders-LLBI-RootCuts,FPP-Branch-Benders-RootCuts,-0.025,-0.007828646584,4.2423512,1.002354772,0.01896563,-0.043,-0.02
new20x20_reburn,reburn,MeanCVaR,0.01,100,case02,FPP-Branch-Benders-RootCuts,FPP-Branch-Benders-MeanCVaR-ProjectedCoverageLLBI-exp-RootCuts,FPP-Branch-Benders-MeanCVaR-RootCuts,FPP-Branch-Benders-ProjectedCoverageLLBI-exp-RootCuts,FPP-Branch-Benders-RootCuts,-0.045,-0.01409156385,97.98051746,1.054385364,0.02363873,-0.348,0.01
new20x20_reburn,reburn,MeanCVaR,0.01,100,case02,FPP-Branch-Benders-RootCuts,FPP-Branch-Benders-MeanCVaR-ProjectedPathLLBI-exp-RootCuts,FPP-Branch-Benders-MeanCVaR-RootCuts,FPP-Branch-Benders-ProjectedPathLLBI-exp-RootCuts,FPP-Branch-Benders-RootCuts,-0.01,-0.003131458633,5.62681676,1.003123238,-0.03165363,-0.221,0.03
new20x20_reburn,reburn,MeanCVaR,0.01,100,case02,FPP-Branch-Benders-RootCuts,FPP-Branch-Benders-Combinatorial-MeanCVaR,FPP-Branch-Benders-MeanCVaR-RootCuts,FPP-Branch-Benders-Combinatorial,FPP-Branch-Benders-RootCuts,-0.105,-0.03288031565,11.2525023,1.006245848,0.01413706,-0.265,-0.02
new20x20_reburn,reburn,CVaR,0.01,100,case03,FPP-Branch-Benders-RootCuts,FPP-Branch-Benders-CVaR-LLBI-RootCuts,FPP-Branch-Benders-CVaR-RootCuts,FPP-Branch-Benders-LLBI-RootCuts,FPP-Branch-Benders-RootCuts,0,0,12.69372529,1.007048332,0.00307189,-0.054,0.06
new20x20_reburn,reburn,CVaR,0.01,100,case03,FPP-Branch-Benders-RootCuts,FPP-Branch-Benders-CVaR-ProjectedCoverageLLBI-exp-RootCuts,FPP-Branch-Benders-CVaR-RootCuts,FPP-Branch-Benders-ProjectedCoverageLLBI-exp-RootCuts,FPP-Branch-Benders-RootCuts,0,0,70.02681454,1.038883169,0.00298956,0.043,0.07
new20x20_reburn,reburn,CVaR,0.01,100,case03,FPP-Branch-Benders-RootCuts,FPP-Branch-Benders-CVaR-ProjectedPathLLBI-exp-RootCuts,FPP-Branch-Benders-CVaR-RootCuts,FPP-Branch-Benders-ProjectedPathLLBI-exp-RootCuts,FPP-Branch-Benders-RootCuts,0,0,14.34463451,1.007965018,-0.01838359,-0.133,0.07
new20x20_reburn,reburn,CVaR,0.01,100,case03,FPP-Branch-Benders-RootCuts,FPP-Branch-Benders-Combinatorial-CVaR,FPP-Branch-Benders-CVaR-RootCuts,FPP-Branch-Benders-Combinatorial,FPP-Branch-Benders-RootCuts,0,0,37.43865052,1.020788228,-0.06044433,-0.642,0.02
new20x20_reburn,reburn,Expected,0.01,100,case03,FPP-Branch-Benders-RootCuts,FPP-Branch-Benders-LLBI-RootCuts,FPP-Branch-Benders-RootCuts,FPP-Branch-Benders-LLBI-RootCuts,FPP-Branch-Benders-RootCuts,0,0,5.23628331,1.002907629,-0.00168172,-0.355,0.01
new20x20_reburn,reburn,Expected,0.01,100,case03,FPP-Branch-Benders-RootCuts,FPP-Branch-Benders-ProjectedCoverageLLBI-exp-RootCuts,FPP-Branch-Benders-RootCuts,FPP-Branch-Benders-ProjectedCoverageLLBI-exp-RootCuts,FPP-Branch-Benders-RootCuts,-0.07,-0.0260727056,51.4618547,1.028575986,-0.00646334,-0.016,0
new20x20_reburn,reburn,Expected,0.01,100,case03,FPP-Branch-Benders-RootCuts,FPP-Branch-Benders-ProjectedPathLLBI-exp-RootCuts,FPP-Branch-Benders-RootCuts,FPP-Branch-Benders-ProjectedPathLLBI-exp-RootCuts,FPP-Branch-Benders-RootCuts,-0.31,-0.1154648391,3.99981718,1.002221038,-0.03052424,-0.439,0.02
new20x20_reburn,reburn,Expected,0.01,100,case03,FPP-Branch-Benders-RootCuts,FPP-Branch-Benders-Combinatorial,FPP-Branch-Benders-RootCuts,FPP-Branch-Benders-Combinatorial,FPP-Branch-Benders-RootCuts,-0.57,-0.212306317,36.84197601,1.02045779,-0.00920028,-0.318,0.01
new20x20_reburn,reburn,MeanCVaR,0.01,100,case03,FPP-Branch-Benders-RootCuts,FPP-Branch-Benders-MeanCVaR-LLBI-RootCuts,FPP-Branch-Benders-MeanCVaR-RootCuts,FPP-Branch-Benders-LLBI-RootCuts,FPP-Branch-Benders-RootCuts,-0.075,-0.02256148003,3.2379114,1.001796478,0.00577899,-0.027,0.03
new20x20_reburn,reburn,MeanCVaR,0.01,100,case03,FPP-Branch-Benders-RootCuts,FPP-Branch-Benders-MeanCVaR-ProjectedCoverageLLBI-exp-RootCuts,FPP-Branch-Benders-MeanCVaR-RootCuts,FPP-Branch-Benders-ProjectedCoverageLLBI-exp-RootCuts,FPP-Branch-Benders-RootCuts,-0.045,-0.01353688802,74.51563729,1.04134322,0.02408054,0.19,0.02
new20x20_reburn,reburn,MeanCVaR,0.01,100,case03,FPP-Branch-Benders-RootCuts,FPP-Branch-Benders-MeanCVaR-ProjectedPathLLBI-exp-RootCuts,FPP-Branch-Benders-MeanCVaR-RootCuts,FPP-Branch-Benders-ProjectedPathLLBI-exp-RootCuts,FPP-Branch-Benders-RootCuts,-0.025,-0.007520493344,9.58756292,1.00531943,-0.01513369,0.281,0.05
new20x20_reburn,reburn,MeanCVaR,0.01,100,case03,FPP-Branch-Benders-RootCuts,FPP-Branch-Benders-Combinatorial-MeanCVaR,FPP-Branch-Benders-MeanCVaR-RootCuts,FPP-Branch-Benders-Combinatorial,FPP-Branch-Benders-RootCuts,-0.47,-0.1413852749,53.57569286,1.029725192,0.02545868,-0.033,0.03
new20x20_reburn,reburn,CVaR,0.01,100,case04,FPP-Branch-Benders-RootCuts,FPP-Branch-Benders-CVaR-LLBI-RootCuts,FPP-Branch-Benders-CVaR-RootCuts,FPP-Branch-Benders-LLBI-RootCuts,FPP-Branch-Benders-RootCuts,0,0,11.57744679,1.006423056,0.0007515,0.429,0
new20x20_reburn,reburn,CVaR,0.01,100,case04,FPP-Branch-Benders-RootCuts,FPP-Branch-Benders-CVaR-ProjectedCoverageLLBI-exp-RootCuts,FPP-Branch-Benders-CVaR-RootCuts,FPP-Branch-Benders-ProjectedCoverageLLBI-exp-RootCuts,FPP-Branch-Benders-RootCuts,0,0,85.14600658,1.047238187,-0.00494556,0.422,0
new20x20_reburn,reburn,CVaR,0.01,100,case04,FPP-Branch-Benders-RootCuts,FPP-Branch-Benders-CVaR-ProjectedPathLLBI-exp-RootCuts,FPP-Branch-Benders-CVaR-RootCuts,FPP-Branch-Benders-ProjectedPathLLBI-exp-RootCuts,FPP-Branch-Benders-RootCuts,0,0,9.15350171,1.005078275,-0.02377025,0.376,-0.03
new20x20_reburn,reburn,CVaR,0.01,100,case04,FPP-Branch-Benders-RootCuts,FPP-Branch-Benders-Combinatorial-CVaR,FPP-Branch-Benders-CVaR-RootCuts,FPP-Branch-Benders-Combinatorial,FPP-Branch-Benders-RootCuts,0,0,10.01557591,1.005556545,-0.07999981,-0.571,-0.01
new20x20_reburn,reburn,Expected,0.01,100,case04,FPP-Branch-Benders-RootCuts,FPP-Branch-Benders-LLBI-RootCuts,FPP-Branch-Benders-RootCuts,FPP-Branch-Benders-LLBI-RootCuts,FPP-Branch-Benders-RootCuts,0.33,0.1342445692,6.57737719,1.003652425,0.01430076,0.213,-0.03
new20x20_reburn,reburn,Expected,0.01,100,case04,FPP-Branch-Benders-RootCuts,FPP-Branch-Benders-ProjectedCoverageLLBI-exp-RootCuts,FPP-Branch-Benders-RootCuts,FPP-Branch-Benders-ProjectedCoverageLLBI-exp-RootCuts,FPP-Branch-Benders-RootCuts,0.18,0.07322431047,64.44855965,1.035788361,0.01921352,0.037,-0.06
new20x20_reburn,reburn,Expected,0.01,100,case04,FPP-Branch-Benders-RootCuts,FPP-Branch-Benders-ProjectedPathLLBI-exp-RootCuts,FPP-Branch-Benders-RootCuts,FPP-Branch-Benders-ProjectedPathLLBI-exp-RootCuts,FPP-Branch-Benders-RootCuts,0.07,0.02847612074,11.01653711,1.006117496,-0.02445119,-0.035,-0.01
new20x20_reburn,reburn,Expected,0.01,100,case04,FPP-Branch-Benders-RootCuts,FPP-Branch-Benders-Combinatorial,FPP-Branch-Benders-RootCuts,FPP-Branch-Benders-Combinatorial,FPP-Branch-Benders-RootCuts,-0.45,-0.1830607762,12.65853694,1.0070293,-0.00508394,-0.19,-0.01
new20x20_reburn,reburn,MeanCVaR,0.01,100,case04,FPP-Branch-Benders-RootCuts,FPP-Branch-Benders-MeanCVaR-LLBI-RootCuts,FPP-Branch-Benders-MeanCVaR-RootCuts,FPP-Branch-Benders-LLBI-RootCuts,FPP-Branch-Benders-RootCuts,-0.125,-0.03893110751,3.88230859,1.002155717,-0.00234592,-0.011,0.08
new20x20_reburn,reburn,MeanCVaR,0.01,100,case04,FPP-Branch-Benders-RootCuts,FPP-Branch-Benders-MeanCVaR-ProjectedCoverageLLBI-exp-RootCuts,FPP-Branch-Benders-MeanCVaR-RootCuts,FPP-Branch-Benders-ProjectedCoverageLLBI-exp-RootCuts,FPP-Branch-Benders-RootCuts,-0.175,-0.05450355052,75.46627179,1.041903916,0.01137147,-0.054,0.03
new20x20_reburn,reburn,MeanCVaR,0.01,100,case04,FPP-Branch-Benders-RootCuts,FPP-Branch-Benders-MeanCVaR-ProjectedPathLLBI-exp-RootCuts,FPP-Branch-Benders-MeanCVaR-RootCuts,FPP-Branch-Benders-ProjectedPathLLBI-exp-RootCuts,FPP-Branch-Benders-RootCuts,0.24,0.07474772642,4.82336988,1.002678257,-0.03782591,0.299,0.03
new20x20_reburn,reburn,MeanCVaR,0.01,100,case04,FPP-Branch-Benders-RootCuts,FPP-Branch-Benders-Combinatorial-MeanCVaR,FPP-Branch-Benders-MeanCVaR-RootCuts,FPP-Branch-Benders-Combinatorial,FPP-Branch-Benders-RootCuts,-0.395,-0.1230222997,28.02402769,1.015560812,0.00269896,-0.358,0.05
new20x20_reburn,reburn,CVaR,0.02,100,case00,FPP-Branch-Benders-RootCuts,FPP-Branch-Benders-CVaR-LLBI-RootCuts,FPP-Branch-Benders-CVaR-RootCuts,FPP-Branch-Benders-LLBI-RootCuts,FPP-Branch-Benders-RootCuts,0,0,3.00370313,1.001666492,0.01780421,0.349,-0.01
new20x20_reburn,reburn,CVaR,0.02,100,case00,FPP-Branch-Benders-RootCuts,FPP-Branch-Benders-CVaR-ProjectedCoverageLLBI-exp-RootCuts,FPP-Branch-Benders-CVaR-RootCuts,FPP-Branch-Benders-ProjectedCoverageLLBI-exp-RootCuts,FPP-Branch-Benders-RootCuts,0,0,91.56101358,1.050799184,0.0148522,0.17,-0.04
new20x20_reburn,reburn,CVaR,0.02,100,case00,FPP-Branch-Benders-RootCuts,FPP-Branch-Benders-CVaR-ProjectedPathLLBI-exp-RootCuts,FPP-Branch-Benders-CVaR-RootCuts,FPP-Branch-Benders-ProjectedPathLLBI-exp-RootCuts,FPP-Branch-Benders-RootCuts,0,0,7.20107689,1.003995247,-0.03531801,0.507,-0.04
new20x20_reburn,reburn,CVaR,0.02,100,case00,FPP-Branch-Benders-RootCuts,FPP-Branch-Benders-Combinatorial-CVaR,FPP-Branch-Benders-CVaR-RootCuts,FPP-Branch-Benders-Combinatorial,FPP-Branch-Benders-RootCuts,0,0,34.64816846,1.019223233,-0.13930928,-0.454,-0.03
new20x20_reburn,reburn,Expected,0.02,100,case00,FPP-Branch-Benders-RootCuts,FPP-Branch-Benders-LLBI-RootCuts,FPP-Branch-Benders-RootCuts,FPP-Branch-Benders-LLBI-RootCuts,FPP-Branch-Benders-RootCuts,-0.1,-0.03803872342,3.60444769,1.002000782,0.00518275,-0.237,-0.04
new20x20_reburn,reburn,Expected,0.02,100,case00,FPP-Branch-Benders-RootCuts,FPP-Branch-Benders-ProjectedCoverageLLBI-exp-RootCuts,FPP-Branch-Benders-RootCuts,FPP-Branch-Benders-ProjectedCoverageLLBI-exp-RootCuts,FPP-Branch-Benders-RootCuts,-0.1,-0.03803872342,147.265418,1.081745106,0.00158646,0.224,-0.09
new20x20_reburn,reburn,Expected,0.02,100,case00,FPP-Branch-Benders-RootCuts,FPP-Branch-Benders-ProjectedPathLLBI-exp-RootCuts,FPP-Branch-Benders-RootCuts,FPP-Branch-Benders-ProjectedPathLLBI-exp-RootCuts,FPP-Branch-Benders-RootCuts,0.16,0.06086195747,4.67650413,1.002595866,-0.01156348,-0.203,-0.07
new20x20_reburn,reburn,Expected,0.02,100,case00,FPP-Branch-Benders-RootCuts,FPP-Branch-Benders-Combinatorial,FPP-Branch-Benders-RootCuts,FPP-Branch-Benders-Combinatorial,FPP-Branch-Benders-RootCuts,-0.47,-0.1787820001,24.80173566,1.013767119,-0.06970443,-0.163,-0.09
new20x20_reburn,reburn,MeanCVaR,0.02,100,case00,FPP-Branch-Benders-RootCuts,FPP-Branch-Benders-MeanCVaR-LLBI-RootCuts,FPP-Branch-Benders-MeanCVaR-RootCuts,FPP-Branch-Benders-LLBI-RootCuts,FPP-Branch-Benders-RootCuts,0.055,0.016796201,5.82299145,1.003230556,0.01971143,-0.006,0.04
new20x20_reburn,reburn,MeanCVaR,0.02,100,case00,FPP-Branch-Benders-RootCuts,FPP-Branch-Benders-MeanCVaR-ProjectedCoverageLLBI-exp-RootCuts,FPP-Branch-Benders-MeanCVaR-RootCuts,FPP-Branch-Benders-ProjectedCoverageLLBI-exp-RootCuts,FPP-Branch-Benders-RootCuts,-0.12,-0.03664625674,79.30859354,1.043999863,0.04528572,0.047,0
new20x20_reburn,reburn,MeanCVaR,0.02,100,case00,FPP-Branch-Benders-RootCuts,FPP-Branch-Benders-MeanCVaR-ProjectedPathLLBI-exp-RootCuts,FPP-Branch-Benders-MeanCVaR-RootCuts,FPP-Branch-Benders-ProjectedPathLLBI-exp-RootCuts,FPP-Branch-Benders-RootCuts,0.1,0.03053854728,4.43903341,1.002462745,-0.03162532,0.044,0
new20x20_reburn,reburn,MeanCVaR,0.02,100,case00,FPP-Branch-Benders-RootCuts,FPP-Branch-Benders-Combinatorial-MeanCVaR,FPP-Branch-Benders-MeanCVaR-RootCuts,FPP-Branch-Benders-Combinatorial,FPP-Branch-Benders-RootCuts,-0.245,-0.07481944084,68.50132612,1.038004065,-0.03073811,-0.231,0
new20x20_reburn,reburn,CVaR,0.02,100,case01,FPP-Branch-Benders-RootCuts,FPP-Branch-Benders-CVaR-LLBI-RootCuts,FPP-Branch-Benders-CVaR-RootCuts,FPP-Branch-Benders-LLBI-RootCuts,FPP-Branch-Benders-RootCuts,0,0,10.89793022,1.006051468,0.00297303,0.411,-0.01
new20x20_reburn,reburn,CVaR,0.02,100,case01,FPP-Branch-Benders-RootCuts,FPP-Branch-Benders-CVaR-ProjectedCoverageLLBI-exp-RootCuts,FPP-Branch-Benders-CVaR-RootCuts,FPP-Branch-Benders-ProjectedCoverageLLBI-exp-RootCuts,FPP-Branch-Benders-RootCuts,0,0,131.0366316,1.072762803,0.00775775,0.033,-0.02
new20x20_reburn,reburn,CVaR,0.02,100,case01,FPP-Branch-Benders-RootCuts,FPP-Branch-Benders-CVaR-ProjectedPathLLBI-exp-RootCuts,FPP-Branch-Benders-CVaR-RootCuts,FPP-Branch-Benders-ProjectedPathLLBI-exp-RootCuts,FPP-Branch-Benders-RootCuts,0,0,9.99433041,1.005549711,-0.04675517,-0.182,-0.06
new20x20_reburn,reburn,CVaR,0.02,100,case01,FPP-Branch-Benders-RootCuts,FPP-Branch-Benders-Combinatorial-CVaR,FPP-Branch-Benders-CVaR-RootCuts,FPP-Branch-Benders-Combinatorial,FPP-Branch-Benders-RootCuts,0,0,42.1443586,1.023402171,-0.14328105,-1,-0.01
new20x20_reburn,reburn,Expected,0.02,100,case01,FPP-Branch-Benders-RootCuts,FPP-Branch-Benders-LLBI-RootCuts,FPP-Branch-Benders-RootCuts,FPP-Branch-Benders-LLBI-RootCuts,FPP-Branch-Benders-RootCuts,0.11,0.04413239719,4.12575052,1.002290954,0.01045706,-0.056,0.08
new20x20_reburn,reburn,Expected,0.02,100,case01,FPP-Branch-Benders-RootCuts,FPP-Branch-Benders-ProjectedCoverageLLBI-exp-RootCuts,FPP-Branch-Benders-RootCuts,FPP-Branch-Benders-ProjectedCoverageLLBI-exp-RootCuts,FPP-Branch-Benders-RootCuts,0.61,0.2447342026,103.0860117,1.057241786,0.0289178,0.379,0.04
new20x20_reburn,reburn,Expected,0.02,100,case01,FPP-Branch-Benders-RootCuts,FPP-Branch-Benders-ProjectedPathLLBI-exp-RootCuts,FPP-Branch-Benders-RootCuts,FPP-Branch-Benders-ProjectedPathLLBI-exp-RootCuts,FPP-Branch-Benders-RootCuts,0.57,0.2286860582,4.02906004,1.002237264,-0.03720713,0.294,-0.01
new20x20_reburn,reburn,Expected,0.02,100,case01,FPP-Branch-Benders-RootCuts,FPP-Branch-Benders-Combinatorial,FPP-Branch-Benders-RootCuts,FPP-Branch-Benders-Combinatorial,FPP-Branch-Benders-RootCuts,-0.87,-0.3490471414,44.79459892,1.024873625,-0.00833216,-0.121,0
new20x20_reburn,reburn,MeanCVaR,0.02,100,case01,FPP-Branch-Benders-RootCuts,FPP-Branch-Benders-MeanCVaR-LLBI-RootCuts,FPP-Branch-Benders-MeanCVaR-RootCuts,FPP-Branch-Benders-LLBI-RootCuts,FPP-Branch-Benders-RootCuts,-0.36,-0.1121076233,11.0861597,1.006155678,0.01309036,-0.379,0.04
new20x20_reburn,reburn,MeanCVaR,0.02,100,case01,FPP-Branch-Benders-RootCuts,FPP-Branch-Benders-MeanCVaR-ProjectedCoverageLLBI-exp-RootCuts,FPP-Branch-Benders-MeanCVaR-RootCuts,FPP-Branch-Benders-ProjectedCoverageLLBI-exp-RootCuts,FPP-Branch-Benders-RootCuts,-0.64,-0.1993024415,84.53072215,1.046936351,0.01985256,-0.389,0.03
new20x20_reburn,reburn,MeanCVaR,0.02,100,case01,FPP-Branch-Benders-RootCuts,FPP-Branch-Benders-MeanCVaR-ProjectedPathLLBI-exp-RootCuts,FPP-Branch-Benders-MeanCVaR-RootCuts,FPP-Branch-Benders-ProjectedPathLLBI-exp-RootCuts,FPP-Branch-Benders-RootCuts,0.08,0.02491280518,6.09075314,1.003381939,-0.0212344,0.077,-0.02
new20x20_reburn,reburn,MeanCVaR,0.02,100,case01,FPP-Branch-Benders-RootCuts,FPP-Branch-Benders-Combinatorial-MeanCVaR,FPP-Branch-Benders-MeanCVaR-RootCuts,FPP-Branch-Benders-Combinatorial,FPP-Branch-Benders-RootCuts,-0.93,-0.2896113602,26.25019354,1.014575627,0.0063436,-0.518,0
new20x20_reburn,reburn,CVaR,0.02,100,case02,FPP-Branch-Benders-RootCuts,FPP-Branch-Benders-CVaR-LLBI-RootCuts,FPP-Branch-Benders-CVaR-RootCuts,FPP-Branch-Benders-LLBI-RootCuts,FPP-Branch-Benders-RootCuts,0,0,11.53027924,1.006399842,0.01260676,-0.633,0.01
new20x20_reburn,reburn,CVaR,0.02,100,case02,FPP-Branch-Benders-RootCuts,FPP-Branch-Benders-CVaR-ProjectedCoverageLLBI-exp-RootCuts,FPP-Branch-Benders-CVaR-RootCuts,FPP-Branch-Benders-ProjectedCoverageLLBI-exp-RootCuts,FPP-Branch-Benders-RootCuts,0,0,75.20933721,1.041744688,0.01656073,-0.42,-0.02
new20x20_reburn,reburn,CVaR,0.02,100,case02,FPP-Branch-Benders-RootCuts,FPP-Branch-Benders-CVaR-ProjectedPathLLBI-exp-RootCuts,FPP-Branch-Benders-CVaR-RootCuts,FPP-Branch-Benders-ProjectedPathLLBI-exp-RootCuts,FPP-Branch-Benders-RootCuts,0,0,7.89396356,1.004381518,-0.02335955,0.027,-0.01
new20x20_reburn,reburn,CVaR,0.02,100,case02,FPP-Branch-Benders-RootCuts,FPP-Branch-Benders-Combinatorial-CVaR,FPP-Branch-Benders-CVaR-RootCuts,FPP-Branch-Benders-Combinatorial,FPP-Branch-Benders-RootCuts,0,0,72.25889273,1.040107053,-0.1452674,-1.178,-0.03
new20x20_reburn,reburn,Expected,0.02,100,case02,FPP-Branch-Benders-RootCuts,FPP-Branch-Benders-LLBI-RootCuts,FPP-Branch-Benders-RootCuts,FPP-Branch-Benders-LLBI-RootCuts,FPP-Branch-Benders-RootCuts,0.1,0.04171533456,3.06602033,1.001701369,0.01312489,-0.261,-0.03
new20x20_reburn,reburn,Expected,0.02,100,case02,FPP-Branch-Benders-RootCuts,FPP-Branch-Benders-ProjectedCoverageLLBI-exp-RootCuts,FPP-Branch-Benders-RootCuts,FPP-Branch-Benders-ProjectedCoverageLLBI-exp-RootCuts,FPP-Branch-Benders-RootCuts,-0.04,-0.01668613382,102.8097787,1.057050304,0.00655165,-0.459,-0.01
new20x20_reburn,reburn,Expected,0.02,100,case02,FPP-Branch-Benders-RootCuts,FPP-Branch-Benders-ProjectedPathLLBI-exp-RootCuts,FPP-Branch-Benders-RootCuts,FPP-Branch-Benders-ProjectedPathLLBI-exp-RootCuts,FPP-Branch-Benders-RootCuts,0.13,0.05422993492,2.50516049,1.001390142,-0.03886758,-0.307,0.02
new20x20_reburn,reburn,Expected,0.02,100,case02,FPP-Branch-Benders-RootCuts,FPP-Branch-Benders-Combinatorial,FPP-Branch-Benders-RootCuts,FPP-Branch-Benders-Combinatorial,FPP-Branch-Benders-RootCuts,-0.99,-0.4129818121,55.0683835,1.030558066,-0.04687839,-0.733,-0.04
new20x20_reburn,reburn,MeanCVaR,0.02,100,case02,FPP-Branch-Benders-RootCuts,FPP-Branch-Benders-MeanCVaR-LLBI-RootCuts,FPP-Branch-Benders-MeanCVaR-RootCuts,FPP-Branch-Benders-LLBI-RootCuts,FPP-Branch-Benders-RootCuts,0.055,0.01741057297,9.92209599,1.005506194,0.00962147,0.012,0.01
new20x20_reburn,reburn,MeanCVaR,0.02,100,case02,FPP-Branch-Benders-RootCuts,FPP-Branch-Benders-MeanCVaR-ProjectedCoverageLLBI-exp-RootCuts,FPP-Branch-Benders-MeanCVaR-RootCuts,FPP-Branch-Benders-ProjectedCoverageLLBI-exp-RootCuts,FPP-Branch-Benders-RootCuts,-0.03,-0.009496676163,68.51196061,1.038020206,0.00331263,-0.053,0.02
new20x20_reburn,reburn,MeanCVaR,0.02,100,case02,FPP-Branch-Benders-RootCuts,FPP-Branch-Benders-MeanCVaR-ProjectedPathLLBI-exp-RootCuts,FPP-Branch-Benders-MeanCVaR-RootCuts,FPP-Branch-Benders-ProjectedPathLLBI-exp-RootCuts,FPP-Branch-Benders-RootCuts,0.085,0.02690724913,4.09696369,1.00227358,-0.03892274,-0.382,0
new20x20_reburn,reburn,MeanCVaR,0.02,100,case02,FPP-Branch-Benders-RootCuts,FPP-Branch-Benders-Combinatorial-MeanCVaR,FPP-Branch-Benders-MeanCVaR-RootCuts,FPP-Branch-Benders-Combinatorial,FPP-Branch-Benders-RootCuts,-0.535,-0.1693573916,64.63604446,1.035869295,0.00218668,-0.761,-0.04
new20x20_reburn,reburn,CVaR,0.02,100,case03,FPP-Branch-Benders-RootCuts,FPP-Branch-Benders-CVaR-LLBI-RootCuts,FPP-Branch-Benders-CVaR-RootCuts,FPP-Branch-Benders-LLBI-RootCuts,FPP-Branch-Benders-RootCuts,0,0,10.42388324,1.005784742,0.02358396,0.242,-0.03
new20x20_reburn,reburn,CVaR,0.02,100,case03,FPP-Branch-Benders-RootCuts,FPP-Branch-Benders-CVaR-ProjectedCoverageLLBI-exp-RootCuts,FPP-Branch-Benders-CVaR-RootCuts,FPP-Branch-Benders-ProjectedCoverageLLBI-exp-RootCuts,FPP-Branch-Benders-RootCuts,0,0,69.86518317,1.03877174,0.02378802,-0.385,-0.06
new20x20_reburn,reburn,CVaR,0.02,100,case03,FPP-Branch-Benders-RootCuts,FPP-Branch-Benders-CVaR-ProjectedPathLLBI-exp-RootCuts,FPP-Branch-Benders-CVaR-RootCuts,FPP-Branch-Benders-ProjectedPathLLBI-exp-RootCuts,FPP-Branch-Benders-RootCuts,0,0,19.53405752,1.010840441,-0.01238717,0.484,-0.05
new20x20_reburn,reburn,CVaR,0.02,100,case03,FPP-Branch-Benders-RootCuts,FPP-Branch-Benders-Combinatorial-CVaR,FPP-Branch-Benders-CVaR-RootCuts,FPP-Branch-Benders-Combinatorial,FPP-Branch-Benders-RootCuts,0,0,33.95798138,1.018845009,-0.12287137,-0.698,-0.05
new20x20_reburn,reburn,Expected,0.02,100,case03,FPP-Branch-Benders-RootCuts,FPP-Branch-Benders-LLBI-RootCuts,FPP-Branch-Benders-RootCuts,FPP-Branch-Benders-LLBI-RootCuts,FPP-Branch-Benders-RootCuts,0.07,0.0263623696,2.57191031,1.001427092,0.01462008,0.371,-0.05
new20x20_reburn,reburn,Expected,0.02,100,case03,FPP-Branch-Benders-RootCuts,FPP-Branch-Benders-ProjectedCoverageLLBI-exp-RootCuts,FPP-Branch-Benders-RootCuts,FPP-Branch-Benders-ProjectedCoverageLLBI-exp-RootCuts,FPP-Branch-Benders-RootCuts,-0.29,-0.1092155312,53.25194644,1.029548233,0.01118438,-0.325,-0.01
new20x20_reburn,reburn,Expected,0.02,100,case03,FPP-Branch-Benders-RootCuts,FPP-Branch-Benders-ProjectedPathLLBI-exp-RootCuts,FPP-Branch-Benders-RootCuts,FPP-Branch-Benders-ProjectedPathLLBI-exp-RootCuts,FPP-Branch-Benders-RootCuts,0.09,0.0338944752,3.82123181,1.00212031,-0.01711785,0.314,-0.05
new20x20_reburn,reburn,Expected,0.02,100,case03,FPP-Branch-Benders-RootCuts,FPP-Branch-Benders-Combinatorial,FPP-Branch-Benders-RootCuts,FPP-Branch-Benders-Combinatorial,FPP-Branch-Benders-RootCuts,-1.25,-0.4707566,53.57929243,1.02972987,-0.01814397,-0.249,-0.05
new20x20_reburn,reburn,MeanCVaR,0.02,100,case03,FPP-Branch-Benders-RootCuts,FPP-Branch-Benders-MeanCVaR-LLBI-RootCuts,FPP-Branch-Benders-MeanCVaR-RootCuts,FPP-Branch-Benders-LLBI-RootCuts,FPP-Branch-Benders-RootCuts,-0.12,-0.03650523242,12.15510637,1.00674478,-0.00287737,-0.299,0.04
new20x20_reburn,reburn,MeanCVaR,0.02,100,case03,FPP-Branch-Benders-RootCuts,FPP-Branch-Benders-MeanCVaR-ProjectedCoverageLLBI-exp-RootCuts,FPP-Branch-Benders-MeanCVaR-RootCuts,FPP-Branch-Benders-ProjectedCoverageLLBI-exp-RootCuts,FPP-Branch-Benders-RootCuts,0.06,0.01825261621,61.57859297,1.03416951,0.0173742,-0.331,0.06
new20x20_reburn,reburn,MeanCVaR,0.02,100,case03,FPP-Branch-Benders-RootCuts,FPP-Branch-Benders-MeanCVaR-ProjectedPathLLBI-exp-RootCuts,FPP-Branch-Benders-MeanCVaR-RootCuts,FPP-Branch-Benders-ProjectedPathLLBI-exp-RootCuts,FPP-Branch-Benders-RootCuts,0.205,0.06236310538,4.63612583,1.002572552,-0.04656139,0.457,-0.02
new20x20_reburn,reburn,MeanCVaR,0.02,100,case03,FPP-Branch-Benders-RootCuts,FPP-Branch-Benders-Combinatorial-MeanCVaR,FPP-Branch-Benders-MeanCVaR-RootCuts,FPP-Branch-Benders-Combinatorial,FPP-Branch-Benders-RootCuts,-0.58,-0.1764419567,50.72401939,1.028146387,0.00016962,-0.247,0.02
new20x20_reburn,reburn,CVaR,0.02,100,case04,FPP-Branch-Benders-RootCuts,FPP-Branch-Benders-CVaR-LLBI-RootCuts,FPP-Branch-Benders-CVaR-RootCuts,FPP-Branch-Benders-LLBI-RootCuts,FPP-Branch-Benders-RootCuts,0,0,4.87808523,1.002708647,0.02159303,-0.009,0.03
new20x20_reburn,reburn,CVaR,0.02,100,case04,FPP-Branch-Benders-RootCuts,FPP-Branch-Benders-CVaR-ProjectedCoverageLLBI-exp-RootCuts,FPP-Branch-Benders-CVaR-RootCuts,FPP-Branch-Benders-ProjectedCoverageLLBI-exp-RootCuts,FPP-Branch-Benders-RootCuts,0,0,169.1679232,1.093933634,0.02092909,0.075,-0.02
new20x20_reburn,reburn,CVaR,0.02,100,case04,FPP-Branch-Benders-RootCuts,FPP-Branch-Benders-CVaR-ProjectedPathLLBI-exp-RootCuts,FPP-Branch-Benders-CVaR-RootCuts,FPP-Branch-Benders-ProjectedPathLLBI-exp-RootCuts,FPP-Branch-Benders-RootCuts,0,0,10.7933472,1.005993207,-0.03369835,-0.061,0.03
new20x20_reburn,reburn,CVaR,0.02,100,case04,FPP-Branch-Benders-RootCuts,FPP-Branch-Benders-Combinatorial-CVaR,FPP-Branch-Benders-CVaR-RootCuts,FPP-Branch-Benders-Combinatorial,FPP-Branch-Benders-RootCuts,0,0,46.55712453,1.025851709,-0.12793017,-0.953,0.02
new20x20_reburn,reburn,Expected,0.02,100,case04,FPP-Branch-Benders-RootCuts,FPP-Branch-Benders-LLBI-RootCuts,FPP-Branch-Benders-RootCuts,FPP-Branch-Benders-LLBI-RootCuts,FPP-Branch-Benders-RootCuts,-0.38,-0.1560639041,3.15393681,1.001750457,0.02826609,-0.296,-0.03
new20x20_reburn,reburn,Expected,0.02,100,case04,FPP-Branch-Benders-RootCuts,FPP-Branch-Benders-ProjectedCoverageLLBI-exp-RootCuts,FPP-Branch-Benders-RootCuts,FPP-Branch-Benders-ProjectedCoverageLLBI-exp-RootCuts,FPP-Branch-Benders-RootCuts,-0.38,-0.1560639041,83.79767178,1.046508303,0.01946358,-0.396,0.04
new20x20_reburn,reburn,Expected,0.02,100,case04,FPP-Branch-Benders-RootCuts,FPP-Branch-Benders-ProjectedPathLLBI-exp-RootCuts,FPP-Branch-Benders-RootCuts,FPP-Branch-Benders-ProjectedPathLLBI-exp-RootCuts,FPP-Branch-Benders-RootCuts,0.05,0.02053472422,11.69093576,1.006488552,-0.04122433,0.036,-0.03
new20x20_reburn,reburn,Expected,0.02,100,case04,FPP-Branch-Benders-RootCuts,FPP-Branch-Benders-Combinatorial,FPP-Branch-Benders-RootCuts,FPP-Branch-Benders-Combinatorial,FPP-Branch-Benders-RootCuts,-1.76,-0.7228222925,36.20660216,1.020094921,-0.02458414,-0.492,-0.01
new20x20_reburn,reburn,MeanCVaR,0.02,100,case04,FPP-Branch-Benders-RootCuts,FPP-Branch-Benders-MeanCVaR-LLBI-RootCuts,FPP-Branch-Benders-MeanCVaR-RootCuts,FPP-Branch-Benders-LLBI-RootCuts,FPP-Branch-Benders-RootCuts,0.185,0.05829617609,3.27292952,1.001815087,0.0125354,0.11,-0.05
new20x20_reburn,reburn,MeanCVaR,0.02,100,case04,FPP-Branch-Benders-RootCuts,FPP-Branch-Benders-MeanCVaR-ProjectedCoverageLLBI-exp-RootCuts,FPP-Branch-Benders-MeanCVaR-RootCuts,FPP-Branch-Benders-ProjectedCoverageLLBI-exp-RootCuts,FPP-Branch-Benders-RootCuts,0.395,0.1244702138,174.6277951,1.096844296,0.0338104,0.373,-0.03
new20x20_reburn,reburn,MeanCVaR,0.02,100,case04,FPP-Branch-Benders-RootCuts,FPP-Branch-Benders-MeanCVaR-ProjectedPathLLBI-exp-RootCuts,FPP-Branch-Benders-MeanCVaR-RootCuts,FPP-Branch-Benders-ProjectedPathLLBI-exp-RootCuts,FPP-Branch-Benders-RootCuts,0.56,0.1764641006,8.93093464,1.004952878,-0.03916362,0.557,-0.05
new20x20_reburn,reburn,MeanCVaR,0.02,100,case04,FPP-Branch-Benders-RootCuts,FPP-Branch-Benders-Combinatorial-MeanCVaR,FPP-Branch-Benders-MeanCVaR-RootCuts,FPP-Branch-Benders-Combinatorial,FPP-Branch-Benders-RootCuts,-0.48,-0.1512549434,38.18814731,1.021178211,-0.01892225,-0.081,-0.03
new20x20_reburn,reburn,CVaR,0.03,100,case00,FPP-Branch-Benders-RootCuts,FPP-Branch-Benders-CVaR-LLBI-RootCuts,FPP-Branch-Benders-CVaR-RootCuts,FPP-Branch-Benders-LLBI-RootCuts,FPP-Branch-Benders-RootCuts,0,0,4.79307126,1.002661343,0.01694907,-0.265,-0.11
new20x20_reburn,reburn,CVaR,0.03,100,case00,FPP-Branch-Benders-RootCuts,FPP-Branch-Benders-CVaR-ProjectedCoverageLLBI-exp-RootCuts,FPP-Branch-Benders-CVaR-RootCuts,FPP-Branch-Benders-ProjectedCoverageLLBI-exp-RootCuts,FPP-Branch-Benders-RootCuts,0,0,87.55016185,1.048612046,0.01938862,-0.363,-0.03
new20x20_reburn,reburn,CVaR,0.03,100,case00,FPP-Branch-Benders-RootCuts,FPP-Branch-Benders-CVaR-ProjectedPathLLBI-exp-RootCuts,FPP-Branch-Benders-CVaR-RootCuts,FPP-Branch-Benders-ProjectedPathLLBI-exp-RootCuts,FPP-Branch-Benders-RootCuts,0.1,0.02577319588,4.81438757,1.002673179,0.01815296,0.038,-0.13
new20x20_reburn,reburn,CVaR,0.03,100,case00,FPP-Branch-Benders-RootCuts,FPP-Branch-Benders-Combinatorial-CVaR,FPP-Branch-Benders-CVaR-RootCuts,FPP-Branch-Benders-Combinatorial,FPP-Branch-Benders-RootCuts,0,0,107.9361004,1.059931296,-0.17804543,-0.626,0
new20x20_reburn,reburn,Expected,0.03,100,case00,FPP-Branch-Benders-RootCuts,FPP-Branch-Benders-LLBI-RootCuts,FPP-Branch-Benders-RootCuts,FPP-Branch-Benders-LLBI-RootCuts,FPP-Branch-Benders-RootCuts,-0.13,-0.0500057699,3.22900279,1.001791772,0.00363742,-0.319,-0.05
new20x20_reburn,reburn,Expected,0.03,100,case00,FPP-Branch-Benders-RootCuts,FPP-Branch-Benders-ProjectedCoverageLLBI-exp-RootCuts,FPP-Branch-Benders-RootCuts,FPP-Branch-Benders-ProjectedCoverageLLBI-exp-RootCuts,FPP-Branch-Benders-RootCuts,0.09,0.03461937916,133.8783275,1.074289032,0.01738792,-0.433,-0.1
new20x20_reburn,reburn,Expected,0.03,100,case00,FPP-Branch-Benders-RootCuts,FPP-Branch-Benders-ProjectedPathLLBI-exp-RootCuts,FPP-Branch-Benders-RootCuts,FPP-Branch-Benders-ProjectedPathLLBI-exp-RootCuts,FPP-Branch-Benders-RootCuts,0.04,0.01538639074,15.78163306,1.008757222,-0.03780489,0.061,-0.03
new20x20_reburn,reburn,Expected,0.03,100,case00,FPP-Branch-Benders-RootCuts,FPP-Branch-Benders-Combinatorial,FPP-Branch-Benders-RootCuts,FPP-Branch-Benders-Combinatorial,FPP-Branch-Benders-RootCuts,-0.66,-0.2538754472,107.3050866,1.059543551,-0.07791182,-0.395,-0.01
new20x20_reburn,reburn,MeanCVaR,0.03,100,case00,FPP-Branch-Benders-RootCuts,FPP-Branch-Benders-MeanCVaR-LLBI-RootCuts,FPP-Branch-Benders-MeanCVaR-RootCuts,FPP-Branch-Benders-LLBI-RootCuts,FPP-Branch-Benders-RootCuts,-0.045,-0.01388738871,12.035359,1.006682567,0.02130353,-0.232,0.01
new20x20_reburn,reburn,MeanCVaR,0.03,100,case00,FPP-Branch-Benders-RootCuts,FPP-Branch-Benders-MeanCVaR-ProjectedCoverageLLBI-exp-RootCuts,FPP-Branch-Benders-MeanCVaR-RootCuts,FPP-Branch-Benders-ProjectedCoverageLLBI-exp-RootCuts,FPP-Branch-Benders-RootCuts,-0.115,-0.03548999336,151.493279,1.084115814,0.02302701,-0.292,0.06
new20x20_reburn,reburn,MeanCVaR,0.03,100,case00,FPP-Branch-Benders-RootCuts,FPP-Branch-Benders-MeanCVaR-ProjectedPathLLBI-exp-RootCuts,FPP-Branch-Benders-MeanCVaR-RootCuts,FPP-Branch-Benders-ProjectedPathLLBI-exp-RootCuts,FPP-Branch-Benders-RootCuts,0.065,0.02005956147,5.78040592,1.003209539,-0.04877913,-0.398,0.07
new20x20_reburn,reburn,MeanCVaR,0.03,100,case00,FPP-Branch-Benders-RootCuts,FPP-Branch-Benders-Combinatorial-MeanCVaR,FPP-Branch-Benders-MeanCVaR-RootCuts,FPP-Branch-Benders-Combinatorial,FPP-Branch-Benders-RootCuts,-0.38,-0.1172712824,67.76386087,1.037625513,-0.05745439,-0.48,0.05
new20x20_reburn,reburn,CVaR,0.03,100,case01,FPP-Branch-Benders-RootCuts,FPP-Branch-Benders-CVaR-LLBI-RootCuts,FPP-Branch-Benders-CVaR-RootCuts,FPP-Branch-Benders-LLBI-RootCuts,FPP-Branch-Benders-RootCuts,0,0,3.73573936,1.002074233,0.02201367,0.569,-0.08
new20x20_reburn,reburn,CVaR,0.03,100,case01,FPP-Branch-Benders-RootCuts,FPP-Branch-Benders-CVaR-ProjectedCoverageLLBI-exp-RootCuts,FPP-Branch-Benders-CVaR-RootCuts,FPP-Branch-Benders-ProjectedCoverageLLBI-exp-RootCuts,FPP-Branch-Benders-RootCuts,0,0,134.6790812,1.074779237,0.01439749,-0.57,-0.05
new20x20_reburn,reburn,CVaR,0.03,100,case01,FPP-Branch-Benders-RootCuts,FPP-Branch-Benders-CVaR-ProjectedPathLLBI-exp-RootCuts,FPP-Branch-Benders-CVaR-RootCuts,FPP-Branch-Benders-ProjectedPathLLBI-exp-RootCuts,FPP-Branch-Benders-RootCuts,0,0,7.25394655,1.004027683,-0.03131029,0.172,-0.1
new20x20_reburn,reburn,CVaR,0.03,100,case01,FPP-Branch-Benders-RootCuts,FPP-Branch-Benders-Combinatorial-CVaR,FPP-Branch-Benders-CVaR-RootCuts,FPP-Branch-Benders-Combinatorial,FPP-Branch-Benders-RootCuts,0,0,70.04656072,1.038892665,-0.17529945,-1.353,-0.08
new20x20_reburn,reburn,Expected,0.03,100,case01,FPP-Branch-Benders-RootCuts,FPP-Branch-Benders-LLBI-RootCuts,FPP-Branch-Benders-RootCuts,FPP-Branch-Benders-LLBI-RootCuts,FPP-Branch-Benders-RootCuts,-0.52,-0.210739615,3.55425507,1.001973568,0.02896267,-0.126,0.04
new20x20_reburn,reburn,Expected,0.03,100,case01,FPP-Branch-Benders-RootCuts,FPP-Branch-Benders-ProjectedCoverageLLBI-exp-RootCuts,FPP-Branch-Benders-RootCuts,FPP-Branch-Benders-ProjectedCoverageLLBI-exp-RootCuts,FPP-Branch-Benders-RootCuts,-0.16,-0.06484295846,104.6308785,1.058098287,0.02630089,-0.182,0.07
new20x20_reburn,reburn,Expected,0.03,100,case01,FPP-Branch-Benders-RootCuts,FPP-Branch-Benders-ProjectedPathLLBI-exp-RootCuts,FPP-Branch-Benders-RootCuts,FPP-Branch-Benders-ProjectedPathLLBI-exp-RootCuts,FPP-Branch-Benders-RootCuts,-0.81,-0.3282674772,15.16870466,1.008422712,2.289e-05,-0.335,-0.01
new20x20_reburn,reburn,Expected,0.03,100,case01,FPP-Branch-Benders-RootCuts,FPP-Branch-Benders-Combinatorial,FPP-Branch-Benders-RootCuts,FPP-Branch-Benders-Combinatorial,FPP-Branch-Benders-RootCuts,-1.89,-0.7659574468,98.63031819,1.054766362,-0.04352718,-0.428,0
new20x20_reburn,reburn,MeanCVaR,0.03,100,case01,FPP-Branch-Benders-RootCuts,FPP-Branch-Benders-MeanCVaR-LLBI-RootCuts,FPP-Branch-Benders-MeanCVaR-RootCuts,FPP-Branch-Benders-LLBI-RootCuts,FPP-Branch-Benders-RootCuts,-0.005,-0.001574728753,2.87619417,1.001596229,-0.0156387,0.216,-0.12
new20x20_reburn,reburn,MeanCVaR,0.03,100,case01,FPP-Branch-Benders-RootCuts,FPP-Branch-Benders-MeanCVaR-ProjectedCoverageLLBI-exp-RootCuts,FPP-Branch-Benders-MeanCVaR-RootCuts,FPP-Branch-Benders-ProjectedCoverageLLBI-exp-RootCuts,FPP-Branch-Benders-RootCuts,-0.235,-0.07401225139,69.6922694,1.038677793,-0.01599281,-0.116,-0.13
new20x20_reburn,reburn,MeanCVaR,0.03,100,case01,FPP-Branch-Benders-RootCuts,FPP-Branch-Benders-MeanCVaR-ProjectedPathLLBI-exp-RootCuts,FPP-Branch-Benders-MeanCVaR-RootCuts,FPP-Branch-Benders-ProjectedPathLLBI-exp-RootCuts,FPP-Branch-Benders-RootCuts,0.06,0.01889674504,7.30752248,1.004055526,-0.0560035,0.309,-0.09
new20x20_reburn,reburn,MeanCVaR,0.03,100,case01,FPP-Branch-Benders-RootCuts,FPP-Branch-Benders-Combinatorial-MeanCVaR,FPP-Branch-Benders-MeanCVaR-RootCuts,FPP-Branch-Benders-Combinatorial,FPP-Branch-Benders-RootCuts,-1.085,-0.3417161394,68.77384155,1.038168085,-0.00661817,-0.433,-0.1
new20x20_reburn,reburn,CVaR,0.03,100,case02,FPP-Branch-Benders-RootCuts,FPP-Branch-Benders-CVaR-LLBI-RootCuts,FPP-Branch-Benders-CVaR-RootCuts,FPP-Branch-Benders-LLBI-RootCuts,FPP-Branch-Benders-RootCuts,0,0,3.36363388,1.001867191,0.00019971,-0.084,0.1
new20x20_reburn,reburn,CVaR,0.03,100,case02,FPP-Branch-Benders-RootCuts,FPP-Branch-Benders-CVaR-ProjectedCoverageLLBI-exp-RootCuts,FPP-Branch-Benders-CVaR-RootCuts,FPP-Branch-Benders-ProjectedCoverageLLBI-exp-RootCuts,FPP-Branch-Benders-RootCuts,0,0,108.8190829,1.060406688,0.0096031,-0.081,0.01
new20x20_reburn,reburn,CVaR,0.03,100,case02,FPP-Branch-Benders-RootCuts,FPP-Branch-Benders-CVaR-ProjectedPathLLBI-exp-RootCuts,FPP-Branch-Benders-CVaR-RootCuts,FPP-Branch-Benders-ProjectedPathLLBI-exp-RootCuts,FPP-Branch-Benders-RootCuts,0,0,4.62705289,1.002568529,-0.02729022,0.168,0.06
new20x20_reburn,reburn,CVaR,0.03,100,case02,FPP-Branch-Benders-RootCuts,FPP-Branch-Benders-Combinatorial-CVaR,FPP-Branch-Benders-CVaR-RootCuts,FPP-Branch-Benders-Combinatorial,FPP-Branch-Benders-RootCuts,0,0,62.05902885,1.03444966,-0.19912418,-1.435,-0.06
new20x20_reburn,reburn,Expected,0.03,100,case02,FPP-Branch-Benders-RootCuts,FPP-Branch-Benders-LLBI-RootCuts,FPP-Branch-Benders-RootCuts,FPP-Branch-Benders-LLBI-RootCuts,FPP-Branch-Benders-RootCuts,0.1,0.04223151316,8.97689468,1.00498094,0.03412889,0.236,0.06
new20x20_reburn,reburn,Expected,0.03,100,case02,FPP-Branch-Benders-RootCuts,FPP-Branch-Benders-ProjectedCoverageLLBI-exp-RootCuts,FPP-Branch-Benders-RootCuts,FPP-Branch-Benders-ProjectedCoverageLLBI-exp-RootCuts,FPP-Branch-Benders-RootCuts,-0.04,-0.01689260526,121.782237,1.067572371,0.00657119,0.43,0.03
new20x20_reburn,reburn,Expected,0.03,100,case02,FPP-Branch-Benders-RootCuts,FPP-Branch-Benders-ProjectedPathLLBI-exp-RootCuts,FPP-Branch-Benders-RootCuts,FPP-Branch-Benders-ProjectedPathLLBI-exp-RootCuts,FPP-Branch-Benders-RootCuts,0.08,0.03378521052,4.61225426,1.002559166,-0.0176062,0.145,0.04
new20x20_reburn,reburn,Expected,0.03,100,case02,FPP-Branch-Benders-RootCuts,FPP-Branch-Benders-Combinatorial,FPP-Branch-Benders-RootCuts,FPP-Branch-Benders-Combinatorial,FPP-Branch-Benders-RootCuts,-1.9,-0.8023987499,79.84721418,1.044304208,-0.089261,-0.514,-0.01
new20x20_reburn,reburn,MeanCVaR,0.03,100,case02,FPP-Branch-Benders-RootCuts,FPP-Branch-Benders-MeanCVaR-LLBI-RootCuts,FPP-Branch-Benders-MeanCVaR-RootCuts,FPP-Branch-Benders-LLBI-RootCuts,FPP-Branch-Benders-RootCuts,-0.045,-0.01439401209,5.45276116,1.003027577,-0.03449862,0.493,0.02
new20x20_reburn,reburn,MeanCVaR,0.03,100,case02,FPP-Branch-Benders-RootCuts,FPP-Branch-Benders-MeanCVaR-ProjectedCoverageLLBI-exp-RootCuts,FPP-Branch-Benders-MeanCVaR-RootCuts,FPP-Branch-Benders-ProjectedCoverageLLBI-exp-RootCuts,FPP-Branch-Benders-RootCuts,-0.085,-0.02718868951,84.55521202,1.046948212,-0.03131796,0.53,-0.03
new20x20_reburn,reburn,MeanCVaR,0.03,100,case02,FPP-Branch-Benders-RootCuts,FPP-Branch-Benders-MeanCVaR-ProjectedPathLLBI-exp-RootCuts,FPP-Branch-Benders-MeanCVaR-RootCuts,FPP-Branch-Benders-ProjectedPathLLBI-exp-RootCuts,FPP-Branch-Benders-RootCuts,0.055,0.01759268144,4.54707188,1.002524704,-0.04235017,0.442,-0.08
new20x20_reburn,reburn,MeanCVaR,0.03,100,case02,FPP-Branch-Benders-RootCuts,FPP-Branch-Benders-Combinatorial-MeanCVaR,FPP-Branch-Benders-MeanCVaR-RootCuts,FPP-Branch-Benders-Combinatorial,FPP-Branch-Benders-RootCuts,-1.185,-0.3790423184,77.95867343,1.043285568,-0.04212478,-0.75,-0.1
new20x20_reburn,reburn,CVaR,0.03,100,case03,FPP-Branch-Benders-RootCuts,FPP-Branch-Benders-CVaR-LLBI-RootCuts,FPP-Branch-Benders-CVaR-RootCuts,FPP-Branch-Benders-LLBI-RootCuts,FPP-Branch-Benders-RootCuts,0,0,9.13511724,1.005071714,0.03377748,0.176,-0.02
new20x20_reburn,reburn,CVaR,0.03,100,case03,FPP-Branch-Benders-RootCuts,FPP-Branch-Benders-CVaR-ProjectedCoverageLLBI-exp-RootCuts,FPP-Branch-Benders-CVaR-RootCuts,FPP-Branch-Benders-ProjectedCoverageLLBI-exp-RootCuts,FPP-Branch-Benders-RootCuts,0,0,95.54885977,1.053047645,0.02487326,-0.352,0.01
new20x20_reburn,reburn,CVaR,0.03,100,case03,FPP-Branch-Benders-RootCuts,FPP-Branch-Benders-CVaR-ProjectedPathLLBI-exp-RootCuts,FPP-Branch-Benders-CVaR-RootCuts,FPP-Branch-Benders-ProjectedPathLLBI-exp-RootCuts,FPP-Branch-Benders-RootCuts,0,0,13.16550164,1.007309337,-0.00284727,0.058,0.02
new20x20_reburn,reburn,CVaR,0.03,100,case03,FPP-Branch-Benders-RootCuts,FPP-Branch-Benders-Combinatorial-CVaR,FPP-Branch-Benders-CVaR-RootCuts,FPP-Branch-Benders-Combinatorial,FPP-Branch-Benders-RootCuts,0,0,86.19383773,1.047853843,-0.16477008,-0.878,0.01
new20x20_reburn,reburn,Expected,0.03,100,case03,FPP-Branch-Benders-RootCuts,FPP-Branch-Benders-LLBI-RootCuts,FPP-Branch-Benders-RootCuts,FPP-Branch-Benders-LLBI-RootCuts,FPP-Branch-Benders-RootCuts,2.73,1.057033337,3.19538407,1.001772563,0.03691718,0.676,0.01
new20x20_reburn,reburn,Expected,0.03,100,case03,FPP-Branch-Benders-RootCuts,FPP-Branch-Benders-ProjectedCoverageLLBI-exp-RootCuts,FPP-Branch-Benders-RootCuts,FPP-Branch-Benders-ProjectedCoverageLLBI-exp-RootCuts,FPP-Branch-Benders-RootCuts,4.06,1.571998296,120.4285686,1.066804889,0.02287386,1.18,-0.04
new20x20_reburn,reburn,Expected,0.03,100,case03,FPP-Branch-Benders-RootCuts,FPP-Branch-Benders-ProjectedPathLLBI-exp-RootCuts,FPP-Branch-Benders-RootCuts,FPP-Branch-Benders-ProjectedPathLLBI-exp-RootCuts,FPP-Branch-Benders-RootCuts,4.15,1.606845549,5.46186839,1.003029842,-0.03650133,0.8,0.08
new20x20_reburn,reburn,Expected,0.03,100,case03,FPP-Branch-Benders-RootCuts,FPP-Branch-Benders-Combinatorial,FPP-Branch-Benders-RootCuts,FPP-Branch-Benders-Combinatorial,FPP-Branch-Benders-RootCuts,2.4,0.9292600767,74.53401113,1.041345973,-0.06495493,0.598,0.01
new20x20_reburn,reburn,MeanCVaR,0.03,100,case03,FPP-Branch-Benders-RootCuts,FPP-Branch-Benders-MeanCVaR-LLBI-RootCuts,FPP-Branch-Benders-MeanCVaR-RootCuts,FPP-Branch-Benders-LLBI-RootCuts,FPP-Branch-Benders-RootCuts,0.145,0.04456464948,12.31450557,1.006827212,0.07452406,0.424,0.04
new20x20_reburn,reburn,MeanCVaR,0.03,100,case03,FPP-Branch-Benders-RootCuts,FPP-Branch-Benders-MeanCVaR-ProjectedCoverageLLBI-exp-RootCuts,FPP-Branch-Benders-MeanCVaR-RootCuts,FPP-Branch-Benders-ProjectedCoverageLLBI-exp-RootCuts,FPP-Branch-Benders-RootCuts,0.04,0.01229369641,108.3154537,1.060050524,0.03043479,0.227,0.07
new20x20_reburn,reburn,MeanCVaR,0.03,100,case03,FPP-Branch-Benders-RootCuts,FPP-Branch-Benders-MeanCVaR-ProjectedPathLLBI-exp-RootCuts,FPP-Branch-Benders-MeanCVaR-RootCuts,FPP-Branch-Benders-ProjectedPathLLBI-exp-RootCuts,FPP-Branch-Benders-RootCuts,-0.045,-0.01383040846,14.6799473,1.008138622,-0.02524337,0.54,-0.04
new20x20_reburn,reburn,MeanCVaR,0.03,100,case03,FPP-Branch-Benders-RootCuts,FPP-Branch-Benders-Combinatorial-MeanCVaR,FPP-Branch-Benders-MeanCVaR-RootCuts,FPP-Branch-Benders-Combinatorial,FPP-Branch-Benders-RootCuts,-1.035,-0.3180993945,74.24740563,1.041163061,-0.00121805,-0.342,0.02
new20x20_reburn,reburn,CVaR,0.03,100,case04,FPP-Branch-Benders-RootCuts,FPP-Branch-Benders-CVaR-LLBI-RootCuts,FPP-Branch-Benders-CVaR-RootCuts,FPP-Branch-Benders-LLBI-RootCuts,FPP-Branch-Benders-RootCuts,0,0,4.13293988,1.002294721,0.00615763,-0.413,0.04
new20x20_reburn,reburn,CVaR,0.03,100,case04,FPP-Branch-Benders-RootCuts,FPP-Branch-Benders-CVaR-ProjectedCoverageLLBI-exp-RootCuts,FPP-Branch-Benders-CVaR-RootCuts,FPP-Branch-Benders-ProjectedCoverageLLBI-exp-RootCuts,FPP-Branch-Benders-RootCuts,0,0,122.2764713,1.067891248,0.01571093,-0.848,0.04
new20x20_reburn,reburn,CVaR,0.03,100,case04,FPP-Branch-Benders-RootCuts,FPP-Branch-Benders-CVaR-ProjectedPathLLBI-exp-RootCuts,FPP-Branch-Benders-CVaR-RootCuts,FPP-Branch-Benders-ProjectedPathLLBI-exp-RootCuts,FPP-Branch-Benders-RootCuts,0,0,8.32242805,1.00462084,-0.02777214,-0.602,0.06
new20x20_reburn,reburn,CVaR,0.03,100,case04,FPP-Branch-Benders-RootCuts,FPP-Branch-Benders-Combinatorial-CVaR,FPP-Branch-Benders-CVaR-RootCuts,FPP-Branch-Benders-Combinatorial,FPP-Branch-Benders-RootCuts,0,0,58.24263071,1.032337905,-0.1903046,-1.212,0.02
new20x20_reburn,reburn,Expected,0.03,100,case04,FPP-Branch-Benders-RootCuts,FPP-Branch-Benders-LLBI-RootCuts,FPP-Branch-Benders-RootCuts,FPP-Branch-Benders-LLBI-RootCuts,FPP-Branch-Benders-RootCuts,0.28,0.1164967755,7.12909169,1.003956245,0.0218495,0.086,0.04
new20x20_reburn,reburn,Expected,0.03,100,case04,FPP-Branch-Benders-RootCuts,FPP-Branch-Benders-ProjectedCoverageLLBI-exp-RootCuts,FPP-Branch-Benders-RootCuts,FPP-Branch-Benders-ProjectedCoverageLLBI-exp-RootCuts,FPP-Branch-Benders-RootCuts,0.14,0.05824838777,89.46601261,1.049648605,0.00243055,0.133,0.02
new20x20_reburn,reburn,Expected,0.03,100,case04,FPP-Branch-Benders-RootCuts,FPP-Branch-Benders-ProjectedPathLLBI-exp-RootCuts,FPP-Branch-Benders-RootCuts,FPP-Branch-Benders-ProjectedPathLLBI-exp-RootCuts,FPP-Branch-Benders-RootCuts,0.48,0.1997087581,7.31838333,1.004061291,-0.01004626,0.377,0.05
new20x20_reburn,reburn,Expected,0.03,100,case04,FPP-Branch-Benders-RootCuts,FPP-Branch-Benders-Combinatorial,FPP-Branch-Benders-RootCuts,FPP-Branch-Benders-Combinatorial,FPP-Branch-Benders-RootCuts,-1.69,-0.7031412523,51.37106776,1.028508053,-0.05932505,-0.362,0.02
new20x20_reburn,reburn,MeanCVaR,0.03,100,case04,FPP-Branch-Benders-RootCuts,FPP-Branch-Benders-MeanCVaR-LLBI-RootCuts,FPP-Branch-Benders-MeanCVaR-RootCuts,FPP-Branch-Benders-LLBI-RootCuts,FPP-Branch-Benders-RootCuts,0.015,0.004773497542,2.76589825,1.001533527,0.02178877,-0.068,-0.04
new20x20_reburn,reburn,MeanCVaR,0.03,100,case04,FPP-Branch-Benders-RootCuts,FPP-Branch-Benders-MeanCVaR-ProjectedCoverageLLBI-exp-RootCuts,FPP-Branch-Benders-MeanCVaR-RootCuts,FPP-Branch-Benders-ProjectedCoverageLLBI-exp-RootCuts,FPP-Branch-Benders-RootCuts,0.24,0.07637596067,164.4625439,1.091184745,0.02677806,0.024,-0.01
new20x20_reburn,reburn,MeanCVaR,0.03,100,case04,FPP-Branch-Benders-RootCuts,FPP-Branch-Benders-MeanCVaR-ProjectedPathLLBI-exp-RootCuts,FPP-Branch-Benders-MeanCVaR-RootCuts,FPP-Branch-Benders-ProjectedPathLLBI-exp-RootCuts,FPP-Branch-Benders-RootCuts,-0.155,-0.04932614126,8.3747509,1.004643304,-0.00448418,-0.324,-0.05
new20x20_reburn,reburn,MeanCVaR,0.03,100,case04,FPP-Branch-Benders-RootCuts,FPP-Branch-Benders-Combinatorial-MeanCVaR,FPP-Branch-Benders-MeanCVaR-RootCuts,FPP-Branch-Benders-Combinatorial,FPP-Branch-Benders-RootCuts,-0.855,-0.2720893599,70.77541724,1.039240779,-0.03965235,-0.49,-0.05
new20x20_reburn,reburn,CVaR,0.01,200,case00,FPP-Branch-Benders-RootCuts,FPP-Branch-Benders-CVaR-LLBI-RootCuts,FPP-Branch-Benders-CVaR-RootCuts,FPP-Branch-Benders-LLBI-RootCuts,FPP-Branch-Benders-RootCuts,0,0,19.06975799,1.010583371,0.01246627,-0.124,-0.01
new20x20_reburn,reburn,CVaR,0.01,200,case00,FPP-Branch-Benders-RootCuts,FPP-Branch-Benders-CVaR-ProjectedCoverageLLBI-exp-RootCuts,FPP-Branch-Benders-CVaR-RootCuts,FPP-Branch-Benders-ProjectedCoverageLLBI-exp-RootCuts,FPP-Branch-Benders-RootCuts,0,0,239.4088472,1.132867578,0.05447363,0.34,-0.02
new20x20_reburn,reburn,CVaR,0.01,200,case00,FPP-Branch-Benders-RootCuts,FPP-Branch-Benders-CVaR-ProjectedPathLLBI-exp-RootCuts,FPP-Branch-Benders-CVaR-RootCuts,FPP-Branch-Benders-ProjectedPathLLBI-exp-RootCuts,FPP-Branch-Benders-RootCuts,0,0,14.67632185,1.008145093,-0.04283476,0.383,0.02
new20x20_reburn,reburn,CVaR,0.01,200,case00,FPP-Branch-Benders-RootCuts,FPP-Branch-Benders-Combinatorial-CVaR,FPP-Branch-Benders-CVaR-RootCuts,FPP-Branch-Benders-Combinatorial,FPP-Branch-Benders-RootCuts,0.05,0.01262626263,52.15133446,1.028943047,-0.08473711,-0.604,-0.02
new20x20_reburn,reburn,Expected,0.01,200,case00,FPP-Branch-Benders-RootCuts,FPP-Branch-Benders-LLBI-RootCuts,FPP-Branch-Benders-RootCuts,FPP-Branch-Benders-LLBI-RootCuts,FPP-Branch-Benders-RootCuts,0.01,0.003870268597,3.91859626,1.002166295,0.00234275,-0.035,-0.02
new20x20_reburn,reburn,Expected,0.01,200,case00,FPP-Branch-Benders-RootCuts,FPP-Branch-Benders-ProjectedCoverageLLBI-exp-RootCuts,FPP-Branch-Benders-RootCuts,FPP-Branch-Benders-ProjectedCoverageLLBI-exp-RootCuts,FPP-Branch-Benders-RootCuts,-0.09,-0.03483241737,226.6653454,1.125306083,0.00992088,-0.147,0.01
new20x20_reburn,reburn,Expected,0.01,200,case00,FPP-Branch-Benders-RootCuts,FPP-Branch-Benders-ProjectedPathLLBI-exp-RootCuts,FPP-Branch-Benders-RootCuts,FPP-Branch-Benders-ProjectedPathLLBI-exp-RootCuts,FPP-Branch-Benders-RootCuts,-0.275,-0.1064323864,-0.71126111,0.9996067977,-0.06641597,-0.62,0.01
new20x20_reburn,reburn,Expected,0.01,200,case00,FPP-Branch-Benders-RootCuts,FPP-Branch-Benders-Combinatorial,FPP-Branch-Benders-RootCuts,FPP-Branch-Benders-Combinatorial,FPP-Branch-Benders-RootCuts,-0.545,-0.2109296385,51.11334756,1.028256694,-0.07770106,-0.688,-0.01
new20x20_reburn,reburn,MeanCVaR,0.01,200,case00,FPP-Branch-Benders-RootCuts,FPP-Branch-Benders-MeanCVaR-LLBI-RootCuts,FPP-Branch-Benders-MeanCVaR-RootCuts,FPP-Branch-Benders-LLBI-RootCuts,FPP-Branch-Benders-RootCuts,-0.08,-0.0244453951,13.8255503,1.007670982,0.01787289,-0.356,-0.03
new20x20_reburn,reburn,MeanCVaR,0.01,200,case00,FPP-Branch-Benders-RootCuts,FPP-Branch-Benders-MeanCVaR-ProjectedCoverageLLBI-exp-RootCuts,FPP-Branch-Benders-MeanCVaR-RootCuts,FPP-Branch-Benders-ProjectedCoverageLLBI-exp-RootCuts,FPP-Branch-Benders-RootCuts,-0.2225,-0.06798875512,249.218724,1.138276772,0.04548773,-0.435,-0.08
new20x20_reburn,reburn,MeanCVaR,0.01,200,case00,FPP-Branch-Benders-RootCuts,FPP-Branch-Benders-MeanCVaR-ProjectedPathLLBI-exp-RootCuts,FPP-Branch-Benders-MeanCVaR-RootCuts,FPP-Branch-Benders-ProjectedPathLLBI-exp-RootCuts,FPP-Branch-Benders-RootCuts,-0.02,-0.006111348775,11.31876172,1.006280113,-0.03751479,-0.174,-0.03
new20x20_reburn,reburn,MeanCVaR,0.01,200,case00,FPP-Branch-Benders-RootCuts,FPP-Branch-Benders-Combinatorial-MeanCVaR,FPP-Branch-Benders-MeanCVaR-RootCuts,FPP-Branch-Benders-Combinatorial,FPP-Branch-Benders-RootCuts,-0.3175,-0.0970176618,54.48963216,1.030233083,-0.03791536,-0.74,-0.05
new20x20_reburn,reburn,CVaR,0.01,200,case01,FPP-Branch-Benders-RootCuts,FPP-Branch-Benders-CVaR-LLBI-RootCuts,FPP-Branch-Benders-CVaR-RootCuts,FPP-Branch-Benders-LLBI-RootCuts,FPP-Branch-Benders-RootCuts,0,0,15.96022182,1.008841569,0.02648432,0.132,0.02
new20x20_reburn,reburn,CVaR,0.01,200,case01,FPP-Branch-Benders-RootCuts,FPP-Branch-Benders-CVaR-ProjectedCoverageLLBI-exp-RootCuts,FPP-Branch-Benders-CVaR-RootCuts,FPP-Branch-Benders-ProjectedCoverageLLBI-exp-RootCuts,FPP-Branch-Benders-RootCuts,0,0,191.8078135,1.1062568,0.00952922,0.094,0.05
new20x20_reburn,reburn,CVaR,0.01,200,case01,FPP-Branch-Benders-RootCuts,FPP-Branch-Benders-CVaR-ProjectedPathLLBI-exp-RootCuts,FPP-Branch-Benders-CVaR-RootCuts,FPP-Branch-Benders-ProjectedPathLLBI-exp-RootCuts,FPP-Branch-Benders-RootCuts,0,0,9.79705617,1.005427328,-0.03369096,0.105,-0.01
new20x20_reburn,reburn,CVaR,0.01,200,case01,FPP-Branch-Benders-RootCuts,FPP-Branch-Benders-Combinatorial-CVaR,FPP-Branch-Benders-CVaR-RootCuts,FPP-Branch-Benders-Combinatorial,FPP-Branch-Benders-RootCuts,0.05,0.01262626263,41.57177323,1.023029738,-0.08904138,-0.577,0.02
new20x20_reburn,reburn,Expected,0.01,200,case01,FPP-Branch-Benders-RootCuts,FPP-Branch-Benders-LLBI-RootCuts,FPP-Branch-Benders-RootCuts,FPP-Branch-Benders-LLBI-RootCuts,FPP-Branch-Benders-RootCuts,0.025,0.009792784676,10.27712945,1.005696051,0.02156537,-0.155,-0.03
new20x20_reburn,reburn,Expected,0.01,200,case01,FPP-Branch-Benders-RootCuts,FPP-Branch-Benders-ProjectedCoverageLLBI-exp-RootCuts,FPP-Branch-Benders-RootCuts,FPP-Branch-Benders-ProjectedCoverageLLBI-exp-RootCuts,FPP-Branch-Benders-RootCuts,-0.055,-0.02154412629,274.951203,1.152390429,0.06497668,-0.207,0
new20x20_reburn,reburn,Expected,0.01,200,case01,FPP-Branch-Benders-RootCuts,FPP-Branch-Benders-ProjectedPathLLBI-exp-RootCuts,FPP-Branch-Benders-RootCuts,FPP-Branch-Benders-ProjectedPathLLBI-exp-RootCuts,FPP-Branch-Benders-RootCuts,-0.585,-0.2291511614,15.17144759,1.008408704,-0.03996045,-0.273,0
new20x20_reburn,reburn,Expected,0.01,200,case01,FPP-Branch-Benders-RootCuts,FPP-Branch-Benders-Combinatorial,FPP-Branch-Benders-RootCuts,FPP-Branch-Benders-Combinatorial,FPP-Branch-Benders-RootCuts,-0.755,-0.2957420972,23.90723751,1.013250475,-0.01259791,-0.521,0.01
new20x20_reburn,reburn,MeanCVaR,0.01,200,case01,FPP-Branch-Benders-RootCuts,FPP-Branch-Benders-MeanCVaR-LLBI-RootCuts,FPP-Branch-Benders-MeanCVaR-RootCuts,FPP-Branch-Benders-LLBI-RootCuts,FPP-Branch-Benders-RootCuts,-0.57,-0.1748788121,7.11162088,1.003943967,0.05821243,-0.541,0.01
new20x20_reburn,reburn,MeanCVaR,0.01,200,case01,FPP-Branch-Benders-RootCuts,FPP-Branch-Benders-MeanCVaR-ProjectedCoverageLLBI-exp-RootCuts,FPP-Branch-Benders-MeanCVaR-RootCuts,FPP-Branch-Benders-ProjectedCoverageLLBI-exp-RootCuts,FPP-Branch-Benders-RootCuts,-0.2325,-0.07133214702,153.2156625,1.084970432,0.00891859,-0.151,0.01
new20x20_reburn,reburn,MeanCVaR,0.01,200,case01,FPP-Branch-Benders-RootCuts,FPP-Branch-Benders-MeanCVaR-ProjectedPathLLBI-exp-RootCuts,FPP-Branch-Benders-MeanCVaR-RootCuts,FPP-Branch-Benders-ProjectedPathLLBI-exp-RootCuts,FPP-Branch-Benders-RootCuts,-0.1,-0.03068049334,6.41119707,1.003555525,-0.01126341,-0.128,0.02
new20x20_reburn,reburn,MeanCVaR,0.01,200,case01,FPP-Branch-Benders-RootCuts,FPP-Branch-Benders-Combinatorial-MeanCVaR,FPP-Branch-Benders-MeanCVaR-RootCuts,FPP-Branch-Benders-Combinatorial,FPP-Branch-Benders-RootCuts,-0.6475,-0.1986561944,26.1640294,1.014510063,-0.01635556,-0.591,0.01
new20x20_reburn,reburn,CVaR,0.01,200,case02,FPP-Branch-Benders-RootCuts,FPP-Branch-Benders-CVaR-LLBI-RootCuts,FPP-Branch-Benders-CVaR-RootCuts,FPP-Branch-Benders-LLBI-RootCuts,FPP-Branch-Benders-RootCuts,0.05,0.01262626263,11.74852861,1.006516724,0.06431212,0.42,0.04
new20x20_reburn,reburn,CVaR,0.01,200,case02,FPP-Branch-Benders-RootCuts,FPP-Branch-Benders-CVaR-ProjectedCoverageLLBI-exp-RootCuts,FPP-Branch-Benders-CVaR-RootCuts,FPP-Branch-Benders-ProjectedCoverageLLBI-exp-RootCuts,FPP-Branch-Benders-RootCuts,0,0,247.6910643,1.137390342,0.01604586,0.237,-0.01
new20x20_reburn,reburn,CVaR,0.01,200,case02,FPP-Branch-Benders-RootCuts,FPP-Branch-Benders-CVaR-ProjectedPathLLBI-exp-RootCuts,FPP-Branch-Benders-CVaR-RootCuts,FPP-Branch-Benders-ProjectedPathLLBI-exp-RootCuts,FPP-Branch-Benders-RootCuts,0,0,12.92726422,1.00717055,-0.02694605,0.376,-0.04
new20x20_reburn,reburn,CVaR,0.01,200,case02,FPP-Branch-Benders-RootCuts,FPP-Branch-Benders-Combinatorial-CVaR,FPP-Branch-Benders-CVaR-RootCuts,FPP-Branch-Benders-Combinatorial,FPP-Branch-Benders-RootCuts,0,0,44.76316579,1.024829425,-0.07007295,-0.75,0.01
new20x20_reburn,reburn,Expected,0.01,200,case02,FPP-Branch-Benders-RootCuts,FPP-Branch-Benders-LLBI-RootCuts,FPP-Branch-Benders-RootCuts,FPP-Branch-Benders-LLBI-RootCuts,FPP-Branch-Benders-RootCuts,0.03,0.01118088814,24.89502405,1.013814188,0.07965329,-0.142,-0.01
new20x20_reburn,reburn,Expected,0.01,200,case02,FPP-Branch-Benders-RootCuts,FPP-Branch-Benders-ProjectedCoverageLLBI-exp-RootCuts,FPP-Branch-Benders-RootCuts,FPP-Branch-Benders-ProjectedCoverageLLBI-exp-RootCuts,FPP-Branch-Benders-RootCuts,-0.035,-0.01304436949,215.9880536,1.119851246,0.03156814,-0.176,0.04
new20x20_reburn,reburn,Expected,0.01,200,case02,FPP-Branch-Benders-RootCuts,FPP-Branch-Benders-ProjectedPathLLBI-exp-RootCuts,FPP-Branch-Benders-RootCuts,FPP-Branch-Benders-ProjectedPathLLBI-exp-RootCuts,FPP-Branch-Benders-RootCuts,0.11,0.04099658983,9.54850467,1.005298442,-0.02372727,-0.097,0
new20x20_reburn,reburn,Expected,0.01,200,case02,FPP-Branch-Benders-RootCuts,FPP-Branch-Benders-Combinatorial,FPP-Branch-Benders-RootCuts,FPP-Branch-Benders-Combinatorial,FPP-Branch-Benders-RootCuts,-0.315,-0.1173993254,58.37920866,1.032394481,-0.02915291,-0.527,0.01
new20x20_reburn,reburn,MeanCVaR,0.01,200,case02,FPP-Branch-Benders-RootCuts,FPP-Branch-Benders-MeanCVaR-LLBI-RootCuts,FPP-Branch-Benders-MeanCVaR-RootCuts,FPP-Branch-Benders-LLBI-RootCuts,FPP-Branch-Benders-RootCuts,0.0425,0.01279186137,14.08205998,1.00780353,0.01799311,0.248,0.02
new20x20_reburn,reburn,MeanCVaR,0.01,200,case02,FPP-Branch-Benders-RootCuts,FPP-Branch-Benders-MeanCVaR-ProjectedCoverageLLBI-exp-RootCuts,FPP-Branch-Benders-MeanCVaR-RootCuts,FPP-Branch-Benders-ProjectedCoverageLLBI-exp-RootCuts,FPP-Branch-Benders-RootCuts,-0.0025,-0.0007524624333,249.0918829,1.138033501,0.01463097,0.195,0
new20x20_reburn,reburn,MeanCVaR,0.01,200,case02,FPP-Branch-Benders-RootCuts,FPP-Branch-Benders-MeanCVaR-ProjectedPathLLBI-exp-RootCuts,FPP-Branch-Benders-MeanCVaR-RootCuts,FPP-Branch-Benders-ProjectedPathLLBI-exp-RootCuts,FPP-Branch-Benders-RootCuts,-0.1025,-0.03085095977,6.6374929,1.003678146,-0.03110329,0.184,0.01
new20x20_reburn,reburn,MeanCVaR,0.01,200,case02,FPP-Branch-Benders-RootCuts,FPP-Branch-Benders-Combinatorial-MeanCVaR,FPP-Branch-Benders-MeanCVaR-RootCuts,FPP-Branch-Benders-Combinatorial,FPP-Branch-Benders-RootCuts,-0.2425,-0.07298885603,29.00437566,1.016072686,-0.02654982,-0.322,0.03
new20x20_reburn,reburn,CVaR,0.01,200,case03,FPP-Branch-Benders-RootCuts,FPP-Branch-Benders-CVaR-LLBI-RootCuts,FPP-Branch-Benders-CVaR-RootCuts,FPP-Branch-Benders-LLBI-RootCuts,FPP-Branch-Benders-RootCuts,0,0,18.81964818,1.010438934,-0.02758324,-0.14,-0.02
new20x20_reburn,reburn,CVaR,0.01,200,case03,FPP-Branch-Benders-RootCuts,FPP-Branch-Benders-CVaR-ProjectedCoverageLLBI-exp-RootCuts,FPP-Branch-Benders-CVaR-RootCuts,FPP-Branch-Benders-ProjectedCoverageLLBI-exp-RootCuts,FPP-Branch-Benders-RootCuts,0,0,243.6666216,1.135157672,-0.02138051,0.012,-0.04
new20x20_reburn,reburn,CVaR,0.01,200,case03,FPP-Branch-Benders-RootCuts,FPP-Branch-Benders-CVaR-ProjectedPathLLBI-exp-RootCuts,FPP-Branch-Benders-CVaR-RootCuts,FPP-Branch-Benders-ProjectedPathLLBI-exp-RootCuts,FPP-Branch-Benders-RootCuts,0,0,13.36657578,1.007414209,-0.0536716,0.087,-0.01
new20x20_reburn,reburn,CVaR,0.01,200,case03,FPP-Branch-Benders-RootCuts,FPP-Branch-Benders-Combinatorial-CVaR,FPP-Branch-Benders-CVaR-RootCuts,FPP-Branch-Benders-Combinatorial,FPP-Branch-Benders-RootCuts,0.1,0.02525252525,64.95436825,1.036029068,-0.09630986,-0.92,0
new20x20_reburn,reburn,Expected,0.01,200,case03,FPP-Branch-Benders-RootCuts,FPP-Branch-Benders-LLBI-RootCuts,FPP-Branch-Benders-RootCuts,FPP-Branch-Benders-LLBI-RootCuts,FPP-Branch-Benders-RootCuts,-0.13,-0.0480760341,14.88137386,1.008258032,0.02547182,-0.198,0
new20x20_reburn,reburn,Expected,0.01,200,case03,FPP-Branch-Benders-RootCuts,FPP-Branch-Benders-ProjectedCoverageLLBI-exp-RootCuts,FPP-Branch-Benders-RootCuts,FPP-Branch-Benders-ProjectedCoverageLLBI-exp-RootCuts,FPP-Branch-Benders-RootCuts,-0.325,-0.1201900852,253.4965656,1.140671339,0.02567217,-0.07,-0.02
new20x20_reburn,reburn,Expected,0.01,200,case03,FPP-Branch-Benders-RootCuts,FPP-Branch-Benders-ProjectedPathLLBI-exp-RootCuts,FPP-Branch-Benders-RootCuts,FPP-Branch-Benders-ProjectedPathLLBI-exp-RootCuts,FPP-Branch-Benders-RootCuts,-0.095,-0.03513248646,14.4940974,1.008043123,-0.03365532,0.02,-0.01
new20x20_reburn,reburn,Expected,0.01,200,case03,FPP-Branch-Benders-RootCuts,FPP-Branch-Benders-Combinatorial,FPP-Branch-Benders-RootCuts,FPP-Branch-Benders-Combinatorial,FPP-Branch-Benders-RootCuts,-0.39,-0.1442281023,64.8728361,1.035999496,-0.03333335,-0.298,0.01
new20x20_reburn,reburn,MeanCVaR,0.01,200,case03,FPP-Branch-Benders-RootCuts,FPP-Branch-Benders-MeanCVaR-LLBI-RootCuts,FPP-Branch-Benders-MeanCVaR-RootCuts,FPP-Branch-Benders-LLBI-RootCuts,FPP-Branch-Benders-RootCuts,0.0475,0.0142570929,17.07011228,1.009473484,0.01310496,0.252,0.03
new20x20_reburn,reburn,MeanCVaR,0.01,200,case03,FPP-Branch-Benders-RootCuts,FPP-Branch-Benders-MeanCVaR-ProjectedCoverageLLBI-exp-RootCuts,FPP-Branch-Benders-MeanCVaR-RootCuts,FPP-Branch-Benders-ProjectedCoverageLLBI-exp-RootCuts,FPP-Branch-Benders-RootCuts,0.0375,0.01125559966,215.9635104,1.119854324,0.01066224,0.277,-0.01
new20x20_reburn,reburn,MeanCVaR,0.01,200,case03,FPP-Branch-Benders-RootCuts,FPP-Branch-Benders-MeanCVaR-ProjectedPathLLBI-exp-RootCuts,FPP-Branch-Benders-MeanCVaR-RootCuts,FPP-Branch-Benders-ProjectedPathLLBI-exp-RootCuts,FPP-Branch-Benders-RootCuts,0.11,0.03301642567,8.77556295,1.004870217,-0.03598323,0.414,0.04
new20x20_reburn,reburn,MeanCVaR,0.01,200,case03,FPP-Branch-Benders-RootCuts,FPP-Branch-Benders-Combinatorial-MeanCVaR,FPP-Branch-Benders-MeanCVaR-RootCuts,FPP-Branch-Benders-Combinatorial,FPP-Branch-Benders-RootCuts,-0.11,-0.03301642567,29.01136457,1.016100579,-0.01902217,-0.057,0.01
new20x20_reburn,reburn,CVaR,0.01,200,case04,FPP-Branch-Benders-RootCuts,FPP-Branch-Benders-CVaR-LLBI-RootCuts,FPP-Branch-Benders-CVaR-RootCuts,FPP-Branch-Benders-LLBI-RootCuts,FPP-Branch-Benders-RootCuts,0,0,6.41873796,1.003556499,0.02079043,-0.055,0.03
new20x20_reburn,reburn,CVaR,0.01,200,case04,FPP-Branch-Benders-RootCuts,FPP-Branch-Benders-CVaR-ProjectedCoverageLLBI-exp-RootCuts,FPP-Branch-Benders-CVaR-RootCuts,FPP-Branch-Benders-ProjectedCoverageLLBI-exp-RootCuts,FPP-Branch-Benders-RootCuts,0,0,224.7230903,1.124514721,0.00740578,-0.283,-0.01
new20x20_reburn,reburn,CVaR,0.01,200,case04,FPP-Branch-Benders-RootCuts,FPP-Branch-Benders-CVaR-ProjectedPathLLBI-exp-RootCuts,FPP-Branch-Benders-CVaR-RootCuts,FPP-Branch-Benders-ProjectedPathLLBI-exp-RootCuts,FPP-Branch-Benders-RootCuts,0,0,14.45469293,1.008009066,-0.02062634,-0.086,0
new20x20_reburn,reburn,CVaR,0.01,200,case04,FPP-Branch-Benders-RootCuts,FPP-Branch-Benders-Combinatorial-CVaR,FPP-Branch-Benders-CVaR-RootCuts,FPP-Branch-Benders-Combinatorial,FPP-Branch-Benders-RootCuts,0,0,76.02342598,1.042123111,-0.07130418,-0.866,0.01
new20x20_reburn,reburn,Expected,0.01,200,case04,FPP-Branch-Benders-RootCuts,FPP-Branch-Benders-LLBI-RootCuts,FPP-Branch-Benders-RootCuts,FPP-Branch-Benders-LLBI-RootCuts,FPP-Branch-Benders-RootCuts,-0.34,-0.1352157487,6.01448518,1.003333075,0.0204581,0.053,-0.03
new20x20_reburn,reburn,Expected,0.01,200,case04,FPP-Branch-Benders-RootCuts,FPP-Branch-Benders-ProjectedCoverageLLBI-exp-RootCuts,FPP-Branch-Benders-RootCuts,FPP-Branch-Benders-ProjectedCoverageLLBI-exp-RootCuts,FPP-Branch-Benders-RootCuts,-0.24,-0.09544641082,185.6834039,1.102901026,-0.02123325,0.037,-0.03
new20x20_reburn,reburn,Expected,0.01,200,case04,FPP-Branch-Benders-RootCuts,FPP-Branch-Benders-ProjectedPathLLBI-exp-RootCuts,FPP-Branch-Benders-RootCuts,FPP-Branch-Benders-ProjectedPathLLBI-exp-RootCuts,FPP-Branch-Benders-RootCuts,-0.31,-0.1232849473,3.9089772,1.002166256,-0.06056787,0.192,-0.04
new20x20_reburn,reburn,Expected,0.01,200,case04,FPP-Branch-Benders-RootCuts,FPP-Branch-Benders-Combinatorial,FPP-Branch-Benders-RootCuts,FPP-Branch-Benders-Combinatorial,FPP-Branch-Benders-RootCuts,-0.445,-0.1769735534,24.6536073,1.013662403,-0.04608,-0.152,0
new20x20_reburn,reburn,MeanCVaR,0.01,200,case04,FPP-Branch-Benders-RootCuts,FPP-Branch-Benders-MeanCVaR-LLBI-RootCuts,FPP-Branch-Benders-MeanCVaR-RootCuts,FPP-Branch-Benders-LLBI-RootCuts,FPP-Branch-Benders-RootCuts,-0.3525,-0.1088080503,21.54369389,1.01193487,0.02356734,-0.195,-0.02
new20x20_reburn,reburn,MeanCVaR,0.01,200,case04,FPP-Branch-Benders-RootCuts,FPP-Branch-Benders-MeanCVaR-ProjectedCoverageLLBI-exp-RootCuts,FPP-Branch-Benders-MeanCVaR-RootCuts,FPP-Branch-Benders-ProjectedCoverageLLBI-exp-RootCuts,FPP-Branch-Benders-RootCuts,-0.355,-0.1095797386,141.4873021,1.078381758,0.02578303,-0.263,-0.01
new20x20_reburn,reburn,MeanCVaR,0.01,200,case04,FPP-Branch-Benders-RootCuts,FPP-Branch-Benders-MeanCVaR-ProjectedPathLLBI-exp-RootCuts,FPP-Branch-Benders-MeanCVaR-RootCuts,FPP-Branch-Benders-ProjectedPathLLBI-exp-RootCuts,FPP-Branch-Benders-RootCuts,-0.2775,-0.08565740126,3.90003049,1.002160556,-0.05739062,-0.075,-0.01
new20x20_reburn,reburn,MeanCVaR,0.01,200,case04,FPP-Branch-Benders-RootCuts,FPP-Branch-Benders-Combinatorial-MeanCVaR,FPP-Branch-Benders-MeanCVaR-RootCuts,FPP-Branch-Benders-Combinatorial,FPP-Branch-Benders-RootCuts,-0.4625,-0.1427623354,54.17180673,1.030010336,-0.03913336,-0.466,0.01
new20x20_reburn,reburn,CVaR,0.02,200,case00,FPP-Branch-Benders-RootCuts,FPP-Branch-Benders-CVaR-LLBI-RootCuts,FPP-Branch-Benders-CVaR-RootCuts,FPP-Branch-Benders-LLBI-RootCuts,FPP-Branch-Benders-RootCuts,0,0,23.27960199,1.012906531,0.0120594,-0.297,0.03
new20x20_reburn,reburn,CVaR,0.02,200,case00,FPP-Branch-Benders-RootCuts,FPP-Branch-Benders-CVaR-ProjectedCoverageLLBI-exp-RootCuts,FPP-Branch-Benders-CVaR-RootCuts,FPP-Branch-Benders-ProjectedCoverageLLBI-exp-RootCuts,FPP-Branch-Benders-RootCuts,0.05,0.01275510204,249.2011522,1.138160536,0.03149777,-0.279,0.01
new20x20_reburn,reburn,CVaR,0.02,200,case00,FPP-Branch-Benders-RootCuts,FPP-Branch-Benders-CVaR-ProjectedPathLLBI-exp-RootCuts,FPP-Branch-Benders-CVaR-RootCuts,FPP-Branch-Benders-ProjectedPathLLBI-exp-RootCuts,FPP-Branch-Benders-RootCuts,0,0,4.9535761,1.002746331,-0.04399115,0.122,0.03
new20x20_reburn,reburn,CVaR,0.02,200,case00,FPP-Branch-Benders-RootCuts,FPP-Branch-Benders-Combinatorial-CVaR,FPP-Branch-Benders-CVaR-RootCuts,FPP-Branch-Benders-Combinatorial,FPP-Branch-Benders-RootCuts,0.1,0.02551020408,109.1473344,1.060512779,-0.13178603,-0.636,-0.01
new20x20_reburn,reburn,Expected,0.02,200,case00,FPP-Branch-Benders-RootCuts,FPP-Branch-Benders-LLBI-RootCuts,FPP-Branch-Benders-RootCuts,FPP-Branch-Benders-LLBI-RootCuts,FPP-Branch-Benders-RootCuts,0.195,0.07643012523,12.32966566,1.006832425,0.05326782,0.419,0
new20x20_reburn,reburn,Expected,0.02,200,case00,FPP-Branch-Benders-RootCuts,FPP-Branch-Benders-ProjectedCoverageLLBI-exp-RootCuts,FPP-Branch-Benders-RootCuts,FPP-Branch-Benders-ProjectedCoverageLLBI-exp-RootCuts,FPP-Branch-Benders-RootCuts,0.01,0.003919493601,176.3046097,1.097698357,0.03969477,-0.133,0.04
new20x20_reburn,reburn,Expected,0.02,200,case00,FPP-Branch-Benders-RootCuts,FPP-Branch-Benders-ProjectedPathLLBI-exp-RootCuts,FPP-Branch-Benders-RootCuts,FPP-Branch-Benders-ProjectedPathLLBI-exp-RootCuts,FPP-Branch-Benders-RootCuts,0.285,0.1117055676,13.97748341,1.007745556,-0.05514793,-0.036,0.05
new20x20_reburn,reburn,Expected,0.02,200,case00,FPP-Branch-Benders-RootCuts,FPP-Branch-Benders-Combinatorial,FPP-Branch-Benders-RootCuts,FPP-Branch-Benders-Combinatorial,FPP-Branch-Benders-RootCuts,-0.3,-0.117584808,85.16613202,1.047194405,-0.07630753,0.146,-0.01
new20x20_reburn,reburn,MeanCVaR,0.02,200,case00,FPP-Branch-Benders-RootCuts,FPP-Branch-Benders-MeanCVaR-LLBI-RootCuts,FPP-Branch-Benders-MeanCVaR-RootCuts,FPP-Branch-Benders-LLBI-RootCuts,FPP-Branch-Benders-RootCuts,-0.0225,-0.006949163012,8.83094499,1.00489425,0.03822962,-0.161,-0.04
new20x20_reburn,reburn,MeanCVaR,0.02,200,case00,FPP-Branch-Benders-RootCuts,FPP-Branch-Benders-MeanCVaR-ProjectedCoverageLLBI-exp-RootCuts,FPP-Branch-Benders-MeanCVaR-RootCuts,FPP-Branch-Benders-ProjectedCoverageLLBI-exp-RootCuts,FPP-Branch-Benders-RootCuts,-0.2525,-0.07798505158,313.1022872,1.173526278,0.03424159,-0.375,-0.11
new20x20_reburn,reburn,MeanCVaR,0.02,200,case00,FPP-Branch-Benders-RootCuts,FPP-Branch-Benders-MeanCVaR-ProjectedPathLLBI-exp-RootCuts,FPP-Branch-Benders-MeanCVaR-RootCuts,FPP-Branch-Benders-ProjectedPathLLBI-exp-RootCuts,FPP-Branch-Benders-RootCuts,0.0125,0.003860646118,15.85748553,1.008788471,-0.03353299,-0.026,-0.05
new20x20_reburn,reburn,MeanCVaR,0.02,200,case00,FPP-Branch-Benders-RootCuts,FPP-Branch-Benders-Combinatorial-MeanCVaR,FPP-Branch-Benders-MeanCVaR-RootCuts,FPP-Branch-Benders-Combinatorial,FPP-Branch-Benders-RootCuts,-0.3125,-0.09651615294,82.91195254,1.045951126,-0.04809416,-0.34,-0.09
new20x20_reburn,reburn,CVaR,0.02,200,case01,FPP-Branch-Benders-RootCuts,FPP-Branch-Benders-CVaR-LLBI-RootCuts,FPP-Branch-Benders-CVaR-RootCuts,FPP-Branch-Benders-LLBI-RootCuts,FPP-Branch-Benders-RootCuts,0,0,24.93644644,1.013832215,0.04496217,0.749,0.07
new20x20_reburn,reburn,CVaR,0.02,200,case01,FPP-Branch-Benders-RootCuts,FPP-Branch-Benders-CVaR-ProjectedCoverageLLBI-exp-RootCuts,FPP-Branch-Benders-CVaR-RootCuts,FPP-Branch-Benders-ProjectedCoverageLLBI-exp-RootCuts,FPP-Branch-Benders-RootCuts,0,0,257.4883862,1.14282848,0.0420743,0.291,0.09
new20x20_reburn,reburn,CVaR,0.02,200,case01,FPP-Branch-Benders-RootCuts,FPP-Branch-Benders-CVaR-ProjectedPathLLBI-exp-RootCuts,FPP-Branch-Benders-CVaR-RootCuts,FPP-Branch-Benders-ProjectedPathLLBI-exp-RootCuts,FPP-Branch-Benders-RootCuts,0,0,15.39686097,1.008540619,-0.02885526,0.579,0.03
new20x20_reburn,reburn,CVaR,0.02,200,case01,FPP-Branch-Benders-RootCuts,FPP-Branch-Benders-Combinatorial-CVaR,FPP-Branch-Benders-CVaR-RootCuts,FPP-Branch-Benders-Combinatorial,FPP-Branch-Benders-RootCuts,0.15,0.03826530612,51.53030006,1.028583792,-0.12576499,-0.924,0.01
new20x20_reburn,reburn,Expected,0.02,200,case01,FPP-Branch-Benders-RootCuts,FPP-Branch-Benders-LLBI-RootCuts,FPP-Branch-Benders-RootCuts,FPP-Branch-Benders-LLBI-RootCuts,FPP-Branch-Benders-RootCuts,0.135,0.05357036567,8.26453513,1.004581174,0.08220615,0.292,0.02
new20x20_reburn,reburn,Expected,0.02,200,case01,FPP-Branch-Benders-RootCuts,FPP-Branch-Benders-ProjectedCoverageLLBI-exp-RootCuts,FPP-Branch-Benders-RootCuts,FPP-Branch-Benders-ProjectedCoverageLLBI-exp-RootCuts,FPP-Branch-Benders-RootCuts,0.33,0.1309497827,194.4820119,1.107804719,0.0628728,0.506,-0.01
new20x20_reburn,reburn,Expected,0.02,200,case01,FPP-Branch-Benders-RootCuts,FPP-Branch-Benders-ProjectedPathLLBI-exp-RootCuts,FPP-Branch-Benders-RootCuts,FPP-Branch-Benders-ProjectedPathLLBI-exp-RootCuts,FPP-Branch-Benders-RootCuts,0.195,0.07737941708,6.5146972,1.003611209,-0.0155154,0.368,0.04
new20x20_reburn,reburn,Expected,0.02,200,case01,FPP-Branch-Benders-RootCuts,FPP-Branch-Benders-Combinatorial,FPP-Branch-Benders-RootCuts,FPP-Branch-Benders-Combinatorial,FPP-Branch-Benders-RootCuts,-1.06,-0.4206265749,70.23681769,1.038933474,-0.02300697,-0.383,0
new20x20_reburn,reburn,MeanCVaR,0.02,200,case01,FPP-Branch-Benders-RootCuts,FPP-Branch-Benders-MeanCVaR-LLBI-RootCuts,FPP-Branch-Benders-MeanCVaR-RootCuts,FPP-Branch-Benders-LLBI-RootCuts,FPP-Branch-Benders-RootCuts,-0.0525,-0.01628992972,13.93639553,1.007729607,0.05035033,0.018,0.06
new20x20_reburn,reburn,MeanCVaR,0.02,200,case01,FPP-Branch-Benders-RootCuts,FPP-Branch-Benders-MeanCVaR-ProjectedCoverageLLBI-exp-RootCuts,FPP-Branch-Benders-MeanCVaR-RootCuts,FPP-Branch-Benders-ProjectedCoverageLLBI-exp-RootCuts,FPP-Branch-Benders-RootCuts,0.2,0.06205687513,236.792622,1.131333376,0.0435125,0.144,0.09
new20x20_reburn,reburn,MeanCVaR,0.02,200,case01,FPP-Branch-Benders-RootCuts,FPP-Branch-Benders-MeanCVaR-ProjectedPathLLBI-exp-RootCuts,FPP-Branch-Benders-MeanCVaR-RootCuts,FPP-Branch-Benders-ProjectedPathLLBI-exp-RootCuts,FPP-Branch-Benders-RootCuts,0.25,0.07757109391,11.387211,1.006315741,0.02768949,0.299,0.02
new20x20_reburn,reburn,MeanCVaR,0.02,200,case01,FPP-Branch-Benders-RootCuts,FPP-Branch-Benders-Combinatorial-MeanCVaR,FPP-Branch-Benders-MeanCVaR-RootCuts,FPP-Branch-Benders-Combinatorial,FPP-Branch-Benders-RootCuts,-0.7375,-0.228834727,84.12067735,1.046656236,-0.02369816,-0.756,0.05
new20x20_reburn,reburn,CVaR,0.02,200,case02,FPP-Branch-Benders-RootCuts,FPP-Branch-Benders-CVaR-LLBI-RootCuts,FPP-Branch-Benders-CVaR-RootCuts,FPP-Branch-Benders-LLBI-RootCuts,FPP-Branch-Benders-RootCuts,0,0,14.26509977,1.007910451,0.02261275,-0.071,-0.07
new20x20_reburn,reburn,CVaR,0.02,200,case02,FPP-Branch-Benders-RootCuts,FPP-Branch-Benders-CVaR-ProjectedCoverageLLBI-exp-RootCuts,FPP-Branch-Benders-CVaR-RootCuts,FPP-Branch-Benders-ProjectedCoverageLLBI-exp-RootCuts,FPP-Branch-Benders-RootCuts,0,0,229.1954694,1.127096176,0.04616784,0.231,-0.05
new20x20_reburn,reburn,CVaR,0.02,200,case02,FPP-Branch-Benders-RootCuts,FPP-Branch-Benders-CVaR-ProjectedPathLLBI-exp-RootCuts,FPP-Branch-Benders-CVaR-RootCuts,FPP-Branch-Benders-ProjectedPathLLBI-exp-RootCuts,FPP-Branch-Benders-RootCuts,0,0,4.98240807,1.002762904,-0.03748316,0.003,-0.05
new20x20_reburn,reburn,CVaR,0.02,200,case02,FPP-Branch-Benders-RootCuts,FPP-Branch-Benders-Combinatorial-CVaR,FPP-Branch-Benders-CVaR-RootCuts,FPP-Branch-Benders-Combinatorial,FPP-Branch-Benders-RootCuts,0,0,93.43264632,1.051811374,-0.15100325,-0.748,-0.04
new20x20_reburn,reburn,Expected,0.02,200,case02,FPP-Branch-Benders-RootCuts,FPP-Branch-Benders-LLBI-RootCuts,FPP-Branch-Benders-RootCuts,FPP-Branch-Benders-LLBI-RootCuts,FPP-Branch-Benders-RootCuts,-0.095,-0.03579772402,20.49159754,1.011357896,0.0577645,0.147,0.01
new20x20_reburn,reburn,Expected,0.02,200,case02,FPP-Branch-Benders-RootCuts,FPP-Branch-Benders-ProjectedCoverageLLBI-exp-RootCuts,FPP-Branch-Benders-RootCuts,FPP-Branch-Benders-ProjectedCoverageLLBI-exp-RootCuts,FPP-Branch-Benders-RootCuts,0.075,0.02826136107,206.0156872,1.114188495,0.05865033,0.191,-0.02
new20x20_reburn,reburn,Expected,0.02,200,case02,FPP-Branch-Benders-RootCuts,FPP-Branch-Benders-ProjectedPathLLBI-exp-RootCuts,FPP-Branch-Benders-RootCuts,FPP-Branch-Benders-ProjectedPathLLBI-exp-RootCuts,FPP-Branch-Benders-RootCuts,-0.29,-0.1092772628,10.6645905,1.005911072,-0.03770165,-0.309,0.02
new20x20_reburn,reburn,Expected,0.02,200,case02,FPP-Branch-Benders-RootCuts,FPP-Branch-Benders-Combinatorial,FPP-Branch-Benders-RootCuts,FPP-Branch-Benders-Combinatorial,FPP-Branch-Benders-RootCuts,-0.56,-0.2110181626,102.2499986,1.056674196,-0.07005733,-0.305,0
new20x20_reburn,reburn,MeanCVaR,0.02,200,case02,FPP-Branch-Benders-RootCuts,FPP-Branch-Benders-MeanCVaR-LLBI-RootCuts,FPP-Branch-Benders-MeanCVaR-RootCuts,FPP-Branch-Benders-LLBI-RootCuts,FPP-Branch-Benders-RootCuts,0.0975,0.02967223592,9.23872381,1.005118513,0.05691234,-0.057,0
new20x20_reburn,reburn,MeanCVaR,0.02,200,case02,FPP-Branch-Benders-RootCuts,FPP-Branch-Benders-MeanCVaR-ProjectedCoverageLLBI-exp-RootCuts,FPP-Branch-Benders-MeanCVaR-RootCuts,FPP-Branch-Benders-ProjectedCoverageLLBI-exp-RootCuts,FPP-Branch-Benders-RootCuts,0.1425,0.04336711403,243.9788829,1.135171165,0.06364063,-0.01,0.05
new20x20_reburn,reburn,MeanCVaR,0.02,200,case02,FPP-Branch-Benders-RootCuts,FPP-Branch-Benders-MeanCVaR-ProjectedPathLLBI-exp-RootCuts,FPP-Branch-Benders-MeanCVaR-RootCuts,FPP-Branch-Benders-ProjectedPathLLBI-exp-RootCuts,FPP-Branch-Benders-RootCuts,0.1625,0.04945372653,3.27831151,1.001816277,-0.01729385,0.114,-0.03
new20x20_reburn,reburn,MeanCVaR,0.02,200,case02,FPP-Branch-Benders-RootCuts,FPP-Branch-Benders-Combinatorial-MeanCVaR,FPP-Branch-Benders-MeanCVaR-RootCuts,FPP-Branch-Benders-Combinatorial,FPP-Branch-Benders-RootCuts,-0.18,-0.05477951246,109.7981076,1.060831241,-0.02155926,-0.364,0.01
new20x20_reburn,reburn,CVaR,0.02,200,case03,FPP-Branch-Benders-RootCuts,FPP-Branch-Benders-CVaR-LLBI-RootCuts,FPP-Branch-Benders-CVaR-RootCuts,FPP-Branch-Benders-LLBI-RootCuts,FPP-Branch-Benders-RootCuts,0.15,0.03826530612,7.50227143,1.004163344,0.02814001,0.13,0
new20x20_reburn,reburn,CVaR,0.02,200,case03,FPP-Branch-Benders-RootCuts,FPP-Branch-Benders-CVaR-ProjectedCoverageLLBI-exp-RootCuts,FPP-Branch-Benders-CVaR-RootCuts,FPP-Branch-Benders-ProjectedCoverageLLBI-exp-RootCuts,FPP-Branch-Benders-RootCuts,0,0,201.2069137,1.111658652,0.04055257,-0.091,0
new20x20_reburn,reburn,CVaR,0.02,200,case03,FPP-Branch-Benders-RootCuts,FPP-Branch-Benders-CVaR-ProjectedPathLLBI-exp-RootCuts,FPP-Branch-Benders-CVaR-RootCuts,FPP-Branch-Benders-ProjectedPathLLBI-exp-RootCuts,FPP-Branch-Benders-RootCuts,0,0,11.10892688,1.006164837,-0.02893902,0.205,-0.02
new20x20_reburn,reburn,CVaR,0.02,200,case03,FPP-Branch-Benders-RootCuts,FPP-Branch-Benders-Combinatorial-CVaR,FPP-Branch-Benders-CVaR-RootCuts,FPP-Branch-Benders-Combinatorial,FPP-Branch-Benders-RootCuts,0.15,0.03826530612,91.18043269,1.050600071,-0.13430408,-1.012,0.01
new20x20_reburn,reburn,Expected,0.02,200,case03,FPP-Branch-Benders-RootCuts,FPP-Branch-Benders-LLBI-RootCuts,FPP-Branch-Benders-RootCuts,FPP-Branch-Benders-LLBI-RootCuts,FPP-Branch-Benders-RootCuts,0.13,0.04870281914,11.89334106,1.006595564,0.04169248,-0.032,0.07
new20x20_reburn,reburn,Expected,0.02,200,case03,FPP-Branch-Benders-RootCuts,FPP-Branch-Benders-ProjectedCoverageLLBI-exp-RootCuts,FPP-Branch-Benders-RootCuts,FPP-Branch-Benders-ProjectedCoverageLLBI-exp-RootCuts,FPP-Branch-Benders-RootCuts,0.275,0.1030251943,242.9004724,1.134702744,0.02780053,0.092,0.02
new20x20_reburn,reburn,Expected,0.02,200,case03,FPP-Branch-Benders-RootCuts,FPP-Branch-Benders-ProjectedPathLLBI-exp-RootCuts,FPP-Branch-Benders-RootCuts,FPP-Branch-Benders-ProjectedPathLLBI-exp-RootCuts,FPP-Branch-Benders-RootCuts,-0.18,-0.06743467266,14.05985417,1.007797025,-0.04657907,0.001,0.05
new20x20_reburn,reburn,Expected,0.02,200,case03,FPP-Branch-Benders-RootCuts,FPP-Branch-Benders-Combinatorial,FPP-Branch-Benders-RootCuts,FPP-Branch-Benders-Combinatorial,FPP-Branch-Benders-RootCuts,-0.225,-0.08429334083,121.220906,1.067224195,-0.06529509,-0.219,0.02
new20x20_reburn,reburn,MeanCVaR,0.02,200,case03,FPP-Branch-Benders-RootCuts,FPP-Branch-Benders-MeanCVaR-LLBI-RootCuts,FPP-Branch-Benders-MeanCVaR-RootCuts,FPP-Branch-Benders-LLBI-RootCuts,FPP-Branch-Benders-RootCuts,0.0175,0.005306769163,6.51247659,1.003610117,0.02713549,0.265,-0.01
new20x20_reburn,reburn,MeanCVaR,0.02,200,case03,FPP-Branch-Benders-RootCuts,FPP-Branch-Benders-MeanCVaR-ProjectedCoverageLLBI-exp-RootCuts,FPP-Branch-Benders-MeanCVaR-RootCuts,FPP-Branch-Benders-ProjectedCoverageLLBI-exp-RootCuts,FPP-Branch-Benders-RootCuts,-0.095,-0.02880817546,177.9026893,1.098618324,0.04300625,0.079,0.03
new20x20_reburn,reburn,MeanCVaR,0.02,200,case03,FPP-Branch-Benders-RootCuts,FPP-Branch-Benders-MeanCVaR-ProjectedPathLLBI-exp-RootCuts,FPP-Branch-Benders-MeanCVaR-RootCuts,FPP-Branch-Benders-ProjectedPathLLBI-exp-RootCuts,FPP-Branch-Benders-RootCuts,-0.0025,-0.0007581098804,14.78595357,1.008196424,-0.04503003,0.298,0.06
new20x20_reburn,reburn,MeanCVaR,0.02,200,case03,FPP-Branch-Benders-RootCuts,FPP-Branch-Benders-Combinatorial-MeanCVaR,FPP-Branch-Benders-MeanCVaR-RootCuts,FPP-Branch-Benders-Combinatorial,FPP-Branch-Benders-RootCuts,-0.3425,-0.1038610536,85.60646856,1.047454968,-0.04974156,-0.384,0.02
new20x20_reburn,reburn,CVaR,0.02,200,case04,FPP-Branch-Benders-RootCuts,FPP-Branch-Benders-CVaR-LLBI-RootCuts,FPP-Branch-Benders-CVaR-RootCuts,FPP-Branch-Benders-LLBI-RootCuts,FPP-Branch-Benders-RootCuts,0,0,5.15463649,1.002856464,0.04044722,0.453,0
new20x20_reburn,reburn,CVaR,0.02,200,case04,FPP-Branch-Benders-RootCuts,FPP-Branch-Benders-CVaR-ProjectedCoverageLLBI-exp-RootCuts,FPP-Branch-Benders-CVaR-RootCuts,FPP-Branch-Benders-ProjectedCoverageLLBI-exp-RootCuts,FPP-Branch-Benders-RootCuts,0,0,217.5117005,1.120535064,0.04066016,-0.025,-0.01
new20x20_reburn,reburn,Expected,0.02,200,case04,FPP-Branch-Benders-RootCuts,FPP-Branch-Benders-LLBI-RootCuts,FPP-Branch-Benders-RootCuts,FPP-Branch-Benders-LLBI-RootCuts,FPP-Branch-Benders-RootCuts,0.25,0.1005995735,7.50085242,1.004158017,0.06903623,0.054,0.03
new20x20_reburn,reburn,Expected,0.02,200,case04,FPP-Branch-Benders-RootCuts,FPP-Branch-Benders-ProjectedCoverageLLBI-exp-RootCuts,FPP-Branch-Benders-RootCuts,FPP-Branch-Benders-ProjectedCoverageLLBI-exp-RootCuts,FPP-Branch-Benders-RootCuts,0.125,0.05029978673,233.9495905,1.129687432,0.11402309,0.255,-0.03
new20x20_reburn,reburn,Expected,0.02,200,case04,FPP-Branch-Benders-RootCuts,FPP-Branch-Benders-ProjectedPathLLBI-exp-RootCuts,FPP-Branch-Benders-RootCuts,FPP-Branch-Benders-ProjectedPathLLBI-exp-RootCuts,FPP-Branch-Benders-RootCuts,-0.115,-0.04627580379,12.53959929,1.006951192,-0.01219646,-0.275,0.03
new20x20_reburn,reburn,Expected,0.02,200,case04,FPP-Branch-Benders-RootCuts,FPP-Branch-Benders-Combinatorial,FPP-Branch-Benders-RootCuts,FPP-Branch-Benders-Combinatorial,FPP-Branch-Benders-RootCuts,-0.58,-0.2333910104,102.640292,1.056897539,-0.03553993,-0.53,-0.01
new20x20_reburn,reburn,CVaR,0.03,200,case00,FPP-Branch-Benders-RootCuts,FPP-Branch-Benders-CVaR-LLBI-RootCuts,FPP-Branch-Benders-CVaR-RootCuts,FPP-Branch-Benders-LLBI-RootCuts,FPP-Branch-Benders-RootCuts,0.05,0.01288493751,15.90771453,1.008814937,0.04817233,-0.481,0.03
new20x20_reburn,reburn,CVaR,0.03,200,case00,FPP-Branch-Benders-RootCuts,FPP-Branch-Benders-CVaR-ProjectedCoverageLLBI-exp-RootCuts,FPP-Branch-Benders-CVaR-RootCuts,FPP-Branch-Benders-ProjectedCoverageLLBI-exp-RootCuts,FPP-Branch-Benders-RootCuts,0,0,269.8154459,1.149512754,0.07801467,-0.648,0.03
new20x20_reburn,reburn,Expected,0.03,200,case00,FPP-Branch-Benders-RootCuts,FPP-Branch-Benders-LLBI-RootCuts,FPP-Branch-Benders-RootCuts,FPP-Branch-Benders-LLBI-RootCuts,FPP-Branch-Benders-RootCuts,-0.215,-0.08515694623,10.55568092,1.005841008,0.06954502,-0.074,0.05
new20x20_reburn,reburn,Expected,0.03,200,case00,FPP-Branch-Benders-RootCuts,FPP-Branch-Benders-ProjectedCoverageLLBI-exp-RootCuts,FPP-Branch-Benders-RootCuts,FPP-Branch-Benders-ProjectedCoverageLLBI-exp-RootCuts,FPP-Branch-Benders-RootCuts,0.05,0.01980394098,237.3256053,1.131324627,0.03241007,0.13,0.1
new20x20_reburn,reburn,Expected,0.03,200,case00,FPP-Branch-Benders-RootCuts,FPP-Branch-Benders-ProjectedPathLLBI-exp-RootCuts,FPP-Branch-Benders-RootCuts,FPP-Branch-Benders-ProjectedPathLLBI-exp-RootCuts,FPP-Branch-Benders-RootCuts,0.12,0.04752945836,8.98370673,1.004971153,-0.02041767,0.144,-0.01
new20x20_reburn,reburn,Expected,0.03,200,case00,FPP-Branch-Benders-RootCuts,FPP-Branch-Benders-Combinatorial,FPP-Branch-Benders-RootCuts,FPP-Branch-Benders-Combinatorial,FPP-Branch-Benders-RootCuts,-0.585,-0.2317061095,115.0908875,1.063685787,-0.097171,0.18,0.04
new20x20_reburn,reburn,CVaR,0.03,200,case01,FPP-Branch-Benders-RootCuts,FPP-Branch-Benders-CVaR-LLBI-RootCuts,FPP-Branch-Benders-CVaR-RootCuts,FPP-Branch-Benders-LLBI-RootCuts,FPP-Branch-Benders-RootCuts,0,0,13.09140393,1.007257743,0.06088164,-0.216,-0.1
new20x20_reburn,reburn,CVaR,0.03,200,case01,FPP-Branch-Benders-RootCuts,FPP-Branch-Benders-CVaR-ProjectedCoverageLLBI-exp-RootCuts,FPP-Branch-Benders-CVaR-RootCuts,FPP-Branch-Benders-ProjectedCoverageLLBI-exp-RootCuts,FPP-Branch-Benders-RootCuts,0,0,263.7112737,1.146198894,0.05579656,0.148,-0.06
new20x20_reburn,reburn,Expected,0.03,200,case01,FPP-Branch-Benders-RootCuts,FPP-Branch-Benders-LLBI-RootCuts,FPP-Branch-Benders-RootCuts,FPP-Branch-Benders-LLBI-RootCuts,FPP-Branch-Benders-RootCuts,-0.285,-0.114292589,11.84533671,1.006565165,0.06846109,0.094,0.05
new20x20_reburn,reburn,Expected,0.03,200,case01,FPP-Branch-Benders-RootCuts,FPP-Branch-Benders-ProjectedCoverageLLBI-exp-RootCuts,FPP-Branch-Benders-RootCuts,FPP-Branch-Benders-ProjectedCoverageLLBI-exp-RootCuts,FPP-Branch-Benders-RootCuts,-0.325,-0.1303336542,190.8959689,1.105802264,0.06942106,-0.132,-0.01
new20x20_reburn,reburn,Expected,0.03,200,case01,FPP-Branch-Benders-RootCuts,FPP-Branch-Benders-ProjectedPathLLBI-exp-RootCuts,FPP-Branch-Benders-RootCuts,FPP-Branch-Benders-ProjectedPathLLBI-exp-RootCuts,FPP-Branch-Benders-RootCuts,-0.675,-0.270692974,11.93806627,1.006616559,-0.02290287,-0.41,0.06
new20x20_reburn,reburn,Expected,0.03,200,case01,FPP-Branch-Benders-RootCuts,FPP-Branch-Benders-Combinatorial,FPP-Branch-Benders-RootCuts,FPP-Branch-Benders-Combinatorial,FPP-Branch-Benders-RootCuts,-1.54,-0.6175810074,129.3814857,1.07170845,-0.09398954,-0.573,0.01
new20x20_reburn,reburn,CVaR,0.03,200,case02,FPP-Branch-Benders-RootCuts,FPP-Branch-Benders-CVaR-LLBI-RootCuts,FPP-Branch-Benders-CVaR-RootCuts,FPP-Branch-Benders-LLBI-RootCuts,FPP-Branch-Benders-RootCuts,0.05,0.01288659794,15.53817931,1.008613668,0.06787592,-0.509,-0.09
new20x20_reburn,reburn,CVaR,0.03,200,case02,FPP-Branch-Benders-RootCuts,FPP-Branch-Benders-CVaR-ProjectedCoverageLLBI-exp-RootCuts,FPP-Branch-Benders-CVaR-RootCuts,FPP-Branch-Benders-ProjectedCoverageLLBI-exp-RootCuts,FPP-Branch-Benders-RootCuts,0,0,223.9500685,1.124147847,0.11572365,0.094,-0.01
new20x20_reburn,reburn,Expected,0.03,200,case02,FPP-Branch-Benders-RootCuts,FPP-Branch-Benders-LLBI-RootCuts,FPP-Branch-Benders-RootCuts,FPP-Branch-Benders-LLBI-RootCuts,FPP-Branch-Benders-RootCuts,0.345,0.1316090639,14.38555292,1.007961376,0.09442727,0.327,-0.07
new20x20_reburn,reburn,Expected,0.03,200,case02,FPP-Branch-Benders-RootCuts,FPP-Branch-Benders-ProjectedCoverageLLBI-exp-RootCuts,FPP-Branch-Benders-RootCuts,FPP-Branch-Benders-ProjectedCoverageLLBI-exp-RootCuts,FPP-Branch-Benders-RootCuts,0.27,0.1029983978,243.7522311,1.134899456,0.07715561,0.353,-0.01
new20x20_reburn,reburn,Expected,0.03,200,case02,FPP-Branch-Benders-RootCuts,FPP-Branch-Benders-ProjectedPathLLBI-exp-RootCuts,FPP-Branch-Benders-RootCuts,FPP-Branch-Benders-ProjectedPathLLBI-exp-RootCuts,FPP-Branch-Benders-RootCuts,-0.02,-0.007629510948,4.49489059,1.002487601,-0.00131391,-0.034,0
new20x20_reburn,reburn,Expected,0.03,200,case02,FPP-Branch-Benders-RootCuts,FPP-Branch-Benders-Combinatorial,FPP-Branch-Benders-RootCuts,FPP-Branch-Benders-Combinatorial,FPP-Branch-Benders-RootCuts,-0.465,-0.1773861295,110.6965702,1.061262648,-0.11542488,-0.148,-0.01
new20x20_reburn,reburn,CVaR,0.03,200,case03,FPP-Branch-Benders-RootCuts,FPP-Branch-Benders-CVaR-LLBI-RootCuts,FPP-Branch-Benders-CVaR-RootCuts,FPP-Branch-Benders-LLBI-RootCuts,FPP-Branch-Benders-RootCuts,0.1,0.02577319588,19.16989196,1.010621845,0.0543949,0.149,-0.03
new20x20_reburn,reburn,CVaR,0.03,200,case03,FPP-Branch-Benders-RootCuts,FPP-Branch-Benders-CVaR-ProjectedCoverageLLBI-exp-RootCuts,FPP-Branch-Benders-CVaR-RootCuts,FPP-Branch-Benders-ProjectedCoverageLLBI-exp-RootCuts,FPP-Branch-Benders-RootCuts,0.1,0.02577319588,309.666959,1.171583352,0.05704896,0.736,0
new20x20_reburn,reburn,Expected,0.03,200,case03,FPP-Branch-Benders-RootCuts,FPP-Branch-Benders-LLBI-RootCuts,FPP-Branch-Benders-RootCuts,FPP-Branch-Benders-LLBI-RootCuts,FPP-Branch-Benders-RootCuts,-0.295,-0.1116219233,8.64039342,1.004794463,0.09426654,-0.203,-0.01
new20x20_reburn,reburn,Expected,0.03,200,case03,FPP-Branch-Benders-RootCuts,FPP-Branch-Benders-ProjectedCoverageLLBI-exp-RootCuts,FPP-Branch-Benders-RootCuts,FPP-Branch-Benders-ProjectedCoverageLLBI-exp-RootCuts,FPP-Branch-Benders-RootCuts,-0.235,-0.08891915924,293.1821355,1.162683663,0.0601548,-0.338,0.06
new20x20_reburn,reburn,Expected,0.03,200,case03,FPP-Branch-Benders-RootCuts,FPP-Branch-Benders-ProjectedPathLLBI-exp-RootCuts,FPP-Branch-Benders-RootCuts,FPP-Branch-Benders-ProjectedPathLLBI-exp-RootCuts,FPP-Branch-Benders-RootCuts,0.43,0.1627031424,11.57906316,1.0064251,-0.01700317,0.393,0.1
new20x20_reburn,reburn,Expected,0.03,200,case03,FPP-Branch-Benders-RootCuts,FPP-Branch-Benders-Combinatorial,FPP-Branch-Benders-RootCuts,FPP-Branch-Benders-Combinatorial,FPP-Branch-Benders-RootCuts,-1,-0.378379401,109.0432492,1.060506944,-0.12727872,-0.572,0.07
new20x20_reburn,reburn,CVaR,0.03,200,case04,FPP-Branch-Benders-RootCuts,FPP-Branch-Benders-CVaR-LLBI-RootCuts,FPP-Branch-Benders-CVaR-RootCuts,FPP-Branch-Benders-LLBI-RootCuts,FPP-Branch-Benders-RootCuts,-0.05,-0.01288493751,12.92807593,1.007166674,0.01937791,-0.306,0.11
new20x20_reburn,reburn,Expected,0.03,200,case04,FPP-Branch-Benders-RootCuts,FPP-Branch-Benders-LLBI-RootCuts,FPP-Branch-Benders-RootCuts,FPP-Branch-Benders-LLBI-RootCuts,FPP-Branch-Benders-RootCuts,-0.115,-0.04677648973,6.84895411,1.0037929,0.07409815,0.057,-0.01
new20x20_reburn,reburn,Expected,0.03,200,case04,FPP-Branch-Benders-RootCuts,FPP-Branch-Benders-ProjectedCoverageLLBI-exp-RootCuts,FPP-Branch-Benders-RootCuts,FPP-Branch-Benders-ProjectedCoverageLLBI-exp-RootCuts,FPP-Branch-Benders-RootCuts,-0.13,-0.052877771,202.12282,1.111934123,0.06142339,-0.351,0.04
new20x20_reburn,reburn,Expected,0.03,200,case04,FPP-Branch-Benders-RootCuts,FPP-Branch-Benders-ProjectedPathLLBI-exp-RootCuts,FPP-Branch-Benders-RootCuts,FPP-Branch-Benders-ProjectedPathLLBI-exp-RootCuts,FPP-Branch-Benders-RootCuts,-0.44,-0.1789709172,7.97074405,1.004414139,-0.02816701,0.057,0.01
new20x20_reburn,reburn,Expected,0.03,200,case04,FPP-Branch-Benders-RootCuts,FPP-Branch-Benders-Combinatorial,FPP-Branch-Benders-RootCuts,FPP-Branch-Benders-Combinatorial,FPP-Branch-Benders-RootCuts,-1.59,-0.6467358145,108.7203411,1.060208521,-0.08387153,-1.383,0
new20x20_reburn,reburn,CVaR,0.01,400,case00,FPP-Branch-Benders-RootCuts,FPP-Branch-Benders-CVaR-LLBI-RootCuts,FPP-Branch-Benders-CVaR-RootCuts,FPP-Branch-Benders-LLBI-RootCuts,FPP-Branch-Benders-RootCuts,0,0,28.0870206,1.015567863,-0.00553003,0.085,0.04
new20x20_reburn,reburn,Expected,0.01,400,case00,FPP-Branch-Benders-RootCuts,FPP-Branch-Benders-LLBI-RootCuts,FPP-Branch-Benders-RootCuts,FPP-Branch-Benders-LLBI-RootCuts,FPP-Branch-Benders-RootCuts,-0.325,-0.1295427142,23.15233675,1.012811303,0.04721004,0.014,0.03
new20x20_reburn,reburn,Expected,0.01,400,case00,FPP-Branch-Benders-RootCuts,FPP-Branch-Benders-ProjectedCoverageLLBI-exp-RootCuts,FPP-Branch-Benders-RootCuts,FPP-Branch-Benders-ProjectedCoverageLLBI-exp-RootCuts,FPP-Branch-Benders-RootCuts,0.3275,0.1305391966,569.4741506,1.315117472,0.01743679,0.008,0.02
new20x20_reburn,reburn,Expected,0.01,400,case00,FPP-Branch-Benders-RootCuts,FPP-Branch-Benders-ProjectedPathLLBI-exp-RootCuts,FPP-Branch-Benders-RootCuts,FPP-Branch-Benders-ProjectedPathLLBI-exp-RootCuts,FPP-Branch-Benders-RootCuts,-0.2625,-0.1046306538,3.19727297,1.001769205,-0.04582718,0.039,0
new20x20_reburn,reburn,Expected,0.01,400,case00,FPP-Branch-Benders-RootCuts,FPP-Branch-Benders-Combinatorial,FPP-Branch-Benders-RootCuts,FPP-Branch-Benders-Combinatorial,FPP-Branch-Benders-RootCuts,-0.9475,-0.3776668361,112.0845773,1.062021794,-0.03192849,-0.386,0.01
new20x20_reburn,reburn,Expected,0.01,400,case01,FPP-Branch-Benders-RootCuts,FPP-Branch-Benders-LLBI-RootCuts,FPP-Branch-Benders-RootCuts,FPP-Branch-Benders-LLBI-RootCuts,FPP-Branch-Benders-RootCuts,0.3675,0.1477342392,29.0922305,1.016089157,0.03379503,0.331,-0.02
new20x20_reburn,reburn,Expected,0.01,400,case01,FPP-Branch-Benders-RootCuts,FPP-Branch-Benders-ProjectedCoverageLLBI-exp-RootCuts,FPP-Branch-Benders-RootCuts,FPP-Branch-Benders-ProjectedCoverageLLBI-exp-RootCuts,FPP-Branch-Benders-RootCuts,0.235,0.09446951348,408.3397256,1.225828054,0.03333178,0.071,-0.02
new20x20_reburn,reburn,Expected,0.01,400,case01,FPP-Branch-Benders-RootCuts,FPP-Branch-Benders-ProjectedPathLLBI-exp-RootCuts,FPP-Branch-Benders-RootCuts,FPP-Branch-Benders-ProjectedPathLLBI-exp-RootCuts,FPP-Branch-Benders-RootCuts,0.1525,0.06130468428,7.57700795,1.004190386,-0.00883011,0.034,0
new20x20_reburn,reburn,Expected,0.01,400,case01,FPP-Branch-Benders-RootCuts,FPP-Branch-Benders-Combinatorial,FPP-Branch-Benders-RootCuts,FPP-Branch-Benders-Combinatorial,FPP-Branch-Benders-RootCuts,-0.475,-0.1909490166,83.39174675,1.046118941,-0.02662496,-0.273,-0.01
new20x20_reburn,reburn,Expected,0.01,400,case02,FPP-Branch-Benders-RootCuts,FPP-Branch-Benders-LLBI-RootCuts,FPP-Branch-Benders-RootCuts,FPP-Branch-Benders-LLBI-RootCuts,FPP-Branch-Benders-RootCuts,-0.0525,-0.02062726532,32.0412546,1.017743293,-0.00085986,-0.08,-0.02
new20x20_reburn,reburn,Expected,0.01,400,case02,FPP-Branch-Benders-RootCuts,FPP-Branch-Benders-ProjectedCoverageLLBI-exp-RootCuts,FPP-Branch-Benders-RootCuts,FPP-Branch-Benders-ProjectedCoverageLLBI-exp-RootCuts,FPP-Branch-Benders-RootCuts,-0.23,-0.0903670671,368.2309004,1.203913016,-0.0031188,-0.2,-0.05
new20x20_reburn,reburn,Expected,0.01,400,case02,FPP-Branch-Benders-RootCuts,FPP-Branch-Benders-ProjectedPathLLBI-exp-RootCuts,FPP-Branch-Benders-RootCuts,FPP-Branch-Benders-ProjectedPathLLBI-exp-RootCuts,FPP-Branch-Benders-RootCuts,-0.005,-0.001964501459,15.16978953,1.008400483,-0.04021601,-0.111,-0.06
new20x20_reburn,reburn,Expected,0.01,400,case02,FPP-Branch-Benders-RootCuts,FPP-Branch-Benders-Combinatorial,FPP-Branch-Benders-RootCuts,FPP-Branch-Benders-Combinatorial,FPP-Branch-Benders-RootCuts,-0.955,-0.3752197786,92.58075133,1.051267887,-0.05330102,-0.731,-0.04
new20x20_reburn,reburn,Expected,0.01,400,case03,FPP-Branch-Benders-RootCuts,FPP-Branch-Benders-LLBI-RootCuts,FPP-Branch-Benders-RootCuts,FPP-Branch-Benders-LLBI-RootCuts,FPP-Branch-Benders-RootCuts,0.39,0.1565887738,22.42943651,1.012404707,0.01313676,0.252,0
