source,task_id,alpha,case_id,objective_family,method,status,runtime_seconds,time_limit,objective,best_bound,reported_mip_gap,solver_mip_gap,calculated_gap,gap_excluded_reason
previous,worker_00_task_018,0.01,case00,CVaR,FPP-Branch-Benders,Optimal,3.56192609,300,226,225.78380961,0.001,,0.000956594646,
previous,worker_00_task_022,0.01,case00,CVaR,FPP-Branch-Benders-CoverageLLBI,Optimal,208.61356005,300,226,225.77893037,0.001,,0.0009781842035,
previous,worker_00_task_026,0.01,case00,CVaR,FPP-Branch-Benders-CoverageLLBI-PathLLBI,Feasible,302.85833519,300,317.9,-999999999999999926539781176481198923508803215199467887262646419780362305536.00000000,0.001,,,invalid_best_bound_sentinel
previous,worker_00_task_027,0.01,case00,CVaR,FPP-Branch-Benders-CoverageLLBI-PathLLBI-RootCuts,Feasible,302.73499217,300,227.9,210.74612946,0.001,,0.07526928714,
previous,worker_00_task_023,0.01,case00,CVaR,FPP-Branch-Benders-CoverageLLBI-RootCuts,Feasible,301.29023449,300,227.9,216.57164426,0.001,,0.04970757236,
previous,worker_00_task_020,0.01,case00,CVaR,FPP-Branch-Benders-LLBI,Optimal,5.10602225,300,226,225.77764562,0.001,,0.0009838689381,
previous,worker_00_task_028,0.01,case00,CVaR,FPP-Branch-Benders-LLBI-CoverageLLBI-PathLLBI,Feasible,301.04902526,300,229.8,216.20053939,0.001,,0.05917955009,
previous,worker_00_task_029,0.01,case00,CVaR,FPP-Branch-Benders-LLBI-CoverageLLBI-PathLLBI-RootCuts,Feasible,301.00860660,300,229.8,216.72637508,0.001,,0.05689131819,
previous,worker_00_task_021,0.01,case00,CVaR,FPP-Branch-Benders-LLBI-RootCuts,Optimal,7.98378971,300,226,225.78975799,0.001,,0.0009302743805,
previous,worker_00_task_024,0.01,case00,CVaR,FPP-Branch-Benders-PathLLBI,Feasible,302.32910094,300,227.9,220.57052814,0.001,,0.03216091207,
previous,worker_00_task_025,0.01,case00,CVaR,FPP-Branch-Benders-PathLLBI-RootCuts,Feasible,302.08781256,300,227.9,219.47007987,0.001,,0.03698955739,
previous,worker_00_task_019,0.01,case00,CVaR,FPP-Branch-Benders-RootCuts,Optimal,4.25303563,300,226,225.77521385,0.001,,0.0009946289823,
previous,worker_00_task_043,0.01,case00,CVaR,FPP-Branch-Benders-Combinatorial,Optimal,89.59241544,300,226,225.83480441,0.001,,0.0007309539381,
previous,worker_00_task_002,0.01,case00,CVaR,FPP-SAA-fpp_base,Optimal,204.17949399,300,226,225.79110451,0.001,,0.0009243163274,
previous,worker_00_task_003,0.01,case00,CVaR,FPP-SAA-fpp_cut,Feasible,300.04564771,300,227.9,215.76648341,0.001,,0.05324052914,
previous,worker_00_task_006,0.01,case00,Expected,FPP-Branch-Benders,Optimal,7.09570072,300,102.72,102.62000000,0.001,,0.0009735202492,
previous,worker_00_task_010,0.01,case00,Expected,FPP-Branch-Benders-CoverageLLBI,Optimal,24.05507126,300,102.72,102.62697368,0.001,,0.0009056300623,
previous,worker_00_task_014,0.01,case00,Expected,FPP-Branch-Benders-CoverageLLBI-PathLLBI,Optimal,213.21139406,300,102.72,102.66600000,0.001,,0.0005257009346,
previous,worker_00_task_015,0.01,case00,Expected,FPP-Branch-Benders-CoverageLLBI-PathLLBI-RootCuts,Optimal,263.87653831,300,102.72,102.66600000,0.001,,0.0005257009346,
previous,worker_00_task_011,0.01,case00,Expected,FPP-Branch-Benders-CoverageLLBI-RootCuts,Optimal,11.91473268,300,102.72,102.64840514,0.001,,0.0006969904595,
previous,worker_00_task_008,0.01,case00,Expected,FPP-Branch-Benders-LLBI,Optimal,3.18485600,300,102.72,102.65969362,0.001,,0.0005870948209,
previous,worker_00_task_016,0.01,case00,Expected,FPP-Branch-Benders-LLBI-CoverageLLBI-PathLLBI,Optimal,98.56578077,300,102.72,102.66701365,0.001,,0.0005158328466,
previous,worker_00_task_017,0.01,case00,Expected,FPP-Branch-Benders-LLBI-CoverageLLBI-PathLLBI-RootCuts,Optimal,73.70093746,300,102.72,102.66701365,0.001,,0.0005158328466,
previous,worker_00_task_009,0.01,case00,Expected,FPP-Branch-Benders-LLBI-RootCuts,Optimal,1.94720214,300,102.72,102.62206423,0.001,,0.0009534245522,
previous,worker_00_task_012,0.01,case00,Expected,FPP-Branch-Benders-PathLLBI,Optimal,24.49212363,300,102.72,102.66948333,0.001,,0.0004917900117,
previous,worker_00_task_013,0.01,case00,Expected,FPP-Branch-Benders-PathLLBI-RootCuts,Optimal,62.60461670,300,102.72,102.66948333,0.001,,0.0004917900117,
previous,worker_00_task_007,0.01,case00,Expected,FPP-Branch-Benders-RootCuts,Optimal,6.24609664,300,102.72,102.63815574,0.001,,0.0007967704439,
previous,worker_00_task_042,0.01,case00,Expected,FPP-Branch-Benders-Combinatorial,Optimal,7.51768435,300,102.72,102.63354847,0.001,,0.0008416231503,
previous,worker_00_task_000,0.01,case00,Expected,FPP-SAA-fpp_base,Optimal,1.79738654,300,102.72,102.72000000,0.001,,0,
previous,worker_00_task_001,0.01,case00,Expected,FPP-SAA-fpp_cut,Optimal,4.56338078,300,102.72,102.67000000,0.001,,0.0004867601246,
previous,worker_00_task_030,0.01,case00,MeanCVaR,FPP-Branch-Benders,Optimal,4.45970663,300,165.82,165.65731025,0.001,,0.0009811226028,
previous,worker_00_task_034,0.01,case00,MeanCVaR,FPP-Branch-Benders-CoverageLLBI,Optimal,248.73700193,300,165.82,165.75011497,0.001,,0.0004214511519,
previous,worker_00_task_038,0.01,case00,MeanCVaR,FPP-Branch-Benders-CoverageLLBI-PathLLBI,Feasible,301.00102744,300,166.025,162.40789689,0.001,,0.02178649667,
previous,worker_00_task_039,0.01,case00,MeanCVaR,FPP-Branch-Benders-CoverageLLBI-PathLLBI-RootCuts,Feasible,301.21412078,300,166.025,158.44871973,0.001,,0.04563337009,
previous,worker_00_task_035,0.01,case00,MeanCVaR,FPP-Branch-Benders-CoverageLLBI-RootCuts,Optimal,118.70924264,300,165.82,165.65634064,0.001,,0.0009869699674,
previous,worker_00_task_032,0.01,case00,MeanCVaR,FPP-Branch-Benders-LLBI,Optimal,2.75330455,300,165.82,165.65829984,0.001,,0.0009751547461,
previous,worker_00_task_040,0.01,case00,MeanCVaR,FPP-Branch-Benders-LLBI-CoverageLLBI-PathLLBI,Feasible,301.19240922,300,170.54,160.12155055,0.001,,0.06109094318,
previous,worker_00_task_041,0.01,case00,MeanCVaR,FPP-Branch-Benders-LLBI-CoverageLLBI-PathLLBI-RootCuts,Feasible,301.26841771,300,170.54,159.81349613,0.001,,0.0628972902,
previous,worker_00_task_033,0.01,case00,MeanCVaR,FPP-Branch-Benders-LLBI-RootCuts,Optimal,5.82656661,300,165.82,165.67129768,0.001,,0.0008967695091,
previous,worker_00_task_036,0.01,case00,MeanCVaR,FPP-Branch-Benders-PathLLBI,Optimal,146.84703122,300,165.82,165.73262885,0.001,,0.0005269035701,
previous,worker_00_task_037,0.01,case00,MeanCVaR,FPP-Branch-Benders-PathLLBI-RootCuts,Optimal,116.49141819,300,165.82,165.73262885,0.001,,0.0005269035701,
previous,worker_00_task_031,0.01,case00,MeanCVaR,FPP-Branch-Benders-RootCuts,Optimal,5.62515397,300,165.82,165.65623393,0.001,,0.0009876134966,
previous,worker_00_task_044,0.01,case00,MeanCVaR,FPP-Branch-Benders-Combinatorial,Optimal,38.57795552,300,165.82,165.82000000,0.001,,0,
previous,worker_00_task_004,0.01,case00,MeanCVaR,FPP-SAA-fpp_base,Optimal,176.82943562,300,165.82,165.65553314,0.001,,0.0009918397057,
previous,worker_00_task_005,0.01,case00,MeanCVaR,FPP-SAA-fpp_cut,Optimal,194.80799892,300,165.82,165.65490283,0.001,,0.0009956408756,
previous,worker_01_task_018,0.02,case00,CVaR,FPP-Branch-Benders,Feasible,300.29588359,300,169.3,154.62929427,0.001,,0.08665508405,
previous,worker_01_task_022,0.02,case00,CVaR,FPP-Branch-Benders-CoverageLLBI,Feasible,301.29614060,300,171.5,146.81642398,0.001,,0.143927557,
previous,worker_01_task_026,0.02,case00,CVaR,FPP-Branch-Benders-CoverageLLBI-PathLLBI,Feasible,301.13203561,300,171.3,147.95077423,0.001,,0.1363060465,
previous,worker_01_task_027,0.02,case00,CVaR,FPP-Branch-Benders-CoverageLLBI-PathLLBI-RootCuts,Feasible,301.96441177,300,277.3,146.65047690,0.001,,0.4711486589,
previous,worker_01_task_023,0.02,case00,CVaR,FPP-Branch-Benders-CoverageLLBI-RootCuts,Feasible,301.34210475,300,173.7,148.35666783,0.001,,0.145902891,
previous,worker_01_task_020,0.02,case00,CVaR,FPP-Branch-Benders-LLBI,Feasible,300.85276492,300,167.9,156.58279791,0.001,,0.06740441983,
previous,worker_01_task_028,0.02,case00,CVaR,FPP-Branch-Benders-LLBI-CoverageLLBI-PathLLBI,Feasible,302.13799148,300,269.5,147.08535884,0.001,,0.4542287242,
previous,worker_01_task_029,0.02,case00,CVaR,FPP-Branch-Benders-LLBI-CoverageLLBI-PathLLBI-RootCuts,Feasible,301.25133236,300,171.3,148.35998240,0.001,,0.1339172072,
previous,worker_01_task_021,0.02,case00,CVaR,FPP-Branch-Benders-LLBI-RootCuts,Feasible,300.64509835,300,167.9,157.77277910,0.001,,0.06031697975,
previous,worker_01_task_024,0.02,case00,CVaR,FPP-Branch-Benders-PathLLBI,Feasible,300.82632226,300,171.3,149.44478587,0.001,,0.1275844374,
previous,worker_01_task_025,0.02,case00,CVaR,FPP-Branch-Benders-PathLLBI-RootCuts,Feasible,300.80054492,300,171.3,149.44478587,0.001,,0.1275844374,
previous,worker_01_task_019,0.02,case00,CVaR,FPP-Branch-Benders-RootCuts,Feasible,300.27730870,300,171.7,155.44845484,0.001,,0.09465081631,
previous,worker_01_task_043,0.02,case00,CVaR,FPP-Branch-Benders-Combinatorial,Feasible,359.06954932,300,192.4,146.61852626,0.001,,0.2379494477,
previous,worker_01_task_002,0.02,case00,CVaR,FPP-SAA-fpp_base,Feasible,300.02950405,300,169.5,155.38748693,0.001,,0.08325966413,
previous,worker_01_task_003,0.02,case00,CVaR,FPP-SAA-fpp_cut,Feasible,300.01065731,300,167.9,150.97945320,0.001,,0.1007775271,
previous,worker_01_task_006,0.02,case00,Expected,FPP-Branch-Benders,Optimal,226.88371674,300,81.79,81.70843979,0.001,,0.0009971904878,
previous,worker_01_task_010,0.02,case00,Expected,FPP-Branch-Benders-CoverageLLBI,Optimal,62.70558433,300,81.79,81.71177293,0.001,,0.0009564380731,
previous,worker_01_task_014,0.02,case00,Expected,FPP-Branch-Benders-CoverageLLBI-PathLLBI,Feasible,303.02213421,300,102.72,79.94829886,0.001,,0.2216871217,
previous,worker_01_task_015,0.02,case00,Expected,FPP-Branch-Benders-CoverageLLBI-PathLLBI-RootCuts,Feasible,302.70402090,300,102.72,79.94416465,0.001,,0.2217273691,
previous,worker_01_task_011,0.02,case00,Expected,FPP-Branch-Benders-CoverageLLBI-RootCuts,Optimal,142.54271384,300,81.79,81.72270115,0.001,,0.0008228249175,
previous,worker_01_task_008,0.02,case00,Expected,FPP-Branch-Benders-LLBI,Optimal,71.46563690,300,81.79,81.70822425,0.001,,0.0009998257733,
previous,worker_01_task_016,0.02,case00,Expected,FPP-Branch-Benders-LLBI-CoverageLLBI-PathLLBI,Feasible,303.00412671,300,102.72,79.94716859,0.001,,0.2216981251,
previous,worker_01_task_017,0.02,case00,Expected,FPP-Branch-Benders-LLBI-CoverageLLBI-PathLLBI-RootCuts,Feasible,303.21386121,300,102.72,79.95156707,0.001,,0.221655305,
previous,worker_01_task_009,0.02,case00,Expected,FPP-Branch-Benders-LLBI-RootCuts,Optimal,43.57289786,300,81.79,81.70829768,0.001,,0.0009989279863,
previous,worker_01_task_012,0.02,case00,Expected,FPP-Branch-Benders-PathLLBI,Optimal,144.34186653,300,81.79,81.75273515,0.001,,0.0004556162123,
previous,worker_01_task_013,0.02,case00,Expected,FPP-Branch-Benders-PathLLBI-RootCuts,Optimal,141.36340293,300,81.79,81.75273515,0.001,,0.0004556162123,
previous,worker_01_task_007,0.02,case00,Expected,FPP-Branch-Benders-RootCuts,Optimal,65.80498858,300,81.79,81.70827212,0.001,,0.0009992404939,
previous,worker_01_task_042,0.02,case00,Expected,FPP-Branch-Benders-Combinatorial,Optimal,41.71488789,300,81.79,81.76181818,0.001,,0.0003445631495,
previous,worker_01_task_000,0.02,case00,Expected,FPP-SAA-fpp_base,Optimal,27.47655454,300,81.79,81.71000000,0.001,,0.0009781146839,
previous,worker_01_task_001,0.02,case00,Expected,FPP-SAA-fpp_cut,Optimal,84.75039078,300,81.79,81.79000000,0.001,,0,
previous,worker_01_task_030,0.02,case00,MeanCVaR,FPP-Branch-Benders,Feasible,300.37337667,300,130.605,118.78688818,0.001,,0.09048743785,
previous,worker_01_task_034,0.02,case00,MeanCVaR,FPP-Branch-Benders-CoverageLLBI,Feasible,300.48130422,300,126.845,119.25945741,0.001,,0.0598016681,
previous,worker_01_task_038,0.02,case00,MeanCVaR,FPP-Branch-Benders-CoverageLLBI-PathLLBI,Feasible,300.92246977,300,126.845,117.53133797,0.001,,0.07342553534,
previous,worker_01_task_039,0.02,case00,MeanCVaR,FPP-Branch-Benders-CoverageLLBI-PathLLBI-RootCuts,Feasible,301.58378585,300,126.845,116.72225262,0.001,,0.07980407095,
previous,worker_01_task_035,0.02,case00,MeanCVaR,FPP-Branch-Benders-CoverageLLBI-RootCuts,Feasible,300.75227005,300,126.845,120.23069084,0.001,,0.0521448158,
previous,worker_01_task_032,0.02,case00,MeanCVaR,FPP-Branch-Benders-LLBI,Feasible,300.49442309,300,126.845,122.32531240,0.001,,0.0356315787,
previous,worker_01_task_040,0.02,case00,MeanCVaR,FPP-Branch-Benders-LLBI-CoverageLLBI-PathLLBI,Feasible,301.01326891,300,129.39,118.98460460,0.001,,0.08041885308,
previous,worker_01_task_041,0.02,case00,MeanCVaR,FPP-Branch-Benders-LLBI-CoverageLLBI-PathLLBI-RootCuts,Feasible,300.92015718,300,129.39,118.98460460,0.001,,0.08041885308,
previous,worker_01_task_033,0.02,case00,MeanCVaR,FPP-Branch-Benders-LLBI-RootCuts,Feasible,300.50117215,300,126.845,122.86573713,0.001,,0.03137106603,
previous,worker_01_task_036,0.02,case00,MeanCVaR,FPP-Branch-Benders-PathLLBI,Feasible,301.04258731,300,126.845,120.76282574,0.001,,0.04794965714,
previous,worker_01_task_037,0.02,case00,MeanCVaR,FPP-Branch-Benders-PathLLBI-RootCuts,Feasible,301.07774592,300,126.845,120.76282574,0.001,,0.04794965714,
previous,worker_01_task_031,0.02,case00,MeanCVaR,FPP-Branch-Benders-RootCuts,Feasible,300.33925420,300,126.845,125.47826324,0.001,,0.01077485719,
previous,worker_01_task_044,0.02,case00,MeanCVaR,FPP-Branch-Benders-Combinatorial,Feasible,302.63538075,300,128.685,120.49287125,0.001,,0.06366032366,
previous,worker_01_task_004,0.02,case00,MeanCVaR,FPP-SAA-fpp_base,Feasible,300.02160821,300,128.6,122.07897517,0.001,,0.05070781361,
previous,worker_01_task_005,0.02,case00,MeanCVaR,FPP-SAA-fpp_cut,Feasible,300.04106254,300,126.845,118.57500294,0.001,,0.06519765903,
previous,worker_02_task_018,0.01,case01,CVaR,FPP-Branch-Benders,Optimal,7.81018112,300,234.3,234.07009911,0.001,,0.0009812244558,
previous,worker_02_task_022,0.01,case01,CVaR,FPP-Branch-Benders-CoverageLLBI,Feasible,301.26153581,300,237,214.65235176,0.001,,0.09429387443,
previous,worker_02_task_026,0.01,case01,CVaR,FPP-Branch-Benders-CoverageLLBI-PathLLBI,Feasible,301.17108643,300,237,209.35047773,0.001,,0.1166646509,
previous,worker_02_task_027,0.01,case01,CVaR,FPP-Branch-Benders-CoverageLLBI-PathLLBI-RootCuts,Feasible,301.17643226,300,237,210.23622987,0.001,,0.1129273001,
previous,worker_02_task_023,0.01,case01,CVaR,FPP-Branch-Benders-CoverageLLBI-RootCuts,Feasible,301.12729776,300,237.6,209.23691731,0.001,,0.1193732436,
previous,worker_02_task_020,0.01,case01,CVaR,FPP-Branch-Benders-LLBI,Optimal,13.00348881,300,234.3,234.07486514,0.001,,0.0009608828852,
previous,worker_02_task_028,0.01,case01,CVaR,FPP-Branch-Benders-LLBI-CoverageLLBI-PathLLBI,Feasible,301.15209133,300,237.6,214.06929003,0.001,,0.09903497462,
previous,worker_02_task_029,0.01,case01,CVaR,FPP-Branch-Benders-LLBI-CoverageLLBI-PathLLBI-RootCuts,Feasible,301.19662994,300,237.6,212.21052547,0.001,,0.1068580578,
previous,worker_02_task_021,0.01,case01,CVaR,FPP-Branch-Benders-LLBI-RootCuts,Optimal,5.89227749,300,234.3,234.07914160,0.001,,0.0009426308152,
previous,worker_02_task_024,0.01,case01,CVaR,FPP-Branch-Benders-PathLLBI,Feasible,301.15981417,300,237.6,210.62795322,0.001,,0.1135187154,
previous,worker_02_task_025,0.01,case01,CVaR,FPP-Branch-Benders-PathLLBI-RootCuts,Feasible,302.78414719,300,237.6,210.62795322,0.001,,0.1135187154,
previous,worker_02_task_019,0.01,case01,CVaR,FPP-Branch-Benders-RootCuts,Optimal,17.23777909,300,234.3,234.06631788,0.001,,0.0009973628681,
previous,worker_02_task_043,0.01,case01,CVaR,FPP-Branch-Benders-Combinatorial,Optimal,163.10927209,300,234.3,234.07486048,0.001,,0.0009609027742,
previous,worker_02_task_002,0.01,case01,CVaR,FPP-SAA-fpp_base,Feasible,300.02746967,300,235.3,223.12263765,0.001,,0.05175249618,
previous,worker_02_task_003,0.01,case01,CVaR,FPP-SAA-fpp_cut,Feasible,300.06015542,300,234.3,209.69248676,0.001,,0.1050256647,
previous,worker_02_task_006,0.01,case01,Expected,FPP-Branch-Benders,Optimal,6.68053289,300,110.8,110.80000000,0.001,,0,
previous,worker_02_task_010,0.01,case01,Expected,FPP-Branch-Benders-CoverageLLBI,Optimal,29.23598445,300,110.8,110.77064935,0.001,,0.0002648975632,
previous,worker_02_task_014,0.01,case01,Expected,FPP-Branch-Benders-CoverageLLBI-PathLLBI,Optimal,130.88035067,300,110.8,110.80000000,0.001,,0,
previous,worker_02_task_015,0.01,case01,Expected,FPP-Branch-Benders-CoverageLLBI-PathLLBI-RootCuts,Feasible,302.54413944,300,119,110.56555556,0.001,,0.07087768437,
previous,worker_02_task_011,0.01,case01,Expected,FPP-Branch-Benders-CoverageLLBI-RootCuts,Optimal,26.14089453,300,110.8,110.80000000,0.001,,0,
previous,worker_02_task_008,0.01,case01,Expected,FPP-Branch-Benders-LLBI,Optimal,4.19825618,300,110.8,110.80000000,0.001,,0,
previous,worker_02_task_016,0.01,case01,Expected,FPP-Branch-Benders-LLBI-CoverageLLBI-PathLLBI,Optimal,280.70335634,300,110.8,110.80000000,0.001,,0,
previous,worker_02_task_017,0.01,case01,Expected,FPP-Branch-Benders-LLBI-CoverageLLBI-PathLLBI-RootCuts,Optimal,118.38309586,300,110.8,110.80000000,0.001,,0,
previous,worker_02_task_009,0.01,case01,Expected,FPP-Branch-Benders-LLBI-RootCuts,Optimal,4.40270052,300,110.8,110.70339131,0.001,,0.0008719195848,
previous,worker_02_task_012,0.01,case01,Expected,FPP-Branch-Benders-PathLLBI,Optimal,40.60275203,300,110.8,110.80000000,0.001,,0,
previous,worker_02_task_013,0.01,case01,Expected,FPP-Branch-Benders-PathLLBI-RootCuts,Optimal,38.51982063,300,110.8,110.80000000,0.001,,0,
previous,worker_02_task_007,0.01,case01,Expected,FPP-Branch-Benders-RootCuts,Optimal,8.21927450,300,110.8,110.70993508,0.001,,0.0008128602888,
previous,worker_02_task_042,0.01,case01,Expected,FPP-Branch-Benders-Combinatorial,Optimal,6.06130124,300,110.8,110.79148148,0.001,,7.688194946e-05,
previous,worker_02_task_000,0.01,case01,Expected,FPP-SAA-fpp_base,Optimal,3.54073207,300,110.8,110.80000000,0.001,,0,
previous,worker_02_task_001,0.01,case01,Expected,FPP-SAA-fpp_cut,Optimal,15.65482474,300,110.8,110.80000000,0.001,,0,
previous,worker_02_task_030,0.01,case01,MeanCVaR,FPP-Branch-Benders,Optimal,5.88003530,300,174.72,174.57685335,0.001,,0.0008192917239,
previous,worker_02_task_034,0.01,case01,MeanCVaR,FPP-Branch-Benders-CoverageLLBI,Feasible,300.56980041,300,174.72,169.36992840,0.001,,0.03062083104,
previous,worker_02_task_038,0.01,case01,MeanCVaR,FPP-Branch-Benders-CoverageLLBI-PathLLBI,Feasible,302.86267952,300,243.82,-999999999999999926539781176481198923508803215199467887262646419780362305536.00000000,0.001,,,invalid_best_bound_sentinel
previous,worker_02_task_039,0.01,case01,MeanCVaR,FPP-Branch-Benders-CoverageLLBI-PathLLBI-RootCuts,Feasible,302.26761153,300,174.72,164.73298815,0.001,,0.0571600953,
previous,worker_02_task_035,0.01,case01,MeanCVaR,FPP-Branch-Benders-CoverageLLBI-RootCuts,Feasible,300.67908073,300,174.72,166.42122161,0.001,,0.04749758694,
previous,worker_02_task_032,0.01,case01,MeanCVaR,FPP-Branch-Benders-LLBI,Optimal,5.05741985,300,174.72,174.55598650,0.001,,0.0009387219551,
previous,worker_02_task_040,0.01,case01,MeanCVaR,FPP-Branch-Benders-LLBI-CoverageLLBI-PathLLBI,Feasible,301.28750190,300,174.72,165.25142208,0.001,,0.05419286813,
previous,worker_02_task_041,0.01,case01,MeanCVaR,FPP-Branch-Benders-LLBI-CoverageLLBI-PathLLBI-RootCuts,Feasible,302.33880636,300,174.72,165.25142208,0.001,,0.05419286813,
previous,worker_02_task_033,0.01,case01,MeanCVaR,FPP-Branch-Benders-LLBI-RootCuts,Optimal,4.83285348,300,174.72,174.55669571,0.001,,0.000934662832,
previous,worker_02_task_036,0.01,case01,MeanCVaR,FPP-Branch-Benders-PathLLBI,Optimal,266.95097431,300,174.72,174.57506765,0.001,,0.0008295120765,
previous,worker_02_task_037,0.01,case01,MeanCVaR,FPP-Branch-Benders-PathLLBI-RootCuts,Feasible,301.04197009,300,174.72,170.64634618,0.001,,0.02331532635,
previous,worker_02_task_031,0.01,case01,MeanCVaR,FPP-Branch-Benders-RootCuts,Optimal,3.63836338,300,174.72,174.54578180,0.001,,0.0009971279762,
previous,worker_02_task_044,0.01,case01,MeanCVaR,FPP-Branch-Benders-Combinatorial,Optimal,61.13958915,300,174.72,174.58231841,0.001,,0.0007880127633,
previous,worker_02_task_004,0.01,case01,MeanCVaR,FPP-SAA-fpp_base,Optimal,94.27746717,300,174.72,174.56922499,0.001,,0.0008629522092,
previous,worker_02_task_005,0.01,case01,MeanCVaR,FPP-SAA-fpp_cut,Feasible,300.02331640,300,174.72,171.63852152,0.001,,0.01763666712,
previous,worker_03_task_018,0.02,case01,CVaR,FPP-Branch-Benders,Feasible,300.27810602,300,179,156.28462168,0.001,,0.1269015549,
previous,worker_03_task_022,0.02,case01,CVaR,FPP-Branch-Benders-CoverageLLBI,Feasible,301.47811982,300,181.9,142.40471945,0.001,,0.2171263362,
previous,worker_03_task_026,0.02,case01,CVaR,FPP-Branch-Benders-CoverageLLBI-PathLLBI,Feasible,301.63467401,300,331,-999999999999999926539781176481198923508803215199467887262646419780362305536.00000000,0.001,,,invalid_best_bound_sentinel
previous,worker_03_task_027,0.02,case01,CVaR,FPP-Branch-Benders-CoverageLLBI-PathLLBI-RootCuts,Feasible,302.84621769,300,184.4,140.48929716,0.001,,0.2381274557,
previous,worker_03_task_023,0.02,case01,CVaR,FPP-Branch-Benders-CoverageLLBI-RootCuts,Feasible,301.46018203,300,175.6,142.66326832,0.001,,0.1875668091,
previous,worker_03_task_020,0.02,case01,CVaR,FPP-Branch-Benders-LLBI,Feasible,300.42131717,300,175.6,160.36704843,0.001,,0.08674801577,
previous,worker_03_task_028,0.02,case01,CVaR,FPP-Branch-Benders-LLBI-CoverageLLBI-PathLLBI,Feasible,303.50868670,300,181.9,141.04026697,0.001,,0.2246274493,
previous,worker_03_task_029,0.02,case01,CVaR,FPP-Branch-Benders-LLBI-CoverageLLBI-PathLLBI-RootCuts,Feasible,301.29396666,300,181.9,143.10851189,0.001,,0.2132572189,
previous,worker_03_task_021,0.02,case01,CVaR,FPP-Branch-Benders-LLBI-RootCuts,Feasible,300.56732847,300,175.3,161.20310322,0.001,,0.08041584016,
previous,worker_03_task_024,0.02,case01,CVaR,FPP-Branch-Benders-PathLLBI,Feasible,301.11710222,300,184.7,143.23471952,0.001,,0.2245007064,
previous,worker_03_task_025,0.02,case01,CVaR,FPP-Branch-Benders-PathLLBI-RootCuts,Feasible,301.86695554,300,184.7,143.23471952,0.001,,0.2245007064,
previous,worker_03_task_019,0.02,case01,CVaR,FPP-Branch-Benders-RootCuts,Feasible,300.32953741,300,180.9,156.31739870,0.001,,0.1358905544,
previous,worker_03_task_043,0.02,case01,CVaR,FPP-Branch-Benders-Combinatorial,Feasible,307.35220791,300,180.4,149.33915096,0.001,,0.1721776554,
previous,worker_03_task_002,0.02,case01,CVaR,FPP-SAA-fpp_base,Feasible,300.01489863,300,185.1,145.48559061,0.001,,0.2140162582,
previous,worker_03_task_003,0.02,case01,CVaR,FPP-SAA-fpp_cut,Feasible,300.06797946,300,181.9,142.39808412,0.001,,0.2171628141,
previous,worker_03_task_006,0.02,case01,Expected,FPP-Branch-Benders,Optimal,47.19169841,300,85.2,85.11493490,0.001,,0.0009984166667,
previous,worker_03_task_010,0.02,case01,Expected,FPP-Branch-Benders-CoverageLLBI,Optimal,58.16625081,300,85.2,85.14000000,0.001,,0.0007042253521,
previous,worker_03_task_014,0.02,case01,Expected,FPP-Branch-Benders-CoverageLLBI-PathLLBI,Optimal,257.65435592,300,85.2,85.20000000,0.001,,0,
previous,worker_03_task_015,0.02,case01,Expected,FPP-Branch-Benders-CoverageLLBI-PathLLBI-RootCuts,Optimal,271.89999631,300,85.2,85.20000000,0.001,,0,
previous,worker_03_task_011,0.02,case01,Expected,FPP-Branch-Benders-CoverageLLBI-RootCuts,Optimal,56.24638750,300,85.2,85.20000000,0.001,,0,
previous,worker_03_task_008,0.02,case01,Expected,FPP-Branch-Benders-LLBI,Optimal,21.19303668,300,85.2,85.11597458,0.001,,0.0009862138498,
previous,worker_03_task_016,0.02,case01,Expected,FPP-Branch-Benders-LLBI-CoverageLLBI-PathLLBI,Feasible,301.77122433,300,85.2,85.01770950,0.001,,0.002139559859,
previous,worker_03_task_017,0.02,case01,Expected,FPP-Branch-Benders-LLBI-CoverageLLBI-PathLLBI-RootCuts,Feasible,301.23771314,300,85.2,85.01770950,0.001,,0.002139559859,
previous,worker_03_task_009,0.02,case01,Expected,FPP-Branch-Benders-LLBI-RootCuts,Optimal,14.70678194,300,85.2,85.11598188,0.001,,0.000986128169,
previous,worker_03_task_012,0.02,case01,Expected,FPP-Branch-Benders-PathLLBI,Optimal,38.10071253,300,85.2,85.20000000,0.001,,0,
previous,worker_03_task_013,0.02,case01,Expected,FPP-Branch-Benders-PathLLBI-RootCuts,Optimal,40.51028589,300,85.2,85.20000000,0.001,,0,
previous,worker_03_task_007,0.02,case01,Expected,FPP-Branch-Benders-RootCuts,Optimal,75.40728755,300,85.2,85.11548118,0.001,,0.0009920049296,
previous,worker_03_task_042,0.02,case01,Expected,FPP-Branch-Benders-Combinatorial,Optimal,64.11090257,300,85.2,85.14142857,0.001,,0.0006874580986,
previous,worker_03_task_000,0.02,case01,Expected,FPP-SAA-fpp_base,Optimal,13.75056749,300,85.2,85.20000000,0.001,,0,
previous,worker_03_task_001,0.02,case01,Expected,FPP-SAA-fpp_cut,Optimal,22.05375284,300,85.2,85.15500000,0.001,,0.0005281690141,
previous,worker_03_task_030,0.02,case01,MeanCVaR,FPP-Branch-Benders,Feasible,300.60127225,300,138.175,121.81323139,0.001,,0.1184133788,
previous,worker_03_task_034,0.02,case01,MeanCVaR,FPP-Branch-Benders-CoverageLLBI,Feasible,300.70133260,300,136.435,119.08024561,0.001,,0.12720163,
previous,worker_03_task_038,0.02,case01,MeanCVaR,FPP-Branch-Benders-CoverageLLBI-PathLLBI,Feasible,301.01156115,300,141.3,117.44531512,0.001,,0.1688229645,
previous,worker_03_task_039,0.02,case01,MeanCVaR,FPP-Branch-Benders-CoverageLLBI-PathLLBI-RootCuts,Feasible,301.02124746,300,141.3,117.44531512,0.001,,0.1688229645,
previous,worker_03_task_035,0.02,case01,MeanCVaR,FPP-Branch-Benders-CoverageLLBI-RootCuts,Feasible,300.49742551,300,136.19,119.56823634,0.001,,0.1220483417,
previous,worker_03_task_032,0.02,case01,MeanCVaR,FPP-Branch-Benders-LLBI,Feasible,300.32013657,300,133.96,123.89411395,0.001,,0.07514098276,
previous,worker_03_task_040,0.02,case01,MeanCVaR,FPP-Branch-Benders-LLBI-CoverageLLBI-PathLLBI,Feasible,301.83332986,300,136.77,118.02668434,0.001,,0.1370425946,
previous,worker_03_task_041,0.02,case01,MeanCVaR,FPP-Branch-Benders-LLBI-CoverageLLBI-PathLLBI-RootCuts,Feasible,301.70589344,300,136.77,118.56520350,0.001,,0.1331051875,
previous,worker_03_task_033,0.02,case01,MeanCVaR,FPP-Branch-Benders-LLBI-RootCuts,Feasible,300.49796948,300,133.96,126.54179056,0.001,,0.05537630218,
previous,worker_03_task_036,0.02,case01,MeanCVaR,FPP-Branch-Benders-PathLLBI,Feasible,300.96277769,300,134.215,119.51508071,0.001,,0.1095251596,
previous,worker_03_task_037,0.02,case01,MeanCVaR,FPP-Branch-Benders-PathLLBI-RootCuts,Feasible,300.72180013,300,134.215,119.98657007,0.001,,0.1060122187,
previous,worker_03_task_031,0.02,case01,MeanCVaR,FPP-Branch-Benders-RootCuts,Feasible,300.38146200,300,135.83,124.39700318,0.001,,0.0841713673,
previous,worker_03_task_044,0.02,case01,MeanCVaR,FPP-Branch-Benders-Combinatorial,Feasible,306.36311674,300,139.525,119.45191038,0.001,,0.1438673329,
previous,worker_03_task_004,0.02,case01,MeanCVaR,FPP-SAA-fpp_base,Feasible,300.02330214,300,138.015,120.97281967,0.001,,0.1234806386,
previous,worker_03_task_005,0.02,case01,MeanCVaR,FPP-SAA-fpp_cut,Feasible,300.02517156,300,134.215,119.29012986,0.001,,0.1112012081,
previous,worker_04_task_018,0.01,case02,CVaR,FPP-Branch-Benders,Optimal,3.34752274,300,228.5,228.30628144,0.001,,0.0008477836324,
previous,worker_04_task_022,0.01,case02,CVaR,FPP-Branch-Benders-CoverageLLBI,Feasible,301.38642773,300,228.5,219.83843499,0.001,,0.0379061926,
previous,worker_04_task_026,0.01,case02,CVaR,FPP-Branch-Benders-CoverageLLBI-PathLLBI,Feasible,303.20114748,300,321.2,-999999999999999926539781176481198923508803215199467887262646419780362305536.00000000,0.001,,,invalid_best_bound_sentinel
previous,worker_04_task_027,0.01,case02,CVaR,FPP-Branch-Benders-CoverageLLBI-PathLLBI-RootCuts,Feasible,302.78324750,300,229.1,213.42996006,0.001,,0.06839825378,
previous,worker_04_task_023,0.01,case02,CVaR,FPP-Branch-Benders-CoverageLLBI-RootCuts,Optimal,264.01024244,300,228.5,228.29148796,0.001,,0.0009125253392,
previous,worker_04_task_020,0.01,case02,CVaR,FPP-Branch-Benders-LLBI,Optimal,7.79259554,300,228.5,228.32994568,0.001,,0.0007442202188,
previous,worker_04_task_028,0.01,case02,CVaR,FPP-Branch-Benders-LLBI-CoverageLLBI-PathLLBI,Feasible,301.33309115,300,228.5,214.88289457,0.001,,0.05959345921,
previous,worker_04_task_029,0.01,case02,CVaR,FPP-Branch-Benders-LLBI-CoverageLLBI-PathLLBI-RootCuts,Feasible,301.31245863,300,229.7,213.33094199,0.001,,0.07126276887,
previous,worker_04_task_021,0.01,case02,CVaR,FPP-Branch-Benders-LLBI-RootCuts,Optimal,11.22521074,300,228.5,228.28165563,0.001,,0.0009555552298,
previous,worker_04_task_024,0.01,case02,CVaR,FPP-Branch-Benders-PathLLBI,Feasible,300.72687433,300,228.5,222.84726614,0.001,,0.0247384414,
previous,worker_04_task_025,0.01,case02,CVaR,FPP-Branch-Benders-PathLLBI-RootCuts,Feasible,300.86410981,300,228.5,223.26819591,0.001,,0.02289629799,
previous,worker_04_task_019,0.01,case02,CVaR,FPP-Branch-Benders-RootCuts,Optimal,3.40183045,300,228.5,228.29626499,0.001,,0.0008916192998,
previous,worker_04_task_043,0.01,case02,CVaR,FPP-Branch-Benders-Combinatorial,Optimal,96.79796117,300,228.5,228.28429967,0.001,,0.0009439839387,
previous,worker_04_task_002,0.01,case02,CVaR,FPP-SAA-fpp_base,Optimal,115.96786991,300,228.5,228.27428671,0.001,,0.0009878043326,
previous,worker_04_task_003,0.01,case02,CVaR,FPP-SAA-fpp_cut,Feasible,300.01145144,300,228.5,219.24717206,0.001,,0.04049377654,
previous,worker_04_task_006,0.01,case02,Expected,FPP-Branch-Benders,Optimal,7.88936783,300,110.94,110.83379012,0.001,,0.0009573632594,
previous,worker_04_task_010,0.01,case02,Expected,FPP-Branch-Benders-CoverageLLBI,Optimal,19.03760851,300,110.94,110.86567164,0.001,,0.00066998702,
previous,worker_04_task_014,0.01,case02,Expected,FPP-Branch-Benders-CoverageLLBI-PathLLBI,Optimal,126.61316282,300,110.95,110.87055624,0.001,,0.0007160320865,
previous,worker_04_task_015,0.01,case02,Expected,FPP-Branch-Benders-CoverageLLBI-PathLLBI-RootCuts,Optimal,160.28217482,300,110.95,110.87055624,0.001,,0.0007160320865,
previous,worker_04_task_011,0.01,case02,Expected,FPP-Branch-Benders-CoverageLLBI-RootCuts,Optimal,26.96084960,300,110.94,110.94000000,0.001,,0,
previous,worker_04_task_008,0.01,case02,Expected,FPP-Branch-Benders-LLBI,Optimal,6.24909312,300,110.94,110.83720143,0.001,,0.0009266141157,
previous,worker_04_task_016,0.01,case02,Expected,FPP-Branch-Benders-LLBI-CoverageLLBI-PathLLBI,Optimal,80.10257955,300,110.95,110.87117877,0.001,,0.0007104211807,
previous,worker_04_task_017,0.01,case02,Expected,FPP-Branch-Benders-LLBI-CoverageLLBI-PathLLBI-RootCuts,Optimal,87.26063129,300,110.95,110.87117877,0.001,,0.0007104211807,
previous,worker_04_task_009,0.01,case02,Expected,FPP-Branch-Benders-LLBI-RootCuts,Optimal,2.36033403,300,110.94,110.85402186,0.001,,0.000774996755,
previous,worker_04_task_012,0.01,case02,Expected,FPP-Branch-Benders-PathLLBI,Optimal,70.10118056,300,110.95,110.87000000,0.001,,0.000721045516,
previous,worker_04_task_013,0.01,case02,Expected,FPP-Branch-Benders-PathLLBI-RootCuts,Optimal,30.05015162,300,110.95,110.87000000,0.001,,0.000721045516,
previous,worker_04_task_007,0.01,case02,Expected,FPP-Branch-Benders-RootCuts,Optimal,7.57724156,300,110.94,110.86859649,0.001,,0.0006436227691,
previous,worker_04_task_042,0.01,case02,Expected,FPP-Branch-Benders-Combinatorial,Optimal,7.24728070,300,110.94,110.94000000,0.001,,0,
previous,worker_04_task_000,0.01,case02,Expected,FPP-SAA-fpp_base,Optimal,2.21551551,300,110.94,110.94000000,0.001,,0,
previous,worker_04_task_001,0.01,case02,Expected,FPP-SAA-fpp_cut,Optimal,5.58368480,300,111.02,110.91750000,0.001,,0.0009232570708,
previous,worker_04_task_030,0.01,case02,MeanCVaR,FPP-Branch-Benders,Optimal,7.46989882,300,173.035,172.87271225,0.001,,0.0009378897333,
previous,worker_04_task_034,0.01,case02,MeanCVaR,FPP-Branch-Benders-CoverageLLBI,Feasible,300.98601379,300,173.035,170.00104938,0.001,,0.01753373953,
previous,worker_04_task_038,0.01,case02,MeanCVaR,FPP-Branch-Benders-CoverageLLBI-PathLLBI,Feasible,301.10035880,300,173.91,166.30548438,0.001,,0.04372673003,
previous,worker_04_task_039,0.01,case02,MeanCVaR,FPP-Branch-Benders-CoverageLLBI-PathLLBI-RootCuts,Feasible,301.14777307,300,173.91,165.11792447,0.001,,0.05055531902,
previous,worker_04_task_035,0.01,case02,MeanCVaR,FPP-Branch-Benders-CoverageLLBI-RootCuts,Feasible,300.55681003,300,173.035,171.74249126,0.001,,0.007469637588,
previous,worker_04_task_032,0.01,case02,MeanCVaR,FPP-Branch-Benders-LLBI,Optimal,8.28238564,300,173.035,172.86466892,0.001,,0.000984373566,
previous,worker_04_task_040,0.01,case02,MeanCVaR,FPP-Branch-Benders-LLBI-CoverageLLBI-PathLLBI,Feasible,303.03621686,300,221.4,163.08638756,0.001,,0.2633857834,
previous,worker_04_task_041,0.01,case02,MeanCVaR,FPP-Branch-Benders-LLBI-CoverageLLBI-PathLLBI-RootCuts,Feasible,302.21097171,300,173.035,166.43049492,0.001,,0.03816860797,
previous,worker_04_task_033,0.01,case02,MeanCVaR,FPP-Branch-Benders-LLBI-RootCuts,Optimal,3.49464447,300,173.035,172.86464792,0.001,,0.0009844949288,
previous,worker_04_task_036,0.01,case02,MeanCVaR,FPP-Branch-Benders-PathLLBI,Feasible,301.68943206,300,173.035,167.36509290,0.001,,0.03276740024,
previous,worker_04_task_037,0.01,case02,MeanCVaR,FPP-Branch-Benders-PathLLBI-RootCuts,Optimal,275.20868678,300,173.035,172.86201313,0.001,,0.0009997218482,
previous,worker_04_task_031,0.01,case02,MeanCVaR,FPP-Branch-Benders-RootCuts,Optimal,8.44604493,300,173.035,172.86890903,0.001,,0.0009598692172,
previous,worker_04_task_044,0.01,case02,MeanCVaR,FPP-Branch-Benders-Combinatorial,Optimal,60.82312710,300,173.035,172.87529221,0.001,,0.0009229796862,
previous,worker_04_task_004,0.01,case02,MeanCVaR,FPP-SAA-fpp_base,Optimal,94.48561530,300,173.035,172.87449461,0.001,,0.0009275891583,
previous,worker_04_task_005,0.01,case02,MeanCVaR,FPP-SAA-fpp_cut,Feasible,300.01647074,300,173.035,170.01758683,0.001,,0.01743816667,
previous,worker_05_task_018,0.02,case02,CVaR,FPP-Branch-Benders,Feasible,300.68023829,300,180.3,156.17032433,0.001,,0.1338307026,
previous,worker_05_task_022,0.02,case02,CVaR,FPP-Branch-Benders-CoverageLLBI,Feasible,300.93020073,300,179.2,147.97214159,0.001,,0.1742626027,
previous,worker_05_task_026,0.02,case02,CVaR,FPP-Branch-Benders-CoverageLLBI-PathLLBI,Feasible,300.98528374,300,178.8,146.85354413,0.001,,0.1786714534,
previous,worker_05_task_027,0.02,case02,CVaR,FPP-Branch-Benders-CoverageLLBI-PathLLBI-RootCuts,Feasible,301.45614534,300,178.8,146.85354413,0.001,,0.1786714534,
previous,worker_05_task_023,0.02,case02,CVaR,FPP-Branch-Benders-CoverageLLBI-RootCuts,Feasible,301.61953865,300,181.9,146.30163800,0.001,,0.1957029247,
previous,worker_05_task_020,0.02,case02,CVaR,FPP-Branch-Benders-LLBI,Feasible,300.85482692,300,175.7,160.80452059,0.001,,0.08477791355,
previous,worker_05_task_028,0.02,case02,CVaR,FPP-Branch-Benders-LLBI-CoverageLLBI-PathLLBI,Feasible,301.72421547,300,176.7,147.50435117,0.001,,0.1652272147,
previous,worker_05_task_029,0.02,case02,CVaR,FPP-Branch-Benders-LLBI-CoverageLLBI-PathLLBI-RootCuts,Feasible,301.33823909,300,176.7,147.50727948,0.001,,0.1652106424,
previous,worker_05_task_021,0.02,case02,CVaR,FPP-Branch-Benders-LLBI-RootCuts,Feasible,300.42617312,300,174.1,162.99807083,0.001,,0.06376754262,
previous,worker_05_task_024,0.02,case02,CVaR,FPP-Branch-Benders-PathLLBI,Feasible,300.85569754,300,178.8,149.31544695,0.001,,0.164902422,
previous,worker_05_task_025,0.02,case02,CVaR,FPP-Branch-Benders-PathLLBI-RootCuts,Feasible,301.33815247,300,178.8,149.31544695,0.001,,0.164902422,
previous,worker_05_task_019,0.02,case02,CVaR,FPP-Branch-Benders-RootCuts,Feasible,300.58919743,300,177.7,157.46776496,0.001,,0.1138561342,
previous,worker_05_task_043,0.02,case02,CVaR,FPP-Branch-Benders-Combinatorial,Feasible,302.73858186,300,179.9,151.29831706,0.001,,0.1589865644,
previous,worker_05_task_002,0.02,case02,CVaR,FPP-SAA-fpp_base,Feasible,300.02365163,300,187.7,151.25216161,0.001,,0.1941813446,
previous,worker_05_task_003,0.02,case02,CVaR,FPP-SAA-fpp_cut,Feasible,300.03768918,300,180,147.90105743,0.001,,0.1783274587,
previous,worker_05_task_006,0.02,case02,Expected,FPP-Branch-Benders,Feasible,300.32095973,300,87.36,85.82677460,0.001,,0.01755065705,
previous,worker_05_task_010,0.02,case02,Expected,FPP-Branch-Benders-CoverageLLBI,Optimal,76.51913803,300,87.22,87.17250000,0.001,,0.0005445998624,
previous,worker_05_task_014,0.02,case02,Expected,FPP-Branch-Benders-CoverageLLBI-PathLLBI,Feasible,301.07078181,300,87.36,85.46840893,0.001,,0.02165282818,
previous,worker_05_task_015,0.02,case02,Expected,FPP-Branch-Benders-CoverageLLBI-PathLLBI-RootCuts,Feasible,302.80622591,300,91.19,85.15697397,0.001,,0.06615885547,
previous,worker_05_task_011,0.02,case02,Expected,FPP-Branch-Benders-CoverageLLBI-RootCuts,Optimal,103.13995150,300,87.22,87.19615385,0.001,,0.000273402316,
previous,worker_05_task_008,0.02,case02,Expected,FPP-Branch-Benders-LLBI,Optimal,203.60213641,300,87.22,87.13284355,0.001,,0.0009992713827,
previous,worker_05_task_016,0.02,case02,Expected,FPP-Branch-Benders-LLBI-CoverageLLBI-PathLLBI,Feasible,303.48553753,300,119.19,85.15562290,0.001,,0.2855472531,
previous,worker_05_task_017,0.02,case02,Expected,FPP-Branch-Benders-LLBI-CoverageLLBI-PathLLBI-RootCuts,Feasible,302.93852182,300,119.19,85.16330381,0.001,,0.2854828106,
previous,worker_05_task_009,0.02,case02,Expected,FPP-Branch-Benders-LLBI-RootCuts,Optimal,169.84359596,300,87.22,87.13284384,0.001,,0.0009992680578,
previous,worker_05_task_012,0.02,case02,Expected,FPP-Branch-Benders-PathLLBI,Optimal,87.93971489,300,87.22,87.22000000,0.001,,0,
previous,worker_05_task_013,0.02,case02,Expected,FPP-Branch-Benders-PathLLBI-RootCuts,Optimal,78.69302394,300,87.22,87.22000000,0.001,,0,
previous,worker_05_task_007,0.02,case02,Expected,FPP-Branch-Benders-RootCuts,Feasible,300.27856093,300,87.24,86.04055854,0.001,,0.01374875585,
previous,worker_05_task_042,0.02,case02,Expected,FPP-Branch-Benders-Combinatorial,Optimal,41.58265281,300,87.22,87.22000000,0.001,,0,
previous,worker_05_task_000,0.02,case02,Expected,FPP-SAA-fpp_base,Optimal,28.74740778,300,87.22,87.22000000,0.001,,0,
previous,worker_05_task_001,0.02,case02,Expected,FPP-SAA-fpp_cut,Optimal,49.12616673,300,87.22,87.22000000,0.001,,0,
previous,worker_05_task_030,0.02,case02,MeanCVaR,FPP-Branch-Benders,Feasible,300.36359111,300,134.83,128.26223482,0.001,,0.04871145279,
previous,worker_05_task_034,0.02,case02,MeanCVaR,FPP-Branch-Benders-CoverageLLBI,Feasible,300.49819168,300,133.64,123.04230395,0.001,,0.07930032962,
previous,worker_05_task_038,0.02,case02,MeanCVaR,FPP-Branch-Benders-CoverageLLBI-PathLLBI,Feasible,300.94684024,300,134.69,122.00301565,0.001,,0.09419395909,
previous,worker_05_task_039,0.02,case02,MeanCVaR,FPP-Branch-Benders-CoverageLLBI-PathLLBI-RootCuts,Feasible,300.96650178,300,134.69,122.00301565,0.001,,0.09419395909,
previous,worker_05_task_035,0.02,case02,MeanCVaR,FPP-Branch-Benders-CoverageLLBI-RootCuts,Feasible,300.82704416,300,133.64,122.67487922,0.001,,0.08204969156,
previous,worker_05_task_032,0.02,case02,MeanCVaR,FPP-Branch-Benders-LLBI,Feasible,300.31795246,300,134.1,127.58453953,0.001,,0.04858658069,
previous,worker_05_task_040,0.02,case02,MeanCVaR,FPP-Branch-Benders-LLBI-CoverageLLBI-PathLLBI,Feasible,301.01886125,300,134.83,120.40538278,0.001,,0.1069837367,
previous,worker_05_task_041,0.02,case02,MeanCVaR,FPP-Branch-Benders-LLBI-CoverageLLBI-PathLLBI-RootCuts,Feasible,300.86677189,300,134.83,122.00308262,0.001,,0.09513400119,
previous,worker_05_task_033,0.02,case02,MeanCVaR,FPP-Branch-Benders-LLBI-RootCuts,Feasible,300.55144237,300,134.1,127.93237759,0.001,,0.04599270999,
previous,worker_05_task_036,0.02,case02,MeanCVaR,FPP-Branch-Benders-PathLLBI,Feasible,300.67625709,300,133.64,123.70373430,0.001,,0.07435098548,
previous,worker_05_task_037,0.02,case02,MeanCVaR,FPP-Branch-Benders-PathLLBI-RootCuts,Feasible,300.71960325,300,133.64,123.70373430,0.001,,0.07435098548,
previous,worker_05_task_031,0.02,case02,MeanCVaR,FPP-Branch-Benders-RootCuts,Feasible,300.23538543,300,133.64,129.27499253,0.001,,0.03266243243,
previous,worker_05_task_044,0.02,case02,MeanCVaR,FPP-Branch-Benders-Combinatorial,Feasible,302.38646477,300,136.865,124.34166846,0.001,,0.09150134468,
previous,worker_05_task_004,0.02,case02,MeanCVaR,FPP-SAA-fpp_base,Feasible,300.02293291,300,137.39,124.40672061,0.001,,0.09449944967,
previous,worker_05_task_005,0.02,case02,MeanCVaR,FPP-SAA-fpp_cut,Feasible,300.02580547,300,133.64,122.97222593,0.001,,0.0798247087,
previous,worker_06_task_018,0.01,case03,CVaR,FPP-Branch-Benders,Optimal,7.05865075,300,214.3,214.09014509,0.001,,0.0009792576295,
previous,worker_06_task_022,0.01,case03,CVaR,FPP-Branch-Benders-CoverageLLBI,Feasible,300.55990818,300,217,203.88300561,0.001,,0.06044697876,
previous,worker_06_task_026,0.01,case03,CVaR,FPP-Branch-Benders-CoverageLLBI-PathLLBI,Feasible,302.58994149,300,215.7,197.59418731,0.001,,0.08393978994,
previous,worker_06_task_027,0.01,case03,CVaR,FPP-Branch-Benders-CoverageLLBI-PathLLBI-RootCuts,Feasible,301.29692684,300,215.7,194.89351978,0.001,,0.09646026991,
previous,worker_06_task_023,0.01,case03,CVaR,FPP-Branch-Benders-CoverageLLBI-RootCuts,Feasible,300.55269913,300,215.7,204.62737066,0.001,,0.05133346936,
previous,worker_06_task_020,0.01,case03,CVaR,FPP-Branch-Benders-LLBI,Optimal,6.20345721,300,214.3,214.08893818,0.001,,0.0009848895007,
previous,worker_06_task_028,0.01,case03,CVaR,FPP-Branch-Benders-LLBI-CoverageLLBI-PathLLBI,Feasible,302.41554634,300,216.9,194.38585505,0.001,,0.103799654,
previous,worker_06_task_029,0.01,case03,CVaR,FPP-Branch-Benders-LLBI-CoverageLLBI-PathLLBI-RootCuts,Feasible,302.43579535,300,216.9,195.86119420,0.001,,0.09699772153,
previous,worker_06_task_021,0.01,case03,CVaR,FPP-Branch-Benders-LLBI-RootCuts,Optimal,6.47395343,300,214.3,214.10088509,0.001,,0.0009291409706,
previous,worker_06_task_024,0.01,case03,CVaR,FPP-Branch-Benders-PathLLBI,Optimal,163.00963108,300,214.3,214.12816372,0.001,,0.0008018491834,
previous,worker_06_task_025,0.01,case03,CVaR,FPP-Branch-Benders-PathLLBI-RootCuts,Optimal,187.00506036,300,214.3,214.12816372,0.001,,0.0008018491834,
previous,worker_06_task_019,0.01,case03,CVaR,FPP-Branch-Benders-RootCuts,Optimal,9.20191417,300,214.3,214.09676691,0.001,,0.0009483578628,
previous,worker_06_task_043,0.01,case03,CVaR,FPP-Branch-Benders-Combinatorial,Optimal,97.20595571,300,214.3,214.10714329,0.001,,0.0008999379841,
previous,worker_06_task_002,0.01,case03,CVaR,FPP-SAA-fpp_base,Optimal,234.37979379,300,214.3,214.10507867,0.001,,0.0009095722352,
previous,worker_06_task_003,0.01,case03,CVaR,FPP-SAA-fpp_cut,Feasible,300.05527030,300,217,199.24264434,0.001,,0.08183113207,
previous,worker_06_task_006,0.01,case03,Expected,FPP-Branch-Benders,Optimal,2.91945617,300,97.12,97.04880573,0.001,,0.0007330546746,
previous,worker_06_task_010,0.01,case03,Expected,FPP-Branch-Benders-CoverageLLBI,Optimal,39.55604198,300,97.12,97.12000000,0.001,,0,
previous,worker_06_task_014,0.01,case03,Expected,FPP-Branch-Benders-CoverageLLBI-PathLLBI,Optimal,89.46233179,300,97.12,97.12000000,0.001,,0,
previous,worker_06_task_015,0.01,case03,Expected,FPP-Branch-Benders-CoverageLLBI-PathLLBI-RootCuts,Optimal,86.20056123,300,97.12,97.12000000,0.001,,0,
previous,worker_06_task_011,0.01,case03,Expected,FPP-Branch-Benders-CoverageLLBI-RootCuts,Optimal,38.31192382,300,97.12,97.02750000,0.001,,0.0009524299835,
previous,worker_06_task_008,0.01,case03,Expected,FPP-Branch-Benders-LLBI,Optimal,8.12477573,300,97.12,97.02646747,0.001,,0.0009630614703,
previous,worker_06_task_016,0.01,case03,Expected,FPP-Branch-Benders-LLBI-CoverageLLBI-PathLLBI,Optimal,84.96011982,300,97.12,97.04504375,0.001,,0.0007717900535,
previous,worker_06_task_017,0.01,case03,Expected,FPP-Branch-Benders-LLBI-CoverageLLBI-PathLLBI-RootCuts,Optimal,183.68234530,300,97.12,97.04504375,0.001,,0.0007717900535,
previous,worker_06_task_009,0.01,case03,Expected,FPP-Branch-Benders-LLBI-RootCuts,Optimal,7.26523330,300,97.12,97.11000000,0.001,,0.0001029654036,
previous,worker_06_task_012,0.01,case03,Expected,FPP-Branch-Benders-PathLLBI,Optimal,81.37370023,300,97.12,97.12000000,0.001,,0,
previous,worker_06_task_013,0.01,case03,Expected,FPP-Branch-Benders-PathLLBI-RootCuts,Optimal,28.54094450,300,97.12,97.12000000,0.001,,0,
previous,worker_06_task_007,0.01,case03,Expected,FPP-Branch-Benders-RootCuts,Optimal,6.78017910,300,97.12,97.03784489,0.001,,0.0008459134061,
previous,worker_06_task_042,0.01,case03,Expected,FPP-Branch-Benders-Combinatorial,Optimal,17.19549583,300,97.12,97.12000000,0.001,,0,
previous,worker_06_task_000,0.01,case03,Expected,FPP-SAA-fpp_base,Optimal,1.67501518,300,97.12,97.12000000,0.001,,0,
previous,worker_06_task_001,0.01,case03,Expected,FPP-SAA-fpp_cut,Optimal,5.08992495,300,97.12,97.07000000,0.001,,0.0005148270181,
previous,worker_06_task_030,0.01,case03,MeanCVaR,FPP-Branch-Benders,Optimal,3.68281727,300,157.565,157.41653671,0.001,,0.0009422352045,
previous,worker_06_task_034,0.01,case03,MeanCVaR,FPP-Branch-Benders-CoverageLLBI,Optimal,130.45097035,300,157.565,157.41028380,0.001,,0.0009819198426,
previous,worker_06_task_038,0.01,case03,MeanCVaR,FPP-Branch-Benders-CoverageLLBI-PathLLBI,Feasible,300.94129325,300,158.68,151.11960270,0.001,,0.04764555899,
previous,worker_06_task_039,0.01,case03,MeanCVaR,FPP-Branch-Benders-CoverageLLBI-PathLLBI-RootCuts,Feasible,301.10043389,300,158.68,149.93560880,0.001,,0.0551070784,
previous,worker_06_task_035,0.01,case03,MeanCVaR,FPP-Branch-Benders-CoverageLLBI-RootCuts,Feasible,300.93518626,300,157.825,152.69478680,0.001,,0.03250570695,
previous,worker_06_task_032,0.01,case03,MeanCVaR,FPP-Branch-Benders-LLBI,Optimal,6.32854304,300,157.565,157.41268224,0.001,,0.0009666979342,
previous,worker_06_task_040,0.01,case03,MeanCVaR,FPP-Branch-Benders-LLBI-CoverageLLBI-PathLLBI,Feasible,301.19544529,300,158.68,148.24766569,0.001,,0.06574448141,
previous,worker_06_task_041,0.01,case03,MeanCVaR,FPP-Branch-Benders-LLBI-CoverageLLBI-PathLLBI-RootCuts,Feasible,302.86124293,300,158.68,147.22652015,0.001,,0.07217973185,
previous,worker_06_task_033,0.01,case03,MeanCVaR,FPP-Branch-Benders-LLBI-RootCuts,Optimal,9.47617273,300,157.565,157.41469988,0.001,,0.0009538928061,
previous,worker_06_task_036,0.01,case03,MeanCVaR,FPP-Branch-Benders-PathLLBI,Optimal,109.84161376,300,157.565,157.41086768,0.001,,0.0009782141973,
previous,worker_06_task_037,0.01,case03,MeanCVaR,FPP-Branch-Benders-PathLLBI-RootCuts,Optimal,91.27756171,300,157.565,157.41086768,0.001,,0.0009782141973,
previous,worker_06_task_031,0.01,case03,MeanCVaR,FPP-Branch-Benders-RootCuts,Optimal,6.39393098,300,157.565,157.41752846,0.001,,0.0009359409767,
previous,worker_06_task_044,0.01,case03,MeanCVaR,FPP-Branch-Benders-Combinatorial,Optimal,66.66502367,300,157.565,157.40876130,0.001,,0.0009915825215,
previous,worker_06_task_004,0.01,case03,MeanCVaR,FPP-SAA-fpp_base,Optimal,205.52151689,300,157.565,157.41292623,0.001,,0.0009651494304,
previous,worker_06_task_005,0.01,case03,MeanCVaR,FPP-SAA-fpp_cut,Feasible,300.04488047,300,157.825,152.68119859,0.001,,0.03259180364,
previous,worker_07_task_018,0.02,case03,CVaR,FPP-Branch-Benders,Feasible,300.28335122,300,155.3,146.75774347,0.001,,0.05500487141,
previous,worker_07_task_022,0.02,case03,CVaR,FPP-Branch-Benders-CoverageLLBI,Feasible,300.86297053,300,154.9,133.00840520,0.001,,0.1413272744,
previous,worker_07_task_026,0.02,case03,CVaR,FPP-Branch-Benders-CoverageLLBI-PathLLBI,Feasible,303.09539219,300,168.2,133.31428998,0.001,,0.2074061238,
previous,worker_07_task_027,0.02,case03,CVaR,FPP-Branch-Benders-CoverageLLBI-PathLLBI-RootCuts,Feasible,301.84469267,300,270.4,131.53384466,0.001,,0.5135582668,
previous,worker_07_task_023,0.02,case03,CVaR,FPP-Branch-Benders-CoverageLLBI-RootCuts,Feasible,301.14117965,300,163.4,132.42404855,0.001,,0.1895713063,
previous,worker_07_task_020,0.02,case03,CVaR,FPP-Branch-Benders-LLBI,Feasible,300.91008205,300,154.6,144.28602855,0.001,,0.06671391624,
previous,worker_07_task_028,0.02,case03,CVaR,FPP-Branch-Benders-LLBI-CoverageLLBI-PathLLBI,Feasible,302.37834364,300,163.1,131.44764183,0.001,,0.1940671868,
previous,worker_07_task_029,0.02,case03,CVaR,FPP-Branch-Benders-LLBI-CoverageLLBI-PathLLBI-RootCuts,Feasible,301.91637144,300,161.2,134.12352186,0.001,,0.1679682267,
previous,worker_07_task_021,0.02,case03,CVaR,FPP-Branch-Benders-LLBI-RootCuts,Feasible,300.36755324,300,154.9,151.37102976,0.001,,0.02278224816,
previous,worker_07_task_024,0.02,case03,CVaR,FPP-Branch-Benders-PathLLBI,Feasible,301.26958097,300,162.7,131.61078484,0.001,,0.191083068,
previous,worker_07_task_025,0.02,case03,CVaR,FPP-Branch-Benders-PathLLBI-RootCuts,Feasible,301.44862598,300,162.7,131.60892453,0.001,,0.191094502,
previous,worker_07_task_019,0.02,case03,CVaR,FPP-Branch-Benders-RootCuts,Feasible,300.27014294,300,156,147.87140573,0.001,,0.05210637353,
previous,worker_07_task_043,0.02,case03,CVaR,FPP-Branch-Benders-Combinatorial,Feasible,303.54221770,300,162.7,138.63018833,0.001,,0.1479398382,
previous,worker_07_task_002,0.02,case03,CVaR,FPP-SAA-fpp_base,Feasible,300.04386006,300,165.5,135.91734441,0.001,,0.1787471637,
previous,worker_07_task_003,0.02,case03,CVaR,FPP-SAA-fpp_cut,Feasible,300.05592877,300,163.4,133.59987545,0.001,,0.1823753032,
previous,worker_07_task_006,0.02,case03,Expected,FPP-Branch-Benders,Optimal,189.39468532,300,77.55,77.47247233,0.001,,0.0009997120567,
previous,worker_07_task_010,0.02,case03,Expected,FPP-Branch-Benders-CoverageLLBI,Optimal,108.53430106,300,77.55,77.47407422,0.001,,0.0009790558349,
previous,worker_07_task_014,0.02,case03,Expected,FPP-Branch-Benders-CoverageLLBI-PathLLBI,Optimal,252.26260557,300,77.55,77.55000000,0.001,,0,
previous,worker_07_task_015,0.02,case03,Expected,FPP-Branch-Benders-CoverageLLBI-PathLLBI-RootCuts,Optimal,226.69766564,300,77.55,77.55000000,0.001,,0,
previous,worker_07_task_011,0.02,case03,Expected,FPP-Branch-Benders-CoverageLLBI-RootCuts,Optimal,56.55971488,300,77.55,77.55000000,0.001,,0,
previous,worker_07_task_008,0.02,case03,Expected,FPP-Branch-Benders-LLBI,Optimal,187.42711177,300,77.55,77.47245469,0.001,,0.0009999395229,
previous,worker_07_task_016,0.02,case03,Expected,FPP-Branch-Benders-LLBI-CoverageLLBI-PathLLBI,Feasible,301.13645185,300,77.55,76.90167816,0.001,,0.008360049516,
previous,worker_07_task_017,0.02,case03,Expected,FPP-Branch-Benders-LLBI-CoverageLLBI-PathLLBI-RootCuts,Feasible,301.58543977,300,77.55,77.25222222,0.001,,0.003839816634,
previous,worker_07_task_009,0.02,case03,Expected,FPP-Branch-Benders-LLBI-RootCuts,Optimal,115.71672448,300,77.55,77.47255322,0.001,,0.0009986689877,
previous,worker_07_task_012,0.02,case03,Expected,FPP-Branch-Benders-PathLLBI,Optimal,36.22208140,300,77.55,77.50569872,0.001,,0.000571260864,
previous,worker_07_task_013,0.02,case03,Expected,FPP-Branch-Benders-PathLLBI-RootCuts,Optimal,40.16647464,300,77.55,77.50569872,0.001,,0.000571260864,
previous,worker_07_task_007,0.02,case03,Expected,FPP-Branch-Benders-RootCuts,Optimal,122.28753576,300,77.55,77.47245891,0.001,,0.0009998851064,
previous,worker_07_task_042,0.02,case03,Expected,FPP-Branch-Benders-Combinatorial,Optimal,38.12779789,300,77.55,77.55000000,0.001,,0,
previous,worker_07_task_000,0.02,case03,Expected,FPP-SAA-fpp_base,Optimal,16.97348366,300,77.55,77.47770833,0.001,,0.0009321943262,
previous,worker_07_task_001,0.02,case03,Expected,FPP-SAA-fpp_cut,Optimal,60.07198762,300,77.55,77.55000000,0.001,,0,
previous,worker_07_task_030,0.02,case03,MeanCVaR,FPP-Branch-Benders,Feasible,300.39144573,300,118.405,112.71008609,0.001,,0.04809690393,
previous,worker_07_task_034,0.02,case03,MeanCVaR,FPP-Branch-Benders-CoverageLLBI,Feasible,300.41885964,300,118.09,110.72368625,0.001,,0.06237881065,
previous,worker_07_task_038,0.02,case03,MeanCVaR,FPP-Branch-Benders-CoverageLLBI-PathLLBI,Feasible,300.87448878,300,121.61,107.25034090,0.001,,0.1180795913,
previous,worker_07_task_039,0.02,case03,MeanCVaR,FPP-Branch-Benders-CoverageLLBI-PathLLBI-RootCuts,Feasible,301.30630580,300,121.61,107.25034090,0.001,,0.1180795913,
previous,worker_07_task_035,0.02,case03,MeanCVaR,FPP-Branch-Benders-CoverageLLBI-RootCuts,Feasible,300.44658206,300,119.37,110.48811041,0.001,,0.07440638008,
previous,worker_07_task_032,0.02,case03,MeanCVaR,FPP-Branch-Benders-LLBI,Feasible,300.29752630,300,117.83,113.92723288,0.001,,0.03312201579,
previous,worker_07_task_040,0.02,case03,MeanCVaR,FPP-Branch-Benders-LLBI-CoverageLLBI-PathLLBI,Feasible,300.96072572,300,121.61,107.25119274,0.001,,0.1180725866,
previous,worker_07_task_041,0.02,case03,MeanCVaR,FPP-Branch-Benders-LLBI-CoverageLLBI-PathLLBI-RootCuts,Feasible,301.44415232,300,121.61,105.90184910,0.001,,0.1291682501,
previous,worker_07_task_033,0.02,case03,MeanCVaR,FPP-Branch-Benders-LLBI-RootCuts,Feasible,300.29878471,300,117.83,117.02861523,0.001,,0.006801194687,
previous,worker_07_task_036,0.02,case03,MeanCVaR,FPP-Branch-Benders-PathLLBI,Feasible,300.59828774,300,121.61,109.12465562,0.001,,0.1026670864,
previous,worker_07_task_037,0.02,case03,MeanCVaR,FPP-Branch-Benders-PathLLBI-RootCuts,Feasible,301.01480757,300,121.61,108.96527574,0.001,,0.1039776684,
previous,worker_07_task_031,0.02,case03,MeanCVaR,FPP-Branch-Benders-RootCuts,Feasible,300.37228448,300,119.425,113.03876660,0.001,,0.0534748453,
previous,worker_07_task_044,0.02,case03,MeanCVaR,FPP-Branch-Benders-Combinatorial,Feasible,303.05340342,300,121.61,110.62805953,0.001,,0.09030458408,
previous,worker_07_task_004,0.02,case03,MeanCVaR,FPP-SAA-fpp_base,Feasible,300.02233572,300,120.48,110.36770451,0.001,,0.0839333955,
previous,worker_07_task_005,0.02,case03,MeanCVaR,FPP-SAA-fpp_cut,Feasible,300.06486760,300,121.37,107.11849589,0.001,,0.1174219668,
previous,worker_08_task_018,0.01,case04,CVaR,FPP-Branch-Benders,Optimal,10.66967450,300,216.3,216.09167580,0.001,,0.0009631262136,
previous,worker_08_task_022,0.01,case04,CVaR,FPP-Branch-Benders-CoverageLLBI,Feasible,301.48712033,300,219.5,200.70705202,0.001,,0.08561707508,
previous,worker_08_task_026,0.01,case04,CVaR,FPP-Branch-Benders-CoverageLLBI-PathLLBI,Feasible,303.18107844,300,313.4,-999999999999999926539781176481198923508803215199467887262646419780362305536.00000000,0.001,,,invalid_best_bound_sentinel
previous,worker_08_task_027,0.01,case04,CVaR,FPP-Branch-Benders-CoverageLLBI-PathLLBI-RootCuts,Feasible,301.07789492,300,225,195.87811977,0.001,,0.1294305788,
previous,worker_08_task_023,0.01,case04,CVaR,FPP-Branch-Benders-CoverageLLBI-RootCuts,Feasible,301.54818921,300,217.2,200.12345506,0.001,,0.07862129346,
previous,worker_08_task_020,0.01,case04,CVaR,FPP-Branch-Benders-LLBI,Optimal,17.87210041,300,216.3,216.09845902,0.001,,0.0009317659732,
previous,worker_08_task_028,0.01,case04,CVaR,FPP-Branch-Benders-LLBI-CoverageLLBI-PathLLBI,Feasible,302.09364008,300,219.4,202.13714986,0.001,,0.07868208815,
previous,worker_08_task_029,0.01,case04,CVaR,FPP-Branch-Benders-LLBI-CoverageLLBI-PathLLBI-RootCuts,Feasible,302.27913156,300,313.4,198.59117350,0.001,,0.3663332052,
previous,worker_08_task_021,0.01,case04,CVaR,FPP-Branch-Benders-LLBI-RootCuts,Optimal,17.51204781,300,216.3,216.09142969,0.001,,0.0009642640314,
previous,worker_08_task_024,0.01,case04,CVaR,FPP-Branch-Benders-PathLLBI,Feasible,301.84064335,300,220.4,199.07863732,0.001,,0.0967393951,
previous,worker_08_task_025,0.01,case04,CVaR,FPP-Branch-Benders-PathLLBI-RootCuts,Feasible,302.20434521,300,220.4,200.31239106,0.001,,0.09114160136,
previous,worker_08_task_019,0.01,case04,CVaR,FPP-Branch-Benders-RootCuts,Optimal,7.77027729,300,216.3,216.09393973,0.001,,0.0009526595932,
previous,worker_08_task_043,0.01,case04,CVaR,FPP-Branch-Benders-Combinatorial,Optimal,216.27192733,300,216.3,216.08840616,0.001,,0.0009782424411,
previous,worker_08_task_002,0.01,case04,CVaR,FPP-SAA-fpp_base,Optimal,115.05400633,300,216.3,216.08460505,0.001,,0.0009958157651,
previous,worker_08_task_003,0.01,case04,CVaR,FPP-SAA-fpp_cut,Feasible,300.01805298,300,217.2,208.20044240,0.001,,0.04143442726,
previous,worker_08_task_006,0.01,case04,Expected,FPP-Branch-Benders,Optimal,13.11757329,300,105.65,105.55283381,0.001,,0.0009196989115,
previous,worker_08_task_010,0.01,case04,Expected,FPP-Branch-Benders-CoverageLLBI,Optimal,17.16541394,300,105.65,105.54571429,0.001,,0.0009870867014,
previous,worker_08_task_014,0.01,case04,Expected,FPP-Branch-Benders-CoverageLLBI-PathLLBI,Feasible,300.99729118,300,106.01,104.59833333,0.001,,0.01331635383,
previous,worker_08_task_015,0.01,case04,Expected,FPP-Branch-Benders-CoverageLLBI-PathLLBI-RootCuts,Optimal,140.05677091,300,105.65,105.65000000,0.001,,0,
previous,worker_08_task_011,0.01,case04,Expected,FPP-Branch-Benders-CoverageLLBI-RootCuts,Optimal,41.55826508,300,105.65,105.65000000,0.001,,0,
previous,worker_08_task_008,0.01,case04,Expected,FPP-Branch-Benders-LLBI,Optimal,9.59962613,300,105.65,105.56000000,0.001,,0.00085186938,
previous,worker_08_task_016,0.01,case04,Expected,FPP-Branch-Benders-LLBI-CoverageLLBI-PathLLBI,Optimal,271.44216921,300,105.65,105.65000000,0.001,,0,
previous,worker_08_task_017,0.01,case04,Expected,FPP-Branch-Benders-LLBI-CoverageLLBI-PathLLBI-RootCuts,Optimal,136.52884223,300,105.65,105.65000000,0.001,,0,
previous,worker_08_task_009,0.01,case04,Expected,FPP-Branch-Benders-LLBI-RootCuts,Optimal,8.35440557,300,105.65,105.54516093,0.001,,0.0009923243729,
previous,worker_08_task_012,0.01,case04,Expected,FPP-Branch-Benders-PathLLBI,Optimal,39.03767325,300,105.69,105.63000000,0.001,,0.0005676979847,
previous,worker_08_task_013,0.01,case04,Expected,FPP-Branch-Benders-PathLLBI-RootCuts,Optimal,27.89694927,300,105.69,105.63000000,0.001,,0.0005676979847,
previous,worker_08_task_007,0.01,case04,Expected,FPP-Branch-Benders-RootCuts,Optimal,10.33075424,300,105.65,105.54819674,0.001,,0.0009635897776,
previous,worker_08_task_042,0.01,case04,Expected,FPP-Branch-Benders-Combinatorial,Optimal,13.47783959,300,105.65,105.56857143,0.001,,0.0007707389494,
previous,worker_08_task_000,0.01,case04,Expected,FPP-SAA-fpp_base,Optimal,3.79104554,300,105.65,105.65000000,0.001,,0,
previous,worker_08_task_001,0.01,case04,Expected,FPP-SAA-fpp_cut,Optimal,9.63624320,300,105.65,105.58000000,0.001,,0.0006625650734,
previous,worker_08_task_030,0.01,case04,MeanCVaR,FPP-Branch-Benders,Optimal,19.82124414,300,163.3,163.15310479,0.001,,0.0008995420086,
previous,worker_08_task_034,0.01,case04,MeanCVaR,FPP-Branch-Benders-CoverageLLBI,Feasible,300.58649902,300,163.735,157.09818825,0.001,,0.04053386112,
previous,worker_08_task_038,0.01,case04,MeanCVaR,FPP-Branch-Benders-CoverageLLBI-PathLLBI,Feasible,302.94524401,300,226.965,-999999999999999926539781176481198923508803215199467887262646419780362305536.00000000,0.001,,,invalid_best_bound_sentinel
previous,worker_08_task_039,0.01,case04,MeanCVaR,FPP-Branch-Benders-CoverageLLBI-PathLLBI-RootCuts,Feasible,300.98290000,300,166.365,154.50272508,0.001,,0.07130270742,
previous,worker_08_task_035,0.01,case04,MeanCVaR,FPP-Branch-Benders-CoverageLLBI-RootCuts,Feasible,300.62273820,300,165.255,154.68010067,0.001,,0.06399140316,
previous,worker_08_task_032,0.01,case04,MeanCVaR,FPP-Branch-Benders-LLBI,Optimal,17.36006339,300,163.3,163.13673979,0.001,,0.000999756338,
previous,worker_08_task_040,0.01,case04,MeanCVaR,FPP-Branch-Benders-LLBI-CoverageLLBI-PathLLBI,Feasible,301.61387978,300,165.17,156.12801635,0.001,,0.05474349852,
previous,worker_08_task_041,0.01,case04,MeanCVaR,FPP-Branch-Benders-LLBI-CoverageLLBI-PathLLBI-RootCuts,Feasible,301.65037844,300,165.22,156.26503266,0.001,,0.05420026232,
previous,worker_08_task_033,0.01,case04,MeanCVaR,FPP-Branch-Benders-LLBI-RootCuts,Optimal,15.95023608,300,163.3,163.14982601,0.001,,0.0009196202694,
previous,worker_08_task_036,0.01,case04,MeanCVaR,FPP-Branch-Benders-PathLLBI,Optimal,212.86421649,300,163.3,163.17310515,0.001,,0.0007770658298,
previous,worker_08_task_037,0.01,case04,MeanCVaR,FPP-Branch-Benders-PathLLBI-RootCuts,Feasible,300.86729646,300,163.3,161.65262557,0.001,,0.01008802468,
previous,worker_08_task_031,0.01,case04,MeanCVaR,FPP-Branch-Benders-RootCuts,Optimal,18.53157473,300,163.3,163.14178784,0.001,,0.0009688436007,
previous,worker_08_task_044,0.01,case04,MeanCVaR,FPP-Branch-Benders-Combinatorial,Optimal,77.17450881,300,163.3,163.14249178,0.001,,0.0009645328843,
previous,worker_08_task_004,0.01,case04,MeanCVaR,FPP-SAA-fpp_base,Optimal,129.65428876,300,163.3,163.14839359,0.001,,0.000928391978,
previous,worker_08_task_005,0.01,case04,MeanCVaR,FPP-SAA-fpp_cut,Feasible,300.03027237,300,163.3,159.60239116,0.001,,0.0226430425,
previous,worker_09_task_018,0.02,case04,CVaR,FPP-Branch-Benders,Feasible,300.74824960,300,155.9,144.48704366,0.001,,0.07320690404,
previous,worker_09_task_022,0.02,case04,CVaR,FPP-Branch-Benders-CoverageLLBI,Feasible,301.18886201,300,157.3,138.13976428,0.001,,0.1218069658,
previous,worker_09_task_026,0.02,case04,CVaR,FPP-Branch-Benders-CoverageLLBI-PathLLBI,Feasible,302.63746776,300,313.4,-999999999999999926539781176481198923508803215199467887262646419780362305536.00000000,0.001,,,invalid_best_bound_sentinel
previous,worker_09_task_027,0.02,case04,CVaR,FPP-Branch-Benders-CoverageLLBI-PathLLBI-RootCuts,Feasible,301.16322581,300,158.8,134.26608142,0.001,,0.1544957089,
previous,worker_09_task_023,0.02,case04,CVaR,FPP-Branch-Benders-CoverageLLBI-RootCuts,Feasible,300.56576171,300,155.9,137.72459566,0.001,,0.1165837353,
previous,worker_09_task_020,0.02,case04,CVaR,FPP-Branch-Benders-LLBI,Feasible,300.89134866,300,155.5,144.62263530,0.001,,0.06995089839,
previous,worker_09_task_028,0.02,case04,CVaR,FPP-Branch-Benders-LLBI-CoverageLLBI-PathLLBI,Feasible,301.45422482,300,159.3,136.74951911,0.001,,0.1415598298,
previous,worker_09_task_029,0.02,case04,CVaR,FPP-Branch-Benders-LLBI-CoverageLLBI-PathLLBI-RootCuts,Feasible,302.23823193,300,159.3,134.95620104,0.001,,0.1528173193,
previous,worker_09_task_021,0.02,case04,CVaR,FPP-Branch-Benders-LLBI-RootCuts,Feasible,300.70488041,300,155.9,145.76861334,0.001,,0.06498644426,
previous,worker_09_task_024,0.02,case04,CVaR,FPP-Branch-Benders-PathLLBI,Feasible,301.38725835,300,159.1,135.68908312,0.001,,0.1471459263,
previous,worker_09_task_025,0.02,case04,CVaR,FPP-Branch-Benders-PathLLBI-RootCuts,Feasible,301.78705253,300,160.2,135.68814869,0.001,,0.1530078109,
previous,worker_09_task_019,0.02,case04,CVaR,FPP-Branch-Benders-RootCuts,Feasible,300.90768568,300,160.2,142.21610002,0.001,,0.1122590511,
previous,worker_09_task_043,0.02,case04,CVaR,FPP-Branch-Benders-Combinatorial,Feasible,306.26693633,300,158.7,140.94186695,0.001,,0.1118974987,
previous,worker_09_task_002,0.02,case04,CVaR,FPP-SAA-fpp_base,Feasible,300.00891335,300,158.7,142.17769504,0.001,,0.1041103022,
previous,worker_09_task_003,0.02,case04,CVaR,FPP-SAA-fpp_cut,Feasible,300.01258766,300,156.2,138.97108921,0.001,,0.1103003252,
previous,worker_09_task_006,0.02,case04,Expected,FPP-Branch-Benders,Optimal,182.43537098,300,82.02,81.93803429,0.001,,0.0009993380883,
previous,worker_09_task_010,0.02,case04,Expected,FPP-Branch-Benders-CoverageLLBI,Optimal,55.33842660,300,82.02,81.97615553,0.001,,0.0005345582785,
previous,worker_09_task_014,0.02,case04,Expected,FPP-Branch-Benders-CoverageLLBI-PathLLBI,Feasible,301.73547004,300,82.02,80.82000000,0.001,,0.01463057791,
previous,worker_09_task_015,0.02,case04,Expected,FPP-Branch-Benders-CoverageLLBI-PathLLBI-RootCuts,Optimal,228.59285691,300,82.02,81.95125000,0.001,,0.0008382101926,
previous,worker_09_task_011,0.02,case04,Expected,FPP-Branch-Benders-CoverageLLBI-RootCuts,Optimal,71.82596257,300,82.02,81.94366667,0.001,,0.0009306672763,
previous,worker_09_task_008,0.02,case04,Expected,FPP-Branch-Benders-LLBI,Optimal,70.28738966,300,82.02,81.93809191,0.001,,0.0009986355767,
previous,worker_09_task_016,0.02,case04,Expected,FPP-Branch-Benders-LLBI-CoverageLLBI-PathLLBI,Feasible,302.32247910,300,107.5,80.41346878,0.001,,0.2519677323,
previous,worker_09_task_017,0.02,case04,Expected,FPP-Branch-Benders-LLBI-CoverageLLBI-PathLLBI-RootCuts,Optimal,287.47060846,300,82.02,82.02000000,0.001,,0,
previous,worker_09_task_009,0.02,case04,Expected,FPP-Branch-Benders-LLBI-RootCuts,Optimal,31.19870002,300,82.02,81.93815538,0.001,,0.000997861741,
previous,worker_09_task_012,0.02,case04,Expected,FPP-Branch-Benders-PathLLBI,Optimal,56.13462713,300,82.02,82.02000000,0.001,,0,
previous,worker_09_task_013,0.02,case04,Expected,FPP-Branch-Benders-PathLLBI-RootCuts,Optimal,71.11096946,300,82.02,82.02000000,0.001,,0,
previous,worker_09_task_007,0.02,case04,Expected,FPP-Branch-Benders-RootCuts,Optimal,111.24354835,300,82.02,81.93804504,0.001,,0.0009992070227,
previous,worker_09_task_042,0.02,case04,Expected,FPP-Branch-Benders-Combinatorial,Optimal,67.97927100,300,82.02,82.02000000,0.001,,0,
previous,worker_09_task_000,0.02,case04,Expected,FPP-SAA-fpp_base,Optimal,14.56877147,300,82.02,82.02000000,0.001,,0,
previous,worker_09_task_001,0.02,case04,Expected,FPP-SAA-fpp_cut,Optimal,19.85317723,300,82.02,82.02000000,0.001,,0,
previous,worker_09_task_030,0.02,case04,MeanCVaR,FPP-Branch-Benders,Feasible,300.51537367,300,125.98,113.12347230,0.001,,0.1020521329,
previous,worker_09_task_034,0.02,case04,MeanCVaR,FPP-Branch-Benders-CoverageLLBI,Feasible,300.66385283,300,123.435,112.70810188,0.001,,0.08690321319,
previous,worker_09_task_038,0.02,case04,MeanCVaR,FPP-Branch-Benders-CoverageLLBI-PathLLBI,Feasible,300.92960520,300,122.47,111.42066130,0.001,,0.09022077815,
previous,worker_09_task_039,0.02,case04,MeanCVaR,FPP-Branch-Benders-CoverageLLBI-PathLLBI-RootCuts,Feasible,301.48508407,300,122.47,111.42066130,0.001,,0.09022077815,
previous,worker_09_task_035,0.02,case04,MeanCVaR,FPP-Branch-Benders-CoverageLLBI-RootCuts,Feasible,300.68402763,300,122.47,112.91914082,0.001,,0.07798529583,
previous,worker_09_task_032,0.02,case04,MeanCVaR,FPP-Branch-Benders-LLBI,Feasible,300.47793134,300,122.635,114.65553523,0.001,,0.06506678167,
previous,worker_09_task_040,0.02,case04,MeanCVaR,FPP-Branch-Benders-LLBI-CoverageLLBI-PathLLBI,Feasible,301.02396259,300,122.47,111.58212470,0.001,,0.08890238671,
previous,worker_09_task_041,0.02,case04,MeanCVaR,FPP-Branch-Benders-LLBI-CoverageLLBI-PathLLBI-RootCuts,Feasible,301.58733151,300,122.47,111.58212470,0.001,,0.08890238671,
previous,worker_09_task_033,0.02,case04,MeanCVaR,FPP-Branch-Benders-LLBI-RootCuts,Feasible,300.41364371,300,121.75,114.77070036,0.001,,0.05732484304,
previous,worker_09_task_036,0.02,case04,MeanCVaR,FPP-Branch-Benders-PathLLBI,Feasible,300.65217373,300,122.47,112.40417482,0.001,,0.08219012966,
previous,worker_09_task_037,0.02,case04,MeanCVaR,FPP-Branch-Benders-PathLLBI-RootCuts,Feasible,301.05970085,300,122.47,112.40417482,0.001,,0.08219012966,
previous,worker_09_task_031,0.02,case04,MeanCVaR,FPP-Branch-Benders-RootCuts,Feasible,300.36304994,300,123.705,114.22339543,0.001,,0.07664689843,
previous,worker_09_task_044,0.02,case04,MeanCVaR,FPP-Branch-Benders-Combinatorial,Feasible,303.83520367,300,124.4,114.43050006,0.001,,0.08014067476,
previous,worker_09_task_004,0.02,case04,MeanCVaR,FPP-SAA-fpp_base,Feasible,300.01092904,300,122.425,115.22378251,0.001,,0.05882146204,
previous,worker_09_task_005,0.02,case04,MeanCVaR,FPP-SAA-fpp_cut,Feasible,300.06995259,300,122.47,111.95764086,0.001,,0.08583619776,
projected,worker_00_task_012,0.01,case00,CVaR,FPP-Branch-Benders-ProjectedCoverageLLBI-exp,Optimal,6.96859740,300,226,225.77487459,0.00099613,0.00099613,0.0009961301327,
projected,worker_00_task_013,0.01,case00,CVaR,FPP-Branch-Benders-ProjectedCoverageLLBI-exp-RootCuts,Optimal,4.47897830,300,226,225.84067125,0.00070499,0.00070499,0.000704994469,
projected,worker_00_task_008,0.01,case00,CVaR,FPP-Branch-Benders-ProjectedCoverageLLBI-poly,Optimal,4.48672452,300,226,225.77764562,0.00098387,0.00098387,0.0009838689381,
projected,worker_00_task_009,0.01,case00,CVaR,FPP-Branch-Benders-ProjectedCoverageLLBI-poly-RootCuts,Optimal,8.76544301,300,226,225.78975799,0.00093027,0.00093027,0.0009302743805,
projected,worker_00_task_014,0.01,case00,CVaR,FPP-Branch-Benders-ProjectedPathLLBI-exp,Optimal,2.82984306,300,226,225.85746463,0.00063069,0.00063069,0.0006306874779,
projected,worker_00_task_015,0.01,case00,CVaR,FPP-Branch-Benders-ProjectedPathLLBI-exp-RootCuts,Optimal,3.27983573,300,226,225.85746463,0.00063069,0.00063069,0.0006306874779,
projected,worker_00_task_010,0.01,case00,CVaR,FPP-Branch-Benders-ProjectedPathLLBI-poly,Optimal,6.03275261,300,226,225.81208289,0.00083149,0.00083149,0.0008314916372,
projected,worker_00_task_011,0.01,case00,CVaR,FPP-Branch-Benders-ProjectedPathLLBI-poly-RootCuts,Optimal,4.58330367,300,226,225.77477692,0.00099656,0.00099656,0.0009965623009,
projected,worker_00_task_004,0.01,case00,Expected,FPP-Branch-Benders-ProjectedCoverageLLBI-exp,Optimal,2.75364158,300,102.72,102.66000000,0.00058411,0.00058411,0.0005841121495,
projected,worker_00_task_005,0.01,case00,Expected,FPP-Branch-Benders-ProjectedCoverageLLBI-exp-RootCuts,Optimal,2.92232700,300,102.72,102.64590348,0.00072134,0.00072134,0.0007213446262,
projected,worker_00_task_000,0.01,case00,Expected,FPP-Branch-Benders-ProjectedCoverageLLBI-poly,Optimal,4.08906334,300,102.72,102.65969362,0.00058709,0.00058709,0.0005870948209,
projected,worker_00_task_001,0.01,case00,Expected,FPP-Branch-Benders-ProjectedCoverageLLBI-poly-RootCuts,Optimal,2.67081610,300,102.72,102.62206423,0.00095342,0.00095342,0.0009534245522,
projected,worker_00_task_006,0.01,case00,Expected,FPP-Branch-Benders-ProjectedPathLLBI-exp,Optimal,1.23619640,300,102.72,102.70333333,0.00016225,0.00016225,0.0001622534073,
projected,worker_00_task_007,0.01,case00,Expected,FPP-Branch-Benders-ProjectedPathLLBI-exp-RootCuts,Optimal,1.33178902,300,102.72,102.70333333,0.00016225,0.00016225,0.0001622534073,
projected,worker_00_task_002,0.01,case00,Expected,FPP-Branch-Benders-ProjectedPathLLBI-poly,Optimal,2.70663317,300,102.72,102.62779245,0.00089766,0.00089766,0.0008976591706,
projected,worker_00_task_003,0.01,case00,Expected,FPP-Branch-Benders-ProjectedPathLLBI-poly-RootCuts,Optimal,3.15951859,300,102.72,102.64966126,0.00068476,0.00068476,0.0006847618769,
projected,worker_00_task_020,0.01,case00,MeanCVaR,FPP-Branch-Benders-ProjectedCoverageLLBI-exp,Optimal,4.46933415,300,165.82,165.65837094,0.00097473,0.00097473,0.0009747259679,
projected,worker_00_task_021,0.01,case00,MeanCVaR,FPP-Branch-Benders-ProjectedCoverageLLBI-exp-RootCuts,Optimal,5.57291626,300,165.82,165.71406510,0.00063885,0.00063885,0.0006388547823,
projected,worker_00_task_016,0.01,case00,MeanCVaR,FPP-Branch-Benders-ProjectedCoverageLLBI-poly,Optimal,2.70528760,300,165.82,165.65829984,0.00097515,0.00097515,0.0009751547461,
projected,worker_00_task_017,0.01,case00,MeanCVaR,FPP-Branch-Benders-ProjectedCoverageLLBI-poly-RootCuts,Optimal,4.23551543,300,165.82,165.67129768,0.00089677,0.00089677,0.0008967695091,
projected,worker_00_task_022,0.01,case00,MeanCVaR,FPP-Branch-Benders-ProjectedPathLLBI-exp,Optimal,4.18918857,300,165.82,165.65695049,0.00098329,0.00098329,0.0009832921843,
projected,worker_00_task_023,0.01,case00,MeanCVaR,FPP-Branch-Benders-ProjectedPathLLBI-exp-RootCuts,Optimal,3.66830500,300,165.82,165.65695049,0.00098329,0.00098329,0.0009832921843,
projected,worker_00_task_018,0.01,case00,MeanCVaR,FPP-Branch-Benders-ProjectedPathLLBI-poly,Optimal,3.37299141,300,165.82,165.65607755,0.00098856,0.00098856,0.0009885565674,
projected,worker_00_task_019,0.01,case00,MeanCVaR,FPP-Branch-Benders-ProjectedPathLLBI-poly-RootCuts,Optimal,2.71090663,300,165.82,165.66662565,0.00092494,0.00092494,0.0009249448197,
projected,worker_01_task_012,0.02,case00,CVaR,FPP-Branch-Benders-ProjectedCoverageLLBI-exp,Feasible,302.66339982,300,169.6,161.27343479,0.04909531,0.04909531,0.04909531374,
projected,worker_01_task_013,0.02,case00,CVaR,FPP-Branch-Benders-ProjectedCoverageLLBI-exp-RootCuts,Feasible,301.89031875,300,167.9,163.92966299,0.02364703,0.02364703,0.02364703401,
projected,worker_01_task_008,0.02,case00,CVaR,FPP-Branch-Benders-ProjectedCoverageLLBI-poly,Feasible,300.27815386,300,167.9,157.82581689,0.06000109,0.06000109,0.06000109059,
projected,worker_01_task_009,0.02,case00,CVaR,FPP-Branch-Benders-ProjectedCoverageLLBI-poly-RootCuts,Feasible,300.38588759,300,167.9,161.07142906,0.04067046,0.04067046,0.0406704642,
projected,worker_01_task_014,0.02,case00,CVaR,FPP-Branch-Benders-ProjectedPathLLBI-exp,Feasible,300.86560244,300,167.9,166.54731795,0.00805647,0.00805647,0.00805647439,
projected,worker_01_task_015,0.02,case00,CVaR,FPP-Branch-Benders-ProjectedPathLLBI-exp-RootCuts,Feasible,301.14893523,300,167.9,164.89255371,0.01791213,0.01791213,0.01791212799,
projected,worker_01_task_010,0.02,case00,CVaR,FPP-Branch-Benders-ProjectedPathLLBI-poly,Feasible,300.41431126,300,167.9,157.32131838,0.06300585,0.06300585,0.06300584646,
projected,worker_01_task_011,0.02,case00,CVaR,FPP-Branch-Benders-ProjectedPathLLBI-poly-RootCuts,Feasible,300.41003961,300,167.9,161.34594759,0.03903545,0.03903545,0.03903545211,
projected,worker_01_task_004,0.02,case00,Expected,FPP-Branch-Benders-ProjectedCoverageLLBI-exp,Optimal,6.73139920,300,81.79,81.71147106,0.00096013,0.00096013,0.0009601288666,
projected,worker_01_task_005,0.02,case00,Expected,FPP-Branch-Benders-ProjectedCoverageLLBI-exp-RootCuts,Optimal,7.50859884,300,81.79,81.71121865,0.00096321,0.00096321,0.0009632149407,
projected,worker_01_task_000,0.02,case00,Expected,FPP-Branch-Benders-ProjectedCoverageLLBI-poly,Optimal,125.39681713,300,81.79,81.70822425,0.00099983,0.00099983,0.0009998257733,
projected,worker_01_task_001,0.02,case00,Expected,FPP-Branch-Benders-ProjectedCoverageLLBI-poly-RootCuts,Optimal,73.74243448,300,81.79,81.70829768,0.00099893,0.00099893,0.0009989279863,
projected,worker_01_task_006,0.02,case00,Expected,FPP-Branch-Benders-ProjectedPathLLBI-exp,Optimal,4.10534791,300,81.79,81.70854753,0.00099587,0.00099587,0.0009958732119,
projected,worker_01_task_007,0.02,case00,Expected,FPP-Branch-Benders-ProjectedPathLLBI-exp-RootCuts,Optimal,3.26365522,300,81.79,81.71577916,0.00090746,0.00090746,0.0009074561682,
projected,worker_01_task_002,0.02,case00,Expected,FPP-Branch-Benders-ProjectedPathLLBI-poly,Optimal,42.31678468,300,81.79,81.70828264,0.00099911,0.00099911,0.0009991118719,
projected,worker_01_task_003,0.02,case00,Expected,FPP-Branch-Benders-ProjectedPathLLBI-poly-RootCuts,Optimal,28.49878009,300,81.79,81.70826641,0.00099931,0.00099931,0.0009993103069,
projected,worker_01_task_020,0.02,case00,MeanCVaR,FPP-Branch-Benders-ProjectedCoverageLLBI-exp,Optimal,182.02090908,300,126.845,126.71836433,0.00099835,0.00099835,0.0009983497182,
projected,worker_01_task_021,0.02,case00,MeanCVaR,FPP-Branch-Benders-ProjectedCoverageLLBI-exp-RootCuts,Feasible,301.98698935,300,126.845,124.91159617,0.01524225,0.01524225,0.01524225496,
projected,worker_01_task_016,0.02,case00,MeanCVaR,FPP-Branch-Benders-ProjectedCoverageLLBI-poly,Feasible,300.61730407,300,126.845,122.73269314,0.03241994,0.03241994,0.03241993662,
projected,worker_01_task_017,0.02,case00,MeanCVaR,FPP-Branch-Benders-ProjectedCoverageLLBI-poly-RootCuts,Feasible,300.61923248,300,126.845,124.09820651,0.02165472,0.02165472,0.02165472419,
projected,worker_01_task_022,0.02,case00,MeanCVaR,FPP-Branch-Benders-ProjectedPathLLBI-exp,Optimal,123.93073795,300,126.845,126.71823597,0.00099936,0.00099936,0.0009993616619,
projected,worker_01_task_023,0.02,case00,MeanCVaR,FPP-Branch-Benders-ProjectedPathLLBI-exp-RootCuts,Optimal,91.94519891,300,126.845,126.71826369,0.00099914,0.00099914,0.0009991431274,
projected,worker_01_task_018,0.02,case00,MeanCVaR,FPP-Branch-Benders-ProjectedPathLLBI-poly,Feasible,300.45698485,300,126.845,123.68754885,0.0248922,0.0248922,0.02489220032,
projected,worker_01_task_019,0.02,case00,MeanCVaR,FPP-Branch-Benders-ProjectedPathLLBI-poly-RootCuts,Feasible,300.66281303,300,126.845,125.07371891,0.01396414,0.01396414,0.01396413804,
projected,worker_02_task_012,0.01,case01,CVaR,FPP-Branch-Benders-ProjectedCoverageLLBI-exp,Optimal,13.04775579,300,234.3,234.09886487,0.00085845,0.00085845,0.0008584512591,
projected,worker_02_task_013,0.01,case01,CVaR,FPP-Branch-Benders-ProjectedCoverageLLBI-exp-RootCuts,Optimal,7.19218106,300,234.3,234.09511147,0.00087447,0.00087447,0.000874470892,
projected,worker_02_task_008,0.01,case01,CVaR,FPP-Branch-Benders-ProjectedCoverageLLBI-poly,Optimal,6.07854402,300,234.3,234.07486514,0.00096088,0.00096088,0.0009608828852,
projected,worker_02_task_009,0.01,case01,CVaR,FPP-Branch-Benders-ProjectedCoverageLLBI-poly-RootCuts,Optimal,5.32334790,300,234.3,234.07914160,0.00094263,0.00094263,0.0009426308152,
projected,worker_02_task_014,0.01,case01,CVaR,FPP-Branch-Benders-ProjectedPathLLBI-exp,Optimal,7.52625299,300,234.3,234.08392198,0.00092223,0.00092223,0.0009222279983,
projected,worker_02_task_015,0.01,case01,CVaR,FPP-Branch-Benders-ProjectedPathLLBI-exp-RootCuts,Optimal,8.34083789,300,234.3,234.08392198,0.00092223,0.00092223,0.0009222279983,
projected,worker_02_task_010,0.01,case01,CVaR,FPP-Branch-Benders-ProjectedPathLLBI-poly,Optimal,6.81008337,300,234.3,234.07042556,0.00097983,0.00097983,0.0009798311566,
projected,worker_02_task_011,0.01,case01,CVaR,FPP-Branch-Benders-ProjectedPathLLBI-poly-RootCuts,Optimal,7.99876426,300,234.3,234.07187494,0.00097365,0.00097365,0.0009736451558,
projected,worker_02_task_004,0.01,case01,Expected,FPP-Branch-Benders-ProjectedCoverageLLBI-exp,Optimal,3.08019924,300,110.8,110.74278056,0.00051642,0.00051642,0.0005164209386,
projected,worker_02_task_005,0.01,case01,Expected,FPP-Branch-Benders-ProjectedCoverageLLBI-exp-RootCuts,Optimal,2.62150595,300,110.8,110.77635714,0.00021338,0.00021338,0.000213383213,
projected,worker_02_task_000,0.01,case01,Expected,FPP-Branch-Benders-ProjectedCoverageLLBI-poly,Optimal,0.97866643,300,110.8,110.80000000,0,0,0,
projected,worker_02_task_001,0.01,case01,Expected,FPP-Branch-Benders-ProjectedCoverageLLBI-poly-RootCuts,Optimal,2.31390947,300,110.8,110.70339131,0.00087192,0.00087192,0.0008719195848,
projected,worker_02_task_006,0.01,case01,Expected,FPP-Branch-Benders-ProjectedPathLLBI-exp,Optimal,1.70826413,300,110.8,110.80000000,0,0,0,
projected,worker_02_task_007,0.01,case01,Expected,FPP-Branch-Benders-ProjectedPathLLBI-exp-RootCuts,Optimal,1.84091685,300,110.8,110.80000000,0,0,0,
projected,worker_02_task_002,0.01,case01,Expected,FPP-Branch-Benders-ProjectedPathLLBI-poly,Optimal,2.61032548,300,110.8,110.80000000,0,0,0,
projected,worker_02_task_003,0.01,case01,Expected,FPP-Branch-Benders-ProjectedPathLLBI-poly-RootCuts,Optimal,2.19653416,300,110.8,110.77511065,0.00022463,0.00022463,0.0002246331227,
projected,worker_02_task_020,0.01,case01,MeanCVaR,FPP-Branch-Benders-ProjectedCoverageLLBI-exp,Optimal,7.72969624,300,174.72,174.55974819,0.00091719,0.00091719,0.000917192136,
projected,worker_02_task_021,0.01,case01,MeanCVaR,FPP-Branch-Benders-ProjectedCoverageLLBI-exp-RootCuts,Optimal,5.82442013,300,174.72,174.56039836,0.00091347,0.00091347,0.0009134709249,
projected,worker_02_task_016,0.01,case01,MeanCVaR,FPP-Branch-Benders-ProjectedCoverageLLBI-poly,Optimal,5.70610197,300,174.72,174.55598650,0.00093872,0.00093872,0.0009387219551,
projected,worker_02_task_017,0.01,case01,MeanCVaR,FPP-Branch-Benders-ProjectedCoverageLLBI-poly-RootCuts,Optimal,6.50079520,300,174.72,174.55669571,0.00093466,0.00093466,0.000934662832,
projected,worker_02_task_022,0.01,case01,MeanCVaR,FPP-Branch-Benders-ProjectedPathLLBI-exp,Optimal,4.38510626,300,174.72,174.55204454,0.00096128,0.00096128,0.0009612835394,
projected,worker_02_task_023,0.01,case01,MeanCVaR,FPP-Branch-Benders-ProjectedPathLLBI-exp-RootCuts,Optimal,3.97459280,300,174.72,174.55204454,0.00096128,0.00096128,0.0009612835394,
projected,worker_02_task_018,0.01,case01,MeanCVaR,FPP-Branch-Benders-ProjectedPathLLBI-poly,Optimal,8.96113138,300,174.72,174.54726895,0.00098862,0.00098862,0.0009886163576,
projected,worker_02_task_019,0.01,case01,MeanCVaR,FPP-Branch-Benders-ProjectedPathLLBI-poly-RootCuts,Optimal,8.52467391,300,174.72,174.54831836,0.00098261,0.00098261,0.000982610119,
projected,worker_03_task_012,0.02,case01,CVaR,FPP-Branch-Benders-ProjectedCoverageLLBI-exp,Feasible,302.22113681,300,175.3,163.25734331,0.06869741,0.06869741,0.06869741409,
projected,worker_03_task_013,0.02,case01,CVaR,FPP-Branch-Benders-ProjectedCoverageLLBI-exp-RootCuts,Feasible,303.11932717,300,175.3,162.30127247,0.07415133,0.07415133,0.07415132647,
projected,worker_03_task_008,0.02,case01,CVaR,FPP-Branch-Benders-ProjectedCoverageLLBI-poly,Feasible,300.72750491,300,175.3,161.35063133,0.07957427,0.07957427,0.07957426509,
projected,worker_03_task_009,0.02,case01,CVaR,FPP-Branch-Benders-ProjectedCoverageLLBI-poly-RootCuts,Feasible,300.22742231,300,175.3,162.89065954,0.07078916,0.07078916,0.07078916406,
projected,worker_03_task_014,0.02,case01,CVaR,FPP-Branch-Benders-ProjectedPathLLBI-exp,Feasible,300.93382189,300,175.6,162.34794718,0.07546727,0.07546727,0.07546727118,
projected,worker_03_task_015,0.02,case01,CVaR,FPP-Branch-Benders-ProjectedPathLLBI-exp-RootCuts,Feasible,301.26329091,300,174.7,164.58584061,0.05789444,0.05789444,0.05789444413,
projected,worker_03_task_010,0.02,case01,CVaR,FPP-Branch-Benders-ProjectedPathLLBI-poly,Feasible,300.73012271,300,176.2,161.17803287,0.08525521,0.08525521,0.08525520505,
projected,worker_03_task_011,0.02,case01,CVaR,FPP-Branch-Benders-ProjectedPathLLBI-poly-RootCuts,Feasible,300.71884043,300,175.6,162.61760577,0.07393163,0.07393163,0.07393163001,
projected,worker_03_task_004,0.02,case01,Expected,FPP-Branch-Benders-ProjectedCoverageLLBI-exp,Optimal,7.14440607,300,85.2,85.12682987,0.0008588,0.0008588,0.0008588043427,
projected,worker_03_task_005,0.02,case01,Expected,FPP-Branch-Benders-ProjectedCoverageLLBI-exp-RootCuts,Optimal,6.20637493,300,85.2,85.11645350,0.00098059,0.00098059,0.000980592723,
projected,worker_03_task_000,0.02,case01,Expected,FPP-Branch-Benders-ProjectedCoverageLLBI-poly,Optimal,24.58512313,300,85.2,85.11597458,0.00098621,0.00098621,0.0009862138498,
projected,worker_03_task_001,0.02,case01,Expected,FPP-Branch-Benders-ProjectedCoverageLLBI-poly-RootCuts,Optimal,20.42504679,300,85.2,85.11598188,0.00098613,0.00098613,0.000986128169,
projected,worker_03_task_006,0.02,case01,Expected,FPP-Branch-Benders-ProjectedPathLLBI-exp,Optimal,3.88260843,300,85.2,85.14234325,0.00067672,0.00067672,0.0006767224178,
projected,worker_03_task_007,0.02,case01,Expected,FPP-Branch-Benders-ProjectedPathLLBI-exp-RootCuts,Optimal,4.03424404,300,85.2,85.14234325,0.00067672,0.00067672,0.0006767224178,
projected,worker_03_task_002,0.02,case01,Expected,FPP-Branch-Benders-ProjectedPathLLBI-poly,Optimal,39.98774675,300,85.2,85.11487867,0.00099908,0.00099908,0.0009990766432,
projected,worker_03_task_003,0.02,case01,Expected,FPP-Branch-Benders-ProjectedPathLLBI-poly-RootCuts,Optimal,31.05641208,300,85.2,85.11622720,0.00098325,0.00098325,0.0009832488263,
projected,worker_03_task_020,0.02,case01,MeanCVaR,FPP-Branch-Benders-ProjectedCoverageLLBI-exp,Feasible,302.17983878,300,133.96,128.41718049,0.04137668,0.04137668,0.04137667595,
projected,worker_03_task_021,0.02,case01,MeanCVaR,FPP-Branch-Benders-ProjectedCoverageLLBI-exp-RootCuts,Feasible,302.26213807,300,133.96,128.99473355,0.03706529,0.03706529,0.0370652915,
projected,worker_03_task_016,0.02,case01,MeanCVaR,FPP-Branch-Benders-ProjectedCoverageLLBI-poly,Feasible,300.48018241,300,134.215,124.31397567,0.07376988,0.07376988,0.07376987915,
projected,worker_03_task_017,0.02,case01,MeanCVaR,FPP-Branch-Benders-ProjectedCoverageLLBI-poly-RootCuts,Feasible,300.61287625,300,133.96,126.86869684,0.05293597,0.05293597,0.05293597462,
projected,worker_03_task_022,0.02,case01,MeanCVaR,FPP-Branch-Benders-ProjectedPathLLBI-exp,Feasible,300.89566301,300,133.96,129.14148888,0.03596978,0.03596978,0.03596977546,
projected,worker_03_task_023,0.02,case01,MeanCVaR,FPP-Branch-Benders-ProjectedPathLLBI-exp-RootCuts,Feasible,300.75972143,300,134.235,129.90766202,0.03223703,0.03223703,0.03223703192,
projected,worker_03_task_018,0.02,case01,MeanCVaR,FPP-Branch-Benders-ProjectedPathLLBI-poly,Feasible,300.49358054,300,133.96,125.72654960,0.06146201,0.06146201,0.06146200657,
projected,worker_03_task_019,0.02,case01,MeanCVaR,FPP-Branch-Benders-ProjectedPathLLBI-poly-RootCuts,Feasible,300.49133264,300,133.96,126.85553983,0.05303419,0.05303419,0.05303419058,
projected,worker_04_task_012,0.01,case02,CVaR,FPP-Branch-Benders-ProjectedCoverageLLBI-exp,Optimal,4.89383706,300,228.5,228.28206139,0.00095378,0.00095378,0.0009537794748,
projected,worker_04_task_013,0.01,case02,CVaR,FPP-Branch-Benders-ProjectedCoverageLLBI-exp-RootCuts,Optimal,8.85402653,300,228.5,228.27569120,0.00098166,0.00098166,0.0009816577681,
projected,worker_04_task_008,0.01,case02,CVaR,FPP-Branch-Benders-ProjectedCoverageLLBI-poly,Optimal,6.89341709,300,228.5,228.32994568,0.00074422,0.00074422,0.0007442202188,
projected,worker_04_task_009,0.01,case02,CVaR,FPP-Branch-Benders-ProjectedCoverageLLBI-poly-RootCuts,Optimal,5.01606659,300,228.5,228.28165563,0.00095556,0.00095556,0.0009555552298,
projected,worker_04_task_014,0.01,case02,CVaR,FPP-Branch-Benders-ProjectedPathLLBI-exp,Optimal,4.88618176,300,228.5,228.29722836,0.0008874,0.0008874,0.0008874032385,
projected,worker_04_task_015,0.01,case02,CVaR,FPP-Branch-Benders-ProjectedPathLLBI-exp-RootCuts,Optimal,5.42591353,300,228.5,228.29722836,0.0008874,0.0008874,0.0008874032385,
projected,worker_04_task_010,0.01,case02,CVaR,FPP-Branch-Benders-ProjectedPathLLBI-poly,Optimal,5.69768427,300,228.5,228.27475726,0.00098575,0.00098575,0.0009857450328,
projected,worker_04_task_011,0.01,case02,CVaR,FPP-Branch-Benders-ProjectedPathLLBI-poly-RootCuts,Optimal,4.93347309,300,228.5,228.28372639,0.00094649,0.00094649,0.0009464928228,
projected,worker_04_task_004,0.01,case02,Expected,FPP-Branch-Benders-ProjectedCoverageLLBI-exp,Optimal,4.24270138,300,110.94,110.85362517,0.00077857,0.00077857,0.0007785724716,
projected,worker_04_task_005,0.01,case02,Expected,FPP-Branch-Benders-ProjectedCoverageLLBI-exp-RootCuts,Optimal,4.00325071,300,110.94,110.83060722,0.00098605,0.00098605,0.0009860535425,
projected,worker_04_task_000,0.01,case02,Expected,FPP-Branch-Benders-ProjectedCoverageLLBI-poly,Optimal,4.35664018,300,110.94,110.83720143,0.00092661,0.00092661,0.0009266141157,
projected,worker_04_task_001,0.01,case02,Expected,FPP-Branch-Benders-ProjectedCoverageLLBI-poly-RootCuts,Optimal,2.42377181,300,110.94,110.85402186,0.000775,0.000775,0.000774996755,
projected,worker_04_task_006,0.01,case02,Expected,FPP-Branch-Benders-ProjectedPathLLBI-exp,Optimal,1.62514847,300,110.94,110.83000000,0.00099153,0.00099153,0.0009915269515,
projected,worker_04_task_007,0.01,case02,Expected,FPP-Branch-Benders-ProjectedPathLLBI-exp-RootCuts,Optimal,2.01677395,300,110.94,110.83000000,0.00099153,0.00099153,0.0009915269515,
projected,worker_04_task_002,0.01,case02,Expected,FPP-Branch-Benders-ProjectedPathLLBI-poly,Optimal,2.93635809,300,110.94,110.94000000,0,0,0,
projected,worker_04_task_003,0.01,case02,Expected,FPP-Branch-Benders-ProjectedPathLLBI-poly-RootCuts,Optimal,2.51763081,300,110.95,110.83958472,0.00099518,0.00099518,0.0009951805318,
projected,worker_04_task_020,0.01,case02,MeanCVaR,FPP-Branch-Benders-ProjectedCoverageLLBI-exp,Optimal,5.02348024,300,173.035,172.87197072,0.00094218,0.00094218,0.0009421751669,
projected,worker_04_task_021,0.01,case02,MeanCVaR,FPP-Branch-Benders-ProjectedCoverageLLBI-exp-RootCuts,Optimal,5.84525942,300,173.035,172.86989784,0.00095415,0.00095415,0.0009541547086,
projected,worker_04_task_016,0.01,case02,MeanCVaR,FPP-Branch-Benders-ProjectedCoverageLLBI-poly,Optimal,3.88018488,300,173.035,172.86466892,0.00098437,0.00098437,0.000984373566,
projected,worker_04_task_017,0.01,case02,MeanCVaR,FPP-Branch-Benders-ProjectedCoverageLLBI-poly-RootCuts,Optimal,3.82955151,300,173.035,172.86464792,0.00098449,0.00098449,0.0009844949288,
projected,worker_04_task_022,0.01,case02,MeanCVaR,FPP-Branch-Benders-ProjectedPathLLBI-exp,Optimal,2.45086812,300,173.035,172.89866487,0.0007879,0.0007879,0.0007879049325,
projected,worker_04_task_023,0.01,case02,MeanCVaR,FPP-Branch-Benders-ProjectedPathLLBI-exp-RootCuts,Optimal,2.56550687,300,173.035,172.89866487,0.0007879,0.0007879,0.0007879049325,
projected,worker_04_task_018,0.01,case02,MeanCVaR,FPP-Branch-Benders-ProjectedPathLLBI-poly,Optimal,9.87100481,300,173.035,172.89754334,0.00079439,0.00079439,0.0007943864536,
projected,worker_04_task_019,0.01,case02,MeanCVaR,FPP-Branch-Benders-ProjectedPathLLBI-poly-RootCuts,Optimal,4.45156962,300,173.035,172.87758249,0.00090974,0.00090974,0.0009097437513,
projected,worker_05_task_012,0.02,case02,CVaR,FPP-Branch-Benders-ProjectedCoverageLLBI-exp,Feasible,302.13801353,300,174.1,165.51224913,0.04932654,0.04932654,0.04932654147,
projected,worker_05_task_013,0.02,case02,CVaR,FPP-Branch-Benders-ProjectedCoverageLLBI-exp-RootCuts,Feasible,303.01267385,300,174.1,166.49534962,0.04367978,0.04367978,0.04367978392,
projected,worker_05_task_008,0.02,case02,CVaR,FPP-Branch-Benders-ProjectedCoverageLLBI-poly,Feasible,300.55444588,300,175.1,161.89630418,0.0754066,0.0754066,0.07540660091,
projected,worker_05_task_009,0.02,case02,CVaR,FPP-Branch-Benders-ProjectedCoverageLLBI-poly-RootCuts,Feasible,300.29931482,300,174.1,164.04956008,0.05772797,0.05772797,0.05772797197,
projected,worker_05_task_014,0.02,case02,CVaR,FPP-Branch-Benders-ProjectedPathLLBI-exp,Feasible,301.03694398,300,175.1,167.01694319,0.04616252,0.04616252,0.04616251748,
projected,worker_05_task_015,0.02,case02,CVaR,FPP-Branch-Benders-ProjectedPathLLBI-exp-RootCuts,Feasible,300.93897218,300,175.1,166.49715218,0.04913106,0.04913106,0.04913105551,
projected,worker_05_task_010,0.02,case02,CVaR,FPP-Branch-Benders-ProjectedPathLLBI-poly,Feasible,300.46193539,300,174.9,163.64044728,0.06437709,0.06437709,0.06437708816,
projected,worker_05_task_011,0.02,case02,CVaR,FPP-Branch-Benders-ProjectedPathLLBI-poly-RootCuts,Feasible,300.42805867,300,174.9,163.81897180,0.06335636,0.06335636,0.06335636478,
projected,worker_05_task_004,0.02,case02,Expected,FPP-Branch-Benders-ProjectedCoverageLLBI-exp,Optimal,10.47739140,300,87.22,87.13316490,0.00099559,0.00099559,0.0009955870213,
projected,worker_05_task_005,0.02,case02,Expected,FPP-Branch-Benders-ProjectedCoverageLLBI-exp-RootCuts,Optimal,12.23337342,300,87.22,87.13381065,0.00098818,0.00098818,0.0009881833295,
projected,worker_05_task_000,0.02,case02,Expected,FPP-Branch-Benders-ProjectedCoverageLLBI-poly,Optimal,240.22184189,300,87.22,87.13284355,0.00099927,0.00099927,0.0009992713827,
projected,worker_05_task_001,0.02,case02,Expected,FPP-Branch-Benders-ProjectedCoverageLLBI-poly-RootCuts,Optimal,97.65178937,300,87.22,87.13284384,0.00099927,0.00099927,0.0009992680578,
projected,worker_05_task_006,0.02,case02,Expected,FPP-Branch-Benders-ProjectedPathLLBI-exp,Optimal,7.37761450,300,87.22,87.14092953,0.00090656,0.00090656,0.0009065635175,
projected,worker_05_task_007,0.02,case02,Expected,FPP-Branch-Benders-ProjectedPathLLBI-exp-RootCuts,Optimal,7.61141528,300,87.22,87.13412009,0.00098464,0.00098464,0.0009846355194,
projected,worker_05_task_002,0.02,case02,Expected,FPP-Branch-Benders-ProjectedPathLLBI-poly,Optimal,95.86824490,300,87.22,87.13285054,0.00099919,0.00099919,0.0009991912405,
projected,worker_05_task_003,0.02,case02,Expected,FPP-Branch-Benders-ProjectedPathLLBI-poly-RootCuts,Optimal,58.09489221,300,87.22,87.13305847,0.00099681,0.00099681,0.000996807269,
projected,worker_05_task_020,0.02,case02,MeanCVaR,FPP-Branch-Benders-ProjectedCoverageLLBI-exp,Feasible,302.15433438,300,133.64,131.83841655,0.01348087,0.01348087,0.01348086987,
projected,worker_05_task_021,0.02,case02,MeanCVaR,FPP-Branch-Benders-ProjectedCoverageLLBI-exp-RootCuts,Feasible,302.13583950,300,133.64,133.35798434,0.00211026,0.00211026,0.002110263843,
projected,worker_05_task_016,0.02,case02,MeanCVaR,FPP-Branch-Benders-ProjectedCoverageLLBI-poly,Feasible,300.44889077,300,134.1,127.11838385,0.05206276,0.05206276,0.05206276025,
projected,worker_05_task_017,0.02,case02,MeanCVaR,FPP-Branch-Benders-ProjectedCoverageLLBI-poly-RootCuts,Feasible,300.43193783,300,134.1,128.02343248,0.0453137,0.0453137,0.04531370261,
projected,worker_05_task_022,0.02,case02,MeanCVaR,FPP-Branch-Benders-ProjectedPathLLBI-exp,Optimal,234.34932699,300,133.64,133.50642578,0.00099951,0.00099951,0.0009995077821,
projected,worker_05_task_023,0.02,case02,MeanCVaR,FPP-Branch-Benders-ProjectedPathLLBI-exp-RootCuts,Optimal,149.63360770,300,133.64,133.50642578,0.00099951,0.00099951,0.0009995077821,
projected,worker_05_task_018,0.02,case02,MeanCVaR,FPP-Branch-Benders-ProjectedPathLLBI-poly,Feasible,300.74534228,300,133.64,129.23326139,0.0329747,0.0329747,0.03297469777,
projected,worker_05_task_019,0.02,case02,MeanCVaR,FPP-Branch-Benders-ProjectedPathLLBI-poly-RootCuts,Feasible,300.43599857,300,133.64,130.65348312,0.02234748,0.02234748,0.0223474774,
projected,worker_06_task_012,0.01,case03,CVaR,FPP-Branch-Benders-ProjectedCoverageLLBI-exp,Optimal,7.39225197,300,214.3,214.08863812,0.00098629,0.00098629,0.0009862896874,
projected,worker_06_task_013,0.01,case03,CVaR,FPP-Branch-Benders-ProjectedCoverageLLBI-exp-RootCuts,Optimal,6.57752178,300,214.3,214.10740380,0.00089872,0.00089872,0.0008987223518,
projected,worker_06_task_008,0.01,case03,CVaR,FPP-Branch-Benders-ProjectedCoverageLLBI-poly,Optimal,6.74045135,300,214.3,214.08893818,0.00098489,0.00098489,0.0009848895007,
projected,worker_06_task_009,0.01,case03,CVaR,FPP-Branch-Benders-ProjectedCoverageLLBI-poly-RootCuts,Optimal,6.10298262,300,214.3,214.10088509,0.00092914,0.00092914,0.0009291409706,
projected,worker_06_task_014,0.01,case03,CVaR,FPP-Branch-Benders-ProjectedPathLLBI-exp,Optimal,5.81739403,300,214.3,214.12040395,0.00083806,0.00083806,0.0008380590294,
projected,worker_06_task_015,0.01,case03,CVaR,FPP-Branch-Benders-ProjectedPathLLBI-exp-RootCuts,Optimal,5.97016401,300,214.3,214.10382139,0.00091544,0.00091544,0.0009154391507,
projected,worker_06_task_010,0.01,case03,CVaR,FPP-Branch-Benders-ProjectedPathLLBI-poly,Optimal,4.87979561,300,214.3,214.08819871,0.00098834,0.00098834,0.0009883401307,
projected,worker_06_task_011,0.01,case03,CVaR,FPP-Branch-Benders-ProjectedPathLLBI-poly-RootCuts,Optimal,5.68442670,300,214.3,214.09333333,0.00096438,0.00096438,0.000964380168,
projected,worker_06_task_004,0.01,case03,Expected,FPP-Branch-Benders-ProjectedCoverageLLBI-exp,Optimal,2.35372578,300,97.12,97.03285714,0.00089727,0.00089727,0.0008972699753,
projected,worker_06_task_005,0.01,case03,Expected,FPP-Branch-Benders-ProjectedCoverageLLBI-exp-RootCuts,Optimal,2.64427105,300,97.12,97.05425714,0.00067692,0.00067692,0.0006769240115,
projected,worker_06_task_000,0.01,case03,Expected,FPP-Branch-Benders-ProjectedCoverageLLBI-poly,Optimal,1.54636438,300,97.12,97.02646747,0.00096306,0.00096306,0.0009630614703,
projected,worker_06_task_001,0.01,case03,Expected,FPP-Branch-Benders-ProjectedCoverageLLBI-poly-RootCuts,Optimal,2.69302190,300,97.12,97.11000000,0.00010297,0.00010297,0.0001029654036,
projected,worker_06_task_006,0.01,case03,Expected,FPP-Branch-Benders-ProjectedPathLLBI-exp,Optimal,1.48524548,300,97.12,97.05508390,0.00066841,0.00066841,0.0006684112438,
projected,worker_06_task_007,0.01,case03,Expected,FPP-Branch-Benders-ProjectedPathLLBI-exp-RootCuts,Optimal,3.04006784,300,97.12,97.05508390,0.00066841,0.00066841,0.0006684112438,
projected,worker_06_task_002,0.01,case03,Expected,FPP-Branch-Benders-ProjectedPathLLBI-poly,Optimal,2.70213761,300,97.12,97.09590771,0.00024807,0.00024807,0.0002480672364,
projected,worker_06_task_003,0.01,case03,Expected,FPP-Branch-Benders-ProjectedPathLLBI-poly-RootCuts,Optimal,2.71822345,300,97.12,97.03393628,0.00088616,0.00088616,0.0008861585667,
projected,worker_06_task_020,0.01,case03,MeanCVaR,FPP-Branch-Benders-ProjectedCoverageLLBI-exp,Optimal,4.97923999,300,157.565,157.41107658,0.00097689,0.00097689,0.0009768883953,
projected,worker_06_task_021,0.01,case03,MeanCVaR,FPP-Branch-Benders-ProjectedCoverageLLBI-exp-RootCuts,Optimal,9.91166713,300,157.565,157.40787513,0.00099721,0.00099721,0.0009972066766,
projected,worker_06_task_016,0.01,case03,MeanCVaR,FPP-Branch-Benders-ProjectedCoverageLLBI-poly,Optimal,5.82133204,300,157.565,157.41268224,0.0009667,0.0009667,0.0009666979342,
projected,worker_06_task_017,0.01,case03,MeanCVaR,FPP-Branch-Benders-ProjectedCoverageLLBI-poly-RootCuts,Optimal,7.96704687,300,157.565,157.41469988,0.00095389,0.00095389,0.0009538928061,
projected,worker_06_task_022,0.01,case03,MeanCVaR,FPP-Branch-Benders-ProjectedPathLLBI-exp,Optimal,6.03956372,300,157.565,157.42234794,0.00090535,0.00090535,0.000905353727,
projected,worker_06_task_023,0.01,case03,MeanCVaR,FPP-Branch-Benders-ProjectedPathLLBI-exp-RootCuts,Optimal,4.40520833,300,157.565,157.42234794,0.00090535,0.00090535,0.000905353727,
projected,worker_06_task_018,0.01,case03,MeanCVaR,FPP-Branch-Benders-ProjectedPathLLBI-poly,Optimal,3.58693714,300,157.565,157.41427109,0.00095661,0.00095661,0.0009566141592,
projected,worker_06_task_019,0.01,case03,MeanCVaR,FPP-Branch-Benders-ProjectedPathLLBI-poly-RootCuts,Optimal,4.01824025,300,157.565,157.42037389,0.00091788,0.00091788,0.0009178822073,
projected,worker_07_task_012,0.02,case03,CVaR,FPP-Branch-Benders-ProjectedCoverageLLBI-exp,Optimal,170.74561749,300,154.6,154.44588247,0.00099688,0.00099688,0.0009968792367,
projected,worker_07_task_013,0.02,case03,CVaR,FPP-Branch-Benders-ProjectedCoverageLLBI-exp-RootCuts,Optimal,110.18845418,300,154.6,154.44568278,0.00099817,0.00099817,0.0009981708926,
projected,worker_07_task_008,0.02,case03,CVaR,FPP-Branch-Benders-ProjectedCoverageLLBI-poly,Feasible,300.25985297,300,154.6,151.76598118,0.0183313,0.0183313,0.01833129897,
projected,worker_07_task_009,0.02,case03,CVaR,FPP-Branch-Benders-ProjectedCoverageLLBI-poly-RootCuts,Optimal,231.96061390,300,154.6,154.44540629,0.00099996,0.00099996,0.0009999593144,
projected,worker_07_task_014,0.02,case03,CVaR,FPP-Branch-Benders-ProjectedPathLLBI-exp,Optimal,98.67061897,300,154.6,154.44589112,0.00099682,0.00099682,0.0009968232859,
projected,worker_07_task_015,0.02,case03,CVaR,FPP-Branch-Benders-ProjectedPathLLBI-exp-RootCuts,Optimal,83.78569393,300,154.6,154.44545184,0.00099966,0.00099966,0.0009996646831,
projected,worker_07_task_010,0.02,case03,CVaR,FPP-Branch-Benders-ProjectedPathLLBI-poly,Optimal,265.56726569,300,154.6,154.44571269,0.00099798,0.00099798,0.0009979774256,
projected,worker_07_task_011,0.02,case03,CVaR,FPP-Branch-Benders-ProjectedPathLLBI-poly-RootCuts,Optimal,229.62427562,300,154.6,154.44556185,0.00099895,0.00099895,0.0009989531048,
projected,worker_07_task_004,0.02,case03,Expected,FPP-Branch-Benders-ProjectedCoverageLLBI-exp,Optimal,10.00650689,300,77.55,77.47267943,0.00099704,0.00099704,0.0009970415216,
projected,worker_07_task_005,0.02,case03,Expected,FPP-Branch-Benders-ProjectedCoverageLLBI-exp-RootCuts,Optimal,6.83870763,300,77.55,77.47320868,0.00099022,0.00099022,0.0009902168923,
projected,worker_07_task_000,0.02,case03,Expected,FPP-Branch-Benders-ProjectedCoverageLLBI-poly,Optimal,213.32513094,300,77.55,77.47245469,0.00099994,0.00099994,0.0009999395229,
projected,worker_07_task_001,0.02,case03,Expected,FPP-Branch-Benders-ProjectedCoverageLLBI-poly-RootCuts,Optimal,47.46915080,300,77.55,77.47255322,0.00099867,0.00099867,0.0009986689877,
projected,worker_07_task_006,0.02,case03,Expected,FPP-Branch-Benders-ProjectedPathLLBI-exp,Optimal,6.49316858,300,77.55,77.47612561,0.0009526,0.0009526,0.0009526033527,
projected,worker_07_task_007,0.02,case03,Expected,FPP-Branch-Benders-ProjectedPathLLBI-exp-RootCuts,Optimal,3.04329976,300,77.55,77.47736842,0.00093658,0.00093658,0.0009365774339,
projected,worker_07_task_002,0.02,case03,Expected,FPP-Branch-Benders-ProjectedPathLLBI-poly,Optimal,88.37198986,300,77.55,77.47249063,0.00099948,0.00099948,0.0009994760799,
projected,worker_07_task_003,0.02,case03,Expected,FPP-Branch-Benders-ProjectedPathLLBI-poly-RootCuts,Optimal,64.79932040,300,77.55,77.47248019,0.00099961,0.00099961,0.0009996107028,
projected,worker_07_task_020,0.02,case03,MeanCVaR,FPP-Branch-Benders-ProjectedCoverageLLBI-exp,Optimal,186.27450410,300,117.83,117.71231206,0.00099879,0.00099879,0.0009987943648,
projected,worker_07_task_021,0.02,case03,MeanCVaR,FPP-Branch-Benders-ProjectedCoverageLLBI-exp-RootCuts,Optimal,145.10599160,300,117.83,117.71281805,0.0009945,0.0009945,0.0009945001273,
projected,worker_07_task_016,0.02,case03,MeanCVaR,FPP-Branch-Benders-ProjectedCoverageLLBI-poly,Feasible,300.55165040,300,117.83,113.93375608,0.03306665,0.03306665,0.03306665467,
projected,worker_07_task_017,0.02,case03,MeanCVaR,FPP-Branch-Benders-ProjectedCoverageLLBI-poly-RootCuts,Feasible,300.58248856,300,117.83,117.15300030,0.00574556,0.00574556,0.005745563099,
projected,worker_07_task_022,0.02,case03,MeanCVaR,FPP-Branch-Benders-ProjectedPathLLBI-exp,Optimal,96.28650266,300,117.83,117.71228973,0.00099898,0.00099898,0.0009989838751,
projected,worker_07_task_023,0.02,case03,MeanCVaR,FPP-Branch-Benders-ProjectedPathLLBI-exp-RootCuts,Optimal,98.01213400,300,117.83,117.71220627,0.00099969,0.00099969,0.0009996921837,
projected,worker_07_task_018,0.02,case03,MeanCVaR,FPP-Branch-Benders-ProjectedPathLLBI-poly,Feasible,300.60887969,300,117.83,115.63854538,0.01859844,0.01859844,0.01859844369,
projected,worker_07_task_019,0.02,case03,MeanCVaR,FPP-Branch-Benders-ProjectedPathLLBI-poly-RootCuts,Feasible,300.41795881,300,117.83,115.88972921,0.0164667,0.0164667,0.016466696,
projected,worker_08_task_012,0.01,case04,CVaR,FPP-Branch-Benders-ProjectedCoverageLLBI-exp,Optimal,8.92403094,300,216.3,216.10068759,0.00092146,0.00092146,0.0009214628294,
projected,worker_08_task_013,0.01,case04,CVaR,FPP-Branch-Benders-ProjectedCoverageLLBI-exp-RootCuts,Optimal,6.94190794,300,216.3,216.09240040,0.00095978,0.00095978,0.0009597762367,
projected,worker_08_task_008,0.01,case04,CVaR,FPP-Branch-Benders-ProjectedCoverageLLBI-poly,Optimal,8.20435193,300,216.3,216.09845902,0.00093177,0.00093177,0.0009317659732,
projected,worker_08_task_009,0.01,case04,CVaR,FPP-Branch-Benders-ProjectedCoverageLLBI-poly-RootCuts,Optimal,6.23680800,300,216.3,216.09142969,0.00096426,0.00096426,0.0009642640314,
projected,worker_08_task_014,0.01,case04,CVaR,FPP-Branch-Benders-ProjectedPathLLBI-exp,Optimal,4.60562012,300,216.3,216.08959200,0.00097276,0.00097276,0.0009727600555,
projected,worker_08_task_015,0.01,case04,CVaR,FPP-Branch-Benders-ProjectedPathLLBI-exp-RootCuts,Optimal,3.95562396,300,216.3,216.10307965,0.0009104,0.0009104,0.0009104038373,
projected,worker_08_task_010,0.01,case04,CVaR,FPP-Branch-Benders-ProjectedPathLLBI-poly,Optimal,4.92604774,300,216.3,216.10183194,0.00091617,0.00091617,0.0009161722607,
projected,worker_08_task_011,0.01,case04,CVaR,FPP-Branch-Benders-ProjectedPathLLBI-poly-RootCuts,Optimal,5.27921592,300,216.3,216.09273599,0.00095822,0.00095822,0.0009582247342,
projected,worker_08_task_004,0.01,case04,Expected,FPP-Branch-Benders-ProjectedCoverageLLBI-exp,Optimal,4.75694703,300,105.65,105.55795867,0.00087119,0.00087119,0.000871191008,
projected,worker_08_task_005,0.01,case04,Expected,FPP-Branch-Benders-ProjectedCoverageLLBI-exp-RootCuts,Optimal,4.81883235,300,105.65,105.56288266,0.00082458,0.00082458,0.0008245843824,
projected,worker_08_task_000,0.01,case04,Expected,FPP-Branch-Benders-ProjectedCoverageLLBI-poly,Optimal,3.82977144,300,105.65,105.56000000,0.00085187,0.00085187,0.00085186938,
projected,worker_08_task_001,0.01,case04,Expected,FPP-Branch-Benders-ProjectedCoverageLLBI-poly-RootCuts,Optimal,4.75148948,300,105.65,105.54516093,0.00099232,0.00099232,0.0009923243729,
projected,worker_08_task_006,0.01,case04,Expected,FPP-Branch-Benders-ProjectedPathLLBI-exp,Optimal,2.94957411,300,105.65,105.56491954,0.0008053,0.0008053,0.0008053048746,
projected,worker_08_task_007,0.01,case04,Expected,FPP-Branch-Benders-ProjectedPathLLBI-exp-RootCuts,Optimal,3.24460884,300,105.65,105.56491954,0.0008053,0.0008053,0.0008053048746,
projected,worker_08_task_002,0.01,case04,Expected,FPP-Branch-Benders-ProjectedPathLLBI-poly,Optimal,5.05687851,300,105.65,105.54478022,0.00099593,0.00099593,0.0009959278751,
projected,worker_08_task_003,0.01,case04,Expected,FPP-Branch-Benders-ProjectedPathLLBI-poly-RootCuts,Optimal,4.33693425,300,105.65,105.57044536,0.000753,0.000753,0.0007530017984,
projected,worker_08_task_020,0.01,case04,MeanCVaR,FPP-Branch-Benders-ProjectedCoverageLLBI-exp,Optimal,6.97784193,300,163.3,163.14185260,0.00096845,0.00096845,0.00096844703,
projected,worker_08_task_021,0.01,case04,MeanCVaR,FPP-Branch-Benders-ProjectedCoverageLLBI-exp-RootCuts,Optimal,6.75712655,300,163.3,163.14133337,0.00097163,0.00097163,0.0009716266381,
projected,worker_08_task_016,0.01,case04,MeanCVaR,FPP-Branch-Benders-ProjectedCoverageLLBI-poly,Optimal,8.17545965,300,163.3,163.13673979,0.00099976,0.00099976,0.000999756338,
projected,worker_08_task_017,0.01,case04,MeanCVaR,FPP-Branch-Benders-ProjectedCoverageLLBI-poly-RootCuts,Optimal,12.18248962,300,163.3,163.14982601,0.00091962,0.00091962,0.0009196202694,
projected,worker_08_task_022,0.01,case04,MeanCVaR,FPP-Branch-Benders-ProjectedPathLLBI-exp,Optimal,4.62384319,300,163.3,163.14302360,0.00096128,0.00096128,0.0009612761788,
projected,worker_08_task_023,0.01,case04,MeanCVaR,FPP-Branch-Benders-ProjectedPathLLBI-exp-RootCuts,Optimal,4.36679474,300,163.3,163.14302360,0.00096128,0.00096128,0.0009612761788,
projected,worker_08_task_018,0.01,case04,MeanCVaR,FPP-Branch-Benders-ProjectedPathLLBI-poly,Optimal,5.68456038,300,163.3,163.13889360,0.00098657,0.00098657,0.0009865670545,
projected,worker_08_task_019,0.01,case04,MeanCVaR,FPP-Branch-Benders-ProjectedPathLLBI-poly-RootCuts,Optimal,7.17970623,300,163.3,163.14324500,0.00095992,0.00095992,0.0009599203919,
projected,worker_09_task_012,0.02,case04,CVaR,FPP-Branch-Benders-ProjectedCoverageLLBI-exp,Feasible,301.98671688,300,155.5,152.61529501,0.01855116,0.01855116,0.01855115749,
projected,worker_09_task_013,0.02,case04,CVaR,FPP-Branch-Benders-ProjectedCoverageLLBI-exp-RootCuts,Feasible,302.19598985,300,155.5,153.46483929,0.01308785,0.01308785,0.01308785023,
projected,worker_09_task_008,0.02,case04,CVaR,FPP-Branch-Benders-ProjectedCoverageLLBI-poly,Feasible,300.65455362,300,155.5,147.24380531,0.0530945,0.0530945,0.05309449961,
projected,worker_09_task_009,0.02,case04,CVaR,FPP-Branch-Benders-ProjectedCoverageLLBI-poly-RootCuts,Feasible,300.58079015,300,155.5,147.02776169,0.05448385,0.05448385,0.05448384765,
projected,worker_09_task_014,0.02,case04,CVaR,FPP-Branch-Benders-ProjectedPathLLBI-exp,Optimal,204.23638137,300,155.5,155.34450789,0.00099995,0.00099995,0.0009999492605,
projected,worker_09_task_015,0.02,case04,CVaR,FPP-Branch-Benders-ProjectedPathLLBI-exp-RootCuts,Optimal,257.87585904,300,155.5,155.34470887,0.00099866,0.00099866,0.0009986567846,
projected,worker_09_task_010,0.02,case04,CVaR,FPP-Branch-Benders-ProjectedPathLLBI-poly,Feasible,300.46097462,300,155.6,147.22674363,0.0538127,0.0538127,0.05381270161,
projected,worker_09_task_011,0.02,case04,CVaR,FPP-Branch-Benders-ProjectedPathLLBI-poly-RootCuts,Feasible,300.61237289,300,157.3,147.41782464,0.06282375,0.06282375,0.06282374673,
projected,worker_09_task_004,0.02,case04,Expected,FPP-Branch-Benders-ProjectedCoverageLLBI-exp,Optimal,7.10547609,300,82.02,81.93882353,0.00098972,0.00098972,0.0009897155572,
projected,worker_09_task_005,0.02,case04,Expected,FPP-Branch-Benders-ProjectedCoverageLLBI-exp-RootCuts,Optimal,6.46976001,300,82.02,81.93967128,0.00097938,0.00097938,0.0009793796635,
projected,worker_09_task_000,0.02,case04,Expected,FPP-Branch-Benders-ProjectedCoverageLLBI-poly,Optimal,103.00509182,300,82.02,81.93809191,0.00099864,0.00099864,0.0009986355767,
projected,worker_09_task_001,0.02,case04,Expected,FPP-Branch-Benders-ProjectedCoverageLLBI-poly-RootCuts,Optimal,43.01196470,300,82.02,81.93815538,0.00099786,0.00099786,0.000997861741,
projected,worker_09_task_006,0.02,case04,Expected,FPP-Branch-Benders-ProjectedPathLLBI-exp,Optimal,3.56225946,300,82.02,81.95023583,0.00085058,0.00085058,0.0008505751036,
projected,worker_09_task_007,0.02,case04,Expected,FPP-Branch-Benders-ProjectedPathLLBI-exp-RootCuts,Optimal,4.19165475,300,82.02,81.94494161,0.00091512,0.00091512,0.0009151230188,
projected,worker_09_task_002,0.02,case04,Expected,FPP-Branch-Benders-ProjectedPathLLBI-poly,Optimal,39.74613615,300,82.02,81.93813048,0.00099817,0.00099817,0.0009981653255,
projected,worker_09_task_003,0.02,case04,Expected,FPP-Branch-Benders-ProjectedPathLLBI-poly-RootCuts,Optimal,26.20974834,300,82.02,81.93892128,0.00098852,0.00098852,0.0009885237747,
projected,worker_09_task_020,0.02,case04,MeanCVaR,FPP-Branch-Benders-ProjectedCoverageLLBI-exp,Feasible,302.07067511,300,121.75,119.92507967,0.01498908,0.01498908,0.01498907869,
projected,worker_09_task_021,0.02,case04,MeanCVaR,FPP-Branch-Benders-ProjectedCoverageLLBI-exp-RootCuts,Feasible,302.07343143,300,121.75,119.88278115,0.0153365,0.0153365,0.01533649979,
projected,worker_09_task_016,0.02,case04,MeanCVaR,FPP-Branch-Benders-ProjectedCoverageLLBI-poly,Feasible,300.56715138,300,122.635,114.68493388,0.06482706,0.06482706,0.06482705688,
projected,worker_09_task_017,0.02,case04,MeanCVaR,FPP-Branch-Benders-ProjectedCoverageLLBI-poly-RootCuts,Feasible,300.63159603,300,121.75,114.87202813,0.05649258,0.05649258,0.05649258209,
projected,worker_09_task_022,0.02,case04,MeanCVaR,FPP-Branch-Benders-ProjectedPathLLBI-exp,Feasible,300.86752347,300,121.75,121.27665034,0.00388788,0.00388788,0.003887882218,
projected,worker_09_task_023,0.02,case04,MeanCVaR,FPP-Branch-Benders-ProjectedPathLLBI-exp-RootCuts,Feasible,300.71162605,300,121.75,121.59360128,0.00128459,0.00128459,0.001284589076,
projected,worker_09_task_018,0.02,case04,MeanCVaR,FPP-Branch-Benders-ProjectedPathLLBI-poly,Feasible,300.45028869,300,122.635,114.82360160,0.06369632,0.06369632,0.0636963216,
projected,worker_09_task_019,0.02,case04,MeanCVaR,FPP-Branch-Benders-ProjectedPathLLBI-poly-RootCuts,Feasible,300.70081177,300,123.05,115.60793548,0.06048,0.06048,0.06048000423,
