experiment_id,case_id,run_id,timestamp,landscape,method,alpha,budget,train_scenario_count,test_scenario_count,objective_metric,train_ids,test_ids,solver_status,objective_in_sample,best_bound,mip_gap,runtime_seconds,solver_status_code,explored_nodes,num_variables,num_constraints,solver_iterations,cuts_added,max_cut_violation,fpp_mode,formulation,dominator_cuts_enabled,separator_cuts_enabled,greedy_warm_start_enabled,local_search_enabled,compact_node_count,eligible_node_count,total_observed_scenario_nodes,total_scenario_arcs,separator_cuts_added,separator_min_cut_calls,separator_callback_invocations,separator_duplicate_cuts_skipped,separator_large_cuts_skipped,separator_time_sec,dominator_cuts_added,dominator_aggregate_cuts_added,dominator_individual_cuts_added,dominator_dag_scenarios,dominator_fallback_scenarios,dominator_preprocessing_time_sec,heuristic_time_sec,heuristic_objective,heuristic_exact_evaluations,heuristic_selected_count,evaluator_objective,evaluator_abs_diff,evaluator_rel_diff,validation_status,selected_firebreaks,warm_start_used,mip_start_accepted,warm_start_source,warm_start_valid_nodes,warm_start_ignored_nodes,warm_start_notes,train_expected_burned_area,train_worst_10pct_burned_area,test_expected_burned_area,test_worst_10pct_burned_area,train_evaluation_runtime_seconds,test_evaluation_runtime_seconds,test_scenario_loading_runtime_seconds,train_graph_classification_ratios,test_graph_classification_ratios,graph_type_note,notes
fpp_12mode_benchmark_alpha001,0,fpp_12mode_benchmark_alpha001_alpha0p01_train100_test100_case0_fpp_saa_fpp_base,2026-05-20T19:44:34Z,Sub20,FPP-SAA,0.01000000,4,100,100,expected_burned_area,8;13;22;26;32;36;51;54;62;63;71;85;88;89;96;98;116;125;143;159;167;171;177;178;197;205;210;229;230;247;254;259;282;290;296;304;306;335;345;353;356;365;370;374;381;417;433;454;482;497;542;545;562;564;581;593;604;620;636;638;657;663;666;685;717;736;740;751;765;782;784;793;815;820;822;826;832;848;859;865;872;874;894;902;910;919;924;929;931;933;937;938;941;950;951;957;964;986;991;997,4;5;39;61;64;103;104;128;140;142;148;151;152;179;180;209;214;223;233;240;243;246;249;255;256;271;272;281;285;323;331;337;344;348;367;371;382;396;418;434;439;470;479;485;503;504;520;524;529;546;555;561;565;568;576;579;585;598;613;615;624;625;626;640;651;656;670;678;690;703;709;732;735;754;756;766;785;786;789;794;810;834;836;840;846;862;863;869;880;881;883;907;911;912;917;945;948;956;959;970,Optimal,94.30000000,94.30000000,0.00000000,1.14773799,1,0,36360,13214,0,0,0.00000000,fpp_base,base,false,false,false,false,360,360,13107,13113,0,0,0,0,0,0.00000000,0,0,0,0,0,0.00000000,0.00000000,,0,0,94.30000000,0.00000000,0.00000000,pass,131;225;308;325,false,false,,,,,94.30000000,228.10000000,113.85000000,250.60000000,0.00493834,0.00595742,0.03235267,RT=0.470000;ADAG=0.530000;GDG=0.000000;NFR=0.000000;EMPTY=0.000000,RT=0.470000;ADAG=0.530000;GDG=0.000000;NFR=0.000000;EMPTY=0.000000,Cell2Fire scenarios are treated as directed propagation graphs.,FPP-SAA objective is expected burned area over loaded scenarios. | Propagation constraints use y_v only when v is eligible. | FppRecourseEvaluator validation passed for final selected firebreaks. | Train reader warning: IgnitionsHistory/ignitions_log.csv has one numeric column; assuming line number is the scenario ID. | Test reader warning: IgnitionsHistory/ignitions_log.csv has one numeric column; assuming line number is the scenario ID. | Test scenarios were used only for out-of-sample evaluation.
fpp_12mode_benchmark_alpha001,0,fpp_12mode_benchmark_alpha001_alpha0p01_train100_test100_case0_fpp_saa_fpp_base_greedy,2026-05-20T19:44:37Z,Sub20,FPP-SAA,0.01000000,4,100,100,expected_burned_area,8;13;22;26;32;36;51;54;62;63;71;85;88;89;96;98;116;125;143;159;167;171;177;178;197;205;210;229;230;247;254;259;282;290;296;304;306;335;345;353;356;365;370;374;381;417;433;454;482;497;542;545;562;564;581;593;604;620;636;638;657;663;666;685;717;736;740;751;765;782;784;793;815;820;822;826;832;848;859;865;872;874;894;902;910;919;924;929;931;933;937;938;941;950;951;957;964;986;991;997,4;5;39;61;64;103;104;128;140;142;148;151;152;179;180;209;214;223;233;240;243;246;249;255;256;271;272;281;285;323;331;337;344;348;367;371;382;396;418;434;439;470;479;485;503;504;520;524;529;546;555;561;565;568;576;579;585;598;613;615;624;625;626;640;651;656;670;678;690;703;709;732;735;754;756;766;785;786;789;794;810;834;836;840;846;862;863;869;880;881;883;907;911;912;917;945;948;956;959;970,Optimal,94.30000000,94.30000000,0.00000000,2.43934529,1,0,36360,13214,0,0,0.00000000,fpp_base_greedy,base,false,false,true,false,360,360,13107,13113,0,0,0,0,0,0.00000000,0,0,0,0,0,0.00000000,0.35608879,98.90000000,200,4,94.30000000,0.00000000,0.00000000,pass,131;225;308;325,true,true,reachability-greedy-warm-start,264;248;325;130,,Warm start generated by reachability-greedy FPP recourse heuristic. | Reachability-greedy empty objective: 131.07. | Reachability-greedy final objective: 98.9. | Reachability-greedy exact marginal evaluations: 200. | Warm start status: Ready.,94.30000000,228.10000000,113.85000000,250.60000000,0.00846585,0.01014567,0.06273960,RT=0.470000;ADAG=0.530000;GDG=0.000000;NFR=0.000000;EMPTY=0.000000,RT=0.470000;ADAG=0.530000;GDG=0.000000;NFR=0.000000;EMPTY=0.000000,Cell2Fire scenarios are treated as directed propagation graphs.,CPLEX y-only MIP start was added from warm-start solution. | FPP-SAA objective is expected burned area over loaded scenarios. | Propagation constraints use y_v only when v is eligible. | Reachability-greedy warm start was used as a y-only MIP start for the base FPP formulation. | Reachability-greedy warm start empty objective: 131.07. | Reachability-greedy warm start final objective: 98.9. | Reachability-greedy warm start exact marginal evaluations: 200. | FppRecourseEvaluator validation passed for final selected firebreaks. | Train reader warning: IgnitionsHistory/ignitions_log.csv has one numeric column; assuming line number is the scenario ID. | Test reader warning: IgnitionsHistory/ignitions_log.csv has one numeric column; assuming line number is the scenario ID. | Test scenarios were used only for out-of-sample evaluation.
fpp_12mode_benchmark_alpha001,0,fpp_12mode_benchmark_alpha001_alpha0p01_train100_test100_case0_fpp_saa_fpp_base_dominator,2026-05-20T19:44:52Z,Sub20,FPP-SAA,0.01000000,4,100,100,expected_burned_area,8;13;22;26;32;36;51;54;62;63;71;85;88;89;96;98;116;125;143;159;167;171;177;178;197;205;210;229;230;247;254;259;282;290;296;304;306;335;345;353;356;365;370;374;381;417;433;454;482;497;542;545;562;564;581;593;604;620;636;638;657;663;666;685;717;736;740;751;765;782;784;793;815;820;822;826;832;848;859;865;872;874;894;902;910;919;924;929;931;933;937;938;941;950;951;957;964;986;991;997,4;5;39;61;64;103;104;128;140;142;148;151;152;179;180;209;214;223;233;240;243;246;249;255;256;271;272;281;285;323;331;337;344;348;367;371;382;396;418;434;439;470;479;485;503;504;520;524;529;546;555;561;565;568;576;579;585;598;613;615;624;625;626;640;651;656;670;678;690;703;709;732;735;754;756;766;785;786;789;794;810;834;836;840;846;862;863;869;880;881;883;907;911;912;917;945;948;956;959;970,Optimal,94.30000000,94.22750000,0.00076882,14.10902991,102,0,36360,26469,0,0,0.00000000,fpp_base_dominator,base,true,false,false,false,360,360,13107,13113,0,0,0,0,0,0.00000000,13255,4166,9089,100,0,0.14449066,0.00000000,,0,0,94.30000000,0.00000000,0.00000000,pass,131;225;308;325,false,false,,,,,94.30000000,228.10000000,113.85000000,250.60000000,0.00748491,0.00881095,0.06593818,RT=0.470000;ADAG=0.530000;GDG=0.000000;NFR=0.000000;EMPTY=0.000000,RT=0.470000;ADAG=0.530000;GDG=0.000000;NFR=0.000000;EMPTY=0.000000,Cell2Fire scenarios are treated as directed propagation graphs.,"Dominator preprocessing processed 100 scenarios: DAG=100, fallback=0, aggregate_cuts=4166, individual_cuts=9089. | FPP-SAA objective is expected burned area over loaded scenarios. | Propagation constraints use y_v only when v is eligible. | FppRecourseEvaluator validation passed for final selected firebreaks. | Train reader warning: IgnitionsHistory/ignitions_log.csv has one numeric column; assuming line number is the scenario ID. | Test reader warning: IgnitionsHistory/ignitions_log.csv has one numeric column; assuming line number is the scenario ID. | Test scenarios were used only for out-of-sample evaluation."
fpp_12mode_benchmark_alpha001,0,fpp_12mode_benchmark_alpha001_alpha0p01_train100_test100_case0_fpp_saa_fpp_base_separator,2026-05-20T19:44:55Z,Sub20,FPP-SAA,0.01000000,4,100,100,expected_burned_area,8;13;22;26;32;36;51;54;62;63;71;85;88;89;96;98;116;125;143;159;167;171;177;178;197;205;210;229;230;247;254;259;282;290;296;304;306;335;345;353;356;365;370;374;381;417;433;454;482;497;542;545;562;564;581;593;604;620;636;638;657;663;666;685;717;736;740;751;765;782;784;793;815;820;822;826;832;848;859;865;872;874;894;902;910;919;924;929;931;933;937;938;941;950;951;957;964;986;991;997,4;5;39;61;64;103;104;128;140;142;148;151;152;179;180;209;214;223;233;240;243;246;249;255;256;271;272;281;285;323;331;337;344;348;367;371;382;396;418;434;439;470;479;485;503;504;520;524;529;546;555;561;565;568;576;579;585;598;613;615;624;625;626;640;651;656;670;678;690;703;709;732;735;754;756;766;785;786;789;794;810;834;836;840;846;862;863;869;880;881;883;907;911;912;917;945;948;956;959;970,Optimal,94.30000000,94.30000000,0.00000000,2.67118525,1,0,36360,13214,0,0,0.00000000,fpp_base_separator,base,false,true,false,false,360,360,13107,13113,0,600,3,0,0,0.33823734,0,0,0,0,0,0.00000000,0.00000000,,0,0,94.30000000,0.00000000,0.00000000,pass,131;225;308;325,false,false,,,,,94.30000000,228.10000000,113.85000000,250.60000000,0.01009369,0.01203808,0.05652885,RT=0.470000;ADAG=0.530000;GDG=0.000000;NFR=0.000000;EMPTY=0.000000,RT=0.470000;ADAG=0.530000;GDG=0.000000;NFR=0.000000;EMPTY=0.000000,Cell2Fire scenarios are treated as directed propagation graphs.,"Separator context callback enabled; CPLEX Threads forced to 1 for deterministic cut-cache safety. | Separator cuts registered through the CPLEX generic relaxation context callback. | Separator callback stats: invocations=3, min_cut_calls=600, cuts_added=0, duplicates_skipped=0, large_cuts_skipped=0. | FPP-SAA objective is expected burned area over loaded scenarios. | Propagation constraints use y_v only when v is eligible. | FppRecourseEvaluator validation passed for final selected firebreaks. | Train reader warning: IgnitionsHistory/ignitions_log.csv has one numeric column; assuming line number is the scenario ID. | Test reader warning: IgnitionsHistory/ignitions_log.csv has one numeric column; assuming line number is the scenario ID. | Test scenarios were used only for out-of-sample evaluation."
fpp_12mode_benchmark_alpha001,0,fpp_12mode_benchmark_alpha001_alpha0p01_train100_test100_case0_fpp_saa_fpp_base_dominator_separator,2026-05-20T19:45:10Z,Sub20,FPP-SAA,0.01000000,4,100,100,expected_burned_area,8;13;22;26;32;36;51;54;62;63;71;85;88;89;96;98;116;125;143;159;167;171;177;178;197;205;210;229;230;247;254;259;282;290;296;304;306;335;345;353;356;365;370;374;381;417;433;454;482;497;542;545;562;564;581;593;604;620;636;638;657;663;666;685;717;736;740;751;765;782;784;793;815;820;822;826;832;848;859;865;872;874;894;902;910;919;924;929;931;933;937;938;941;950;951;957;964;986;991;997,4;5;39;61;64;103;104;128;140;142;148;151;152;179;180;209;214;223;233;240;243;246;249;255;256;271;272;281;285;323;331;337;344;348;367;371;382;396;418;434;439;470;479;485;503;504;520;524;529;546;555;561;565;568;576;579;585;598;613;615;624;625;626;640;651;656;670;678;690;703;709;732;735;754;756;766;785;786;789;794;810;834;836;840;846;862;863;869;880;881;883;907;911;912;917;945;948;956;959;970,Optimal,94.30000000,94.22750000,0.00076882,14.61727311,102,0,36360,26469,0,0,0.00000000,fpp_base_dominator_separator,base,true,true,false,false,360,360,13107,13113,0,200,1,0,0,0.11950437,13255,4166,9089,100,0,0.15162463,0.00000000,,0,0,94.30000000,0.00000000,0.00000000,pass,131;225;308;325,false,false,,,,,94.30000000,228.10000000,113.85000000,250.60000000,0.00818324,0.00972109,0.07344529,RT=0.470000;ADAG=0.530000;GDG=0.000000;NFR=0.000000;EMPTY=0.000000,RT=0.470000;ADAG=0.530000;GDG=0.000000;NFR=0.000000;EMPTY=0.000000,Cell2Fire scenarios are treated as directed propagation graphs.,"Dominator preprocessing processed 100 scenarios: DAG=100, fallback=0, aggregate_cuts=4166, individual_cuts=9089. | Separator context callback enabled; CPLEX Threads forced to 1 for deterministic cut-cache safety. | Separator cuts registered through the CPLEX generic relaxation context callback. | Separator callback stats: invocations=1, min_cut_calls=200, cuts_added=0, duplicates_skipped=0, large_cuts_skipped=0. | FPP-SAA objective is expected burned area over loaded scenarios. | Propagation constraints use y_v only when v is eligible. | FppRecourseEvaluator validation passed for final selected firebreaks. | Train reader warning: IgnitionsHistory/ignitions_log.csv has one numeric column; assuming line number is the scenario ID. | Test reader warning: IgnitionsHistory/ignitions_log.csv has one numeric column; assuming line number is the scenario ID. | Test scenarios were used only for out-of-sample evaluation."
fpp_12mode_benchmark_alpha001,0,fpp_12mode_benchmark_alpha001_alpha0p01_train100_test100_case0_fpp_saa_fpp_base_dominator_separator_greedy,2026-05-20T19:45:26Z,Sub20,FPP-SAA,0.01000000,4,100,100,expected_burned_area,8;13;22;26;32;36;51;54;62;63;71;85;88;89;96;98;116;125;143;159;167;171;177;178;197;205;210;229;230;247;254;259;282;290;296;304;306;335;345;353;356;365;370;374;381;417;433;454;482;497;542;545;562;564;581;593;604;620;636;638;657;663;666;685;717;736;740;751;765;782;784;793;815;820;822;826;832;848;859;865;872;874;894;902;910;919;924;929;931;933;937;938;941;950;951;957;964;986;991;997,4;5;39;61;64;103;104;128;140;142;148;151;152;179;180;209;214;223;233;240;243;246;249;255;256;271;272;281;285;323;331;337;344;348;367;371;382;396;418;434;439;470;479;485;503;504;520;524;529;546;555;561;565;568;576;579;585;598;613;615;624;625;626;640;651;656;670;678;690;703;709;732;735;754;756;766;785;786;789;794;810;834;836;840;846;862;863;869;880;881;883;907;911;912;917;945;948;956;959;970,Optimal,94.30000000,94.22750000,0.00076882,14.40286211,102,0,36360,26469,0,0,0.00000000,fpp_base_dominator_separator_greedy,base,true,true,true,false,360,360,13107,13113,0,200,1,0,0,0.09927600,13255,4166,9089,100,0,0.12804389,0.28528226,98.90000000,200,4,94.30000000,0.00000000,0.00000000,pass,131;225;308;325,true,true,reachability-greedy-warm-start,264;248;325;130,,Warm start generated by reachability-greedy FPP recourse heuristic. | Reachability-greedy empty objective: 131.07. | Reachability-greedy final objective: 98.9. | Reachability-greedy exact marginal evaluations: 200. | Warm start status: Ready.,94.30000000,228.10000000,113.85000000,250.60000000,0.00845055,0.01018800,0.05928112,RT=0.470000;ADAG=0.530000;GDG=0.000000;NFR=0.000000;EMPTY=0.000000,RT=0.470000;ADAG=0.530000;GDG=0.000000;NFR=0.000000;EMPTY=0.000000,Cell2Fire scenarios are treated as directed propagation graphs.,"Dominator preprocessing processed 100 scenarios: DAG=100, fallback=0, aggregate_cuts=4166, individual_cuts=9089. | Separator context callback enabled; CPLEX Threads forced to 1 for deterministic cut-cache safety. | CPLEX y-only MIP start was added from warm-start solution. | Separator cuts registered through the CPLEX generic relaxation context callback. | Separator callback stats: invocations=1, min_cut_calls=200, cuts_added=0, duplicates_skipped=0, large_cuts_skipped=0. | FPP-SAA objective is expected burned area over loaded scenarios. | Propagation constraints use y_v only when v is eligible. | Reachability-greedy warm start was used as a y-only MIP start for the base FPP formulation. | Reachability-greedy warm start empty objective: 131.07. | Reachability-greedy warm start final objective: 98.9. | Reachability-greedy warm start exact marginal evaluations: 200. | FppRecourseEvaluator validation passed for final selected firebreaks. | Train reader warning: IgnitionsHistory/ignitions_log.csv has one numeric column; assuming line number is the scenario ID. | Test reader warning: IgnitionsHistory/ignitions_log.csv has one numeric column; assuming line number is the scenario ID. | Test scenarios were used only for out-of-sample evaluation."
fpp_12mode_benchmark_alpha001,0,fpp_12mode_benchmark_alpha001_alpha0p01_train100_test100_case0_fpp_saa_fpp_cut,2026-05-20T19:45:33Z,Sub20,FPP-SAA,0.01000000,4,100,100,expected_burned_area,8;13;22;26;32;36;51;54;62;63;71;85;88;89;96;98;116;125;143;159;167;171;177;178;197;205;210;229;230;247;254;259;282;290;296;304;306;335;345;353;356;365;370;374;381;417;433;454;482;497;542;545;562;564;581;593;604;620;636;638;657;663;666;685;717;736;740;751;765;782;784;793;815;820;822;826;832;848;859;865;872;874;894;902;910;919;924;929;931;933;937;938;941;950;951;957;964;986;991;997,4;5;39;61;64;103;104;128;140;142;148;151;152;179;180;209;214;223;233;240;243;246;249;255;256;271;272;281;285;323;331;337;344;348;367;371;382;396;418;434;439;470;479;485;503;504;520;524;529;546;555;561;565;568;576;579;585;598;613;615;624;625;626;640;651;656;670;678;690;703;709;732;735;754;756;766;785;786;789;794;810;834;836;840;846;862;863;869;880;881;883;907;911;912;917;945;948;956;959;970,Optimal,94.30000000,94.21333333,0.00091905,7.06913456,102,0,26574,39328,0,0,0.00000000,fpp_cut,cut,false,false,false,false,360,360,13107,13113,0,0,0,0,0,0.00000000,0,0,0,0,0,0.00000000,0.00000000,,0,0,94.30000000,0.00000000,0.00000000,pass,131;225;308;325,false,false,,,,,94.30000000,228.10000000,113.85000000,250.60000000,0.00849844,0.01023201,0.06028661,RT=0.470000;ADAG=0.530000;GDG=0.000000;NFR=0.000000;EMPTY=0.000000,RT=0.470000;ADAG=0.530000;GDG=0.000000;NFR=0.000000;EMPTY=0.000000,Cell2Fire scenarios are treated as directed propagation graphs.,"FPP cut/reachability post-solve recourse validation matched the solver objective. | FPP cut/reachability objective is expected burned area over observed scenario nodes. | x and q variables are continuous in [0,1]; y variables are binary for eligible nodes. | Root nodes are forced to burn and propagate even if selected as firebreaks. | Non-eligible non-root nodes use x_v >= q_v because no y_v variable exists. | FppRecourseEvaluator validation passed for final selected firebreaks. | Train reader warning: IgnitionsHistory/ignitions_log.csv has one numeric column; assuming line number is the scenario ID. | Test reader warning: IgnitionsHistory/ignitions_log.csv has one numeric column; assuming line number is the scenario ID. | Test scenarios were used only for out-of-sample evaluation."
fpp_12mode_benchmark_alpha001,0,fpp_12mode_benchmark_alpha001_alpha0p01_train100_test100_case0_fpp_saa_fpp_cut_greedy,2026-05-20T19:45:41Z,Sub20,FPP-SAA,0.01000000,4,100,100,expected_burned_area,8;13;22;26;32;36;51;54;62;63;71;85;88;89;96;98;116;125;143;159;167;171;177;178;197;205;210;229;230;247;254;259;282;290;296;304;306;335;345;353;356;365;370;374;381;417;433;454;482;497;542;545;562;564;581;593;604;620;636;638;657;663;666;685;717;736;740;751;765;782;784;793;815;820;822;826;832;848;859;865;872;874;894;902;910;919;924;929;931;933;937;938;941;950;951;957;964;986;991;997,4;5;39;61;64;103;104;128;140;142;148;151;152;179;180;209;214;223;233;240;243;246;249;255;256;271;272;281;285;323;331;337;344;348;367;371;382;396;418;434;439;470;479;485;503;504;520;524;529;546;555;561;565;568;576;579;585;598;613;615;624;625;626;640;651;656;670;678;690;703;709;732;735;754;756;766;785;786;789;794;810;834;836;840;846;862;863;869;880;881;883;907;911;912;917;945;948;956;959;970,Optimal,94.30000000,94.21333333,0.00091905,6.65501895,102,0,26574,39328,0,0,0.00000000,fpp_cut_greedy,cut,false,false,true,false,360,360,13107,13113,0,0,0,0,0,0.00000000,0,0,0,0,0,0.00000000,0.28107205,98.90000000,200,4,94.30000000,0.00000000,0.00000000,pass,131;225;308;325,true,true,reachability-greedy-warm-start,264;248;325;130,,Warm start generated by reachability-greedy FPP recourse heuristic. | Reachability-greedy empty objective: 131.07. | Reachability-greedy final objective: 98.9. | Reachability-greedy exact marginal evaluations: 200. | Warm start status: Ready.,94.30000000,228.10000000,113.85000000,250.60000000,0.00894386,0.01067175,0.06565071,RT=0.470000;ADAG=0.530000;GDG=0.000000;NFR=0.000000;EMPTY=0.000000,RT=0.470000;ADAG=0.530000;GDG=0.000000;NFR=0.000000;EMPTY=0.000000,Cell2Fire scenarios are treated as directed propagation graphs.,"Cut/reachability MIP start values were generated from FppRecourseEvaluator and passed feasibility checks. | CPLEX full cut/reachability MIP start was added from warm-start solution with y/x/q values and recourse objective 98.9. | FPP cut/reachability post-solve recourse validation matched the solver objective. | FPP cut/reachability objective is expected burned area over observed scenario nodes. | x and q variables are continuous in [0,1]; y variables are binary for eligible nodes. | Root nodes are forced to burn and propagate even if selected as firebreaks. | Non-eligible non-root nodes use x_v >= q_v because no y_v variable exists. | Reachability-greedy warm start was used as a full y/x/q MIP start for the cut FPP formulation. | Reachability-greedy warm start empty objective: 131.07. | Reachability-greedy warm start final objective: 98.9. | Reachability-greedy warm start exact marginal evaluations: 200. | FppRecourseEvaluator validation passed for final selected firebreaks. | Train reader warning: IgnitionsHistory/ignitions_log.csv has one numeric column; assuming line number is the scenario ID. | Test reader warning: IgnitionsHistory/ignitions_log.csv has one numeric column; assuming line number is the scenario ID. | Test scenarios were used only for out-of-sample evaluation."
fpp_12mode_benchmark_alpha001,0,fpp_12mode_benchmark_alpha001_alpha0p01_train100_test100_case0_fpp_saa_fpp_cut_dominator,2026-05-20T19:45:54Z,Sub20,FPP-SAA,0.01000000,4,100,100,expected_burned_area,8;13;22;26;32;36;51;54;62;63;71;85;88;89;96;98;116;125;143;159;167;171;177;178;197;205;210;229;230;247;254;259;282;290;296;304;306;335;345;353;356;365;370;374;381;417;433;454;482;497;542;545;562;564;581;593;604;620;636;638;657;663;666;685;717;736;740;751;765;782;784;793;815;820;822;826;832;848;859;865;872;874;894;902;910;919;924;929;931;933;937;938;941;950;951;957;964;986;991;997,4;5;39;61;64;103;104;128;140;142;148;151;152;179;180;209;214;223;233;240;243;246;249;255;256;271;272;281;285;323;331;337;344;348;367;371;382;396;418;434;439;470;479;485;503;504;520;524;529;546;555;561;565;568;576;579;585;598;613;615;624;625;626;640;651;656;670;678;690;703;709;732;735;754;756;766;785;786;789;794;810;834;836;840;846;862;863;869;880;881;883;907;911;912;917;945;948;956;959;970,Optimal,94.30000000,94.24500000,0.00058324,12.60367540,102,0,26574,52471,0,0,0.00000000,fpp_cut_dominator,cut,true,false,false,false,360,360,13107,13113,0,0,0,0,0,0.00000000,13143,4166,8977,100,0,0.12694562,0.00000000,,0,0,94.30000000,0.00000000,0.00000000,pass,131;225;308;325,false,false,,,,,94.30000000,228.10000000,113.85000000,250.60000000,0.01072313,0.01241012,0.06547786,RT=0.470000;ADAG=0.530000;GDG=0.000000;NFR=0.000000;EMPTY=0.000000,RT=0.470000;ADAG=0.530000;GDG=0.000000;NFR=0.000000;EMPTY=0.000000,Cell2Fire scenarios are treated as directed propagation graphs.,"Dominator preprocessing processed 100 scenarios: DAG=100, fallback=0, aggregate_cuts=4166, individual_cuts=8977. | FPP cut/reachability post-solve recourse validation matched the solver objective. | FPP cut/reachability objective is expected burned area over observed scenario nodes. | x and q variables are continuous in [0,1]; y variables are binary for eligible nodes. | Root nodes are forced to burn and propagate even if selected as firebreaks. | Non-eligible non-root nodes use x_v >= q_v because no y_v variable exists. | FppRecourseEvaluator validation passed for final selected firebreaks. | Train reader warning: IgnitionsHistory/ignitions_log.csv has one numeric column; assuming line number is the scenario ID. | Test reader warning: IgnitionsHistory/ignitions_log.csv has one numeric column; assuming line number is the scenario ID. | Test scenarios were used only for out-of-sample evaluation."
fpp_12mode_benchmark_alpha001,0,fpp_12mode_benchmark_alpha001_alpha0p01_train100_test100_case0_fpp_saa_fpp_cut_separator,2026-05-20T19:46:01Z,Sub20,FPP-SAA,0.01000000,4,100,100,expected_burned_area,8;13;22;26;32;36;51;54;62;63;71;85;88;89;96;98;116;125;143;159;167;171;177;178;197;205;210;229;230;247;254;259;282;290;296;304;306;335;345;353;356;365;370;374;381;417;433;454;482;497;542;545;562;564;581;593;604;620;636;638;657;663;666;685;717;736;740;751;765;782;784;793;815;820;822;826;832;848;859;865;872;874;894;902;910;919;924;929;931;933;937;938;941;950;951;957;964;986;991;997,4;5;39;61;64;103;104;128;140;142;148;151;152;179;180;209;214;223;233;240;243;246;249;255;256;271;272;281;285;323;331;337;344;348;367;371;382;396;418;434;439;470;479;485;503;504;520;524;529;546;555;561;565;568;576;579;585;598;613;615;624;625;626;640;651;656;670;678;690;703;709;732;735;754;756;766;785;786;789;794;810;834;836;840;846;862;863;869;880;881;883;907;911;912;917;945;948;956;959;970,Optimal,94.30000000,94.21333333,0.00091905,7.00080005,102,0,26574,39328,0,0,0.00000000,fpp_cut_separator,cut,false,true,false,false,360,360,13107,13113,0,400,2,0,0,0.18145709,0,0,0,0,0,0.00000000,0.00000000,,0,0,94.30000000,0.00000000,0.00000000,pass,131;225;308;325,false,false,,,,,94.30000000,228.10000000,113.85000000,250.60000000,0.00848777,0.01017301,0.06222575,RT=0.470000;ADAG=0.530000;GDG=0.000000;NFR=0.000000;EMPTY=0.000000,RT=0.470000;ADAG=0.530000;GDG=0.000000;NFR=0.000000;EMPTY=0.000000,Cell2Fire scenarios are treated as directed propagation graphs.,"Separator context callback enabled; CPLEX Threads forced to 1 for deterministic cut-cache safety. | Separator cuts registered through the CPLEX generic relaxation context callback. | Separator callback stats: invocations=2, min_cut_calls=400, cuts_added=0, duplicates_skipped=0, large_cuts_skipped=0. | FPP cut/reachability post-solve recourse validation matched the solver objective. | FPP cut/reachability objective is expected burned area over observed scenario nodes. | x and q variables are continuous in [0,1]; y variables are binary for eligible nodes. | Root nodes are forced to burn and propagate even if selected as firebreaks. | Non-eligible non-root nodes use x_v >= q_v because no y_v variable exists. | FppRecourseEvaluator validation passed for final selected firebreaks. | Train reader warning: IgnitionsHistory/ignitions_log.csv has one numeric column; assuming line number is the scenario ID. | Test reader warning: IgnitionsHistory/ignitions_log.csv has one numeric column; assuming line number is the scenario ID. | Test scenarios were used only for out-of-sample evaluation."
fpp_12mode_benchmark_alpha001,0,fpp_12mode_benchmark_alpha001_alpha0p01_train100_test100_case0_fpp_saa_fpp_cut_dominator_separator,2026-05-20T19:46:13Z,Sub20,FPP-SAA,0.01000000,4,100,100,expected_burned_area,8;13;22;26;32;36;51;54;62;63;71;85;88;89;96;98;116;125;143;159;167;171;177;178;197;205;210;229;230;247;254;259;282;290;296;304;306;335;345;353;356;365;370;374;381;417;433;454;482;497;542;545;562;564;581;593;604;620;636;638;657;663;666;685;717;736;740;751;765;782;784;793;815;820;822;826;832;848;859;865;872;874;894;902;910;919;924;929;931;933;937;938;941;950;951;957;964;986;991;997,4;5;39;61;64;103;104;128;140;142;148;151;152;179;180;209;214;223;233;240;243;246;249;255;256;271;272;281;285;323;331;337;344;348;367;371;382;396;418;434;439;470;479;485;503;504;520;524;529;546;555;561;565;568;576;579;585;598;613;615;624;625;626;640;651;656;670;678;690;703;709;732;735;754;756;766;785;786;789;794;810;834;836;840;846;862;863;869;880;881;883;907;911;912;917;945;948;956;959;970,Optimal,94.30000000,94.24500000,0.00058324,10.56434623,102,0,26574,52471,0,0,0.00000000,fpp_cut_dominator_separator,cut,true,true,false,false,360,360,13107,13113,0,400,2,0,0,0.18487462,13143,4166,8977,100,0,0.12278696,0.00000000,,0,0,94.30000000,0.00000000,0.00000000,pass,131;225;308;325,false,false,,,,,94.30000000,228.10000000,113.85000000,250.60000000,0.00806928,0.00976787,0.06228836,RT=0.470000;ADAG=0.530000;GDG=0.000000;NFR=0.000000;EMPTY=0.000000,RT=0.470000;ADAG=0.530000;GDG=0.000000;NFR=0.000000;EMPTY=0.000000,Cell2Fire scenarios are treated as directed propagation graphs.,"Dominator preprocessing processed 100 scenarios: DAG=100, fallback=0, aggregate_cuts=4166, individual_cuts=8977. | Separator context callback enabled; CPLEX Threads forced to 1 for deterministic cut-cache safety. | Separator cuts registered through the CPLEX generic relaxation context callback. | Separator callback stats: invocations=2, min_cut_calls=400, cuts_added=0, duplicates_skipped=0, large_cuts_skipped=0. | FPP cut/reachability post-solve recourse validation matched the solver objective. | FPP cut/reachability objective is expected burned area over observed scenario nodes. | x and q variables are continuous in [0,1]; y variables are binary for eligible nodes. | Root nodes are forced to burn and propagate even if selected as firebreaks. | Non-eligible non-root nodes use x_v >= q_v because no y_v variable exists. | FppRecourseEvaluator validation passed for final selected firebreaks. | Train reader warning: IgnitionsHistory/ignitions_log.csv has one numeric column; assuming line number is the scenario ID. | Test reader warning: IgnitionsHistory/ignitions_log.csv has one numeric column; assuming line number is the scenario ID. | Test scenarios were used only for out-of-sample evaluation."
fpp_12mode_benchmark_alpha001,0,fpp_12mode_benchmark_alpha001_alpha0p01_train100_test100_case0_fpp_saa_fpp_cut_dominator_separator_greedy,2026-05-20T19:46:19Z,Sub20,FPP-SAA,0.01000000,4,100,100,expected_burned_area,8;13;22;26;32;36;51;54;62;63;71;85;88;89;96;98;116;125;143;159;167;171;177;178;197;205;210;229;230;247;254;259;282;290;296;304;306;335;345;353;356;365;370;374;381;417;433;454;482;497;542;545;562;564;581;593;604;620;636;638;657;663;666;685;717;736;740;751;765;782;784;793;815;820;822;826;832;848;859;865;872;874;894;902;910;919;924;929;931;933;937;938;941;950;951;957;964;986;991;997,4;5;39;61;64;103;104;128;140;142;148;151;152;179;180;209;214;223;233;240;243;246;249;255;256;271;272;281;285;323;331;337;344;348;367;371;382;396;418;434;439;470;479;485;503;504;520;524;529;546;555;561;565;568;576;579;585;598;613;615;624;625;626;640;651;656;670;678;690;703;709;732;735;754;756;766;785;786;789;794;810;834;836;840;846;862;863;869;880;881;883;907;911;912;917;945;948;956;959;970,Optimal,94.30000000,94.24500000,0.00058324,5.54081464,102,0,26574,52471,0,0,0.00000000,fpp_cut_dominator_separator_greedy,cut,true,true,true,false,360,360,13107,13113,0,400,2,0,0,0.09920136,13143,4166,8977,100,0,0.06391447,0.16360180,98.90000000,200,4,94.30000000,0.00000000,0.00000000,pass,131;225;308;325,true,true,reachability-greedy-warm-start,264;248;325;130,,Warm start generated by reachability-greedy FPP recourse heuristic. | Reachability-greedy empty objective: 131.07. | Reachability-greedy final objective: 98.9. | Reachability-greedy exact marginal evaluations: 200. | Warm start status: Ready.,94.30000000,228.10000000,113.85000000,250.60000000,0.00424250,0.00517518,0.06588334,RT=0.470000;ADAG=0.530000;GDG=0.000000;NFR=0.000000;EMPTY=0.000000,RT=0.470000;ADAG=0.530000;GDG=0.000000;NFR=0.000000;EMPTY=0.000000,Cell2Fire scenarios are treated as directed propagation graphs.,"Dominator preprocessing processed 100 scenarios: DAG=100, fallback=0, aggregate_cuts=4166, individual_cuts=8977. | Separator context callback enabled; CPLEX Threads forced to 1 for deterministic cut-cache safety. | Cut/reachability MIP start values were generated from FppRecourseEvaluator and passed feasibility checks. | CPLEX full cut/reachability MIP start was added from warm-start solution with y/x/q values and recourse objective 98.9. | Separator cuts registered through the CPLEX generic relaxation context callback. | Separator callback stats: invocations=2, min_cut_calls=400, cuts_added=0, duplicates_skipped=0, large_cuts_skipped=0. | FPP cut/reachability post-solve recourse validation matched the solver objective. | FPP cut/reachability objective is expected burned area over observed scenario nodes. | x and q variables are continuous in [0,1]; y variables are binary for eligible nodes. | Root nodes are forced to burn and propagate even if selected as firebreaks. | Non-eligible non-root nodes use x_v >= q_v because no y_v variable exists. | Reachability-greedy warm start was used as a full y/x/q MIP start for the cut FPP formulation. | Reachability-greedy warm start empty objective: 131.07. | Reachability-greedy warm start final objective: 98.9. | Reachability-greedy warm start exact marginal evaluations: 200. | FppRecourseEvaluator validation passed for final selected firebreaks. | Train reader warning: IgnitionsHistory/ignitions_log.csv has one numeric column; assuming line number is the scenario ID. | Test reader warning: IgnitionsHistory/ignitions_log.csv has one numeric column; assuming line number is the scenario ID. | Test scenarios were used only for out-of-sample evaluation."
fpp_12mode_benchmark_alpha001,1,fpp_12mode_benchmark_alpha001_alpha0p01_train100_test100_case1_fpp_saa_fpp_base,2026-05-20T19:46:20Z,Sub20,FPP-SAA,0.01000000,4,100,100,expected_burned_area,10;23;64;76;80;86;99;105;119;124;126;127;149;153;155;157;167;182;187;196;201;217;219;228;231;232;237;315;324;327;332;345;357;366;368;374;375;382;398;399;401;409;416;424;435;440;441;458;470;474;480;484;504;512;515;519;529;549;555;558;580;593;607;610;624;655;668;699;702;719;726;752;768;782;787;793;798;799;807;808;820;848;851;860;876;878;890;895;904;907;910;916;923;933;950;961;965;975;985;990,2;18;22;25;26;31;32;37;40;50;69;91;92;96;102;111;120;128;132;135;145;147;154;159;177;178;185;189;199;204;207;209;213;214;238;240;244;246;253;258;287;295;314;318;319;354;355;365;391;406;422;425;488;502;505;522;527;538;539;542;568;571;573;576;577;587;589;595;616;618;628;631;667;707;713;721;750;754;766;800;801;803;804;812;826;835;836;839;853;859;864;871;899;909;912;949;954;971;994;998,Optimal,90.77000000,90.77000000,0.00000000,0.98670602,1,0,36360,12573,0,0,0.00000000,fpp_base,base,false,false,false,false,360,360,12484,12472,0,0,0,0,0,0.00000000,0,0,0,0,0,0.00000000,0.00000000,,0,0,90.77000000,0.00000000,0.00000000,pass,171;245;273;326,false,false,,,,,90.77000000,223.10000000,101.24000000,250.20000000,0.00503036,0.00490270,0.03097814,RT=0.550000;ADAG=0.450000;GDG=0.000000;NFR=0.000000;EMPTY=0.000000,RT=0.500000;ADAG=0.490000;GDG=0.000000;NFR=0.000000;EMPTY=0.010000,Cell2Fire scenarios are treated as directed propagation graphs.,FPP-SAA objective is expected burned area over loaded scenarios. | Propagation constraints use y_v only when v is eligible. | FppRecourseEvaluator validation passed for final selected firebreaks. | Train reader warning: IgnitionsHistory/ignitions_log.csv has one numeric column; assuming line number is the scenario ID. | Test reader warning: IgnitionsHistory/ignitions_log.csv has one numeric column; assuming line number is the scenario ID. | Test reader warning: No arcs parsed from MessagesFile0616.csv. | Test scenarios were used only for out-of-sample evaluation.
fpp_12mode_benchmark_alpha001,1,fpp_12mode_benchmark_alpha001_alpha0p01_train100_test100_case1_fpp_saa_fpp_base_greedy,2026-05-20T19:46:22Z,Sub20,FPP-SAA,0.01000000,4,100,100,expected_burned_area,10;23;64;76;80;86;99;105;119;124;126;127;149;153;155;157;167;182;187;196;201;217;219;228;231;232;237;315;324;327;332;345;357;366;368;374;375;382;398;399;401;409;416;424;435;440;441;458;470;474;480;484;504;512;515;519;529;549;555;558;580;593;607;610;624;655;668;699;702;719;726;752;768;782;787;793;798;799;807;808;820;848;851;860;876;878;890;895;904;907;910;916;923;933;950;961;965;975;985;990,2;18;22;25;26;31;32;37;40;50;69;91;92;96;102;111;120;128;132;135;145;147;154;159;177;178;185;189;199;204;207;209;213;214;238;240;244;246;253;258;287;295;314;318;319;354;355;365;391;406;422;425;488;502;505;522;527;538;539;542;568;571;573;576;577;587;589;595;616;618;628;631;667;707;713;721;750;754;766;800;801;803;804;812;826;835;836;839;853;859;864;871;899;909;912;949;954;971;994;998,Optimal,90.77000000,90.77000000,0.00000000,1.10915024,1,0,36360,12573,0,0,0.00000000,fpp_base_greedy,base,false,false,true,false,360,360,12484,12472,0,0,0,0,0,0.00000000,0,0,0,0,0,0.00000000,0.15031790,93.91000000,200,4,90.77000000,0.00000000,0.00000000,pass,171;245;273;326,true,true,reachability-greedy-warm-start,264;344;206;131,,Warm start generated by reachability-greedy FPP recourse heuristic. | Reachability-greedy empty objective: 124.84. | Reachability-greedy final objective: 93.91. | Reachability-greedy exact marginal evaluations: 200. | Warm start status: Ready.,90.77000000,223.10000000,101.24000000,250.20000000,0.00425736,0.00485767,0.03196840,RT=0.550000;ADAG=0.450000;GDG=0.000000;NFR=0.000000;EMPTY=0.000000,RT=0.500000;ADAG=0.490000;GDG=0.000000;NFR=0.000000;EMPTY=0.010000,Cell2Fire scenarios are treated as directed propagation graphs.,CPLEX y-only MIP start was added from warm-start solution. | FPP-SAA objective is expected burned area over loaded scenarios. | Propagation constraints use y_v only when v is eligible. | Reachability-greedy warm start was used as a y-only MIP start for the base FPP formulation. | Reachability-greedy warm start empty objective: 124.84. | Reachability-greedy warm start final objective: 93.91. | Reachability-greedy warm start exact marginal evaluations: 200. | FppRecourseEvaluator validation passed for final selected firebreaks. | Train reader warning: IgnitionsHistory/ignitions_log.csv has one numeric column; assuming line number is the scenario ID. | Test reader warning: IgnitionsHistory/ignitions_log.csv has one numeric column; assuming line number is the scenario ID. | Test reader warning: No arcs parsed from MessagesFile0616.csv. | Test scenarios were used only for out-of-sample evaluation.
fpp_12mode_benchmark_alpha001,1,fpp_12mode_benchmark_alpha001_alpha0p01_train100_test100_case1_fpp_saa_fpp_base_dominator,2026-05-20T19:46:28Z,Sub20,FPP-SAA,0.01000000,4,100,100,expected_burned_area,10;23;64;76;80;86;99;105;119;124;126;127;149;153;155;157;167;182;187;196;201;217;219;228;231;232;237;315;324;327;332;345;357;366;368;374;375;382;398;399;401;409;416;424;435;440;441;458;470;474;480;484;504;512;515;519;529;549;555;558;580;593;607;610;624;655;668;699;702;719;726;752;768;782;787;793;798;799;807;808;820;848;851;860;876;878;890;895;904;907;910;916;923;933;950;961;965;975;985;990,2;18;22;25;26;31;32;37;40;50;69;91;92;96;102;111;120;128;132;135;145;147;154;159;177;178;185;189;199;204;207;209;213;214;238;240;244;246;253;258;287;295;314;318;319;354;355;365;391;406;422;425;488;502;505;522;527;538;539;542;568;571;573;576;577;587;589;595;616;618;628;631;667;707;713;721;750;754;766;800;801;803;804;812;826;835;836;839;853;859;864;871;899;909;912;949;954;971;994;998,Optimal,90.77000000,90.77000000,0.00000000,5.93392353,1,0,36360,25259,0,0,0.00000000,fpp_base_dominator,base,true,false,false,false,360,360,12484,12472,0,0,0,0,0,0.00000000,12686,3883,8803,100,0,0.06754779,0.00000000,,0,0,90.77000000,0.00000000,0.00000000,pass,171;245;273;326,false,false,,,,,90.77000000,223.10000000,101.24000000,250.20000000,0.00447327,0.00498338,0.03181729,RT=0.550000;ADAG=0.450000;GDG=0.000000;NFR=0.000000;EMPTY=0.000000,RT=0.500000;ADAG=0.490000;GDG=0.000000;NFR=0.000000;EMPTY=0.010000,Cell2Fire scenarios are treated as directed propagation graphs.,"Dominator preprocessing processed 100 scenarios: DAG=100, fallback=0, aggregate_cuts=3883, individual_cuts=8803. | FPP-SAA objective is expected burned area over loaded scenarios. | Propagation constraints use y_v only when v is eligible. | FppRecourseEvaluator validation passed for final selected firebreaks. | Train reader warning: IgnitionsHistory/ignitions_log.csv has one numeric column; assuming line number is the scenario ID. | Test reader warning: IgnitionsHistory/ignitions_log.csv has one numeric column; assuming line number is the scenario ID. | Test reader warning: No arcs parsed from MessagesFile0616.csv. | Test scenarios were used only for out-of-sample evaluation."
fpp_12mode_benchmark_alpha001,1,fpp_12mode_benchmark_alpha001_alpha0p01_train100_test100_case1_fpp_saa_fpp_base_separator,2026-05-20T19:46:30Z,Sub20,FPP-SAA,0.01000000,4,100,100,expected_burned_area,10;23;64;76;80;86;99;105;119;124;126;127;149;153;155;157;167;182;187;196;201;217;219;228;231;232;237;315;324;327;332;345;357;366;368;374;375;382;398;399;401;409;416;424;435;440;441;458;470;474;480;484;504;512;515;519;529;549;555;558;580;593;607;610;624;655;668;699;702;719;726;752;768;782;787;793;798;799;807;808;820;848;851;860;876;878;890;895;904;907;910;916;923;933;950;961;965;975;985;990,2;18;22;25;26;31;32;37;40;50;69;91;92;96;102;111;120;128;132;135;145;147;154;159;177;178;185;189;199;204;207;209;213;214;238;240;244;246;253;258;287;295;314;318;319;354;355;365;391;406;422;425;488;502;505;522;527;538;539;542;568;571;573;576;577;587;589;595;616;618;628;631;667;707;713;721;750;754;766;800;801;803;804;812;826;835;836;839;853;859;864;871;899;909;912;949;954;971;994;998,Optimal,90.77000000,90.77000000,0.00000000,1.73109586,1,0,36360,12573,0,0,0.00000000,fpp_base_separator,base,false,true,false,false,360,360,12484,12472,0,800,4,0,0,0.36402223,0,0,0,0,0,0.00000000,0.00000000,,0,0,90.77000000,0.00000000,0.00000000,pass,171;245;273;326,false,false,,,,,90.77000000,223.10000000,101.24000000,250.20000000,0.00860845,0.00952123,0.03392297,RT=0.550000;ADAG=0.450000;GDG=0.000000;NFR=0.000000;EMPTY=0.000000,RT=0.500000;ADAG=0.490000;GDG=0.000000;NFR=0.000000;EMPTY=0.010000,Cell2Fire scenarios are treated as directed propagation graphs.,"Separator context callback enabled; CPLEX Threads forced to 1 for deterministic cut-cache safety. | Separator cuts registered through the CPLEX generic relaxation context callback. | Separator callback stats: invocations=4, min_cut_calls=800, cuts_added=0, duplicates_skipped=0, large_cuts_skipped=0. | FPP-SAA objective is expected burned area over loaded scenarios. | Propagation constraints use y_v only when v is eligible. | FppRecourseEvaluator validation passed for final selected firebreaks. | Train reader warning: IgnitionsHistory/ignitions_log.csv has one numeric column; assuming line number is the scenario ID. | Test reader warning: IgnitionsHistory/ignitions_log.csv has one numeric column; assuming line number is the scenario ID. | Test reader warning: No arcs parsed from MessagesFile0616.csv. | Test scenarios were used only for out-of-sample evaluation."
fpp_12mode_benchmark_alpha001,1,fpp_12mode_benchmark_alpha001_alpha0p01_train100_test100_case1_fpp_saa_fpp_base_dominator_separator,2026-05-20T19:46:44Z,Sub20,FPP-SAA,0.01000000,4,100,100,expected_burned_area,10;23;64;76;80;86;99;105;119;124;126;127;149;153;155;157;167;182;187;196;201;217;219;228;231;232;237;315;324;327;332;345;357;366;368;374;375;382;398;399;401;409;416;424;435;440;441;458;470;474;480;484;504;512;515;519;529;549;555;558;580;593;607;610;624;655;668;699;702;719;726;752;768;782;787;793;798;799;807;808;820;848;851;860;876;878;890;895;904;907;910;916;923;933;950;961;965;975;985;990,2;18;22;25;26;31;32;37;40;50;69;91;92;96;102;111;120;128;132;135;145;147;154;159;177;178;185;189;199;204;207;209;213;214;238;240;244;246;253;258;287;295;314;318;319;354;355;365;391;406;422;425;488;502;505;522;527;538;539;542;568;571;573;576;577;587;589;595;616;618;628;631;667;707;713;721;750;754;766;800;801;803;804;812;826;835;836;839;853;859;864;871;899;909;912;949;954;971;994;998,Optimal,90.77000000,90.77000000,0.00000000,13.07710995,1,0,36360,25259,0,0,0.00000000,fpp_base_dominator_separator,base,true,true,false,false,360,360,12484,12472,0,600,3,0,0,0.29425018,12686,3883,8803,100,0,0.15297163,0.00000000,,0,0,90.77000000,0.00000000,0.00000000,pass,171;245;273;326,false,false,,,,,90.77000000,223.10000000,101.24000000,250.20000000,0.00858366,0.00956099,0.07148652,RT=0.550000;ADAG=0.450000;GDG=0.000000;NFR=0.000000;EMPTY=0.000000,RT=0.500000;ADAG=0.490000;GDG=0.000000;NFR=0.000000;EMPTY=0.010000,Cell2Fire scenarios are treated as directed propagation graphs.,"Dominator preprocessing processed 100 scenarios: DAG=100, fallback=0, aggregate_cuts=3883, individual_cuts=8803. | Separator context callback enabled; CPLEX Threads forced to 1 for deterministic cut-cache safety. | Separator cuts registered through the CPLEX generic relaxation context callback. | Separator callback stats: invocations=3, min_cut_calls=600, cuts_added=0, duplicates_skipped=0, large_cuts_skipped=0. | FPP-SAA objective is expected burned area over loaded scenarios. | Propagation constraints use y_v only when v is eligible. | FppRecourseEvaluator validation passed for final selected firebreaks. | Train reader warning: IgnitionsHistory/ignitions_log.csv has one numeric column; assuming line number is the scenario ID. | Test reader warning: IgnitionsHistory/ignitions_log.csv has one numeric column; assuming line number is the scenario ID. | Test reader warning: No arcs parsed from MessagesFile0616.csv. | Test scenarios were used only for out-of-sample evaluation."
fpp_12mode_benchmark_alpha001,1,fpp_12mode_benchmark_alpha001_alpha0p01_train100_test100_case1_fpp_saa_fpp_base_dominator_separator_greedy,2026-05-20T19:46:57Z,Sub20,FPP-SAA,0.01000000,4,100,100,expected_burned_area,10;23;64;76;80;86;99;105;119;124;126;127;149;153;155;157;167;182;187;196;201;217;219;228;231;232;237;315;324;327;332;345;357;366;368;374;375;382;398;399;401;409;416;424;435;440;441;458;470;474;480;484;504;512;515;519;529;549;555;558;580;593;607;610;624;655;668;699;702;719;726;752;768;782;787;793;798;799;807;808;820;848;851;860;876;878;890;895;904;907;910;916;923;933;950;961;965;975;985;990,2;18;22;25;26;31;32;37;40;50;69;91;92;96;102;111;120;128;132;135;145;147;154;159;177;178;185;189;199;204;207;209;213;214;238;240;244;246;253;258;287;295;314;318;319;354;355;365;391;406;422;425;488;502;505;522;527;538;539;542;568;571;573;576;577;587;589;595;616;618;628;631;667;707;713;721;750;754;766;800;801;803;804;812;826;835;836;839;853;859;864;871;899;909;912;949;954;971;994;998,Optimal,90.77000000,90.77000000,0.00000000,12.54036255,1,0,36360,25259,0,0,0.00000000,fpp_base_dominator_separator_greedy,base,true,true,true,false,360,360,12484,12472,0,1000,5,0,0,0.49781171,12686,3883,8803,100,0,0.11924106,0.27060883,93.91000000,200,4,90.77000000,0.00000000,0.00000000,pass,171;245;273;326,true,true,reachability-greedy-warm-start,264;344;206;131,,Warm start generated by reachability-greedy FPP recourse heuristic. | Reachability-greedy empty objective: 124.84. | Reachability-greedy final objective: 93.91. | Reachability-greedy exact marginal evaluations: 200. | Warm start status: Ready.,90.77000000,223.10000000,101.24000000,250.20000000,0.00853651,0.00962203,0.05994501,RT=0.550000;ADAG=0.450000;GDG=0.000000;NFR=0.000000;EMPTY=0.000000,RT=0.500000;ADAG=0.490000;GDG=0.000000;NFR=0.000000;EMPTY=0.010000,Cell2Fire scenarios are treated as directed propagation graphs.,"Dominator preprocessing processed 100 scenarios: DAG=100, fallback=0, aggregate_cuts=3883, individual_cuts=8803. | Separator context callback enabled; CPLEX Threads forced to 1 for deterministic cut-cache safety. | CPLEX y-only MIP start was added from warm-start solution. | Separator cuts registered through the CPLEX generic relaxation context callback. | Separator callback stats: invocations=5, min_cut_calls=1000, cuts_added=0, duplicates_skipped=0, large_cuts_skipped=0. | FPP-SAA objective is expected burned area over loaded scenarios. | Propagation constraints use y_v only when v is eligible. | Reachability-greedy warm start was used as a y-only MIP start for the base FPP formulation. | Reachability-greedy warm start empty objective: 124.84. | Reachability-greedy warm start final objective: 93.91. | Reachability-greedy warm start exact marginal evaluations: 200. | FppRecourseEvaluator validation passed for final selected firebreaks. | Train reader warning: IgnitionsHistory/ignitions_log.csv has one numeric column; assuming line number is the scenario ID. | Test reader warning: IgnitionsHistory/ignitions_log.csv has one numeric column; assuming line number is the scenario ID. | Test reader warning: No arcs parsed from MessagesFile0616.csv. | Test scenarios were used only for out-of-sample evaluation."
fpp_12mode_benchmark_alpha001,1,fpp_12mode_benchmark_alpha001_alpha0p01_train100_test100_case1_fpp_saa_fpp_cut,2026-05-20T19:47:03Z,Sub20,FPP-SAA,0.01000000,4,100,100,expected_burned_area,10;23;64;76;80;86;99;105;119;124;126;127;149;153;155;157;167;182;187;196;201;217;219;228;231;232;237;315;324;327;332;345;357;366;368;374;375;382;398;399;401;409;416;424;435;440;441;458;470;474;480;484;504;512;515;519;529;549;555;558;580;593;607;610;624;655;668;699;702;719;726;752;768;782;787;793;798;799;807;808;820;848;851;860;876;878;890;895;904;907;910;916;923;933;950;961;965;975;985;990,2;18;22;25;26;31;32;37;40;50;69;91;92;96;102;111;120;128;132;135;145;147;154;159;177;178;185;189;199;204;207;209;213;214;238;240;244;246;253;258;287;295;314;318;319;354;355;365;391;406;422;425;488;502;505;522;527;538;539;542;568;571;573;576;577;587;589;595;616;618;628;631;667;707;713;721;750;754;766;800;801;803;804;812;826;835;836;839;853;859;864;871;899;909;912;949;954;971;994;998,Optimal,90.77000000,90.72000000,0.00055084,5.17090849,102,3,25328,37441,0,0,0.00000000,fpp_cut,cut,false,false,false,false,360,360,12484,12472,0,0,0,0,0,0.00000000,0,0,0,0,0,0.00000000,0.00000000,,0,0,90.77000000,0.00000000,0.00000000,pass,171;245;273;326,false,false,,,,,90.77000000,223.10000000,101.24000000,250.20000000,0.00769161,0.00859457,0.05992705,RT=0.550000;ADAG=0.450000;GDG=0.000000;NFR=0.000000;EMPTY=0.000000,RT=0.500000;ADAG=0.490000;GDG=0.000000;NFR=0.000000;EMPTY=0.010000,Cell2Fire scenarios are treated as directed propagation graphs.,"FPP cut/reachability post-solve recourse validation matched the solver objective. | FPP cut/reachability objective is expected burned area over observed scenario nodes. | x and q variables are continuous in [0,1]; y variables are binary for eligible nodes. | Root nodes are forced to burn and propagate even if selected as firebreaks. | Non-eligible non-root nodes use x_v >= q_v because no y_v variable exists. | FppRecourseEvaluator validation passed for final selected firebreaks. | Train reader warning: IgnitionsHistory/ignitions_log.csv has one numeric column; assuming line number is the scenario ID. | Test reader warning: IgnitionsHistory/ignitions_log.csv has one numeric column; assuming line number is the scenario ID. | Test reader warning: No arcs parsed from MessagesFile0616.csv. | Test scenarios were used only for out-of-sample evaluation."
fpp_12mode_benchmark_alpha001,1,fpp_12mode_benchmark_alpha001_alpha0p01_train100_test100_case1_fpp_saa_fpp_cut_greedy,2026-05-20T19:47:08Z,Sub20,FPP-SAA,0.01000000,4,100,100,expected_burned_area,10;23;64;76;80;86;99;105;119;124;126;127;149;153;155;157;167;182;187;196;201;217;219;228;231;232;237;315;324;327;332;345;357;366;368;374;375;382;398;399;401;409;416;424;435;440;441;458;470;474;480;484;504;512;515;519;529;549;555;558;580;593;607;610;624;655;668;699;702;719;726;752;768;782;787;793;798;799;807;808;820;848;851;860;876;878;890;895;904;907;910;916;923;933;950;961;965;975;985;990,2;18;22;25;26;31;32;37;40;50;69;91;92;96;102;111;120;128;132;135;145;147;154;159;177;178;185;189;199;204;207;209;213;214;238;240;244;246;253;258;287;295;314;318;319;354;355;365;391;406;422;425;488;502;505;522;527;538;539;542;568;571;573;576;577;587;589;595;616;618;628;631;667;707;713;721;750;754;766;800;801;803;804;812;826;835;836;839;853;859;864;871;899;909;912;949;954;971;994;998,Optimal,90.77000000,90.77000000,0.00000000,4.94832999,1,3,25328,37441,0,0,0.00000000,fpp_cut_greedy,cut,false,false,true,false,360,360,12484,12472,0,0,0,0,0,0.00000000,0,0,0,0,0,0.00000000,0.27493571,93.91000000,200,4,90.77000000,0.00000000,0.00000000,pass,171;245;273;326,true,true,reachability-greedy-warm-start,264;344;206;131,,Warm start generated by reachability-greedy FPP recourse heuristic. | Reachability-greedy empty objective: 124.84. | Reachability-greedy final objective: 93.91. | Reachability-greedy exact marginal evaluations: 200. | Warm start status: Ready.,90.77000000,223.10000000,101.24000000,250.20000000,0.00772231,0.00870713,0.05704620,RT=0.550000;ADAG=0.450000;GDG=0.000000;NFR=0.000000;EMPTY=0.000000,RT=0.500000;ADAG=0.490000;GDG=0.000000;NFR=0.000000;EMPTY=0.010000,Cell2Fire scenarios are treated as directed propagation graphs.,"Cut/reachability MIP start values were generated from FppRecourseEvaluator and passed feasibility checks. | CPLEX full cut/reachability MIP start was added from warm-start solution with y/x/q values and recourse objective 93.91. | FPP cut/reachability post-solve recourse validation matched the solver objective. | FPP cut/reachability objective is expected burned area over observed scenario nodes. | x and q variables are continuous in [0,1]; y variables are binary for eligible nodes. | Root nodes are forced to burn and propagate even if selected as firebreaks. | Non-eligible non-root nodes use x_v >= q_v because no y_v variable exists. | Reachability-greedy warm start was used as a full y/x/q MIP start for the cut FPP formulation. | Reachability-greedy warm start empty objective: 124.84. | Reachability-greedy warm start final objective: 93.91. | Reachability-greedy warm start exact marginal evaluations: 200. | FppRecourseEvaluator validation passed for final selected firebreaks. | Train reader warning: IgnitionsHistory/ignitions_log.csv has one numeric column; assuming line number is the scenario ID. | Test reader warning: IgnitionsHistory/ignitions_log.csv has one numeric column; assuming line number is the scenario ID. | Test reader warning: No arcs parsed from MessagesFile0616.csv. | Test scenarios were used only for out-of-sample evaluation."
fpp_12mode_benchmark_alpha001,1,fpp_12mode_benchmark_alpha001_alpha0p01_train100_test100_case1_fpp_saa_fpp_cut_dominator,2026-05-20T19:47:18Z,Sub20,FPP-SAA,0.01000000,4,100,100,expected_burned_area,10;23;64;76;80;86;99;105;119;124;126;127;149;153;155;157;167;182;187;196;201;217;219;228;231;232;237;315;324;327;332;345;357;366;368;374;375;382;398;399;401;409;416;424;435;440;441;458;470;474;480;484;504;512;515;519;529;549;555;558;580;593;607;610;624;655;668;699;702;719;726;752;768;782;787;793;798;799;807;808;820;848;851;860;876;878;890;895;904;907;910;916;923;933;950;961;965;975;985;990,2;18;22;25;26;31;32;37;40;50;69;91;92;96;102;111;120;128;132;135;145;147;154;159;177;178;185;189;199;204;207;209;213;214;238;240;244;246;253;258;287;295;314;318;319;354;355;365;391;406;422;425;488;502;505;522;527;538;539;542;568;571;573;576;577;587;589;595;616;618;628;631;667;707;713;721;750;754;766;800;801;803;804;812;826;835;836;839;853;859;864;871;899;909;912;949;954;971;994;998,Optimal,90.77000000,90.77000000,0.00000000,8.65502441,1,0,25328,49960,0,0,0.00000000,fpp_cut_dominator,cut,true,false,false,false,360,360,12484,12472,0,0,0,0,0,0.00000000,12519,3883,8636,100,0,0.11397728,0.00000000,,0,0,90.77000000,0.00000000,0.00000000,pass,171;245;273;326,false,false,,,,,90.77000000,223.10000000,101.24000000,250.20000000,0.00775226,0.00867715,0.05386987,RT=0.550000;ADAG=0.450000;GDG=0.000000;NFR=0.000000;EMPTY=0.000000,RT=0.500000;ADAG=0.490000;GDG=0.000000;NFR=0.000000;EMPTY=0.010000,Cell2Fire scenarios are treated as directed propagation graphs.,"Dominator preprocessing processed 100 scenarios: DAG=100, fallback=0, aggregate_cuts=3883, individual_cuts=8636. | FPP cut/reachability post-solve recourse validation matched the solver objective. | FPP cut/reachability objective is expected burned area over observed scenario nodes. | x and q variables are continuous in [0,1]; y variables are binary for eligible nodes. | Root nodes are forced to burn and propagate even if selected as firebreaks. | Non-eligible non-root nodes use x_v >= q_v because no y_v variable exists. | FppRecourseEvaluator validation passed for final selected firebreaks. | Train reader warning: IgnitionsHistory/ignitions_log.csv has one numeric column; assuming line number is the scenario ID. | Test reader warning: IgnitionsHistory/ignitions_log.csv has one numeric column; assuming line number is the scenario ID. | Test reader warning: No arcs parsed from MessagesFile0616.csv. | Test scenarios were used only for out-of-sample evaluation."
fpp_12mode_benchmark_alpha001,1,fpp_12mode_benchmark_alpha001_alpha0p01_train100_test100_case1_fpp_saa_fpp_cut_separator,2026-05-20T19:47:24Z,Sub20,FPP-SAA,0.01000000,4,100,100,expected_burned_area,10;23;64;76;80;86;99;105;119;124;126;127;149;153;155;157;167;182;187;196;201;217;219;228;231;232;237;315;324;327;332;345;357;366;368;374;375;382;398;399;401;409;416;424;435;440;441;458;470;474;480;484;504;512;515;519;529;549;555;558;580;593;607;610;624;655;668;699;702;719;726;752;768;782;787;793;798;799;807;808;820;848;851;860;876;878;890;895;904;907;910;916;923;933;950;961;965;975;985;990,2;18;22;25;26;31;32;37;40;50;69;91;92;96;102;111;120;128;132;135;145;147;154;159;177;178;185;189;199;204;207;209;213;214;238;240;244;246;253;258;287;295;314;318;319;354;355;365;391;406;422;425;488;502;505;522;527;538;539;542;568;571;573;576;577;587;589;595;616;618;628;631;667;707;713;721;750;754;766;800;801;803;804;812;826;835;836;839;853;859;864;871;899;909;912;949;954;971;994;998,Optimal,90.77000000,90.72000000,0.00055084,5.86280873,102,3,25328,37441,0,0,0.00000000,fpp_cut_separator,cut,false,true,false,false,360,360,12484,12472,0,1800,11,0,0,0.84782984,0,0,0,0,0,0.00000000,0.00000000,,0,0,90.77000000,0.00000000,0.00000000,pass,171;245;273;326,false,false,,,,,90.77000000,223.10000000,101.24000000,250.20000000,0.00822183,0.00915712,0.05273915,RT=0.550000;ADAG=0.450000;GDG=0.000000;NFR=0.000000;EMPTY=0.000000,RT=0.500000;ADAG=0.490000;GDG=0.000000;NFR=0.000000;EMPTY=0.010000,Cell2Fire scenarios are treated as directed propagation graphs.,"Separator context callback enabled; CPLEX Threads forced to 1 for deterministic cut-cache safety. | Separator cuts registered through the CPLEX generic relaxation context callback. | Separator callback stats: invocations=11, min_cut_calls=1800, cuts_added=0, duplicates_skipped=0, large_cuts_skipped=0. | FPP cut/reachability post-solve recourse validation matched the solver objective. | FPP cut/reachability objective is expected burned area over observed scenario nodes. | x and q variables are continuous in [0,1]; y variables are binary for eligible nodes. | Root nodes are forced to burn and propagate even if selected as firebreaks. | Non-eligible non-root nodes use x_v >= q_v because no y_v variable exists. | FppRecourseEvaluator validation passed for final selected firebreaks. | Train reader warning: IgnitionsHistory/ignitions_log.csv has one numeric column; assuming line number is the scenario ID. | Test reader warning: IgnitionsHistory/ignitions_log.csv has one numeric column; assuming line number is the scenario ID. | Test reader warning: No arcs parsed from MessagesFile0616.csv. | Test scenarios were used only for out-of-sample evaluation."
fpp_12mode_benchmark_alpha001,1,fpp_12mode_benchmark_alpha001_alpha0p01_train100_test100_case1_fpp_saa_fpp_cut_dominator_separator,2026-05-20T19:47:34Z,Sub20,FPP-SAA,0.01000000,4,100,100,expected_burned_area,10;23;64;76;80;86;99;105;119;124;126;127;149;153;155;157;167;182;187;196;201;217;219;228;231;232;237;315;324;327;332;345;357;366;368;374;375;382;398;399;401;409;416;424;435;440;441;458;470;474;480;484;504;512;515;519;529;549;555;558;580;593;607;610;624;655;668;699;702;719;726;752;768;782;787;793;798;799;807;808;820;848;851;860;876;878;890;895;904;907;910;916;923;933;950;961;965;975;985;990,2;18;22;25;26;31;32;37;40;50;69;91;92;96;102;111;120;128;132;135;145;147;154;159;177;178;185;189;199;204;207;209;213;214;238;240;244;246;253;258;287;295;314;318;319;354;355;365;391;406;422;425;488;502;505;522;527;538;539;542;568;571;573;576;577;587;589;595;616;618;628;631;667;707;713;721;750;754;766;800;801;803;804;812;826;835;836;839;853;859;864;871;899;909;912;949;954;971;994;998,Optimal,90.77000000,90.77000000,0.00000000,9.30966477,1,0,25328,49960,0,0,0.00000000,fpp_cut_dominator_separator,cut,true,true,false,false,360,360,12484,12472,0,1000,5,0,0,0.46662247,12519,3883,8636,100,0,0.12248308,0.00000000,,0,0,90.77000000,0.00000000,0.00000000,pass,171;245;273;326,false,false,,,,,90.77000000,223.10000000,101.24000000,250.20000000,0.00814886,0.00881839,0.06046255,RT=0.550000;ADAG=0.450000;GDG=0.000000;NFR=0.000000;EMPTY=0.000000,RT=0.500000;ADAG=0.490000;GDG=0.000000;NFR=0.000000;EMPTY=0.010000,Cell2Fire scenarios are treated as directed propagation graphs.,"Dominator preprocessing processed 100 scenarios: DAG=100, fallback=0, aggregate_cuts=3883, individual_cuts=8636. | Separator context callback enabled; CPLEX Threads forced to 1 for deterministic cut-cache safety. | Separator cuts registered through the CPLEX generic relaxation context callback. | Separator callback stats: invocations=5, min_cut_calls=1000, cuts_added=0, duplicates_skipped=0, large_cuts_skipped=0. | FPP cut/reachability post-solve recourse validation matched the solver objective. | FPP cut/reachability objective is expected burned area over observed scenario nodes. | x and q variables are continuous in [0,1]; y variables are binary for eligible nodes. | Root nodes are forced to burn and propagate even if selected as firebreaks. | Non-eligible non-root nodes use x_v >= q_v because no y_v variable exists. | FppRecourseEvaluator validation passed for final selected firebreaks. | Train reader warning: IgnitionsHistory/ignitions_log.csv has one numeric column; assuming line number is the scenario ID. | Test reader warning: IgnitionsHistory/ignitions_log.csv has one numeric column; assuming line number is the scenario ID. | Test reader warning: No arcs parsed from MessagesFile0616.csv. | Test scenarios were used only for out-of-sample evaluation."
fpp_12mode_benchmark_alpha001,1,fpp_12mode_benchmark_alpha001_alpha0p01_train100_test100_case1_fpp_saa_fpp_cut_dominator_separator_greedy,2026-05-20T19:47:44Z,Sub20,FPP-SAA,0.01000000,4,100,100,expected_burned_area,10;23;64;76;80;86;99;105;119;124;126;127;149;153;155;157;167;182;187;196;201;217;219;228;231;232;237;315;324;327;332;345;357;366;368;374;375;382;398;399;401;409;416;424;435;440;441;458;470;474;480;484;504;512;515;519;529;549;555;558;580;593;607;610;624;655;668;699;702;719;726;752;768;782;787;793;798;799;807;808;820;848;851;860;876;878;890;895;904;907;910;916;923;933;950;961;965;975;985;990,2;18;22;25;26;31;32;37;40;50;69;91;92;96;102;111;120;128;132;135;145;147;154;159;177;178;185;189;199;204;207;209;213;214;238;240;244;246;253;258;287;295;314;318;319;354;355;365;391;406;422;425;488;502;505;522;527;538;539;542;568;571;573;576;577;587;589;595;616;618;628;631;667;707;713;721;750;754;766;800;801;803;804;812;826;835;836;839;853;859;864;871;899;909;912;949;954;971;994;998,Optimal,90.77000000,90.77000000,0.00000000,8.71312416,1,0,25328,49960,0,0,0.00000000,fpp_cut_dominator_separator_greedy,cut,true,true,true,false,360,360,12484,12472,0,800,4,0,0,0.36471268,12519,3883,8636,100,0,0.12975685,0.28004765,93.91000000,200,4,90.77000000,0.00000000,0.00000000,pass,171;245;273;326,true,true,reachability-greedy-warm-start,264;344;206;131,,Warm start generated by reachability-greedy FPP recourse heuristic. | Reachability-greedy empty objective: 124.84. | Reachability-greedy final objective: 93.91. | Reachability-greedy exact marginal evaluations: 200. | Warm start status: Ready.,90.77000000,223.10000000,101.24000000,250.20000000,0.00812105,0.00886549,0.06012805,RT=0.550000;ADAG=0.450000;GDG=0.000000;NFR=0.000000;EMPTY=0.000000,RT=0.500000;ADAG=0.490000;GDG=0.000000;NFR=0.000000;EMPTY=0.010000,Cell2Fire scenarios are treated as directed propagation graphs.,"Dominator preprocessing processed 100 scenarios: DAG=100, fallback=0, aggregate_cuts=3883, individual_cuts=8636. | Separator context callback enabled; CPLEX Threads forced to 1 for deterministic cut-cache safety. | Cut/reachability MIP start values were generated from FppRecourseEvaluator and passed feasibility checks. | CPLEX full cut/reachability MIP start was added from warm-start solution with y/x/q values and recourse objective 93.91. | Separator cuts registered through the CPLEX generic relaxation context callback. | Separator callback stats: invocations=4, min_cut_calls=800, cuts_added=0, duplicates_skipped=0, large_cuts_skipped=0. | FPP cut/reachability post-solve recourse validation matched the solver objective. | FPP cut/reachability objective is expected burned area over observed scenario nodes. | x and q variables are continuous in [0,1]; y variables are binary for eligible nodes. | Root nodes are forced to burn and propagate even if selected as firebreaks. | Non-eligible non-root nodes use x_v >= q_v because no y_v variable exists. | Reachability-greedy warm start was used as a full y/x/q MIP start for the cut FPP formulation. | Reachability-greedy warm start empty objective: 124.84. | Reachability-greedy warm start final objective: 93.91. | Reachability-greedy warm start exact marginal evaluations: 200. | FppRecourseEvaluator validation passed for final selected firebreaks. | Train reader warning: IgnitionsHistory/ignitions_log.csv has one numeric column; assuming line number is the scenario ID. | Test reader warning: IgnitionsHistory/ignitions_log.csv has one numeric column; assuming line number is the scenario ID. | Test reader warning: No arcs parsed from MessagesFile0616.csv. | Test scenarios were used only for out-of-sample evaluation."
fpp_12mode_benchmark_alpha001,2,fpp_12mode_benchmark_alpha001_alpha0p01_train100_test100_case2_fpp_saa_fpp_base,2026-05-20T19:47:50Z,Sub20,FPP-SAA,0.01000000,4,100,100,expected_burned_area,4;5;15;18;20;29;44;78;79;86;111;113;120;123;127;136;137;142;151;152;165;173;178;197;200;201;207;210;221;230;233;238;252;265;275;277;278;279;293;317;320;328;335;339;349;371;376;392;409;414;416;425;428;431;433;440;466;477;486;501;503;505;510;573;577;594;598;600;601;619;626;629;639;649;652;691;703;708;709;742;762;773;778;781;807;817;851;867;910;911;914;917;931;939;948;953;968;973;991;995,35;63;75;81;99;100;102;107;117;122;138;141;155;156;184;204;248;251;253;255;274;282;284;288;290;310;322;346;347;368;395;403;412;417;419;442;459;490;497;506;511;514;520;521;522;536;539;547;556;564;576;585;595;602;609;641;643;648;656;658;660;671;681;693;694;711;713;722;724;732;737;738;743;751;756;763;779;791;808;822;836;842;843;845;852;860;865;875;881;883;885;894;908;912;925;962;966;974;977;984,Optimal,99.11000000,99.11000000,0.00000000,5.96694507,1,11,36360,13703,0,0,0.00000000,fpp_base,base,false,false,false,false,360,360,13607,13602,0,0,0,0,0,0.00000000,0,0,0,0,0,0.00000000,0.00000000,,0,0,99.11000000,0.00000000,0.00000000,pass,211;266;283;326,false,false,,,,,99.11000000,234.70000000,113.21000000,280.40000000,0.00901822,0.01003245,0.05989396,RT=0.490000;ADAG=0.510000;GDG=0.000000;NFR=0.000000;EMPTY=0.000000,RT=0.460000;ADAG=0.540000;GDG=0.000000;NFR=0.000000;EMPTY=0.000000,Cell2Fire scenarios are treated as directed propagation graphs.,FPP-SAA objective is expected burned area over loaded scenarios. | Propagation constraints use y_v only when v is eligible. | FppRecourseEvaluator validation passed for final selected firebreaks. | Train reader warning: IgnitionsHistory/ignitions_log.csv has one numeric column; assuming line number is the scenario ID. | Test reader warning: IgnitionsHistory/ignitions_log.csv has one numeric column; assuming line number is the scenario ID. | Test scenarios were used only for out-of-sample evaluation.
fpp_12mode_benchmark_alpha001,2,fpp_12mode_benchmark_alpha001_alpha0p01_train100_test100_case2_fpp_saa_fpp_base_greedy,2026-05-20T19:47:58Z,Sub20,FPP-SAA,0.01000000,4,100,100,expected_burned_area,4;5;15;18;20;29;44;78;79;86;111;113;120;123;127;136;137;142;151;152;165;173;178;197;200;201;207;210;221;230;233;238;252;265;275;277;278;279;293;317;320;328;335;339;349;371;376;392;409;414;416;425;428;431;433;440;466;477;486;501;503;505;510;573;577;594;598;600;601;619;626;629;639;649;652;691;703;708;709;742;762;773;778;781;807;817;851;867;910;911;914;917;931;939;948;953;968;973;991;995,35;63;75;81;99;100;102;107;117;122;138;141;155;156;184;204;248;251;253;255;274;282;284;288;290;310;322;346;347;368;395;403;412;417;419;442;459;490;497;506;511;514;520;521;522;536;539;547;556;564;576;585;595;602;609;641;643;648;656;658;660;671;681;693;694;711;713;722;724;732;737;738;743;751;756;763;779;791;808;822;836;842;843;845;852;860;865;875;881;883;885;894;908;912;925;962;966;974;977;984,Optimal,99.11000000,99.11000000,0.00000000,7.17474322,1,9,36360,13703,0,0,0.00000000,fpp_base_greedy,base,false,false,true,false,360,360,13607,13602,0,0,0,0,0,0.00000000,0,0,0,0,0,0.00000000,0.28906732,101.01000000,200,4,99.11000000,0.00000000,0.00000000,pass,211;266;283;326,true,true,reachability-greedy-warm-start,266;344;183;306,,Warm start generated by reachability-greedy FPP recourse heuristic. | Reachability-greedy empty objective: 136.07. | Reachability-greedy final objective: 101.01. | Reachability-greedy exact marginal evaluations: 200. | Warm start status: Ready.,99.11000000,234.70000000,113.21000000,280.40000000,0.00839466,0.00926641,0.06542313,RT=0.490000;ADAG=0.510000;GDG=0.000000;NFR=0.000000;EMPTY=0.000000,RT=0.460000;ADAG=0.540000;GDG=0.000000;NFR=0.000000;EMPTY=0.000000,Cell2Fire scenarios are treated as directed propagation graphs.,CPLEX y-only MIP start was added from warm-start solution. | FPP-SAA objective is expected burned area over loaded scenarios. | Propagation constraints use y_v only when v is eligible. | Reachability-greedy warm start was used as a y-only MIP start for the base FPP formulation. | Reachability-greedy warm start empty objective: 136.07. | Reachability-greedy warm start final objective: 101.01. | Reachability-greedy warm start exact marginal evaluations: 200. | FppRecourseEvaluator validation passed for final selected firebreaks. | Train reader warning: IgnitionsHistory/ignitions_log.csv has one numeric column; assuming line number is the scenario ID. | Test reader warning: IgnitionsHistory/ignitions_log.csv has one numeric column; assuming line number is the scenario ID. | Test scenarios were used only for out-of-sample evaluation.
fpp_12mode_benchmark_alpha001,2,fpp_12mode_benchmark_alpha001_alpha0p01_train100_test100_case2_fpp_saa_fpp_base_dominator,2026-05-20T19:48:31Z,Sub20,FPP-SAA,0.01000000,4,100,100,expected_burned_area,4;5;15;18;20;29;44;78;79;86;111;113;120;123;127;136;137;142;151;152;165;173;178;197;200;201;207;210;221;230;233;238;252;265;275;277;278;279;293;317;320;328;335;339;349;371;376;392;409;414;416;425;428;431;433;440;466;477;486;501;503;505;510;573;577;594;598;600;601;619;626;629;639;649;652;691;703;708;709;742;762;773;778;781;807;817;851;867;910;911;914;917;931;939;948;953;968;973;991;995,35;63;75;81;99;100;102;107;117;122;138;141;155;156;184;204;248;251;253;255;274;282;284;288;290;310;322;346;347;368;395;403;412;417;419;442;459;490;497;506;511;514;520;521;522;536;539;547;556;564;576;585;595;602;609;641;643;648;656;658;660;671;681;693;694;711;713;722;724;732;737;738;743;751;756;763;779;791;808;822;836;842;843;845;852;860;865;875;881;883;885;894;908;912;925;962;966;974;977;984,Optimal,99.11000000,99.11000000,0.00000000,32.68163155,1,7,36360,26722,0,0,0.00000000,fpp_base_dominator,base,true,false,false,false,360,360,13607,13602,0,0,0,0,0,0.00000000,13019,4096,8923,100,0,0.12746973,0.00000000,,0,0,99.11000000,0.00000000,0.00000000,pass,211;266;283;326,false,false,,,,,99.11000000,234.70000000,113.21000000,280.40000000,0.00890238,0.01019644,0.06211587,RT=0.490000;ADAG=0.510000;GDG=0.000000;NFR=0.000000;EMPTY=0.000000,RT=0.460000;ADAG=0.540000;GDG=0.000000;NFR=0.000000;EMPTY=0.000000,Cell2Fire scenarios are treated as directed propagation graphs.,"Dominator preprocessing processed 100 scenarios: DAG=100, fallback=0, aggregate_cuts=4096, individual_cuts=8923. | FPP-SAA objective is expected burned area over loaded scenarios. | Propagation constraints use y_v only when v is eligible. | FppRecourseEvaluator validation passed for final selected firebreaks. | Train reader warning: IgnitionsHistory/ignitions_log.csv has one numeric column; assuming line number is the scenario ID. | Test reader warning: IgnitionsHistory/ignitions_log.csv has one numeric column; assuming line number is the scenario ID. | Test scenarios were used only for out-of-sample evaluation."
fpp_12mode_benchmark_alpha001,2,fpp_12mode_benchmark_alpha001_alpha0p01_train100_test100_case2_fpp_saa_fpp_base_separator,2026-05-20T19:48:39Z,Sub20,FPP-SAA,0.01000000,4,100,100,expected_burned_area,4;5;15;18;20;29;44;78;79;86;111;113;120;123;127;136;137;142;151;152;165;173;178;197;200;201;207;210;221;230;233;238;252;265;275;277;278;279;293;317;320;328;335;339;349;371;376;392;409;414;416;425;428;431;433;440;466;477;486;501;503;505;510;573;577;594;598;600;601;619;626;629;639;649;652;691;703;708;709;742;762;773;778;781;807;817;851;867;910;911;914;917;931;939;948;953;968;973;991;995,35;63;75;81;99;100;102;107;117;122;138;141;155;156;184;204;248;251;253;255;274;282;284;288;290;310;322;346;347;368;395;403;412;417;419;442;459;490;497;506;511;514;520;521;522;536;539;547;556;564;576;585;595;602;609;641;643;648;656;658;660;671;681;693;694;711;713;722;724;732;737;738;743;751;756;763;779;791;808;822;836;842;843;845;852;860;865;875;881;883;885;894;908;912;925;962;966;974;977;984,Optimal,99.11000000,99.11000000,0.00000000,7.62857387,1,11,36360,13703,0,0,0.00000000,fpp_base_separator,base,false,true,false,false,360,360,13607,13602,0,3000,24,0,0,1.46533601,0,0,0,0,0,0.00000000,0.00000000,,0,0,99.11000000,0.00000000,0.00000000,pass,211;266;283;326,false,false,,,,,99.11000000,234.70000000,113.21000000,280.40000000,0.00943081,0.01076177,0.06487970,RT=0.490000;ADAG=0.510000;GDG=0.000000;NFR=0.000000;EMPTY=0.000000,RT=0.460000;ADAG=0.540000;GDG=0.000000;NFR=0.000000;EMPTY=0.000000,Cell2Fire scenarios are treated as directed propagation graphs.,"Separator context callback enabled; CPLEX Threads forced to 1 for deterministic cut-cache safety. | Separator cuts registered through the CPLEX generic relaxation context callback. | Separator callback stats: invocations=24, min_cut_calls=3000, cuts_added=0, duplicates_skipped=0, large_cuts_skipped=0. | FPP-SAA objective is expected burned area over loaded scenarios. | Propagation constraints use y_v only when v is eligible. | FppRecourseEvaluator validation passed for final selected firebreaks. | Train reader warning: IgnitionsHistory/ignitions_log.csv has one numeric column; assuming line number is the scenario ID. | Test reader warning: IgnitionsHistory/ignitions_log.csv has one numeric column; assuming line number is the scenario ID. | Test scenarios were used only for out-of-sample evaluation."
fpp_12mode_benchmark_alpha001,2,fpp_12mode_benchmark_alpha001_alpha0p01_train100_test100_case2_fpp_saa_fpp_base_dominator_separator,2026-05-20T19:49:15Z,Sub20,FPP-SAA,0.01000000,4,100,100,expected_burned_area,4;5;15;18;20;29;44;78;79;86;111;113;120;123;127;136;137;142;151;152;165;173;178;197;200;201;207;210;221;230;233;238;252;265;275;277;278;279;293;317;320;328;335;339;349;371;376;392;409;414;416;425;428;431;433;440;466;477;486;501;503;505;510;573;577;594;598;600;601;619;626;629;639;649;652;691;703;708;709;742;762;773;778;781;807;817;851;867;910;911;914;917;931;939;948;953;968;973;991;995,35;63;75;81;99;100;102;107;117;122;138;141;155;156;184;204;248;251;253;255;274;282;284;288;290;310;322;346;347;368;395;403;412;417;419;442;459;490;497;506;511;514;520;521;522;536;539;547;556;564;576;585;595;602;609;641;643;648;656;658;660;671;681;693;694;711;713;722;724;732;737;738;743;751;756;763;779;791;808;822;836;842;843;845;852;860;865;875;881;883;885;894;908;912;925;962;966;974;977;984,Optimal,99.11000000,99.11000000,0.00000000,35.45199163,1,7,36360,26722,0,0,0.00000000,fpp_base_dominator_separator,base,true,true,false,false,360,360,13607,13602,0,5000,29,0,0,2.45913834,13019,4096,8923,100,0,0.14030539,0.00000000,,0,0,99.11000000,0.00000000,0.00000000,pass,211;266;283;326,false,false,,,,,99.11000000,234.70000000,113.21000000,280.40000000,0.00879551,0.00969903,0.06764801,RT=0.490000;ADAG=0.510000;GDG=0.000000;NFR=0.000000;EMPTY=0.000000,RT=0.460000;ADAG=0.540000;GDG=0.000000;NFR=0.000000;EMPTY=0.000000,Cell2Fire scenarios are treated as directed propagation graphs.,"Dominator preprocessing processed 100 scenarios: DAG=100, fallback=0, aggregate_cuts=4096, individual_cuts=8923. | Separator context callback enabled; CPLEX Threads forced to 1 for deterministic cut-cache safety. | Separator cuts registered through the CPLEX generic relaxation context callback. | Separator callback stats: invocations=29, min_cut_calls=5000, cuts_added=0, duplicates_skipped=0, large_cuts_skipped=0. | FPP-SAA objective is expected burned area over loaded scenarios. | Propagation constraints use y_v only when v is eligible. | FppRecourseEvaluator validation passed for final selected firebreaks. | Train reader warning: IgnitionsHistory/ignitions_log.csv has one numeric column; assuming line number is the scenario ID. | Test reader warning: IgnitionsHistory/ignitions_log.csv has one numeric column; assuming line number is the scenario ID. | Test scenarios were used only for out-of-sample evaluation."
fpp_12mode_benchmark_alpha001,2,fpp_12mode_benchmark_alpha001_alpha0p01_train100_test100_case2_fpp_saa_fpp_base_dominator_separator_greedy,2026-05-20T19:49:41Z,Sub20,FPP-SAA,0.01000000,4,100,100,expected_burned_area,4;5;15;18;20;29;44;78;79;86;111;113;120;123;127;136;137;142;151;152;165;173;178;197;200;201;207;210;221;230;233;238;252;265;275;277;278;279;293;317;320;328;335;339;349;371;376;392;409;414;416;425;428;431;433;440;466;477;486;501;503;505;510;573;577;594;598;600;601;619;626;629;639;649;652;691;703;708;709;742;762;773;778;781;807;817;851;867;910;911;914;917;931;939;948;953;968;973;991;995,35;63;75;81;99;100;102;107;117;122;138;141;155;156;184;204;248;251;253;255;274;282;284;288;290;310;322;346;347;368;395;403;412;417;419;442;459;490;497;506;511;514;520;521;522;536;539;547;556;564;576;585;595;602;609;641;643;648;656;658;660;671;681;693;694;711;713;722;724;732;737;738;743;751;756;763;779;791;808;822;836;842;843;845;852;860;865;875;881;883;885;894;908;912;925;962;966;974;977;984,Optimal,99.11000000,99.09300000,0.00017153,24.96088875,102,5,36360,26722,0,0,0.00000000,fpp_base_dominator_separator_greedy,base,true,true,true,false,360,360,13607,13602,0,6000,34,0,0,1.56589862,13019,4096,8923,100,0,0.13852825,0.29172114,101.01000000,200,4,99.11000000,0.00000000,0.00000000,pass,211;266;283;326,true,true,reachability-greedy-warm-start,266;344;183;306,,Warm start generated by reachability-greedy FPP recourse heuristic. | Reachability-greedy empty objective: 136.07. | Reachability-greedy final objective: 101.01. | Reachability-greedy exact marginal evaluations: 200. | Warm start status: Ready.,99.11000000,234.70000000,113.21000000,280.40000000,0.00466092,0.00534674,0.06491019,RT=0.490000;ADAG=0.510000;GDG=0.000000;NFR=0.000000;EMPTY=0.000000,RT=0.460000;ADAG=0.540000;GDG=0.000000;NFR=0.000000;EMPTY=0.000000,Cell2Fire scenarios are treated as directed propagation graphs.,"Dominator preprocessing processed 100 scenarios: DAG=100, fallback=0, aggregate_cuts=4096, individual_cuts=8923. | Separator context callback enabled; CPLEX Threads forced to 1 for deterministic cut-cache safety. | CPLEX y-only MIP start was added from warm-start solution. | Separator cuts registered through the CPLEX generic relaxation context callback. | Separator callback stats: invocations=34, min_cut_calls=6000, cuts_added=0, duplicates_skipped=0, large_cuts_skipped=0. | FPP-SAA objective is expected burned area over loaded scenarios. | Propagation constraints use y_v only when v is eligible. | Reachability-greedy warm start was used as a y-only MIP start for the base FPP formulation. | Reachability-greedy warm start empty objective: 136.07. | Reachability-greedy warm start final objective: 101.01. | Reachability-greedy warm start exact marginal evaluations: 200. | FppRecourseEvaluator validation passed for final selected firebreaks. | Train reader warning: IgnitionsHistory/ignitions_log.csv has one numeric column; assuming line number is the scenario ID. | Test reader warning: IgnitionsHistory/ignitions_log.csv has one numeric column; assuming line number is the scenario ID. | Test scenarios were used only for out-of-sample evaluation."
fpp_12mode_benchmark_alpha001,2,fpp_12mode_benchmark_alpha001_alpha0p01_train100_test100_case2_fpp_saa_fpp_cut,2026-05-20T19:49:50Z,Sub20,FPP-SAA,0.01000000,4,100,100,expected_burned_area,4;5;15;18;20;29;44;78;79;86;111;113;120;123;127;136;137;142;151;152;165;173;178;197;200;201;207;210;221;230;233;238;252;265;275;277;278;279;293;317;320;328;335;339;349;371;376;392;409;414;416;425;428;431;433;440;466;477;486;501;503;505;510;573;577;594;598;600;601;619;626;629;639;649;652;691;703;708;709;742;762;773;778;781;807;817;851;867;910;911;914;917;931;939;948;953;968;973;991;995,35;63;75;81;99;100;102;107;117;122;138;141;155;156;184;204;248;251;253;255;274;282;284;288;290;310;322;346;347;368;395;403;412;417;419;442;459;490;497;506;511;514;520;521;522;536;539;547;556;564;576;585;595;602;609;641;643;648;656;658;660;671;681;693;694;711;713;722;724;732;737;738;743;751;756;763;779;791;808;822;836;842;843;845;852;860;865;875;881;883;885;894;908;912;925;962;966;974;977;984,Optimal,99.11000000,99.11000000,0.00000000,8.79160662,1,7,27574,40817,0,0,0.00000000,fpp_cut,cut,false,false,false,false,360,360,13607,13602,0,0,0,0,0,0.00000000,0,0,0,0,0,0.00000000,0.00000000,,0,0,99.11000000,0.00000000,0.00000000,pass,211;266;283;326,false,false,,,,,99.11000000,234.70000000,113.21000000,280.40000000,0.00888160,0.01018633,0.03454250,RT=0.490000;ADAG=0.510000;GDG=0.000000;NFR=0.000000;EMPTY=0.000000,RT=0.460000;ADAG=0.540000;GDG=0.000000;NFR=0.000000;EMPTY=0.000000,Cell2Fire scenarios are treated as directed propagation graphs.,"FPP cut/reachability post-solve recourse validation matched the solver objective. | FPP cut/reachability objective is expected burned area over observed scenario nodes. | x and q variables are continuous in [0,1]; y variables are binary for eligible nodes. | Root nodes are forced to burn and propagate even if selected as firebreaks. | Non-eligible non-root nodes use x_v >= q_v because no y_v variable exists. | FppRecourseEvaluator validation passed for final selected firebreaks. | Train reader warning: IgnitionsHistory/ignitions_log.csv has one numeric column; assuming line number is the scenario ID. | Test reader warning: IgnitionsHistory/ignitions_log.csv has one numeric column; assuming line number is the scenario ID. | Test scenarios were used only for out-of-sample evaluation."
fpp_12mode_benchmark_alpha001,2,fpp_12mode_benchmark_alpha001_alpha0p01_train100_test100_case2_fpp_saa_fpp_cut_greedy,2026-05-20T19:50:03Z,Sub20,FPP-SAA,0.01000000,4,100,100,expected_burned_area,4;5;15;18;20;29;44;78;79;86;111;113;120;123;127;136;137;142;151;152;165;173;178;197;200;201;207;210;221;230;233;238;252;265;275;277;278;279;293;317;320;328;335;339;349;371;376;392;409;414;416;425;428;431;433;440;466;477;486;501;503;505;510;573;577;594;598;600;601;619;626;629;639;649;652;691;703;708;709;742;762;773;778;781;807;817;851;867;910;911;914;917;931;939;948;953;968;973;991;995,35;63;75;81;99;100;102;107;117;122;138;141;155;156;184;204;248;251;253;255;274;282;284;288;290;310;322;346;347;368;395;403;412;417;419;442;459;490;497;506;511;514;520;521;522;536;539;547;556;564;576;585;595;602;609;641;643;648;656;658;660;671;681;693;694;711;713;722;724;732;737;738;743;751;756;763;779;791;808;822;836;842;843;845;852;860;865;875;881;883;885;894;908;912;925;962;966;974;977;984,Optimal,99.11000000,99.11000000,0.00000000,12.05576990,1,7,27574,40817,0,0,0.00000000,fpp_cut_greedy,cut,false,false,true,false,360,360,13607,13602,0,0,0,0,0,0.00000000,0,0,0,0,0,0.00000000,0.29079041,101.01000000,200,4,99.11000000,0.00000000,0.00000000,pass,211;266;283;326,true,true,reachability-greedy-warm-start,266;344;183;306,,Warm start generated by reachability-greedy FPP recourse heuristic. | Reachability-greedy empty objective: 136.07. | Reachability-greedy final objective: 101.01. | Reachability-greedy exact marginal evaluations: 200. | Warm start status: Ready.,99.11000000,234.70000000,113.21000000,280.40000000,0.00899011,0.01019622,0.06181386,RT=0.490000;ADAG=0.510000;GDG=0.000000;NFR=0.000000;EMPTY=0.000000,RT=0.460000;ADAG=0.540000;GDG=0.000000;NFR=0.000000;EMPTY=0.000000,Cell2Fire scenarios are treated as directed propagation graphs.,"Cut/reachability MIP start values were generated from FppRecourseEvaluator and passed feasibility checks. | CPLEX full cut/reachability MIP start was added from warm-start solution with y/x/q values and recourse objective 101.01. | FPP cut/reachability post-solve recourse validation matched the solver objective. | FPP cut/reachability objective is expected burned area over observed scenario nodes. | x and q variables are continuous in [0,1]; y variables are binary for eligible nodes. | Root nodes are forced to burn and propagate even if selected as firebreaks. | Non-eligible non-root nodes use x_v >= q_v because no y_v variable exists. | Reachability-greedy warm start was used as a full y/x/q MIP start for the cut FPP formulation. | Reachability-greedy warm start empty objective: 136.07. | Reachability-greedy warm start final objective: 101.01. | Reachability-greedy warm start exact marginal evaluations: 200. | FppRecourseEvaluator validation passed for final selected firebreaks. | Train reader warning: IgnitionsHistory/ignitions_log.csv has one numeric column; assuming line number is the scenario ID. | Test reader warning: IgnitionsHistory/ignitions_log.csv has one numeric column; assuming line number is the scenario ID. | Test scenarios were used only for out-of-sample evaluation."
fpp_12mode_benchmark_alpha001,2,fpp_12mode_benchmark_alpha001_alpha0p01_train100_test100_case2_fpp_saa_fpp_cut_dominator,2026-05-20T19:50:23Z,Sub20,FPP-SAA,0.01000000,4,100,100,expected_burned_area,4;5;15;18;20;29;44;78;79;86;111;113;120;123;127;136;137;142;151;152;165;173;178;197;200;201;207;210;221;230;233;238;252;265;275;277;278;279;293;317;320;328;335;339;349;371;376;392;409;414;416;425;428;431;433;440;466;477;486;501;503;505;510;573;577;594;598;600;601;619;626;629;639;649;652;691;703;708;709;742;762;773;778;781;807;817;851;867;910;911;914;917;931;939;948;953;968;973;991;995,35;63;75;81;99;100;102;107;117;122;138;141;155;156;184;204;248;251;253;255;274;282;284;288;290;310;322;346;347;368;395;403;412;417;419;442;459;490;497;506;511;514;520;521;522;536;539;547;556;564;576;585;595;602;609;641;643;648;656;658;660;671;681;693;694;711;713;722;724;732;737;738;743;751;756;763;779;791;808;822;836;842;843;845;852;860;865;875;881;883;885;894;908;912;925;962;966;974;977;984,Optimal,99.11000000,99.11000000,0.00000000,19.56573720,1,13,27574,53759,0,0,0.00000000,fpp_cut_dominator,cut,true,false,false,false,360,360,13607,13602,0,0,0,0,0,0.00000000,12942,4096,8846,100,0,0.14369821,0.00000000,,0,0,99.11000000,0.00000000,0.00000000,pass,211;266;283;326,false,false,,,,,99.11000000,234.70000000,113.21000000,280.40000000,0.00855996,0.00965822,0.06509682,RT=0.490000;ADAG=0.510000;GDG=0.000000;NFR=0.000000;EMPTY=0.000000,RT=0.460000;ADAG=0.540000;GDG=0.000000;NFR=0.000000;EMPTY=0.000000,Cell2Fire scenarios are treated as directed propagation graphs.,"Dominator preprocessing processed 100 scenarios: DAG=100, fallback=0, aggregate_cuts=4096, individual_cuts=8846. | FPP cut/reachability post-solve recourse validation matched the solver objective. | FPP cut/reachability objective is expected burned area over observed scenario nodes. | x and q variables are continuous in [0,1]; y variables are binary for eligible nodes. | Root nodes are forced to burn and propagate even if selected as firebreaks. | Non-eligible non-root nodes use x_v >= q_v because no y_v variable exists. | FppRecourseEvaluator validation passed for final selected firebreaks. | Train reader warning: IgnitionsHistory/ignitions_log.csv has one numeric column; assuming line number is the scenario ID. | Test reader warning: IgnitionsHistory/ignitions_log.csv has one numeric column; assuming line number is the scenario ID. | Test scenarios were used only for out-of-sample evaluation."
fpp_12mode_benchmark_alpha001,2,fpp_12mode_benchmark_alpha001_alpha0p01_train100_test100_case2_fpp_saa_fpp_cut_separator,2026-05-20T19:50:38Z,Sub20,FPP-SAA,0.01000000,4,100,100,expected_burned_area,4;5;15;18;20;29;44;78;79;86;111;113;120;123;127;136;137;142;151;152;165;173;178;197;200;201;207;210;221;230;233;238;252;265;275;277;278;279;293;317;320;328;335;339;349;371;376;392;409;414;416;425;428;431;433;440;466;477;486;501;503;505;510;573;577;594;598;600;601;619;626;629;639;649;652;691;703;708;709;742;762;773;778;781;807;817;851;867;910;911;914;917;931;939;948;953;968;973;991;995,35;63;75;81;99;100;102;107;117;122;138;141;155;156;184;204;248;251;253;255;274;282;284;288;290;310;322;346;347;368;395;403;412;417;419;442;459;490;497;506;511;514;520;521;522;536;539;547;556;564;576;585;595;602;609;641;643;648;656;658;660;671;681;693;694;711;713;722;724;732;737;738;743;751;756;763;779;791;808;822;836;842;843;845;852;860;865;875;881;883;885;894;908;912;925;962;966;974;977;984,Optimal,99.11000000,99.11000000,0.00000000,13.63177313,1,7,27574,40817,0,0,0.00000000,fpp_cut_separator,cut,false,true,false,false,360,360,13607,13602,0,1000,9,0,0,0.46421170,0,0,0,0,0,0.00000000,0.00000000,,0,0,99.11000000,0.00000000,0.00000000,pass,211;266;283;326,false,false,,,,,99.11000000,234.70000000,113.21000000,280.40000000,0.00892693,0.01015552,0.06231040,RT=0.490000;ADAG=0.510000;GDG=0.000000;NFR=0.000000;EMPTY=0.000000,RT=0.460000;ADAG=0.540000;GDG=0.000000;NFR=0.000000;EMPTY=0.000000,Cell2Fire scenarios are treated as directed propagation graphs.,"Separator context callback enabled; CPLEX Threads forced to 1 for deterministic cut-cache safety. | Separator cuts registered through the CPLEX generic relaxation context callback. | Separator callback stats: invocations=9, min_cut_calls=1000, cuts_added=0, duplicates_skipped=0, large_cuts_skipped=0. | FPP cut/reachability post-solve recourse validation matched the solver objective. | FPP cut/reachability objective is expected burned area over observed scenario nodes. | x and q variables are continuous in [0,1]; y variables are binary for eligible nodes. | Root nodes are forced to burn and propagate even if selected as firebreaks. | Non-eligible non-root nodes use x_v >= q_v because no y_v variable exists. | FppRecourseEvaluator validation passed for final selected firebreaks. | Train reader warning: IgnitionsHistory/ignitions_log.csv has one numeric column; assuming line number is the scenario ID. | Test reader warning: IgnitionsHistory/ignitions_log.csv has one numeric column; assuming line number is the scenario ID. | Test scenarios were used only for out-of-sample evaluation."
fpp_12mode_benchmark_alpha001,2,fpp_12mode_benchmark_alpha001_alpha0p01_train100_test100_case2_fpp_saa_fpp_cut_dominator_separator,2026-05-20T19:50:58Z,Sub20,FPP-SAA,0.01000000,4,100,100,expected_burned_area,4;5;15;18;20;29;44;78;79;86;111;113;120;123;127;136;137;142;151;152;165;173;178;197;200;201;207;210;221;230;233;238;252;265;275;277;278;279;293;317;320;328;335;339;349;371;376;392;409;414;416;425;428;431;433;440;466;477;486;501;503;505;510;573;577;594;598;600;601;619;626;629;639;649;652;691;703;708;709;742;762;773;778;781;807;817;851;867;910;911;914;917;931;939;948;953;968;973;991;995,35;63;75;81;99;100;102;107;117;122;138;141;155;156;184;204;248;251;253;255;274;282;284;288;290;310;322;346;347;368;395;403;412;417;419;442;459;490;497;506;511;514;520;521;522;536;539;547;556;564;576;585;595;602;609;641;643;648;656;658;660;671;681;693;694;711;713;722;724;732;737;738;743;751;756;763;779;791;808;822;836;842;843;845;852;860;865;875;881;883;885;894;908;912;925;962;966;974;977;984,Optimal,99.11000000,99.11000000,0.00000000,19.71067749,1,13,27574,53759,0,0,0.00000000,fpp_cut_dominator_separator,cut,true,true,false,false,360,360,13607,13602,0,1200,18,0,0,0.55403700,12942,4096,8846,100,0,0.13147057,0.00000000,,0,0,99.11000000,0.00000000,0.00000000,pass,211;266;283;326,false,false,,,,,99.11000000,234.70000000,113.21000000,280.40000000,0.00934090,0.01032324,0.06071675,RT=0.490000;ADAG=0.510000;GDG=0.000000;NFR=0.000000;EMPTY=0.000000,RT=0.460000;ADAG=0.540000;GDG=0.000000;NFR=0.000000;EMPTY=0.000000,Cell2Fire scenarios are treated as directed propagation graphs.,"Dominator preprocessing processed 100 scenarios: DAG=100, fallback=0, aggregate_cuts=4096, individual_cuts=8846. | Separator context callback enabled; CPLEX Threads forced to 1 for deterministic cut-cache safety. | Separator cuts registered through the CPLEX generic relaxation context callback. | Separator callback stats: invocations=18, min_cut_calls=1200, cuts_added=0, duplicates_skipped=0, large_cuts_skipped=0. | FPP cut/reachability post-solve recourse validation matched the solver objective. | FPP cut/reachability objective is expected burned area over observed scenario nodes. | x and q variables are continuous in [0,1]; y variables are binary for eligible nodes. | Root nodes are forced to burn and propagate even if selected as firebreaks. | Non-eligible non-root nodes use x_v >= q_v because no y_v variable exists. | FppRecourseEvaluator validation passed for final selected firebreaks. | Train reader warning: IgnitionsHistory/ignitions_log.csv has one numeric column; assuming line number is the scenario ID. | Test reader warning: IgnitionsHistory/ignitions_log.csv has one numeric column; assuming line number is the scenario ID. | Test scenarios were used only for out-of-sample evaluation."
fpp_12mode_benchmark_alpha001,2,fpp_12mode_benchmark_alpha001_alpha0p01_train100_test100_case2_fpp_saa_fpp_cut_dominator_separator_greedy,2026-05-20T19:51:18Z,Sub20,FPP-SAA,0.01000000,4,100,100,expected_burned_area,4;5;15;18;20;29;44;78;79;86;111;113;120;123;127;136;137;142;151;152;165;173;178;197;200;201;207;210;221;230;233;238;252;265;275;277;278;279;293;317;320;328;335;339;349;371;376;392;409;414;416;425;428;431;433;440;466;477;486;501;503;505;510;573;577;594;598;600;601;619;626;629;639;649;652;691;703;708;709;742;762;773;778;781;807;817;851;867;910;911;914;917;931;939;948;953;968;973;991;995,35;63;75;81;99;100;102;107;117;122;138;141;155;156;184;204;248;251;253;255;274;282;284;288;290;310;322;346;347;368;395;403;412;417;419;442;459;490;497;506;511;514;520;521;522;536;539;547;556;564;576;585;595;602;609;641;643;648;656;658;660;671;681;693;694;711;713;722;724;732;737;738;743;751;756;763;779;791;808;822;836;842;843;845;852;860;865;875;881;883;885;894;908;912;925;962;966;974;977;984,Optimal,99.11000000,99.11000000,0.00000000,18.91391132,1,13,27574,53759,0,0,0.00000000,fpp_cut_dominator_separator_greedy,cut,true,true,true,false,360,360,13607,13602,0,1400,19,0,0,0.64399314,12942,4096,8846,100,0,0.12693290,0.28453241,101.01000000,200,4,99.11000000,0.00000000,0.00000000,pass,211;266;283;326,true,true,reachability-greedy-warm-start,266;344;183;306,,Warm start generated by reachability-greedy FPP recourse heuristic. | Reachability-greedy empty objective: 136.07. | Reachability-greedy final objective: 101.01. | Reachability-greedy exact marginal evaluations: 200. | Warm start status: Ready.,99.11000000,234.70000000,113.21000000,280.40000000,0.01058767,0.01217779,0.06226156,RT=0.490000;ADAG=0.510000;GDG=0.000000;NFR=0.000000;EMPTY=0.000000,RT=0.460000;ADAG=0.540000;GDG=0.000000;NFR=0.000000;EMPTY=0.000000,Cell2Fire scenarios are treated as directed propagation graphs.,"Dominator preprocessing processed 100 scenarios: DAG=100, fallback=0, aggregate_cuts=4096, individual_cuts=8846. | Separator context callback enabled; CPLEX Threads forced to 1 for deterministic cut-cache safety. | Cut/reachability MIP start values were generated from FppRecourseEvaluator and passed feasibility checks. | CPLEX full cut/reachability MIP start was added from warm-start solution with y/x/q values and recourse objective 101.01. | Separator cuts registered through the CPLEX generic relaxation context callback. | Separator callback stats: invocations=19, min_cut_calls=1400, cuts_added=0, duplicates_skipped=0, large_cuts_skipped=0. | FPP cut/reachability post-solve recourse validation matched the solver objective. | FPP cut/reachability objective is expected burned area over observed scenario nodes. | x and q variables are continuous in [0,1]; y variables are binary for eligible nodes. | Root nodes are forced to burn and propagate even if selected as firebreaks. | Non-eligible non-root nodes use x_v >= q_v because no y_v variable exists. | Reachability-greedy warm start was used as a full y/x/q MIP start for the cut FPP formulation. | Reachability-greedy warm start empty objective: 136.07. | Reachability-greedy warm start final objective: 101.01. | Reachability-greedy warm start exact marginal evaluations: 200. | FppRecourseEvaluator validation passed for final selected firebreaks. | Train reader warning: IgnitionsHistory/ignitions_log.csv has one numeric column; assuming line number is the scenario ID. | Test reader warning: IgnitionsHistory/ignitions_log.csv has one numeric column; assuming line number is the scenario ID. | Test scenarios were used only for out-of-sample evaluation."
fpp_12mode_benchmark_alpha001,3,fpp_12mode_benchmark_alpha001_alpha0p01_train100_test100_case3_fpp_saa_fpp_base,2026-05-20T19:51:20Z,Sub20,FPP-SAA,0.01000000,4,100,100,expected_burned_area,34;64;79;100;111;127;129;130;154;175;177;206;207;215;230;235;241;263;269;274;290;294;304;316;319;321;353;369;372;373;381;396;405;426;437;449;458;461;469;472;490;491;492;497;503;504;506;516;517;528;531;532;536;538;543;548;554;555;566;577;584;586;587;609;612;630;631;641;683;704;705;715;726;733;734;743;754;758;786;792;815;832;834;840;854;859;867;868;878;903;931;932;934;936;937;973;974;986;994;997,10;20;23;25;31;45;56;59;63;65;80;85;102;108;115;120;121;125;138;163;180;181;186;216;218;237;253;268;270;277;313;318;324;326;328;335;336;349;364;375;379;384;392;393;414;430;433;439;479;485;508;510;513;527;544;563;564;576;580;585;607;613;619;627;666;681;684;689;701;709;736;738;739;751;753;773;774;780;784;797;798;803;807;820;831;835;836;842;847;862;883;906;941;942;953;963;989;993;996;1000,Optimal,102.91000000,102.91000000,0.00000000,1.89923861,1,0,36360,14083,0,0,0.00000000,fpp_base,base,false,false,false,false,360,360,13962,13982,0,0,0,0,0,0.00000000,0,0,0,0,0,0.00000000,0.00000000,,0,0,102.91000000,0.00000000,0.00000000,pass,193;264;316;326,false,false,,,,,102.91000000,243.00000000,110.58000000,260.40000000,0.00845939,0.00900793,0.07414549,RT=0.350000;ADAG=0.650000;GDG=0.000000;NFR=0.000000;EMPTY=0.000000,RT=0.490000;ADAG=0.510000;GDG=0.000000;NFR=0.000000;EMPTY=0.000000,Cell2Fire scenarios are treated as directed propagation graphs.,FPP-SAA objective is expected burned area over loaded scenarios. | Propagation constraints use y_v only when v is eligible. | FppRecourseEvaluator validation passed for final selected firebreaks. | Train reader warning: IgnitionsHistory/ignitions_log.csv has one numeric column; assuming line number is the scenario ID. | Test reader warning: IgnitionsHistory/ignitions_log.csv has one numeric column; assuming line number is the scenario ID. | Test scenarios were used only for out-of-sample evaluation.
fpp_12mode_benchmark_alpha001,3,fpp_12mode_benchmark_alpha001_alpha0p01_train100_test100_case3_fpp_saa_fpp_base_greedy,2026-05-20T19:51:23Z,Sub20,FPP-SAA,0.01000000,4,100,100,expected_burned_area,34;64;79;100;111;127;129;130;154;175;177;206;207;215;230;235;241;263;269;274;290;294;304;316;319;321;353;369;372;373;381;396;405;426;437;449;458;461;469;472;490;491;492;497;503;504;506;516;517;528;531;532;536;538;543;548;554;555;566;577;584;586;587;609;612;630;631;641;683;704;705;715;726;733;734;743;754;758;786;792;815;832;834;840;854;859;867;868;878;903;931;932;934;936;937;973;974;986;994;997,10;20;23;25;31;45;56;59;63;65;80;85;102;108;115;120;121;125;138;163;180;181;186;216;218;237;253;268;270;277;313;318;324;326;328;335;336;349;364;375;379;384;392;393;414;430;433;439;479;485;508;510;513;527;544;563;564;576;580;585;607;613;619;627;666;681;684;689;701;709;736;738;739;751;753;773;774;780;784;797;798;803;807;820;831;835;836;842;847;862;883;906;941;942;953;963;989;993;996;1000,Optimal,102.91000000,102.91000000,0.00000000,1.84347341,1,0,36360,14083,0,0,0.00000000,fpp_base_greedy,base,false,false,true,false,360,360,13962,13982,0,0,0,0,0,0.00000000,0,0,0,0,0,0.00000000,0.28889790,104.47000000,200,4,102.91000000,0.00000000,0.00000000,pass,193;264;316;326,true,true,reachability-greedy-warm-start,264;326;146;287,,Warm start generated by reachability-greedy FPP recourse heuristic. | Reachability-greedy empty objective: 139.62. | Reachability-greedy final objective: 104.47. | Reachability-greedy exact marginal evaluations: 200. | Warm start status: Ready.,102.91000000,243.00000000,110.58000000,260.40000000,0.01005434,0.01047207,0.05731873,RT=0.350000;ADAG=0.650000;GDG=0.000000;NFR=0.000000;EMPTY=0.000000,RT=0.490000;ADAG=0.510000;GDG=0.000000;NFR=0.000000;EMPTY=0.000000,Cell2Fire scenarios are treated as directed propagation graphs.,CPLEX y-only MIP start was added from warm-start solution. | FPP-SAA objective is expected burned area over loaded scenarios. | Propagation constraints use y_v only when v is eligible. | Reachability-greedy warm start was used as a y-only MIP start for the base FPP formulation. | Reachability-greedy warm start empty objective: 139.62. | Reachability-greedy warm start final objective: 104.47. | Reachability-greedy warm start exact marginal evaluations: 200. | FppRecourseEvaluator validation passed for final selected firebreaks. | Train reader warning: IgnitionsHistory/ignitions_log.csv has one numeric column; assuming line number is the scenario ID. | Test reader warning: IgnitionsHistory/ignitions_log.csv has one numeric column; assuming line number is the scenario ID. | Test scenarios were used only for out-of-sample evaluation.
fpp_12mode_benchmark_alpha001,3,fpp_12mode_benchmark_alpha001_alpha0p01_train100_test100_case3_fpp_saa_fpp_base_dominator,2026-05-20T19:51:39Z,Sub20,FPP-SAA,0.01000000,4,100,100,expected_burned_area,34;64;79;100;111;127;129;130;154;175;177;206;207;215;230;235;241;263;269;274;290;294;304;316;319;321;353;369;372;373;381;396;405;426;437;449;458;461;469;472;490;491;492;497;503;504;506;516;517;528;531;532;536;538;543;548;554;555;566;577;584;586;587;609;612;630;631;641;683;704;705;715;726;733;734;743;754;758;786;792;815;832;834;840;854;859;867;868;878;903;931;932;934;936;937;973;974;986;994;997,10;20;23;25;31;45;56;59;63;65;80;85;102;108;115;120;121;125;138;163;180;181;186;216;218;237;253;268;270;277;313;318;324;326;328;335;336;349;364;375;379;384;392;393;414;430;433;439;479;485;508;510;513;527;544;563;564;576;580;585;607;613;619;627;666;681;684;689;701;709;736;738;739;751;753;773;774;780;784;797;798;803;807;820;831;835;836;842;847;862;883;906;941;942;953;963;989;993;996;1000,Optimal,102.91000000,102.91000000,0.00000000,15.86151009,1,0,36360,27762,0,0,0.00000000,fpp_base_dominator,base,true,false,false,false,360,360,13962,13982,0,0,0,0,0,0.00000000,13679,4320,9359,100,0,0.16159999,0.00000000,,0,0,102.91000000,0.00000000,0.00000000,pass,193;264;316;326,false,false,,,,,102.91000000,243.00000000,110.58000000,260.40000000,0.00930135,0.00994745,0.07087474,RT=0.350000;ADAG=0.650000;GDG=0.000000;NFR=0.000000;EMPTY=0.000000,RT=0.490000;ADAG=0.510000;GDG=0.000000;NFR=0.000000;EMPTY=0.000000,Cell2Fire scenarios are treated as directed propagation graphs.,"Dominator preprocessing processed 100 scenarios: DAG=100, fallback=0, aggregate_cuts=4320, individual_cuts=9359. | FPP-SAA objective is expected burned area over loaded scenarios. | Propagation constraints use y_v only when v is eligible. | FppRecourseEvaluator validation passed for final selected firebreaks. | Train reader warning: IgnitionsHistory/ignitions_log.csv has one numeric column; assuming line number is the scenario ID. | Test reader warning: IgnitionsHistory/ignitions_log.csv has one numeric column; assuming line number is the scenario ID. | Test scenarios were used only for out-of-sample evaluation."
fpp_12mode_benchmark_alpha001,3,fpp_12mode_benchmark_alpha001_alpha0p01_train100_test100_case3_fpp_saa_fpp_base_separator,2026-05-20T19:51:42Z,Sub20,FPP-SAA,0.01000000,4,100,100,expected_burned_area,34;64;79;100;111;127;129;130;154;175;177;206;207;215;230;235;241;263;269;274;290;294;304;316;319;321;353;369;372;373;381;396;405;426;437;449;458;461;469;472;490;491;492;497;503;504;506;516;517;528;531;532;536;538;543;548;554;555;566;577;584;586;587;609;612;630;631;641;683;704;705;715;726;733;734;743;754;758;786;792;815;832;834;840;854;859;867;868;878;903;931;932;934;936;937;973;974;986;994;997,10;20;23;25;31;45;56;59;63;65;80;85;102;108;115;120;121;125;138;163;180;181;186;216;218;237;253;268;270;277;313;318;324;326;328;335;336;349;364;375;379;384;392;393;414;430;433;439;479;485;508;510;513;527;544;563;564;576;580;585;607;613;619;627;666;681;684;689;701;709;736;738;739;751;753;773;774;780;784;797;798;803;807;820;831;835;836;842;847;862;883;906;941;942;953;963;989;993;996;1000,Optimal,102.91000000,102.91000000,0.00000000,2.25661358,1,0,36360,14083,0,0,0.00000000,fpp_base_separator,base,false,true,false,false,360,360,13962,13982,0,0,0,0,0,0.00000000,0,0,0,0,0,0.00000000,0.00000000,,0,0,102.91000000,0.00000000,0.00000000,pass,193;264;316;326,false,false,,,,,102.91000000,243.00000000,110.58000000,260.40000000,0.00904975,0.00950445,0.06072260,RT=0.350000;ADAG=0.650000;GDG=0.000000;NFR=0.000000;EMPTY=0.000000,RT=0.490000;ADAG=0.510000;GDG=0.000000;NFR=0.000000;EMPTY=0.000000,Cell2Fire scenarios are treated as directed propagation graphs.,"Separator context callback enabled; CPLEX Threads forced to 1 for deterministic cut-cache safety. | Separator cuts registered through the CPLEX generic relaxation context callback. | Separator callback stats: invocations=0, min_cut_calls=0, cuts_added=0, duplicates_skipped=0, large_cuts_skipped=0. | FPP-SAA objective is expected burned area over loaded scenarios. | Propagation constraints use y_v only when v is eligible. | FppRecourseEvaluator validation passed for final selected firebreaks. | Train reader warning: IgnitionsHistory/ignitions_log.csv has one numeric column; assuming line number is the scenario ID. | Test reader warning: IgnitionsHistory/ignitions_log.csv has one numeric column; assuming line number is the scenario ID. | Test scenarios were used only for out-of-sample evaluation."
fpp_12mode_benchmark_alpha001,3,fpp_12mode_benchmark_alpha001_alpha0p01_train100_test100_case3_fpp_saa_fpp_base_dominator_separator,2026-05-20T19:51:59Z,Sub20,FPP-SAA,0.01000000,4,100,100,expected_burned_area,34;64;79;100;111;127;129;130;154;175;177;206;207;215;230;235;241;263;269;274;290;294;304;316;319;321;353;369;372;373;381;396;405;426;437;449;458;461;469;472;490;491;492;497;503;504;506;516;517;528;531;532;536;538;543;548;554;555;566;577;584;586;587;609;612;630;631;641;683;704;705;715;726;733;734;743;754;758;786;792;815;832;834;840;854;859;867;868;878;903;931;932;934;936;937;973;974;986;994;997,10;20;23;25;31;45;56;59;63;65;80;85;102;108;115;120;121;125;138;163;180;181;186;216;218;237;253;268;270;277;313;318;324;326;328;335;336;349;364;375;379;384;392;393;414;430;433;439;479;485;508;510;513;527;544;563;564;576;580;585;607;613;619;627;666;681;684;689;701;709;736;738;739;751;753;773;774;780;784;797;798;803;807;820;831;835;836;842;847;862;883;906;941;942;953;963;989;993;996;1000,Optimal,102.91000000,102.91000000,0.00000000,15.94373712,1,0,36360,27762,0,0,0.00000000,fpp_base_dominator_separator,base,true,true,false,false,360,360,13962,13982,0,0,0,0,0,0.00000000,13679,4320,9359,100,0,0.13119786,0.00000000,,0,0,102.91000000,0.00000000,0.00000000,pass,193;264;316;326,false,false,,,,,102.91000000,243.00000000,110.58000000,260.40000000,0.00937332,0.01000578,0.06044395,RT=0.350000;ADAG=0.650000;GDG=0.000000;NFR=0.000000;EMPTY=0.000000,RT=0.490000;ADAG=0.510000;GDG=0.000000;NFR=0.000000;EMPTY=0.000000,Cell2Fire scenarios are treated as directed propagation graphs.,"Dominator preprocessing processed 100 scenarios: DAG=100, fallback=0, aggregate_cuts=4320, individual_cuts=9359. | Separator context callback enabled; CPLEX Threads forced to 1 for deterministic cut-cache safety. | Separator cuts registered through the CPLEX generic relaxation context callback. | Separator callback stats: invocations=0, min_cut_calls=0, cuts_added=0, duplicates_skipped=0, large_cuts_skipped=0. | FPP-SAA objective is expected burned area over loaded scenarios. | Propagation constraints use y_v only when v is eligible. | FppRecourseEvaluator validation passed for final selected firebreaks. | Train reader warning: IgnitionsHistory/ignitions_log.csv has one numeric column; assuming line number is the scenario ID. | Test reader warning: IgnitionsHistory/ignitions_log.csv has one numeric column; assuming line number is the scenario ID. | Test scenarios were used only for out-of-sample evaluation."
fpp_12mode_benchmark_alpha001,3,fpp_12mode_benchmark_alpha001_alpha0p01_train100_test100_case3_fpp_saa_fpp_base_dominator_separator_greedy,2026-05-20T19:52:14Z,Sub20,FPP-SAA,0.01000000,4,100,100,expected_burned_area,34;64;79;100;111;127;129;130;154;175;177;206;207;215;230;235;241;263;269;274;290;294;304;316;319;321;353;369;372;373;381;396;405;426;437;449;458;461;469;472;490;491;492;497;503;504;506;516;517;528;531;532;536;538;543;548;554;555;566;577;584;586;587;609;612;630;631;641;683;704;705;715;726;733;734;743;754;758;786;792;815;832;834;840;854;859;867;868;878;903;931;932;934;936;937;973;974;986;994;997,10;20;23;25;31;45;56;59;63;65;80;85;102;108;115;120;121;125;138;163;180;181;186;216;218;237;253;268;270;277;313;318;324;326;328;335;336;349;364;375;379;384;392;393;414;430;433;439;479;485;508;510;513;527;544;563;564;576;580;585;607;613;619;627;666;681;684;689;701;709;736;738;739;751;753;773;774;780;784;797;798;803;807;820;831;835;836;842;847;862;883;906;941;942;953;963;989;993;996;1000,Optimal,102.91000000,102.91000000,0.00000000,14.55964303,1,0,36360,27762,0,0,0.00000000,fpp_base_dominator_separator_greedy,base,true,true,true,false,360,360,13962,13982,0,0,0,0,0,0.00000000,13679,4320,9359,100,0,0.13726046,0.29462106,104.47000000,200,4,102.91000000,0.00000000,0.00000000,pass,193;264;316;326,true,true,reachability-greedy-warm-start,264;326;146;287,,Warm start generated by reachability-greedy FPP recourse heuristic. | Reachability-greedy empty objective: 139.62. | Reachability-greedy final objective: 104.47. | Reachability-greedy exact marginal evaluations: 200. | Warm start status: Ready.,102.91000000,243.00000000,110.58000000,260.40000000,0.00949337,0.00993346,0.06023146,RT=0.350000;ADAG=0.650000;GDG=0.000000;NFR=0.000000;EMPTY=0.000000,RT=0.490000;ADAG=0.510000;GDG=0.000000;NFR=0.000000;EMPTY=0.000000,Cell2Fire scenarios are treated as directed propagation graphs.,"Dominator preprocessing processed 100 scenarios: DAG=100, fallback=0, aggregate_cuts=4320, individual_cuts=9359. | Separator context callback enabled; CPLEX Threads forced to 1 for deterministic cut-cache safety. | CPLEX y-only MIP start was added from warm-start solution. | Separator cuts registered through the CPLEX generic relaxation context callback. | Separator callback stats: invocations=0, min_cut_calls=0, cuts_added=0, duplicates_skipped=0, large_cuts_skipped=0. | FPP-SAA objective is expected burned area over loaded scenarios. | Propagation constraints use y_v only when v is eligible. | Reachability-greedy warm start was used as a y-only MIP start for the base FPP formulation. | Reachability-greedy warm start empty objective: 139.62. | Reachability-greedy warm start final objective: 104.47. | Reachability-greedy warm start exact marginal evaluations: 200. | FppRecourseEvaluator validation passed for final selected firebreaks. | Train reader warning: IgnitionsHistory/ignitions_log.csv has one numeric column; assuming line number is the scenario ID. | Test reader warning: IgnitionsHistory/ignitions_log.csv has one numeric column; assuming line number is the scenario ID. | Test scenarios were used only for out-of-sample evaluation."
fpp_12mode_benchmark_alpha001,3,fpp_12mode_benchmark_alpha001_alpha0p01_train100_test100_case3_fpp_saa_fpp_cut,2026-05-20T19:52:22Z,Sub20,FPP-SAA,0.01000000,4,100,100,expected_burned_area,34;64;79;100;111;127;129;130;154;175;177;206;207;215;230;235;241;263;269;274;290;294;304;316;319;321;353;369;372;373;381;396;405;426;437;449;458;461;469;472;490;491;492;497;503;504;506;516;517;528;531;532;536;538;543;548;554;555;566;577;584;586;587;609;612;630;631;641;683;704;705;715;726;733;734;743;754;758;786;792;815;832;834;840;854;859;867;868;878;903;931;932;934;936;937;973;974;986;994;997,10;20;23;25;31;45;56;59;63;65;80;85;102;108;115;120;121;125;138;163;180;181;186;216;218;237;253;268;270;277;313;318;324;326;328;335;336;349;364;375;379;384;392;393;414;430;433;439;479;485;508;510;513;527;544;563;564;576;580;585;607;613;619;627;666;681;684;689;701;709;736;738;739;751;753;773;774;780;784;797;798;803;807;820;831;835;836;842;847;862;883;906;941;942;953;963;989;993;996;1000,Optimal,102.91000000,102.91000000,0.00000000,7.77667843,1,0,28284,41907,0,0,0.00000000,fpp_cut,cut,false,false,false,false,360,360,13962,13982,0,0,0,0,0,0.00000000,0,0,0,0,0,0.00000000,0.00000000,,0,0,102.91000000,0.00000000,0.00000000,pass,193;264;316;326,false,false,,,,,102.91000000,243.00000000,110.58000000,260.40000000,0.00980739,0.01047788,0.05735476,RT=0.350000;ADAG=0.650000;GDG=0.000000;NFR=0.000000;EMPTY=0.000000,RT=0.490000;ADAG=0.510000;GDG=0.000000;NFR=0.000000;EMPTY=0.000000,Cell2Fire scenarios are treated as directed propagation graphs.,"FPP cut/reachability post-solve recourse validation matched the solver objective. | FPP cut/reachability objective is expected burned area over observed scenario nodes. | x and q variables are continuous in [0,1]; y variables are binary for eligible nodes. | Root nodes are forced to burn and propagate even if selected as firebreaks. | Non-eligible non-root nodes use x_v >= q_v because no y_v variable exists. | FppRecourseEvaluator validation passed for final selected firebreaks. | Train reader warning: IgnitionsHistory/ignitions_log.csv has one numeric column; assuming line number is the scenario ID. | Test reader warning: IgnitionsHistory/ignitions_log.csv has one numeric column; assuming line number is the scenario ID. | Test scenarios were used only for out-of-sample evaluation."
fpp_12mode_benchmark_alpha001,3,fpp_12mode_benchmark_alpha001_alpha0p01_train100_test100_case3_fpp_saa_fpp_cut_greedy,2026-05-20T19:52:31Z,Sub20,FPP-SAA,0.01000000,4,100,100,expected_burned_area,34;64;79;100;111;127;129;130;154;175;177;206;207;215;230;235;241;263;269;274;290;294;304;316;319;321;353;369;372;373;381;396;405;426;437;449;458;461;469;472;490;491;492;497;503;504;506;516;517;528;531;532;536;538;543;548;554;555;566;577;584;586;587;609;612;630;631;641;683;704;705;715;726;733;734;743;754;758;786;792;815;832;834;840;854;859;867;868;878;903;931;932;934;936;937;973;974;986;994;997,10;20;23;25;31;45;56;59;63;65;80;85;102;108;115;120;121;125;138;163;180;181;186;216;218;237;253;268;270;277;313;318;324;326;328;335;336;349;364;375;379;384;392;393;414;430;433;439;479;485;508;510;513;527;544;563;564;576;580;585;607;613;619;627;666;681;684;689;701;709;736;738;739;751;753;773;774;780;784;797;798;803;807;820;831;835;836;842;847;862;883;906;941;942;953;963;989;993;996;1000,Optimal,102.91000000,102.91000000,0.00000000,7.84975502,1,0,28284,41907,0,0,0.00000000,fpp_cut_greedy,cut,false,false,true,false,360,360,13962,13982,0,0,0,0,0,0.00000000,0,0,0,0,0,0.00000000,0.38290136,104.47000000,200,4,102.91000000,0.00000000,0.00000000,pass,193;264;316;326,true,true,reachability-greedy-warm-start,264;326;146;287,,Warm start generated by reachability-greedy FPP recourse heuristic. | Reachability-greedy empty objective: 139.62. | Reachability-greedy final objective: 104.47. | Reachability-greedy exact marginal evaluations: 200. | Warm start status: Ready.,102.91000000,243.00000000,110.58000000,260.40000000,0.00930029,0.00997878,0.06955535,RT=0.350000;ADAG=0.650000;GDG=0.000000;NFR=0.000000;EMPTY=0.000000,RT=0.490000;ADAG=0.510000;GDG=0.000000;NFR=0.000000;EMPTY=0.000000,Cell2Fire scenarios are treated as directed propagation graphs.,"Cut/reachability MIP start values were generated from FppRecourseEvaluator and passed feasibility checks. | CPLEX full cut/reachability MIP start was added from warm-start solution with y/x/q values and recourse objective 104.47. | FPP cut/reachability post-solve recourse validation matched the solver objective. | FPP cut/reachability objective is expected burned area over observed scenario nodes. | x and q variables are continuous in [0,1]; y variables are binary for eligible nodes. | Root nodes are forced to burn and propagate even if selected as firebreaks. | Non-eligible non-root nodes use x_v >= q_v because no y_v variable exists. | Reachability-greedy warm start was used as a full y/x/q MIP start for the cut FPP formulation. | Reachability-greedy warm start empty objective: 139.62. | Reachability-greedy warm start final objective: 104.47. | Reachability-greedy warm start exact marginal evaluations: 200. | FppRecourseEvaluator validation passed for final selected firebreaks. | Train reader warning: IgnitionsHistory/ignitions_log.csv has one numeric column; assuming line number is the scenario ID. | Test reader warning: IgnitionsHistory/ignitions_log.csv has one numeric column; assuming line number is the scenario ID. | Test scenarios were used only for out-of-sample evaluation."
fpp_12mode_benchmark_alpha001,3,fpp_12mode_benchmark_alpha001_alpha0p01_train100_test100_case3_fpp_saa_fpp_cut_dominator,2026-05-20T19:52:43Z,Sub20,FPP-SAA,0.01000000,4,100,100,expected_burned_area,34;64;79;100;111;127;129;130;154;175;177;206;207;215;230;235;241;263;269;274;290;294;304;316;319;321;353;369;372;373;381;396;405;426;437;449;458;461;469;472;490;491;492;497;503;504;506;516;517;528;531;532;536;538;543;548;554;555;566;577;584;586;587;609;612;630;631;641;683;704;705;715;726;733;734;743;754;758;786;792;815;832;834;840;854;859;867;868;878;903;931;932;934;936;937;973;974;986;994;997,10;20;23;25;31;45;56;59;63;65;80;85;102;108;115;120;121;125;138;163;180;181;186;216;218;237;253;268;270;277;313;318;324;326;328;335;336;349;364;375;379;384;392;393;414;430;433;439;479;485;508;510;513;527;544;563;564;576;580;585;607;613;619;627;666;681;684;689;701;709;736;738;739;751;753;773;774;780;784;797;798;803;807;820;831;835;836;842;847;862;883;906;941;942;953;963;989;993;996;1000,Optimal,102.91000000,102.91000000,0.00000000,10.78528648,1,0,28284,55517,0,0,0.00000000,fpp_cut_dominator,cut,true,false,false,false,360,360,13962,13982,0,0,0,0,0,0.00000000,13610,4320,9290,100,0,0.13715671,0.00000000,,0,0,102.91000000,0.00000000,0.00000000,pass,193;264;316;326,false,false,,,,,102.91000000,243.00000000,110.58000000,260.40000000,0.00879850,0.00986189,0.06355886,RT=0.350000;ADAG=0.650000;GDG=0.000000;NFR=0.000000;EMPTY=0.000000,RT=0.490000;ADAG=0.510000;GDG=0.000000;NFR=0.000000;EMPTY=0.000000,Cell2Fire scenarios are treated as directed propagation graphs.,"Dominator preprocessing processed 100 scenarios: DAG=100, fallback=0, aggregate_cuts=4320, individual_cuts=9290. | FPP cut/reachability post-solve recourse validation matched the solver objective. | FPP cut/reachability objective is expected burned area over observed scenario nodes. | x and q variables are continuous in [0,1]; y variables are binary for eligible nodes. | Root nodes are forced to burn and propagate even if selected as firebreaks. | Non-eligible non-root nodes use x_v >= q_v because no y_v variable exists. | FppRecourseEvaluator validation passed for final selected firebreaks. | Train reader warning: IgnitionsHistory/ignitions_log.csv has one numeric column; assuming line number is the scenario ID. | Test reader warning: IgnitionsHistory/ignitions_log.csv has one numeric column; assuming line number is the scenario ID. | Test scenarios were used only for out-of-sample evaluation."
fpp_12mode_benchmark_alpha001,3,fpp_12mode_benchmark_alpha001_alpha0p01_train100_test100_case3_fpp_saa_fpp_cut_separator,2026-05-20T19:52:51Z,Sub20,FPP-SAA,0.01000000,4,100,100,expected_burned_area,34;64;79;100;111;127;129;130;154;175;177;206;207;215;230;235;241;263;269;274;290;294;304;316;319;321;353;369;372;373;381;396;405;426;437;449;458;461;469;472;490;491;492;497;503;504;506;516;517;528;531;532;536;538;543;548;554;555;566;577;584;586;587;609;612;630;631;641;683;704;705;715;726;733;734;743;754;758;786;792;815;832;834;840;854;859;867;868;878;903;931;932;934;936;937;973;974;986;994;997,10;20;23;25;31;45;56;59;63;65;80;85;102;108;115;120;121;125;138;163;180;181;186;216;218;237;253;268;270;277;313;318;324;326;328;335;336;349;364;375;379;384;392;393;414;430;433;439;479;485;508;510;513;527;544;563;564;576;580;585;607;613;619;627;666;681;684;689;701;709;736;738;739;751;753;773;774;780;784;797;798;803;807;820;831;835;836;842;847;862;883;906;941;942;953;963;989;993;996;1000,Optimal,102.91000000,102.91000000,0.00000000,7.52347892,1,0,28284,41907,0,0,0.00000000,fpp_cut_separator,cut,false,true,false,false,360,360,13962,13982,0,0,0,0,0,0.00000000,0,0,0,0,0,0.00000000,0.00000000,,0,0,102.91000000,0.00000000,0.00000000,pass,193;264;316;326,false,false,,,,,102.91000000,243.00000000,110.58000000,260.40000000,0.00978929,0.00999013,0.06004392,RT=0.350000;ADAG=0.650000;GDG=0.000000;NFR=0.000000;EMPTY=0.000000,RT=0.490000;ADAG=0.510000;GDG=0.000000;NFR=0.000000;EMPTY=0.000000,Cell2Fire scenarios are treated as directed propagation graphs.,"Separator context callback enabled; CPLEX Threads forced to 1 for deterministic cut-cache safety. | Separator cuts registered through the CPLEX generic relaxation context callback. | Separator callback stats: invocations=0, min_cut_calls=0, cuts_added=0, duplicates_skipped=0, large_cuts_skipped=0. | FPP cut/reachability post-solve recourse validation matched the solver objective. | FPP cut/reachability objective is expected burned area over observed scenario nodes. | x and q variables are continuous in [0,1]; y variables are binary for eligible nodes. | Root nodes are forced to burn and propagate even if selected as firebreaks. | Non-eligible non-root nodes use x_v >= q_v because no y_v variable exists. | FppRecourseEvaluator validation passed for final selected firebreaks. | Train reader warning: IgnitionsHistory/ignitions_log.csv has one numeric column; assuming line number is the scenario ID. | Test reader warning: IgnitionsHistory/ignitions_log.csv has one numeric column; assuming line number is the scenario ID. | Test scenarios were used only for out-of-sample evaluation."
fpp_12mode_benchmark_alpha001,3,fpp_12mode_benchmark_alpha001_alpha0p01_train100_test100_case3_fpp_saa_fpp_cut_dominator_separator,2026-05-20T19:53:01Z,Sub20,FPP-SAA,0.01000000,4,100,100,expected_burned_area,34;64;79;100;111;127;129;130;154;175;177;206;207;215;230;235;241;263;269;274;290;294;304;316;319;321;353;369;372;373;381;396;405;426;437;449;458;461;469;472;490;491;492;497;503;504;506;516;517;528;531;532;536;538;543;548;554;555;566;577;584;586;587;609;612;630;631;641;683;704;705;715;726;733;734;743;754;758;786;792;815;832;834;840;854;859;867;868;878;903;931;932;934;936;937;973;974;986;994;997,10;20;23;25;31;45;56;59;63;65;80;85;102;108;115;120;121;125;138;163;180;181;186;216;218;237;253;268;270;277;313;318;324;326;328;335;336;349;364;375;379;384;392;393;414;430;433;439;479;485;508;510;513;527;544;563;564;576;580;585;607;613;619;627;666;681;684;689;701;709;736;738;739;751;753;773;774;780;784;797;798;803;807;820;831;835;836;842;847;862;883;906;941;942;953;963;989;993;996;1000,Optimal,102.91000000,102.91000000,0.00000000,9.84877298,1,0,28284,55517,0,0,0.00000000,fpp_cut_dominator_separator,cut,true,true,false,false,360,360,13962,13982,0,0,0,0,0,0.00000000,13610,4320,9290,100,0,0.13686550,0.00000000,,0,0,102.91000000,0.00000000,0.00000000,pass,193;264;316;326,false,false,,,,,102.91000000,243.00000000,110.58000000,260.40000000,0.01095864,0.01139106,0.06003152,RT=0.350000;ADAG=0.650000;GDG=0.000000;NFR=0.000000;EMPTY=0.000000,RT=0.490000;ADAG=0.510000;GDG=0.000000;NFR=0.000000;EMPTY=0.000000,Cell2Fire scenarios are treated as directed propagation graphs.,"Dominator preprocessing processed 100 scenarios: DAG=100, fallback=0, aggregate_cuts=4320, individual_cuts=9290. | Separator context callback enabled; CPLEX Threads forced to 1 for deterministic cut-cache safety. | Separator cuts registered through the CPLEX generic relaxation context callback. | Separator callback stats: invocations=0, min_cut_calls=0, cuts_added=0, duplicates_skipped=0, large_cuts_skipped=0. | FPP cut/reachability post-solve recourse validation matched the solver objective. | FPP cut/reachability objective is expected burned area over observed scenario nodes. | x and q variables are continuous in [0,1]; y variables are binary for eligible nodes. | Root nodes are forced to burn and propagate even if selected as firebreaks. | Non-eligible non-root nodes use x_v >= q_v because no y_v variable exists. | FppRecourseEvaluator validation passed for final selected firebreaks. | Train reader warning: IgnitionsHistory/ignitions_log.csv has one numeric column; assuming line number is the scenario ID. | Test reader warning: IgnitionsHistory/ignitions_log.csv has one numeric column; assuming line number is the scenario ID. | Test scenarios were used only for out-of-sample evaluation."
fpp_12mode_benchmark_alpha001,3,fpp_12mode_benchmark_alpha001_alpha0p01_train100_test100_case3_fpp_saa_fpp_cut_dominator_separator_greedy,2026-05-20T19:53:12Z,Sub20,FPP-SAA,0.01000000,4,100,100,expected_burned_area,34;64;79;100;111;127;129;130;154;175;177;206;207;215;230;235;241;263;269;274;290;294;304;316;319;321;353;369;372;373;381;396;405;426;437;449;458;461;469;472;490;491;492;497;503;504;506;516;517;528;531;532;536;538;543;548;554;555;566;577;584;586;587;609;612;630;631;641;683;704;705;715;726;733;734;743;754;758;786;792;815;832;834;840;854;859;867;868;878;903;931;932;934;936;937;973;974;986;994;997,10;20;23;25;31;45;56;59;63;65;80;85;102;108;115;120;121;125;138;163;180;181;186;216;218;237;253;268;270;277;313;318;324;326;328;335;336;349;364;375;379;384;392;393;414;430;433;439;479;485;508;510;513;527;544;563;564;576;580;585;607;613;619;627;666;681;684;689;701;709;736;738;739;751;753;773;774;780;784;797;798;803;807;820;831;835;836;842;847;862;883;906;941;942;953;963;989;993;996;1000,Optimal,102.91000000,102.91000000,0.00000000,9.70193047,1,0,28284,55517,0,0,0.00000000,fpp_cut_dominator_separator_greedy,cut,true,true,true,false,360,360,13962,13982,0,0,0,0,0,0.00000000,13610,4320,9290,100,0,0.13657114,0.29773400,104.47000000,200,4,102.91000000,0.00000000,0.00000000,pass,193;264;316;326,true,true,reachability-greedy-warm-start,264;326;146;287,,Warm start generated by reachability-greedy FPP recourse heuristic. | Reachability-greedy empty objective: 139.62. | Reachability-greedy final objective: 104.47. | Reachability-greedy exact marginal evaluations: 200. | Warm start status: Ready.,102.91000000,243.00000000,110.58000000,260.40000000,0.00853250,0.00897268,0.07213637,RT=0.350000;ADAG=0.650000;GDG=0.000000;NFR=0.000000;EMPTY=0.000000,RT=0.490000;ADAG=0.510000;GDG=0.000000;NFR=0.000000;EMPTY=0.000000,Cell2Fire scenarios are treated as directed propagation graphs.,"Dominator preprocessing processed 100 scenarios: DAG=100, fallback=0, aggregate_cuts=4320, individual_cuts=9290. | Separator context callback enabled; CPLEX Threads forced to 1 for deterministic cut-cache safety. | Cut/reachability MIP start values were generated from FppRecourseEvaluator and passed feasibility checks. | CPLEX full cut/reachability MIP start was added from warm-start solution with y/x/q values and recourse objective 104.47. | Separator cuts registered through the CPLEX generic relaxation context callback. | Separator callback stats: invocations=0, min_cut_calls=0, cuts_added=0, duplicates_skipped=0, large_cuts_skipped=0. | FPP cut/reachability post-solve recourse validation matched the solver objective. | FPP cut/reachability objective is expected burned area over observed scenario nodes. | x and q variables are continuous in [0,1]; y variables are binary for eligible nodes. | Root nodes are forced to burn and propagate even if selected as firebreaks. | Non-eligible non-root nodes use x_v >= q_v because no y_v variable exists. | Reachability-greedy warm start was used as a full y/x/q MIP start for the cut FPP formulation. | Reachability-greedy warm start empty objective: 139.62. | Reachability-greedy warm start final objective: 104.47. | Reachability-greedy warm start exact marginal evaluations: 200. | FppRecourseEvaluator validation passed for final selected firebreaks. | Train reader warning: IgnitionsHistory/ignitions_log.csv has one numeric column; assuming line number is the scenario ID. | Test reader warning: IgnitionsHistory/ignitions_log.csv has one numeric column; assuming line number is the scenario ID. | Test scenarios were used only for out-of-sample evaluation."
fpp_12mode_benchmark_alpha001,4,fpp_12mode_benchmark_alpha001_alpha0p01_train100_test100_case4_fpp_saa_fpp_base,2026-05-20T19:53:18Z,Sub20,FPP-SAA,0.01000000,4,100,100,expected_burned_area,9;29;32;43;44;73;78;104;116;123;129;141;148;170;178;182;185;201;211;231;234;241;248;249;262;272;273;302;318;332;351;352;392;393;396;397;405;407;408;424;430;446;480;482;500;512;514;528;540;541;544;548;552;558;559;564;567;577;584;588;594;595;627;628;633;641;649;686;708;721;726;733;736;742;749;750;751;767;769;772;773;779;781;785;813;817;829;880;887;910;917;918;922;924;944;951;961;966;987;994,4;8;20;25;35;46;82;84;90;95;99;115;124;128;135;140;150;155;167;173;202;218;236;267;269;288;294;317;320;321;327;335;342;346;350;354;365;367;373;380;382;384;387;401;402;404;420;437;458;465;466;486;487;489;498;501;507;522;526;527;539;565;574;602;608;622;636;650;653;654;656;671;696;699;714;738;739;745;747;752;755;759;764;765;778;790;803;821;823;832;846;856;919;932;940;941;960;977;978;993,Optimal,102.03000000,102.01360823,0.00016066,4.82130379,102,0,36360,13670,0,0,0.00000000,fpp_base,base,false,false,false,false,360,360,13561,13569,0,0,0,0,0,0.00000000,0,0,0,0,0,0.00000000,0.00000000,,0,0,102.03000000,0.00000000,0.00000000,pass,147;192;287;347,false,false,,,,,102.03000000,232.70000000,122.10000000,259.90000000,0.00795276,0.00947769,0.06232591,RT=0.430000;ADAG=0.570000;GDG=0.000000;NFR=0.000000;EMPTY=0.000000,RT=0.460000;ADAG=0.540000;GDG=0.000000;NFR=0.000000;EMPTY=0.000000,Cell2Fire scenarios are treated as directed propagation graphs.,FPP-SAA objective is expected burned area over loaded scenarios. | Propagation constraints use y_v only when v is eligible. | FppRecourseEvaluator validation passed for final selected firebreaks. | Train reader warning: IgnitionsHistory/ignitions_log.csv has one numeric column; assuming line number is the scenario ID. | Test reader warning: IgnitionsHistory/ignitions_log.csv has one numeric column; assuming line number is the scenario ID. | Test scenarios were used only for out-of-sample evaluation.
fpp_12mode_benchmark_alpha001,4,fpp_12mode_benchmark_alpha001_alpha0p01_train100_test100_case4_fpp_saa_fpp_base_greedy,2026-05-20T19:53:21Z,Sub20,FPP-SAA,0.01000000,4,100,100,expected_burned_area,9;29;32;43;44;73;78;104;116;123;129;141;148;170;178;182;185;201;211;231;234;241;248;249;262;272;273;302;318;332;351;352;392;393;396;397;405;407;408;424;430;446;480;482;500;512;514;528;540;541;544;548;552;558;559;564;567;577;584;588;594;595;627;628;633;641;649;686;708;721;726;733;736;742;749;750;751;767;769;772;773;779;781;785;813;817;829;880;887;910;917;918;922;924;944;951;961;966;987;994,4;8;20;25;35;46;82;84;90;95;99;115;124;128;135;140;150;155;167;173;202;218;236;267;269;288;294;317;320;321;327;335;342;346;350;354;365;367;373;380;382;384;387;401;402;404;420;437;458;465;466;486;487;489;498;501;507;522;526;527;539;565;574;602;608;622;636;650;653;654;656;671;696;699;714;738;739;745;747;752;755;759;764;765;778;790;803;821;823;832;846;856;919;932;940;941;960;977;978;993,Optimal,102.03000000,102.03000000,0.00000000,3.30600813,1,0,36360,13670,0,0,0.00000000,fpp_base_greedy,base,false,false,true,false,360,360,13561,13569,0,0,0,0,0,0.00000000,0,0,0,0,0,0.00000000,0.26910881,102.95000000,200,4,102.03000000,0.00000000,0.00000000,pass,147;192;287;347,true,true,reachability-greedy-warm-start,245;192;326;147,,Warm start generated by reachability-greedy FPP recourse heuristic. | Reachability-greedy empty objective: 135.61. | Reachability-greedy final objective: 102.95. | Reachability-greedy exact marginal evaluations: 200. | Warm start status: Ready.,102.03000000,232.70000000,122.10000000,259.90000000,0.00808960,0.00948919,0.06115703,RT=0.430000;ADAG=0.570000;GDG=0.000000;NFR=0.000000;EMPTY=0.000000,RT=0.460000;ADAG=0.540000;GDG=0.000000;NFR=0.000000;EMPTY=0.000000,Cell2Fire scenarios are treated as directed propagation graphs.,CPLEX y-only MIP start was added from warm-start solution. | FPP-SAA objective is expected burned area over loaded scenarios. | Propagation constraints use y_v only when v is eligible. | Reachability-greedy warm start was used as a y-only MIP start for the base FPP formulation. | Reachability-greedy warm start empty objective: 135.61. | Reachability-greedy warm start final objective: 102.95. | Reachability-greedy warm start exact marginal evaluations: 200. | FppRecourseEvaluator validation passed for final selected firebreaks. | Train reader warning: IgnitionsHistory/ignitions_log.csv has one numeric column; assuming line number is the scenario ID. | Test reader warning: IgnitionsHistory/ignitions_log.csv has one numeric column; assuming line number is the scenario ID. | Test scenarios were used only for out-of-sample evaluation.
fpp_12mode_benchmark_alpha001,4,fpp_12mode_benchmark_alpha001_alpha0p01_train100_test100_case4_fpp_saa_fpp_base_dominator,2026-05-20T19:53:33Z,Sub20,FPP-SAA,0.01000000,4,100,100,expected_burned_area,9;29;32;43;44;73;78;104;116;123;129;141;148;170;178;182;185;201;211;231;234;241;248;249;262;272;273;302;318;332;351;352;392;393;396;397;405;407;408;424;430;446;480;482;500;512;514;528;540;541;544;548;552;558;559;564;567;577;584;588;594;595;627;628;633;641;649;686;708;721;726;733;736;742;749;750;751;767;769;772;773;779;781;785;813;817;829;880;887;910;917;918;922;924;944;951;961;966;987;994,4;8;20;25;35;46;82;84;90;95;99;115;124;128;135;140;150;155;167;173;202;218;236;267;269;288;294;317;320;321;327;335;342;346;350;354;365;367;373;380;382;384;387;401;402;404;420;437;458;465;466;486;487;489;498;501;507;522;526;527;539;565;574;602;608;622;636;650;653;654;656;671;696;699;714;738;739;745;747;752;755;759;764;765;778;790;803;821;823;832;846;856;919;932;940;941;960;977;978;993,Optimal,102.03000000,102.03000000,0.00000000,10.91009835,1,0,36360,26710,0,0,0.00000000,fpp_base_dominator,base,true,false,false,false,360,360,13561,13569,0,0,0,0,0,0.00000000,13040,4108,8932,100,0,0.12032612,0.00000000,,0,0,102.03000000,0.00000000,0.00000000,pass,147;192;287;347,false,false,,,,,102.03000000,232.70000000,122.10000000,259.90000000,0.00466556,0.00554043,0.05874424,RT=0.430000;ADAG=0.570000;GDG=0.000000;NFR=0.000000;EMPTY=0.000000,RT=0.460000;ADAG=0.540000;GDG=0.000000;NFR=0.000000;EMPTY=0.000000,Cell2Fire scenarios are treated as directed propagation graphs.,"Dominator preprocessing processed 100 scenarios: DAG=100, fallback=0, aggregate_cuts=4108, individual_cuts=8932. | FPP-SAA objective is expected burned area over loaded scenarios. | Propagation constraints use y_v only when v is eligible. | FppRecourseEvaluator validation passed for final selected firebreaks. | Train reader warning: IgnitionsHistory/ignitions_log.csv has one numeric column; assuming line number is the scenario ID. | Test reader warning: IgnitionsHistory/ignitions_log.csv has one numeric column; assuming line number is the scenario ID. | Test scenarios were used only for out-of-sample evaluation."
fpp_12mode_benchmark_alpha001,4,fpp_12mode_benchmark_alpha001_alpha0p01_train100_test100_case4_fpp_saa_fpp_base_separator,2026-05-20T19:53:37Z,Sub20,FPP-SAA,0.01000000,4,100,100,expected_burned_area,9;29;32;43;44;73;78;104;116;123;129;141;148;170;178;182;185;201;211;231;234;241;248;249;262;272;273;302;318;332;351;352;392;393;396;397;405;407;408;424;430;446;480;482;500;512;514;528;540;541;544;548;552;558;559;564;567;577;584;588;594;595;627;628;633;641;649;686;708;721;726;733;736;742;749;750;751;767;769;772;773;779;781;785;813;817;829;880;887;910;917;918;922;924;944;951;961;966;987;994,4;8;20;25;35;46;82;84;90;95;99;115;124;128;135;140;150;155;167;173;202;218;236;267;269;288;294;317;320;321;327;335;342;346;350;354;365;367;373;380;382;384;387;401;402;404;420;437;458;465;466;486;487;489;498;501;507;522;526;527;539;565;574;602;608;622;636;650;653;654;656;671;696;699;714;738;739;745;747;752;755;759;764;765;778;790;803;821;823;832;846;856;919;932;940;941;960;977;978;993,Optimal,102.03000000,102.01360823,0.00016066,3.36685736,102,0,36360,13670,0,0,0.00000000,fpp_base_separator,base,false,true,false,false,360,360,13561,13569,0,2600,13,0,0,0.65164246,0,0,0,0,0,0.00000000,0.00000000,,0,0,102.03000000,0.00000000,0.00000000,pass,147;192;287;347,false,false,,,,,102.03000000,232.70000000,122.10000000,259.90000000,0.00485009,0.00591499,0.03537064,RT=0.430000;ADAG=0.570000;GDG=0.000000;NFR=0.000000;EMPTY=0.000000,RT=0.460000;ADAG=0.540000;GDG=0.000000;NFR=0.000000;EMPTY=0.000000,Cell2Fire scenarios are treated as directed propagation graphs.,"Separator context callback enabled; CPLEX Threads forced to 1 for deterministic cut-cache safety. | Separator cuts registered through the CPLEX generic relaxation context callback. | Separator callback stats: invocations=13, min_cut_calls=2600, cuts_added=0, duplicates_skipped=0, large_cuts_skipped=0. | FPP-SAA objective is expected burned area over loaded scenarios. | Propagation constraints use y_v only when v is eligible. | FppRecourseEvaluator validation passed for final selected firebreaks. | Train reader warning: IgnitionsHistory/ignitions_log.csv has one numeric column; assuming line number is the scenario ID. | Test reader warning: IgnitionsHistory/ignitions_log.csv has one numeric column; assuming line number is the scenario ID. | Test scenarios were used only for out-of-sample evaluation."
fpp_12mode_benchmark_alpha001,4,fpp_12mode_benchmark_alpha001_alpha0p01_train100_test100_case4_fpp_saa_fpp_base_dominator_separator,2026-05-20T19:53:50Z,Sub20,FPP-SAA,0.01000000,4,100,100,expected_burned_area,9;29;32;43;44;73;78;104;116;123;129;141;148;170;178;182;185;201;211;231;234;241;248;249;262;272;273;302;318;332;351;352;392;393;396;397;405;407;408;424;430;446;480;482;500;512;514;528;540;541;544;548;552;558;559;564;567;577;584;588;594;595;627;628;633;641;649;686;708;721;726;733;736;742;749;750;751;767;769;772;773;779;781;785;813;817;829;880;887;910;917;918;922;924;944;951;961;966;987;994,4;8;20;25;35;46;82;84;90;95;99;115;124;128;135;140;150;155;167;173;202;218;236;267;269;288;294;317;320;321;327;335;342;346;350;354;365;367;373;380;382;384;387;401;402;404;420;437;458;465;466;486;487;489;498;501;507;522;526;527;539;565;574;602;608;622;636;650;653;654;656;671;696;699;714;738;739;745;747;752;755;759;764;765;778;790;803;821;823;832;846;856;919;932;940;941;960;977;978;993,Optimal,102.03000000,102.03000000,0.00000000,12.94484543,1,0,36360,26710,0,0,0.00000000,fpp_base_dominator_separator,base,true,true,false,false,360,360,13561,13569,0,1800,9,0,0,0.78198169,13040,4108,8932,100,0,0.07635674,0.00000000,,0,0,102.03000000,0.00000000,0.00000000,pass,147;192;287;347,false,false,,,,,102.03000000,232.70000000,122.10000000,259.90000000,0.00869810,0.01043649,0.03699955,RT=0.430000;ADAG=0.570000;GDG=0.000000;NFR=0.000000;EMPTY=0.000000,RT=0.460000;ADAG=0.540000;GDG=0.000000;NFR=0.000000;EMPTY=0.000000,Cell2Fire scenarios are treated as directed propagation graphs.,"Dominator preprocessing processed 100 scenarios: DAG=100, fallback=0, aggregate_cuts=4108, individual_cuts=8932. | Separator context callback enabled; CPLEX Threads forced to 1 for deterministic cut-cache safety. | Separator cuts registered through the CPLEX generic relaxation context callback. | Separator callback stats: invocations=9, min_cut_calls=1800, cuts_added=0, duplicates_skipped=0, large_cuts_skipped=0. | FPP-SAA objective is expected burned area over loaded scenarios. | Propagation constraints use y_v only when v is eligible. | FppRecourseEvaluator validation passed for final selected firebreaks. | Train reader warning: IgnitionsHistory/ignitions_log.csv has one numeric column; assuming line number is the scenario ID. | Test reader warning: IgnitionsHistory/ignitions_log.csv has one numeric column; assuming line number is the scenario ID. | Test scenarios were used only for out-of-sample evaluation."
fpp_12mode_benchmark_alpha001,4,fpp_12mode_benchmark_alpha001_alpha0p01_train100_test100_case4_fpp_saa_fpp_base_dominator_separator_greedy,2026-05-20T19:54:08Z,Sub20,FPP-SAA,0.01000000,4,100,100,expected_burned_area,9;29;32;43;44;73;78;104;116;123;129;141;148;170;178;182;185;201;211;231;234;241;248;249;262;272;273;302;318;332;351;352;392;393;396;397;405;407;408;424;430;446;480;482;500;512;514;528;540;541;544;548;552;558;559;564;567;577;584;588;594;595;627;628;633;641;649;686;708;721;726;733;736;742;749;750;751;767;769;772;773;779;781;785;813;817;829;880;887;910;917;918;922;924;944;951;961;966;987;994,4;8;20;25;35;46;82;84;90;95;99;115;124;128;135;140;150;155;167;173;202;218;236;267;269;288;294;317;320;321;327;335;342;346;350;354;365;367;373;380;382;384;387;401;402;404;420;437;458;465;466;486;487;489;498;501;507;522;526;527;539;565;574;602;608;622;636;650;653;654;656;671;696;699;714;738;739;745;747;752;755;759;764;765;778;790;803;821;823;832;846;856;919;932;940;941;960;977;978;993,Optimal,102.03000000,102.03000000,0.00000000,16.75340165,1,0,36360,26710,0,0,0.00000000,fpp_base_dominator_separator_greedy,base,true,true,true,false,360,360,13561,13569,0,1400,7,0,0,0.66372433,13040,4108,8932,100,0,0.14034074,0.30309013,102.95000000,200,4,102.03000000,0.00000000,0.00000000,pass,147;192;287;347,true,true,reachability-greedy-warm-start,245;192;326;147,,Warm start generated by reachability-greedy FPP recourse heuristic. | Reachability-greedy empty objective: 135.61. | Reachability-greedy final objective: 102.95. | Reachability-greedy exact marginal evaluations: 200. | Warm start status: Ready.,102.03000000,232.70000000,122.10000000,259.90000000,0.00872844,0.01034950,0.06627953,RT=0.430000;ADAG=0.570000;GDG=0.000000;NFR=0.000000;EMPTY=0.000000,RT=0.460000;ADAG=0.540000;GDG=0.000000;NFR=0.000000;EMPTY=0.000000,Cell2Fire scenarios are treated as directed propagation graphs.,"Dominator preprocessing processed 100 scenarios: DAG=100, fallback=0, aggregate_cuts=4108, individual_cuts=8932. | Separator context callback enabled; CPLEX Threads forced to 1 for deterministic cut-cache safety. | CPLEX y-only MIP start was added from warm-start solution. | Separator cuts registered through the CPLEX generic relaxation context callback. | Separator callback stats: invocations=7, min_cut_calls=1400, cuts_added=0, duplicates_skipped=0, large_cuts_skipped=0. | FPP-SAA objective is expected burned area over loaded scenarios. | Propagation constraints use y_v only when v is eligible. | Reachability-greedy warm start was used as a y-only MIP start for the base FPP formulation. | Reachability-greedy warm start empty objective: 135.61. | Reachability-greedy warm start final objective: 102.95. | Reachability-greedy warm start exact marginal evaluations: 200. | FppRecourseEvaluator validation passed for final selected firebreaks. | Train reader warning: IgnitionsHistory/ignitions_log.csv has one numeric column; assuming line number is the scenario ID. | Test reader warning: IgnitionsHistory/ignitions_log.csv has one numeric column; assuming line number is the scenario ID. | Test scenarios were used only for out-of-sample evaluation."
fpp_12mode_benchmark_alpha001,4,fpp_12mode_benchmark_alpha001_alpha0p01_train100_test100_case4_fpp_saa_fpp_cut,2026-05-20T19:54:18Z,Sub20,FPP-SAA,0.01000000,4,100,100,expected_burned_area,9;29;32;43;44;73;78;104;116;123;129;141;148;170;178;182;185;201;211;231;234;241;248;249;262;272;273;302;318;332;351;352;392;393;396;397;405;407;408;424;430;446;480;482;500;512;514;528;540;541;544;548;552;558;559;564;567;577;584;588;594;595;627;628;633;641;649;686;708;721;726;733;736;742;749;750;751;767;769;772;773;779;781;785;813;817;829;880;887;910;917;918;922;924;944;951;961;966;987;994,4;8;20;25;35;46;82;84;90;95;99;115;124;128;135;140;150;155;167;173;202;218;236;267;269;288;294;317;320;321;327;335;342;346;350;354;365;367;373;380;382;384;387;401;402;404;420;437;458;465;466;486;487;489;498;501;507;522;526;527;539;565;574;602;608;622;636;650;653;654;656;671;696;699;714;738;739;745;747;752;755;759;764;765;778;790;803;821;823;832;846;856;919;932;940;941;960;977;978;993,Optimal,102.03000000,101.92965517,0.00098348,9.64783810,102,3,27482,40692,0,0,0.00000000,fpp_cut,cut,false,false,false,false,360,360,13561,13569,0,0,0,0,0,0.00000000,0,0,0,0,0,0.00000000,0.00000000,,0,0,102.03000000,0.00000000,0.00000000,pass,147;192;287;347,false,false,,,,,102.03000000,232.70000000,122.10000000,259.90000000,0.00843837,0.01051151,0.06546110,RT=0.430000;ADAG=0.570000;GDG=0.000000;NFR=0.000000;EMPTY=0.000000,RT=0.460000;ADAG=0.540000;GDG=0.000000;NFR=0.000000;EMPTY=0.000000,Cell2Fire scenarios are treated as directed propagation graphs.,"FPP cut/reachability post-solve recourse validation matched the solver objective. | FPP cut/reachability objective is expected burned area over observed scenario nodes. | x and q variables are continuous in [0,1]; y variables are binary for eligible nodes. | Root nodes are forced to burn and propagate even if selected as firebreaks. | Non-eligible non-root nodes use x_v >= q_v because no y_v variable exists. | FppRecourseEvaluator validation passed for final selected firebreaks. | Train reader warning: IgnitionsHistory/ignitions_log.csv has one numeric column; assuming line number is the scenario ID. | Test reader warning: IgnitionsHistory/ignitions_log.csv has one numeric column; assuming line number is the scenario ID. | Test scenarios were used only for out-of-sample evaluation."
fpp_12mode_benchmark_alpha001,4,fpp_12mode_benchmark_alpha001_alpha0p01_train100_test100_case4_fpp_saa_fpp_cut_greedy,2026-05-20T19:54:28Z,Sub20,FPP-SAA,0.01000000,4,100,100,expected_burned_area,9;29;32;43;44;73;78;104;116;123;129;141;148;170;178;182;185;201;211;231;234;241;248;249;262;272;273;302;318;332;351;352;392;393;396;397;405;407;408;424;430;446;480;482;500;512;514;528;540;541;544;548;552;558;559;564;567;577;584;588;594;595;627;628;633;641;649;686;708;721;726;733;736;742;749;750;751;767;769;772;773;779;781;785;813;817;829;880;887;910;917;918;922;924;944;951;961;966;987;994,4;8;20;25;35;46;82;84;90;95;99;115;124;128;135;140;150;155;167;173;202;218;236;267;269;288;294;317;320;321;327;335;342;346;350;354;365;367;373;380;382;384;387;401;402;404;420;437;458;465;466;486;487;489;498;501;507;522;526;527;539;565;574;602;608;622;636;650;653;654;656;671;696;699;714;738;739;745;747;752;755;759;764;765;778;790;803;821;823;832;846;856;919;932;940;941;960;977;978;993,Optimal,102.03000000,102.03000000,0.00000000,9.36927524,1,5,27482,40692,0,0,0.00000000,fpp_cut_greedy,cut,false,false,true,false,360,360,13561,13569,0,0,0,0,0,0.00000000,0,0,0,0,0,0.00000000,0.28279369,102.95000000,200,4,102.03000000,0.00000000,0.00000000,pass,147;192;287;347,true,true,reachability-greedy-warm-start,245;192;326;147,,Warm start generated by reachability-greedy FPP recourse heuristic. | Reachability-greedy empty objective: 135.61. | Reachability-greedy final objective: 102.95. | Reachability-greedy exact marginal evaluations: 200. | Warm start status: Ready.,102.03000000,232.70000000,122.10000000,259.90000000,0.00794528,0.00942742,0.06195154,RT=0.430000;ADAG=0.570000;GDG=0.000000;NFR=0.000000;EMPTY=0.000000,RT=0.460000;ADAG=0.540000;GDG=0.000000;NFR=0.000000;EMPTY=0.000000,Cell2Fire scenarios are treated as directed propagation graphs.,"Cut/reachability MIP start values were generated from FppRecourseEvaluator and passed feasibility checks. | CPLEX full cut/reachability MIP start was added from warm-start solution with y/x/q values and recourse objective 102.95. | FPP cut/reachability post-solve recourse validation matched the solver objective. | FPP cut/reachability objective is expected burned area over observed scenario nodes. | x and q variables are continuous in [0,1]; y variables are binary for eligible nodes. | Root nodes are forced to burn and propagate even if selected as firebreaks. | Non-eligible non-root nodes use x_v >= q_v because no y_v variable exists. | Reachability-greedy warm start was used as a full y/x/q MIP start for the cut FPP formulation. | Reachability-greedy warm start empty objective: 135.61. | Reachability-greedy warm start final objective: 102.95. | Reachability-greedy warm start exact marginal evaluations: 200. | FppRecourseEvaluator validation passed for final selected firebreaks. | Train reader warning: IgnitionsHistory/ignitions_log.csv has one numeric column; assuming line number is the scenario ID. | Test reader warning: IgnitionsHistory/ignitions_log.csv has one numeric column; assuming line number is the scenario ID. | Test scenarios were used only for out-of-sample evaluation."
fpp_12mode_benchmark_alpha001,4,fpp_12mode_benchmark_alpha001_alpha0p01_train100_test100_case4_fpp_saa_fpp_cut_dominator,2026-05-20T19:54:45Z,Sub20,FPP-SAA,0.01000000,4,100,100,expected_burned_area,9;29;32;43;44;73;78;104;116;123;129;141;148;170;178;182;185;201;211;231;234;241;248;249;262;272;273;302;318;332;351;352;392;393;396;397;405;407;408;424;430;446;480;482;500;512;514;528;540;541;544;548;552;558;559;564;567;577;584;588;594;595;627;628;633;641;649;686;708;721;726;733;736;742;749;750;751;767;769;772;773;779;781;785;813;817;829;880;887;910;917;918;922;924;944;951;961;966;987;994,4;8;20;25;35;46;82;84;90;95;99;115;124;128;135;140;150;155;167;173;202;218;236;267;269;288;294;317;320;321;327;335;342;346;350;354;365;367;373;380;382;384;387;401;402;404;420;437;458;465;466;486;487;489;498;501;507;522;526;527;539;565;574;602;608;622;636;650;653;654;656;671;696;699;714;738;739;745;747;752;755;759;764;765;778;790;803;821;823;832;846;856;919;932;940;941;960;977;978;993,Optimal,102.03000000,101.95047619,0.00077942,16.77074280,102,3,27482,53603,0,0,0.00000000,fpp_cut_dominator,cut,true,false,false,false,360,360,13561,13569,0,0,0,0,0,0.00000000,12911,4108,8803,100,0,0.12292728,0.00000000,,0,0,102.03000000,0.00000000,0.00000000,pass,147;192;287;347,false,false,,,,,102.03000000,232.70000000,122.10000000,259.90000000,0.00851692,0.01035775,0.05917558,RT=0.430000;ADAG=0.570000;GDG=0.000000;NFR=0.000000;EMPTY=0.000000,RT=0.460000;ADAG=0.540000;GDG=0.000000;NFR=0.000000;EMPTY=0.000000,Cell2Fire scenarios are treated as directed propagation graphs.,"Dominator preprocessing processed 100 scenarios: DAG=100, fallback=0, aggregate_cuts=4108, individual_cuts=8803. | FPP cut/reachability post-solve recourse validation matched the solver objective. | FPP cut/reachability objective is expected burned area over observed scenario nodes. | x and q variables are continuous in [0,1]; y variables are binary for eligible nodes. | Root nodes are forced to burn and propagate even if selected as firebreaks. | Non-eligible non-root nodes use x_v >= q_v because no y_v variable exists. | FppRecourseEvaluator validation passed for final selected firebreaks. | Train reader warning: IgnitionsHistory/ignitions_log.csv has one numeric column; assuming line number is the scenario ID. | Test reader warning: IgnitionsHistory/ignitions_log.csv has one numeric column; assuming line number is the scenario ID. | Test scenarios were used only for out-of-sample evaluation."
fpp_12mode_benchmark_alpha001,4,fpp_12mode_benchmark_alpha001_alpha0p01_train100_test100_case4_fpp_saa_fpp_cut_separator,2026-05-20T19:54:55Z,Sub20,FPP-SAA,0.01000000,4,100,100,expected_burned_area,9;29;32;43;44;73;78;104;116;123;129;141;148;170;178;182;185;201;211;231;234;241;248;249;262;272;273;302;318;332;351;352;392;393;396;397;405;407;408;424;430;446;480;482;500;512;514;528;540;541;544;548;552;558;559;564;567;577;584;588;594;595;627;628;633;641;649;686;708;721;726;733;736;742;749;750;751;767;769;772;773;779;781;785;813;817;829;880;887;910;917;918;922;924;944;951;961;966;987;994,4;8;20;25;35;46;82;84;90;95;99;115;124;128;135;140;150;155;167;173;202;218;236;267;269;288;294;317;320;321;327;335;342;346;350;354;365;367;373;380;382;384;387;401;402;404;420;437;458;465;466;486;487;489;498;501;507;522;526;527;539;565;574;602;608;622;636;650;653;654;656;671;696;699;714;738;739;745;747;752;755;759;764;765;778;790;803;821;823;832;846;856;919;932;940;941;960;977;978;993,Optimal,102.03000000,101.92965517,0.00098348,9.51487800,102,3,27482,40692,0,0,0.00000000,fpp_cut_separator,cut,false,true,false,false,360,360,13561,13569,0,1000,7,0,0,0.43971253,0,0,0,0,0,0.00000000,0.00000000,,0,0,102.03000000,0.00000000,0.00000000,pass,147;192;287;347,false,false,,,,,102.03000000,232.70000000,122.10000000,259.90000000,0.00904807,0.01042366,0.06514990,RT=0.430000;ADAG=0.570000;GDG=0.000000;NFR=0.000000;EMPTY=0.000000,RT=0.460000;ADAG=0.540000;GDG=0.000000;NFR=0.000000;EMPTY=0.000000,Cell2Fire scenarios are treated as directed propagation graphs.,"Separator context callback enabled; CPLEX Threads forced to 1 for deterministic cut-cache safety. | Separator cuts registered through the CPLEX generic relaxation context callback. | Separator callback stats: invocations=7, min_cut_calls=1000, cuts_added=0, duplicates_skipped=0, large_cuts_skipped=0. | FPP cut/reachability post-solve recourse validation matched the solver objective. | FPP cut/reachability objective is expected burned area over observed scenario nodes. | x and q variables are continuous in [0,1]; y variables are binary for eligible nodes. | Root nodes are forced to burn and propagate even if selected as firebreaks. | Non-eligible non-root nodes use x_v >= q_v because no y_v variable exists. | FppRecourseEvaluator validation passed for final selected firebreaks. | Train reader warning: IgnitionsHistory/ignitions_log.csv has one numeric column; assuming line number is the scenario ID. | Test reader warning: IgnitionsHistory/ignitions_log.csv has one numeric column; assuming line number is the scenario ID. | Test scenarios were used only for out-of-sample evaluation."
fpp_12mode_benchmark_alpha001,4,fpp_12mode_benchmark_alpha001_alpha0p01_train100_test100_case4_fpp_saa_fpp_cut_dominator_separator,2026-05-20T19:55:14Z,Sub20,FPP-SAA,0.01000000,4,100,100,expected_burned_area,9;29;32;43;44;73;78;104;116;123;129;141;148;170;178;182;185;201;211;231;234;241;248;249;262;272;273;302;318;332;351;352;392;393;396;397;405;407;408;424;430;446;480;482;500;512;514;528;540;541;544;548;552;558;559;564;567;577;584;588;594;595;627;628;633;641;649;686;708;721;726;733;736;742;749;750;751;767;769;772;773;779;781;785;813;817;829;880;887;910;917;918;922;924;944;951;961;966;987;994,4;8;20;25;35;46;82;84;90;95;99;115;124;128;135;140;150;155;167;173;202;218;236;267;269;288;294;317;320;321;327;335;342;346;350;354;365;367;373;380;382;384;387;401;402;404;420;437;458;465;466;486;487;489;498;501;507;522;526;527;539;565;574;602;608;622;636;650;653;654;656;671;696;699;714;738;739;745;747;752;755;759;764;765;778;790;803;821;823;832;846;856;919;932;940;941;960;977;978;993,Optimal,102.03000000,101.95047619,0.00077942,18.13365387,102,3,27482,53603,0,0,0.00000000,fpp_cut_dominator_separator,cut,true,true,false,false,360,360,13561,13569,0,2200,13,0,0,0.91724430,12911,4108,8803,100,0,0.12655353,0.00000000,,0,0,102.03000000,0.00000000,0.00000000,pass,147;192;287;347,false,false,,,,,102.03000000,232.70000000,122.10000000,259.90000000,0.00787788,0.00972247,0.06188624,RT=0.430000;ADAG=0.570000;GDG=0.000000;NFR=0.000000;EMPTY=0.000000,RT=0.460000;ADAG=0.540000;GDG=0.000000;NFR=0.000000;EMPTY=0.000000,Cell2Fire scenarios are treated as directed propagation graphs.,"Dominator preprocessing processed 100 scenarios: DAG=100, fallback=0, aggregate_cuts=4108, individual_cuts=8803. | Separator context callback enabled; CPLEX Threads forced to 1 for deterministic cut-cache safety. | Separator cuts registered through the CPLEX generic relaxation context callback. | Separator callback stats: invocations=13, min_cut_calls=2200, cuts_added=0, duplicates_skipped=0, large_cuts_skipped=0. | FPP cut/reachability post-solve recourse validation matched the solver objective. | FPP cut/reachability objective is expected burned area over observed scenario nodes. | x and q variables are continuous in [0,1]; y variables are binary for eligible nodes. | Root nodes are forced to burn and propagate even if selected as firebreaks. | Non-eligible non-root nodes use x_v >= q_v because no y_v variable exists. | FppRecourseEvaluator validation passed for final selected firebreaks. | Train reader warning: IgnitionsHistory/ignitions_log.csv has one numeric column; assuming line number is the scenario ID. | Test reader warning: IgnitionsHistory/ignitions_log.csv has one numeric column; assuming line number is the scenario ID. | Test scenarios were used only for out-of-sample evaluation."
fpp_12mode_benchmark_alpha001,4,fpp_12mode_benchmark_alpha001_alpha0p01_train100_test100_case4_fpp_saa_fpp_cut_dominator_separator_greedy,2026-05-20T19:55:29Z,Sub20,FPP-SAA,0.01000000,4,100,100,expected_burned_area,9;29;32;43;44;73;78;104;116;123;129;141;148;170;178;182;185;201;211;231;234;241;248;249;262;272;273;302;318;332;351;352;392;393;396;397;405;407;408;424;430;446;480;482;500;512;514;528;540;541;544;548;552;558;559;564;567;577;584;588;594;595;627;628;633;641;649;686;708;721;726;733;736;742;749;750;751;767;769;772;773;779;781;785;813;817;829;880;887;910;917;918;922;924;944;951;961;966;987;994,4;8;20;25;35;46;82;84;90;95;99;115;124;128;135;140;150;155;167;173;202;218;236;267;269;288;294;317;320;321;327;335;342;346;350;354;365;367;373;380;382;384;387;401;402;404;420;437;458;465;466;486;487;489;498;501;507;522;526;527;539;565;574;602;608;622;636;650;653;654;656;671;696;699;714;738;739;745;747;752;755;759;764;765;778;790;803;821;823;832;846;856;919;932;940;941;960;977;978;993,Optimal,102.03000000,101.94870968,0.00079673,13.79299688,102,5,27482,53603,0,0,0.00000000,fpp_cut_dominator_separator_greedy,cut,true,true,true,false,360,360,13561,13569,0,1400,11,0,0,0.61481512,12911,4108,8803,100,0,0.12665384,0.27452653,102.95000000,200,4,102.03000000,0.00000000,0.00000000,pass,147;192;287;347,true,true,reachability-greedy-warm-start,245;192;326;147,,Warm start generated by reachability-greedy FPP recourse heuristic. | Reachability-greedy empty objective: 135.61. | Reachability-greedy final objective: 102.95. | Reachability-greedy exact marginal evaluations: 200. | Warm start status: Ready.,102.03000000,232.70000000,122.10000000,259.90000000,0.00865858,0.01038314,0.06197971,RT=0.430000;ADAG=0.570000;GDG=0.000000;NFR=0.000000;EMPTY=0.000000,RT=0.460000;ADAG=0.540000;GDG=0.000000;NFR=0.000000;EMPTY=0.000000,Cell2Fire scenarios are treated as directed propagation graphs.,"Dominator preprocessing processed 100 scenarios: DAG=100, fallback=0, aggregate_cuts=4108, individual_cuts=8803. | Separator context callback enabled; CPLEX Threads forced to 1 for deterministic cut-cache safety. | Cut/reachability MIP start values were generated from FppRecourseEvaluator and passed feasibility checks. | CPLEX full cut/reachability MIP start was added from warm-start solution with y/x/q values and recourse objective 102.95. | Separator cuts registered through the CPLEX generic relaxation context callback. | Separator callback stats: invocations=11, min_cut_calls=1400, cuts_added=0, duplicates_skipped=0, large_cuts_skipped=0. | FPP cut/reachability post-solve recourse validation matched the solver objective. | FPP cut/reachability objective is expected burned area over observed scenario nodes. | x and q variables are continuous in [0,1]; y variables are binary for eligible nodes. | Root nodes are forced to burn and propagate even if selected as firebreaks. | Non-eligible non-root nodes use x_v >= q_v because no y_v variable exists. | Reachability-greedy warm start was used as a full y/x/q MIP start for the cut FPP formulation. | Reachability-greedy warm start empty objective: 135.61. | Reachability-greedy warm start final objective: 102.95. | Reachability-greedy warm start exact marginal evaluations: 200. | FppRecourseEvaluator validation passed for final selected firebreaks. | Train reader warning: IgnitionsHistory/ignitions_log.csv has one numeric column; assuming line number is the scenario ID. | Test reader warning: IgnitionsHistory/ignitions_log.csv has one numeric column; assuming line number is the scenario ID. | Test scenarios were used only for out-of-sample evaluation."
