experiment_id,case_id,run_id,timestamp,landscape,method,alpha,budget,train_scenario_count,test_scenario_count,objective_metric,train_ids,test_ids,solver_status,objective_in_sample,best_bound,mip_gap,runtime_seconds,solver_status_code,explored_nodes,num_variables,num_constraints,solver_iterations,cuts_added,max_cut_violation,fpp_mode,formulation,dominator_cuts_enabled,separator_cuts_enabled,greedy_warm_start_enabled,local_search_enabled,compact_node_count,eligible_node_count,total_observed_scenario_nodes,total_scenario_arcs,separator_cuts_added,separator_min_cut_calls,separator_callback_invocations,separator_duplicate_cuts_skipped,separator_large_cuts_skipped,separator_time_sec,dominator_cuts_added,dominator_aggregate_cuts_added,dominator_individual_cuts_added,dominator_dag_scenarios,dominator_fallback_scenarios,dominator_preprocessing_time_sec,heuristic_time_sec,heuristic_objective,heuristic_exact_evaluations,heuristic_selected_count,evaluator_objective,evaluator_abs_diff,evaluator_rel_diff,validation_status,selected_firebreaks,warm_start_used,mip_start_accepted,warm_start_source,warm_start_valid_nodes,warm_start_ignored_nodes,warm_start_notes,train_expected_burned_area,train_worst_10pct_burned_area,test_expected_burned_area,test_worst_10pct_burned_area,train_evaluation_runtime_seconds,test_evaluation_runtime_seconds,test_scenario_loading_runtime_seconds,train_graph_classification_ratios,test_graph_classification_ratios,graph_type_note,notes
fpp_12mode_benchmark_alpha002,0,fpp_12mode_benchmark_alpha002_alpha0p02_train100_test100_case0_fpp_saa_fpp_base,2026-05-20T19:44:44Z,Sub20,FPP-SAA,0.02000000,8,100,100,expected_burned_area,8;13;22;26;32;36;51;54;62;63;71;85;88;89;96;98;116;125;143;159;167;171;177;178;197;205;210;229;230;247;254;259;282;290;296;304;306;335;345;353;356;365;370;374;381;417;433;454;482;497;542;545;562;564;581;593;604;620;636;638;657;663;666;685;717;736;740;751;765;782;784;793;815;820;822;826;832;848;859;865;872;874;894;902;910;919;924;929;931;933;937;938;941;950;951;957;964;986;991;997,4;5;39;61;64;103;104;128;140;142;148;151;152;179;180;209;214;223;233;240;243;246;249;255;256;271;272;281;285;323;331;337;344;348;367;371;382;396;418;434;439;470;479;485;503;504;520;524;529;546;555;561;565;568;576;579;585;598;613;615;624;625;626;640;651;656;670;678;690;703;709;732;735;754;756;766;785;786;789;794;810;834;836;840;846;862;863;869;880;881;883;907;911;912;917;945;948;956;959;970,Optimal,73.67000000,73.60047619,0.00094372,10.93384913,102,18,36360,13214,0,0,0.00000000,fpp_base,base,false,false,false,false,360,360,13107,13113,0,0,0,0,0,0.00000000,0,0,0,0,0,0.00000000,0.00000000,,0,0,73.67000000,0.00000000,0.00000000,pass,131;212;225;247;264;308;335;347,false,false,,,,,73.67000000,166.50000000,90.49000000,207.90000000,0.00594631,0.00724042,0.03238316,RT=0.470000;ADAG=0.530000;GDG=0.000000;NFR=0.000000;EMPTY=0.000000,RT=0.470000;ADAG=0.530000;GDG=0.000000;NFR=0.000000;EMPTY=0.000000,Cell2Fire scenarios are treated as directed propagation graphs.,FPP-SAA objective is expected burned area over loaded scenarios. | Propagation constraints use y_v only when v is eligible. | FppRecourseEvaluator validation passed for final selected firebreaks. | Train reader warning: IgnitionsHistory/ignitions_log.csv has one numeric column; assuming line number is the scenario ID. | Test reader warning: IgnitionsHistory/ignitions_log.csv has one numeric column; assuming line number is the scenario ID. | Test scenarios were used only for out-of-sample evaluation.
fpp_12mode_benchmark_alpha002,0,fpp_12mode_benchmark_alpha002_alpha0p02_train100_test100_case0_fpp_saa_fpp_base_greedy,2026-05-20T19:44:57Z,Sub20,FPP-SAA,0.02000000,8,100,100,expected_burned_area,8;13;22;26;32;36;51;54;62;63;71;85;88;89;96;98;116;125;143;159;167;171;177;178;197;205;210;229;230;247;254;259;282;290;296;304;306;335;345;353;356;365;370;374;381;417;433;454;482;497;542;545;562;564;581;593;604;620;636;638;657;663;666;685;717;736;740;751;765;782;784;793;815;820;822;826;832;848;859;865;872;874;894;902;910;919;924;929;931;933;937;938;941;950;951;957;964;986;991;997,4;5;39;61;64;103;104;128;140;142;148;151;152;179;180;209;214;223;233;240;243;246;249;255;256;271;272;281;285;323;331;337;344;348;367;371;382;396;418;434;439;470;479;485;503;504;520;524;529;546;555;561;565;568;576;579;585;598;613;615;624;625;626;640;651;656;670;678;690;703;709;732;735;754;756;766;785;786;789;794;810;834;836;840;846;862;863;869;880;881;883;907;911;912;917;945;948;956;959;970,Optimal,73.67000000,73.60047619,0.00094372,12.06044453,102,18,36360,13214,0,0,0.00000000,fpp_base_greedy,base,false,false,true,false,360,360,13107,13113,0,0,0,0,0,0.00000000,0,0,0,0,0,0.00000000,0.49258295,79.55000000,400,8,73.67000000,0.00000000,0.00000000,pass,131;212;225;247;264;308;335;347,true,true,reachability-greedy-warm-start,264;248;325;130;212;187;266;93,,Warm start generated by reachability-greedy FPP recourse heuristic. | Reachability-greedy empty objective: 131.07. | Reachability-greedy final objective: 79.55. | Reachability-greedy exact marginal evaluations: 400. | Warm start status: Ready.,73.67000000,166.50000000,90.49000000,207.90000000,0.00690731,0.00836387,0.05800715,RT=0.470000;ADAG=0.530000;GDG=0.000000;NFR=0.000000;EMPTY=0.000000,RT=0.470000;ADAG=0.530000;GDG=0.000000;NFR=0.000000;EMPTY=0.000000,Cell2Fire scenarios are treated as directed propagation graphs.,CPLEX y-only MIP start was added from warm-start solution. | FPP-SAA objective is expected burned area over loaded scenarios. | Propagation constraints use y_v only when v is eligible. | Reachability-greedy warm start was used as a y-only MIP start for the base FPP formulation. | Reachability-greedy warm start empty objective: 131.07. | Reachability-greedy warm start final objective: 79.55. | Reachability-greedy warm start exact marginal evaluations: 400. | FppRecourseEvaluator validation passed for final selected firebreaks. | Train reader warning: IgnitionsHistory/ignitions_log.csv has one numeric column; assuming line number is the scenario ID. | Test reader warning: IgnitionsHistory/ignitions_log.csv has one numeric column; assuming line number is the scenario ID. | Test scenarios were used only for out-of-sample evaluation.
fpp_12mode_benchmark_alpha002,0,fpp_12mode_benchmark_alpha002_alpha0p02_train100_test100_case0_fpp_saa_fpp_base_dominator,2026-05-20T19:45:29Z,Sub20,FPP-SAA,0.02000000,8,100,100,expected_burned_area,8;13;22;26;32;36;51;54;62;63;71;85;88;89;96;98;116;125;143;159;167;171;177;178;197;205;210;229;230;247;254;259;282;290;296;304;306;335;345;353;356;365;370;374;381;417;433;454;482;497;542;545;562;564;581;593;604;620;636;638;657;663;666;685;717;736;740;751;765;782;784;793;815;820;822;826;832;848;859;865;872;874;894;902;910;919;924;929;931;933;937;938;941;950;951;957;964;986;991;997,4;5;39;61;64;103;104;128;140;142;148;151;152;179;180;209;214;223;233;240;243;246;249;255;256;271;272;281;285;323;331;337;344;348;367;371;382;396;418;434;439;470;479;485;503;504;520;524;529;546;555;561;565;568;576;579;585;598;613;615;624;625;626;640;651;656;670;678;690;703;709;732;735;754;756;766;785;786;789;794;810;834;836;840;846;862;863;869;880;881;883;907;911;912;917;945;948;956;959;970,Optimal,73.61000000,73.61000000,0.00000000,31.90751403,1,15,36360,26469,0,0,0.00000000,fpp_base_dominator,base,true,false,false,false,360,360,13107,13113,0,0,0,0,0,0.00000000,13255,4166,9089,100,0,0.13016967,0.00000000,,0,0,73.61000000,0.00000000,0.00000000,pass,131;212;225;283;291;308;325;335,false,false,,,,,73.61000000,178.20000000,95.01000000,228.50000000,0.00655376,0.00837449,0.06533978,RT=0.470000;ADAG=0.530000;GDG=0.000000;NFR=0.000000;EMPTY=0.000000,RT=0.470000;ADAG=0.530000;GDG=0.000000;NFR=0.000000;EMPTY=0.000000,Cell2Fire scenarios are treated as directed propagation graphs.,"Dominator preprocessing processed 100 scenarios: DAG=100, fallback=0, aggregate_cuts=4166, individual_cuts=9089. | FPP-SAA objective is expected burned area over loaded scenarios. | Propagation constraints use y_v only when v is eligible. | FppRecourseEvaluator validation passed for final selected firebreaks. | Train reader warning: IgnitionsHistory/ignitions_log.csv has one numeric column; assuming line number is the scenario ID. | Test reader warning: IgnitionsHistory/ignitions_log.csv has one numeric column; assuming line number is the scenario ID. | Test scenarios were used only for out-of-sample evaluation."
fpp_12mode_benchmark_alpha002,0,fpp_12mode_benchmark_alpha002_alpha0p02_train100_test100_case0_fpp_saa_fpp_base_separator,2026-05-20T19:45:43Z,Sub20,FPP-SAA,0.02000000,8,100,100,expected_burned_area,8;13;22;26;32;36;51;54;62;63;71;85;88;89;96;98;116;125;143;159;167;171;177;178;197;205;210;229;230;247;254;259;282;290;296;304;306;335;345;353;356;365;370;374;381;417;433;454;482;497;542;545;562;564;581;593;604;620;636;638;657;663;666;685;717;736;740;751;765;782;784;793;815;820;822;826;832;848;859;865;872;874;894;902;910;919;924;929;931;933;937;938;941;950;951;957;964;986;991;997,4;5;39;61;64;103;104;128;140;142;148;151;152;179;180;209;214;223;233;240;243;246;249;255;256;271;272;281;285;323;331;337;344;348;367;371;382;396;418;434;439;470;479;485;503;504;520;524;529;546;555;561;565;568;576;579;585;598;613;615;624;625;626;640;651;656;670;678;690;703;709;732;735;754;756;766;785;786;789;794;810;834;836;840;846;862;863;869;880;881;883;907;911;912;917;945;948;956;959;970,Optimal,73.67000000,73.60047619,0.00094372,13.66200010,102,18,36360,13214,0,0,0.00000000,fpp_base_separator,base,false,true,false,false,360,360,13107,13113,0,4600,42,0,0,1.99145080,0,0,0,0,0,0.00000000,0.00000000,,0,0,73.67000000,0.00000000,0.00000000,pass,131;212;225;247;264;308;335;347,false,false,,,,,73.67000000,166.50000000,90.49000000,207.90000000,0.00721742,0.00875673,0.06288969,RT=0.470000;ADAG=0.530000;GDG=0.000000;NFR=0.000000;EMPTY=0.000000,RT=0.470000;ADAG=0.530000;GDG=0.000000;NFR=0.000000;EMPTY=0.000000,Cell2Fire scenarios are treated as directed propagation graphs.,"Separator context callback enabled; CPLEX Threads forced to 1 for deterministic cut-cache safety. | Separator cuts registered through the CPLEX generic relaxation context callback. | Separator callback stats: invocations=42, min_cut_calls=4600, cuts_added=0, duplicates_skipped=0, large_cuts_skipped=0. | FPP-SAA objective is expected burned area over loaded scenarios. | Propagation constraints use y_v only when v is eligible. | FppRecourseEvaluator validation passed for final selected firebreaks. | Train reader warning: IgnitionsHistory/ignitions_log.csv has one numeric column; assuming line number is the scenario ID. | Test reader warning: IgnitionsHistory/ignitions_log.csv has one numeric column; assuming line number is the scenario ID. | Test scenarios were used only for out-of-sample evaluation."
fpp_12mode_benchmark_alpha002,0,fpp_12mode_benchmark_alpha002_alpha0p02_train100_test100_case0_fpp_saa_fpp_base_dominator_separator,2026-05-20T19:46:15Z,Sub20,FPP-SAA,0.02000000,8,100,100,expected_burned_area,8;13;22;26;32;36;51;54;62;63;71;85;88;89;96;98;116;125;143;159;167;171;177;178;197;205;210;229;230;247;254;259;282;290;296;304;306;335;345;353;356;365;370;374;381;417;433;454;482;497;542;545;562;564;581;593;604;620;636;638;657;663;666;685;717;736;740;751;765;782;784;793;815;820;822;826;832;848;859;865;872;874;894;902;910;919;924;929;931;933;937;938;941;950;951;957;964;986;991;997,4;5;39;61;64;103;104;128;140;142;148;151;152;179;180;209;214;223;233;240;243;246;249;255;256;271;272;281;285;323;331;337;344;348;367;371;382;396;418;434;439;470;479;485;503;504;520;524;529;546;555;561;565;568;576;579;585;598;613;615;624;625;626;640;651;656;670;678;690;703;709;732;735;754;756;766;785;786;789;794;810;834;836;840;846;862;863;869;880;881;883;907;911;912;917;945;948;956;959;970,Optimal,73.61000000,73.61000000,0.00000000,31.18961485,1,15,36360,26469,0,0,0.00000000,fpp_base_dominator_separator,base,true,true,false,false,360,360,13107,13113,0,3800,33,0,0,1.60203440,13255,4166,9089,100,0,0.13392423,0.00000000,,0,0,73.61000000,0.00000000,0.00000000,pass,131;212;225;283;291;308;325;335,false,false,,,,,73.61000000,178.20000000,95.01000000,228.50000000,0.00345001,0.00437356,0.06539707,RT=0.470000;ADAG=0.530000;GDG=0.000000;NFR=0.000000;EMPTY=0.000000,RT=0.470000;ADAG=0.530000;GDG=0.000000;NFR=0.000000;EMPTY=0.000000,Cell2Fire scenarios are treated as directed propagation graphs.,"Dominator preprocessing processed 100 scenarios: DAG=100, fallback=0, aggregate_cuts=4166, individual_cuts=9089. | Separator context callback enabled; CPLEX Threads forced to 1 for deterministic cut-cache safety. | Separator cuts registered through the CPLEX generic relaxation context callback. | Separator callback stats: invocations=33, min_cut_calls=3800, cuts_added=0, duplicates_skipped=0, large_cuts_skipped=0. | FPP-SAA objective is expected burned area over loaded scenarios. | Propagation constraints use y_v only when v is eligible. | FppRecourseEvaluator validation passed for final selected firebreaks. | Train reader warning: IgnitionsHistory/ignitions_log.csv has one numeric column; assuming line number is the scenario ID. | Test reader warning: IgnitionsHistory/ignitions_log.csv has one numeric column; assuming line number is the scenario ID. | Test scenarios were used only for out-of-sample evaluation."
fpp_12mode_benchmark_alpha002,0,fpp_12mode_benchmark_alpha002_alpha0p02_train100_test100_case0_fpp_saa_fpp_base_dominator_separator_greedy,2026-05-20T19:46:37Z,Sub20,FPP-SAA,0.02000000,8,100,100,expected_burned_area,8;13;22;26;32;36;51;54;62;63;71;85;88;89;96;98;116;125;143;159;167;171;177;178;197;205;210;229;230;247;254;259;282;290;296;304;306;335;345;353;356;365;370;374;381;417;433;454;482;497;542;545;562;564;581;593;604;620;636;638;657;663;666;685;717;736;740;751;765;782;784;793;815;820;822;826;832;848;859;865;872;874;894;902;910;919;924;929;931;933;937;938;941;950;951;957;964;986;991;997,4;5;39;61;64;103;104;128;140;142;148;151;152;179;180;209;214;223;233;240;243;246;249;255;256;271;272;281;285;323;331;337;344;348;367;371;382;396;418;434;439;470;479;485;503;504;520;524;529;546;555;561;565;568;576;579;585;598;613;615;624;625;626;640;651;656;670;678;690;703;709;732;735;754;756;766;785;786;789;794;810;834;836;840;846;862;863;869;880;881;883;907;911;912;917;945;948;956;959;970,Optimal,73.61000000,73.61000000,0.00000000,21.43575142,1,15,36360,26469,0,0,0.00000000,fpp_base_dominator_separator_greedy,base,true,true,true,false,360,360,13107,13113,0,3800,33,0,0,0.98857146,13255,4166,9089,100,0,0.06452066,0.25242583,79.55000000,400,8,73.61000000,0.00000000,0.00000000,pass,131;212;225;283;291;308;325;335,true,true,reachability-greedy-warm-start,264;248;325;130;212;187;266;93,,Warm start generated by reachability-greedy FPP recourse heuristic. | Reachability-greedy empty objective: 131.07. | Reachability-greedy final objective: 79.55. | Reachability-greedy exact marginal evaluations: 400. | Warm start status: Ready.,73.61000000,178.20000000,95.01000000,228.50000000,0.00766720,0.00988859,0.03128373,RT=0.470000;ADAG=0.530000;GDG=0.000000;NFR=0.000000;EMPTY=0.000000,RT=0.470000;ADAG=0.530000;GDG=0.000000;NFR=0.000000;EMPTY=0.000000,Cell2Fire scenarios are treated as directed propagation graphs.,"Dominator preprocessing processed 100 scenarios: DAG=100, fallback=0, aggregate_cuts=4166, individual_cuts=9089. | Separator context callback enabled; CPLEX Threads forced to 1 for deterministic cut-cache safety. | CPLEX y-only MIP start was added from warm-start solution. | Separator cuts registered through the CPLEX generic relaxation context callback. | Separator callback stats: invocations=33, min_cut_calls=3800, cuts_added=0, duplicates_skipped=0, large_cuts_skipped=0. | FPP-SAA objective is expected burned area over loaded scenarios. | Propagation constraints use y_v only when v is eligible. | Reachability-greedy warm start was used as a y-only MIP start for the base FPP formulation. | Reachability-greedy warm start empty objective: 131.07. | Reachability-greedy warm start final objective: 79.55. | Reachability-greedy warm start exact marginal evaluations: 400. | FppRecourseEvaluator validation passed for final selected firebreaks. | Train reader warning: IgnitionsHistory/ignitions_log.csv has one numeric column; assuming line number is the scenario ID. | Test reader warning: IgnitionsHistory/ignitions_log.csv has one numeric column; assuming line number is the scenario ID. | Test scenarios were used only for out-of-sample evaluation."
fpp_12mode_benchmark_alpha002,0,fpp_12mode_benchmark_alpha002_alpha0p02_train100_test100_case0_fpp_saa_fpp_cut,2026-05-20T19:46:52Z,Sub20,FPP-SAA,0.02000000,8,100,100,expected_burned_area,8;13;22;26;32;36;51;54;62;63;71;85;88;89;96;98;116;125;143;159;167;171;177;178;197;205;210;229;230;247;254;259;282;290;296;304;306;335;345;353;356;365;370;374;381;417;433;454;482;497;542;545;562;564;581;593;604;620;636;638;657;663;666;685;717;736;740;751;765;782;784;793;815;820;822;826;832;848;859;865;872;874;894;902;910;919;924;929;931;933;937;938;941;950;951;957;964;986;991;997,4;5;39;61;64;103;104;128;140;142;148;151;152;179;180;209;214;223;233;240;243;246;249;255;256;271;272;281;285;323;331;337;344;348;367;371;382;396;418;434;439;470;479;485;503;504;520;524;529;546;555;561;565;568;576;579;585;598;613;615;624;625;626;640;651;656;670;678;690;703;709;732;735;754;756;766;785;786;789;794;810;834;836;840;846;862;863;869;880;881;883;907;911;912;917;945;948;956;959;970,Optimal,73.61000000,73.61000000,0.00000000,14.00914517,1,30,26574,39328,0,0,0.00000000,fpp_cut,cut,false,false,false,false,360,360,13107,13113,0,0,0,0,0,0.00000000,0,0,0,0,0,0.00000000,0.00000000,,0,0,73.61000000,0.00000000,0.00000000,pass,131;212;225;283;291;308;325;335,false,false,,,,,73.61000000,178.20000000,95.01000000,228.50000000,0.00881547,0.01126963,0.07353406,RT=0.470000;ADAG=0.530000;GDG=0.000000;NFR=0.000000;EMPTY=0.000000,RT=0.470000;ADAG=0.530000;GDG=0.000000;NFR=0.000000;EMPTY=0.000000,Cell2Fire scenarios are treated as directed propagation graphs.,"FPP cut/reachability post-solve recourse validation matched the solver objective. | FPP cut/reachability objective is expected burned area over observed scenario nodes. | x and q variables are continuous in [0,1]; y variables are binary for eligible nodes. | Root nodes are forced to burn and propagate even if selected as firebreaks. | Non-eligible non-root nodes use x_v >= q_v because no y_v variable exists. | FppRecourseEvaluator validation passed for final selected firebreaks. | Train reader warning: IgnitionsHistory/ignitions_log.csv has one numeric column; assuming line number is the scenario ID. | Test reader warning: IgnitionsHistory/ignitions_log.csv has one numeric column; assuming line number is the scenario ID. | Test scenarios were used only for out-of-sample evaluation."
fpp_12mode_benchmark_alpha002,0,fpp_12mode_benchmark_alpha002_alpha0p02_train100_test100_case0_fpp_saa_fpp_cut_greedy,2026-05-20T19:47:05Z,Sub20,FPP-SAA,0.02000000,8,100,100,expected_burned_area,8;13;22;26;32;36;51;54;62;63;71;85;88;89;96;98;116;125;143;159;167;171;177;178;197;205;210;229;230;247;254;259;282;290;296;304;306;335;345;353;356;365;370;374;381;417;433;454;482;497;542;545;562;564;581;593;604;620;636;638;657;663;666;685;717;736;740;751;765;782;784;793;815;820;822;826;832;848;859;865;872;874;894;902;910;919;924;929;931;933;937;938;941;950;951;957;964;986;991;997,4;5;39;61;64;103;104;128;140;142;148;151;152;179;180;209;214;223;233;240;243;246;249;255;256;271;272;281;285;323;331;337;344;348;367;371;382;396;418;434;439;470;479;485;503;504;520;524;529;546;555;561;565;568;576;579;585;598;613;615;624;625;626;640;651;656;670;678;690;703;709;732;735;754;756;766;785;786;789;794;810;834;836;840;846;862;863;869;880;881;883;907;911;912;917;945;948;956;959;970,Optimal,73.61000000,73.55500000,0.00074718,11.73301223,102,21,26574,39328,0,0,0.00000000,fpp_cut_greedy,cut,false,false,true,false,360,360,13107,13113,0,0,0,0,0,0.00000000,0,0,0,0,0,0.00000000,0.49786949,79.55000000,400,8,73.61000000,0.00000000,0.00000000,pass,131;212;225;283;291;308;325;335,true,true,reachability-greedy-warm-start,264;248;325;130;212;187;266;93,,Warm start generated by reachability-greedy FPP recourse heuristic. | Reachability-greedy empty objective: 131.07. | Reachability-greedy final objective: 79.55. | Reachability-greedy exact marginal evaluations: 400. | Warm start status: Ready.,73.61000000,178.20000000,95.01000000,228.50000000,0.00626783,0.00798728,0.06620819,RT=0.470000;ADAG=0.530000;GDG=0.000000;NFR=0.000000;EMPTY=0.000000,RT=0.470000;ADAG=0.530000;GDG=0.000000;NFR=0.000000;EMPTY=0.000000,Cell2Fire scenarios are treated as directed propagation graphs.,"Cut/reachability MIP start values were generated from FppRecourseEvaluator and passed feasibility checks. | CPLEX full cut/reachability MIP start was added from warm-start solution with y/x/q values and recourse objective 79.55. | FPP cut/reachability post-solve recourse validation matched the solver objective. | FPP cut/reachability objective is expected burned area over observed scenario nodes. | x and q variables are continuous in [0,1]; y variables are binary for eligible nodes. | Root nodes are forced to burn and propagate even if selected as firebreaks. | Non-eligible non-root nodes use x_v >= q_v because no y_v variable exists. | Reachability-greedy warm start was used as a full y/x/q MIP start for the cut FPP formulation. | Reachability-greedy warm start empty objective: 131.07. | Reachability-greedy warm start final objective: 79.55. | Reachability-greedy warm start exact marginal evaluations: 400. | FppRecourseEvaluator validation passed for final selected firebreaks. | Train reader warning: IgnitionsHistory/ignitions_log.csv has one numeric column; assuming line number is the scenario ID. | Test reader warning: IgnitionsHistory/ignitions_log.csv has one numeric column; assuming line number is the scenario ID. | Test scenarios were used only for out-of-sample evaluation."
fpp_12mode_benchmark_alpha002,0,fpp_12mode_benchmark_alpha002_alpha0p02_train100_test100_case0_fpp_saa_fpp_cut_dominator,2026-05-20T19:47:35Z,Sub20,FPP-SAA,0.02000000,8,100,100,expected_burned_area,8;13;22;26;32;36;51;54;62;63;71;85;88;89;96;98;116;125;143;159;167;171;177;178;197;205;210;229;230;247;254;259;282;290;296;304;306;335;345;353;356;365;370;374;381;417;433;454;482;497;542;545;562;564;581;593;604;620;636;638;657;663;666;685;717;736;740;751;765;782;784;793;815;820;822;826;832;848;859;865;872;874;894;902;910;919;924;929;931;933;937;938;941;950;951;957;964;986;991;997,4;5;39;61;64;103;104;128;140;142;148;151;152;179;180;209;214;223;233;240;243;246;249;255;256;271;272;281;285;323;331;337;344;348;367;371;382;396;418;434;439;470;479;485;503;504;520;524;529;546;555;561;565;568;576;579;585;598;613;615;624;625;626;640;651;656;670;678;690;703;709;732;735;754;756;766;785;786;789;794;810;834;836;840;846;862;863;869;880;881;883;907;911;912;917;945;948;956;959;970,Optimal,73.61000000,73.61000000,0.00000000,30.01762094,1,27,26574,52471,0,0,0.00000000,fpp_cut_dominator,cut,true,false,false,false,360,360,13107,13113,0,0,0,0,0,0.00000000,13143,4166,8977,100,0,0.12715098,0.00000000,,0,0,73.61000000,0.00000000,0.00000000,pass,131;212;225;283;291;308;325;335,false,false,,,,,73.61000000,178.20000000,95.01000000,228.50000000,0.00666083,0.00882141,0.06222350,RT=0.470000;ADAG=0.530000;GDG=0.000000;NFR=0.000000;EMPTY=0.000000,RT=0.470000;ADAG=0.530000;GDG=0.000000;NFR=0.000000;EMPTY=0.000000,Cell2Fire scenarios are treated as directed propagation graphs.,"Dominator preprocessing processed 100 scenarios: DAG=100, fallback=0, aggregate_cuts=4166, individual_cuts=8977. | FPP cut/reachability post-solve recourse validation matched the solver objective. | FPP cut/reachability objective is expected burned area over observed scenario nodes. | x and q variables are continuous in [0,1]; y variables are binary for eligible nodes. | Root nodes are forced to burn and propagate even if selected as firebreaks. | Non-eligible non-root nodes use x_v >= q_v because no y_v variable exists. | FppRecourseEvaluator validation passed for final selected firebreaks. | Train reader warning: IgnitionsHistory/ignitions_log.csv has one numeric column; assuming line number is the scenario ID. | Test reader warning: IgnitionsHistory/ignitions_log.csv has one numeric column; assuming line number is the scenario ID. | Test scenarios were used only for out-of-sample evaluation."
fpp_12mode_benchmark_alpha002,0,fpp_12mode_benchmark_alpha002_alpha0p02_train100_test100_case0_fpp_saa_fpp_cut_separator,2026-05-20T19:47:49Z,Sub20,FPP-SAA,0.02000000,8,100,100,expected_burned_area,8;13;22;26;32;36;51;54;62;63;71;85;88;89;96;98;116;125;143;159;167;171;177;178;197;205;210;229;230;247;254;259;282;290;296;304;306;335;345;353;356;365;370;374;381;417;433;454;482;497;542;545;562;564;581;593;604;620;636;638;657;663;666;685;717;736;740;751;765;782;784;793;815;820;822;826;832;848;859;865;872;874;894;902;910;919;924;929;931;933;937;938;941;950;951;957;964;986;991;997,4;5;39;61;64;103;104;128;140;142;148;151;152;179;180;209;214;223;233;240;243;246;249;255;256;271;272;281;285;323;331;337;344;348;367;371;382;396;418;434;439;470;479;485;503;504;520;524;529;546;555;561;565;568;576;579;585;598;613;615;624;625;626;640;651;656;670;678;690;703;709;732;735;754;756;766;785;786;789;794;810;834;836;840;846;862;863;869;880;881;883;907;911;912;917;945;948;956;959;970,Optimal,73.61000000,73.61000000,0.00000000,13.34362319,1,30,26574,39328,0,0,0.00000000,fpp_cut_separator,cut,false,true,false,false,360,360,13107,13113,0,800,34,0,0,0.33801757,0,0,0,0,0,0.00000000,0.00000000,,0,0,73.61000000,0.00000000,0.00000000,pass,131;212;225;283;291;308;325;335,false,false,,,,,73.61000000,178.20000000,95.01000000,228.50000000,0.00658949,0.00840430,0.06542531,RT=0.470000;ADAG=0.530000;GDG=0.000000;NFR=0.000000;EMPTY=0.000000,RT=0.470000;ADAG=0.530000;GDG=0.000000;NFR=0.000000;EMPTY=0.000000,Cell2Fire scenarios are treated as directed propagation graphs.,"Separator context callback enabled; CPLEX Threads forced to 1 for deterministic cut-cache safety. | Separator cuts registered through the CPLEX generic relaxation context callback. | Separator callback stats: invocations=34, min_cut_calls=800, cuts_added=0, duplicates_skipped=0, large_cuts_skipped=0. | FPP cut/reachability post-solve recourse validation matched the solver objective. | FPP cut/reachability objective is expected burned area over observed scenario nodes. | x and q variables are continuous in [0,1]; y variables are binary for eligible nodes. | Root nodes are forced to burn and propagate even if selected as firebreaks. | Non-eligible non-root nodes use x_v >= q_v because no y_v variable exists. | FppRecourseEvaluator validation passed for final selected firebreaks. | Train reader warning: IgnitionsHistory/ignitions_log.csv has one numeric column; assuming line number is the scenario ID. | Test reader warning: IgnitionsHistory/ignitions_log.csv has one numeric column; assuming line number is the scenario ID. | Test scenarios were used only for out-of-sample evaluation."
fpp_12mode_benchmark_alpha002,0,fpp_12mode_benchmark_alpha002_alpha0p02_train100_test100_case0_fpp_saa_fpp_cut_dominator_separator,2026-05-20T19:48:20Z,Sub20,FPP-SAA,0.02000000,8,100,100,expected_burned_area,8;13;22;26;32;36;51;54;62;63;71;85;88;89;96;98;116;125;143;159;167;171;177;178;197;205;210;229;230;247;254;259;282;290;296;304;306;335;345;353;356;365;370;374;381;417;433;454;482;497;542;545;562;564;581;593;604;620;636;638;657;663;666;685;717;736;740;751;765;782;784;793;815;820;822;826;832;848;859;865;872;874;894;902;910;919;924;929;931;933;937;938;941;950;951;957;964;986;991;997,4;5;39;61;64;103;104;128;140;142;148;151;152;179;180;209;214;223;233;240;243;246;249;255;256;271;272;281;285;323;331;337;344;348;367;371;382;396;418;434;439;470;479;485;503;504;520;524;529;546;555;561;565;568;576;579;585;598;613;615;624;625;626;640;651;656;670;678;690;703;709;732;735;754;756;766;785;786;789;794;810;834;836;840;846;862;863;869;880;881;883;907;911;912;917;945;948;956;959;970,Optimal,73.61000000,73.61000000,0.00000000,29.89768125,1,27,26574,52471,0,0,0.00000000,fpp_cut_dominator_separator,cut,true,true,false,false,360,360,13107,13113,0,1000,31,0,0,0.43726501,13143,4166,8977,100,0,0.12176658,0.00000000,,0,0,73.61000000,0.00000000,0.00000000,pass,131;212;225;283;291;308;325;335,false,false,,,,,73.61000000,178.20000000,95.01000000,228.50000000,0.00684645,0.00880108,0.05984429,RT=0.470000;ADAG=0.530000;GDG=0.000000;NFR=0.000000;EMPTY=0.000000,RT=0.470000;ADAG=0.530000;GDG=0.000000;NFR=0.000000;EMPTY=0.000000,Cell2Fire scenarios are treated as directed propagation graphs.,"Dominator preprocessing processed 100 scenarios: DAG=100, fallback=0, aggregate_cuts=4166, individual_cuts=8977. | Separator context callback enabled; CPLEX Threads forced to 1 for deterministic cut-cache safety. | Separator cuts registered through the CPLEX generic relaxation context callback. | Separator callback stats: invocations=31, min_cut_calls=1000, cuts_added=0, duplicates_skipped=0, large_cuts_skipped=0. | FPP cut/reachability post-solve recourse validation matched the solver objective. | FPP cut/reachability objective is expected burned area over observed scenario nodes. | x and q variables are continuous in [0,1]; y variables are binary for eligible nodes. | Root nodes are forced to burn and propagate even if selected as firebreaks. | Non-eligible non-root nodes use x_v >= q_v because no y_v variable exists. | FppRecourseEvaluator validation passed for final selected firebreaks. | Train reader warning: IgnitionsHistory/ignitions_log.csv has one numeric column; assuming line number is the scenario ID. | Test reader warning: IgnitionsHistory/ignitions_log.csv has one numeric column; assuming line number is the scenario ID. | Test scenarios were used only for out-of-sample evaluation."
fpp_12mode_benchmark_alpha002,0,fpp_12mode_benchmark_alpha002_alpha0p02_train100_test100_case0_fpp_saa_fpp_cut_dominator_separator_greedy,2026-05-20T19:48:52Z,Sub20,FPP-SAA,0.02000000,8,100,100,expected_burned_area,8;13;22;26;32;36;51;54;62;63;71;85;88;89;96;98;116;125;143;159;167;171;177;178;197;205;210;229;230;247;254;259;282;290;296;304;306;335;345;353;356;365;370;374;381;417;433;454;482;497;542;545;562;564;581;593;604;620;636;638;657;663;666;685;717;736;740;751;765;782;784;793;815;820;822;826;832;848;859;865;872;874;894;902;910;919;924;929;931;933;937;938;941;950;951;957;964;986;991;997,4;5;39;61;64;103;104;128;140;142;148;151;152;179;180;209;214;223;233;240;243;246;249;255;256;271;272;281;285;323;331;337;344;348;367;371;382;396;418;434;439;470;479;485;503;504;520;524;529;546;555;561;565;568;576;579;585;598;613;615;624;625;626;640;651;656;670;678;690;703;709;732;735;754;756;766;785;786;789;794;810;834;836;840;846;862;863;869;880;881;883;907;911;912;917;945;948;956;959;970,Optimal,73.61000000,73.55500000,0.00074718,31.56726108,102,27,26574,52471,0,0,0.00000000,fpp_cut_dominator_separator_greedy,cut,true,true,true,false,360,360,13107,13113,0,1000,33,0,0,0.45528587,13143,4166,8977,100,0,0.12181211,0.48727769,79.55000000,400,8,73.61000000,0.00000000,0.00000000,pass,131;212;225;283;291;308;325;335,true,true,reachability-greedy-warm-start,264;248;325;130;212;187;266;93,,Warm start generated by reachability-greedy FPP recourse heuristic. | Reachability-greedy empty objective: 131.07. | Reachability-greedy final objective: 79.55. | Reachability-greedy exact marginal evaluations: 400. | Warm start status: Ready.,73.61000000,178.20000000,95.01000000,228.50000000,0.00682992,0.00879018,0.06217343,RT=0.470000;ADAG=0.530000;GDG=0.000000;NFR=0.000000;EMPTY=0.000000,RT=0.470000;ADAG=0.530000;GDG=0.000000;NFR=0.000000;EMPTY=0.000000,Cell2Fire scenarios are treated as directed propagation graphs.,"Dominator preprocessing processed 100 scenarios: DAG=100, fallback=0, aggregate_cuts=4166, individual_cuts=8977. | Separator context callback enabled; CPLEX Threads forced to 1 for deterministic cut-cache safety. | Cut/reachability MIP start values were generated from FppRecourseEvaluator and passed feasibility checks. | CPLEX full cut/reachability MIP start was added from warm-start solution with y/x/q values and recourse objective 79.55. | Separator cuts registered through the CPLEX generic relaxation context callback. | Separator callback stats: invocations=33, min_cut_calls=1000, cuts_added=0, duplicates_skipped=0, large_cuts_skipped=0. | FPP cut/reachability post-solve recourse validation matched the solver objective. | FPP cut/reachability objective is expected burned area over observed scenario nodes. | x and q variables are continuous in [0,1]; y variables are binary for eligible nodes. | Root nodes are forced to burn and propagate even if selected as firebreaks. | Non-eligible non-root nodes use x_v >= q_v because no y_v variable exists. | Reachability-greedy warm start was used as a full y/x/q MIP start for the cut FPP formulation. | Reachability-greedy warm start empty objective: 131.07. | Reachability-greedy warm start final objective: 79.55. | Reachability-greedy warm start exact marginal evaluations: 400. | FppRecourseEvaluator validation passed for final selected firebreaks. | Train reader warning: IgnitionsHistory/ignitions_log.csv has one numeric column; assuming line number is the scenario ID. | Test reader warning: IgnitionsHistory/ignitions_log.csv has one numeric column; assuming line number is the scenario ID. | Test scenarios were used only for out-of-sample evaluation."
fpp_12mode_benchmark_alpha002,1,fpp_12mode_benchmark_alpha002_alpha0p02_train100_test100_case1_fpp_saa_fpp_base,2026-05-20T19:49:02Z,Sub20,FPP-SAA,0.02000000,8,100,100,expected_burned_area,10;23;64;76;80;86;99;105;119;124;126;127;149;153;155;157;167;182;187;196;201;217;219;228;231;232;237;315;324;327;332;345;357;366;368;374;375;382;398;399;401;409;416;424;435;440;441;458;470;474;480;484;504;512;515;519;529;549;555;558;580;593;607;610;624;655;668;699;702;719;726;752;768;782;787;793;798;799;807;808;820;848;851;860;876;878;890;895;904;907;910;916;923;933;950;961;965;975;985;990,2;18;22;25;26;31;32;37;40;50;69;91;92;96;102;111;120;128;132;135;145;147;154;159;177;178;185;189;199;204;207;209;213;214;238;240;244;246;253;258;287;295;314;318;319;354;355;365;391;406;422;425;488;502;505;522;527;538;539;542;568;571;573;576;577;587;589;595;616;618;628;631;667;707;713;721;750;754;766;800;801;803;804;812;826;835;836;839;853;859;864;871;899;909;912;949;954;971;994;998,Optimal,71.77000000,71.77000000,0.00000000,9.25191668,1,10,36360,12573,0,0,0.00000000,fpp_base,base,false,false,false,false,360,360,12484,12472,0,0,0,0,0,0.00000000,0,0,0,0,0,0.00000000,0.00000000,,0,0,71.77000000,0.00000000,0.00000000,pass,131;172;206;273;283;294;306;344,false,false,,,,,71.77000000,169.90000000,85.39000000,205.80000000,0.00623234,0.00737751,0.06016364,RT=0.550000;ADAG=0.450000;GDG=0.000000;NFR=0.000000;EMPTY=0.000000,RT=0.500000;ADAG=0.490000;GDG=0.000000;NFR=0.000000;EMPTY=0.010000,Cell2Fire scenarios are treated as directed propagation graphs.,FPP-SAA objective is expected burned area over loaded scenarios. | Propagation constraints use y_v only when v is eligible. | FppRecourseEvaluator validation passed for final selected firebreaks. | Train reader warning: IgnitionsHistory/ignitions_log.csv has one numeric column; assuming line number is the scenario ID. | Test reader warning: IgnitionsHistory/ignitions_log.csv has one numeric column; assuming line number is the scenario ID. | Test reader warning: No arcs parsed from MessagesFile0616.csv. | Test scenarios were used only for out-of-sample evaluation.
fpp_12mode_benchmark_alpha002,1,fpp_12mode_benchmark_alpha002_alpha0p02_train100_test100_case1_fpp_saa_fpp_base_greedy,2026-05-20T19:49:11Z,Sub20,FPP-SAA,0.02000000,8,100,100,expected_burned_area,10;23;64;76;80;86;99;105;119;124;126;127;149;153;155;157;167;182;187;196;201;217;219;228;231;232;237;315;324;327;332;345;357;366;368;374;375;382;398;399;401;409;416;424;435;440;441;458;470;474;480;484;504;512;515;519;529;549;555;558;580;593;607;610;624;655;668;699;702;719;726;752;768;782;787;793;798;799;807;808;820;848;851;860;876;878;890;895;904;907;910;916;923;933;950;961;965;975;985;990,2;18;22;25;26;31;32;37;40;50;69;91;92;96;102;111;120;128;132;135;145;147;154;159;177;178;185;189;199;204;207;209;213;214;238;240;244;246;253;258;287;295;314;318;319;354;355;365;391;406;422;425;488;502;505;522;527;538;539;542;568;571;573;576;577;587;589;595;616;618;628;631;667;707;713;721;750;754;766;800;801;803;804;812;826;835;836;839;853;859;864;871;899;909;912;949;954;971;994;998,Optimal,71.77000000,71.77000000,0.00000000,8.57844751,1,10,36360,12573,0,0,0.00000000,fpp_base_greedy,base,false,false,true,false,360,360,12484,12472,0,0,0,0,0,0.00000000,0,0,0,0,0,0.00000000,0.46632689,76.47000000,400,8,71.77000000,0.00000000,0.00000000,pass,131;172;206;273;283;294;306;344,true,true,reachability-greedy-warm-start,264;344;206;131;172;144;231;306,,Warm start generated by reachability-greedy FPP recourse heuristic. | Reachability-greedy empty objective: 124.84. | Reachability-greedy final objective: 76.47. | Reachability-greedy exact marginal evaluations: 400. | Warm start status: Ready.,71.77000000,169.90000000,85.39000000,205.80000000,0.00655906,0.00776283,0.05673806,RT=0.550000;ADAG=0.450000;GDG=0.000000;NFR=0.000000;EMPTY=0.000000,RT=0.500000;ADAG=0.490000;GDG=0.000000;NFR=0.000000;EMPTY=0.010000,Cell2Fire scenarios are treated as directed propagation graphs.,CPLEX y-only MIP start was added from warm-start solution. | FPP-SAA objective is expected burned area over loaded scenarios. | Propagation constraints use y_v only when v is eligible. | Reachability-greedy warm start was used as a y-only MIP start for the base FPP formulation. | Reachability-greedy warm start empty objective: 124.84. | Reachability-greedy warm start final objective: 76.47. | Reachability-greedy warm start exact marginal evaluations: 400. | FppRecourseEvaluator validation passed for final selected firebreaks. | Train reader warning: IgnitionsHistory/ignitions_log.csv has one numeric column; assuming line number is the scenario ID. | Test reader warning: IgnitionsHistory/ignitions_log.csv has one numeric column; assuming line number is the scenario ID. | Test reader warning: No arcs parsed from MessagesFile0616.csv. | Test scenarios were used only for out-of-sample evaluation.
fpp_12mode_benchmark_alpha002,1,fpp_12mode_benchmark_alpha002_alpha0p02_train100_test100_case1_fpp_saa_fpp_base_dominator,2026-05-20T19:49:36Z,Sub20,FPP-SAA,0.02000000,8,100,100,expected_burned_area,10;23;64;76;80;86;99;105;119;124;126;127;149;153;155;157;167;182;187;196;201;217;219;228;231;232;237;315;324;327;332;345;357;366;368;374;375;382;398;399;401;409;416;424;435;440;441;458;470;474;480;484;504;512;515;519;529;549;555;558;580;593;607;610;624;655;668;699;702;719;726;752;768;782;787;793;798;799;807;808;820;848;851;860;876;878;890;895;904;907;910;916;923;933;950;961;965;975;985;990,2;18;22;25;26;31;32;37;40;50;69;91;92;96;102;111;120;128;132;135;145;147;154;159;177;178;185;189;199;204;207;209;213;214;238;240;244;246;253;258;287;295;314;318;319;354;355;365;391;406;422;425;488;502;505;522;527;538;539;542;568;571;573;576;577;587;589;595;616;618;628;631;667;707;713;721;750;754;766;800;801;803;804;812;826;835;836;839;853;859;864;871;899;909;912;949;954;971;994;998,Optimal,71.77000000,71.77000000,0.00000000,24.46213355,1,9,36360,25259,0,0,0.00000000,fpp_base_dominator,base,true,false,false,false,360,360,12484,12472,0,0,0,0,0,0.00000000,12686,3883,8803,100,0,0.12754799,0.00000000,,0,0,71.77000000,0.00000000,0.00000000,pass,131;172;206;273;283;294;306;344,false,false,,,,,71.77000000,169.90000000,85.39000000,205.80000000,0.00322199,0.00385645,0.05960926,RT=0.550000;ADAG=0.450000;GDG=0.000000;NFR=0.000000;EMPTY=0.000000,RT=0.500000;ADAG=0.490000;GDG=0.000000;NFR=0.000000;EMPTY=0.010000,Cell2Fire scenarios are treated as directed propagation graphs.,"Dominator preprocessing processed 100 scenarios: DAG=100, fallback=0, aggregate_cuts=3883, individual_cuts=8803. | FPP-SAA objective is expected burned area over loaded scenarios. | Propagation constraints use y_v only when v is eligible. | FppRecourseEvaluator validation passed for final selected firebreaks. | Train reader warning: IgnitionsHistory/ignitions_log.csv has one numeric column; assuming line number is the scenario ID. | Test reader warning: IgnitionsHistory/ignitions_log.csv has one numeric column; assuming line number is the scenario ID. | Test reader warning: No arcs parsed from MessagesFile0616.csv. | Test scenarios were used only for out-of-sample evaluation."
fpp_12mode_benchmark_alpha002,1,fpp_12mode_benchmark_alpha002_alpha0p02_train100_test100_case1_fpp_saa_fpp_base_separator,2026-05-20T19:49:42Z,Sub20,FPP-SAA,0.02000000,8,100,100,expected_burned_area,10;23;64;76;80;86;99;105;119;124;126;127;149;153;155;157;167;182;187;196;201;217;219;228;231;232;237;315;324;327;332;345;357;366;368;374;375;382;398;399;401;409;416;424;435;440;441;458;470;474;480;484;504;512;515;519;529;549;555;558;580;593;607;610;624;655;668;699;702;719;726;752;768;782;787;793;798;799;807;808;820;848;851;860;876;878;890;895;904;907;910;916;923;933;950;961;965;975;985;990,2;18;22;25;26;31;32;37;40;50;69;91;92;96;102;111;120;128;132;135;145;147;154;159;177;178;185;189;199;204;207;209;213;214;238;240;244;246;253;258;287;295;314;318;319;354;355;365;391;406;422;425;488;502;505;522;527;538;539;542;568;571;573;576;577;587;589;595;616;618;628;631;667;707;713;721;750;754;766;800;801;803;804;812;826;835;836;839;853;859;864;871;899;909;912;949;954;971;994;998,Optimal,71.77000000,71.77000000,0.00000000,5.72477441,1,10,36360,12573,0,0,0.00000000,fpp_base_separator,base,false,true,false,false,360,360,12484,12472,0,4000,29,0,0,0.95805816,0,0,0,0,0,0.00000000,0.00000000,,0,0,71.77000000,0.00000000,0.00000000,pass,131;172;206;273;283;294;306;344,false,false,,,,,71.77000000,169.90000000,85.39000000,205.80000000,0.00358638,0.00425251,0.03001169,RT=0.550000;ADAG=0.450000;GDG=0.000000;NFR=0.000000;EMPTY=0.000000,RT=0.500000;ADAG=0.490000;GDG=0.000000;NFR=0.000000;EMPTY=0.010000,Cell2Fire scenarios are treated as directed propagation graphs.,"Separator context callback enabled; CPLEX Threads forced to 1 for deterministic cut-cache safety. | Separator cuts registered through the CPLEX generic relaxation context callback. | Separator callback stats: invocations=29, min_cut_calls=4000, cuts_added=0, duplicates_skipped=0, large_cuts_skipped=0. | FPP-SAA objective is expected burned area over loaded scenarios. | Propagation constraints use y_v only when v is eligible. | FppRecourseEvaluator validation passed for final selected firebreaks. | Train reader warning: IgnitionsHistory/ignitions_log.csv has one numeric column; assuming line number is the scenario ID. | Test reader warning: IgnitionsHistory/ignitions_log.csv has one numeric column; assuming line number is the scenario ID. | Test reader warning: No arcs parsed from MessagesFile0616.csv. | Test scenarios were used only for out-of-sample evaluation."
fpp_12mode_benchmark_alpha002,1,fpp_12mode_benchmark_alpha002_alpha0p02_train100_test100_case1_fpp_saa_fpp_base_dominator_separator,2026-05-20T19:50:11Z,Sub20,FPP-SAA,0.02000000,8,100,100,expected_burned_area,10;23;64;76;80;86;99;105;119;124;126;127;149;153;155;157;167;182;187;196;201;217;219;228;231;232;237;315;324;327;332;345;357;366;368;374;375;382;398;399;401;409;416;424;435;440;441;458;470;474;480;484;504;512;515;519;529;549;555;558;580;593;607;610;624;655;668;699;702;719;726;752;768;782;787;793;798;799;807;808;820;848;851;860;876;878;890;895;904;907;910;916;923;933;950;961;965;975;985;990,2;18;22;25;26;31;32;37;40;50;69;91;92;96;102;111;120;128;132;135;145;147;154;159;177;178;185;189;199;204;207;209;213;214;238;240;244;246;253;258;287;295;314;318;319;354;355;365;391;406;422;425;488;502;505;522;527;538;539;542;568;571;573;576;577;587;589;595;616;618;628;631;667;707;713;721;750;754;766;800;801;803;804;812;826;835;836;839;853;859;864;871;899;909;912;949;954;971;994;998,Optimal,71.77000000,71.77000000,0.00000000,27.92388898,1,9,36360,25259,0,0,0.00000000,fpp_base_dominator_separator,base,true,true,false,false,360,360,12484,12472,0,3800,26,0,0,1.82736981,12686,3883,8803,100,0,0.06885899,0.00000000,,0,0,71.77000000,0.00000000,0.00000000,pass,131;172;206;273;283;294;306;344,false,false,,,,,71.77000000,169.90000000,85.39000000,205.80000000,0.00838173,0.00990467,0.03233029,RT=0.550000;ADAG=0.450000;GDG=0.000000;NFR=0.000000;EMPTY=0.000000,RT=0.500000;ADAG=0.490000;GDG=0.000000;NFR=0.000000;EMPTY=0.010000,Cell2Fire scenarios are treated as directed propagation graphs.,"Dominator preprocessing processed 100 scenarios: DAG=100, fallback=0, aggregate_cuts=3883, individual_cuts=8803. | Separator context callback enabled; CPLEX Threads forced to 1 for deterministic cut-cache safety. | Separator cuts registered through the CPLEX generic relaxation context callback. | Separator callback stats: invocations=26, min_cut_calls=3800, cuts_added=0, duplicates_skipped=0, large_cuts_skipped=0. | FPP-SAA objective is expected burned area over loaded scenarios. | Propagation constraints use y_v only when v is eligible. | FppRecourseEvaluator validation passed for final selected firebreaks. | Train reader warning: IgnitionsHistory/ignitions_log.csv has one numeric column; assuming line number is the scenario ID. | Test reader warning: IgnitionsHistory/ignitions_log.csv has one numeric column; assuming line number is the scenario ID. | Test reader warning: No arcs parsed from MessagesFile0616.csv. | Test scenarios were used only for out-of-sample evaluation."
fpp_12mode_benchmark_alpha002,1,fpp_12mode_benchmark_alpha002_alpha0p02_train100_test100_case1_fpp_saa_fpp_base_dominator_separator_greedy,2026-05-20T19:50:40Z,Sub20,FPP-SAA,0.02000000,8,100,100,expected_burned_area,10;23;64;76;80;86;99;105;119;124;126;127;149;153;155;157;167;182;187;196;201;217;219;228;231;232;237;315;324;327;332;345;357;366;368;374;375;382;398;399;401;409;416;424;435;440;441;458;470;474;480;484;504;512;515;519;529;549;555;558;580;593;607;610;624;655;668;699;702;719;726;752;768;782;787;793;798;799;807;808;820;848;851;860;876;878;890;895;904;907;910;916;923;933;950;961;965;975;985;990,2;18;22;25;26;31;32;37;40;50;69;91;92;96;102;111;120;128;132;135;145;147;154;159;177;178;185;189;199;204;207;209;213;214;238;240;244;246;253;258;287;295;314;318;319;354;355;365;391;406;422;425;488;502;505;522;527;538;539;542;568;571;573;576;577;587;589;595;616;618;628;631;667;707;713;721;750;754;766;800;801;803;804;812;826;835;836;839;853;859;864;871;899;909;912;949;954;971;994;998,Optimal,71.77000000,71.77000000,0.00000000,28.11717006,1,9,36360,25259,0,0,0.00000000,fpp_base_dominator_separator_greedy,base,true,true,true,false,360,360,12484,12472,0,3800,26,0,0,1.73744470,12686,3883,8803,100,0,0.13450557,0.52147366,76.47000000,400,8,71.77000000,0.00000000,0.00000000,pass,131;172;206;273;283;294;306;344,true,true,reachability-greedy-warm-start,264;344;206;131;172;144;231;306,,Warm start generated by reachability-greedy FPP recourse heuristic. | Reachability-greedy empty objective: 124.84. | Reachability-greedy final objective: 76.47. | Reachability-greedy exact marginal evaluations: 400. | Warm start status: Ready.,71.77000000,169.90000000,85.39000000,205.80000000,0.00898442,0.01058828,0.06711603,RT=0.550000;ADAG=0.450000;GDG=0.000000;NFR=0.000000;EMPTY=0.000000,RT=0.500000;ADAG=0.490000;GDG=0.000000;NFR=0.000000;EMPTY=0.010000,Cell2Fire scenarios are treated as directed propagation graphs.,"Dominator preprocessing processed 100 scenarios: DAG=100, fallback=0, aggregate_cuts=3883, individual_cuts=8803. | Separator context callback enabled; CPLEX Threads forced to 1 for deterministic cut-cache safety. | CPLEX y-only MIP start was added from warm-start solution. | Separator cuts registered through the CPLEX generic relaxation context callback. | Separator callback stats: invocations=26, min_cut_calls=3800, cuts_added=0, duplicates_skipped=0, large_cuts_skipped=0. | FPP-SAA objective is expected burned area over loaded scenarios. | Propagation constraints use y_v only when v is eligible. | Reachability-greedy warm start was used as a y-only MIP start for the base FPP formulation. | Reachability-greedy warm start empty objective: 124.84. | Reachability-greedy warm start final objective: 76.47. | Reachability-greedy warm start exact marginal evaluations: 400. | FppRecourseEvaluator validation passed for final selected firebreaks. | Train reader warning: IgnitionsHistory/ignitions_log.csv has one numeric column; assuming line number is the scenario ID. | Test reader warning: IgnitionsHistory/ignitions_log.csv has one numeric column; assuming line number is the scenario ID. | Test reader warning: No arcs parsed from MessagesFile0616.csv. | Test scenarios were used only for out-of-sample evaluation."
fpp_12mode_benchmark_alpha002,1,fpp_12mode_benchmark_alpha002_alpha0p02_train100_test100_case1_fpp_saa_fpp_cut,2026-05-20T19:50:52Z,Sub20,FPP-SAA,0.02000000,8,100,100,expected_burned_area,10;23;64;76;80;86;99;105;119;124;126;127;149;153;155;157;167;182;187;196;201;217;219;228;231;232;237;315;324;327;332;345;357;366;368;374;375;382;398;399;401;409;416;424;435;440;441;458;470;474;480;484;504;512;515;519;529;549;555;558;580;593;607;610;624;655;668;699;702;719;726;752;768;782;787;793;798;799;807;808;820;848;851;860;876;878;890;895;904;907;910;916;923;933;950;961;965;975;985;990,2;18;22;25;26;31;32;37;40;50;69;91;92;96;102;111;120;128;132;135;145;147;154;159;177;178;185;189;199;204;207;209;213;214;238;240;244;246;253;258;287;295;314;318;319;354;355;365;391;406;422;425;488;502;505;522;527;538;539;542;568;571;573;576;577;587;589;595;616;618;628;631;667;707;713;721;750;754;766;800;801;803;804;812;826;835;836;839;853;859;864;871;899;909;912;949;954;971;994;998,Optimal,71.78000000,71.74111111,0.00054178,11.80383564,102,30,25328,37441,0,0,0.00000000,fpp_cut,cut,false,false,false,false,360,360,12484,12472,0,0,0,0,0,0.00000000,0,0,0,0,0,0.00000000,0.00000000,,0,0,71.78000000,0.00000000,0.00000000,pass,131;172;225;273;283;294;306;344,false,false,,,,,71.78000000,168.90000000,85.96000000,207.90000000,0.00665651,0.00784523,0.06524908,RT=0.550000;ADAG=0.450000;GDG=0.000000;NFR=0.000000;EMPTY=0.000000,RT=0.500000;ADAG=0.490000;GDG=0.000000;NFR=0.000000;EMPTY=0.010000,Cell2Fire scenarios are treated as directed propagation graphs.,"FPP cut/reachability post-solve recourse validation matched the solver objective. | FPP cut/reachability objective is expected burned area over observed scenario nodes. | x and q variables are continuous in [0,1]; y variables are binary for eligible nodes. | Root nodes are forced to burn and propagate even if selected as firebreaks. | Non-eligible non-root nodes use x_v >= q_v because no y_v variable exists. | FppRecourseEvaluator validation passed for final selected firebreaks. | Train reader warning: IgnitionsHistory/ignitions_log.csv has one numeric column; assuming line number is the scenario ID. | Test reader warning: IgnitionsHistory/ignitions_log.csv has one numeric column; assuming line number is the scenario ID. | Test reader warning: No arcs parsed from MessagesFile0616.csv. | Test scenarios were used only for out-of-sample evaluation."
fpp_12mode_benchmark_alpha002,1,fpp_12mode_benchmark_alpha002_alpha0p02_train100_test100_case1_fpp_saa_fpp_cut_greedy,2026-05-20T19:51:05Z,Sub20,FPP-SAA,0.02000000,8,100,100,expected_burned_area,10;23;64;76;80;86;99;105;119;124;126;127;149;153;155;157;167;182;187;196;201;217;219;228;231;232;237;315;324;327;332;345;357;366;368;374;375;382;398;399;401;409;416;424;435;440;441;458;470;474;480;484;504;512;515;519;529;549;555;558;580;593;607;610;624;655;668;699;702;719;726;752;768;782;787;793;798;799;807;808;820;848;851;860;876;878;890;895;904;907;910;916;923;933;950;961;965;975;985;990,2;18;22;25;26;31;32;37;40;50;69;91;92;96;102;111;120;128;132;135;145;147;154;159;177;178;185;189;199;204;207;209;213;214;238;240;244;246;253;258;287;295;314;318;319;354;355;365;391;406;422;425;488;502;505;522;527;538;539;542;568;571;573;576;577;587;589;595;616;618;628;631;667;707;713;721;750;754;766;800;801;803;804;812;826;835;836;839;853;859;864;871;899;909;912;949;954;971;994;998,Optimal,71.78000000,71.74111111,0.00054178,11.53927388,102,30,25328,37441,0,0,0.00000000,fpp_cut_greedy,cut,false,false,true,false,360,360,12484,12472,0,0,0,0,0,0.00000000,0,0,0,0,0,0.00000000,0.48070911,76.47000000,400,8,71.78000000,0.00000000,0.00000000,pass,131;172;225;273;283;294;306;344,true,true,reachability-greedy-warm-start,264;344;206;131;172;144;231;306,,Warm start generated by reachability-greedy FPP recourse heuristic. | Reachability-greedy empty objective: 124.84. | Reachability-greedy final objective: 76.47. | Reachability-greedy exact marginal evaluations: 400. | Warm start status: Ready.,71.78000000,168.90000000,85.96000000,207.90000000,0.00623436,0.00747901,0.05669415,RT=0.550000;ADAG=0.450000;GDG=0.000000;NFR=0.000000;EMPTY=0.000000,RT=0.500000;ADAG=0.490000;GDG=0.000000;NFR=0.000000;EMPTY=0.010000,Cell2Fire scenarios are treated as directed propagation graphs.,"Cut/reachability MIP start values were generated from FppRecourseEvaluator and passed feasibility checks. | CPLEX full cut/reachability MIP start was added from warm-start solution with y/x/q values and recourse objective 76.47. | FPP cut/reachability post-solve recourse validation matched the solver objective. | FPP cut/reachability objective is expected burned area over observed scenario nodes. | x and q variables are continuous in [0,1]; y variables are binary for eligible nodes. | Root nodes are forced to burn and propagate even if selected as firebreaks. | Non-eligible non-root nodes use x_v >= q_v because no y_v variable exists. | Reachability-greedy warm start was used as a full y/x/q MIP start for the cut FPP formulation. | Reachability-greedy warm start empty objective: 124.84. | Reachability-greedy warm start final objective: 76.47. | Reachability-greedy warm start exact marginal evaluations: 400. | FppRecourseEvaluator validation passed for final selected firebreaks. | Train reader warning: IgnitionsHistory/ignitions_log.csv has one numeric column; assuming line number is the scenario ID. | Test reader warning: IgnitionsHistory/ignitions_log.csv has one numeric column; assuming line number is the scenario ID. | Test reader warning: No arcs parsed from MessagesFile0616.csv. | Test scenarios were used only for out-of-sample evaluation."
fpp_12mode_benchmark_alpha002,1,fpp_12mode_benchmark_alpha002_alpha0p02_train100_test100_case1_fpp_saa_fpp_cut_dominator,2026-05-20T19:51:30Z,Sub20,FPP-SAA,0.02000000,8,100,100,expected_burned_area,10;23;64;76;80;86;99;105;119;124;126;127;149;153;155;157;167;182;187;196;201;217;219;228;231;232;237;315;324;327;332;345;357;366;368;374;375;382;398;399;401;409;416;424;435;440;441;458;470;474;480;484;504;512;515;519;529;549;555;558;580;593;607;610;624;655;668;699;702;719;726;752;768;782;787;793;798;799;807;808;820;848;851;860;876;878;890;895;904;907;910;916;923;933;950;961;965;975;985;990,2;18;22;25;26;31;32;37;40;50;69;91;92;96;102;111;120;128;132;135;145;147;154;159;177;178;185;189;199;204;207;209;213;214;238;240;244;246;253;258;287;295;314;318;319;354;355;365;391;406;422;425;488;502;505;522;527;538;539;542;568;571;573;576;577;587;589;595;616;618;628;631;667;707;713;721;750;754;766;800;801;803;804;812;826;835;836;839;853;859;864;871;899;909;912;949;954;971;994;998,Optimal,71.77000000,71.77000000,0.00000000,24.50240514,1,28,25328,49960,0,0,0.00000000,fpp_cut_dominator,cut,true,false,false,false,360,360,12484,12472,0,0,0,0,0,0.00000000,12519,3883,8636,100,0,0.12230352,0.00000000,,0,0,71.77000000,0.00000000,0.00000000,pass,131;172;206;273;283;294;306;344,false,false,,,,,71.77000000,169.90000000,85.39000000,205.80000000,0.00661624,0.00783397,0.05664739,RT=0.550000;ADAG=0.450000;GDG=0.000000;NFR=0.000000;EMPTY=0.000000,RT=0.500000;ADAG=0.490000;GDG=0.000000;NFR=0.000000;EMPTY=0.010000,Cell2Fire scenarios are treated as directed propagation graphs.,"Dominator preprocessing processed 100 scenarios: DAG=100, fallback=0, aggregate_cuts=3883, individual_cuts=8636. | FPP cut/reachability post-solve recourse validation matched the solver objective. | FPP cut/reachability objective is expected burned area over observed scenario nodes. | x and q variables are continuous in [0,1]; y variables are binary for eligible nodes. | Root nodes are forced to burn and propagate even if selected as firebreaks. | Non-eligible non-root nodes use x_v >= q_v because no y_v variable exists. | FppRecourseEvaluator validation passed for final selected firebreaks. | Train reader warning: IgnitionsHistory/ignitions_log.csv has one numeric column; assuming line number is the scenario ID. | Test reader warning: IgnitionsHistory/ignitions_log.csv has one numeric column; assuming line number is the scenario ID. | Test reader warning: No arcs parsed from MessagesFile0616.csv. | Test scenarios were used only for out-of-sample evaluation."
fpp_12mode_benchmark_alpha002,1,fpp_12mode_benchmark_alpha002_alpha0p02_train100_test100_case1_fpp_saa_fpp_cut_separator,2026-05-20T19:51:43Z,Sub20,FPP-SAA,0.02000000,8,100,100,expected_burned_area,10;23;64;76;80;86;99;105;119;124;126;127;149;153;155;157;167;182;187;196;201;217;219;228;231;232;237;315;324;327;332;345;357;366;368;374;375;382;398;399;401;409;416;424;435;440;441;458;470;474;480;484;504;512;515;519;529;549;555;558;580;593;607;610;624;655;668;699;702;719;726;752;768;782;787;793;798;799;807;808;820;848;851;860;876;878;890;895;904;907;910;916;923;933;950;961;965;975;985;990,2;18;22;25;26;31;32;37;40;50;69;91;92;96;102;111;120;128;132;135;145;147;154;159;177;178;185;189;199;204;207;209;213;214;238;240;244;246;253;258;287;295;314;318;319;354;355;365;391;406;422;425;488;502;505;522;527;538;539;542;568;571;573;576;577;587;589;595;616;618;628;631;667;707;713;721;750;754;766;800;801;803;804;812;826;835;836;839;853;859;864;871;899;909;912;949;954;971;994;998,Optimal,71.78000000,71.74111111,0.00054178,12.54851127,102,30,25328,37441,0,0,0.00000000,fpp_cut_separator,cut,false,true,false,false,360,360,12484,12472,0,800,32,0,0,0.33937178,0,0,0,0,0,0.00000000,0.00000000,,0,0,71.78000000,0.00000000,0.00000000,pass,131;172;225;273;283;294;306;344,false,false,,,,,71.78000000,168.90000000,85.96000000,207.90000000,0.00789377,0.00945085,0.05984568,RT=0.550000;ADAG=0.450000;GDG=0.000000;NFR=0.000000;EMPTY=0.000000,RT=0.500000;ADAG=0.490000;GDG=0.000000;NFR=0.000000;EMPTY=0.010000,Cell2Fire scenarios are treated as directed propagation graphs.,"Separator context callback enabled; CPLEX Threads forced to 1 for deterministic cut-cache safety. | Separator cuts registered through the CPLEX generic relaxation context callback. | Separator callback stats: invocations=32, min_cut_calls=800, cuts_added=0, duplicates_skipped=0, large_cuts_skipped=0. | FPP cut/reachability post-solve recourse validation matched the solver objective. | FPP cut/reachability objective is expected burned area over observed scenario nodes. | x and q variables are continuous in [0,1]; y variables are binary for eligible nodes. | Root nodes are forced to burn and propagate even if selected as firebreaks. | Non-eligible non-root nodes use x_v >= q_v because no y_v variable exists. | FppRecourseEvaluator validation passed for final selected firebreaks. | Train reader warning: IgnitionsHistory/ignitions_log.csv has one numeric column; assuming line number is the scenario ID. | Test reader warning: IgnitionsHistory/ignitions_log.csv has one numeric column; assuming line number is the scenario ID. | Test reader warning: No arcs parsed from MessagesFile0616.csv. | Test scenarios were used only for out-of-sample evaluation."
fpp_12mode_benchmark_alpha002,1,fpp_12mode_benchmark_alpha002_alpha0p02_train100_test100_case1_fpp_saa_fpp_cut_dominator_separator,2026-05-20T19:52:09Z,Sub20,FPP-SAA,0.02000000,8,100,100,expected_burned_area,10;23;64;76;80;86;99;105;119;124;126;127;149;153;155;157;167;182;187;196;201;217;219;228;231;232;237;315;324;327;332;345;357;366;368;374;375;382;398;399;401;409;416;424;435;440;441;458;470;474;480;484;504;512;515;519;529;549;555;558;580;593;607;610;624;655;668;699;702;719;726;752;768;782;787;793;798;799;807;808;820;848;851;860;876;878;890;895;904;907;910;916;923;933;950;961;965;975;985;990,2;18;22;25;26;31;32;37;40;50;69;91;92;96;102;111;120;128;132;135;145;147;154;159;177;178;185;189;199;204;207;209;213;214;238;240;244;246;253;258;287;295;314;318;319;354;355;365;391;406;422;425;488;502;505;522;527;538;539;542;568;571;573;576;577;587;589;595;616;618;628;631;667;707;713;721;750;754;766;800;801;803;804;812;826;835;836;839;853;859;864;871;899;909;912;949;954;971;994;998,Optimal,71.77000000,71.77000000,0.00000000,25.31275519,1,28,25328,49960,0,0,0.00000000,fpp_cut_dominator_separator,cut,true,true,false,false,360,360,12484,12472,0,1200,43,0,0,0.53721278,12519,3883,8636,100,0,0.17681573,0.00000000,,0,0,71.77000000,0.00000000,0.00000000,pass,131;172;206;273;283;294;306;344,false,false,,,,,71.77000000,169.90000000,85.39000000,205.80000000,0.00628481,0.00740595,0.09079121,RT=0.550000;ADAG=0.450000;GDG=0.000000;NFR=0.000000;EMPTY=0.000000,RT=0.500000;ADAG=0.490000;GDG=0.000000;NFR=0.000000;EMPTY=0.010000,Cell2Fire scenarios are treated as directed propagation graphs.,"Dominator preprocessing processed 100 scenarios: DAG=100, fallback=0, aggregate_cuts=3883, individual_cuts=8636. | Separator context callback enabled; CPLEX Threads forced to 1 for deterministic cut-cache safety. | Separator cuts registered through the CPLEX generic relaxation context callback. | Separator callback stats: invocations=43, min_cut_calls=1200, cuts_added=0, duplicates_skipped=0, large_cuts_skipped=0. | FPP cut/reachability post-solve recourse validation matched the solver objective. | FPP cut/reachability objective is expected burned area over observed scenario nodes. | x and q variables are continuous in [0,1]; y variables are binary for eligible nodes. | Root nodes are forced to burn and propagate even if selected as firebreaks. | Non-eligible non-root nodes use x_v >= q_v because no y_v variable exists. | FppRecourseEvaluator validation passed for final selected firebreaks. | Train reader warning: IgnitionsHistory/ignitions_log.csv has one numeric column; assuming line number is the scenario ID. | Test reader warning: IgnitionsHistory/ignitions_log.csv has one numeric column; assuming line number is the scenario ID. | Test reader warning: No arcs parsed from MessagesFile0616.csv. | Test scenarios were used only for out-of-sample evaluation."
fpp_12mode_benchmark_alpha002,1,fpp_12mode_benchmark_alpha002_alpha0p02_train100_test100_case1_fpp_saa_fpp_cut_dominator_separator_greedy,2026-05-20T19:52:35Z,Sub20,FPP-SAA,0.02000000,8,100,100,expected_burned_area,10;23;64;76;80;86;99;105;119;124;126;127;149;153;155;157;167;182;187;196;201;217;219;228;231;232;237;315;324;327;332;345;357;366;368;374;375;382;398;399;401;409;416;424;435;440;441;458;470;474;480;484;504;512;515;519;529;549;555;558;580;593;607;610;624;655;668;699;702;719;726;752;768;782;787;793;798;799;807;808;820;848;851;860;876;878;890;895;904;907;910;916;923;933;950;961;965;975;985;990,2;18;22;25;26;31;32;37;40;50;69;91;92;96;102;111;120;128;132;135;145;147;154;159;177;178;185;189;199;204;207;209;213;214;238;240;244;246;253;258;287;295;314;318;319;354;355;365;391;406;422;425;488;502;505;522;527;538;539;542;568;571;573;576;577;587;589;595;616;618;628;631;667;707;713;721;750;754;766;800;801;803;804;812;826;835;836;839;853;859;864;871;899;909;912;949;954;971;994;998,Optimal,71.77000000,71.77000000,0.00000000,24.94810574,1,28,25328,49960,0,0,0.00000000,fpp_cut_dominator_separator_greedy,cut,true,true,true,false,360,360,12484,12472,0,1200,43,0,0,0.56618612,12519,3883,8636,100,0,0.11954093,0.49996395,76.47000000,400,8,71.77000000,0.00000000,0.00000000,pass,131;172;206;273;283;294;306;344,true,true,reachability-greedy-warm-start,264;344;206;131;172;144;231;306,,Warm start generated by reachability-greedy FPP recourse heuristic. | Reachability-greedy empty objective: 124.84. | Reachability-greedy final objective: 76.47. | Reachability-greedy exact marginal evaluations: 400. | Warm start status: Ready.,71.77000000,169.90000000,85.39000000,205.80000000,0.00623466,0.00739071,0.06009015,RT=0.550000;ADAG=0.450000;GDG=0.000000;NFR=0.000000;EMPTY=0.000000,RT=0.500000;ADAG=0.490000;GDG=0.000000;NFR=0.000000;EMPTY=0.010000,Cell2Fire scenarios are treated as directed propagation graphs.,"Dominator preprocessing processed 100 scenarios: DAG=100, fallback=0, aggregate_cuts=3883, individual_cuts=8636. | Separator context callback enabled; CPLEX Threads forced to 1 for deterministic cut-cache safety. | Cut/reachability MIP start values were generated from FppRecourseEvaluator and passed feasibility checks. | CPLEX full cut/reachability MIP start was added from warm-start solution with y/x/q values and recourse objective 76.47. | Separator cuts registered through the CPLEX generic relaxation context callback. | Separator callback stats: invocations=43, min_cut_calls=1200, cuts_added=0, duplicates_skipped=0, large_cuts_skipped=0. | FPP cut/reachability post-solve recourse validation matched the solver objective. | FPP cut/reachability objective is expected burned area over observed scenario nodes. | x and q variables are continuous in [0,1]; y variables are binary for eligible nodes. | Root nodes are forced to burn and propagate even if selected as firebreaks. | Non-eligible non-root nodes use x_v >= q_v because no y_v variable exists. | Reachability-greedy warm start was used as a full y/x/q MIP start for the cut FPP formulation. | Reachability-greedy warm start empty objective: 124.84. | Reachability-greedy warm start final objective: 76.47. | Reachability-greedy warm start exact marginal evaluations: 400. | FppRecourseEvaluator validation passed for final selected firebreaks. | Train reader warning: IgnitionsHistory/ignitions_log.csv has one numeric column; assuming line number is the scenario ID. | Test reader warning: IgnitionsHistory/ignitions_log.csv has one numeric column; assuming line number is the scenario ID. | Test reader warning: No arcs parsed from MessagesFile0616.csv. | Test scenarios were used only for out-of-sample evaluation."
fpp_12mode_benchmark_alpha002,2,fpp_12mode_benchmark_alpha002_alpha0p02_train100_test100_case2_fpp_saa_fpp_base,2026-05-20T19:53:05Z,Sub20,FPP-SAA,0.02000000,8,100,100,expected_burned_area,4;5;15;18;20;29;44;78;79;86;111;113;120;123;127;136;137;142;151;152;165;173;178;197;200;201;207;210;221;230;233;238;252;265;275;277;278;279;293;317;320;328;335;339;349;371;376;392;409;414;416;425;428;431;433;440;466;477;486;501;503;505;510;573;577;594;598;600;601;619;626;629;639;649;652;691;703;708;709;742;762;773;778;781;807;817;851;867;910;911;914;917;931;939;948;953;968;973;991;995,35;63;75;81;99;100;102;107;117;122;138;141;155;156;184;204;248;251;253;255;274;282;284;288;290;310;322;346;347;368;395;403;412;417;419;442;459;490;497;506;511;514;520;521;522;536;539;547;556;564;576;585;595;602;609;641;643;648;656;658;660;671;681;693;694;711;713;722;724;732;737;738;743;751;756;763;779;791;808;822;836;842;843;845;852;860;865;875;881;883;885;894;908;912;925;962;966;974;977;984,Optimal,77.92000000,77.88000000,0.00051335,29.27462049,102,145,36360,13703,0,0,0.00000000,fpp_base,base,false,false,false,false,360,360,13607,13602,0,0,0,0,0,0.00000000,0,0,0,0,0,0.00000000,0.00000000,,0,0,77.92000000,0.00000000,0.00000000,pass,183;211;266;275;289;303;344;371,false,false,,,,,77.92000000,196.70000000,98.56000000,246.40000000,0.00683804,0.00870371,0.06645549,RT=0.490000;ADAG=0.510000;GDG=0.000000;NFR=0.000000;EMPTY=0.000000,RT=0.460000;ADAG=0.540000;GDG=0.000000;NFR=0.000000;EMPTY=0.000000,Cell2Fire scenarios are treated as directed propagation graphs.,FPP-SAA objective is expected burned area over loaded scenarios. | Propagation constraints use y_v only when v is eligible. | FppRecourseEvaluator validation passed for final selected firebreaks. | Train reader warning: IgnitionsHistory/ignitions_log.csv has one numeric column; assuming line number is the scenario ID. | Test reader warning: IgnitionsHistory/ignitions_log.csv has one numeric column; assuming line number is the scenario ID. | Test scenarios were used only for out-of-sample evaluation.
fpp_12mode_benchmark_alpha002,2,fpp_12mode_benchmark_alpha002_alpha0p02_train100_test100_case2_fpp_saa_fpp_base_greedy,2026-05-20T19:53:26Z,Sub20,FPP-SAA,0.02000000,8,100,100,expected_burned_area,4;5;15;18;20;29;44;78;79;86;111;113;120;123;127;136;137;142;151;152;165;173;178;197;200;201;207;210;221;230;233;238;252;265;275;277;278;279;293;317;320;328;335;339;349;371;376;392;409;414;416;425;428;431;433;440;466;477;486;501;503;505;510;573;577;594;598;600;601;619;626;629;639;649;652;691;703;708;709;742;762;773;778;781;807;817;851;867;910;911;914;917;931;939;948;953;968;973;991;995,35;63;75;81;99;100;102;107;117;122;138;141;155;156;184;204;248;251;253;255;274;282;284;288;290;310;322;346;347;368;395;403;412;417;419;442;459;490;497;506;511;514;520;521;522;536;539;547;556;564;576;585;595;602;609;641;643;648;656;658;660;671;681;693;694;711;713;722;724;732;737;738;743;751;756;763;779;791;808;822;836;842;843;845;852;860;865;875;881;883;885;894;908;912;925;962;966;974;977;984,Optimal,77.92000000,77.86000000,0.00077002,20.11136953,102,92,36360,13703,0,0,0.00000000,fpp_base_greedy,base,false,false,true,false,360,360,13607,13602,0,0,0,0,0,0.00000000,0,0,0,0,0,0.00000000,0.49525010,79.94000000,400,8,77.92000000,0.00000000,0.00000000,pass,183;211;266;275;289;303;344;371,true,true,reachability-greedy-warm-start,266;344;183;306;233;206;295;173,,Warm start generated by reachability-greedy FPP recourse heuristic. | Reachability-greedy empty objective: 136.07. | Reachability-greedy final objective: 79.94. | Reachability-greedy exact marginal evaluations: 400. | Warm start status: Ready.,77.92000000,196.70000000,98.56000000,246.40000000,0.00474073,0.00571628,0.05933989,RT=0.490000;ADAG=0.510000;GDG=0.000000;NFR=0.000000;EMPTY=0.000000,RT=0.460000;ADAG=0.540000;GDG=0.000000;NFR=0.000000;EMPTY=0.000000,Cell2Fire scenarios are treated as directed propagation graphs.,CPLEX y-only MIP start was added from warm-start solution. | FPP-SAA objective is expected burned area over loaded scenarios. | Propagation constraints use y_v only when v is eligible. | Reachability-greedy warm start was used as a y-only MIP start for the base FPP formulation. | Reachability-greedy warm start empty objective: 136.07. | Reachability-greedy warm start final objective: 79.94. | Reachability-greedy warm start exact marginal evaluations: 400. | FppRecourseEvaluator validation passed for final selected firebreaks. | Train reader warning: IgnitionsHistory/ignitions_log.csv has one numeric column; assuming line number is the scenario ID. | Test reader warning: IgnitionsHistory/ignitions_log.csv has one numeric column; assuming line number is the scenario ID. | Test scenarios were used only for out-of-sample evaluation.
fpp_12mode_benchmark_alpha002,2,fpp_12mode_benchmark_alpha002_alpha0p02_train100_test100_case2_fpp_saa_fpp_base_dominator,2026-05-20T19:54:14Z,Sub20,FPP-SAA,0.02000000,8,100,100,expected_burned_area,4;5;15;18;20;29;44;78;79;86;111;113;120;123;127;136;137;142;151;152;165;173;178;197;200;201;207;210;221;230;233;238;252;265;275;277;278;279;293;317;320;328;335;339;349;371;376;392;409;414;416;425;428;431;433;440;466;477;486;501;503;505;510;573;577;594;598;600;601;619;626;629;639;649;652;691;703;708;709;742;762;773;778;781;807;817;851;867;910;911;914;917;931;939;948;953;968;973;991;995,35;63;75;81;99;100;102;107;117;122;138;141;155;156;184;204;248;251;253;255;274;282;284;288;290;310;322;346;347;368;395;403;412;417;419;442;459;490;497;506;511;514;520;521;522;536;539;547;556;564;576;585;595;602;609;641;643;648;656;658;660;671;681;693;694;711;713;722;724;732;737;738;743;751;756;763;779;791;808;822;836;842;843;845;852;860;865;875;881;883;885;894;908;912;925;962;966;974;977;984,Optimal,77.92000000,77.92000000,0.00000000,47.37223726,1,99,36360,26722,0,0,0.00000000,fpp_base_dominator,base,true,false,false,false,360,360,13607,13602,0,0,0,0,0,0.00000000,13019,4096,8923,100,0,0.06702386,0.00000000,,0,0,77.92000000,0.00000000,0.00000000,pass,183;211;266;275;289;303;344;371,false,false,,,,,77.92000000,196.70000000,98.56000000,246.40000000,0.00681950,0.00858647,0.03137376,RT=0.490000;ADAG=0.510000;GDG=0.000000;NFR=0.000000;EMPTY=0.000000,RT=0.460000;ADAG=0.540000;GDG=0.000000;NFR=0.000000;EMPTY=0.000000,Cell2Fire scenarios are treated as directed propagation graphs.,"Dominator preprocessing processed 100 scenarios: DAG=100, fallback=0, aggregate_cuts=4096, individual_cuts=8923. | FPP-SAA objective is expected burned area over loaded scenarios. | Propagation constraints use y_v only when v is eligible. | FppRecourseEvaluator validation passed for final selected firebreaks. | Train reader warning: IgnitionsHistory/ignitions_log.csv has one numeric column; assuming line number is the scenario ID. | Test reader warning: IgnitionsHistory/ignitions_log.csv has one numeric column; assuming line number is the scenario ID. | Test scenarios were used only for out-of-sample evaluation."
fpp_12mode_benchmark_alpha002,2,fpp_12mode_benchmark_alpha002_alpha0p02_train100_test100_case2_fpp_saa_fpp_base_separator,2026-05-20T19:54:45Z,Sub20,FPP-SAA,0.02000000,8,100,100,expected_burned_area,4;5;15;18;20;29;44;78;79;86;111;113;120;123;127;136;137;142;151;152;165;173;178;197;200;201;207;210;221;230;233;238;252;265;275;277;278;279;293;317;320;328;335;339;349;371;376;392;409;414;416;425;428;431;433;440;466;477;486;501;503;505;510;573;577;594;598;600;601;619;626;629;639;649;652;691;703;708;709;742;762;773;778;781;807;817;851;867;910;911;914;917;931;939;948;953;968;973;991;995,35;63;75;81;99;100;102;107;117;122;138;141;155;156;184;204;248;251;253;255;274;282;284;288;290;310;322;346;347;368;395;403;412;417;419;442;459;490;497;506;511;514;520;521;522;536;539;547;556;564;576;585;595;602;609;641;643;648;656;658;660;671;681;693;694;711;713;722;724;732;737;738;743;751;756;763;779;791;808;822;836;842;843;845;852;860;865;875;881;883;885;894;908;912;925;962;966;974;977;984,Optimal,77.92000000,77.88000000,0.00051335,31.32499992,102,145,36360,13703,0,0,0.00000000,fpp_base_separator,base,false,true,false,false,360,360,13607,13602,0,5200,230,0,0,2.37193515,0,0,0,0,0,0.00000000,0.00000000,,0,0,77.92000000,0.00000000,0.00000000,pass,183;211;266;275;289;303;344;371,false,false,,,,,77.92000000,196.70000000,98.56000000,246.40000000,0.00691499,0.00863627,0.05940795,RT=0.490000;ADAG=0.510000;GDG=0.000000;NFR=0.000000;EMPTY=0.000000,RT=0.460000;ADAG=0.540000;GDG=0.000000;NFR=0.000000;EMPTY=0.000000,Cell2Fire scenarios are treated as directed propagation graphs.,"Separator context callback enabled; CPLEX Threads forced to 1 for deterministic cut-cache safety. | Separator cuts registered through the CPLEX generic relaxation context callback. | Separator callback stats: invocations=230, min_cut_calls=5200, cuts_added=0, duplicates_skipped=0, large_cuts_skipped=0. | FPP-SAA objective is expected burned area over loaded scenarios. | Propagation constraints use y_v only when v is eligible. | FppRecourseEvaluator validation passed for final selected firebreaks. | Train reader warning: IgnitionsHistory/ignitions_log.csv has one numeric column; assuming line number is the scenario ID. | Test reader warning: IgnitionsHistory/ignitions_log.csv has one numeric column; assuming line number is the scenario ID. | Test scenarios were used only for out-of-sample evaluation."
fpp_12mode_benchmark_alpha002,2,fpp_12mode_benchmark_alpha002_alpha0p02_train100_test100_case2_fpp_saa_fpp_base_dominator_separator,2026-05-20T19:55:47Z,Sub20,FPP-SAA,0.02000000,8,100,100,expected_burned_area,4;5;15;18;20;29;44;78;79;86;111;113;120;123;127;136;137;142;151;152;165;173;178;197;200;201;207;210;221;230;233;238;252;265;275;277;278;279;293;317;320;328;335;339;349;371;376;392;409;414;416;425;428;431;433;440;466;477;486;501;503;505;510;573;577;594;598;600;601;619;626;629;639;649;652;691;703;708;709;742;762;773;778;781;807;817;851;867;910;911;914;917;931;939;948;953;968;973;991;995,35;63;75;81;99;100;102;107;117;122;138;141;155;156;184;204;248;251;253;255;274;282;284;288;290;310;322;346;347;368;395;403;412;417;419;442;459;490;497;506;511;514;520;521;522;536;539;547;556;564;576;585;595;602;609;641;643;648;656;658;660;671;681;693;694;711;713;722;724;732;737;738;743;751;756;763;779;791;808;822;836;842;843;845;852;860;865;875;881;883;885;894;908;912;925;962;966;974;977;984,Optimal,77.92000000,77.92000000,0.00000000,61.09798438,1,99,36360,26722,0,0,0.00000000,fpp_base_dominator_separator,base,true,true,false,false,360,360,13607,13602,0,4000,121,0,0,1.74920101,13019,4096,8923,100,0,0.12882776,0.00000000,,0,0,77.92000000,0.00000000,0.00000000,pass,183;211;266;275;289;303;344;371,false,false,,,,,77.92000000,196.70000000,98.56000000,246.40000000,0.00550904,0.00700198,0.05945358,RT=0.490000;ADAG=0.510000;GDG=0.000000;NFR=0.000000;EMPTY=0.000000,RT=0.460000;ADAG=0.540000;GDG=0.000000;NFR=0.000000;EMPTY=0.000000,Cell2Fire scenarios are treated as directed propagation graphs.,"Dominator preprocessing processed 100 scenarios: DAG=100, fallback=0, aggregate_cuts=4096, individual_cuts=8923. | Separator context callback enabled; CPLEX Threads forced to 1 for deterministic cut-cache safety. | Separator cuts registered through the CPLEX generic relaxation context callback. | Separator callback stats: invocations=121, min_cut_calls=4000, cuts_added=0, duplicates_skipped=0, large_cuts_skipped=0. | FPP-SAA objective is expected burned area over loaded scenarios. | Propagation constraints use y_v only when v is eligible. | FppRecourseEvaluator validation passed for final selected firebreaks. | Train reader warning: IgnitionsHistory/ignitions_log.csv has one numeric column; assuming line number is the scenario ID. | Test reader warning: IgnitionsHistory/ignitions_log.csv has one numeric column; assuming line number is the scenario ID. | Test scenarios were used only for out-of-sample evaluation."
fpp_12mode_benchmark_alpha002,2,fpp_12mode_benchmark_alpha002_alpha0p02_train100_test100_case2_fpp_saa_fpp_base_dominator_separator_greedy,2026-05-20T19:56:26Z,Sub20,FPP-SAA,0.02000000,8,100,100,expected_burned_area,4;5;15;18;20;29;44;78;79;86;111;113;120;123;127;136;137;142;151;152;165;173;178;197;200;201;207;210;221;230;233;238;252;265;275;277;278;279;293;317;320;328;335;339;349;371;376;392;409;414;416;425;428;431;433;440;466;477;486;501;503;505;510;573;577;594;598;600;601;619;626;629;639;649;652;691;703;708;709;742;762;773;778;781;807;817;851;867;910;911;914;917;931;939;948;953;968;973;991;995,35;63;75;81;99;100;102;107;117;122;138;141;155;156;184;204;248;251;253;255;274;282;284;288;290;310;322;346;347;368;395;403;412;417;419;442;459;490;497;506;511;514;520;521;522;536;539;547;556;564;576;585;595;602;609;641;643;648;656;658;660;671;681;693;694;711;713;722;724;732;737;738;743;751;756;763;779;791;808;822;836;842;843;845;852;860;865;875;881;883;885;894;908;912;925;962;966;974;977;984,Optimal,77.92000000,77.86623656,0.00068998,37.46590267,102,113,36360,26722,0,0,0.00000000,fpp_base_dominator_separator_greedy,base,true,true,true,false,360,360,13607,13602,0,4400,157,0,0,1.00295284,13019,4096,8923,100,0,0.10386325,0.40516727,79.94000000,400,8,77.92000000,0.00000000,0.00000000,pass,183;211;266;275;289;303;344;371,true,true,reachability-greedy-warm-start,266;344;183;306;233;206;295;173,,Warm start generated by reachability-greedy FPP recourse heuristic. | Reachability-greedy empty objective: 136.07. | Reachability-greedy final objective: 79.94. | Reachability-greedy exact marginal evaluations: 400. | Warm start status: Ready.,77.92000000,196.70000000,98.56000000,246.40000000,0.00627907,0.00801857,0.05583557,RT=0.490000;ADAG=0.510000;GDG=0.000000;NFR=0.000000;EMPTY=0.000000,RT=0.460000;ADAG=0.540000;GDG=0.000000;NFR=0.000000;EMPTY=0.000000,Cell2Fire scenarios are treated as directed propagation graphs.,"Dominator preprocessing processed 100 scenarios: DAG=100, fallback=0, aggregate_cuts=4096, individual_cuts=8923. | Separator context callback enabled; CPLEX Threads forced to 1 for deterministic cut-cache safety. | CPLEX y-only MIP start was added from warm-start solution. | Separator cuts registered through the CPLEX generic relaxation context callback. | Separator callback stats: invocations=157, min_cut_calls=4400, cuts_added=0, duplicates_skipped=0, large_cuts_skipped=0. | FPP-SAA objective is expected burned area over loaded scenarios. | Propagation constraints use y_v only when v is eligible. | Reachability-greedy warm start was used as a y-only MIP start for the base FPP formulation. | Reachability-greedy warm start empty objective: 136.07. | Reachability-greedy warm start final objective: 79.94. | Reachability-greedy warm start exact marginal evaluations: 400. | FppRecourseEvaluator validation passed for final selected firebreaks. | Train reader warning: IgnitionsHistory/ignitions_log.csv has one numeric column; assuming line number is the scenario ID. | Test reader warning: IgnitionsHistory/ignitions_log.csv has one numeric column; assuming line number is the scenario ID. | Test scenarios were used only for out-of-sample evaluation."
fpp_12mode_benchmark_alpha002,2,fpp_12mode_benchmark_alpha002_alpha0p02_train100_test100_case2_fpp_saa_fpp_cut,2026-05-20T19:57:21Z,Sub20,FPP-SAA,0.02000000,8,100,100,expected_burned_area,4;5;15;18;20;29;44;78;79;86;111;113;120;123;127;136;137;142;151;152;165;173;178;197;200;201;207;210;221;230;233;238;252;265;275;277;278;279;293;317;320;328;335;339;349;371;376;392;409;414;416;425;428;431;433;440;466;477;486;501;503;505;510;573;577;594;598;600;601;619;626;629;639;649;652;691;703;708;709;742;762;773;778;781;807;817;851;867;910;911;914;917;931;939;948;953;968;973;991;995,35;63;75;81;99;100;102;107;117;122;138;141;155;156;184;204;248;251;253;255;274;282;284;288;290;310;322;346;347;368;395;403;412;417;419;442;459;490;497;506;511;514;520;521;522;536;539;547;556;564;576;585;595;602;609;641;643;648;656;658;660;671;681;693;694;711;713;722;724;732;737;738;743;751;756;763;779;791;808;822;836;842;843;845;852;860;865;875;881;883;885;894;908;912;925;962;966;974;977;984,Optimal,77.92000000,77.87666667,0.00055613,55.13166317,102,214,27574,40817,0,0,0.00000000,fpp_cut,cut,false,false,false,false,360,360,13607,13602,0,0,0,0,0,0.00000000,0,0,0,0,0,0.00000000,0.00000000,,0,0,77.92000000,0.00000000,0.00000000,pass,183;211;266;275;289;303;344;371,false,false,,,,,77.92000000,196.70000000,98.56000000,246.40000000,0.00573248,0.00729736,0.05582406,RT=0.490000;ADAG=0.510000;GDG=0.000000;NFR=0.000000;EMPTY=0.000000,RT=0.460000;ADAG=0.540000;GDG=0.000000;NFR=0.000000;EMPTY=0.000000,Cell2Fire scenarios are treated as directed propagation graphs.,"FPP cut/reachability post-solve recourse validation matched the solver objective. | FPP cut/reachability objective is expected burned area over observed scenario nodes. | x and q variables are continuous in [0,1]; y variables are binary for eligible nodes. | Root nodes are forced to burn and propagate even if selected as firebreaks. | Non-eligible non-root nodes use x_v >= q_v because no y_v variable exists. | FppRecourseEvaluator validation passed for final selected firebreaks. | Train reader warning: IgnitionsHistory/ignitions_log.csv has one numeric column; assuming line number is the scenario ID. | Test reader warning: IgnitionsHistory/ignitions_log.csv has one numeric column; assuming line number is the scenario ID. | Test scenarios were used only for out-of-sample evaluation."
fpp_12mode_benchmark_alpha002,2,fpp_12mode_benchmark_alpha002_alpha0p02_train100_test100_case2_fpp_saa_fpp_cut_greedy,2026-05-20T19:58:14Z,Sub20,FPP-SAA,0.02000000,8,100,100,expected_burned_area,4;5;15;18;20;29;44;78;79;86;111;113;120;123;127;136;137;142;151;152;165;173;178;197;200;201;207;210;221;230;233;238;252;265;275;277;278;279;293;317;320;328;335;339;349;371;376;392;409;414;416;425;428;431;433;440;466;477;486;501;503;505;510;573;577;594;598;600;601;619;626;629;639;649;652;691;703;708;709;742;762;773;778;781;807;817;851;867;910;911;914;917;931;939;948;953;968;973;991;995,35;63;75;81;99;100;102;107;117;122;138;141;155;156;184;204;248;251;253;255;274;282;284;288;290;310;322;346;347;368;395;403;412;417;419;442;459;490;497;506;511;514;520;521;522;536;539;547;556;564;576;585;595;602;609;641;643;648;656;658;660;671;681;693;694;711;713;722;724;732;737;738;743;751;756;763;779;791;808;822;836;842;843;845;852;860;865;875;881;883;885;894;908;912;925;962;966;974;977;984,Optimal,77.92000000,77.86945440,0.00064869,51.92517206,102,186,27574,40817,0,0,0.00000000,fpp_cut_greedy,cut,false,false,true,false,360,360,13607,13602,0,0,0,0,0,0.00000000,0,0,0,0,0,0.00000000,0.39800097,79.94000000,400,8,77.92000000,0.00000000,0.00000000,pass,183;211;266;275;289;303;344;371,true,true,reachability-greedy-warm-start,266;344;183;306;233;206;295;173,,Warm start generated by reachability-greedy FPP recourse heuristic. | Reachability-greedy empty objective: 136.07. | Reachability-greedy final objective: 79.94. | Reachability-greedy exact marginal evaluations: 400. | Warm start status: Ready.,77.92000000,196.70000000,98.56000000,246.40000000,0.00552385,0.00698079,0.04912910,RT=0.490000;ADAG=0.510000;GDG=0.000000;NFR=0.000000;EMPTY=0.000000,RT=0.460000;ADAG=0.540000;GDG=0.000000;NFR=0.000000;EMPTY=0.000000,Cell2Fire scenarios are treated as directed propagation graphs.,"Cut/reachability MIP start values were generated from FppRecourseEvaluator and passed feasibility checks. | CPLEX full cut/reachability MIP start was added from warm-start solution with y/x/q values and recourse objective 79.94. | FPP cut/reachability post-solve recourse validation matched the solver objective. | FPP cut/reachability objective is expected burned area over observed scenario nodes. | x and q variables are continuous in [0,1]; y variables are binary for eligible nodes. | Root nodes are forced to burn and propagate even if selected as firebreaks. | Non-eligible non-root nodes use x_v >= q_v because no y_v variable exists. | Reachability-greedy warm start was used as a full y/x/q MIP start for the cut FPP formulation. | Reachability-greedy warm start empty objective: 136.07. | Reachability-greedy warm start final objective: 79.94. | Reachability-greedy warm start exact marginal evaluations: 400. | FppRecourseEvaluator validation passed for final selected firebreaks. | Train reader warning: IgnitionsHistory/ignitions_log.csv has one numeric column; assuming line number is the scenario ID. | Test reader warning: IgnitionsHistory/ignitions_log.csv has one numeric column; assuming line number is the scenario ID. | Test scenarios were used only for out-of-sample evaluation."
fpp_12mode_benchmark_alpha002,2,fpp_12mode_benchmark_alpha002_alpha0p02_train100_test100_case2_fpp_saa_fpp_cut_dominator,2026-05-20T19:59:11Z,Sub20,FPP-SAA,0.02000000,8,100,100,expected_burned_area,4;5;15;18;20;29;44;78;79;86;111;113;120;123;127;136;137;142;151;152;165;173;178;197;200;201;207;210;221;230;233;238;252;265;275;277;278;279;293;317;320;328;335;339;349;371;376;392;409;414;416;425;428;431;433;440;466;477;486;501;503;505;510;573;577;594;598;600;601;619;626;629;639;649;652;691;703;708;709;742;762;773;778;781;807;817;851;867;910;911;914;917;931;939;948;953;968;973;991;995,35;63;75;81;99;100;102;107;117;122;138;141;155;156;184;204;248;251;253;255;274;282;284;288;290;310;322;346;347;368;395;403;412;417;419;442;459;490;497;506;511;514;520;521;522;536;539;547;556;564;576;585;595;602;609;641;643;648;656;658;660;671;681;693;694;711;713;722;724;732;737;738;743;751;756;763;779;791;808;822;836;842;843;845;852;860;865;875;881;883;885;894;908;912;925;962;966;974;977;984,Optimal,77.92000000,77.92000000,0.00000000,56.22185516,1,87,27574,53759,0,0,0.00000000,fpp_cut_dominator,cut,true,false,false,false,360,360,13607,13602,0,0,0,0,0,0.00000000,12942,4096,8846,100,0,0.10472553,0.00000000,,0,0,77.92000000,0.00000000,0.00000000,pass,183;211;266;275;289;303;344;371,false,false,,,,,77.92000000,196.70000000,98.56000000,246.40000000,0.00575666,0.00726315,0.04856824,RT=0.490000;ADAG=0.510000;GDG=0.000000;NFR=0.000000;EMPTY=0.000000,RT=0.460000;ADAG=0.540000;GDG=0.000000;NFR=0.000000;EMPTY=0.000000,Cell2Fire scenarios are treated as directed propagation graphs.,"Dominator preprocessing processed 100 scenarios: DAG=100, fallback=0, aggregate_cuts=4096, individual_cuts=8846. | FPP cut/reachability post-solve recourse validation matched the solver objective. | FPP cut/reachability objective is expected burned area over observed scenario nodes. | x and q variables are continuous in [0,1]; y variables are binary for eligible nodes. | Root nodes are forced to burn and propagate even if selected as firebreaks. | Non-eligible non-root nodes use x_v >= q_v because no y_v variable exists. | FppRecourseEvaluator validation passed for final selected firebreaks. | Train reader warning: IgnitionsHistory/ignitions_log.csv has one numeric column; assuming line number is the scenario ID. | Test reader warning: IgnitionsHistory/ignitions_log.csv has one numeric column; assuming line number is the scenario ID. | Test scenarios were used only for out-of-sample evaluation."
fpp_12mode_benchmark_alpha002,2,fpp_12mode_benchmark_alpha002_alpha0p02_train100_test100_case2_fpp_saa_fpp_cut_separator,2026-05-20T20:00:07Z,Sub20,FPP-SAA,0.02000000,8,100,100,expected_burned_area,4;5;15;18;20;29;44;78;79;86;111;113;120;123;127;136;137;142;151;152;165;173;178;197;200;201;207;210;221;230;233;238;252;265;275;277;278;279;293;317;320;328;335;339;349;371;376;392;409;414;416;425;428;431;433;440;466;477;486;501;503;505;510;573;577;594;598;600;601;619;626;629;639;649;652;691;703;708;709;742;762;773;778;781;807;817;851;867;910;911;914;917;931;939;948;953;968;973;991;995,35;63;75;81;99;100;102;107;117;122;138;141;155;156;184;204;248;251;253;255;274;282;284;288;290;310;322;346;347;368;395;403;412;417;419;442;459;490;497;506;511;514;520;521;522;536;539;547;556;564;576;585;595;602;609;641;643;648;656;658;660;671;681;693;694;711;713;722;724;732;737;738;743;751;756;763;779;791;808;822;836;842;843;845;852;860;865;875;881;883;885;894;908;912;925;962;966;974;977;984,Optimal,77.92000000,77.87666667,0.00055613,56.00515710,102,214,27574,40817,0,0,0.00000000,fpp_cut_separator,cut,false,true,false,false,360,360,13607,13602,0,2000,242,0,0,0.72542709,0,0,0,0,0,0.00000000,0.00000000,,0,0,77.92000000,0.00000000,0.00000000,pass,183;211;266;275;289;303;344;371,false,false,,,,,77.92000000,196.70000000,98.56000000,246.40000000,0.00577232,0.00733047,0.05413550,RT=0.490000;ADAG=0.510000;GDG=0.000000;NFR=0.000000;EMPTY=0.000000,RT=0.460000;ADAG=0.540000;GDG=0.000000;NFR=0.000000;EMPTY=0.000000,Cell2Fire scenarios are treated as directed propagation graphs.,"Separator context callback enabled; CPLEX Threads forced to 1 for deterministic cut-cache safety. | Separator cuts registered through the CPLEX generic relaxation context callback. | Separator callback stats: invocations=242, min_cut_calls=2000, cuts_added=0, duplicates_skipped=0, large_cuts_skipped=0. | FPP cut/reachability post-solve recourse validation matched the solver objective. | FPP cut/reachability objective is expected burned area over observed scenario nodes. | x and q variables are continuous in [0,1]; y variables are binary for eligible nodes. | Root nodes are forced to burn and propagate even if selected as firebreaks. | Non-eligible non-root nodes use x_v >= q_v because no y_v variable exists. | FppRecourseEvaluator validation passed for final selected firebreaks. | Train reader warning: IgnitionsHistory/ignitions_log.csv has one numeric column; assuming line number is the scenario ID. | Test reader warning: IgnitionsHistory/ignitions_log.csv has one numeric column; assuming line number is the scenario ID. | Test scenarios were used only for out-of-sample evaluation."
fpp_12mode_benchmark_alpha002,2,fpp_12mode_benchmark_alpha002_alpha0p02_train100_test100_case2_fpp_saa_fpp_cut_dominator_separator,2026-05-20T20:01:17Z,Sub20,FPP-SAA,0.02000000,8,100,100,expected_burned_area,4;5;15;18;20;29;44;78;79;86;111;113;120;123;127;136;137;142;151;152;165;173;178;197;200;201;207;210;221;230;233;238;252;265;275;277;278;279;293;317;320;328;335;339;349;371;376;392;409;414;416;425;428;431;433;440;466;477;486;501;503;505;510;573;577;594;598;600;601;619;626;629;639;649;652;691;703;708;709;742;762;773;778;781;807;817;851;867;910;911;914;917;931;939;948;953;968;973;991;995,35;63;75;81;99;100;102;107;117;122;138;141;155;156;184;204;248;251;253;255;274;282;284;288;290;310;322;346;347;368;395;403;412;417;419;442;459;490;497;506;511;514;520;521;522;536;539;547;556;564;576;585;595;602;609;641;643;648;656;658;660;671;681;693;694;711;713;722;724;732;737;738;743;751;756;763;779;791;808;822;836;842;843;845;852;860;865;875;881;883;885;894;908;912;925;962;966;974;977;984,Optimal,77.92000000,77.92000000,0.00000000,69.82067525,1,87,27574,53759,0,0,0.00000000,fpp_cut_dominator_separator,cut,true,true,false,false,360,360,13607,13602,0,1400,90,0,0,0.56890528,12942,4096,8846,100,0,0.10233954,0.00000000,,0,0,77.92000000,0.00000000,0.00000000,pass,183;211;266;275;289;303;344;371,false,false,,,,,77.92000000,196.70000000,98.56000000,246.40000000,0.00532506,0.00674384,0.04805302,RT=0.490000;ADAG=0.510000;GDG=0.000000;NFR=0.000000;EMPTY=0.000000,RT=0.460000;ADAG=0.540000;GDG=0.000000;NFR=0.000000;EMPTY=0.000000,Cell2Fire scenarios are treated as directed propagation graphs.,"Dominator preprocessing processed 100 scenarios: DAG=100, fallback=0, aggregate_cuts=4096, individual_cuts=8846. | Separator context callback enabled; CPLEX Threads forced to 1 for deterministic cut-cache safety. | Separator cuts registered through the CPLEX generic relaxation context callback. | Separator callback stats: invocations=90, min_cut_calls=1400, cuts_added=0, duplicates_skipped=0, large_cuts_skipped=0. | FPP cut/reachability post-solve recourse validation matched the solver objective. | FPP cut/reachability objective is expected burned area over observed scenario nodes. | x and q variables are continuous in [0,1]; y variables are binary for eligible nodes. | Root nodes are forced to burn and propagate even if selected as firebreaks. | Non-eligible non-root nodes use x_v >= q_v because no y_v variable exists. | FppRecourseEvaluator validation passed for final selected firebreaks. | Train reader warning: IgnitionsHistory/ignitions_log.csv has one numeric column; assuming line number is the scenario ID. | Test reader warning: IgnitionsHistory/ignitions_log.csv has one numeric column; assuming line number is the scenario ID. | Test scenarios were used only for out-of-sample evaluation."
fpp_12mode_benchmark_alpha002,2,fpp_12mode_benchmark_alpha002_alpha0p02_train100_test100_case2_fpp_saa_fpp_cut_dominator_separator_greedy,2026-05-20T20:02:05Z,Sub20,FPP-SAA,0.02000000,8,100,100,expected_burned_area,4;5;15;18;20;29;44;78;79;86;111;113;120;123;127;136;137;142;151;152;165;173;178;197;200;201;207;210;221;230;233;238;252;265;275;277;278;279;293;317;320;328;335;339;349;371;376;392;409;414;416;425;428;431;433;440;466;477;486;501;503;505;510;573;577;594;598;600;601;619;626;629;639;649;652;691;703;708;709;742;762;773;778;781;807;817;851;867;910;911;914;917;931;939;948;953;968;973;991;995,35;63;75;81;99;100;102;107;117;122;138;141;155;156;184;204;248;251;253;255;274;282;284;288;290;310;322;346;347;368;395;403;412;417;419;442;459;490;497;506;511;514;520;521;522;536;539;547;556;564;576;585;595;602;609;641;643;648;656;658;660;671;681;693;694;711;713;722;724;732;737;738;743;751;756;763;779;791;808;822;836;842;843;845;852;860;865;875;881;883;885;894;908;912;925;962;966;974;977;984,Optimal,77.92000000,77.87218224,0.00061368,46.33121057,102,116,27574,53759,0,0,0.00000000,fpp_cut_dominator_separator_greedy,cut,true,true,true,false,360,360,13607,13602,0,1600,120,0,0,0.42708369,12942,4096,8846,100,0,0.09913669,0.37333632,79.94000000,400,8,77.92000000,0.00000000,0.00000000,pass,183;211;266;275;289;303;344;371,true,true,reachability-greedy-warm-start,266;344;183;306;233;206;295;173,,Warm start generated by reachability-greedy FPP recourse heuristic. | Reachability-greedy empty objective: 136.07. | Reachability-greedy final objective: 79.94. | Reachability-greedy exact marginal evaluations: 400. | Warm start status: Ready.,77.92000000,196.70000000,98.56000000,246.40000000,0.00572496,0.00731088,0.04717118,RT=0.490000;ADAG=0.510000;GDG=0.000000;NFR=0.000000;EMPTY=0.000000,RT=0.460000;ADAG=0.540000;GDG=0.000000;NFR=0.000000;EMPTY=0.000000,Cell2Fire scenarios are treated as directed propagation graphs.,"Dominator preprocessing processed 100 scenarios: DAG=100, fallback=0, aggregate_cuts=4096, individual_cuts=8846. | Separator context callback enabled; CPLEX Threads forced to 1 for deterministic cut-cache safety. | Cut/reachability MIP start values were generated from FppRecourseEvaluator and passed feasibility checks. | CPLEX full cut/reachability MIP start was added from warm-start solution with y/x/q values and recourse objective 79.94. | Separator cuts registered through the CPLEX generic relaxation context callback. | Separator callback stats: invocations=120, min_cut_calls=1600, cuts_added=0, duplicates_skipped=0, large_cuts_skipped=0. | FPP cut/reachability post-solve recourse validation matched the solver objective. | FPP cut/reachability objective is expected burned area over observed scenario nodes. | x and q variables are continuous in [0,1]; y variables are binary for eligible nodes. | Root nodes are forced to burn and propagate even if selected as firebreaks. | Non-eligible non-root nodes use x_v >= q_v because no y_v variable exists. | Reachability-greedy warm start was used as a full y/x/q MIP start for the cut FPP formulation. | Reachability-greedy warm start empty objective: 136.07. | Reachability-greedy warm start final objective: 79.94. | Reachability-greedy warm start exact marginal evaluations: 400. | FppRecourseEvaluator validation passed for final selected firebreaks. | Train reader warning: IgnitionsHistory/ignitions_log.csv has one numeric column; assuming line number is the scenario ID. | Test reader warning: IgnitionsHistory/ignitions_log.csv has one numeric column; assuming line number is the scenario ID. | Test scenarios were used only for out-of-sample evaluation."
fpp_12mode_benchmark_alpha002,3,fpp_12mode_benchmark_alpha002_alpha0p02_train100_test100_case3_fpp_saa_fpp_base,2026-05-20T20:02:12Z,Sub20,FPP-SAA,0.02000000,8,100,100,expected_burned_area,34;64;79;100;111;127;129;130;154;175;177;206;207;215;230;235;241;263;269;274;290;294;304;316;319;321;353;369;372;373;381;396;405;426;437;449;458;461;469;472;490;491;492;497;503;504;506;516;517;528;531;532;536;538;543;548;554;555;566;577;584;586;587;609;612;630;631;641;683;704;705;715;726;733;734;743;754;758;786;792;815;832;834;840;854;859;867;868;878;903;931;932;934;936;937;973;974;986;994;997,10;20;23;25;31;45;56;59;63;65;80;85;102;108;115;120;121;125;138;163;180;181;186;216;218;237;253;268;270;277;313;318;324;326;328;335;336;349;364;375;379;384;392;393;414;430;433;439;479;485;508;510;513;527;544;563;564;576;580;585;607;613;619;627;666;681;684;689;701;709;736;738;739;751;753;773;774;780;784;797;798;803;807;820;831;835;836;842;847;862;883;906;941;942;953;963;989;993;996;1000,Optimal,81.82000000,81.82000000,0.00000000,7.12213301,1,5,36360,14083,0,0,0.00000000,fpp_base,base,false,false,false,false,360,360,13962,13982,0,0,0,0,0,0.00000000,0,0,0,0,0,0.00000000,0.00000000,,0,0,81.82000000,0.00000000,0.00000000,pass,133;146;193;264;273;287;316;326,false,false,,,,,81.82000000,172.50000000,92.60000000,220.80000000,0.00581760,0.00652507,0.04883600,RT=0.350000;ADAG=0.650000;GDG=0.000000;NFR=0.000000;EMPTY=0.000000,RT=0.490000;ADAG=0.510000;GDG=0.000000;NFR=0.000000;EMPTY=0.000000,Cell2Fire scenarios are treated as directed propagation graphs.,FPP-SAA objective is expected burned area over loaded scenarios. | Propagation constraints use y_v only when v is eligible. | FppRecourseEvaluator validation passed for final selected firebreaks. | Train reader warning: IgnitionsHistory/ignitions_log.csv has one numeric column; assuming line number is the scenario ID. | Test reader warning: IgnitionsHistory/ignitions_log.csv has one numeric column; assuming line number is the scenario ID. | Test scenarios were used only for out-of-sample evaluation.
fpp_12mode_benchmark_alpha002,3,fpp_12mode_benchmark_alpha002_alpha0p02_train100_test100_case3_fpp_saa_fpp_base_greedy,2026-05-20T20:02:19Z,Sub20,FPP-SAA,0.02000000,8,100,100,expected_burned_area,34;64;79;100;111;127;129;130;154;175;177;206;207;215;230;235;241;263;269;274;290;294;304;316;319;321;353;369;372;373;381;396;405;426;437;449;458;461;469;472;490;491;492;497;503;504;506;516;517;528;531;532;536;538;543;548;554;555;566;577;584;586;587;609;612;630;631;641;683;704;705;715;726;733;734;743;754;758;786;792;815;832;834;840;854;859;867;868;878;903;931;932;934;936;937;973;974;986;994;997,10;20;23;25;31;45;56;59;63;65;80;85;102;108;115;120;121;125;138;163;180;181;186;216;218;237;253;268;270;277;313;318;324;326;328;335;336;349;364;375;379;384;392;393;414;430;433;439;479;485;508;510;513;527;544;563;564;576;580;585;607;613;619;627;666;681;684;689;701;709;736;738;739;751;753;773;774;780;784;797;798;803;807;820;831;835;836;842;847;862;883;906;941;942;953;963;989;993;996;1000,Optimal,81.82000000,81.82000000,0.00000000,6.30525950,1,2,36360,14083,0,0,0.00000000,fpp_base_greedy,base,false,false,true,false,360,360,13962,13982,0,0,0,0,0,0.00000000,0,0,0,0,0,0.00000000,0.39680277,82.42000000,400,8,81.82000000,0.00000000,0.00000000,pass,133;146;193;264;273;287;316;326,true,true,reachability-greedy-warm-start,264;326;146;287;193;316;131;275,,Warm start generated by reachability-greedy FPP recourse heuristic. | Reachability-greedy empty objective: 139.62. | Reachability-greedy final objective: 82.42. | Reachability-greedy exact marginal evaluations: 400. | Warm start status: Ready.,81.82000000,172.50000000,92.60000000,220.80000000,0.00613988,0.00674265,0.04752251,RT=0.350000;ADAG=0.650000;GDG=0.000000;NFR=0.000000;EMPTY=0.000000,RT=0.490000;ADAG=0.510000;GDG=0.000000;NFR=0.000000;EMPTY=0.000000,Cell2Fire scenarios are treated as directed propagation graphs.,CPLEX y-only MIP start was added from warm-start solution. | FPP-SAA objective is expected burned area over loaded scenarios. | Propagation constraints use y_v only when v is eligible. | Reachability-greedy warm start was used as a y-only MIP start for the base FPP formulation. | Reachability-greedy warm start empty objective: 139.62. | Reachability-greedy warm start final objective: 82.42. | Reachability-greedy warm start exact marginal evaluations: 400. | FppRecourseEvaluator validation passed for final selected firebreaks. | Train reader warning: IgnitionsHistory/ignitions_log.csv has one numeric column; assuming line number is the scenario ID. | Test reader warning: IgnitionsHistory/ignitions_log.csv has one numeric column; assuming line number is the scenario ID. | Test scenarios were used only for out-of-sample evaluation.
fpp_12mode_benchmark_alpha002,3,fpp_12mode_benchmark_alpha002_alpha0p02_train100_test100_case3_fpp_saa_fpp_base_dominator,2026-05-20T20:02:46Z,Sub20,FPP-SAA,0.02000000,8,100,100,expected_burned_area,34;64;79;100;111;127;129;130;154;175;177;206;207;215;230;235;241;263;269;274;290;294;304;316;319;321;353;369;372;373;381;396;405;426;437;449;458;461;469;472;490;491;492;497;503;504;506;516;517;528;531;532;536;538;543;548;554;555;566;577;584;586;587;609;612;630;631;641;683;704;705;715;726;733;734;743;754;758;786;792;815;832;834;840;854;859;867;868;878;903;931;932;934;936;937;973;974;986;994;997,10;20;23;25;31;45;56;59;63;65;80;85;102;108;115;120;121;125;138;163;180;181;186;216;218;237;253;268;270;277;313;318;324;326;328;335;336;349;364;375;379;384;392;393;414;430;433;439;479;485;508;510;513;527;544;563;564;576;580;585;607;613;619;627;666;681;684;689;701;709;736;738;739;751;753;773;774;780;784;797;798;803;807;820;831;835;836;842;847;862;883;906;941;942;953;963;989;993;996;1000,Optimal,81.82000000,81.78908329,0.00037786,26.53226401,102,0,36360,27762,0,0,0.00000000,fpp_base_dominator,base,true,false,false,false,360,360,13962,13982,0,0,0,0,0,0.00000000,13679,4320,9359,100,0,0.12123311,0.00000000,,0,0,81.82000000,0.00000000,0.00000000,pass,133;146;193;264;273;287;316;326,false,false,,,,,81.82000000,172.50000000,92.60000000,220.80000000,0.00585981,0.00652169,0.04847551,RT=0.350000;ADAG=0.650000;GDG=0.000000;NFR=0.000000;EMPTY=0.000000,RT=0.490000;ADAG=0.510000;GDG=0.000000;NFR=0.000000;EMPTY=0.000000,Cell2Fire scenarios are treated as directed propagation graphs.,"Dominator preprocessing processed 100 scenarios: DAG=100, fallback=0, aggregate_cuts=4320, individual_cuts=9359. | FPP-SAA objective is expected burned area over loaded scenarios. | Propagation constraints use y_v only when v is eligible. | FppRecourseEvaluator validation passed for final selected firebreaks. | Train reader warning: IgnitionsHistory/ignitions_log.csv has one numeric column; assuming line number is the scenario ID. | Test reader warning: IgnitionsHistory/ignitions_log.csv has one numeric column; assuming line number is the scenario ID. | Test scenarios were used only for out-of-sample evaluation."
fpp_12mode_benchmark_alpha002,3,fpp_12mode_benchmark_alpha002_alpha0p02_train100_test100_case3_fpp_saa_fpp_base_separator,2026-05-20T20:02:54Z,Sub20,FPP-SAA,0.02000000,8,100,100,expected_burned_area,34;64;79;100;111;127;129;130;154;175;177;206;207;215;230;235;241;263;269;274;290;294;304;316;319;321;353;369;372;373;381;396;405;426;437;449;458;461;469;472;490;491;492;497;503;504;506;516;517;528;531;532;536;538;543;548;554;555;566;577;584;586;587;609;612;630;631;641;683;704;705;715;726;733;734;743;754;758;786;792;815;832;834;840;854;859;867;868;878;903;931;932;934;936;937;973;974;986;994;997,10;20;23;25;31;45;56;59;63;65;80;85;102;108;115;120;121;125;138;163;180;181;186;216;218;237;253;268;270;277;313;318;324;326;328;335;336;349;364;375;379;384;392;393;414;430;433;439;479;485;508;510;513;527;544;563;564;576;580;585;607;613;619;627;666;681;684;689;701;709;736;738;739;751;753;773;774;780;784;797;798;803;807;820;831;835;836;842;847;862;883;906;941;942;953;963;989;993;996;1000,Optimal,81.82000000,81.78543613,0.00042244,7.24195680,102,0,36360,14084,0,1,0.01197714,fpp_base_separator,base,false,true,false,false,360,360,13962,13982,1,2400,12,0,0,0.83429591,0,0,0,0,0,0.00000000,0.00000000,,0,0,81.82000000,0.00000000,0.00000000,pass,133;146;193;264;273;287;316;326,false,false,,,,,81.82000000,172.50000000,92.60000000,220.80000000,0.00565751,0.00624613,0.04611666,RT=0.350000;ADAG=0.650000;GDG=0.000000;NFR=0.000000;EMPTY=0.000000,RT=0.490000;ADAG=0.510000;GDG=0.000000;NFR=0.000000;EMPTY=0.000000,Cell2Fire scenarios are treated as directed propagation graphs.,"Separator context callback enabled; CPLEX Threads forced to 1 for deterministic cut-cache safety. | Separator cuts registered through the CPLEX generic relaxation context callback. | Separator callback stats: invocations=12, min_cut_calls=2400, cuts_added=1, duplicates_skipped=0, large_cuts_skipped=0. | FPP-SAA objective is expected burned area over loaded scenarios. | Propagation constraints use y_v only when v is eligible. | FppRecourseEvaluator validation passed for final selected firebreaks. | Train reader warning: IgnitionsHistory/ignitions_log.csv has one numeric column; assuming line number is the scenario ID. | Test reader warning: IgnitionsHistory/ignitions_log.csv has one numeric column; assuming line number is the scenario ID. | Test scenarios were used only for out-of-sample evaluation."
fpp_12mode_benchmark_alpha002,3,fpp_12mode_benchmark_alpha002_alpha0p02_train100_test100_case3_fpp_saa_fpp_base_dominator_separator,2026-05-20T20:03:21Z,Sub20,FPP-SAA,0.02000000,8,100,100,expected_burned_area,34;64;79;100;111;127;129;130;154;175;177;206;207;215;230;235;241;263;269;274;290;294;304;316;319;321;353;369;372;373;381;396;405;426;437;449;458;461;469;472;490;491;492;497;503;504;506;516;517;528;531;532;536;538;543;548;554;555;566;577;584;586;587;609;612;630;631;641;683;704;705;715;726;733;734;743;754;758;786;792;815;832;834;840;854;859;867;868;878;903;931;932;934;936;937;973;974;986;994;997,10;20;23;25;31;45;56;59;63;65;80;85;102;108;115;120;121;125;138;163;180;181;186;216;218;237;253;268;270;277;313;318;324;326;328;335;336;349;364;375;379;384;392;393;414;430;433;439;479;485;508;510;513;527;544;563;564;576;580;585;607;613;619;627;666;681;684;689;701;709;736;738;739;751;753;773;774;780;784;797;798;803;807;820;831;835;836;842;847;862;883;906;941;942;953;963;989;993;996;1000,Optimal,81.82000000,81.78908329,0.00037786,26.97627223,102,0,36360,27762,0,0,0.00000000,fpp_base_dominator_separator,base,true,true,false,false,360,360,13962,13982,0,2800,14,0,0,0.99489100,13679,4320,9359,100,0,0.10064147,0.00000000,,0,0,81.82000000,0.00000000,0.00000000,pass,133;146;193;264;273;287;316;326,false,false,,,,,81.82000000,172.50000000,92.60000000,220.80000000,0.00600807,0.00685735,0.04423729,RT=0.350000;ADAG=0.650000;GDG=0.000000;NFR=0.000000;EMPTY=0.000000,RT=0.490000;ADAG=0.510000;GDG=0.000000;NFR=0.000000;EMPTY=0.000000,Cell2Fire scenarios are treated as directed propagation graphs.,"Dominator preprocessing processed 100 scenarios: DAG=100, fallback=0, aggregate_cuts=4320, individual_cuts=9359. | Separator context callback enabled; CPLEX Threads forced to 1 for deterministic cut-cache safety. | Separator cuts registered through the CPLEX generic relaxation context callback. | Separator callback stats: invocations=14, min_cut_calls=2800, cuts_added=0, duplicates_skipped=0, large_cuts_skipped=0. | FPP-SAA objective is expected burned area over loaded scenarios. | Propagation constraints use y_v only when v is eligible. | FppRecourseEvaluator validation passed for final selected firebreaks. | Train reader warning: IgnitionsHistory/ignitions_log.csv has one numeric column; assuming line number is the scenario ID. | Test reader warning: IgnitionsHistory/ignitions_log.csv has one numeric column; assuming line number is the scenario ID. | Test scenarios were used only for out-of-sample evaluation."
fpp_12mode_benchmark_alpha002,3,fpp_12mode_benchmark_alpha002_alpha0p02_train100_test100_case3_fpp_saa_fpp_base_dominator_separator_greedy,2026-05-20T20:03:35Z,Sub20,FPP-SAA,0.02000000,8,100,100,expected_burned_area,34;64;79;100;111;127;129;130;154;175;177;206;207;215;230;235;241;263;269;274;290;294;304;316;319;321;353;369;372;373;381;396;405;426;437;449;458;461;469;472;490;491;492;497;503;504;506;516;517;528;531;532;536;538;543;548;554;555;566;577;584;586;587;609;612;630;631;641;683;704;705;715;726;733;734;743;754;758;786;792;815;832;834;840;854;859;867;868;878;903;931;932;934;936;937;973;974;986;994;997,10;20;23;25;31;45;56;59;63;65;80;85;102;108;115;120;121;125;138;163;180;181;186;216;218;237;253;268;270;277;313;318;324;326;328;335;336;349;364;375;379;384;392;393;414;430;433;439;479;485;508;510;513;527;544;563;564;576;580;585;607;613;619;627;666;681;684;689;701;709;736;738;739;751;753;773;774;780;784;797;798;803;807;820;831;835;836;842;847;862;883;906;941;942;953;963;989;993;996;1000,Optimal,81.82000000,81.80631741,0.00016723,12.62187449,102,0,36360,27762,0,0,0.00000000,fpp_base_dominator_separator_greedy,base,true,true,true,false,360,360,13962,13982,0,1600,8,0,0,0.36132363,13679,4320,9359,100,0,0.10193236,0.39764360,82.42000000,400,8,81.82000000,0.00000000,0.00000000,pass,133;146;193;264;273;287;316;326,true,true,reachability-greedy-warm-start,264;326;146;287;193;316;131;275,,Warm start generated by reachability-greedy FPP recourse heuristic. | Reachability-greedy empty objective: 139.62. | Reachability-greedy final objective: 82.42. | Reachability-greedy exact marginal evaluations: 400. | Warm start status: Ready.,81.82000000,172.50000000,92.60000000,220.80000000,0.00372211,0.00417543,0.04782787,RT=0.350000;ADAG=0.650000;GDG=0.000000;NFR=0.000000;EMPTY=0.000000,RT=0.490000;ADAG=0.510000;GDG=0.000000;NFR=0.000000;EMPTY=0.000000,Cell2Fire scenarios are treated as directed propagation graphs.,"Dominator preprocessing processed 100 scenarios: DAG=100, fallback=0, aggregate_cuts=4320, individual_cuts=9359. | Separator context callback enabled; CPLEX Threads forced to 1 for deterministic cut-cache safety. | CPLEX y-only MIP start was added from warm-start solution. | Separator cuts registered through the CPLEX generic relaxation context callback. | Separator callback stats: invocations=8, min_cut_calls=1600, cuts_added=0, duplicates_skipped=0, large_cuts_skipped=0. | FPP-SAA objective is expected burned area over loaded scenarios. | Propagation constraints use y_v only when v is eligible. | Reachability-greedy warm start was used as a y-only MIP start for the base FPP formulation. | Reachability-greedy warm start empty objective: 139.62. | Reachability-greedy warm start final objective: 82.42. | Reachability-greedy warm start exact marginal evaluations: 400. | FppRecourseEvaluator validation passed for final selected firebreaks. | Train reader warning: IgnitionsHistory/ignitions_log.csv has one numeric column; assuming line number is the scenario ID. | Test reader warning: IgnitionsHistory/ignitions_log.csv has one numeric column; assuming line number is the scenario ID. | Test scenarios were used only for out-of-sample evaluation."
fpp_12mode_benchmark_alpha002,3,fpp_12mode_benchmark_alpha002_alpha0p02_train100_test100_case3_fpp_saa_fpp_cut,2026-05-20T20:03:41Z,Sub20,FPP-SAA,0.02000000,8,100,100,expected_burned_area,34;64;79;100;111;127;129;130;154;175;177;206;207;215;230;235;241;263;269;274;290;294;304;316;319;321;353;369;372;373;381;396;405;426;437;449;458;461;469;472;490;491;492;497;503;504;506;516;517;528;531;532;536;538;543;548;554;555;566;577;584;586;587;609;612;630;631;641;683;704;705;715;726;733;734;743;754;758;786;792;815;832;834;840;854;859;867;868;878;903;931;932;934;936;937;973;974;986;994;997,10;20;23;25;31;45;56;59;63;65;80;85;102;108;115;120;121;125;138;163;180;181;186;216;218;237;253;268;270;277;313;318;324;326;328;335;336;349;364;375;379;384;392;393;414;430;433;439;479;485;508;510;513;527;544;563;564;576;580;585;607;613;619;627;666;681;684;689;701;709;736;738;739;751;753;773;774;780;784;797;798;803;807;820;831;835;836;842;847;862;883;906;941;942;953;963;989;993;996;1000,Optimal,81.82000000,81.82000000,0.00000000,5.95076318,1,3,28284,41907,0,0,0.00000000,fpp_cut,cut,false,false,false,false,360,360,13962,13982,0,0,0,0,0,0.00000000,0,0,0,0,0,0.00000000,0.00000000,,0,0,81.82000000,0.00000000,0.00000000,pass,133;146;193;264;273;287;316;326,false,false,,,,,81.82000000,172.50000000,92.60000000,220.80000000,0.00374655,0.00420994,0.03110950,RT=0.350000;ADAG=0.650000;GDG=0.000000;NFR=0.000000;EMPTY=0.000000,RT=0.490000;ADAG=0.510000;GDG=0.000000;NFR=0.000000;EMPTY=0.000000,Cell2Fire scenarios are treated as directed propagation graphs.,"FPP cut/reachability post-solve recourse validation matched the solver objective. | FPP cut/reachability objective is expected burned area over observed scenario nodes. | x and q variables are continuous in [0,1]; y variables are binary for eligible nodes. | Root nodes are forced to burn and propagate even if selected as firebreaks. | Non-eligible non-root nodes use x_v >= q_v because no y_v variable exists. | FppRecourseEvaluator validation passed for final selected firebreaks. | Train reader warning: IgnitionsHistory/ignitions_log.csv has one numeric column; assuming line number is the scenario ID. | Test reader warning: IgnitionsHistory/ignitions_log.csv has one numeric column; assuming line number is the scenario ID. | Test scenarios were used only for out-of-sample evaluation."
fpp_12mode_benchmark_alpha002,3,fpp_12mode_benchmark_alpha002_alpha0p02_train100_test100_case3_fpp_saa_fpp_cut_greedy,2026-05-20T20:03:47Z,Sub20,FPP-SAA,0.02000000,8,100,100,expected_burned_area,34;64;79;100;111;127;129;130;154;175;177;206;207;215;230;235;241;263;269;274;290;294;304;316;319;321;353;369;372;373;381;396;405;426;437;449;458;461;469;472;490;491;492;497;503;504;506;516;517;528;531;532;536;538;543;548;554;555;566;577;584;586;587;609;612;630;631;641;683;704;705;715;726;733;734;743;754;758;786;792;815;832;834;840;854;859;867;868;878;903;931;932;934;936;937;973;974;986;994;997,10;20;23;25;31;45;56;59;63;65;80;85;102;108;115;120;121;125;138;163;180;181;186;216;218;237;253;268;270;277;313;318;324;326;328;335;336;349;364;375;379;384;392;393;414;430;433;439;479;485;508;510;513;527;544;563;564;576;580;585;607;613;619;627;666;681;684;689;701;709;736;738;739;751;753;773;774;780;784;797;798;803;807;820;831;835;836;842;847;862;883;906;941;942;953;963;989;993;996;1000,Optimal,81.82000000,81.82000000,0.00000000,5.94905521,1,3,28284,41907,0,0,0.00000000,fpp_cut_greedy,cut,false,false,true,false,360,360,13962,13982,0,0,0,0,0,0.00000000,0,0,0,0,0,0.00000000,0.25718964,82.42000000,400,8,81.82000000,0.00000000,0.00000000,pass,133;146;193;264;273;287;316;326,true,true,reachability-greedy-warm-start,264;326;146;287;193;316;131;275,,Warm start generated by reachability-greedy FPP recourse heuristic. | Reachability-greedy empty objective: 139.62. | Reachability-greedy final objective: 82.42. | Reachability-greedy exact marginal evaluations: 400. | Warm start status: Ready.,81.82000000,172.50000000,92.60000000,220.80000000,0.00469488,0.00475870,0.03086341,RT=0.350000;ADAG=0.650000;GDG=0.000000;NFR=0.000000;EMPTY=0.000000,RT=0.490000;ADAG=0.510000;GDG=0.000000;NFR=0.000000;EMPTY=0.000000,Cell2Fire scenarios are treated as directed propagation graphs.,"Cut/reachability MIP start values were generated from FppRecourseEvaluator and passed feasibility checks. | CPLEX full cut/reachability MIP start was added from warm-start solution with y/x/q values and recourse objective 82.42. | FPP cut/reachability post-solve recourse validation matched the solver objective. | FPP cut/reachability objective is expected burned area over observed scenario nodes. | x and q variables are continuous in [0,1]; y variables are binary for eligible nodes. | Root nodes are forced to burn and propagate even if selected as firebreaks. | Non-eligible non-root nodes use x_v >= q_v because no y_v variable exists. | Reachability-greedy warm start was used as a full y/x/q MIP start for the cut FPP formulation. | Reachability-greedy warm start empty objective: 139.62. | Reachability-greedy warm start final objective: 82.42. | Reachability-greedy warm start exact marginal evaluations: 400. | FppRecourseEvaluator validation passed for final selected firebreaks. | Train reader warning: IgnitionsHistory/ignitions_log.csv has one numeric column; assuming line number is the scenario ID. | Test reader warning: IgnitionsHistory/ignitions_log.csv has one numeric column; assuming line number is the scenario ID. | Test scenarios were used only for out-of-sample evaluation."
fpp_12mode_benchmark_alpha002,3,fpp_12mode_benchmark_alpha002_alpha0p02_train100_test100_case3_fpp_saa_fpp_cut_dominator,2026-05-20T20:04:01Z,Sub20,FPP-SAA,0.02000000,8,100,100,expected_burned_area,34;64;79;100;111;127;129;130;154;175;177;206;207;215;230;235;241;263;269;274;290;294;304;316;319;321;353;369;372;373;381;396;405;426;437;449;458;461;469;472;490;491;492;497;503;504;506;516;517;528;531;532;536;538;543;548;554;555;566;577;584;586;587;609;612;630;631;641;683;704;705;715;726;733;734;743;754;758;786;792;815;832;834;840;854;859;867;868;878;903;931;932;934;936;937;973;974;986;994;997,10;20;23;25;31;45;56;59;63;65;80;85;102;108;115;120;121;125;138;163;180;181;186;216;218;237;253;268;270;277;313;318;324;326;328;335;336;349;364;375;379;384;392;393;414;430;433;439;479;485;508;510;513;527;544;563;564;576;580;585;607;613;619;627;666;681;684;689;701;709;736;738;739;751;753;773;774;780;784;797;798;803;807;820;831;835;836;842;847;862;883;906;941;942;953;963;989;993;996;1000,Optimal,81.82000000,81.82000000,0.00000000,12.88895530,1,3,28284,55517,0,0,0.00000000,fpp_cut_dominator,cut,true,false,false,false,360,360,13962,13982,0,0,0,0,0,0.00000000,13610,4320,9290,100,0,0.07572014,0.00000000,,0,0,81.82000000,0.00000000,0.00000000,pass,133;146;193;264;273;287;316;326,false,false,,,,,81.82000000,172.50000000,92.60000000,220.80000000,0.00627637,0.00708528,0.03360517,RT=0.350000;ADAG=0.650000;GDG=0.000000;NFR=0.000000;EMPTY=0.000000,RT=0.490000;ADAG=0.510000;GDG=0.000000;NFR=0.000000;EMPTY=0.000000,Cell2Fire scenarios are treated as directed propagation graphs.,"Dominator preprocessing processed 100 scenarios: DAG=100, fallback=0, aggregate_cuts=4320, individual_cuts=9290. | FPP cut/reachability post-solve recourse validation matched the solver objective. | FPP cut/reachability objective is expected burned area over observed scenario nodes. | x and q variables are continuous in [0,1]; y variables are binary for eligible nodes. | Root nodes are forced to burn and propagate even if selected as firebreaks. | Non-eligible non-root nodes use x_v >= q_v because no y_v variable exists. | FppRecourseEvaluator validation passed for final selected firebreaks. | Train reader warning: IgnitionsHistory/ignitions_log.csv has one numeric column; assuming line number is the scenario ID. | Test reader warning: IgnitionsHistory/ignitions_log.csv has one numeric column; assuming line number is the scenario ID. | Test scenarios were used only for out-of-sample evaluation."
fpp_12mode_benchmark_alpha002,3,fpp_12mode_benchmark_alpha002_alpha0p02_train100_test100_case3_fpp_saa_fpp_cut_separator,2026-05-20T20:04:11Z,Sub20,FPP-SAA,0.02000000,8,100,100,expected_burned_area,34;64;79;100;111;127;129;130;154;175;177;206;207;215;230;235;241;263;269;274;290;294;304;316;319;321;353;369;372;373;381;396;405;426;437;449;458;461;469;472;490;491;492;497;503;504;506;516;517;528;531;532;536;538;543;548;554;555;566;577;584;586;587;609;612;630;631;641;683;704;705;715;726;733;734;743;754;758;786;792;815;832;834;840;854;859;867;868;878;903;931;932;934;936;937;973;974;986;994;997,10;20;23;25;31;45;56;59;63;65;80;85;102;108;115;120;121;125;138;163;180;181;186;216;218;237;253;268;270;277;313;318;324;326;328;335;336;349;364;375;379;384;392;393;414;430;433;439;479;485;508;510;513;527;544;563;564;576;580;585;607;613;619;627;666;681;684;689;701;709;736;738;739;751;753;773;774;780;784;797;798;803;807;820;831;835;836;842;847;862;883;906;941;942;953;963;989;993;996;1000,Optimal,81.82000000,81.82000000,0.00000000,9.96005155,1,3,28284,41907,0,0,0.00000000,fpp_cut_separator,cut,false,true,false,false,360,360,13962,13982,0,1400,7,0,0,0.52065413,0,0,0,0,0,0.00000000,0.00000000,,0,0,81.82000000,0.00000000,0.00000000,pass,133;146;193;264;273;287;316;326,false,false,,,,,81.82000000,172.50000000,92.60000000,220.80000000,0.00568689,0.00625482,0.05209857,RT=0.350000;ADAG=0.650000;GDG=0.000000;NFR=0.000000;EMPTY=0.000000,RT=0.490000;ADAG=0.510000;GDG=0.000000;NFR=0.000000;EMPTY=0.000000,Cell2Fire scenarios are treated as directed propagation graphs.,"Separator context callback enabled; CPLEX Threads forced to 1 for deterministic cut-cache safety. | Separator cuts registered through the CPLEX generic relaxation context callback. | Separator callback stats: invocations=7, min_cut_calls=1400, cuts_added=0, duplicates_skipped=0, large_cuts_skipped=0. | FPP cut/reachability post-solve recourse validation matched the solver objective. | FPP cut/reachability objective is expected burned area over observed scenario nodes. | x and q variables are continuous in [0,1]; y variables are binary for eligible nodes. | Root nodes are forced to burn and propagate even if selected as firebreaks. | Non-eligible non-root nodes use x_v >= q_v because no y_v variable exists. | FppRecourseEvaluator validation passed for final selected firebreaks. | Train reader warning: IgnitionsHistory/ignitions_log.csv has one numeric column; assuming line number is the scenario ID. | Test reader warning: IgnitionsHistory/ignitions_log.csv has one numeric column; assuming line number is the scenario ID. | Test scenarios were used only for out-of-sample evaluation."
fpp_12mode_benchmark_alpha002,3,fpp_12mode_benchmark_alpha002_alpha0p02_train100_test100_case3_fpp_saa_fpp_cut_dominator_separator,2026-05-20T20:04:27Z,Sub20,FPP-SAA,0.02000000,8,100,100,expected_burned_area,34;64;79;100;111;127;129;130;154;175;177;206;207;215;230;235;241;263;269;274;290;294;304;316;319;321;353;369;372;373;381;396;405;426;437;449;458;461;469;472;490;491;492;497;503;504;506;516;517;528;531;532;536;538;543;548;554;555;566;577;584;586;587;609;612;630;631;641;683;704;705;715;726;733;734;743;754;758;786;792;815;832;834;840;854;859;867;868;878;903;931;932;934;936;937;973;974;986;994;997,10;20;23;25;31;45;56;59;63;65;80;85;102;108;115;120;121;125;138;163;180;181;186;216;218;237;253;268;270;277;313;318;324;326;328;335;336;349;364;375;379;384;392;393;414;430;433;439;479;485;508;510;513;527;544;563;564;576;580;585;607;613;619;627;666;681;684;689;701;709;736;738;739;751;753;773;774;780;784;797;798;803;807;820;831;835;836;842;847;862;883;906;941;942;953;963;989;993;996;1000,Optimal,81.82000000,81.82000000,0.00000000,15.52647763,1,3,28284,55517,0,0,0.00000000,fpp_cut_dominator_separator,cut,true,true,false,false,360,360,13962,13982,0,1000,5,0,0,0.36780846,13610,4320,9290,100,0,0.10242714,0.00000000,,0,0,81.82000000,0.00000000,0.00000000,pass,133;146;193;264;273;287;316;326,false,false,,,,,81.82000000,172.50000000,92.60000000,220.80000000,0.00581962,0.00655645,0.04762438,RT=0.350000;ADAG=0.650000;GDG=0.000000;NFR=0.000000;EMPTY=0.000000,RT=0.490000;ADAG=0.510000;GDG=0.000000;NFR=0.000000;EMPTY=0.000000,Cell2Fire scenarios are treated as directed propagation graphs.,"Dominator preprocessing processed 100 scenarios: DAG=100, fallback=0, aggregate_cuts=4320, individual_cuts=9290. | Separator context callback enabled; CPLEX Threads forced to 1 for deterministic cut-cache safety. | Separator cuts registered through the CPLEX generic relaxation context callback. | Separator callback stats: invocations=5, min_cut_calls=1000, cuts_added=0, duplicates_skipped=0, large_cuts_skipped=0. | FPP cut/reachability post-solve recourse validation matched the solver objective. | FPP cut/reachability objective is expected burned area over observed scenario nodes. | x and q variables are continuous in [0,1]; y variables are binary for eligible nodes. | Root nodes are forced to burn and propagate even if selected as firebreaks. | Non-eligible non-root nodes use x_v >= q_v because no y_v variable exists. | FppRecourseEvaluator validation passed for final selected firebreaks. | Train reader warning: IgnitionsHistory/ignitions_log.csv has one numeric column; assuming line number is the scenario ID. | Test reader warning: IgnitionsHistory/ignitions_log.csv has one numeric column; assuming line number is the scenario ID. | Test scenarios were used only for out-of-sample evaluation."
fpp_12mode_benchmark_alpha002,3,fpp_12mode_benchmark_alpha002_alpha0p02_train100_test100_case3_fpp_saa_fpp_cut_dominator_separator_greedy,2026-05-20T20:04:44Z,Sub20,FPP-SAA,0.02000000,8,100,100,expected_burned_area,34;64;79;100;111;127;129;130;154;175;177;206;207;215;230;235;241;263;269;274;290;294;304;316;319;321;353;369;372;373;381;396;405;426;437;449;458;461;469;472;490;491;492;497;503;504;506;516;517;528;531;532;536;538;543;548;554;555;566;577;584;586;587;609;612;630;631;641;683;704;705;715;726;733;734;743;754;758;786;792;815;832;834;840;854;859;867;868;878;903;931;932;934;936;937;973;974;986;994;997,10;20;23;25;31;45;56;59;63;65;80;85;102;108;115;120;121;125;138;163;180;181;186;216;218;237;253;268;270;277;313;318;324;326;328;335;336;349;364;375;379;384;392;393;414;430;433;439;479;485;508;510;513;527;544;563;564;576;580;585;607;613;619;627;666;681;684;689;701;709;736;738;739;751;753;773;774;780;784;797;798;803;807;820;831;835;836;842;847;862;883;906;941;942;953;963;989;993;996;1000,Optimal,81.82000000,81.82000000,0.00000000,15.81363851,1,3,28284,55517,0,0,0.00000000,fpp_cut_dominator_separator_greedy,cut,true,true,true,false,360,360,13962,13982,0,1400,7,0,0,0.51335087,13610,4320,9290,100,0,0.12405407,0.54319148,82.42000000,400,8,81.82000000,0.00000000,0.00000000,pass,133;146;193;264;273;287;316;326,true,true,reachability-greedy-warm-start,264;326;146;287;193;316;131;275,,Warm start generated by reachability-greedy FPP recourse heuristic. | Reachability-greedy empty objective: 139.62. | Reachability-greedy final objective: 82.42. | Reachability-greedy exact marginal evaluations: 400. | Warm start status: Ready.,81.82000000,172.50000000,92.60000000,220.80000000,0.00603055,0.00674905,0.06009001,RT=0.350000;ADAG=0.650000;GDG=0.000000;NFR=0.000000;EMPTY=0.000000,RT=0.490000;ADAG=0.510000;GDG=0.000000;NFR=0.000000;EMPTY=0.000000,Cell2Fire scenarios are treated as directed propagation graphs.,"Dominator preprocessing processed 100 scenarios: DAG=100, fallback=0, aggregate_cuts=4320, individual_cuts=9290. | Separator context callback enabled; CPLEX Threads forced to 1 for deterministic cut-cache safety. | Cut/reachability MIP start values were generated from FppRecourseEvaluator and passed feasibility checks. | CPLEX full cut/reachability MIP start was added from warm-start solution with y/x/q values and recourse objective 82.42. | Separator cuts registered through the CPLEX generic relaxation context callback. | Separator callback stats: invocations=7, min_cut_calls=1400, cuts_added=0, duplicates_skipped=0, large_cuts_skipped=0. | FPP cut/reachability post-solve recourse validation matched the solver objective. | FPP cut/reachability objective is expected burned area over observed scenario nodes. | x and q variables are continuous in [0,1]; y variables are binary for eligible nodes. | Root nodes are forced to burn and propagate even if selected as firebreaks. | Non-eligible non-root nodes use x_v >= q_v because no y_v variable exists. | Reachability-greedy warm start was used as a full y/x/q MIP start for the cut FPP formulation. | Reachability-greedy warm start empty objective: 139.62. | Reachability-greedy warm start final objective: 82.42. | Reachability-greedy warm start exact marginal evaluations: 400. | FppRecourseEvaluator validation passed for final selected firebreaks. | Train reader warning: IgnitionsHistory/ignitions_log.csv has one numeric column; assuming line number is the scenario ID. | Test reader warning: IgnitionsHistory/ignitions_log.csv has one numeric column; assuming line number is the scenario ID. | Test scenarios were used only for out-of-sample evaluation."
fpp_12mode_benchmark_alpha002,4,fpp_12mode_benchmark_alpha002_alpha0p02_train100_test100_case4_fpp_saa_fpp_base,2026-05-20T20:04:58Z,Sub20,FPP-SAA,0.02000000,8,100,100,expected_burned_area,9;29;32;43;44;73;78;104;116;123;129;141;148;170;178;182;185;201;211;231;234;241;248;249;262;272;273;302;318;332;351;352;392;393;396;397;405;407;408;424;430;446;480;482;500;512;514;528;540;541;544;548;552;558;559;564;567;577;584;588;594;595;627;628;633;641;649;686;708;721;726;733;736;742;749;750;751;767;769;772;773;779;781;785;813;817;829;880;887;910;917;918;922;924;944;951;961;966;987;994,4;8;20;25;35;46;82;84;90;95;99;115;124;128;135;140;150;155;167;173;202;218;236;267;269;288;294;317;320;321;327;335;342;346;350;354;365;367;373;380;382;384;387;401;402;404;420;437;458;465;466;486;487;489;498;501;507;522;526;527;539;565;574;602;608;622;636;650;653;654;656;671;696;699;714;738;739;745;747;752;755;759;764;765;778;790;803;821;823;832;846;856;919;932;940;941;960;977;978;993,Optimal,79.98000000,79.98000000,0.00000000,13.16677196,1,21,36360,13670,0,0,0.00000000,fpp_base,base,false,false,false,false,360,360,13561,13569,0,0,0,0,0,0.00000000,0,0,0,0,0,0.00000000,0.00000000,,0,0,79.98000000,0.00000000,0.00000000,pass,131;147;183;192;266;291;306;370,false,false,,,,,79.98000000,188.60000000,105.06000000,227.50000000,0.00564320,0.00737657,0.05326159,RT=0.430000;ADAG=0.570000;GDG=0.000000;NFR=0.000000;EMPTY=0.000000,RT=0.460000;ADAG=0.540000;GDG=0.000000;NFR=0.000000;EMPTY=0.000000,Cell2Fire scenarios are treated as directed propagation graphs.,FPP-SAA objective is expected burned area over loaded scenarios. | Propagation constraints use y_v only when v is eligible. | FppRecourseEvaluator validation passed for final selected firebreaks. | Train reader warning: IgnitionsHistory/ignitions_log.csv has one numeric column; assuming line number is the scenario ID. | Test reader warning: IgnitionsHistory/ignitions_log.csv has one numeric column; assuming line number is the scenario ID. | Test scenarios were used only for out-of-sample evaluation.
fpp_12mode_benchmark_alpha002,4,fpp_12mode_benchmark_alpha002_alpha0p02_train100_test100_case4_fpp_saa_fpp_base_greedy,2026-05-20T20:05:12Z,Sub20,FPP-SAA,0.02000000,8,100,100,expected_burned_area,9;29;32;43;44;73;78;104;116;123;129;141;148;170;178;182;185;201;211;231;234;241;248;249;262;272;273;302;318;332;351;352;392;393;396;397;405;407;408;424;430;446;480;482;500;512;514;528;540;541;544;548;552;558;559;564;567;577;584;588;594;595;627;628;633;641;649;686;708;721;726;733;736;742;749;750;751;767;769;772;773;779;781;785;813;817;829;880;887;910;917;918;922;924;944;951;961;966;987;994,4;8;20;25;35;46;82;84;90;95;99;115;124;128;135;140;150;155;167;173;202;218;236;267;269;288;294;317;320;321;327;335;342;346;350;354;365;367;373;380;382;384;387;401;402;404;420;437;458;465;466;486;487;489;498;501;507;522;526;527;539;565;574;602;608;622;636;650;653;654;656;671;696;699;714;738;739;745;747;752;755;759;764;765;778;790;803;821;823;832;846;856;919;932;940;941;960;977;978;993,Optimal,79.98000000,79.90250000,0.00096899,13.64627232,102,43,36360,13670,0,0,0.00000000,fpp_base_greedy,base,false,false,true,false,360,360,13561,13569,0,0,0,0,0,0.00000000,0,0,0,0,0,0.00000000,0.39095055,83.25000000,400,8,79.98000000,0.00000000,0.00000000,pass,131;147;183;192;266;291;306;370,true,true,reachability-greedy-warm-start,245;192;326;147;289;183;215;273,,Warm start generated by reachability-greedy FPP recourse heuristic. | Reachability-greedy empty objective: 135.61. | Reachability-greedy final objective: 83.25. | Reachability-greedy exact marginal evaluations: 400. | Warm start status: Ready.,79.98000000,188.60000000,105.06000000,227.50000000,0.00544701,0.00713918,0.04979134,RT=0.430000;ADAG=0.570000;GDG=0.000000;NFR=0.000000;EMPTY=0.000000,RT=0.460000;ADAG=0.540000;GDG=0.000000;NFR=0.000000;EMPTY=0.000000,Cell2Fire scenarios are treated as directed propagation graphs.,CPLEX y-only MIP start was added from warm-start solution. | FPP-SAA objective is expected burned area over loaded scenarios. | Propagation constraints use y_v only when v is eligible. | Reachability-greedy warm start was used as a y-only MIP start for the base FPP formulation. | Reachability-greedy warm start empty objective: 135.61. | Reachability-greedy warm start final objective: 83.25. | Reachability-greedy warm start exact marginal evaluations: 400. | FppRecourseEvaluator validation passed for final selected firebreaks. | Train reader warning: IgnitionsHistory/ignitions_log.csv has one numeric column; assuming line number is the scenario ID. | Test reader warning: IgnitionsHistory/ignitions_log.csv has one numeric column; assuming line number is the scenario ID. | Test scenarios were used only for out-of-sample evaluation.
fpp_12mode_benchmark_alpha002,4,fpp_12mode_benchmark_alpha002_alpha0p02_train100_test100_case4_fpp_saa_fpp_base_dominator,2026-05-20T20:05:41Z,Sub20,FPP-SAA,0.02000000,8,100,100,expected_burned_area,9;29;32;43;44;73;78;104;116;123;129;141;148;170;178;182;185;201;211;231;234;241;248;249;262;272;273;302;318;332;351;352;392;393;396;397;405;407;408;424;430;446;480;482;500;512;514;528;540;541;544;548;552;558;559;564;567;577;584;588;594;595;627;628;633;641;649;686;708;721;726;733;736;742;749;750;751;767;769;772;773;779;781;785;813;817;829;880;887;910;917;918;922;924;944;951;961;966;987;994,4;8;20;25;35;46;82;84;90;95;99;115;124;128;135;140;150;155;167;173;202;218;236;267;269;288;294;317;320;321;327;335;342;346;350;354;365;367;373;380;382;384;387;401;402;404;420;437;458;465;466;486;487;489;498;501;507;522;526;527;539;565;574;602;608;622;636;650;653;654;656;671;696;699;714;738;739;745;747;752;755;759;764;765;778;790;803;821;823;832;846;856;919;932;940;941;960;977;978;993,Optimal,79.98000000,79.93699155,0.00053774,28.68565261,102,27,36360,26710,0,0,0.00000000,fpp_base_dominator,base,true,false,false,false,360,360,13561,13569,0,0,0,0,0,0.00000000,13040,4108,8932,100,0,0.09823032,0.00000000,,0,0,79.98000000,0.00000000,0.00000000,pass,131;147;183;192;266;291;306;370,false,false,,,,,79.98000000,188.60000000,105.06000000,227.50000000,0.00383211,0.00498235,0.04781564,RT=0.430000;ADAG=0.570000;GDG=0.000000;NFR=0.000000;EMPTY=0.000000,RT=0.460000;ADAG=0.540000;GDG=0.000000;NFR=0.000000;EMPTY=0.000000,Cell2Fire scenarios are treated as directed propagation graphs.,"Dominator preprocessing processed 100 scenarios: DAG=100, fallback=0, aggregate_cuts=4108, individual_cuts=8932. | FPP-SAA objective is expected burned area over loaded scenarios. | Propagation constraints use y_v only when v is eligible. | FppRecourseEvaluator validation passed for final selected firebreaks. | Train reader warning: IgnitionsHistory/ignitions_log.csv has one numeric column; assuming line number is the scenario ID. | Test reader warning: IgnitionsHistory/ignitions_log.csv has one numeric column; assuming line number is the scenario ID. | Test scenarios were used only for out-of-sample evaluation."
fpp_12mode_benchmark_alpha002,4,fpp_12mode_benchmark_alpha002_alpha0p02_train100_test100_case4_fpp_saa_fpp_base_separator,2026-05-20T20:05:53Z,Sub20,FPP-SAA,0.02000000,8,100,100,expected_burned_area,9;29;32;43;44;73;78;104;116;123;129;141;148;170;178;182;185;201;211;231;234;241;248;249;262;272;273;302;318;332;351;352;392;393;396;397;405;407;408;424;430;446;480;482;500;512;514;528;540;541;544;548;552;558;559;564;567;577;584;588;594;595;627;628;633;641;649;686;708;721;726;733;736;742;749;750;751;767;769;772;773;779;781;785;813;817;829;880;887;910;917;918;922;924;944;951;961;966;987;994,4;8;20;25;35;46;82;84;90;95;99;115;124;128;135;140;150;155;167;173;202;218;236;267;269;288;294;317;320;321;327;335;342;346;350;354;365;367;373;380;382;384;387;401;402;404;420;437;458;465;466;486;487;489;498;501;507;522;526;527;539;565;574;602;608;622;636;650;653;654;656;671;696;699;714;738;739;745;747;752;755;759;764;765;778;790;803;821;823;832;846;856;919;932;940;941;960;977;978;993,Optimal,79.98000000,79.98000000,0.00000000,11.97983022,1,21,36360,13670,0,0,0.00000000,fpp_base_separator,base,false,true,false,false,360,360,13561,13569,0,4400,42,0,0,1.08774071,0,0,0,0,0,0.00000000,0.00000000,,0,0,79.98000000,0.00000000,0.00000000,pass,131;147;183;192;266;291;306;370,false,false,,,,,79.98000000,188.60000000,105.06000000,227.50000000,0.00617409,0.00810836,0.03433710,RT=0.430000;ADAG=0.570000;GDG=0.000000;NFR=0.000000;EMPTY=0.000000,RT=0.460000;ADAG=0.540000;GDG=0.000000;NFR=0.000000;EMPTY=0.000000,Cell2Fire scenarios are treated as directed propagation graphs.,"Separator context callback enabled; CPLEX Threads forced to 1 for deterministic cut-cache safety. | Separator cuts registered through the CPLEX generic relaxation context callback. | Separator callback stats: invocations=42, min_cut_calls=4400, cuts_added=0, duplicates_skipped=0, large_cuts_skipped=0. | FPP-SAA objective is expected burned area over loaded scenarios. | Propagation constraints use y_v only when v is eligible. | FppRecourseEvaluator validation passed for final selected firebreaks. | Train reader warning: IgnitionsHistory/ignitions_log.csv has one numeric column; assuming line number is the scenario ID. | Test reader warning: IgnitionsHistory/ignitions_log.csv has one numeric column; assuming line number is the scenario ID. | Test scenarios were used only for out-of-sample evaluation."
fpp_12mode_benchmark_alpha002,4,fpp_12mode_benchmark_alpha002_alpha0p02_train100_test100_case4_fpp_saa_fpp_base_dominator_separator,2026-05-20T20:06:33Z,Sub20,FPP-SAA,0.02000000,8,100,100,expected_burned_area,9;29;32;43;44;73;78;104;116;123;129;141;148;170;178;182;185;201;211;231;234;241;248;249;262;272;273;302;318;332;351;352;392;393;396;397;405;407;408;424;430;446;480;482;500;512;514;528;540;541;544;548;552;558;559;564;567;577;584;588;594;595;627;628;633;641;649;686;708;721;726;733;736;742;749;750;751;767;769;772;773;779;781;785;813;817;829;880;887;910;917;918;922;924;944;951;961;966;987;994,4;8;20;25;35;46;82;84;90;95;99;115;124;128;135;140;150;155;167;173;202;218;236;267;269;288;294;317;320;321;327;335;342;346;350;354;365;367;373;380;382;384;387;401;402;404;420;437;458;465;466;486;487;489;498;501;507;522;526;527;539;565;574;602;608;622;636;650;653;654;656;671;696;699;714;738;739;745;747;752;755;759;764;765;778;790;803;821;823;832;846;856;919;932;940;941;960;977;978;993,Optimal,79.98000000,79.93699155,0.00053774,38.90931941,102,27,36360,26710,0,0,0.00000000,fpp_base_dominator_separator,base,true,true,false,false,360,360,13561,13569,0,3400,45,0,0,1.22579241,13040,4108,8932,100,0,0.12256455,0.00000000,,0,0,79.98000000,0.00000000,0.00000000,pass,131;147;183;192;266;291;306;370,false,false,,,,,79.98000000,188.60000000,105.06000000,227.50000000,0.00565299,0.00791089,0.05642101,RT=0.430000;ADAG=0.570000;GDG=0.000000;NFR=0.000000;EMPTY=0.000000,RT=0.460000;ADAG=0.540000;GDG=0.000000;NFR=0.000000;EMPTY=0.000000,Cell2Fire scenarios are treated as directed propagation graphs.,"Dominator preprocessing processed 100 scenarios: DAG=100, fallback=0, aggregate_cuts=4108, individual_cuts=8932. | Separator context callback enabled; CPLEX Threads forced to 1 for deterministic cut-cache safety. | Separator cuts registered through the CPLEX generic relaxation context callback. | Separator callback stats: invocations=45, min_cut_calls=3400, cuts_added=0, duplicates_skipped=0, large_cuts_skipped=0. | FPP-SAA objective is expected burned area over loaded scenarios. | Propagation constraints use y_v only when v is eligible. | FppRecourseEvaluator validation passed for final selected firebreaks. | Train reader warning: IgnitionsHistory/ignitions_log.csv has one numeric column; assuming line number is the scenario ID. | Test reader warning: IgnitionsHistory/ignitions_log.csv has one numeric column; assuming line number is the scenario ID. | Test scenarios were used only for out-of-sample evaluation."
fpp_12mode_benchmark_alpha002,4,fpp_12mode_benchmark_alpha002_alpha0p02_train100_test100_case4_fpp_saa_fpp_base_dominator_separator_greedy,2026-05-20T20:07:10Z,Sub20,FPP-SAA,0.02000000,8,100,100,expected_burned_area,9;29;32;43;44;73;78;104;116;123;129;141;148;170;178;182;185;201;211;231;234;241;248;249;262;272;273;302;318;332;351;352;392;393;396;397;405;407;408;424;430;446;480;482;500;512;514;528;540;541;544;548;552;558;559;564;567;577;584;588;594;595;627;628;633;641;649;686;708;721;726;733;736;742;749;750;751;767;769;772;773;779;781;785;813;817;829;880;887;910;917;918;922;924;944;951;961;966;987;994,4;8;20;25;35;46;82;84;90;95;99;115;124;128;135;140;150;155;167;173;202;218;236;267;269;288;294;317;320;321;327;335;342;346;350;354;365;367;373;380;382;384;387;401;402;404;420;437;458;465;466;486;487;489;498;501;507;522;526;527;539;565;574;602;608;622;636;650;653;654;656;671;696;699;714;738;739;745;747;752;755;759;764;765;778;790;803;821;823;832;846;856;919;932;940;941;960;977;978;993,Optimal,79.98000000,79.98000000,0.00000000,36.19237832,1,33,36360,26710,0,0,0.00000000,fpp_base_dominator_separator_greedy,base,true,true,true,false,360,360,13561,13569,0,3800,52,0,0,1.34571382,13040,4108,8932,100,0,0.11106935,0.41172295,83.25000000,400,8,79.98000000,0.00000000,0.00000000,pass,131;147;183;192;266;291;306;370,true,true,reachability-greedy-warm-start,245;192;326;147;289;183;215;273,,Warm start generated by reachability-greedy FPP recourse heuristic. | Reachability-greedy empty objective: 135.61. | Reachability-greedy final objective: 83.25. | Reachability-greedy exact marginal evaluations: 400. | Warm start status: Ready.,79.98000000,188.60000000,105.06000000,227.50000000,0.00590233,0.00764403,0.05216245,RT=0.430000;ADAG=0.570000;GDG=0.000000;NFR=0.000000;EMPTY=0.000000,RT=0.460000;ADAG=0.540000;GDG=0.000000;NFR=0.000000;EMPTY=0.000000,Cell2Fire scenarios are treated as directed propagation graphs.,"Dominator preprocessing processed 100 scenarios: DAG=100, fallback=0, aggregate_cuts=4108, individual_cuts=8932. | Separator context callback enabled; CPLEX Threads forced to 1 for deterministic cut-cache safety. | CPLEX y-only MIP start was added from warm-start solution. | Separator cuts registered through the CPLEX generic relaxation context callback. | Separator callback stats: invocations=52, min_cut_calls=3800, cuts_added=0, duplicates_skipped=0, large_cuts_skipped=0. | FPP-SAA objective is expected burned area over loaded scenarios. | Propagation constraints use y_v only when v is eligible. | Reachability-greedy warm start was used as a y-only MIP start for the base FPP formulation. | Reachability-greedy warm start empty objective: 135.61. | Reachability-greedy warm start final objective: 83.25. | Reachability-greedy warm start exact marginal evaluations: 400. | FppRecourseEvaluator validation passed for final selected firebreaks. | Train reader warning: IgnitionsHistory/ignitions_log.csv has one numeric column; assuming line number is the scenario ID. | Test reader warning: IgnitionsHistory/ignitions_log.csv has one numeric column; assuming line number is the scenario ID. | Test scenarios were used only for out-of-sample evaluation."
fpp_12mode_benchmark_alpha002,4,fpp_12mode_benchmark_alpha002_alpha0p02_train100_test100_case4_fpp_saa_fpp_cut,2026-05-20T20:07:27Z,Sub20,FPP-SAA,0.02000000,8,100,100,expected_burned_area,9;29;32;43;44;73;78;104;116;123;129;141;148;170;178;182;185;201;211;231;234;241;248;249;262;272;273;302;318;332;351;352;392;393;396;397;405;407;408;424;430;446;480;482;500;512;514;528;540;541;544;548;552;558;559;564;567;577;584;588;594;595;627;628;633;641;649;686;708;721;726;733;736;742;749;750;751;767;769;772;773;779;781;785;813;817;829;880;887;910;917;918;922;924;944;951;961;966;987;994,4;8;20;25;35;46;82;84;90;95;99;115;124;128;135;140;150;155;167;173;202;218;236;267;269;288;294;317;320;321;327;335;342;346;350;354;365;367;373;380;382;384;387;401;402;404;420;437;458;465;466;486;487;489;498;501;507;522;526;527;539;565;574;602;608;622;636;650;653;654;656;671;696;699;714;738;739;745;747;752;755;759;764;765;778;790;803;821;823;832;846;856;919;932;940;941;960;977;978;993,Optimal,79.98000000,79.98000000,0.00000000,16.49105213,1,39,27482,40692,0,0,0.00000000,fpp_cut,cut,false,false,false,false,360,360,13561,13569,0,0,0,0,0,0.00000000,0,0,0,0,0,0.00000000,0.00000000,,0,0,79.98000000,0.00000000,0.00000000,pass,131;147;183;192;266;291;306;370,false,false,,,,,79.98000000,188.60000000,105.06000000,227.50000000,0.00560095,0.00742881,0.05267144,RT=0.430000;ADAG=0.570000;GDG=0.000000;NFR=0.000000;EMPTY=0.000000,RT=0.460000;ADAG=0.540000;GDG=0.000000;NFR=0.000000;EMPTY=0.000000,Cell2Fire scenarios are treated as directed propagation graphs.,"FPP cut/reachability post-solve recourse validation matched the solver objective. | FPP cut/reachability objective is expected burned area over observed scenario nodes. | x and q variables are continuous in [0,1]; y variables are binary for eligible nodes. | Root nodes are forced to burn and propagate even if selected as firebreaks. | Non-eligible non-root nodes use x_v >= q_v because no y_v variable exists. | FppRecourseEvaluator validation passed for final selected firebreaks. | Train reader warning: IgnitionsHistory/ignitions_log.csv has one numeric column; assuming line number is the scenario ID. | Test reader warning: IgnitionsHistory/ignitions_log.csv has one numeric column; assuming line number is the scenario ID. | Test scenarios were used only for out-of-sample evaluation."
fpp_12mode_benchmark_alpha002,4,fpp_12mode_benchmark_alpha002_alpha0p02_train100_test100_case4_fpp_saa_fpp_cut_greedy,2026-05-20T20:07:37Z,Sub20,FPP-SAA,0.02000000,8,100,100,expected_burned_area,9;29;32;43;44;73;78;104;116;123;129;141;148;170;178;182;185;201;211;231;234;241;248;249;262;272;273;302;318;332;351;352;392;393;396;397;405;407;408;424;430;446;480;482;500;512;514;528;540;541;544;548;552;558;559;564;567;577;584;588;594;595;627;628;633;641;649;686;708;721;726;733;736;742;749;750;751;767;769;772;773;779;781;785;813;817;829;880;887;910;917;918;922;924;944;951;961;966;987;994,4;8;20;25;35;46;82;84;90;95;99;115;124;128;135;140;150;155;167;173;202;218;236;267;269;288;294;317;320;321;327;335;342;346;350;354;365;367;373;380;382;384;387;401;402;404;420;437;458;465;466;486;487;489;498;501;507;522;526;527;539;565;574;602;608;622;636;650;653;654;656;671;696;699;714;738;739;745;747;752;755;759;764;765;778;790;803;821;823;832;846;856;919;932;940;941;960;977;978;993,Optimal,79.98000000,79.94135557,0.00048318,9.04183972,102,50,27482,40692,0,0,0.00000000,fpp_cut_greedy,cut,false,false,true,false,360,360,13561,13569,0,0,0,0,0,0.00000000,0,0,0,0,0,0.00000000,0.39699889,83.25000000,400,8,79.98000000,0.00000000,0.00000000,pass,131;147;183;192;266;291;306;370,true,true,reachability-greedy-warm-start,245;192;326;147;289;183;215;273,,Warm start generated by reachability-greedy FPP recourse heuristic. | Reachability-greedy empty objective: 135.61. | Reachability-greedy final objective: 83.25. | Reachability-greedy exact marginal evaluations: 400. | Warm start status: Ready.,79.98000000,188.60000000,105.06000000,227.50000000,0.00363712,0.00468142,0.04988737,RT=0.430000;ADAG=0.570000;GDG=0.000000;NFR=0.000000;EMPTY=0.000000,RT=0.460000;ADAG=0.540000;GDG=0.000000;NFR=0.000000;EMPTY=0.000000,Cell2Fire scenarios are treated as directed propagation graphs.,"Cut/reachability MIP start values were generated from FppRecourseEvaluator and passed feasibility checks. | CPLEX full cut/reachability MIP start was added from warm-start solution with y/x/q values and recourse objective 83.25. | FPP cut/reachability post-solve recourse validation matched the solver objective. | FPP cut/reachability objective is expected burned area over observed scenario nodes. | x and q variables are continuous in [0,1]; y variables are binary for eligible nodes. | Root nodes are forced to burn and propagate even if selected as firebreaks. | Non-eligible non-root nodes use x_v >= q_v because no y_v variable exists. | Reachability-greedy warm start was used as a full y/x/q MIP start for the cut FPP formulation. | Reachability-greedy warm start empty objective: 135.61. | Reachability-greedy warm start final objective: 83.25. | Reachability-greedy warm start exact marginal evaluations: 400. | FppRecourseEvaluator validation passed for final selected firebreaks. | Train reader warning: IgnitionsHistory/ignitions_log.csv has one numeric column; assuming line number is the scenario ID. | Test reader warning: IgnitionsHistory/ignitions_log.csv has one numeric column; assuming line number is the scenario ID. | Test scenarios were used only for out-of-sample evaluation."
fpp_12mode_benchmark_alpha002,4,fpp_12mode_benchmark_alpha002_alpha0p02_train100_test100_case4_fpp_saa_fpp_cut_dominator,2026-05-20T20:08:03Z,Sub20,FPP-SAA,0.02000000,8,100,100,expected_burned_area,9;29;32;43;44;73;78;104;116;123;129;141;148;170;178;182;185;201;211;231;234;241;248;249;262;272;273;302;318;332;351;352;392;393;396;397;405;407;408;424;430;446;480;482;500;512;514;528;540;541;544;548;552;558;559;564;567;577;584;588;594;595;627;628;633;641;649;686;708;721;726;733;736;742;749;750;751;767;769;772;773;779;781;785;813;817;829;880;887;910;917;918;922;924;944;951;961;966;987;994,4;8;20;25;35;46;82;84;90;95;99;115;124;128;135;140;150;155;167;173;202;218;236;267;269;288;294;317;320;321;327;335;342;346;350;354;365;367;373;380;382;384;387;401;402;404;420;437;458;465;466;486;487;489;498;501;507;522;526;527;539;565;574;602;608;622;636;650;653;654;656;671;696;699;714;738;739;745;747;752;755;759;764;765;778;790;803;821;823;832;846;856;919;932;940;941;960;977;978;993,Optimal,79.98000000,79.98000000,0.00000000,25.71752111,1,41,27482,53603,0,0,0.00000000,fpp_cut_dominator,cut,true,false,false,false,360,360,13561,13569,0,0,0,0,0,0.00000000,12911,4108,8803,100,0,0.06646706,0.00000000,,0,0,79.98000000,0.00000000,0.00000000,pass,131;147;183;192;266;291;306;370,false,false,,,,,79.98000000,188.60000000,105.06000000,227.50000000,0.00566959,0.00738945,0.03241476,RT=0.430000;ADAG=0.570000;GDG=0.000000;NFR=0.000000;EMPTY=0.000000,RT=0.460000;ADAG=0.540000;GDG=0.000000;NFR=0.000000;EMPTY=0.000000,Cell2Fire scenarios are treated as directed propagation graphs.,"Dominator preprocessing processed 100 scenarios: DAG=100, fallback=0, aggregate_cuts=4108, individual_cuts=8803. | FPP cut/reachability post-solve recourse validation matched the solver objective. | FPP cut/reachability objective is expected burned area over observed scenario nodes. | x and q variables are continuous in [0,1]; y variables are binary for eligible nodes. | Root nodes are forced to burn and propagate even if selected as firebreaks. | Non-eligible non-root nodes use x_v >= q_v because no y_v variable exists. | FppRecourseEvaluator validation passed for final selected firebreaks. | Train reader warning: IgnitionsHistory/ignitions_log.csv has one numeric column; assuming line number is the scenario ID. | Test reader warning: IgnitionsHistory/ignitions_log.csv has one numeric column; assuming line number is the scenario ID. | Test scenarios were used only for out-of-sample evaluation."
fpp_12mode_benchmark_alpha002,4,fpp_12mode_benchmark_alpha002_alpha0p02_train100_test100_case4_fpp_saa_fpp_cut_separator,2026-05-20T20:08:20Z,Sub20,FPP-SAA,0.02000000,8,100,100,expected_burned_area,9;29;32;43;44;73;78;104;116;123;129;141;148;170;178;182;185;201;211;231;234;241;248;249;262;272;273;302;318;332;351;352;392;393;396;397;405;407;408;424;430;446;480;482;500;512;514;528;540;541;544;548;552;558;559;564;567;577;584;588;594;595;627;628;633;641;649;686;708;721;726;733;736;742;749;750;751;767;769;772;773;779;781;785;813;817;829;880;887;910;917;918;922;924;944;951;961;966;987;994,4;8;20;25;35;46;82;84;90;95;99;115;124;128;135;140;150;155;167;173;202;218;236;267;269;288;294;317;320;321;327;335;342;346;350;354;365;367;373;380;382;384;387;401;402;404;420;437;458;465;466;486;487;489;498;501;507;522;526;527;539;565;574;602;608;622;636;650;653;654;656;671;696;699;714;738;739;745;747;752;755;759;764;765;778;790;803;821;823;832;846;856;919;932;940;941;960;977;978;993,Optimal,79.98000000,79.98000000,0.00000000,16.49130567,1,39,27482,40692,0,0,0.00000000,fpp_cut_separator,cut,false,true,false,false,360,360,13561,13569,0,800,43,0,0,0.28384844,0,0,0,0,0,0.00000000,0.00000000,,0,0,79.98000000,0.00000000,0.00000000,pass,131;147;183;192;266;291;306;370,false,false,,,,,79.98000000,188.60000000,105.06000000,227.50000000,0.00591598,0.00768991,0.05292662,RT=0.430000;ADAG=0.570000;GDG=0.000000;NFR=0.000000;EMPTY=0.000000,RT=0.460000;ADAG=0.540000;GDG=0.000000;NFR=0.000000;EMPTY=0.000000,Cell2Fire scenarios are treated as directed propagation graphs.,"Separator context callback enabled; CPLEX Threads forced to 1 for deterministic cut-cache safety. | Separator cuts registered through the CPLEX generic relaxation context callback. | Separator callback stats: invocations=43, min_cut_calls=800, cuts_added=0, duplicates_skipped=0, large_cuts_skipped=0. | FPP cut/reachability post-solve recourse validation matched the solver objective. | FPP cut/reachability objective is expected burned area over observed scenario nodes. | x and q variables are continuous in [0,1]; y variables are binary for eligible nodes. | Root nodes are forced to burn and propagate even if selected as firebreaks. | Non-eligible non-root nodes use x_v >= q_v because no y_v variable exists. | FppRecourseEvaluator validation passed for final selected firebreaks. | Train reader warning: IgnitionsHistory/ignitions_log.csv has one numeric column; assuming line number is the scenario ID. | Test reader warning: IgnitionsHistory/ignitions_log.csv has one numeric column; assuming line number is the scenario ID. | Test scenarios were used only for out-of-sample evaluation."
fpp_12mode_benchmark_alpha002,4,fpp_12mode_benchmark_alpha002_alpha0p02_train100_test100_case4_fpp_saa_fpp_cut_dominator_separator,2026-05-20T20:08:54Z,Sub20,FPP-SAA,0.02000000,8,100,100,expected_burned_area,9;29;32;43;44;73;78;104;116;123;129;141;148;170;178;182;185;201;211;231;234;241;248;249;262;272;273;302;318;332;351;352;392;393;396;397;405;407;408;424;430;446;480;482;500;512;514;528;540;541;544;548;552;558;559;564;567;577;584;588;594;595;627;628;633;641;649;686;708;721;726;733;736;742;749;750;751;767;769;772;773;779;781;785;813;817;829;880;887;910;917;918;922;924;944;951;961;966;987;994,4;8;20;25;35;46;82;84;90;95;99;115;124;128;135;140;150;155;167;173;202;218;236;267;269;288;294;317;320;321;327;335;342;346;350;354;365;367;373;380;382;384;387;401;402;404;420;437;458;465;466;486;487;489;498;501;507;522;526;527;539;565;574;602;608;622;636;650;653;654;656;671;696;699;714;738;739;745;747;752;755;759;764;765;778;790;803;821;823;832;846;856;919;932;940;941;960;977;978;993,Optimal,79.98000000,79.98000000,0.00000000,33.78556312,1,41,27482,53603,0,0,0.00000000,fpp_cut_dominator_separator,cut,true,true,false,false,360,360,13561,13569,0,800,43,0,0,0.31566404,12911,4108,8803,100,0,0.11298690,0.00000000,,0,0,79.98000000,0.00000000,0.00000000,pass,131;147;183;192;266;291;306;370,false,false,,,,,79.98000000,188.60000000,105.06000000,227.50000000,0.00543034,0.00705458,0.05544266,RT=0.430000;ADAG=0.570000;GDG=0.000000;NFR=0.000000;EMPTY=0.000000,RT=0.460000;ADAG=0.540000;GDG=0.000000;NFR=0.000000;EMPTY=0.000000,Cell2Fire scenarios are treated as directed propagation graphs.,"Dominator preprocessing processed 100 scenarios: DAG=100, fallback=0, aggregate_cuts=4108, individual_cuts=8803. | Separator context callback enabled; CPLEX Threads forced to 1 for deterministic cut-cache safety. | Separator cuts registered through the CPLEX generic relaxation context callback. | Separator callback stats: invocations=43, min_cut_calls=800, cuts_added=0, duplicates_skipped=0, large_cuts_skipped=0. | FPP cut/reachability post-solve recourse validation matched the solver objective. | FPP cut/reachability objective is expected burned area over observed scenario nodes. | x and q variables are continuous in [0,1]; y variables are binary for eligible nodes. | Root nodes are forced to burn and propagate even if selected as firebreaks. | Non-eligible non-root nodes use x_v >= q_v because no y_v variable exists. | FppRecourseEvaluator validation passed for final selected firebreaks. | Train reader warning: IgnitionsHistory/ignitions_log.csv has one numeric column; assuming line number is the scenario ID. | Test reader warning: IgnitionsHistory/ignitions_log.csv has one numeric column; assuming line number is the scenario ID. | Test scenarios were used only for out-of-sample evaluation."
fpp_12mode_benchmark_alpha002,4,fpp_12mode_benchmark_alpha002_alpha0p02_train100_test100_case4_fpp_saa_fpp_cut_dominator_separator_greedy,2026-05-20T20:09:33Z,Sub20,FPP-SAA,0.02000000,8,100,100,expected_burned_area,9;29;32;43;44;73;78;104;116;123;129;141;148;170;178;182;185;201;211;231;234;241;248;249;262;272;273;302;318;332;351;352;392;393;396;397;405;407;408;424;430;446;480;482;500;512;514;528;540;541;544;548;552;558;559;564;567;577;584;588;594;595;627;628;633;641;649;686;708;721;726;733;736;742;749;750;751;767;769;772;773;779;781;785;813;817;829;880;887;910;917;918;922;924;944;951;961;966;987;994,4;8;20;25;35;46;82;84;90;95;99;115;124;128;135;140;150;155;167;173;202;218;236;267;269;288;294;317;320;321;327;335;342;346;350;354;365;367;373;380;382;384;387;401;402;404;420;437;458;465;466;486;487;489;498;501;507;522;526;527;539;565;574;602;608;622;636;650;653;654;656;671;696;699;714;738;739;745;747;752;755;759;764;765;778;790;803;821;823;832;846;856;919;932;940;941;960;977;978;993,Optimal,79.98000000,79.98000000,0.00000000,38.37166329,1,49,27482,53603,0,0,0.00000000,fpp_cut_dominator_separator_greedy,cut,true,true,true,false,360,360,13561,13569,0,1600,55,0,0,0.58325587,12911,4108,8803,100,0,0.10209466,0.38437615,83.25000000,400,8,79.98000000,0.00000000,0.00000000,pass,131;147;183;192;266;291;306;370,true,true,reachability-greedy-warm-start,245;192;326;147;289;183;215;273,,Warm start generated by reachability-greedy FPP recourse heuristic. | Reachability-greedy empty objective: 135.61. | Reachability-greedy final objective: 83.25. | Reachability-greedy exact marginal evaluations: 400. | Warm start status: Ready.,79.98000000,188.60000000,105.06000000,227.50000000,0.00561729,0.00739248,0.04862114,RT=0.430000;ADAG=0.570000;GDG=0.000000;NFR=0.000000;EMPTY=0.000000,RT=0.460000;ADAG=0.540000;GDG=0.000000;NFR=0.000000;EMPTY=0.000000,Cell2Fire scenarios are treated as directed propagation graphs.,"Dominator preprocessing processed 100 scenarios: DAG=100, fallback=0, aggregate_cuts=4108, individual_cuts=8803. | Separator context callback enabled; CPLEX Threads forced to 1 for deterministic cut-cache safety. | Cut/reachability MIP start values were generated from FppRecourseEvaluator and passed feasibility checks. | CPLEX full cut/reachability MIP start was added from warm-start solution with y/x/q values and recourse objective 83.25. | Separator cuts registered through the CPLEX generic relaxation context callback. | Separator callback stats: invocations=55, min_cut_calls=1600, cuts_added=0, duplicates_skipped=0, large_cuts_skipped=0. | FPP cut/reachability post-solve recourse validation matched the solver objective. | FPP cut/reachability objective is expected burned area over observed scenario nodes. | x and q variables are continuous in [0,1]; y variables are binary for eligible nodes. | Root nodes are forced to burn and propagate even if selected as firebreaks. | Non-eligible non-root nodes use x_v >= q_v because no y_v variable exists. | Reachability-greedy warm start was used as a full y/x/q MIP start for the cut FPP formulation. | Reachability-greedy warm start empty objective: 135.61. | Reachability-greedy warm start final objective: 83.25. | Reachability-greedy warm start exact marginal evaluations: 400. | FppRecourseEvaluator validation passed for final selected firebreaks. | Train reader warning: IgnitionsHistory/ignitions_log.csv has one numeric column; assuming line number is the scenario ID. | Test reader warning: IgnitionsHistory/ignitions_log.csv has one numeric column; assuming line number is the scenario ID. | Test scenarios were used only for out-of-sample evaluation."
