task_id,worker_id,case_id,seed_base,seed,landscape,alpha,train_count,test_count,objective_family,method,method_family,fpp_mode,risk_measure,cvar_beta,cvar_lambda,lb_config,use_llbi,use_coverage_llbi,use_path_llbi,use_root_cuts,is_combinatorial,combinatorial_benders_lift,combinatorial_benders_cut_sampling_ratio,combinatorial_benders_separate_fractional,combinatorial_benders_initial_cuts,path_llbi_max_paths_per_node,time_limit,mip_gap,threads,split_dir,output_dir,output_csv,output_json,solution_dir,run_id
worker_00_task_000,worker_00,case00,20260601,20260601,Sub20,0.01,100,900,Expected,FPP-SAA,FPP-SAA,fpp_base,expected,0.9,1.0,None,false,false,false,false,false,,,,,8,300,0.001,1,results/batch/sub20_alpha001_002_fpp_exact_tl300/splits,results/batch/sub20_alpha001_002_fpp_exact_tl300/worker_00,results/batch/sub20_alpha001_002_fpp_exact_tl300/worker_00/batch_results_worker_00.csv,results/batch/sub20_alpha001_002_fpp_exact_tl300/worker_00/json/worker_00_task_000.json,results/batch/sub20_alpha001_002_fpp_exact_tl300/worker_00/solutions,sub20_case00_alpha001_fpp_saa_fpp_base_none
worker_00_task_001,worker_00,case00,20260601,20260601,Sub20,0.01,100,900,Expected,FPP-SAA,FPP-SAA,fpp_cut,expected,0.9,1.0,None,false,false,false,false,false,,,,,8,300,0.001,1,results/batch/sub20_alpha001_002_fpp_exact_tl300/splits,results/batch/sub20_alpha001_002_fpp_exact_tl300/worker_00,results/batch/sub20_alpha001_002_fpp_exact_tl300/worker_00/batch_results_worker_00.csv,results/batch/sub20_alpha001_002_fpp_exact_tl300/worker_00/json/worker_00_task_001.json,results/batch/sub20_alpha001_002_fpp_exact_tl300/worker_00/solutions,sub20_case00_alpha001_fpp_saa_fpp_cut_none
worker_00_task_002,worker_00,case00,20260601,20260601,Sub20,0.01,100,900,CVaR,FPP-SAA-CVaR,FPP-SAA,fpp_base,cvar,0.9,1.0,None,false,false,false,false,false,,,,,8,300,0.001,1,results/batch/sub20_alpha001_002_fpp_exact_tl300/splits,results/batch/sub20_alpha001_002_fpp_exact_tl300/worker_00,results/batch/sub20_alpha001_002_fpp_exact_tl300/worker_00/batch_results_worker_00.csv,results/batch/sub20_alpha001_002_fpp_exact_tl300/worker_00/json/worker_00_task_002.json,results/batch/sub20_alpha001_002_fpp_exact_tl300/worker_00/solutions,sub20_case00_alpha001_fpp_saa_cvar_fpp_base_none
worker_00_task_003,worker_00,case00,20260601,20260601,Sub20,0.01,100,900,CVaR,FPP-SAA-CVaR,FPP-SAA,fpp_cut,cvar,0.9,1.0,None,false,false,false,false,false,,,,,8,300,0.001,1,results/batch/sub20_alpha001_002_fpp_exact_tl300/splits,results/batch/sub20_alpha001_002_fpp_exact_tl300/worker_00,results/batch/sub20_alpha001_002_fpp_exact_tl300/worker_00/batch_results_worker_00.csv,results/batch/sub20_alpha001_002_fpp_exact_tl300/worker_00/json/worker_00_task_003.json,results/batch/sub20_alpha001_002_fpp_exact_tl300/worker_00/solutions,sub20_case00_alpha001_fpp_saa_cvar_fpp_cut_none
worker_00_task_004,worker_00,case00,20260601,20260601,Sub20,0.01,100,900,MeanCVaR,FPP-SAA-MeanCVaR,FPP-SAA,fpp_base,mean-cvar,0.9,0.5,None,false,false,false,false,false,,,,,8,300,0.001,1,results/batch/sub20_alpha001_002_fpp_exact_tl300/splits,results/batch/sub20_alpha001_002_fpp_exact_tl300/worker_00,results/batch/sub20_alpha001_002_fpp_exact_tl300/worker_00/batch_results_worker_00.csv,results/batch/sub20_alpha001_002_fpp_exact_tl300/worker_00/json/worker_00_task_004.json,results/batch/sub20_alpha001_002_fpp_exact_tl300/worker_00/solutions,sub20_case00_alpha001_fpp_saa_meancvar_fpp_base_none
worker_00_task_005,worker_00,case00,20260601,20260601,Sub20,0.01,100,900,MeanCVaR,FPP-SAA-MeanCVaR,FPP-SAA,fpp_cut,mean-cvar,0.9,0.5,None,false,false,false,false,false,,,,,8,300,0.001,1,results/batch/sub20_alpha001_002_fpp_exact_tl300/splits,results/batch/sub20_alpha001_002_fpp_exact_tl300/worker_00,results/batch/sub20_alpha001_002_fpp_exact_tl300/worker_00/batch_results_worker_00.csv,results/batch/sub20_alpha001_002_fpp_exact_tl300/worker_00/json/worker_00_task_005.json,results/batch/sub20_alpha001_002_fpp_exact_tl300/worker_00/solutions,sub20_case00_alpha001_fpp_saa_meancvar_fpp_cut_none
worker_00_task_006,worker_00,case00,20260601,20260601,Sub20,0.01,100,900,Expected,FPP-Branch-Benders,FPP-Branch-Benders,,expected,0.9,1.0,None,false,false,false,false,false,,,,,8,300,0.001,1,results/batch/sub20_alpha001_002_fpp_exact_tl300/splits,results/batch/sub20_alpha001_002_fpp_exact_tl300/worker_00,results/batch/sub20_alpha001_002_fpp_exact_tl300/worker_00/batch_results_worker_00.csv,results/batch/sub20_alpha001_002_fpp_exact_tl300/worker_00/json/worker_00_task_006.json,results/batch/sub20_alpha001_002_fpp_exact_tl300/worker_00/solutions,sub20_case00_alpha001_fpp_branch_benders_na_none
worker_00_task_007,worker_00,case00,20260601,20260601,Sub20,0.01,100,900,Expected,FPP-Branch-Benders-RootCuts,FPP-Branch-Benders,,expected,0.9,1.0,None,false,false,false,true,false,,,,,8,300,0.001,1,results/batch/sub20_alpha001_002_fpp_exact_tl300/splits,results/batch/sub20_alpha001_002_fpp_exact_tl300/worker_00,results/batch/sub20_alpha001_002_fpp_exact_tl300/worker_00/batch_results_worker_00.csv,results/batch/sub20_alpha001_002_fpp_exact_tl300/worker_00/json/worker_00_task_007.json,results/batch/sub20_alpha001_002_fpp_exact_tl300/worker_00/solutions,sub20_case00_alpha001_fpp_branch_benders_rootcuts_na_none
worker_00_task_008,worker_00,case00,20260601,20260601,Sub20,0.01,100,900,Expected,FPP-Branch-Benders-LLBI,FPP-Branch-Benders,,expected,0.9,1.0,LLBI,true,false,false,false,false,,,,,8,300,0.001,1,results/batch/sub20_alpha001_002_fpp_exact_tl300/splits,results/batch/sub20_alpha001_002_fpp_exact_tl300/worker_00,results/batch/sub20_alpha001_002_fpp_exact_tl300/worker_00/batch_results_worker_00.csv,results/batch/sub20_alpha001_002_fpp_exact_tl300/worker_00/json/worker_00_task_008.json,results/batch/sub20_alpha001_002_fpp_exact_tl300/worker_00/solutions,sub20_case00_alpha001_fpp_branch_benders_llbi_na_llbi
worker_00_task_009,worker_00,case00,20260601,20260601,Sub20,0.01,100,900,Expected,FPP-Branch-Benders-LLBI-RootCuts,FPP-Branch-Benders,,expected,0.9,1.0,LLBI,true,false,false,true,false,,,,,8,300,0.001,1,results/batch/sub20_alpha001_002_fpp_exact_tl300/splits,results/batch/sub20_alpha001_002_fpp_exact_tl300/worker_00,results/batch/sub20_alpha001_002_fpp_exact_tl300/worker_00/batch_results_worker_00.csv,results/batch/sub20_alpha001_002_fpp_exact_tl300/worker_00/json/worker_00_task_009.json,results/batch/sub20_alpha001_002_fpp_exact_tl300/worker_00/solutions,sub20_case00_alpha001_fpp_branch_benders_llbi_rootcuts_na_llbi
worker_00_task_010,worker_00,case00,20260601,20260601,Sub20,0.01,100,900,Expected,FPP-Branch-Benders-CoverageLLBI,FPP-Branch-Benders,,expected,0.9,1.0,CoverageLLBI,false,true,false,false,false,,,,,8,300,0.001,1,results/batch/sub20_alpha001_002_fpp_exact_tl300/splits,results/batch/sub20_alpha001_002_fpp_exact_tl300/worker_00,results/batch/sub20_alpha001_002_fpp_exact_tl300/worker_00/batch_results_worker_00.csv,results/batch/sub20_alpha001_002_fpp_exact_tl300/worker_00/json/worker_00_task_010.json,results/batch/sub20_alpha001_002_fpp_exact_tl300/worker_00/solutions,sub20_case00_alpha001_fpp_branch_benders_coveragellbi_na_coveragellbi
worker_00_task_011,worker_00,case00,20260601,20260601,Sub20,0.01,100,900,Expected,FPP-Branch-Benders-CoverageLLBI-RootCuts,FPP-Branch-Benders,,expected,0.9,1.0,CoverageLLBI,false,true,false,true,false,,,,,8,300,0.001,1,results/batch/sub20_alpha001_002_fpp_exact_tl300/splits,results/batch/sub20_alpha001_002_fpp_exact_tl300/worker_00,results/batch/sub20_alpha001_002_fpp_exact_tl300/worker_00/batch_results_worker_00.csv,results/batch/sub20_alpha001_002_fpp_exact_tl300/worker_00/json/worker_00_task_011.json,results/batch/sub20_alpha001_002_fpp_exact_tl300/worker_00/solutions,sub20_case00_alpha001_fpp_branch_benders_coveragellbi_rootcuts_na_coveragellbi
worker_00_task_012,worker_00,case00,20260601,20260601,Sub20,0.01,100,900,Expected,FPP-Branch-Benders-PathLLBI,FPP-Branch-Benders,,expected,0.9,1.0,PathLLBI,false,false,true,false,false,,,,,8,300,0.001,1,results/batch/sub20_alpha001_002_fpp_exact_tl300/splits,results/batch/sub20_alpha001_002_fpp_exact_tl300/worker_00,results/batch/sub20_alpha001_002_fpp_exact_tl300/worker_00/batch_results_worker_00.csv,results/batch/sub20_alpha001_002_fpp_exact_tl300/worker_00/json/worker_00_task_012.json,results/batch/sub20_alpha001_002_fpp_exact_tl300/worker_00/solutions,sub20_case00_alpha001_fpp_branch_benders_pathllbi_na_pathllbi
worker_00_task_013,worker_00,case00,20260601,20260601,Sub20,0.01,100,900,Expected,FPP-Branch-Benders-PathLLBI-RootCuts,FPP-Branch-Benders,,expected,0.9,1.0,PathLLBI,false,false,true,true,false,,,,,8,300,0.001,1,results/batch/sub20_alpha001_002_fpp_exact_tl300/splits,results/batch/sub20_alpha001_002_fpp_exact_tl300/worker_00,results/batch/sub20_alpha001_002_fpp_exact_tl300/worker_00/batch_results_worker_00.csv,results/batch/sub20_alpha001_002_fpp_exact_tl300/worker_00/json/worker_00_task_013.json,results/batch/sub20_alpha001_002_fpp_exact_tl300/worker_00/solutions,sub20_case00_alpha001_fpp_branch_benders_pathllbi_rootcuts_na_pathllbi
worker_00_task_014,worker_00,case00,20260601,20260601,Sub20,0.01,100,900,Expected,FPP-Branch-Benders-CoverageLLBI-PathLLBI,FPP-Branch-Benders,,expected,0.9,1.0,CoverageLLBI+PathLLBI,false,true,true,false,false,,,,,8,300,0.001,1,results/batch/sub20_alpha001_002_fpp_exact_tl300/splits,results/batch/sub20_alpha001_002_fpp_exact_tl300/worker_00,results/batch/sub20_alpha001_002_fpp_exact_tl300/worker_00/batch_results_worker_00.csv,results/batch/sub20_alpha001_002_fpp_exact_tl300/worker_00/json/worker_00_task_014.json,results/batch/sub20_alpha001_002_fpp_exact_tl300/worker_00/solutions,sub20_case00_alpha001_fpp_branch_benders_coveragellbi_pathllbi_na_coveragellbi_pathllbi
worker_00_task_015,worker_00,case00,20260601,20260601,Sub20,0.01,100,900,Expected,FPP-Branch-Benders-CoverageLLBI-PathLLBI-RootCuts,FPP-Branch-Benders,,expected,0.9,1.0,CoverageLLBI+PathLLBI,false,true,true,true,false,,,,,8,300,0.001,1,results/batch/sub20_alpha001_002_fpp_exact_tl300/splits,results/batch/sub20_alpha001_002_fpp_exact_tl300/worker_00,results/batch/sub20_alpha001_002_fpp_exact_tl300/worker_00/batch_results_worker_00.csv,results/batch/sub20_alpha001_002_fpp_exact_tl300/worker_00/json/worker_00_task_015.json,results/batch/sub20_alpha001_002_fpp_exact_tl300/worker_00/solutions,sub20_case00_alpha001_fpp_branch_benders_coveragellbi_pathllbi_rootcuts_na_coveragellbi_pathllbi
worker_00_task_016,worker_00,case00,20260601,20260601,Sub20,0.01,100,900,Expected,FPP-Branch-Benders-LLBI-CoverageLLBI-PathLLBI,FPP-Branch-Benders,,expected,0.9,1.0,LLBI+CoverageLLBI+PathLLBI,true,true,true,false,false,,,,,8,300,0.001,1,results/batch/sub20_alpha001_002_fpp_exact_tl300/splits,results/batch/sub20_alpha001_002_fpp_exact_tl300/worker_00,results/batch/sub20_alpha001_002_fpp_exact_tl300/worker_00/batch_results_worker_00.csv,results/batch/sub20_alpha001_002_fpp_exact_tl300/worker_00/json/worker_00_task_016.json,results/batch/sub20_alpha001_002_fpp_exact_tl300/worker_00/solutions,sub20_case00_alpha001_fpp_branch_benders_llbi_coveragellbi_pathllbi_na_llbi_coveragellbi_pathllbi
worker_00_task_017,worker_00,case00,20260601,20260601,Sub20,0.01,100,900,Expected,FPP-Branch-Benders-LLBI-CoverageLLBI-PathLLBI-RootCuts,FPP-Branch-Benders,,expected,0.9,1.0,LLBI+CoverageLLBI+PathLLBI,true,true,true,true,false,,,,,8,300,0.001,1,results/batch/sub20_alpha001_002_fpp_exact_tl300/splits,results/batch/sub20_alpha001_002_fpp_exact_tl300/worker_00,results/batch/sub20_alpha001_002_fpp_exact_tl300/worker_00/batch_results_worker_00.csv,results/batch/sub20_alpha001_002_fpp_exact_tl300/worker_00/json/worker_00_task_017.json,results/batch/sub20_alpha001_002_fpp_exact_tl300/worker_00/solutions,sub20_case00_alpha001_fpp_branch_benders_llbi_coveragellbi_pathllbi_rootcuts_na_llbi_coveragellbi_pathllbi
worker_00_task_018,worker_00,case00,20260601,20260601,Sub20,0.01,100,900,CVaR,FPP-Branch-Benders-CVaR,FPP-Branch-Benders,,cvar,0.9,1.0,None,false,false,false,false,false,,,,,8,300,0.001,1,results/batch/sub20_alpha001_002_fpp_exact_tl300/splits,results/batch/sub20_alpha001_002_fpp_exact_tl300/worker_00,results/batch/sub20_alpha001_002_fpp_exact_tl300/worker_00/batch_results_worker_00.csv,results/batch/sub20_alpha001_002_fpp_exact_tl300/worker_00/json/worker_00_task_018.json,results/batch/sub20_alpha001_002_fpp_exact_tl300/worker_00/solutions,sub20_case00_alpha001_fpp_branch_benders_cvar_na_none
worker_00_task_019,worker_00,case00,20260601,20260601,Sub20,0.01,100,900,CVaR,FPP-Branch-Benders-CVaR-RootCuts,FPP-Branch-Benders,,cvar,0.9,1.0,None,false,false,false,true,false,,,,,8,300,0.001,1,results/batch/sub20_alpha001_002_fpp_exact_tl300/splits,results/batch/sub20_alpha001_002_fpp_exact_tl300/worker_00,results/batch/sub20_alpha001_002_fpp_exact_tl300/worker_00/batch_results_worker_00.csv,results/batch/sub20_alpha001_002_fpp_exact_tl300/worker_00/json/worker_00_task_019.json,results/batch/sub20_alpha001_002_fpp_exact_tl300/worker_00/solutions,sub20_case00_alpha001_fpp_branch_benders_cvar_rootcuts_na_none
worker_00_task_020,worker_00,case00,20260601,20260601,Sub20,0.01,100,900,CVaR,FPP-Branch-Benders-CVaR-LLBI,FPP-Branch-Benders,,cvar,0.9,1.0,LLBI,true,false,false,false,false,,,,,8,300,0.001,1,results/batch/sub20_alpha001_002_fpp_exact_tl300/splits,results/batch/sub20_alpha001_002_fpp_exact_tl300/worker_00,results/batch/sub20_alpha001_002_fpp_exact_tl300/worker_00/batch_results_worker_00.csv,results/batch/sub20_alpha001_002_fpp_exact_tl300/worker_00/json/worker_00_task_020.json,results/batch/sub20_alpha001_002_fpp_exact_tl300/worker_00/solutions,sub20_case00_alpha001_fpp_branch_benders_cvar_llbi_na_llbi
worker_00_task_021,worker_00,case00,20260601,20260601,Sub20,0.01,100,900,CVaR,FPP-Branch-Benders-CVaR-LLBI-RootCuts,FPP-Branch-Benders,,cvar,0.9,1.0,LLBI,true,false,false,true,false,,,,,8,300,0.001,1,results/batch/sub20_alpha001_002_fpp_exact_tl300/splits,results/batch/sub20_alpha001_002_fpp_exact_tl300/worker_00,results/batch/sub20_alpha001_002_fpp_exact_tl300/worker_00/batch_results_worker_00.csv,results/batch/sub20_alpha001_002_fpp_exact_tl300/worker_00/json/worker_00_task_021.json,results/batch/sub20_alpha001_002_fpp_exact_tl300/worker_00/solutions,sub20_case00_alpha001_fpp_branch_benders_cvar_llbi_rootcuts_na_llbi
worker_00_task_022,worker_00,case00,20260601,20260601,Sub20,0.01,100,900,CVaR,FPP-Branch-Benders-CVaR-CoverageLLBI,FPP-Branch-Benders,,cvar,0.9,1.0,CoverageLLBI,false,true,false,false,false,,,,,8,300,0.001,1,results/batch/sub20_alpha001_002_fpp_exact_tl300/splits,results/batch/sub20_alpha001_002_fpp_exact_tl300/worker_00,results/batch/sub20_alpha001_002_fpp_exact_tl300/worker_00/batch_results_worker_00.csv,results/batch/sub20_alpha001_002_fpp_exact_tl300/worker_00/json/worker_00_task_022.json,results/batch/sub20_alpha001_002_fpp_exact_tl300/worker_00/solutions,sub20_case00_alpha001_fpp_branch_benders_cvar_coveragellbi_na_coveragellbi
worker_00_task_023,worker_00,case00,20260601,20260601,Sub20,0.01,100,900,CVaR,FPP-Branch-Benders-CVaR-CoverageLLBI-RootCuts,FPP-Branch-Benders,,cvar,0.9,1.0,CoverageLLBI,false,true,false,true,false,,,,,8,300,0.001,1,results/batch/sub20_alpha001_002_fpp_exact_tl300/splits,results/batch/sub20_alpha001_002_fpp_exact_tl300/worker_00,results/batch/sub20_alpha001_002_fpp_exact_tl300/worker_00/batch_results_worker_00.csv,results/batch/sub20_alpha001_002_fpp_exact_tl300/worker_00/json/worker_00_task_023.json,results/batch/sub20_alpha001_002_fpp_exact_tl300/worker_00/solutions,sub20_case00_alpha001_fpp_branch_benders_cvar_coveragellbi_rootcuts_na_coveragellbi
worker_00_task_024,worker_00,case00,20260601,20260601,Sub20,0.01,100,900,CVaR,FPP-Branch-Benders-CVaR-PathLLBI,FPP-Branch-Benders,,cvar,0.9,1.0,PathLLBI,false,false,true,false,false,,,,,8,300,0.001,1,results/batch/sub20_alpha001_002_fpp_exact_tl300/splits,results/batch/sub20_alpha001_002_fpp_exact_tl300/worker_00,results/batch/sub20_alpha001_002_fpp_exact_tl300/worker_00/batch_results_worker_00.csv,results/batch/sub20_alpha001_002_fpp_exact_tl300/worker_00/json/worker_00_task_024.json,results/batch/sub20_alpha001_002_fpp_exact_tl300/worker_00/solutions,sub20_case00_alpha001_fpp_branch_benders_cvar_pathllbi_na_pathllbi
worker_00_task_025,worker_00,case00,20260601,20260601,Sub20,0.01,100,900,CVaR,FPP-Branch-Benders-CVaR-PathLLBI-RootCuts,FPP-Branch-Benders,,cvar,0.9,1.0,PathLLBI,false,false,true,true,false,,,,,8,300,0.001,1,results/batch/sub20_alpha001_002_fpp_exact_tl300/splits,results/batch/sub20_alpha001_002_fpp_exact_tl300/worker_00,results/batch/sub20_alpha001_002_fpp_exact_tl300/worker_00/batch_results_worker_00.csv,results/batch/sub20_alpha001_002_fpp_exact_tl300/worker_00/json/worker_00_task_025.json,results/batch/sub20_alpha001_002_fpp_exact_tl300/worker_00/solutions,sub20_case00_alpha001_fpp_branch_benders_cvar_pathllbi_rootcuts_na_pathllbi
worker_00_task_026,worker_00,case00,20260601,20260601,Sub20,0.01,100,900,CVaR,FPP-Branch-Benders-CVaR-CoverageLLBI-PathLLBI,FPP-Branch-Benders,,cvar,0.9,1.0,CoverageLLBI+PathLLBI,false,true,true,false,false,,,,,8,300,0.001,1,results/batch/sub20_alpha001_002_fpp_exact_tl300/splits,results/batch/sub20_alpha001_002_fpp_exact_tl300/worker_00,results/batch/sub20_alpha001_002_fpp_exact_tl300/worker_00/batch_results_worker_00.csv,results/batch/sub20_alpha001_002_fpp_exact_tl300/worker_00/json/worker_00_task_026.json,results/batch/sub20_alpha001_002_fpp_exact_tl300/worker_00/solutions,sub20_case00_alpha001_fpp_branch_benders_cvar_coveragellbi_pathllbi_na_coveragellbi_pathllbi
worker_00_task_027,worker_00,case00,20260601,20260601,Sub20,0.01,100,900,CVaR,FPP-Branch-Benders-CVaR-CoverageLLBI-PathLLBI-RootCuts,FPP-Branch-Benders,,cvar,0.9,1.0,CoverageLLBI+PathLLBI,false,true,true,true,false,,,,,8,300,0.001,1,results/batch/sub20_alpha001_002_fpp_exact_tl300/splits,results/batch/sub20_alpha001_002_fpp_exact_tl300/worker_00,results/batch/sub20_alpha001_002_fpp_exact_tl300/worker_00/batch_results_worker_00.csv,results/batch/sub20_alpha001_002_fpp_exact_tl300/worker_00/json/worker_00_task_027.json,results/batch/sub20_alpha001_002_fpp_exact_tl300/worker_00/solutions,sub20_case00_alpha001_fpp_branch_benders_cvar_coveragellbi_pathllbi_rootcuts_na_coveragellbi_pathllbi
worker_00_task_028,worker_00,case00,20260601,20260601,Sub20,0.01,100,900,CVaR,FPP-Branch-Benders-CVaR-LLBI-CoverageLLBI-PathLLBI,FPP-Branch-Benders,,cvar,0.9,1.0,LLBI+CoverageLLBI+PathLLBI,true,true,true,false,false,,,,,8,300,0.001,1,results/batch/sub20_alpha001_002_fpp_exact_tl300/splits,results/batch/sub20_alpha001_002_fpp_exact_tl300/worker_00,results/batch/sub20_alpha001_002_fpp_exact_tl300/worker_00/batch_results_worker_00.csv,results/batch/sub20_alpha001_002_fpp_exact_tl300/worker_00/json/worker_00_task_028.json,results/batch/sub20_alpha001_002_fpp_exact_tl300/worker_00/solutions,sub20_case00_alpha001_fpp_branch_benders_cvar_llbi_coveragellbi_pathllbi_na_llbi_coveragellbi_pathllbi
worker_00_task_029,worker_00,case00,20260601,20260601,Sub20,0.01,100,900,CVaR,FPP-Branch-Benders-CVaR-LLBI-CoverageLLBI-PathLLBI-RootCuts,FPP-Branch-Benders,,cvar,0.9,1.0,LLBI+CoverageLLBI+PathLLBI,true,true,true,true,false,,,,,8,300,0.001,1,results/batch/sub20_alpha001_002_fpp_exact_tl300/splits,results/batch/sub20_alpha001_002_fpp_exact_tl300/worker_00,results/batch/sub20_alpha001_002_fpp_exact_tl300/worker_00/batch_results_worker_00.csv,results/batch/sub20_alpha001_002_fpp_exact_tl300/worker_00/json/worker_00_task_029.json,results/batch/sub20_alpha001_002_fpp_exact_tl300/worker_00/solutions,sub20_case00_alpha001_fpp_branch_benders_cvar_llbi_coveragellbi_pathllbi_rootcuts_na_llbi_coveragellbi_pathllbi
worker_00_task_030,worker_00,case00,20260601,20260601,Sub20,0.01,100,900,MeanCVaR,FPP-Branch-Benders-MeanCVaR,FPP-Branch-Benders,,mean-cvar,0.9,0.5,None,false,false,false,false,false,,,,,8,300,0.001,1,results/batch/sub20_alpha001_002_fpp_exact_tl300/splits,results/batch/sub20_alpha001_002_fpp_exact_tl300/worker_00,results/batch/sub20_alpha001_002_fpp_exact_tl300/worker_00/batch_results_worker_00.csv,results/batch/sub20_alpha001_002_fpp_exact_tl300/worker_00/json/worker_00_task_030.json,results/batch/sub20_alpha001_002_fpp_exact_tl300/worker_00/solutions,sub20_case00_alpha001_fpp_branch_benders_meancvar_na_none
worker_00_task_031,worker_00,case00,20260601,20260601,Sub20,0.01,100,900,MeanCVaR,FPP-Branch-Benders-MeanCVaR-RootCuts,FPP-Branch-Benders,,mean-cvar,0.9,0.5,None,false,false,false,true,false,,,,,8,300,0.001,1,results/batch/sub20_alpha001_002_fpp_exact_tl300/splits,results/batch/sub20_alpha001_002_fpp_exact_tl300/worker_00,results/batch/sub20_alpha001_002_fpp_exact_tl300/worker_00/batch_results_worker_00.csv,results/batch/sub20_alpha001_002_fpp_exact_tl300/worker_00/json/worker_00_task_031.json,results/batch/sub20_alpha001_002_fpp_exact_tl300/worker_00/solutions,sub20_case00_alpha001_fpp_branch_benders_meancvar_rootcuts_na_none
worker_00_task_032,worker_00,case00,20260601,20260601,Sub20,0.01,100,900,MeanCVaR,FPP-Branch-Benders-MeanCVaR-LLBI,FPP-Branch-Benders,,mean-cvar,0.9,0.5,LLBI,true,false,false,false,false,,,,,8,300,0.001,1,results/batch/sub20_alpha001_002_fpp_exact_tl300/splits,results/batch/sub20_alpha001_002_fpp_exact_tl300/worker_00,results/batch/sub20_alpha001_002_fpp_exact_tl300/worker_00/batch_results_worker_00.csv,results/batch/sub20_alpha001_002_fpp_exact_tl300/worker_00/json/worker_00_task_032.json,results/batch/sub20_alpha001_002_fpp_exact_tl300/worker_00/solutions,sub20_case00_alpha001_fpp_branch_benders_meancvar_llbi_na_llbi
worker_00_task_033,worker_00,case00,20260601,20260601,Sub20,0.01,100,900,MeanCVaR,FPP-Branch-Benders-MeanCVaR-LLBI-RootCuts,FPP-Branch-Benders,,mean-cvar,0.9,0.5,LLBI,true,false,false,true,false,,,,,8,300,0.001,1,results/batch/sub20_alpha001_002_fpp_exact_tl300/splits,results/batch/sub20_alpha001_002_fpp_exact_tl300/worker_00,results/batch/sub20_alpha001_002_fpp_exact_tl300/worker_00/batch_results_worker_00.csv,results/batch/sub20_alpha001_002_fpp_exact_tl300/worker_00/json/worker_00_task_033.json,results/batch/sub20_alpha001_002_fpp_exact_tl300/worker_00/solutions,sub20_case00_alpha001_fpp_branch_benders_meancvar_llbi_rootcuts_na_llbi
worker_00_task_034,worker_00,case00,20260601,20260601,Sub20,0.01,100,900,MeanCVaR,FPP-Branch-Benders-MeanCVaR-CoverageLLBI,FPP-Branch-Benders,,mean-cvar,0.9,0.5,CoverageLLBI,false,true,false,false,false,,,,,8,300,0.001,1,results/batch/sub20_alpha001_002_fpp_exact_tl300/splits,results/batch/sub20_alpha001_002_fpp_exact_tl300/worker_00,results/batch/sub20_alpha001_002_fpp_exact_tl300/worker_00/batch_results_worker_00.csv,results/batch/sub20_alpha001_002_fpp_exact_tl300/worker_00/json/worker_00_task_034.json,results/batch/sub20_alpha001_002_fpp_exact_tl300/worker_00/solutions,sub20_case00_alpha001_fpp_branch_benders_meancvar_coveragellbi_na_coveragellbi
worker_00_task_035,worker_00,case00,20260601,20260601,Sub20,0.01,100,900,MeanCVaR,FPP-Branch-Benders-MeanCVaR-CoverageLLBI-RootCuts,FPP-Branch-Benders,,mean-cvar,0.9,0.5,CoverageLLBI,false,true,false,true,false,,,,,8,300,0.001,1,results/batch/sub20_alpha001_002_fpp_exact_tl300/splits,results/batch/sub20_alpha001_002_fpp_exact_tl300/worker_00,results/batch/sub20_alpha001_002_fpp_exact_tl300/worker_00/batch_results_worker_00.csv,results/batch/sub20_alpha001_002_fpp_exact_tl300/worker_00/json/worker_00_task_035.json,results/batch/sub20_alpha001_002_fpp_exact_tl300/worker_00/solutions,sub20_case00_alpha001_fpp_branch_benders_meancvar_coveragellbi_rootcuts_na_coveragellbi
worker_00_task_036,worker_00,case00,20260601,20260601,Sub20,0.01,100,900,MeanCVaR,FPP-Branch-Benders-MeanCVaR-PathLLBI,FPP-Branch-Benders,,mean-cvar,0.9,0.5,PathLLBI,false,false,true,false,false,,,,,8,300,0.001,1,results/batch/sub20_alpha001_002_fpp_exact_tl300/splits,results/batch/sub20_alpha001_002_fpp_exact_tl300/worker_00,results/batch/sub20_alpha001_002_fpp_exact_tl300/worker_00/batch_results_worker_00.csv,results/batch/sub20_alpha001_002_fpp_exact_tl300/worker_00/json/worker_00_task_036.json,results/batch/sub20_alpha001_002_fpp_exact_tl300/worker_00/solutions,sub20_case00_alpha001_fpp_branch_benders_meancvar_pathllbi_na_pathllbi
worker_00_task_037,worker_00,case00,20260601,20260601,Sub20,0.01,100,900,MeanCVaR,FPP-Branch-Benders-MeanCVaR-PathLLBI-RootCuts,FPP-Branch-Benders,,mean-cvar,0.9,0.5,PathLLBI,false,false,true,true,false,,,,,8,300,0.001,1,results/batch/sub20_alpha001_002_fpp_exact_tl300/splits,results/batch/sub20_alpha001_002_fpp_exact_tl300/worker_00,results/batch/sub20_alpha001_002_fpp_exact_tl300/worker_00/batch_results_worker_00.csv,results/batch/sub20_alpha001_002_fpp_exact_tl300/worker_00/json/worker_00_task_037.json,results/batch/sub20_alpha001_002_fpp_exact_tl300/worker_00/solutions,sub20_case00_alpha001_fpp_branch_benders_meancvar_pathllbi_rootcuts_na_pathllbi
worker_00_task_038,worker_00,case00,20260601,20260601,Sub20,0.01,100,900,MeanCVaR,FPP-Branch-Benders-MeanCVaR-CoverageLLBI-PathLLBI,FPP-Branch-Benders,,mean-cvar,0.9,0.5,CoverageLLBI+PathLLBI,false,true,true,false,false,,,,,8,300,0.001,1,results/batch/sub20_alpha001_002_fpp_exact_tl300/splits,results/batch/sub20_alpha001_002_fpp_exact_tl300/worker_00,results/batch/sub20_alpha001_002_fpp_exact_tl300/worker_00/batch_results_worker_00.csv,results/batch/sub20_alpha001_002_fpp_exact_tl300/worker_00/json/worker_00_task_038.json,results/batch/sub20_alpha001_002_fpp_exact_tl300/worker_00/solutions,sub20_case00_alpha001_fpp_branch_benders_meancvar_coveragellbi_pathllbi_na_coveragellbi_pathllbi
worker_00_task_039,worker_00,case00,20260601,20260601,Sub20,0.01,100,900,MeanCVaR,FPP-Branch-Benders-MeanCVaR-CoverageLLBI-PathLLBI-RootCuts,FPP-Branch-Benders,,mean-cvar,0.9,0.5,CoverageLLBI+PathLLBI,false,true,true,true,false,,,,,8,300,0.001,1,results/batch/sub20_alpha001_002_fpp_exact_tl300/splits,results/batch/sub20_alpha001_002_fpp_exact_tl300/worker_00,results/batch/sub20_alpha001_002_fpp_exact_tl300/worker_00/batch_results_worker_00.csv,results/batch/sub20_alpha001_002_fpp_exact_tl300/worker_00/json/worker_00_task_039.json,results/batch/sub20_alpha001_002_fpp_exact_tl300/worker_00/solutions,sub20_case00_alpha001_fpp_branch_benders_meancvar_coveragellbi_pathllbi_rootcuts_na_coveragellbi_pathllbi
worker_00_task_040,worker_00,case00,20260601,20260601,Sub20,0.01,100,900,MeanCVaR,FPP-Branch-Benders-MeanCVaR-LLBI-CoverageLLBI-PathLLBI,FPP-Branch-Benders,,mean-cvar,0.9,0.5,LLBI+CoverageLLBI+PathLLBI,true,true,true,false,false,,,,,8,300,0.001,1,results/batch/sub20_alpha001_002_fpp_exact_tl300/splits,results/batch/sub20_alpha001_002_fpp_exact_tl300/worker_00,results/batch/sub20_alpha001_002_fpp_exact_tl300/worker_00/batch_results_worker_00.csv,results/batch/sub20_alpha001_002_fpp_exact_tl300/worker_00/json/worker_00_task_040.json,results/batch/sub20_alpha001_002_fpp_exact_tl300/worker_00/solutions,sub20_case00_alpha001_fpp_branch_benders_meancvar_llbi_coveragellbi_pathllbi_na_llbi_coveragellbi_pathllbi
worker_00_task_041,worker_00,case00,20260601,20260601,Sub20,0.01,100,900,MeanCVaR,FPP-Branch-Benders-MeanCVaR-LLBI-CoverageLLBI-PathLLBI-RootCuts,FPP-Branch-Benders,,mean-cvar,0.9,0.5,LLBI+CoverageLLBI+PathLLBI,true,true,true,true,false,,,,,8,300,0.001,1,results/batch/sub20_alpha001_002_fpp_exact_tl300/splits,results/batch/sub20_alpha001_002_fpp_exact_tl300/worker_00,results/batch/sub20_alpha001_002_fpp_exact_tl300/worker_00/batch_results_worker_00.csv,results/batch/sub20_alpha001_002_fpp_exact_tl300/worker_00/json/worker_00_task_041.json,results/batch/sub20_alpha001_002_fpp_exact_tl300/worker_00/solutions,sub20_case00_alpha001_fpp_branch_benders_meancvar_llbi_coveragellbi_pathllbi_rootcuts_na_llbi_coveragellbi_pathllbi
worker_00_task_042,worker_00,case00,20260601,20260601,Sub20,0.01,100,900,Expected,FPP-Branch-Benders-Combinatorial,FPP-Branch-Benders-Combinatorial,,expected,0.9,1.0,Combinatorial,false,false,false,false,true,heuristic,0.10,true,true,8,300,0.001,1,results/batch/sub20_alpha001_002_fpp_exact_tl300/splits,results/batch/sub20_alpha001_002_fpp_exact_tl300/worker_00,results/batch/sub20_alpha001_002_fpp_exact_tl300/worker_00/batch_results_worker_00.csv,results/batch/sub20_alpha001_002_fpp_exact_tl300/worker_00/json/worker_00_task_042.json,results/batch/sub20_alpha001_002_fpp_exact_tl300/worker_00/solutions,sub20_case00_alpha001_fpp_branch_benders_combinatorial_na_combinatorial
worker_00_task_043,worker_00,case00,20260601,20260601,Sub20,0.01,100,900,CVaR,FPP-Branch-Benders-Combinatorial-CVaR,FPP-Branch-Benders-Combinatorial,,cvar,0.9,1.0,Combinatorial,false,false,false,false,true,heuristic,0.10,true,true,8,300,0.001,1,results/batch/sub20_alpha001_002_fpp_exact_tl300/splits,results/batch/sub20_alpha001_002_fpp_exact_tl300/worker_00,results/batch/sub20_alpha001_002_fpp_exact_tl300/worker_00/batch_results_worker_00.csv,results/batch/sub20_alpha001_002_fpp_exact_tl300/worker_00/json/worker_00_task_043.json,results/batch/sub20_alpha001_002_fpp_exact_tl300/worker_00/solutions,sub20_case00_alpha001_fpp_branch_benders_combinatorial_cvar_na_combinatorial
worker_00_task_044,worker_00,case00,20260601,20260601,Sub20,0.01,100,900,MeanCVaR,FPP-Branch-Benders-Combinatorial-MeanCVaR,FPP-Branch-Benders-Combinatorial,,mean-cvar,0.9,0.5,Combinatorial,false,false,false,false,true,heuristic,0.10,true,true,8,300,0.001,1,results/batch/sub20_alpha001_002_fpp_exact_tl300/splits,results/batch/sub20_alpha001_002_fpp_exact_tl300/worker_00,results/batch/sub20_alpha001_002_fpp_exact_tl300/worker_00/batch_results_worker_00.csv,results/batch/sub20_alpha001_002_fpp_exact_tl300/worker_00/json/worker_00_task_044.json,results/batch/sub20_alpha001_002_fpp_exact_tl300/worker_00/solutions,sub20_case00_alpha001_fpp_branch_benders_combinatorial_meancvar_na_combinatorial
worker_01_task_000,worker_01,case00,20260601,20260601,Sub20,0.02,100,900,Expected,FPP-SAA,FPP-SAA,fpp_base,expected,0.9,1.0,None,false,false,false,false,false,,,,,8,300,0.001,1,results/batch/sub20_alpha001_002_fpp_exact_tl300/splits,results/batch/sub20_alpha001_002_fpp_exact_tl300/worker_01,results/batch/sub20_alpha001_002_fpp_exact_tl300/worker_01/batch_results_worker_01.csv,results/batch/sub20_alpha001_002_fpp_exact_tl300/worker_01/json/worker_01_task_000.json,results/batch/sub20_alpha001_002_fpp_exact_tl300/worker_01/solutions,sub20_case00_alpha002_fpp_saa_fpp_base_none
worker_01_task_001,worker_01,case00,20260601,20260601,Sub20,0.02,100,900,Expected,FPP-SAA,FPP-SAA,fpp_cut,expected,0.9,1.0,None,false,false,false,false,false,,,,,8,300,0.001,1,results/batch/sub20_alpha001_002_fpp_exact_tl300/splits,results/batch/sub20_alpha001_002_fpp_exact_tl300/worker_01,results/batch/sub20_alpha001_002_fpp_exact_tl300/worker_01/batch_results_worker_01.csv,results/batch/sub20_alpha001_002_fpp_exact_tl300/worker_01/json/worker_01_task_001.json,results/batch/sub20_alpha001_002_fpp_exact_tl300/worker_01/solutions,sub20_case00_alpha002_fpp_saa_fpp_cut_none
worker_01_task_002,worker_01,case00,20260601,20260601,Sub20,0.02,100,900,CVaR,FPP-SAA-CVaR,FPP-SAA,fpp_base,cvar,0.9,1.0,None,false,false,false,false,false,,,,,8,300,0.001,1,results/batch/sub20_alpha001_002_fpp_exact_tl300/splits,results/batch/sub20_alpha001_002_fpp_exact_tl300/worker_01,results/batch/sub20_alpha001_002_fpp_exact_tl300/worker_01/batch_results_worker_01.csv,results/batch/sub20_alpha001_002_fpp_exact_tl300/worker_01/json/worker_01_task_002.json,results/batch/sub20_alpha001_002_fpp_exact_tl300/worker_01/solutions,sub20_case00_alpha002_fpp_saa_cvar_fpp_base_none
worker_01_task_003,worker_01,case00,20260601,20260601,Sub20,0.02,100,900,CVaR,FPP-SAA-CVaR,FPP-SAA,fpp_cut,cvar,0.9,1.0,None,false,false,false,false,false,,,,,8,300,0.001,1,results/batch/sub20_alpha001_002_fpp_exact_tl300/splits,results/batch/sub20_alpha001_002_fpp_exact_tl300/worker_01,results/batch/sub20_alpha001_002_fpp_exact_tl300/worker_01/batch_results_worker_01.csv,results/batch/sub20_alpha001_002_fpp_exact_tl300/worker_01/json/worker_01_task_003.json,results/batch/sub20_alpha001_002_fpp_exact_tl300/worker_01/solutions,sub20_case00_alpha002_fpp_saa_cvar_fpp_cut_none
worker_01_task_004,worker_01,case00,20260601,20260601,Sub20,0.02,100,900,MeanCVaR,FPP-SAA-MeanCVaR,FPP-SAA,fpp_base,mean-cvar,0.9,0.5,None,false,false,false,false,false,,,,,8,300,0.001,1,results/batch/sub20_alpha001_002_fpp_exact_tl300/splits,results/batch/sub20_alpha001_002_fpp_exact_tl300/worker_01,results/batch/sub20_alpha001_002_fpp_exact_tl300/worker_01/batch_results_worker_01.csv,results/batch/sub20_alpha001_002_fpp_exact_tl300/worker_01/json/worker_01_task_004.json,results/batch/sub20_alpha001_002_fpp_exact_tl300/worker_01/solutions,sub20_case00_alpha002_fpp_saa_meancvar_fpp_base_none
worker_01_task_005,worker_01,case00,20260601,20260601,Sub20,0.02,100,900,MeanCVaR,FPP-SAA-MeanCVaR,FPP-SAA,fpp_cut,mean-cvar,0.9,0.5,None,false,false,false,false,false,,,,,8,300,0.001,1,results/batch/sub20_alpha001_002_fpp_exact_tl300/splits,results/batch/sub20_alpha001_002_fpp_exact_tl300/worker_01,results/batch/sub20_alpha001_002_fpp_exact_tl300/worker_01/batch_results_worker_01.csv,results/batch/sub20_alpha001_002_fpp_exact_tl300/worker_01/json/worker_01_task_005.json,results/batch/sub20_alpha001_002_fpp_exact_tl300/worker_01/solutions,sub20_case00_alpha002_fpp_saa_meancvar_fpp_cut_none
worker_01_task_006,worker_01,case00,20260601,20260601,Sub20,0.02,100,900,Expected,FPP-Branch-Benders,FPP-Branch-Benders,,expected,0.9,1.0,None,false,false,false,false,false,,,,,8,300,0.001,1,results/batch/sub20_alpha001_002_fpp_exact_tl300/splits,results/batch/sub20_alpha001_002_fpp_exact_tl300/worker_01,results/batch/sub20_alpha001_002_fpp_exact_tl300/worker_01/batch_results_worker_01.csv,results/batch/sub20_alpha001_002_fpp_exact_tl300/worker_01/json/worker_01_task_006.json,results/batch/sub20_alpha001_002_fpp_exact_tl300/worker_01/solutions,sub20_case00_alpha002_fpp_branch_benders_na_none
worker_01_task_007,worker_01,case00,20260601,20260601,Sub20,0.02,100,900,Expected,FPP-Branch-Benders-RootCuts,FPP-Branch-Benders,,expected,0.9,1.0,None,false,false,false,true,false,,,,,8,300,0.001,1,results/batch/sub20_alpha001_002_fpp_exact_tl300/splits,results/batch/sub20_alpha001_002_fpp_exact_tl300/worker_01,results/batch/sub20_alpha001_002_fpp_exact_tl300/worker_01/batch_results_worker_01.csv,results/batch/sub20_alpha001_002_fpp_exact_tl300/worker_01/json/worker_01_task_007.json,results/batch/sub20_alpha001_002_fpp_exact_tl300/worker_01/solutions,sub20_case00_alpha002_fpp_branch_benders_rootcuts_na_none
worker_01_task_008,worker_01,case00,20260601,20260601,Sub20,0.02,100,900,Expected,FPP-Branch-Benders-LLBI,FPP-Branch-Benders,,expected,0.9,1.0,LLBI,true,false,false,false,false,,,,,8,300,0.001,1,results/batch/sub20_alpha001_002_fpp_exact_tl300/splits,results/batch/sub20_alpha001_002_fpp_exact_tl300/worker_01,results/batch/sub20_alpha001_002_fpp_exact_tl300/worker_01/batch_results_worker_01.csv,results/batch/sub20_alpha001_002_fpp_exact_tl300/worker_01/json/worker_01_task_008.json,results/batch/sub20_alpha001_002_fpp_exact_tl300/worker_01/solutions,sub20_case00_alpha002_fpp_branch_benders_llbi_na_llbi
worker_01_task_009,worker_01,case00,20260601,20260601,Sub20,0.02,100,900,Expected,FPP-Branch-Benders-LLBI-RootCuts,FPP-Branch-Benders,,expected,0.9,1.0,LLBI,true,false,false,true,false,,,,,8,300,0.001,1,results/batch/sub20_alpha001_002_fpp_exact_tl300/splits,results/batch/sub20_alpha001_002_fpp_exact_tl300/worker_01,results/batch/sub20_alpha001_002_fpp_exact_tl300/worker_01/batch_results_worker_01.csv,results/batch/sub20_alpha001_002_fpp_exact_tl300/worker_01/json/worker_01_task_009.json,results/batch/sub20_alpha001_002_fpp_exact_tl300/worker_01/solutions,sub20_case00_alpha002_fpp_branch_benders_llbi_rootcuts_na_llbi
worker_01_task_010,worker_01,case00,20260601,20260601,Sub20,0.02,100,900,Expected,FPP-Branch-Benders-CoverageLLBI,FPP-Branch-Benders,,expected,0.9,1.0,CoverageLLBI,false,true,false,false,false,,,,,8,300,0.001,1,results/batch/sub20_alpha001_002_fpp_exact_tl300/splits,results/batch/sub20_alpha001_002_fpp_exact_tl300/worker_01,results/batch/sub20_alpha001_002_fpp_exact_tl300/worker_01/batch_results_worker_01.csv,results/batch/sub20_alpha001_002_fpp_exact_tl300/worker_01/json/worker_01_task_010.json,results/batch/sub20_alpha001_002_fpp_exact_tl300/worker_01/solutions,sub20_case00_alpha002_fpp_branch_benders_coveragellbi_na_coveragellbi
worker_01_task_011,worker_01,case00,20260601,20260601,Sub20,0.02,100,900,Expected,FPP-Branch-Benders-CoverageLLBI-RootCuts,FPP-Branch-Benders,,expected,0.9,1.0,CoverageLLBI,false,true,false,true,false,,,,,8,300,0.001,1,results/batch/sub20_alpha001_002_fpp_exact_tl300/splits,results/batch/sub20_alpha001_002_fpp_exact_tl300/worker_01,results/batch/sub20_alpha001_002_fpp_exact_tl300/worker_01/batch_results_worker_01.csv,results/batch/sub20_alpha001_002_fpp_exact_tl300/worker_01/json/worker_01_task_011.json,results/batch/sub20_alpha001_002_fpp_exact_tl300/worker_01/solutions,sub20_case00_alpha002_fpp_branch_benders_coveragellbi_rootcuts_na_coveragellbi
worker_01_task_012,worker_01,case00,20260601,20260601,Sub20,0.02,100,900,Expected,FPP-Branch-Benders-PathLLBI,FPP-Branch-Benders,,expected,0.9,1.0,PathLLBI,false,false,true,false,false,,,,,8,300,0.001,1,results/batch/sub20_alpha001_002_fpp_exact_tl300/splits,results/batch/sub20_alpha001_002_fpp_exact_tl300/worker_01,results/batch/sub20_alpha001_002_fpp_exact_tl300/worker_01/batch_results_worker_01.csv,results/batch/sub20_alpha001_002_fpp_exact_tl300/worker_01/json/worker_01_task_012.json,results/batch/sub20_alpha001_002_fpp_exact_tl300/worker_01/solutions,sub20_case00_alpha002_fpp_branch_benders_pathllbi_na_pathllbi
worker_01_task_013,worker_01,case00,20260601,20260601,Sub20,0.02,100,900,Expected,FPP-Branch-Benders-PathLLBI-RootCuts,FPP-Branch-Benders,,expected,0.9,1.0,PathLLBI,false,false,true,true,false,,,,,8,300,0.001,1,results/batch/sub20_alpha001_002_fpp_exact_tl300/splits,results/batch/sub20_alpha001_002_fpp_exact_tl300/worker_01,results/batch/sub20_alpha001_002_fpp_exact_tl300/worker_01/batch_results_worker_01.csv,results/batch/sub20_alpha001_002_fpp_exact_tl300/worker_01/json/worker_01_task_013.json,results/batch/sub20_alpha001_002_fpp_exact_tl300/worker_01/solutions,sub20_case00_alpha002_fpp_branch_benders_pathllbi_rootcuts_na_pathllbi
worker_01_task_014,worker_01,case00,20260601,20260601,Sub20,0.02,100,900,Expected,FPP-Branch-Benders-CoverageLLBI-PathLLBI,FPP-Branch-Benders,,expected,0.9,1.0,CoverageLLBI+PathLLBI,false,true,true,false,false,,,,,8,300,0.001,1,results/batch/sub20_alpha001_002_fpp_exact_tl300/splits,results/batch/sub20_alpha001_002_fpp_exact_tl300/worker_01,results/batch/sub20_alpha001_002_fpp_exact_tl300/worker_01/batch_results_worker_01.csv,results/batch/sub20_alpha001_002_fpp_exact_tl300/worker_01/json/worker_01_task_014.json,results/batch/sub20_alpha001_002_fpp_exact_tl300/worker_01/solutions,sub20_case00_alpha002_fpp_branch_benders_coveragellbi_pathllbi_na_coveragellbi_pathllbi
worker_01_task_015,worker_01,case00,20260601,20260601,Sub20,0.02,100,900,Expected,FPP-Branch-Benders-CoverageLLBI-PathLLBI-RootCuts,FPP-Branch-Benders,,expected,0.9,1.0,CoverageLLBI+PathLLBI,false,true,true,true,false,,,,,8,300,0.001,1,results/batch/sub20_alpha001_002_fpp_exact_tl300/splits,results/batch/sub20_alpha001_002_fpp_exact_tl300/worker_01,results/batch/sub20_alpha001_002_fpp_exact_tl300/worker_01/batch_results_worker_01.csv,results/batch/sub20_alpha001_002_fpp_exact_tl300/worker_01/json/worker_01_task_015.json,results/batch/sub20_alpha001_002_fpp_exact_tl300/worker_01/solutions,sub20_case00_alpha002_fpp_branch_benders_coveragellbi_pathllbi_rootcuts_na_coveragellbi_pathllbi
worker_01_task_016,worker_01,case00,20260601,20260601,Sub20,0.02,100,900,Expected,FPP-Branch-Benders-LLBI-CoverageLLBI-PathLLBI,FPP-Branch-Benders,,expected,0.9,1.0,LLBI+CoverageLLBI+PathLLBI,true,true,true,false,false,,,,,8,300,0.001,1,results/batch/sub20_alpha001_002_fpp_exact_tl300/splits,results/batch/sub20_alpha001_002_fpp_exact_tl300/worker_01,results/batch/sub20_alpha001_002_fpp_exact_tl300/worker_01/batch_results_worker_01.csv,results/batch/sub20_alpha001_002_fpp_exact_tl300/worker_01/json/worker_01_task_016.json,results/batch/sub20_alpha001_002_fpp_exact_tl300/worker_01/solutions,sub20_case00_alpha002_fpp_branch_benders_llbi_coveragellbi_pathllbi_na_llbi_coveragellbi_pathllbi
worker_01_task_017,worker_01,case00,20260601,20260601,Sub20,0.02,100,900,Expected,FPP-Branch-Benders-LLBI-CoverageLLBI-PathLLBI-RootCuts,FPP-Branch-Benders,,expected,0.9,1.0,LLBI+CoverageLLBI+PathLLBI,true,true,true,true,false,,,,,8,300,0.001,1,results/batch/sub20_alpha001_002_fpp_exact_tl300/splits,results/batch/sub20_alpha001_002_fpp_exact_tl300/worker_01,results/batch/sub20_alpha001_002_fpp_exact_tl300/worker_01/batch_results_worker_01.csv,results/batch/sub20_alpha001_002_fpp_exact_tl300/worker_01/json/worker_01_task_017.json,results/batch/sub20_alpha001_002_fpp_exact_tl300/worker_01/solutions,sub20_case00_alpha002_fpp_branch_benders_llbi_coveragellbi_pathllbi_rootcuts_na_llbi_coveragellbi_pathllbi
worker_01_task_018,worker_01,case00,20260601,20260601,Sub20,0.02,100,900,CVaR,FPP-Branch-Benders-CVaR,FPP-Branch-Benders,,cvar,0.9,1.0,None,false,false,false,false,false,,,,,8,300,0.001,1,results/batch/sub20_alpha001_002_fpp_exact_tl300/splits,results/batch/sub20_alpha001_002_fpp_exact_tl300/worker_01,results/batch/sub20_alpha001_002_fpp_exact_tl300/worker_01/batch_results_worker_01.csv,results/batch/sub20_alpha001_002_fpp_exact_tl300/worker_01/json/worker_01_task_018.json,results/batch/sub20_alpha001_002_fpp_exact_tl300/worker_01/solutions,sub20_case00_alpha002_fpp_branch_benders_cvar_na_none
worker_01_task_019,worker_01,case00,20260601,20260601,Sub20,0.02,100,900,CVaR,FPP-Branch-Benders-CVaR-RootCuts,FPP-Branch-Benders,,cvar,0.9,1.0,None,false,false,false,true,false,,,,,8,300,0.001,1,results/batch/sub20_alpha001_002_fpp_exact_tl300/splits,results/batch/sub20_alpha001_002_fpp_exact_tl300/worker_01,results/batch/sub20_alpha001_002_fpp_exact_tl300/worker_01/batch_results_worker_01.csv,results/batch/sub20_alpha001_002_fpp_exact_tl300/worker_01/json/worker_01_task_019.json,results/batch/sub20_alpha001_002_fpp_exact_tl300/worker_01/solutions,sub20_case00_alpha002_fpp_branch_benders_cvar_rootcuts_na_none
worker_01_task_020,worker_01,case00,20260601,20260601,Sub20,0.02,100,900,CVaR,FPP-Branch-Benders-CVaR-LLBI,FPP-Branch-Benders,,cvar,0.9,1.0,LLBI,true,false,false,false,false,,,,,8,300,0.001,1,results/batch/sub20_alpha001_002_fpp_exact_tl300/splits,results/batch/sub20_alpha001_002_fpp_exact_tl300/worker_01,results/batch/sub20_alpha001_002_fpp_exact_tl300/worker_01/batch_results_worker_01.csv,results/batch/sub20_alpha001_002_fpp_exact_tl300/worker_01/json/worker_01_task_020.json,results/batch/sub20_alpha001_002_fpp_exact_tl300/worker_01/solutions,sub20_case00_alpha002_fpp_branch_benders_cvar_llbi_na_llbi
worker_01_task_021,worker_01,case00,20260601,20260601,Sub20,0.02,100,900,CVaR,FPP-Branch-Benders-CVaR-LLBI-RootCuts,FPP-Branch-Benders,,cvar,0.9,1.0,LLBI,true,false,false,true,false,,,,,8,300,0.001,1,results/batch/sub20_alpha001_002_fpp_exact_tl300/splits,results/batch/sub20_alpha001_002_fpp_exact_tl300/worker_01,results/batch/sub20_alpha001_002_fpp_exact_tl300/worker_01/batch_results_worker_01.csv,results/batch/sub20_alpha001_002_fpp_exact_tl300/worker_01/json/worker_01_task_021.json,results/batch/sub20_alpha001_002_fpp_exact_tl300/worker_01/solutions,sub20_case00_alpha002_fpp_branch_benders_cvar_llbi_rootcuts_na_llbi
worker_01_task_022,worker_01,case00,20260601,20260601,Sub20,0.02,100,900,CVaR,FPP-Branch-Benders-CVaR-CoverageLLBI,FPP-Branch-Benders,,cvar,0.9,1.0,CoverageLLBI,false,true,false,false,false,,,,,8,300,0.001,1,results/batch/sub20_alpha001_002_fpp_exact_tl300/splits,results/batch/sub20_alpha001_002_fpp_exact_tl300/worker_01,results/batch/sub20_alpha001_002_fpp_exact_tl300/worker_01/batch_results_worker_01.csv,results/batch/sub20_alpha001_002_fpp_exact_tl300/worker_01/json/worker_01_task_022.json,results/batch/sub20_alpha001_002_fpp_exact_tl300/worker_01/solutions,sub20_case00_alpha002_fpp_branch_benders_cvar_coveragellbi_na_coveragellbi
worker_01_task_023,worker_01,case00,20260601,20260601,Sub20,0.02,100,900,CVaR,FPP-Branch-Benders-CVaR-CoverageLLBI-RootCuts,FPP-Branch-Benders,,cvar,0.9,1.0,CoverageLLBI,false,true,false,true,false,,,,,8,300,0.001,1,results/batch/sub20_alpha001_002_fpp_exact_tl300/splits,results/batch/sub20_alpha001_002_fpp_exact_tl300/worker_01,results/batch/sub20_alpha001_002_fpp_exact_tl300/worker_01/batch_results_worker_01.csv,results/batch/sub20_alpha001_002_fpp_exact_tl300/worker_01/json/worker_01_task_023.json,results/batch/sub20_alpha001_002_fpp_exact_tl300/worker_01/solutions,sub20_case00_alpha002_fpp_branch_benders_cvar_coveragellbi_rootcuts_na_coveragellbi
worker_01_task_024,worker_01,case00,20260601,20260601,Sub20,0.02,100,900,CVaR,FPP-Branch-Benders-CVaR-PathLLBI,FPP-Branch-Benders,,cvar,0.9,1.0,PathLLBI,false,false,true,false,false,,,,,8,300,0.001,1,results/batch/sub20_alpha001_002_fpp_exact_tl300/splits,results/batch/sub20_alpha001_002_fpp_exact_tl300/worker_01,results/batch/sub20_alpha001_002_fpp_exact_tl300/worker_01/batch_results_worker_01.csv,results/batch/sub20_alpha001_002_fpp_exact_tl300/worker_01/json/worker_01_task_024.json,results/batch/sub20_alpha001_002_fpp_exact_tl300/worker_01/solutions,sub20_case00_alpha002_fpp_branch_benders_cvar_pathllbi_na_pathllbi
worker_01_task_025,worker_01,case00,20260601,20260601,Sub20,0.02,100,900,CVaR,FPP-Branch-Benders-CVaR-PathLLBI-RootCuts,FPP-Branch-Benders,,cvar,0.9,1.0,PathLLBI,false,false,true,true,false,,,,,8,300,0.001,1,results/batch/sub20_alpha001_002_fpp_exact_tl300/splits,results/batch/sub20_alpha001_002_fpp_exact_tl300/worker_01,results/batch/sub20_alpha001_002_fpp_exact_tl300/worker_01/batch_results_worker_01.csv,results/batch/sub20_alpha001_002_fpp_exact_tl300/worker_01/json/worker_01_task_025.json,results/batch/sub20_alpha001_002_fpp_exact_tl300/worker_01/solutions,sub20_case00_alpha002_fpp_branch_benders_cvar_pathllbi_rootcuts_na_pathllbi
worker_01_task_026,worker_01,case00,20260601,20260601,Sub20,0.02,100,900,CVaR,FPP-Branch-Benders-CVaR-CoverageLLBI-PathLLBI,FPP-Branch-Benders,,cvar,0.9,1.0,CoverageLLBI+PathLLBI,false,true,true,false,false,,,,,8,300,0.001,1,results/batch/sub20_alpha001_002_fpp_exact_tl300/splits,results/batch/sub20_alpha001_002_fpp_exact_tl300/worker_01,results/batch/sub20_alpha001_002_fpp_exact_tl300/worker_01/batch_results_worker_01.csv,results/batch/sub20_alpha001_002_fpp_exact_tl300/worker_01/json/worker_01_task_026.json,results/batch/sub20_alpha001_002_fpp_exact_tl300/worker_01/solutions,sub20_case00_alpha002_fpp_branch_benders_cvar_coveragellbi_pathllbi_na_coveragellbi_pathllbi
worker_01_task_027,worker_01,case00,20260601,20260601,Sub20,0.02,100,900,CVaR,FPP-Branch-Benders-CVaR-CoverageLLBI-PathLLBI-RootCuts,FPP-Branch-Benders,,cvar,0.9,1.0,CoverageLLBI+PathLLBI,false,true,true,true,false,,,,,8,300,0.001,1,results/batch/sub20_alpha001_002_fpp_exact_tl300/splits,results/batch/sub20_alpha001_002_fpp_exact_tl300/worker_01,results/batch/sub20_alpha001_002_fpp_exact_tl300/worker_01/batch_results_worker_01.csv,results/batch/sub20_alpha001_002_fpp_exact_tl300/worker_01/json/worker_01_task_027.json,results/batch/sub20_alpha001_002_fpp_exact_tl300/worker_01/solutions,sub20_case00_alpha002_fpp_branch_benders_cvar_coveragellbi_pathllbi_rootcuts_na_coveragellbi_pathllbi
worker_01_task_028,worker_01,case00,20260601,20260601,Sub20,0.02,100,900,CVaR,FPP-Branch-Benders-CVaR-LLBI-CoverageLLBI-PathLLBI,FPP-Branch-Benders,,cvar,0.9,1.0,LLBI+CoverageLLBI+PathLLBI,true,true,true,false,false,,,,,8,300,0.001,1,results/batch/sub20_alpha001_002_fpp_exact_tl300/splits,results/batch/sub20_alpha001_002_fpp_exact_tl300/worker_01,results/batch/sub20_alpha001_002_fpp_exact_tl300/worker_01/batch_results_worker_01.csv,results/batch/sub20_alpha001_002_fpp_exact_tl300/worker_01/json/worker_01_task_028.json,results/batch/sub20_alpha001_002_fpp_exact_tl300/worker_01/solutions,sub20_case00_alpha002_fpp_branch_benders_cvar_llbi_coveragellbi_pathllbi_na_llbi_coveragellbi_pathllbi
worker_01_task_029,worker_01,case00,20260601,20260601,Sub20,0.02,100,900,CVaR,FPP-Branch-Benders-CVaR-LLBI-CoverageLLBI-PathLLBI-RootCuts,FPP-Branch-Benders,,cvar,0.9,1.0,LLBI+CoverageLLBI+PathLLBI,true,true,true,true,false,,,,,8,300,0.001,1,results/batch/sub20_alpha001_002_fpp_exact_tl300/splits,results/batch/sub20_alpha001_002_fpp_exact_tl300/worker_01,results/batch/sub20_alpha001_002_fpp_exact_tl300/worker_01/batch_results_worker_01.csv,results/batch/sub20_alpha001_002_fpp_exact_tl300/worker_01/json/worker_01_task_029.json,results/batch/sub20_alpha001_002_fpp_exact_tl300/worker_01/solutions,sub20_case00_alpha002_fpp_branch_benders_cvar_llbi_coveragellbi_pathllbi_rootcuts_na_llbi_coveragellbi_pathllbi
worker_01_task_030,worker_01,case00,20260601,20260601,Sub20,0.02,100,900,MeanCVaR,FPP-Branch-Benders-MeanCVaR,FPP-Branch-Benders,,mean-cvar,0.9,0.5,None,false,false,false,false,false,,,,,8,300,0.001,1,results/batch/sub20_alpha001_002_fpp_exact_tl300/splits,results/batch/sub20_alpha001_002_fpp_exact_tl300/worker_01,results/batch/sub20_alpha001_002_fpp_exact_tl300/worker_01/batch_results_worker_01.csv,results/batch/sub20_alpha001_002_fpp_exact_tl300/worker_01/json/worker_01_task_030.json,results/batch/sub20_alpha001_002_fpp_exact_tl300/worker_01/solutions,sub20_case00_alpha002_fpp_branch_benders_meancvar_na_none
worker_01_task_031,worker_01,case00,20260601,20260601,Sub20,0.02,100,900,MeanCVaR,FPP-Branch-Benders-MeanCVaR-RootCuts,FPP-Branch-Benders,,mean-cvar,0.9,0.5,None,false,false,false,true,false,,,,,8,300,0.001,1,results/batch/sub20_alpha001_002_fpp_exact_tl300/splits,results/batch/sub20_alpha001_002_fpp_exact_tl300/worker_01,results/batch/sub20_alpha001_002_fpp_exact_tl300/worker_01/batch_results_worker_01.csv,results/batch/sub20_alpha001_002_fpp_exact_tl300/worker_01/json/worker_01_task_031.json,results/batch/sub20_alpha001_002_fpp_exact_tl300/worker_01/solutions,sub20_case00_alpha002_fpp_branch_benders_meancvar_rootcuts_na_none
worker_01_task_032,worker_01,case00,20260601,20260601,Sub20,0.02,100,900,MeanCVaR,FPP-Branch-Benders-MeanCVaR-LLBI,FPP-Branch-Benders,,mean-cvar,0.9,0.5,LLBI,true,false,false,false,false,,,,,8,300,0.001,1,results/batch/sub20_alpha001_002_fpp_exact_tl300/splits,results/batch/sub20_alpha001_002_fpp_exact_tl300/worker_01,results/batch/sub20_alpha001_002_fpp_exact_tl300/worker_01/batch_results_worker_01.csv,results/batch/sub20_alpha001_002_fpp_exact_tl300/worker_01/json/worker_01_task_032.json,results/batch/sub20_alpha001_002_fpp_exact_tl300/worker_01/solutions,sub20_case00_alpha002_fpp_branch_benders_meancvar_llbi_na_llbi
worker_01_task_033,worker_01,case00,20260601,20260601,Sub20,0.02,100,900,MeanCVaR,FPP-Branch-Benders-MeanCVaR-LLBI-RootCuts,FPP-Branch-Benders,,mean-cvar,0.9,0.5,LLBI,true,false,false,true,false,,,,,8,300,0.001,1,results/batch/sub20_alpha001_002_fpp_exact_tl300/splits,results/batch/sub20_alpha001_002_fpp_exact_tl300/worker_01,results/batch/sub20_alpha001_002_fpp_exact_tl300/worker_01/batch_results_worker_01.csv,results/batch/sub20_alpha001_002_fpp_exact_tl300/worker_01/json/worker_01_task_033.json,results/batch/sub20_alpha001_002_fpp_exact_tl300/worker_01/solutions,sub20_case00_alpha002_fpp_branch_benders_meancvar_llbi_rootcuts_na_llbi
worker_01_task_034,worker_01,case00,20260601,20260601,Sub20,0.02,100,900,MeanCVaR,FPP-Branch-Benders-MeanCVaR-CoverageLLBI,FPP-Branch-Benders,,mean-cvar,0.9,0.5,CoverageLLBI,false,true,false,false,false,,,,,8,300,0.001,1,results/batch/sub20_alpha001_002_fpp_exact_tl300/splits,results/batch/sub20_alpha001_002_fpp_exact_tl300/worker_01,results/batch/sub20_alpha001_002_fpp_exact_tl300/worker_01/batch_results_worker_01.csv,results/batch/sub20_alpha001_002_fpp_exact_tl300/worker_01/json/worker_01_task_034.json,results/batch/sub20_alpha001_002_fpp_exact_tl300/worker_01/solutions,sub20_case00_alpha002_fpp_branch_benders_meancvar_coveragellbi_na_coveragellbi
worker_01_task_035,worker_01,case00,20260601,20260601,Sub20,0.02,100,900,MeanCVaR,FPP-Branch-Benders-MeanCVaR-CoverageLLBI-RootCuts,FPP-Branch-Benders,,mean-cvar,0.9,0.5,CoverageLLBI,false,true,false,true,false,,,,,8,300,0.001,1,results/batch/sub20_alpha001_002_fpp_exact_tl300/splits,results/batch/sub20_alpha001_002_fpp_exact_tl300/worker_01,results/batch/sub20_alpha001_002_fpp_exact_tl300/worker_01/batch_results_worker_01.csv,results/batch/sub20_alpha001_002_fpp_exact_tl300/worker_01/json/worker_01_task_035.json,results/batch/sub20_alpha001_002_fpp_exact_tl300/worker_01/solutions,sub20_case00_alpha002_fpp_branch_benders_meancvar_coveragellbi_rootcuts_na_coveragellbi
worker_01_task_036,worker_01,case00,20260601,20260601,Sub20,0.02,100,900,MeanCVaR,FPP-Branch-Benders-MeanCVaR-PathLLBI,FPP-Branch-Benders,,mean-cvar,0.9,0.5,PathLLBI,false,false,true,false,false,,,,,8,300,0.001,1,results/batch/sub20_alpha001_002_fpp_exact_tl300/splits,results/batch/sub20_alpha001_002_fpp_exact_tl300/worker_01,results/batch/sub20_alpha001_002_fpp_exact_tl300/worker_01/batch_results_worker_01.csv,results/batch/sub20_alpha001_002_fpp_exact_tl300/worker_01/json/worker_01_task_036.json,results/batch/sub20_alpha001_002_fpp_exact_tl300/worker_01/solutions,sub20_case00_alpha002_fpp_branch_benders_meancvar_pathllbi_na_pathllbi
worker_01_task_037,worker_01,case00,20260601,20260601,Sub20,0.02,100,900,MeanCVaR,FPP-Branch-Benders-MeanCVaR-PathLLBI-RootCuts,FPP-Branch-Benders,,mean-cvar,0.9,0.5,PathLLBI,false,false,true,true,false,,,,,8,300,0.001,1,results/batch/sub20_alpha001_002_fpp_exact_tl300/splits,results/batch/sub20_alpha001_002_fpp_exact_tl300/worker_01,results/batch/sub20_alpha001_002_fpp_exact_tl300/worker_01/batch_results_worker_01.csv,results/batch/sub20_alpha001_002_fpp_exact_tl300/worker_01/json/worker_01_task_037.json,results/batch/sub20_alpha001_002_fpp_exact_tl300/worker_01/solutions,sub20_case00_alpha002_fpp_branch_benders_meancvar_pathllbi_rootcuts_na_pathllbi
worker_01_task_038,worker_01,case00,20260601,20260601,Sub20,0.02,100,900,MeanCVaR,FPP-Branch-Benders-MeanCVaR-CoverageLLBI-PathLLBI,FPP-Branch-Benders,,mean-cvar,0.9,0.5,CoverageLLBI+PathLLBI,false,true,true,false,false,,,,,8,300,0.001,1,results/batch/sub20_alpha001_002_fpp_exact_tl300/splits,results/batch/sub20_alpha001_002_fpp_exact_tl300/worker_01,results/batch/sub20_alpha001_002_fpp_exact_tl300/worker_01/batch_results_worker_01.csv,results/batch/sub20_alpha001_002_fpp_exact_tl300/worker_01/json/worker_01_task_038.json,results/batch/sub20_alpha001_002_fpp_exact_tl300/worker_01/solutions,sub20_case00_alpha002_fpp_branch_benders_meancvar_coveragellbi_pathllbi_na_coveragellbi_pathllbi
worker_01_task_039,worker_01,case00,20260601,20260601,Sub20,0.02,100,900,MeanCVaR,FPP-Branch-Benders-MeanCVaR-CoverageLLBI-PathLLBI-RootCuts,FPP-Branch-Benders,,mean-cvar,0.9,0.5,CoverageLLBI+PathLLBI,false,true,true,true,false,,,,,8,300,0.001,1,results/batch/sub20_alpha001_002_fpp_exact_tl300/splits,results/batch/sub20_alpha001_002_fpp_exact_tl300/worker_01,results/batch/sub20_alpha001_002_fpp_exact_tl300/worker_01/batch_results_worker_01.csv,results/batch/sub20_alpha001_002_fpp_exact_tl300/worker_01/json/worker_01_task_039.json,results/batch/sub20_alpha001_002_fpp_exact_tl300/worker_01/solutions,sub20_case00_alpha002_fpp_branch_benders_meancvar_coveragellbi_pathllbi_rootcuts_na_coveragellbi_pathllbi
worker_01_task_040,worker_01,case00,20260601,20260601,Sub20,0.02,100,900,MeanCVaR,FPP-Branch-Benders-MeanCVaR-LLBI-CoverageLLBI-PathLLBI,FPP-Branch-Benders,,mean-cvar,0.9,0.5,LLBI+CoverageLLBI+PathLLBI,true,true,true,false,false,,,,,8,300,0.001,1,results/batch/sub20_alpha001_002_fpp_exact_tl300/splits,results/batch/sub20_alpha001_002_fpp_exact_tl300/worker_01,results/batch/sub20_alpha001_002_fpp_exact_tl300/worker_01/batch_results_worker_01.csv,results/batch/sub20_alpha001_002_fpp_exact_tl300/worker_01/json/worker_01_task_040.json,results/batch/sub20_alpha001_002_fpp_exact_tl300/worker_01/solutions,sub20_case00_alpha002_fpp_branch_benders_meancvar_llbi_coveragellbi_pathllbi_na_llbi_coveragellbi_pathllbi
worker_01_task_041,worker_01,case00,20260601,20260601,Sub20,0.02,100,900,MeanCVaR,FPP-Branch-Benders-MeanCVaR-LLBI-CoverageLLBI-PathLLBI-RootCuts,FPP-Branch-Benders,,mean-cvar,0.9,0.5,LLBI+CoverageLLBI+PathLLBI,true,true,true,true,false,,,,,8,300,0.001,1,results/batch/sub20_alpha001_002_fpp_exact_tl300/splits,results/batch/sub20_alpha001_002_fpp_exact_tl300/worker_01,results/batch/sub20_alpha001_002_fpp_exact_tl300/worker_01/batch_results_worker_01.csv,results/batch/sub20_alpha001_002_fpp_exact_tl300/worker_01/json/worker_01_task_041.json,results/batch/sub20_alpha001_002_fpp_exact_tl300/worker_01/solutions,sub20_case00_alpha002_fpp_branch_benders_meancvar_llbi_coveragellbi_pathllbi_rootcuts_na_llbi_coveragellbi_pathllbi
worker_01_task_042,worker_01,case00,20260601,20260601,Sub20,0.02,100,900,Expected,FPP-Branch-Benders-Combinatorial,FPP-Branch-Benders-Combinatorial,,expected,0.9,1.0,Combinatorial,false,false,false,false,true,heuristic,0.10,true,true,8,300,0.001,1,results/batch/sub20_alpha001_002_fpp_exact_tl300/splits,results/batch/sub20_alpha001_002_fpp_exact_tl300/worker_01,results/batch/sub20_alpha001_002_fpp_exact_tl300/worker_01/batch_results_worker_01.csv,results/batch/sub20_alpha001_002_fpp_exact_tl300/worker_01/json/worker_01_task_042.json,results/batch/sub20_alpha001_002_fpp_exact_tl300/worker_01/solutions,sub20_case00_alpha002_fpp_branch_benders_combinatorial_na_combinatorial
worker_01_task_043,worker_01,case00,20260601,20260601,Sub20,0.02,100,900,CVaR,FPP-Branch-Benders-Combinatorial-CVaR,FPP-Branch-Benders-Combinatorial,,cvar,0.9,1.0,Combinatorial,false,false,false,false,true,heuristic,0.10,true,true,8,300,0.001,1,results/batch/sub20_alpha001_002_fpp_exact_tl300/splits,results/batch/sub20_alpha001_002_fpp_exact_tl300/worker_01,results/batch/sub20_alpha001_002_fpp_exact_tl300/worker_01/batch_results_worker_01.csv,results/batch/sub20_alpha001_002_fpp_exact_tl300/worker_01/json/worker_01_task_043.json,results/batch/sub20_alpha001_002_fpp_exact_tl300/worker_01/solutions,sub20_case00_alpha002_fpp_branch_benders_combinatorial_cvar_na_combinatorial
worker_01_task_044,worker_01,case00,20260601,20260601,Sub20,0.02,100,900,MeanCVaR,FPP-Branch-Benders-Combinatorial-MeanCVaR,FPP-Branch-Benders-Combinatorial,,mean-cvar,0.9,0.5,Combinatorial,false,false,false,false,true,heuristic,0.10,true,true,8,300,0.001,1,results/batch/sub20_alpha001_002_fpp_exact_tl300/splits,results/batch/sub20_alpha001_002_fpp_exact_tl300/worker_01,results/batch/sub20_alpha001_002_fpp_exact_tl300/worker_01/batch_results_worker_01.csv,results/batch/sub20_alpha001_002_fpp_exact_tl300/worker_01/json/worker_01_task_044.json,results/batch/sub20_alpha001_002_fpp_exact_tl300/worker_01/solutions,sub20_case00_alpha002_fpp_branch_benders_combinatorial_meancvar_na_combinatorial
worker_02_task_000,worker_02,case01,20260601,20260602,Sub20,0.01,100,900,Expected,FPP-SAA,FPP-SAA,fpp_base,expected,0.9,1.0,None,false,false,false,false,false,,,,,8,300,0.001,1,results/batch/sub20_alpha001_002_fpp_exact_tl300/splits,results/batch/sub20_alpha001_002_fpp_exact_tl300/worker_02,results/batch/sub20_alpha001_002_fpp_exact_tl300/worker_02/batch_results_worker_02.csv,results/batch/sub20_alpha001_002_fpp_exact_tl300/worker_02/json/worker_02_task_000.json,results/batch/sub20_alpha001_002_fpp_exact_tl300/worker_02/solutions,sub20_case01_alpha001_fpp_saa_fpp_base_none
worker_02_task_001,worker_02,case01,20260601,20260602,Sub20,0.01,100,900,Expected,FPP-SAA,FPP-SAA,fpp_cut,expected,0.9,1.0,None,false,false,false,false,false,,,,,8,300,0.001,1,results/batch/sub20_alpha001_002_fpp_exact_tl300/splits,results/batch/sub20_alpha001_002_fpp_exact_tl300/worker_02,results/batch/sub20_alpha001_002_fpp_exact_tl300/worker_02/batch_results_worker_02.csv,results/batch/sub20_alpha001_002_fpp_exact_tl300/worker_02/json/worker_02_task_001.json,results/batch/sub20_alpha001_002_fpp_exact_tl300/worker_02/solutions,sub20_case01_alpha001_fpp_saa_fpp_cut_none
worker_02_task_002,worker_02,case01,20260601,20260602,Sub20,0.01,100,900,CVaR,FPP-SAA-CVaR,FPP-SAA,fpp_base,cvar,0.9,1.0,None,false,false,false,false,false,,,,,8,300,0.001,1,results/batch/sub20_alpha001_002_fpp_exact_tl300/splits,results/batch/sub20_alpha001_002_fpp_exact_tl300/worker_02,results/batch/sub20_alpha001_002_fpp_exact_tl300/worker_02/batch_results_worker_02.csv,results/batch/sub20_alpha001_002_fpp_exact_tl300/worker_02/json/worker_02_task_002.json,results/batch/sub20_alpha001_002_fpp_exact_tl300/worker_02/solutions,sub20_case01_alpha001_fpp_saa_cvar_fpp_base_none
worker_02_task_003,worker_02,case01,20260601,20260602,Sub20,0.01,100,900,CVaR,FPP-SAA-CVaR,FPP-SAA,fpp_cut,cvar,0.9,1.0,None,false,false,false,false,false,,,,,8,300,0.001,1,results/batch/sub20_alpha001_002_fpp_exact_tl300/splits,results/batch/sub20_alpha001_002_fpp_exact_tl300/worker_02,results/batch/sub20_alpha001_002_fpp_exact_tl300/worker_02/batch_results_worker_02.csv,results/batch/sub20_alpha001_002_fpp_exact_tl300/worker_02/json/worker_02_task_003.json,results/batch/sub20_alpha001_002_fpp_exact_tl300/worker_02/solutions,sub20_case01_alpha001_fpp_saa_cvar_fpp_cut_none
worker_02_task_004,worker_02,case01,20260601,20260602,Sub20,0.01,100,900,MeanCVaR,FPP-SAA-MeanCVaR,FPP-SAA,fpp_base,mean-cvar,0.9,0.5,None,false,false,false,false,false,,,,,8,300,0.001,1,results/batch/sub20_alpha001_002_fpp_exact_tl300/splits,results/batch/sub20_alpha001_002_fpp_exact_tl300/worker_02,results/batch/sub20_alpha001_002_fpp_exact_tl300/worker_02/batch_results_worker_02.csv,results/batch/sub20_alpha001_002_fpp_exact_tl300/worker_02/json/worker_02_task_004.json,results/batch/sub20_alpha001_002_fpp_exact_tl300/worker_02/solutions,sub20_case01_alpha001_fpp_saa_meancvar_fpp_base_none
worker_02_task_005,worker_02,case01,20260601,20260602,Sub20,0.01,100,900,MeanCVaR,FPP-SAA-MeanCVaR,FPP-SAA,fpp_cut,mean-cvar,0.9,0.5,None,false,false,false,false,false,,,,,8,300,0.001,1,results/batch/sub20_alpha001_002_fpp_exact_tl300/splits,results/batch/sub20_alpha001_002_fpp_exact_tl300/worker_02,results/batch/sub20_alpha001_002_fpp_exact_tl300/worker_02/batch_results_worker_02.csv,results/batch/sub20_alpha001_002_fpp_exact_tl300/worker_02/json/worker_02_task_005.json,results/batch/sub20_alpha001_002_fpp_exact_tl300/worker_02/solutions,sub20_case01_alpha001_fpp_saa_meancvar_fpp_cut_none
worker_02_task_006,worker_02,case01,20260601,20260602,Sub20,0.01,100,900,Expected,FPP-Branch-Benders,FPP-Branch-Benders,,expected,0.9,1.0,None,false,false,false,false,false,,,,,8,300,0.001,1,results/batch/sub20_alpha001_002_fpp_exact_tl300/splits,results/batch/sub20_alpha001_002_fpp_exact_tl300/worker_02,results/batch/sub20_alpha001_002_fpp_exact_tl300/worker_02/batch_results_worker_02.csv,results/batch/sub20_alpha001_002_fpp_exact_tl300/worker_02/json/worker_02_task_006.json,results/batch/sub20_alpha001_002_fpp_exact_tl300/worker_02/solutions,sub20_case01_alpha001_fpp_branch_benders_na_none
worker_02_task_007,worker_02,case01,20260601,20260602,Sub20,0.01,100,900,Expected,FPP-Branch-Benders-RootCuts,FPP-Branch-Benders,,expected,0.9,1.0,None,false,false,false,true,false,,,,,8,300,0.001,1,results/batch/sub20_alpha001_002_fpp_exact_tl300/splits,results/batch/sub20_alpha001_002_fpp_exact_tl300/worker_02,results/batch/sub20_alpha001_002_fpp_exact_tl300/worker_02/batch_results_worker_02.csv,results/batch/sub20_alpha001_002_fpp_exact_tl300/worker_02/json/worker_02_task_007.json,results/batch/sub20_alpha001_002_fpp_exact_tl300/worker_02/solutions,sub20_case01_alpha001_fpp_branch_benders_rootcuts_na_none
worker_02_task_008,worker_02,case01,20260601,20260602,Sub20,0.01,100,900,Expected,FPP-Branch-Benders-LLBI,FPP-Branch-Benders,,expected,0.9,1.0,LLBI,true,false,false,false,false,,,,,8,300,0.001,1,results/batch/sub20_alpha001_002_fpp_exact_tl300/splits,results/batch/sub20_alpha001_002_fpp_exact_tl300/worker_02,results/batch/sub20_alpha001_002_fpp_exact_tl300/worker_02/batch_results_worker_02.csv,results/batch/sub20_alpha001_002_fpp_exact_tl300/worker_02/json/worker_02_task_008.json,results/batch/sub20_alpha001_002_fpp_exact_tl300/worker_02/solutions,sub20_case01_alpha001_fpp_branch_benders_llbi_na_llbi
worker_02_task_009,worker_02,case01,20260601,20260602,Sub20,0.01,100,900,Expected,FPP-Branch-Benders-LLBI-RootCuts,FPP-Branch-Benders,,expected,0.9,1.0,LLBI,true,false,false,true,false,,,,,8,300,0.001,1,results/batch/sub20_alpha001_002_fpp_exact_tl300/splits,results/batch/sub20_alpha001_002_fpp_exact_tl300/worker_02,results/batch/sub20_alpha001_002_fpp_exact_tl300/worker_02/batch_results_worker_02.csv,results/batch/sub20_alpha001_002_fpp_exact_tl300/worker_02/json/worker_02_task_009.json,results/batch/sub20_alpha001_002_fpp_exact_tl300/worker_02/solutions,sub20_case01_alpha001_fpp_branch_benders_llbi_rootcuts_na_llbi
worker_02_task_010,worker_02,case01,20260601,20260602,Sub20,0.01,100,900,Expected,FPP-Branch-Benders-CoverageLLBI,FPP-Branch-Benders,,expected,0.9,1.0,CoverageLLBI,false,true,false,false,false,,,,,8,300,0.001,1,results/batch/sub20_alpha001_002_fpp_exact_tl300/splits,results/batch/sub20_alpha001_002_fpp_exact_tl300/worker_02,results/batch/sub20_alpha001_002_fpp_exact_tl300/worker_02/batch_results_worker_02.csv,results/batch/sub20_alpha001_002_fpp_exact_tl300/worker_02/json/worker_02_task_010.json,results/batch/sub20_alpha001_002_fpp_exact_tl300/worker_02/solutions,sub20_case01_alpha001_fpp_branch_benders_coveragellbi_na_coveragellbi
worker_02_task_011,worker_02,case01,20260601,20260602,Sub20,0.01,100,900,Expected,FPP-Branch-Benders-CoverageLLBI-RootCuts,FPP-Branch-Benders,,expected,0.9,1.0,CoverageLLBI,false,true,false,true,false,,,,,8,300,0.001,1,results/batch/sub20_alpha001_002_fpp_exact_tl300/splits,results/batch/sub20_alpha001_002_fpp_exact_tl300/worker_02,results/batch/sub20_alpha001_002_fpp_exact_tl300/worker_02/batch_results_worker_02.csv,results/batch/sub20_alpha001_002_fpp_exact_tl300/worker_02/json/worker_02_task_011.json,results/batch/sub20_alpha001_002_fpp_exact_tl300/worker_02/solutions,sub20_case01_alpha001_fpp_branch_benders_coveragellbi_rootcuts_na_coveragellbi
worker_02_task_012,worker_02,case01,20260601,20260602,Sub20,0.01,100,900,Expected,FPP-Branch-Benders-PathLLBI,FPP-Branch-Benders,,expected,0.9,1.0,PathLLBI,false,false,true,false,false,,,,,8,300,0.001,1,results/batch/sub20_alpha001_002_fpp_exact_tl300/splits,results/batch/sub20_alpha001_002_fpp_exact_tl300/worker_02,results/batch/sub20_alpha001_002_fpp_exact_tl300/worker_02/batch_results_worker_02.csv,results/batch/sub20_alpha001_002_fpp_exact_tl300/worker_02/json/worker_02_task_012.json,results/batch/sub20_alpha001_002_fpp_exact_tl300/worker_02/solutions,sub20_case01_alpha001_fpp_branch_benders_pathllbi_na_pathllbi
worker_02_task_013,worker_02,case01,20260601,20260602,Sub20,0.01,100,900,Expected,FPP-Branch-Benders-PathLLBI-RootCuts,FPP-Branch-Benders,,expected,0.9,1.0,PathLLBI,false,false,true,true,false,,,,,8,300,0.001,1,results/batch/sub20_alpha001_002_fpp_exact_tl300/splits,results/batch/sub20_alpha001_002_fpp_exact_tl300/worker_02,results/batch/sub20_alpha001_002_fpp_exact_tl300/worker_02/batch_results_worker_02.csv,results/batch/sub20_alpha001_002_fpp_exact_tl300/worker_02/json/worker_02_task_013.json,results/batch/sub20_alpha001_002_fpp_exact_tl300/worker_02/solutions,sub20_case01_alpha001_fpp_branch_benders_pathllbi_rootcuts_na_pathllbi
worker_02_task_014,worker_02,case01,20260601,20260602,Sub20,0.01,100,900,Expected,FPP-Branch-Benders-CoverageLLBI-PathLLBI,FPP-Branch-Benders,,expected,0.9,1.0,CoverageLLBI+PathLLBI,false,true,true,false,false,,,,,8,300,0.001,1,results/batch/sub20_alpha001_002_fpp_exact_tl300/splits,results/batch/sub20_alpha001_002_fpp_exact_tl300/worker_02,results/batch/sub20_alpha001_002_fpp_exact_tl300/worker_02/batch_results_worker_02.csv,results/batch/sub20_alpha001_002_fpp_exact_tl300/worker_02/json/worker_02_task_014.json,results/batch/sub20_alpha001_002_fpp_exact_tl300/worker_02/solutions,sub20_case01_alpha001_fpp_branch_benders_coveragellbi_pathllbi_na_coveragellbi_pathllbi
worker_02_task_015,worker_02,case01,20260601,20260602,Sub20,0.01,100,900,Expected,FPP-Branch-Benders-CoverageLLBI-PathLLBI-RootCuts,FPP-Branch-Benders,,expected,0.9,1.0,CoverageLLBI+PathLLBI,false,true,true,true,false,,,,,8,300,0.001,1,results/batch/sub20_alpha001_002_fpp_exact_tl300/splits,results/batch/sub20_alpha001_002_fpp_exact_tl300/worker_02,results/batch/sub20_alpha001_002_fpp_exact_tl300/worker_02/batch_results_worker_02.csv,results/batch/sub20_alpha001_002_fpp_exact_tl300/worker_02/json/worker_02_task_015.json,results/batch/sub20_alpha001_002_fpp_exact_tl300/worker_02/solutions,sub20_case01_alpha001_fpp_branch_benders_coveragellbi_pathllbi_rootcuts_na_coveragellbi_pathllbi
worker_02_task_016,worker_02,case01,20260601,20260602,Sub20,0.01,100,900,Expected,FPP-Branch-Benders-LLBI-CoverageLLBI-PathLLBI,FPP-Branch-Benders,,expected,0.9,1.0,LLBI+CoverageLLBI+PathLLBI,true,true,true,false,false,,,,,8,300,0.001,1,results/batch/sub20_alpha001_002_fpp_exact_tl300/splits,results/batch/sub20_alpha001_002_fpp_exact_tl300/worker_02,results/batch/sub20_alpha001_002_fpp_exact_tl300/worker_02/batch_results_worker_02.csv,results/batch/sub20_alpha001_002_fpp_exact_tl300/worker_02/json/worker_02_task_016.json,results/batch/sub20_alpha001_002_fpp_exact_tl300/worker_02/solutions,sub20_case01_alpha001_fpp_branch_benders_llbi_coveragellbi_pathllbi_na_llbi_coveragellbi_pathllbi
worker_02_task_017,worker_02,case01,20260601,20260602,Sub20,0.01,100,900,Expected,FPP-Branch-Benders-LLBI-CoverageLLBI-PathLLBI-RootCuts,FPP-Branch-Benders,,expected,0.9,1.0,LLBI+CoverageLLBI+PathLLBI,true,true,true,true,false,,,,,8,300,0.001,1,results/batch/sub20_alpha001_002_fpp_exact_tl300/splits,results/batch/sub20_alpha001_002_fpp_exact_tl300/worker_02,results/batch/sub20_alpha001_002_fpp_exact_tl300/worker_02/batch_results_worker_02.csv,results/batch/sub20_alpha001_002_fpp_exact_tl300/worker_02/json/worker_02_task_017.json,results/batch/sub20_alpha001_002_fpp_exact_tl300/worker_02/solutions,sub20_case01_alpha001_fpp_branch_benders_llbi_coveragellbi_pathllbi_rootcuts_na_llbi_coveragellbi_pathllbi
worker_02_task_018,worker_02,case01,20260601,20260602,Sub20,0.01,100,900,CVaR,FPP-Branch-Benders-CVaR,FPP-Branch-Benders,,cvar,0.9,1.0,None,false,false,false,false,false,,,,,8,300,0.001,1,results/batch/sub20_alpha001_002_fpp_exact_tl300/splits,results/batch/sub20_alpha001_002_fpp_exact_tl300/worker_02,results/batch/sub20_alpha001_002_fpp_exact_tl300/worker_02/batch_results_worker_02.csv,results/batch/sub20_alpha001_002_fpp_exact_tl300/worker_02/json/worker_02_task_018.json,results/batch/sub20_alpha001_002_fpp_exact_tl300/worker_02/solutions,sub20_case01_alpha001_fpp_branch_benders_cvar_na_none
worker_02_task_019,worker_02,case01,20260601,20260602,Sub20,0.01,100,900,CVaR,FPP-Branch-Benders-CVaR-RootCuts,FPP-Branch-Benders,,cvar,0.9,1.0,None,false,false,false,true,false,,,,,8,300,0.001,1,results/batch/sub20_alpha001_002_fpp_exact_tl300/splits,results/batch/sub20_alpha001_002_fpp_exact_tl300/worker_02,results/batch/sub20_alpha001_002_fpp_exact_tl300/worker_02/batch_results_worker_02.csv,results/batch/sub20_alpha001_002_fpp_exact_tl300/worker_02/json/worker_02_task_019.json,results/batch/sub20_alpha001_002_fpp_exact_tl300/worker_02/solutions,sub20_case01_alpha001_fpp_branch_benders_cvar_rootcuts_na_none
worker_02_task_020,worker_02,case01,20260601,20260602,Sub20,0.01,100,900,CVaR,FPP-Branch-Benders-CVaR-LLBI,FPP-Branch-Benders,,cvar,0.9,1.0,LLBI,true,false,false,false,false,,,,,8,300,0.001,1,results/batch/sub20_alpha001_002_fpp_exact_tl300/splits,results/batch/sub20_alpha001_002_fpp_exact_tl300/worker_02,results/batch/sub20_alpha001_002_fpp_exact_tl300/worker_02/batch_results_worker_02.csv,results/batch/sub20_alpha001_002_fpp_exact_tl300/worker_02/json/worker_02_task_020.json,results/batch/sub20_alpha001_002_fpp_exact_tl300/worker_02/solutions,sub20_case01_alpha001_fpp_branch_benders_cvar_llbi_na_llbi
worker_02_task_021,worker_02,case01,20260601,20260602,Sub20,0.01,100,900,CVaR,FPP-Branch-Benders-CVaR-LLBI-RootCuts,FPP-Branch-Benders,,cvar,0.9,1.0,LLBI,true,false,false,true,false,,,,,8,300,0.001,1,results/batch/sub20_alpha001_002_fpp_exact_tl300/splits,results/batch/sub20_alpha001_002_fpp_exact_tl300/worker_02,results/batch/sub20_alpha001_002_fpp_exact_tl300/worker_02/batch_results_worker_02.csv,results/batch/sub20_alpha001_002_fpp_exact_tl300/worker_02/json/worker_02_task_021.json,results/batch/sub20_alpha001_002_fpp_exact_tl300/worker_02/solutions,sub20_case01_alpha001_fpp_branch_benders_cvar_llbi_rootcuts_na_llbi
worker_02_task_022,worker_02,case01,20260601,20260602,Sub20,0.01,100,900,CVaR,FPP-Branch-Benders-CVaR-CoverageLLBI,FPP-Branch-Benders,,cvar,0.9,1.0,CoverageLLBI,false,true,false,false,false,,,,,8,300,0.001,1,results/batch/sub20_alpha001_002_fpp_exact_tl300/splits,results/batch/sub20_alpha001_002_fpp_exact_tl300/worker_02,results/batch/sub20_alpha001_002_fpp_exact_tl300/worker_02/batch_results_worker_02.csv,results/batch/sub20_alpha001_002_fpp_exact_tl300/worker_02/json/worker_02_task_022.json,results/batch/sub20_alpha001_002_fpp_exact_tl300/worker_02/solutions,sub20_case01_alpha001_fpp_branch_benders_cvar_coveragellbi_na_coveragellbi
worker_02_task_023,worker_02,case01,20260601,20260602,Sub20,0.01,100,900,CVaR,FPP-Branch-Benders-CVaR-CoverageLLBI-RootCuts,FPP-Branch-Benders,,cvar,0.9,1.0,CoverageLLBI,false,true,false,true,false,,,,,8,300,0.001,1,results/batch/sub20_alpha001_002_fpp_exact_tl300/splits,results/batch/sub20_alpha001_002_fpp_exact_tl300/worker_02,results/batch/sub20_alpha001_002_fpp_exact_tl300/worker_02/batch_results_worker_02.csv,results/batch/sub20_alpha001_002_fpp_exact_tl300/worker_02/json/worker_02_task_023.json,results/batch/sub20_alpha001_002_fpp_exact_tl300/worker_02/solutions,sub20_case01_alpha001_fpp_branch_benders_cvar_coveragellbi_rootcuts_na_coveragellbi
worker_02_task_024,worker_02,case01,20260601,20260602,Sub20,0.01,100,900,CVaR,FPP-Branch-Benders-CVaR-PathLLBI,FPP-Branch-Benders,,cvar,0.9,1.0,PathLLBI,false,false,true,false,false,,,,,8,300,0.001,1,results/batch/sub20_alpha001_002_fpp_exact_tl300/splits,results/batch/sub20_alpha001_002_fpp_exact_tl300/worker_02,results/batch/sub20_alpha001_002_fpp_exact_tl300/worker_02/batch_results_worker_02.csv,results/batch/sub20_alpha001_002_fpp_exact_tl300/worker_02/json/worker_02_task_024.json,results/batch/sub20_alpha001_002_fpp_exact_tl300/worker_02/solutions,sub20_case01_alpha001_fpp_branch_benders_cvar_pathllbi_na_pathllbi
worker_02_task_025,worker_02,case01,20260601,20260602,Sub20,0.01,100,900,CVaR,FPP-Branch-Benders-CVaR-PathLLBI-RootCuts,FPP-Branch-Benders,,cvar,0.9,1.0,PathLLBI,false,false,true,true,false,,,,,8,300,0.001,1,results/batch/sub20_alpha001_002_fpp_exact_tl300/splits,results/batch/sub20_alpha001_002_fpp_exact_tl300/worker_02,results/batch/sub20_alpha001_002_fpp_exact_tl300/worker_02/batch_results_worker_02.csv,results/batch/sub20_alpha001_002_fpp_exact_tl300/worker_02/json/worker_02_task_025.json,results/batch/sub20_alpha001_002_fpp_exact_tl300/worker_02/solutions,sub20_case01_alpha001_fpp_branch_benders_cvar_pathllbi_rootcuts_na_pathllbi
worker_02_task_026,worker_02,case01,20260601,20260602,Sub20,0.01,100,900,CVaR,FPP-Branch-Benders-CVaR-CoverageLLBI-PathLLBI,FPP-Branch-Benders,,cvar,0.9,1.0,CoverageLLBI+PathLLBI,false,true,true,false,false,,,,,8,300,0.001,1,results/batch/sub20_alpha001_002_fpp_exact_tl300/splits,results/batch/sub20_alpha001_002_fpp_exact_tl300/worker_02,results/batch/sub20_alpha001_002_fpp_exact_tl300/worker_02/batch_results_worker_02.csv,results/batch/sub20_alpha001_002_fpp_exact_tl300/worker_02/json/worker_02_task_026.json,results/batch/sub20_alpha001_002_fpp_exact_tl300/worker_02/solutions,sub20_case01_alpha001_fpp_branch_benders_cvar_coveragellbi_pathllbi_na_coveragellbi_pathllbi
worker_02_task_027,worker_02,case01,20260601,20260602,Sub20,0.01,100,900,CVaR,FPP-Branch-Benders-CVaR-CoverageLLBI-PathLLBI-RootCuts,FPP-Branch-Benders,,cvar,0.9,1.0,CoverageLLBI+PathLLBI,false,true,true,true,false,,,,,8,300,0.001,1,results/batch/sub20_alpha001_002_fpp_exact_tl300/splits,results/batch/sub20_alpha001_002_fpp_exact_tl300/worker_02,results/batch/sub20_alpha001_002_fpp_exact_tl300/worker_02/batch_results_worker_02.csv,results/batch/sub20_alpha001_002_fpp_exact_tl300/worker_02/json/worker_02_task_027.json,results/batch/sub20_alpha001_002_fpp_exact_tl300/worker_02/solutions,sub20_case01_alpha001_fpp_branch_benders_cvar_coveragellbi_pathllbi_rootcuts_na_coveragellbi_pathllbi
worker_02_task_028,worker_02,case01,20260601,20260602,Sub20,0.01,100,900,CVaR,FPP-Branch-Benders-CVaR-LLBI-CoverageLLBI-PathLLBI,FPP-Branch-Benders,,cvar,0.9,1.0,LLBI+CoverageLLBI+PathLLBI,true,true,true,false,false,,,,,8,300,0.001,1,results/batch/sub20_alpha001_002_fpp_exact_tl300/splits,results/batch/sub20_alpha001_002_fpp_exact_tl300/worker_02,results/batch/sub20_alpha001_002_fpp_exact_tl300/worker_02/batch_results_worker_02.csv,results/batch/sub20_alpha001_002_fpp_exact_tl300/worker_02/json/worker_02_task_028.json,results/batch/sub20_alpha001_002_fpp_exact_tl300/worker_02/solutions,sub20_case01_alpha001_fpp_branch_benders_cvar_llbi_coveragellbi_pathllbi_na_llbi_coveragellbi_pathllbi
worker_02_task_029,worker_02,case01,20260601,20260602,Sub20,0.01,100,900,CVaR,FPP-Branch-Benders-CVaR-LLBI-CoverageLLBI-PathLLBI-RootCuts,FPP-Branch-Benders,,cvar,0.9,1.0,LLBI+CoverageLLBI+PathLLBI,true,true,true,true,false,,,,,8,300,0.001,1,results/batch/sub20_alpha001_002_fpp_exact_tl300/splits,results/batch/sub20_alpha001_002_fpp_exact_tl300/worker_02,results/batch/sub20_alpha001_002_fpp_exact_tl300/worker_02/batch_results_worker_02.csv,results/batch/sub20_alpha001_002_fpp_exact_tl300/worker_02/json/worker_02_task_029.json,results/batch/sub20_alpha001_002_fpp_exact_tl300/worker_02/solutions,sub20_case01_alpha001_fpp_branch_benders_cvar_llbi_coveragellbi_pathllbi_rootcuts_na_llbi_coveragellbi_pathllbi
worker_02_task_030,worker_02,case01,20260601,20260602,Sub20,0.01,100,900,MeanCVaR,FPP-Branch-Benders-MeanCVaR,FPP-Branch-Benders,,mean-cvar,0.9,0.5,None,false,false,false,false,false,,,,,8,300,0.001,1,results/batch/sub20_alpha001_002_fpp_exact_tl300/splits,results/batch/sub20_alpha001_002_fpp_exact_tl300/worker_02,results/batch/sub20_alpha001_002_fpp_exact_tl300/worker_02/batch_results_worker_02.csv,results/batch/sub20_alpha001_002_fpp_exact_tl300/worker_02/json/worker_02_task_030.json,results/batch/sub20_alpha001_002_fpp_exact_tl300/worker_02/solutions,sub20_case01_alpha001_fpp_branch_benders_meancvar_na_none
worker_02_task_031,worker_02,case01,20260601,20260602,Sub20,0.01,100,900,MeanCVaR,FPP-Branch-Benders-MeanCVaR-RootCuts,FPP-Branch-Benders,,mean-cvar,0.9,0.5,None,false,false,false,true,false,,,,,8,300,0.001,1,results/batch/sub20_alpha001_002_fpp_exact_tl300/splits,results/batch/sub20_alpha001_002_fpp_exact_tl300/worker_02,results/batch/sub20_alpha001_002_fpp_exact_tl300/worker_02/batch_results_worker_02.csv,results/batch/sub20_alpha001_002_fpp_exact_tl300/worker_02/json/worker_02_task_031.json,results/batch/sub20_alpha001_002_fpp_exact_tl300/worker_02/solutions,sub20_case01_alpha001_fpp_branch_benders_meancvar_rootcuts_na_none
worker_02_task_032,worker_02,case01,20260601,20260602,Sub20,0.01,100,900,MeanCVaR,FPP-Branch-Benders-MeanCVaR-LLBI,FPP-Branch-Benders,,mean-cvar,0.9,0.5,LLBI,true,false,false,false,false,,,,,8,300,0.001,1,results/batch/sub20_alpha001_002_fpp_exact_tl300/splits,results/batch/sub20_alpha001_002_fpp_exact_tl300/worker_02,results/batch/sub20_alpha001_002_fpp_exact_tl300/worker_02/batch_results_worker_02.csv,results/batch/sub20_alpha001_002_fpp_exact_tl300/worker_02/json/worker_02_task_032.json,results/batch/sub20_alpha001_002_fpp_exact_tl300/worker_02/solutions,sub20_case01_alpha001_fpp_branch_benders_meancvar_llbi_na_llbi
worker_02_task_033,worker_02,case01,20260601,20260602,Sub20,0.01,100,900,MeanCVaR,FPP-Branch-Benders-MeanCVaR-LLBI-RootCuts,FPP-Branch-Benders,,mean-cvar,0.9,0.5,LLBI,true,false,false,true,false,,,,,8,300,0.001,1,results/batch/sub20_alpha001_002_fpp_exact_tl300/splits,results/batch/sub20_alpha001_002_fpp_exact_tl300/worker_02,results/batch/sub20_alpha001_002_fpp_exact_tl300/worker_02/batch_results_worker_02.csv,results/batch/sub20_alpha001_002_fpp_exact_tl300/worker_02/json/worker_02_task_033.json,results/batch/sub20_alpha001_002_fpp_exact_tl300/worker_02/solutions,sub20_case01_alpha001_fpp_branch_benders_meancvar_llbi_rootcuts_na_llbi
worker_02_task_034,worker_02,case01,20260601,20260602,Sub20,0.01,100,900,MeanCVaR,FPP-Branch-Benders-MeanCVaR-CoverageLLBI,FPP-Branch-Benders,,mean-cvar,0.9,0.5,CoverageLLBI,false,true,false,false,false,,,,,8,300,0.001,1,results/batch/sub20_alpha001_002_fpp_exact_tl300/splits,results/batch/sub20_alpha001_002_fpp_exact_tl300/worker_02,results/batch/sub20_alpha001_002_fpp_exact_tl300/worker_02/batch_results_worker_02.csv,results/batch/sub20_alpha001_002_fpp_exact_tl300/worker_02/json/worker_02_task_034.json,results/batch/sub20_alpha001_002_fpp_exact_tl300/worker_02/solutions,sub20_case01_alpha001_fpp_branch_benders_meancvar_coveragellbi_na_coveragellbi
worker_02_task_035,worker_02,case01,20260601,20260602,Sub20,0.01,100,900,MeanCVaR,FPP-Branch-Benders-MeanCVaR-CoverageLLBI-RootCuts,FPP-Branch-Benders,,mean-cvar,0.9,0.5,CoverageLLBI,false,true,false,true,false,,,,,8,300,0.001,1,results/batch/sub20_alpha001_002_fpp_exact_tl300/splits,results/batch/sub20_alpha001_002_fpp_exact_tl300/worker_02,results/batch/sub20_alpha001_002_fpp_exact_tl300/worker_02/batch_results_worker_02.csv,results/batch/sub20_alpha001_002_fpp_exact_tl300/worker_02/json/worker_02_task_035.json,results/batch/sub20_alpha001_002_fpp_exact_tl300/worker_02/solutions,sub20_case01_alpha001_fpp_branch_benders_meancvar_coveragellbi_rootcuts_na_coveragellbi
worker_02_task_036,worker_02,case01,20260601,20260602,Sub20,0.01,100,900,MeanCVaR,FPP-Branch-Benders-MeanCVaR-PathLLBI,FPP-Branch-Benders,,mean-cvar,0.9,0.5,PathLLBI,false,false,true,false,false,,,,,8,300,0.001,1,results/batch/sub20_alpha001_002_fpp_exact_tl300/splits,results/batch/sub20_alpha001_002_fpp_exact_tl300/worker_02,results/batch/sub20_alpha001_002_fpp_exact_tl300/worker_02/batch_results_worker_02.csv,results/batch/sub20_alpha001_002_fpp_exact_tl300/worker_02/json/worker_02_task_036.json,results/batch/sub20_alpha001_002_fpp_exact_tl300/worker_02/solutions,sub20_case01_alpha001_fpp_branch_benders_meancvar_pathllbi_na_pathllbi
worker_02_task_037,worker_02,case01,20260601,20260602,Sub20,0.01,100,900,MeanCVaR,FPP-Branch-Benders-MeanCVaR-PathLLBI-RootCuts,FPP-Branch-Benders,,mean-cvar,0.9,0.5,PathLLBI,false,false,true,true,false,,,,,8,300,0.001,1,results/batch/sub20_alpha001_002_fpp_exact_tl300/splits,results/batch/sub20_alpha001_002_fpp_exact_tl300/worker_02,results/batch/sub20_alpha001_002_fpp_exact_tl300/worker_02/batch_results_worker_02.csv,results/batch/sub20_alpha001_002_fpp_exact_tl300/worker_02/json/worker_02_task_037.json,results/batch/sub20_alpha001_002_fpp_exact_tl300/worker_02/solutions,sub20_case01_alpha001_fpp_branch_benders_meancvar_pathllbi_rootcuts_na_pathllbi
worker_02_task_038,worker_02,case01,20260601,20260602,Sub20,0.01,100,900,MeanCVaR,FPP-Branch-Benders-MeanCVaR-CoverageLLBI-PathLLBI,FPP-Branch-Benders,,mean-cvar,0.9,0.5,CoverageLLBI+PathLLBI,false,true,true,false,false,,,,,8,300,0.001,1,results/batch/sub20_alpha001_002_fpp_exact_tl300/splits,results/batch/sub20_alpha001_002_fpp_exact_tl300/worker_02,results/batch/sub20_alpha001_002_fpp_exact_tl300/worker_02/batch_results_worker_02.csv,results/batch/sub20_alpha001_002_fpp_exact_tl300/worker_02/json/worker_02_task_038.json,results/batch/sub20_alpha001_002_fpp_exact_tl300/worker_02/solutions,sub20_case01_alpha001_fpp_branch_benders_meancvar_coveragellbi_pathllbi_na_coveragellbi_pathllbi
worker_02_task_039,worker_02,case01,20260601,20260602,Sub20,0.01,100,900,MeanCVaR,FPP-Branch-Benders-MeanCVaR-CoverageLLBI-PathLLBI-RootCuts,FPP-Branch-Benders,,mean-cvar,0.9,0.5,CoverageLLBI+PathLLBI,false,true,true,true,false,,,,,8,300,0.001,1,results/batch/sub20_alpha001_002_fpp_exact_tl300/splits,results/batch/sub20_alpha001_002_fpp_exact_tl300/worker_02,results/batch/sub20_alpha001_002_fpp_exact_tl300/worker_02/batch_results_worker_02.csv,results/batch/sub20_alpha001_002_fpp_exact_tl300/worker_02/json/worker_02_task_039.json,results/batch/sub20_alpha001_002_fpp_exact_tl300/worker_02/solutions,sub20_case01_alpha001_fpp_branch_benders_meancvar_coveragellbi_pathllbi_rootcuts_na_coveragellbi_pathllbi
worker_02_task_040,worker_02,case01,20260601,20260602,Sub20,0.01,100,900,MeanCVaR,FPP-Branch-Benders-MeanCVaR-LLBI-CoverageLLBI-PathLLBI,FPP-Branch-Benders,,mean-cvar,0.9,0.5,LLBI+CoverageLLBI+PathLLBI,true,true,true,false,false,,,,,8,300,0.001,1,results/batch/sub20_alpha001_002_fpp_exact_tl300/splits,results/batch/sub20_alpha001_002_fpp_exact_tl300/worker_02,results/batch/sub20_alpha001_002_fpp_exact_tl300/worker_02/batch_results_worker_02.csv,results/batch/sub20_alpha001_002_fpp_exact_tl300/worker_02/json/worker_02_task_040.json,results/batch/sub20_alpha001_002_fpp_exact_tl300/worker_02/solutions,sub20_case01_alpha001_fpp_branch_benders_meancvar_llbi_coveragellbi_pathllbi_na_llbi_coveragellbi_pathllbi
worker_02_task_041,worker_02,case01,20260601,20260602,Sub20,0.01,100,900,MeanCVaR,FPP-Branch-Benders-MeanCVaR-LLBI-CoverageLLBI-PathLLBI-RootCuts,FPP-Branch-Benders,,mean-cvar,0.9,0.5,LLBI+CoverageLLBI+PathLLBI,true,true,true,true,false,,,,,8,300,0.001,1,results/batch/sub20_alpha001_002_fpp_exact_tl300/splits,results/batch/sub20_alpha001_002_fpp_exact_tl300/worker_02,results/batch/sub20_alpha001_002_fpp_exact_tl300/worker_02/batch_results_worker_02.csv,results/batch/sub20_alpha001_002_fpp_exact_tl300/worker_02/json/worker_02_task_041.json,results/batch/sub20_alpha001_002_fpp_exact_tl300/worker_02/solutions,sub20_case01_alpha001_fpp_branch_benders_meancvar_llbi_coveragellbi_pathllbi_rootcuts_na_llbi_coveragellbi_pathllbi
worker_02_task_042,worker_02,case01,20260601,20260602,Sub20,0.01,100,900,Expected,FPP-Branch-Benders-Combinatorial,FPP-Branch-Benders-Combinatorial,,expected,0.9,1.0,Combinatorial,false,false,false,false,true,heuristic,0.10,true,true,8,300,0.001,1,results/batch/sub20_alpha001_002_fpp_exact_tl300/splits,results/batch/sub20_alpha001_002_fpp_exact_tl300/worker_02,results/batch/sub20_alpha001_002_fpp_exact_tl300/worker_02/batch_results_worker_02.csv,results/batch/sub20_alpha001_002_fpp_exact_tl300/worker_02/json/worker_02_task_042.json,results/batch/sub20_alpha001_002_fpp_exact_tl300/worker_02/solutions,sub20_case01_alpha001_fpp_branch_benders_combinatorial_na_combinatorial
worker_02_task_043,worker_02,case01,20260601,20260602,Sub20,0.01,100,900,CVaR,FPP-Branch-Benders-Combinatorial-CVaR,FPP-Branch-Benders-Combinatorial,,cvar,0.9,1.0,Combinatorial,false,false,false,false,true,heuristic,0.10,true,true,8,300,0.001,1,results/batch/sub20_alpha001_002_fpp_exact_tl300/splits,results/batch/sub20_alpha001_002_fpp_exact_tl300/worker_02,results/batch/sub20_alpha001_002_fpp_exact_tl300/worker_02/batch_results_worker_02.csv,results/batch/sub20_alpha001_002_fpp_exact_tl300/worker_02/json/worker_02_task_043.json,results/batch/sub20_alpha001_002_fpp_exact_tl300/worker_02/solutions,sub20_case01_alpha001_fpp_branch_benders_combinatorial_cvar_na_combinatorial
worker_02_task_044,worker_02,case01,20260601,20260602,Sub20,0.01,100,900,MeanCVaR,FPP-Branch-Benders-Combinatorial-MeanCVaR,FPP-Branch-Benders-Combinatorial,,mean-cvar,0.9,0.5,Combinatorial,false,false,false,false,true,heuristic,0.10,true,true,8,300,0.001,1,results/batch/sub20_alpha001_002_fpp_exact_tl300/splits,results/batch/sub20_alpha001_002_fpp_exact_tl300/worker_02,results/batch/sub20_alpha001_002_fpp_exact_tl300/worker_02/batch_results_worker_02.csv,results/batch/sub20_alpha001_002_fpp_exact_tl300/worker_02/json/worker_02_task_044.json,results/batch/sub20_alpha001_002_fpp_exact_tl300/worker_02/solutions,sub20_case01_alpha001_fpp_branch_benders_combinatorial_meancvar_na_combinatorial
worker_03_task_000,worker_03,case01,20260601,20260602,Sub20,0.02,100,900,Expected,FPP-SAA,FPP-SAA,fpp_base,expected,0.9,1.0,None,false,false,false,false,false,,,,,8,300,0.001,1,results/batch/sub20_alpha001_002_fpp_exact_tl300/splits,results/batch/sub20_alpha001_002_fpp_exact_tl300/worker_03,results/batch/sub20_alpha001_002_fpp_exact_tl300/worker_03/batch_results_worker_03.csv,results/batch/sub20_alpha001_002_fpp_exact_tl300/worker_03/json/worker_03_task_000.json,results/batch/sub20_alpha001_002_fpp_exact_tl300/worker_03/solutions,sub20_case01_alpha002_fpp_saa_fpp_base_none
worker_03_task_001,worker_03,case01,20260601,20260602,Sub20,0.02,100,900,Expected,FPP-SAA,FPP-SAA,fpp_cut,expected,0.9,1.0,None,false,false,false,false,false,,,,,8,300,0.001,1,results/batch/sub20_alpha001_002_fpp_exact_tl300/splits,results/batch/sub20_alpha001_002_fpp_exact_tl300/worker_03,results/batch/sub20_alpha001_002_fpp_exact_tl300/worker_03/batch_results_worker_03.csv,results/batch/sub20_alpha001_002_fpp_exact_tl300/worker_03/json/worker_03_task_001.json,results/batch/sub20_alpha001_002_fpp_exact_tl300/worker_03/solutions,sub20_case01_alpha002_fpp_saa_fpp_cut_none
worker_03_task_002,worker_03,case01,20260601,20260602,Sub20,0.02,100,900,CVaR,FPP-SAA-CVaR,FPP-SAA,fpp_base,cvar,0.9,1.0,None,false,false,false,false,false,,,,,8,300,0.001,1,results/batch/sub20_alpha001_002_fpp_exact_tl300/splits,results/batch/sub20_alpha001_002_fpp_exact_tl300/worker_03,results/batch/sub20_alpha001_002_fpp_exact_tl300/worker_03/batch_results_worker_03.csv,results/batch/sub20_alpha001_002_fpp_exact_tl300/worker_03/json/worker_03_task_002.json,results/batch/sub20_alpha001_002_fpp_exact_tl300/worker_03/solutions,sub20_case01_alpha002_fpp_saa_cvar_fpp_base_none
worker_03_task_003,worker_03,case01,20260601,20260602,Sub20,0.02,100,900,CVaR,FPP-SAA-CVaR,FPP-SAA,fpp_cut,cvar,0.9,1.0,None,false,false,false,false,false,,,,,8,300,0.001,1,results/batch/sub20_alpha001_002_fpp_exact_tl300/splits,results/batch/sub20_alpha001_002_fpp_exact_tl300/worker_03,results/batch/sub20_alpha001_002_fpp_exact_tl300/worker_03/batch_results_worker_03.csv,results/batch/sub20_alpha001_002_fpp_exact_tl300/worker_03/json/worker_03_task_003.json,results/batch/sub20_alpha001_002_fpp_exact_tl300/worker_03/solutions,sub20_case01_alpha002_fpp_saa_cvar_fpp_cut_none
worker_03_task_004,worker_03,case01,20260601,20260602,Sub20,0.02,100,900,MeanCVaR,FPP-SAA-MeanCVaR,FPP-SAA,fpp_base,mean-cvar,0.9,0.5,None,false,false,false,false,false,,,,,8,300,0.001,1,results/batch/sub20_alpha001_002_fpp_exact_tl300/splits,results/batch/sub20_alpha001_002_fpp_exact_tl300/worker_03,results/batch/sub20_alpha001_002_fpp_exact_tl300/worker_03/batch_results_worker_03.csv,results/batch/sub20_alpha001_002_fpp_exact_tl300/worker_03/json/worker_03_task_004.json,results/batch/sub20_alpha001_002_fpp_exact_tl300/worker_03/solutions,sub20_case01_alpha002_fpp_saa_meancvar_fpp_base_none
worker_03_task_005,worker_03,case01,20260601,20260602,Sub20,0.02,100,900,MeanCVaR,FPP-SAA-MeanCVaR,FPP-SAA,fpp_cut,mean-cvar,0.9,0.5,None,false,false,false,false,false,,,,,8,300,0.001,1,results/batch/sub20_alpha001_002_fpp_exact_tl300/splits,results/batch/sub20_alpha001_002_fpp_exact_tl300/worker_03,results/batch/sub20_alpha001_002_fpp_exact_tl300/worker_03/batch_results_worker_03.csv,results/batch/sub20_alpha001_002_fpp_exact_tl300/worker_03/json/worker_03_task_005.json,results/batch/sub20_alpha001_002_fpp_exact_tl300/worker_03/solutions,sub20_case01_alpha002_fpp_saa_meancvar_fpp_cut_none
worker_03_task_006,worker_03,case01,20260601,20260602,Sub20,0.02,100,900,Expected,FPP-Branch-Benders,FPP-Branch-Benders,,expected,0.9,1.0,None,false,false,false,false,false,,,,,8,300,0.001,1,results/batch/sub20_alpha001_002_fpp_exact_tl300/splits,results/batch/sub20_alpha001_002_fpp_exact_tl300/worker_03,results/batch/sub20_alpha001_002_fpp_exact_tl300/worker_03/batch_results_worker_03.csv,results/batch/sub20_alpha001_002_fpp_exact_tl300/worker_03/json/worker_03_task_006.json,results/batch/sub20_alpha001_002_fpp_exact_tl300/worker_03/solutions,sub20_case01_alpha002_fpp_branch_benders_na_none
worker_03_task_007,worker_03,case01,20260601,20260602,Sub20,0.02,100,900,Expected,FPP-Branch-Benders-RootCuts,FPP-Branch-Benders,,expected,0.9,1.0,None,false,false,false,true,false,,,,,8,300,0.001,1,results/batch/sub20_alpha001_002_fpp_exact_tl300/splits,results/batch/sub20_alpha001_002_fpp_exact_tl300/worker_03,results/batch/sub20_alpha001_002_fpp_exact_tl300/worker_03/batch_results_worker_03.csv,results/batch/sub20_alpha001_002_fpp_exact_tl300/worker_03/json/worker_03_task_007.json,results/batch/sub20_alpha001_002_fpp_exact_tl300/worker_03/solutions,sub20_case01_alpha002_fpp_branch_benders_rootcuts_na_none
worker_03_task_008,worker_03,case01,20260601,20260602,Sub20,0.02,100,900,Expected,FPP-Branch-Benders-LLBI,FPP-Branch-Benders,,expected,0.9,1.0,LLBI,true,false,false,false,false,,,,,8,300,0.001,1,results/batch/sub20_alpha001_002_fpp_exact_tl300/splits,results/batch/sub20_alpha001_002_fpp_exact_tl300/worker_03,results/batch/sub20_alpha001_002_fpp_exact_tl300/worker_03/batch_results_worker_03.csv,results/batch/sub20_alpha001_002_fpp_exact_tl300/worker_03/json/worker_03_task_008.json,results/batch/sub20_alpha001_002_fpp_exact_tl300/worker_03/solutions,sub20_case01_alpha002_fpp_branch_benders_llbi_na_llbi
worker_03_task_009,worker_03,case01,20260601,20260602,Sub20,0.02,100,900,Expected,FPP-Branch-Benders-LLBI-RootCuts,FPP-Branch-Benders,,expected,0.9,1.0,LLBI,true,false,false,true,false,,,,,8,300,0.001,1,results/batch/sub20_alpha001_002_fpp_exact_tl300/splits,results/batch/sub20_alpha001_002_fpp_exact_tl300/worker_03,results/batch/sub20_alpha001_002_fpp_exact_tl300/worker_03/batch_results_worker_03.csv,results/batch/sub20_alpha001_002_fpp_exact_tl300/worker_03/json/worker_03_task_009.json,results/batch/sub20_alpha001_002_fpp_exact_tl300/worker_03/solutions,sub20_case01_alpha002_fpp_branch_benders_llbi_rootcuts_na_llbi
worker_03_task_010,worker_03,case01,20260601,20260602,Sub20,0.02,100,900,Expected,FPP-Branch-Benders-CoverageLLBI,FPP-Branch-Benders,,expected,0.9,1.0,CoverageLLBI,false,true,false,false,false,,,,,8,300,0.001,1,results/batch/sub20_alpha001_002_fpp_exact_tl300/splits,results/batch/sub20_alpha001_002_fpp_exact_tl300/worker_03,results/batch/sub20_alpha001_002_fpp_exact_tl300/worker_03/batch_results_worker_03.csv,results/batch/sub20_alpha001_002_fpp_exact_tl300/worker_03/json/worker_03_task_010.json,results/batch/sub20_alpha001_002_fpp_exact_tl300/worker_03/solutions,sub20_case01_alpha002_fpp_branch_benders_coveragellbi_na_coveragellbi
worker_03_task_011,worker_03,case01,20260601,20260602,Sub20,0.02,100,900,Expected,FPP-Branch-Benders-CoverageLLBI-RootCuts,FPP-Branch-Benders,,expected,0.9,1.0,CoverageLLBI,false,true,false,true,false,,,,,8,300,0.001,1,results/batch/sub20_alpha001_002_fpp_exact_tl300/splits,results/batch/sub20_alpha001_002_fpp_exact_tl300/worker_03,results/batch/sub20_alpha001_002_fpp_exact_tl300/worker_03/batch_results_worker_03.csv,results/batch/sub20_alpha001_002_fpp_exact_tl300/worker_03/json/worker_03_task_011.json,results/batch/sub20_alpha001_002_fpp_exact_tl300/worker_03/solutions,sub20_case01_alpha002_fpp_branch_benders_coveragellbi_rootcuts_na_coveragellbi
worker_03_task_012,worker_03,case01,20260601,20260602,Sub20,0.02,100,900,Expected,FPP-Branch-Benders-PathLLBI,FPP-Branch-Benders,,expected,0.9,1.0,PathLLBI,false,false,true,false,false,,,,,8,300,0.001,1,results/batch/sub20_alpha001_002_fpp_exact_tl300/splits,results/batch/sub20_alpha001_002_fpp_exact_tl300/worker_03,results/batch/sub20_alpha001_002_fpp_exact_tl300/worker_03/batch_results_worker_03.csv,results/batch/sub20_alpha001_002_fpp_exact_tl300/worker_03/json/worker_03_task_012.json,results/batch/sub20_alpha001_002_fpp_exact_tl300/worker_03/solutions,sub20_case01_alpha002_fpp_branch_benders_pathllbi_na_pathllbi
worker_03_task_013,worker_03,case01,20260601,20260602,Sub20,0.02,100,900,Expected,FPP-Branch-Benders-PathLLBI-RootCuts,FPP-Branch-Benders,,expected,0.9,1.0,PathLLBI,false,false,true,true,false,,,,,8,300,0.001,1,results/batch/sub20_alpha001_002_fpp_exact_tl300/splits,results/batch/sub20_alpha001_002_fpp_exact_tl300/worker_03,results/batch/sub20_alpha001_002_fpp_exact_tl300/worker_03/batch_results_worker_03.csv,results/batch/sub20_alpha001_002_fpp_exact_tl300/worker_03/json/worker_03_task_013.json,results/batch/sub20_alpha001_002_fpp_exact_tl300/worker_03/solutions,sub20_case01_alpha002_fpp_branch_benders_pathllbi_rootcuts_na_pathllbi
worker_03_task_014,worker_03,case01,20260601,20260602,Sub20,0.02,100,900,Expected,FPP-Branch-Benders-CoverageLLBI-PathLLBI,FPP-Branch-Benders,,expected,0.9,1.0,CoverageLLBI+PathLLBI,false,true,true,false,false,,,,,8,300,0.001,1,results/batch/sub20_alpha001_002_fpp_exact_tl300/splits,results/batch/sub20_alpha001_002_fpp_exact_tl300/worker_03,results/batch/sub20_alpha001_002_fpp_exact_tl300/worker_03/batch_results_worker_03.csv,results/batch/sub20_alpha001_002_fpp_exact_tl300/worker_03/json/worker_03_task_014.json,results/batch/sub20_alpha001_002_fpp_exact_tl300/worker_03/solutions,sub20_case01_alpha002_fpp_branch_benders_coveragellbi_pathllbi_na_coveragellbi_pathllbi
worker_03_task_015,worker_03,case01,20260601,20260602,Sub20,0.02,100,900,Expected,FPP-Branch-Benders-CoverageLLBI-PathLLBI-RootCuts,FPP-Branch-Benders,,expected,0.9,1.0,CoverageLLBI+PathLLBI,false,true,true,true,false,,,,,8,300,0.001,1,results/batch/sub20_alpha001_002_fpp_exact_tl300/splits,results/batch/sub20_alpha001_002_fpp_exact_tl300/worker_03,results/batch/sub20_alpha001_002_fpp_exact_tl300/worker_03/batch_results_worker_03.csv,results/batch/sub20_alpha001_002_fpp_exact_tl300/worker_03/json/worker_03_task_015.json,results/batch/sub20_alpha001_002_fpp_exact_tl300/worker_03/solutions,sub20_case01_alpha002_fpp_branch_benders_coveragellbi_pathllbi_rootcuts_na_coveragellbi_pathllbi
worker_03_task_016,worker_03,case01,20260601,20260602,Sub20,0.02,100,900,Expected,FPP-Branch-Benders-LLBI-CoverageLLBI-PathLLBI,FPP-Branch-Benders,,expected,0.9,1.0,LLBI+CoverageLLBI+PathLLBI,true,true,true,false,false,,,,,8,300,0.001,1,results/batch/sub20_alpha001_002_fpp_exact_tl300/splits,results/batch/sub20_alpha001_002_fpp_exact_tl300/worker_03,results/batch/sub20_alpha001_002_fpp_exact_tl300/worker_03/batch_results_worker_03.csv,results/batch/sub20_alpha001_002_fpp_exact_tl300/worker_03/json/worker_03_task_016.json,results/batch/sub20_alpha001_002_fpp_exact_tl300/worker_03/solutions,sub20_case01_alpha002_fpp_branch_benders_llbi_coveragellbi_pathllbi_na_llbi_coveragellbi_pathllbi
worker_03_task_017,worker_03,case01,20260601,20260602,Sub20,0.02,100,900,Expected,FPP-Branch-Benders-LLBI-CoverageLLBI-PathLLBI-RootCuts,FPP-Branch-Benders,,expected,0.9,1.0,LLBI+CoverageLLBI+PathLLBI,true,true,true,true,false,,,,,8,300,0.001,1,results/batch/sub20_alpha001_002_fpp_exact_tl300/splits,results/batch/sub20_alpha001_002_fpp_exact_tl300/worker_03,results/batch/sub20_alpha001_002_fpp_exact_tl300/worker_03/batch_results_worker_03.csv,results/batch/sub20_alpha001_002_fpp_exact_tl300/worker_03/json/worker_03_task_017.json,results/batch/sub20_alpha001_002_fpp_exact_tl300/worker_03/solutions,sub20_case01_alpha002_fpp_branch_benders_llbi_coveragellbi_pathllbi_rootcuts_na_llbi_coveragellbi_pathllbi
worker_03_task_018,worker_03,case01,20260601,20260602,Sub20,0.02,100,900,CVaR,FPP-Branch-Benders-CVaR,FPP-Branch-Benders,,cvar,0.9,1.0,None,false,false,false,false,false,,,,,8,300,0.001,1,results/batch/sub20_alpha001_002_fpp_exact_tl300/splits,results/batch/sub20_alpha001_002_fpp_exact_tl300/worker_03,results/batch/sub20_alpha001_002_fpp_exact_tl300/worker_03/batch_results_worker_03.csv,results/batch/sub20_alpha001_002_fpp_exact_tl300/worker_03/json/worker_03_task_018.json,results/batch/sub20_alpha001_002_fpp_exact_tl300/worker_03/solutions,sub20_case01_alpha002_fpp_branch_benders_cvar_na_none
worker_03_task_019,worker_03,case01,20260601,20260602,Sub20,0.02,100,900,CVaR,FPP-Branch-Benders-CVaR-RootCuts,FPP-Branch-Benders,,cvar,0.9,1.0,None,false,false,false,true,false,,,,,8,300,0.001,1,results/batch/sub20_alpha001_002_fpp_exact_tl300/splits,results/batch/sub20_alpha001_002_fpp_exact_tl300/worker_03,results/batch/sub20_alpha001_002_fpp_exact_tl300/worker_03/batch_results_worker_03.csv,results/batch/sub20_alpha001_002_fpp_exact_tl300/worker_03/json/worker_03_task_019.json,results/batch/sub20_alpha001_002_fpp_exact_tl300/worker_03/solutions,sub20_case01_alpha002_fpp_branch_benders_cvar_rootcuts_na_none
worker_03_task_020,worker_03,case01,20260601,20260602,Sub20,0.02,100,900,CVaR,FPP-Branch-Benders-CVaR-LLBI,FPP-Branch-Benders,,cvar,0.9,1.0,LLBI,true,false,false,false,false,,,,,8,300,0.001,1,results/batch/sub20_alpha001_002_fpp_exact_tl300/splits,results/batch/sub20_alpha001_002_fpp_exact_tl300/worker_03,results/batch/sub20_alpha001_002_fpp_exact_tl300/worker_03/batch_results_worker_03.csv,results/batch/sub20_alpha001_002_fpp_exact_tl300/worker_03/json/worker_03_task_020.json,results/batch/sub20_alpha001_002_fpp_exact_tl300/worker_03/solutions,sub20_case01_alpha002_fpp_branch_benders_cvar_llbi_na_llbi
worker_03_task_021,worker_03,case01,20260601,20260602,Sub20,0.02,100,900,CVaR,FPP-Branch-Benders-CVaR-LLBI-RootCuts,FPP-Branch-Benders,,cvar,0.9,1.0,LLBI,true,false,false,true,false,,,,,8,300,0.001,1,results/batch/sub20_alpha001_002_fpp_exact_tl300/splits,results/batch/sub20_alpha001_002_fpp_exact_tl300/worker_03,results/batch/sub20_alpha001_002_fpp_exact_tl300/worker_03/batch_results_worker_03.csv,results/batch/sub20_alpha001_002_fpp_exact_tl300/worker_03/json/worker_03_task_021.json,results/batch/sub20_alpha001_002_fpp_exact_tl300/worker_03/solutions,sub20_case01_alpha002_fpp_branch_benders_cvar_llbi_rootcuts_na_llbi
worker_03_task_022,worker_03,case01,20260601,20260602,Sub20,0.02,100,900,CVaR,FPP-Branch-Benders-CVaR-CoverageLLBI,FPP-Branch-Benders,,cvar,0.9,1.0,CoverageLLBI,false,true,false,false,false,,,,,8,300,0.001,1,results/batch/sub20_alpha001_002_fpp_exact_tl300/splits,results/batch/sub20_alpha001_002_fpp_exact_tl300/worker_03,results/batch/sub20_alpha001_002_fpp_exact_tl300/worker_03/batch_results_worker_03.csv,results/batch/sub20_alpha001_002_fpp_exact_tl300/worker_03/json/worker_03_task_022.json,results/batch/sub20_alpha001_002_fpp_exact_tl300/worker_03/solutions,sub20_case01_alpha002_fpp_branch_benders_cvar_coveragellbi_na_coveragellbi
worker_03_task_023,worker_03,case01,20260601,20260602,Sub20,0.02,100,900,CVaR,FPP-Branch-Benders-CVaR-CoverageLLBI-RootCuts,FPP-Branch-Benders,,cvar,0.9,1.0,CoverageLLBI,false,true,false,true,false,,,,,8,300,0.001,1,results/batch/sub20_alpha001_002_fpp_exact_tl300/splits,results/batch/sub20_alpha001_002_fpp_exact_tl300/worker_03,results/batch/sub20_alpha001_002_fpp_exact_tl300/worker_03/batch_results_worker_03.csv,results/batch/sub20_alpha001_002_fpp_exact_tl300/worker_03/json/worker_03_task_023.json,results/batch/sub20_alpha001_002_fpp_exact_tl300/worker_03/solutions,sub20_case01_alpha002_fpp_branch_benders_cvar_coveragellbi_rootcuts_na_coveragellbi
worker_03_task_024,worker_03,case01,20260601,20260602,Sub20,0.02,100,900,CVaR,FPP-Branch-Benders-CVaR-PathLLBI,FPP-Branch-Benders,,cvar,0.9,1.0,PathLLBI,false,false,true,false,false,,,,,8,300,0.001,1,results/batch/sub20_alpha001_002_fpp_exact_tl300/splits,results/batch/sub20_alpha001_002_fpp_exact_tl300/worker_03,results/batch/sub20_alpha001_002_fpp_exact_tl300/worker_03/batch_results_worker_03.csv,results/batch/sub20_alpha001_002_fpp_exact_tl300/worker_03/json/worker_03_task_024.json,results/batch/sub20_alpha001_002_fpp_exact_tl300/worker_03/solutions,sub20_case01_alpha002_fpp_branch_benders_cvar_pathllbi_na_pathllbi
worker_03_task_025,worker_03,case01,20260601,20260602,Sub20,0.02,100,900,CVaR,FPP-Branch-Benders-CVaR-PathLLBI-RootCuts,FPP-Branch-Benders,,cvar,0.9,1.0,PathLLBI,false,false,true,true,false,,,,,8,300,0.001,1,results/batch/sub20_alpha001_002_fpp_exact_tl300/splits,results/batch/sub20_alpha001_002_fpp_exact_tl300/worker_03,results/batch/sub20_alpha001_002_fpp_exact_tl300/worker_03/batch_results_worker_03.csv,results/batch/sub20_alpha001_002_fpp_exact_tl300/worker_03/json/worker_03_task_025.json,results/batch/sub20_alpha001_002_fpp_exact_tl300/worker_03/solutions,sub20_case01_alpha002_fpp_branch_benders_cvar_pathllbi_rootcuts_na_pathllbi
worker_03_task_026,worker_03,case01,20260601,20260602,Sub20,0.02,100,900,CVaR,FPP-Branch-Benders-CVaR-CoverageLLBI-PathLLBI,FPP-Branch-Benders,,cvar,0.9,1.0,CoverageLLBI+PathLLBI,false,true,true,false,false,,,,,8,300,0.001,1,results/batch/sub20_alpha001_002_fpp_exact_tl300/splits,results/batch/sub20_alpha001_002_fpp_exact_tl300/worker_03,results/batch/sub20_alpha001_002_fpp_exact_tl300/worker_03/batch_results_worker_03.csv,results/batch/sub20_alpha001_002_fpp_exact_tl300/worker_03/json/worker_03_task_026.json,results/batch/sub20_alpha001_002_fpp_exact_tl300/worker_03/solutions,sub20_case01_alpha002_fpp_branch_benders_cvar_coveragellbi_pathllbi_na_coveragellbi_pathllbi
worker_03_task_027,worker_03,case01,20260601,20260602,Sub20,0.02,100,900,CVaR,FPP-Branch-Benders-CVaR-CoverageLLBI-PathLLBI-RootCuts,FPP-Branch-Benders,,cvar,0.9,1.0,CoverageLLBI+PathLLBI,false,true,true,true,false,,,,,8,300,0.001,1,results/batch/sub20_alpha001_002_fpp_exact_tl300/splits,results/batch/sub20_alpha001_002_fpp_exact_tl300/worker_03,results/batch/sub20_alpha001_002_fpp_exact_tl300/worker_03/batch_results_worker_03.csv,results/batch/sub20_alpha001_002_fpp_exact_tl300/worker_03/json/worker_03_task_027.json,results/batch/sub20_alpha001_002_fpp_exact_tl300/worker_03/solutions,sub20_case01_alpha002_fpp_branch_benders_cvar_coveragellbi_pathllbi_rootcuts_na_coveragellbi_pathllbi
worker_03_task_028,worker_03,case01,20260601,20260602,Sub20,0.02,100,900,CVaR,FPP-Branch-Benders-CVaR-LLBI-CoverageLLBI-PathLLBI,FPP-Branch-Benders,,cvar,0.9,1.0,LLBI+CoverageLLBI+PathLLBI,true,true,true,false,false,,,,,8,300,0.001,1,results/batch/sub20_alpha001_002_fpp_exact_tl300/splits,results/batch/sub20_alpha001_002_fpp_exact_tl300/worker_03,results/batch/sub20_alpha001_002_fpp_exact_tl300/worker_03/batch_results_worker_03.csv,results/batch/sub20_alpha001_002_fpp_exact_tl300/worker_03/json/worker_03_task_028.json,results/batch/sub20_alpha001_002_fpp_exact_tl300/worker_03/solutions,sub20_case01_alpha002_fpp_branch_benders_cvar_llbi_coveragellbi_pathllbi_na_llbi_coveragellbi_pathllbi
worker_03_task_029,worker_03,case01,20260601,20260602,Sub20,0.02,100,900,CVaR,FPP-Branch-Benders-CVaR-LLBI-CoverageLLBI-PathLLBI-RootCuts,FPP-Branch-Benders,,cvar,0.9,1.0,LLBI+CoverageLLBI+PathLLBI,true,true,true,true,false,,,,,8,300,0.001,1,results/batch/sub20_alpha001_002_fpp_exact_tl300/splits,results/batch/sub20_alpha001_002_fpp_exact_tl300/worker_03,results/batch/sub20_alpha001_002_fpp_exact_tl300/worker_03/batch_results_worker_03.csv,results/batch/sub20_alpha001_002_fpp_exact_tl300/worker_03/json/worker_03_task_029.json,results/batch/sub20_alpha001_002_fpp_exact_tl300/worker_03/solutions,sub20_case01_alpha002_fpp_branch_benders_cvar_llbi_coveragellbi_pathllbi_rootcuts_na_llbi_coveragellbi_pathllbi
worker_03_task_030,worker_03,case01,20260601,20260602,Sub20,0.02,100,900,MeanCVaR,FPP-Branch-Benders-MeanCVaR,FPP-Branch-Benders,,mean-cvar,0.9,0.5,None,false,false,false,false,false,,,,,8,300,0.001,1,results/batch/sub20_alpha001_002_fpp_exact_tl300/splits,results/batch/sub20_alpha001_002_fpp_exact_tl300/worker_03,results/batch/sub20_alpha001_002_fpp_exact_tl300/worker_03/batch_results_worker_03.csv,results/batch/sub20_alpha001_002_fpp_exact_tl300/worker_03/json/worker_03_task_030.json,results/batch/sub20_alpha001_002_fpp_exact_tl300/worker_03/solutions,sub20_case01_alpha002_fpp_branch_benders_meancvar_na_none
worker_03_task_031,worker_03,case01,20260601,20260602,Sub20,0.02,100,900,MeanCVaR,FPP-Branch-Benders-MeanCVaR-RootCuts,FPP-Branch-Benders,,mean-cvar,0.9,0.5,None,false,false,false,true,false,,,,,8,300,0.001,1,results/batch/sub20_alpha001_002_fpp_exact_tl300/splits,results/batch/sub20_alpha001_002_fpp_exact_tl300/worker_03,results/batch/sub20_alpha001_002_fpp_exact_tl300/worker_03/batch_results_worker_03.csv,results/batch/sub20_alpha001_002_fpp_exact_tl300/worker_03/json/worker_03_task_031.json,results/batch/sub20_alpha001_002_fpp_exact_tl300/worker_03/solutions,sub20_case01_alpha002_fpp_branch_benders_meancvar_rootcuts_na_none
worker_03_task_032,worker_03,case01,20260601,20260602,Sub20,0.02,100,900,MeanCVaR,FPP-Branch-Benders-MeanCVaR-LLBI,FPP-Branch-Benders,,mean-cvar,0.9,0.5,LLBI,true,false,false,false,false,,,,,8,300,0.001,1,results/batch/sub20_alpha001_002_fpp_exact_tl300/splits,results/batch/sub20_alpha001_002_fpp_exact_tl300/worker_03,results/batch/sub20_alpha001_002_fpp_exact_tl300/worker_03/batch_results_worker_03.csv,results/batch/sub20_alpha001_002_fpp_exact_tl300/worker_03/json/worker_03_task_032.json,results/batch/sub20_alpha001_002_fpp_exact_tl300/worker_03/solutions,sub20_case01_alpha002_fpp_branch_benders_meancvar_llbi_na_llbi
worker_03_task_033,worker_03,case01,20260601,20260602,Sub20,0.02,100,900,MeanCVaR,FPP-Branch-Benders-MeanCVaR-LLBI-RootCuts,FPP-Branch-Benders,,mean-cvar,0.9,0.5,LLBI,true,false,false,true,false,,,,,8,300,0.001,1,results/batch/sub20_alpha001_002_fpp_exact_tl300/splits,results/batch/sub20_alpha001_002_fpp_exact_tl300/worker_03,results/batch/sub20_alpha001_002_fpp_exact_tl300/worker_03/batch_results_worker_03.csv,results/batch/sub20_alpha001_002_fpp_exact_tl300/worker_03/json/worker_03_task_033.json,results/batch/sub20_alpha001_002_fpp_exact_tl300/worker_03/solutions,sub20_case01_alpha002_fpp_branch_benders_meancvar_llbi_rootcuts_na_llbi
worker_03_task_034,worker_03,case01,20260601,20260602,Sub20,0.02,100,900,MeanCVaR,FPP-Branch-Benders-MeanCVaR-CoverageLLBI,FPP-Branch-Benders,,mean-cvar,0.9,0.5,CoverageLLBI,false,true,false,false,false,,,,,8,300,0.001,1,results/batch/sub20_alpha001_002_fpp_exact_tl300/splits,results/batch/sub20_alpha001_002_fpp_exact_tl300/worker_03,results/batch/sub20_alpha001_002_fpp_exact_tl300/worker_03/batch_results_worker_03.csv,results/batch/sub20_alpha001_002_fpp_exact_tl300/worker_03/json/worker_03_task_034.json,results/batch/sub20_alpha001_002_fpp_exact_tl300/worker_03/solutions,sub20_case01_alpha002_fpp_branch_benders_meancvar_coveragellbi_na_coveragellbi
worker_03_task_035,worker_03,case01,20260601,20260602,Sub20,0.02,100,900,MeanCVaR,FPP-Branch-Benders-MeanCVaR-CoverageLLBI-RootCuts,FPP-Branch-Benders,,mean-cvar,0.9,0.5,CoverageLLBI,false,true,false,true,false,,,,,8,300,0.001,1,results/batch/sub20_alpha001_002_fpp_exact_tl300/splits,results/batch/sub20_alpha001_002_fpp_exact_tl300/worker_03,results/batch/sub20_alpha001_002_fpp_exact_tl300/worker_03/batch_results_worker_03.csv,results/batch/sub20_alpha001_002_fpp_exact_tl300/worker_03/json/worker_03_task_035.json,results/batch/sub20_alpha001_002_fpp_exact_tl300/worker_03/solutions,sub20_case01_alpha002_fpp_branch_benders_meancvar_coveragellbi_rootcuts_na_coveragellbi
worker_03_task_036,worker_03,case01,20260601,20260602,Sub20,0.02,100,900,MeanCVaR,FPP-Branch-Benders-MeanCVaR-PathLLBI,FPP-Branch-Benders,,mean-cvar,0.9,0.5,PathLLBI,false,false,true,false,false,,,,,8,300,0.001,1,results/batch/sub20_alpha001_002_fpp_exact_tl300/splits,results/batch/sub20_alpha001_002_fpp_exact_tl300/worker_03,results/batch/sub20_alpha001_002_fpp_exact_tl300/worker_03/batch_results_worker_03.csv,results/batch/sub20_alpha001_002_fpp_exact_tl300/worker_03/json/worker_03_task_036.json,results/batch/sub20_alpha001_002_fpp_exact_tl300/worker_03/solutions,sub20_case01_alpha002_fpp_branch_benders_meancvar_pathllbi_na_pathllbi
worker_03_task_037,worker_03,case01,20260601,20260602,Sub20,0.02,100,900,MeanCVaR,FPP-Branch-Benders-MeanCVaR-PathLLBI-RootCuts,FPP-Branch-Benders,,mean-cvar,0.9,0.5,PathLLBI,false,false,true,true,false,,,,,8,300,0.001,1,results/batch/sub20_alpha001_002_fpp_exact_tl300/splits,results/batch/sub20_alpha001_002_fpp_exact_tl300/worker_03,results/batch/sub20_alpha001_002_fpp_exact_tl300/worker_03/batch_results_worker_03.csv,results/batch/sub20_alpha001_002_fpp_exact_tl300/worker_03/json/worker_03_task_037.json,results/batch/sub20_alpha001_002_fpp_exact_tl300/worker_03/solutions,sub20_case01_alpha002_fpp_branch_benders_meancvar_pathllbi_rootcuts_na_pathllbi
worker_03_task_038,worker_03,case01,20260601,20260602,Sub20,0.02,100,900,MeanCVaR,FPP-Branch-Benders-MeanCVaR-CoverageLLBI-PathLLBI,FPP-Branch-Benders,,mean-cvar,0.9,0.5,CoverageLLBI+PathLLBI,false,true,true,false,false,,,,,8,300,0.001,1,results/batch/sub20_alpha001_002_fpp_exact_tl300/splits,results/batch/sub20_alpha001_002_fpp_exact_tl300/worker_03,results/batch/sub20_alpha001_002_fpp_exact_tl300/worker_03/batch_results_worker_03.csv,results/batch/sub20_alpha001_002_fpp_exact_tl300/worker_03/json/worker_03_task_038.json,results/batch/sub20_alpha001_002_fpp_exact_tl300/worker_03/solutions,sub20_case01_alpha002_fpp_branch_benders_meancvar_coveragellbi_pathllbi_na_coveragellbi_pathllbi
worker_03_task_039,worker_03,case01,20260601,20260602,Sub20,0.02,100,900,MeanCVaR,FPP-Branch-Benders-MeanCVaR-CoverageLLBI-PathLLBI-RootCuts,FPP-Branch-Benders,,mean-cvar,0.9,0.5,CoverageLLBI+PathLLBI,false,true,true,true,false,,,,,8,300,0.001,1,results/batch/sub20_alpha001_002_fpp_exact_tl300/splits,results/batch/sub20_alpha001_002_fpp_exact_tl300/worker_03,results/batch/sub20_alpha001_002_fpp_exact_tl300/worker_03/batch_results_worker_03.csv,results/batch/sub20_alpha001_002_fpp_exact_tl300/worker_03/json/worker_03_task_039.json,results/batch/sub20_alpha001_002_fpp_exact_tl300/worker_03/solutions,sub20_case01_alpha002_fpp_branch_benders_meancvar_coveragellbi_pathllbi_rootcuts_na_coveragellbi_pathllbi
worker_03_task_040,worker_03,case01,20260601,20260602,Sub20,0.02,100,900,MeanCVaR,FPP-Branch-Benders-MeanCVaR-LLBI-CoverageLLBI-PathLLBI,FPP-Branch-Benders,,mean-cvar,0.9,0.5,LLBI+CoverageLLBI+PathLLBI,true,true,true,false,false,,,,,8,300,0.001,1,results/batch/sub20_alpha001_002_fpp_exact_tl300/splits,results/batch/sub20_alpha001_002_fpp_exact_tl300/worker_03,results/batch/sub20_alpha001_002_fpp_exact_tl300/worker_03/batch_results_worker_03.csv,results/batch/sub20_alpha001_002_fpp_exact_tl300/worker_03/json/worker_03_task_040.json,results/batch/sub20_alpha001_002_fpp_exact_tl300/worker_03/solutions,sub20_case01_alpha002_fpp_branch_benders_meancvar_llbi_coveragellbi_pathllbi_na_llbi_coveragellbi_pathllbi
worker_03_task_041,worker_03,case01,20260601,20260602,Sub20,0.02,100,900,MeanCVaR,FPP-Branch-Benders-MeanCVaR-LLBI-CoverageLLBI-PathLLBI-RootCuts,FPP-Branch-Benders,,mean-cvar,0.9,0.5,LLBI+CoverageLLBI+PathLLBI,true,true,true,true,false,,,,,8,300,0.001,1,results/batch/sub20_alpha001_002_fpp_exact_tl300/splits,results/batch/sub20_alpha001_002_fpp_exact_tl300/worker_03,results/batch/sub20_alpha001_002_fpp_exact_tl300/worker_03/batch_results_worker_03.csv,results/batch/sub20_alpha001_002_fpp_exact_tl300/worker_03/json/worker_03_task_041.json,results/batch/sub20_alpha001_002_fpp_exact_tl300/worker_03/solutions,sub20_case01_alpha002_fpp_branch_benders_meancvar_llbi_coveragellbi_pathllbi_rootcuts_na_llbi_coveragellbi_pathllbi
worker_03_task_042,worker_03,case01,20260601,20260602,Sub20,0.02,100,900,Expected,FPP-Branch-Benders-Combinatorial,FPP-Branch-Benders-Combinatorial,,expected,0.9,1.0,Combinatorial,false,false,false,false,true,heuristic,0.10,true,true,8,300,0.001,1,results/batch/sub20_alpha001_002_fpp_exact_tl300/splits,results/batch/sub20_alpha001_002_fpp_exact_tl300/worker_03,results/batch/sub20_alpha001_002_fpp_exact_tl300/worker_03/batch_results_worker_03.csv,results/batch/sub20_alpha001_002_fpp_exact_tl300/worker_03/json/worker_03_task_042.json,results/batch/sub20_alpha001_002_fpp_exact_tl300/worker_03/solutions,sub20_case01_alpha002_fpp_branch_benders_combinatorial_na_combinatorial
worker_03_task_043,worker_03,case01,20260601,20260602,Sub20,0.02,100,900,CVaR,FPP-Branch-Benders-Combinatorial-CVaR,FPP-Branch-Benders-Combinatorial,,cvar,0.9,1.0,Combinatorial,false,false,false,false,true,heuristic,0.10,true,true,8,300,0.001,1,results/batch/sub20_alpha001_002_fpp_exact_tl300/splits,results/batch/sub20_alpha001_002_fpp_exact_tl300/worker_03,results/batch/sub20_alpha001_002_fpp_exact_tl300/worker_03/batch_results_worker_03.csv,results/batch/sub20_alpha001_002_fpp_exact_tl300/worker_03/json/worker_03_task_043.json,results/batch/sub20_alpha001_002_fpp_exact_tl300/worker_03/solutions,sub20_case01_alpha002_fpp_branch_benders_combinatorial_cvar_na_combinatorial
worker_03_task_044,worker_03,case01,20260601,20260602,Sub20,0.02,100,900,MeanCVaR,FPP-Branch-Benders-Combinatorial-MeanCVaR,FPP-Branch-Benders-Combinatorial,,mean-cvar,0.9,0.5,Combinatorial,false,false,false,false,true,heuristic,0.10,true,true,8,300,0.001,1,results/batch/sub20_alpha001_002_fpp_exact_tl300/splits,results/batch/sub20_alpha001_002_fpp_exact_tl300/worker_03,results/batch/sub20_alpha001_002_fpp_exact_tl300/worker_03/batch_results_worker_03.csv,results/batch/sub20_alpha001_002_fpp_exact_tl300/worker_03/json/worker_03_task_044.json,results/batch/sub20_alpha001_002_fpp_exact_tl300/worker_03/solutions,sub20_case01_alpha002_fpp_branch_benders_combinatorial_meancvar_na_combinatorial
worker_04_task_000,worker_04,case02,20260601,20260603,Sub20,0.01,100,900,Expected,FPP-SAA,FPP-SAA,fpp_base,expected,0.9,1.0,None,false,false,false,false,false,,,,,8,300,0.001,1,results/batch/sub20_alpha001_002_fpp_exact_tl300/splits,results/batch/sub20_alpha001_002_fpp_exact_tl300/worker_04,results/batch/sub20_alpha001_002_fpp_exact_tl300/worker_04/batch_results_worker_04.csv,results/batch/sub20_alpha001_002_fpp_exact_tl300/worker_04/json/worker_04_task_000.json,results/batch/sub20_alpha001_002_fpp_exact_tl300/worker_04/solutions,sub20_case02_alpha001_fpp_saa_fpp_base_none
worker_04_task_001,worker_04,case02,20260601,20260603,Sub20,0.01,100,900,Expected,FPP-SAA,FPP-SAA,fpp_cut,expected,0.9,1.0,None,false,false,false,false,false,,,,,8,300,0.001,1,results/batch/sub20_alpha001_002_fpp_exact_tl300/splits,results/batch/sub20_alpha001_002_fpp_exact_tl300/worker_04,results/batch/sub20_alpha001_002_fpp_exact_tl300/worker_04/batch_results_worker_04.csv,results/batch/sub20_alpha001_002_fpp_exact_tl300/worker_04/json/worker_04_task_001.json,results/batch/sub20_alpha001_002_fpp_exact_tl300/worker_04/solutions,sub20_case02_alpha001_fpp_saa_fpp_cut_none
worker_04_task_002,worker_04,case02,20260601,20260603,Sub20,0.01,100,900,CVaR,FPP-SAA-CVaR,FPP-SAA,fpp_base,cvar,0.9,1.0,None,false,false,false,false,false,,,,,8,300,0.001,1,results/batch/sub20_alpha001_002_fpp_exact_tl300/splits,results/batch/sub20_alpha001_002_fpp_exact_tl300/worker_04,results/batch/sub20_alpha001_002_fpp_exact_tl300/worker_04/batch_results_worker_04.csv,results/batch/sub20_alpha001_002_fpp_exact_tl300/worker_04/json/worker_04_task_002.json,results/batch/sub20_alpha001_002_fpp_exact_tl300/worker_04/solutions,sub20_case02_alpha001_fpp_saa_cvar_fpp_base_none
worker_04_task_003,worker_04,case02,20260601,20260603,Sub20,0.01,100,900,CVaR,FPP-SAA-CVaR,FPP-SAA,fpp_cut,cvar,0.9,1.0,None,false,false,false,false,false,,,,,8,300,0.001,1,results/batch/sub20_alpha001_002_fpp_exact_tl300/splits,results/batch/sub20_alpha001_002_fpp_exact_tl300/worker_04,results/batch/sub20_alpha001_002_fpp_exact_tl300/worker_04/batch_results_worker_04.csv,results/batch/sub20_alpha001_002_fpp_exact_tl300/worker_04/json/worker_04_task_003.json,results/batch/sub20_alpha001_002_fpp_exact_tl300/worker_04/solutions,sub20_case02_alpha001_fpp_saa_cvar_fpp_cut_none
worker_04_task_004,worker_04,case02,20260601,20260603,Sub20,0.01,100,900,MeanCVaR,FPP-SAA-MeanCVaR,FPP-SAA,fpp_base,mean-cvar,0.9,0.5,None,false,false,false,false,false,,,,,8,300,0.001,1,results/batch/sub20_alpha001_002_fpp_exact_tl300/splits,results/batch/sub20_alpha001_002_fpp_exact_tl300/worker_04,results/batch/sub20_alpha001_002_fpp_exact_tl300/worker_04/batch_results_worker_04.csv,results/batch/sub20_alpha001_002_fpp_exact_tl300/worker_04/json/worker_04_task_004.json,results/batch/sub20_alpha001_002_fpp_exact_tl300/worker_04/solutions,sub20_case02_alpha001_fpp_saa_meancvar_fpp_base_none
worker_04_task_005,worker_04,case02,20260601,20260603,Sub20,0.01,100,900,MeanCVaR,FPP-SAA-MeanCVaR,FPP-SAA,fpp_cut,mean-cvar,0.9,0.5,None,false,false,false,false,false,,,,,8,300,0.001,1,results/batch/sub20_alpha001_002_fpp_exact_tl300/splits,results/batch/sub20_alpha001_002_fpp_exact_tl300/worker_04,results/batch/sub20_alpha001_002_fpp_exact_tl300/worker_04/batch_results_worker_04.csv,results/batch/sub20_alpha001_002_fpp_exact_tl300/worker_04/json/worker_04_task_005.json,results/batch/sub20_alpha001_002_fpp_exact_tl300/worker_04/solutions,sub20_case02_alpha001_fpp_saa_meancvar_fpp_cut_none
worker_04_task_006,worker_04,case02,20260601,20260603,Sub20,0.01,100,900,Expected,FPP-Branch-Benders,FPP-Branch-Benders,,expected,0.9,1.0,None,false,false,false,false,false,,,,,8,300,0.001,1,results/batch/sub20_alpha001_002_fpp_exact_tl300/splits,results/batch/sub20_alpha001_002_fpp_exact_tl300/worker_04,results/batch/sub20_alpha001_002_fpp_exact_tl300/worker_04/batch_results_worker_04.csv,results/batch/sub20_alpha001_002_fpp_exact_tl300/worker_04/json/worker_04_task_006.json,results/batch/sub20_alpha001_002_fpp_exact_tl300/worker_04/solutions,sub20_case02_alpha001_fpp_branch_benders_na_none
worker_04_task_007,worker_04,case02,20260601,20260603,Sub20,0.01,100,900,Expected,FPP-Branch-Benders-RootCuts,FPP-Branch-Benders,,expected,0.9,1.0,None,false,false,false,true,false,,,,,8,300,0.001,1,results/batch/sub20_alpha001_002_fpp_exact_tl300/splits,results/batch/sub20_alpha001_002_fpp_exact_tl300/worker_04,results/batch/sub20_alpha001_002_fpp_exact_tl300/worker_04/batch_results_worker_04.csv,results/batch/sub20_alpha001_002_fpp_exact_tl300/worker_04/json/worker_04_task_007.json,results/batch/sub20_alpha001_002_fpp_exact_tl300/worker_04/solutions,sub20_case02_alpha001_fpp_branch_benders_rootcuts_na_none
worker_04_task_008,worker_04,case02,20260601,20260603,Sub20,0.01,100,900,Expected,FPP-Branch-Benders-LLBI,FPP-Branch-Benders,,expected,0.9,1.0,LLBI,true,false,false,false,false,,,,,8,300,0.001,1,results/batch/sub20_alpha001_002_fpp_exact_tl300/splits,results/batch/sub20_alpha001_002_fpp_exact_tl300/worker_04,results/batch/sub20_alpha001_002_fpp_exact_tl300/worker_04/batch_results_worker_04.csv,results/batch/sub20_alpha001_002_fpp_exact_tl300/worker_04/json/worker_04_task_008.json,results/batch/sub20_alpha001_002_fpp_exact_tl300/worker_04/solutions,sub20_case02_alpha001_fpp_branch_benders_llbi_na_llbi
worker_04_task_009,worker_04,case02,20260601,20260603,Sub20,0.01,100,900,Expected,FPP-Branch-Benders-LLBI-RootCuts,FPP-Branch-Benders,,expected,0.9,1.0,LLBI,true,false,false,true,false,,,,,8,300,0.001,1,results/batch/sub20_alpha001_002_fpp_exact_tl300/splits,results/batch/sub20_alpha001_002_fpp_exact_tl300/worker_04,results/batch/sub20_alpha001_002_fpp_exact_tl300/worker_04/batch_results_worker_04.csv,results/batch/sub20_alpha001_002_fpp_exact_tl300/worker_04/json/worker_04_task_009.json,results/batch/sub20_alpha001_002_fpp_exact_tl300/worker_04/solutions,sub20_case02_alpha001_fpp_branch_benders_llbi_rootcuts_na_llbi
worker_04_task_010,worker_04,case02,20260601,20260603,Sub20,0.01,100,900,Expected,FPP-Branch-Benders-CoverageLLBI,FPP-Branch-Benders,,expected,0.9,1.0,CoverageLLBI,false,true,false,false,false,,,,,8,300,0.001,1,results/batch/sub20_alpha001_002_fpp_exact_tl300/splits,results/batch/sub20_alpha001_002_fpp_exact_tl300/worker_04,results/batch/sub20_alpha001_002_fpp_exact_tl300/worker_04/batch_results_worker_04.csv,results/batch/sub20_alpha001_002_fpp_exact_tl300/worker_04/json/worker_04_task_010.json,results/batch/sub20_alpha001_002_fpp_exact_tl300/worker_04/solutions,sub20_case02_alpha001_fpp_branch_benders_coveragellbi_na_coveragellbi
worker_04_task_011,worker_04,case02,20260601,20260603,Sub20,0.01,100,900,Expected,FPP-Branch-Benders-CoverageLLBI-RootCuts,FPP-Branch-Benders,,expected,0.9,1.0,CoverageLLBI,false,true,false,true,false,,,,,8,300,0.001,1,results/batch/sub20_alpha001_002_fpp_exact_tl300/splits,results/batch/sub20_alpha001_002_fpp_exact_tl300/worker_04,results/batch/sub20_alpha001_002_fpp_exact_tl300/worker_04/batch_results_worker_04.csv,results/batch/sub20_alpha001_002_fpp_exact_tl300/worker_04/json/worker_04_task_011.json,results/batch/sub20_alpha001_002_fpp_exact_tl300/worker_04/solutions,sub20_case02_alpha001_fpp_branch_benders_coveragellbi_rootcuts_na_coveragellbi
worker_04_task_012,worker_04,case02,20260601,20260603,Sub20,0.01,100,900,Expected,FPP-Branch-Benders-PathLLBI,FPP-Branch-Benders,,expected,0.9,1.0,PathLLBI,false,false,true,false,false,,,,,8,300,0.001,1,results/batch/sub20_alpha001_002_fpp_exact_tl300/splits,results/batch/sub20_alpha001_002_fpp_exact_tl300/worker_04,results/batch/sub20_alpha001_002_fpp_exact_tl300/worker_04/batch_results_worker_04.csv,results/batch/sub20_alpha001_002_fpp_exact_tl300/worker_04/json/worker_04_task_012.json,results/batch/sub20_alpha001_002_fpp_exact_tl300/worker_04/solutions,sub20_case02_alpha001_fpp_branch_benders_pathllbi_na_pathllbi
worker_04_task_013,worker_04,case02,20260601,20260603,Sub20,0.01,100,900,Expected,FPP-Branch-Benders-PathLLBI-RootCuts,FPP-Branch-Benders,,expected,0.9,1.0,PathLLBI,false,false,true,true,false,,,,,8,300,0.001,1,results/batch/sub20_alpha001_002_fpp_exact_tl300/splits,results/batch/sub20_alpha001_002_fpp_exact_tl300/worker_04,results/batch/sub20_alpha001_002_fpp_exact_tl300/worker_04/batch_results_worker_04.csv,results/batch/sub20_alpha001_002_fpp_exact_tl300/worker_04/json/worker_04_task_013.json,results/batch/sub20_alpha001_002_fpp_exact_tl300/worker_04/solutions,sub20_case02_alpha001_fpp_branch_benders_pathllbi_rootcuts_na_pathllbi
worker_04_task_014,worker_04,case02,20260601,20260603,Sub20,0.01,100,900,Expected,FPP-Branch-Benders-CoverageLLBI-PathLLBI,FPP-Branch-Benders,,expected,0.9,1.0,CoverageLLBI+PathLLBI,false,true,true,false,false,,,,,8,300,0.001,1,results/batch/sub20_alpha001_002_fpp_exact_tl300/splits,results/batch/sub20_alpha001_002_fpp_exact_tl300/worker_04,results/batch/sub20_alpha001_002_fpp_exact_tl300/worker_04/batch_results_worker_04.csv,results/batch/sub20_alpha001_002_fpp_exact_tl300/worker_04/json/worker_04_task_014.json,results/batch/sub20_alpha001_002_fpp_exact_tl300/worker_04/solutions,sub20_case02_alpha001_fpp_branch_benders_coveragellbi_pathllbi_na_coveragellbi_pathllbi
worker_04_task_015,worker_04,case02,20260601,20260603,Sub20,0.01,100,900,Expected,FPP-Branch-Benders-CoverageLLBI-PathLLBI-RootCuts,FPP-Branch-Benders,,expected,0.9,1.0,CoverageLLBI+PathLLBI,false,true,true,true,false,,,,,8,300,0.001,1,results/batch/sub20_alpha001_002_fpp_exact_tl300/splits,results/batch/sub20_alpha001_002_fpp_exact_tl300/worker_04,results/batch/sub20_alpha001_002_fpp_exact_tl300/worker_04/batch_results_worker_04.csv,results/batch/sub20_alpha001_002_fpp_exact_tl300/worker_04/json/worker_04_task_015.json,results/batch/sub20_alpha001_002_fpp_exact_tl300/worker_04/solutions,sub20_case02_alpha001_fpp_branch_benders_coveragellbi_pathllbi_rootcuts_na_coveragellbi_pathllbi
worker_04_task_016,worker_04,case02,20260601,20260603,Sub20,0.01,100,900,Expected,FPP-Branch-Benders-LLBI-CoverageLLBI-PathLLBI,FPP-Branch-Benders,,expected,0.9,1.0,LLBI+CoverageLLBI+PathLLBI,true,true,true,false,false,,,,,8,300,0.001,1,results/batch/sub20_alpha001_002_fpp_exact_tl300/splits,results/batch/sub20_alpha001_002_fpp_exact_tl300/worker_04,results/batch/sub20_alpha001_002_fpp_exact_tl300/worker_04/batch_results_worker_04.csv,results/batch/sub20_alpha001_002_fpp_exact_tl300/worker_04/json/worker_04_task_016.json,results/batch/sub20_alpha001_002_fpp_exact_tl300/worker_04/solutions,sub20_case02_alpha001_fpp_branch_benders_llbi_coveragellbi_pathllbi_na_llbi_coveragellbi_pathllbi
worker_04_task_017,worker_04,case02,20260601,20260603,Sub20,0.01,100,900,Expected,FPP-Branch-Benders-LLBI-CoverageLLBI-PathLLBI-RootCuts,FPP-Branch-Benders,,expected,0.9,1.0,LLBI+CoverageLLBI+PathLLBI,true,true,true,true,false,,,,,8,300,0.001,1,results/batch/sub20_alpha001_002_fpp_exact_tl300/splits,results/batch/sub20_alpha001_002_fpp_exact_tl300/worker_04,results/batch/sub20_alpha001_002_fpp_exact_tl300/worker_04/batch_results_worker_04.csv,results/batch/sub20_alpha001_002_fpp_exact_tl300/worker_04/json/worker_04_task_017.json,results/batch/sub20_alpha001_002_fpp_exact_tl300/worker_04/solutions,sub20_case02_alpha001_fpp_branch_benders_llbi_coveragellbi_pathllbi_rootcuts_na_llbi_coveragellbi_pathllbi
worker_04_task_018,worker_04,case02,20260601,20260603,Sub20,0.01,100,900,CVaR,FPP-Branch-Benders-CVaR,FPP-Branch-Benders,,cvar,0.9,1.0,None,false,false,false,false,false,,,,,8,300,0.001,1,results/batch/sub20_alpha001_002_fpp_exact_tl300/splits,results/batch/sub20_alpha001_002_fpp_exact_tl300/worker_04,results/batch/sub20_alpha001_002_fpp_exact_tl300/worker_04/batch_results_worker_04.csv,results/batch/sub20_alpha001_002_fpp_exact_tl300/worker_04/json/worker_04_task_018.json,results/batch/sub20_alpha001_002_fpp_exact_tl300/worker_04/solutions,sub20_case02_alpha001_fpp_branch_benders_cvar_na_none
worker_04_task_019,worker_04,case02,20260601,20260603,Sub20,0.01,100,900,CVaR,FPP-Branch-Benders-CVaR-RootCuts,FPP-Branch-Benders,,cvar,0.9,1.0,None,false,false,false,true,false,,,,,8,300,0.001,1,results/batch/sub20_alpha001_002_fpp_exact_tl300/splits,results/batch/sub20_alpha001_002_fpp_exact_tl300/worker_04,results/batch/sub20_alpha001_002_fpp_exact_tl300/worker_04/batch_results_worker_04.csv,results/batch/sub20_alpha001_002_fpp_exact_tl300/worker_04/json/worker_04_task_019.json,results/batch/sub20_alpha001_002_fpp_exact_tl300/worker_04/solutions,sub20_case02_alpha001_fpp_branch_benders_cvar_rootcuts_na_none
worker_04_task_020,worker_04,case02,20260601,20260603,Sub20,0.01,100,900,CVaR,FPP-Branch-Benders-CVaR-LLBI,FPP-Branch-Benders,,cvar,0.9,1.0,LLBI,true,false,false,false,false,,,,,8,300,0.001,1,results/batch/sub20_alpha001_002_fpp_exact_tl300/splits,results/batch/sub20_alpha001_002_fpp_exact_tl300/worker_04,results/batch/sub20_alpha001_002_fpp_exact_tl300/worker_04/batch_results_worker_04.csv,results/batch/sub20_alpha001_002_fpp_exact_tl300/worker_04/json/worker_04_task_020.json,results/batch/sub20_alpha001_002_fpp_exact_tl300/worker_04/solutions,sub20_case02_alpha001_fpp_branch_benders_cvar_llbi_na_llbi
worker_04_task_021,worker_04,case02,20260601,20260603,Sub20,0.01,100,900,CVaR,FPP-Branch-Benders-CVaR-LLBI-RootCuts,FPP-Branch-Benders,,cvar,0.9,1.0,LLBI,true,false,false,true,false,,,,,8,300,0.001,1,results/batch/sub20_alpha001_002_fpp_exact_tl300/splits,results/batch/sub20_alpha001_002_fpp_exact_tl300/worker_04,results/batch/sub20_alpha001_002_fpp_exact_tl300/worker_04/batch_results_worker_04.csv,results/batch/sub20_alpha001_002_fpp_exact_tl300/worker_04/json/worker_04_task_021.json,results/batch/sub20_alpha001_002_fpp_exact_tl300/worker_04/solutions,sub20_case02_alpha001_fpp_branch_benders_cvar_llbi_rootcuts_na_llbi
worker_04_task_022,worker_04,case02,20260601,20260603,Sub20,0.01,100,900,CVaR,FPP-Branch-Benders-CVaR-CoverageLLBI,FPP-Branch-Benders,,cvar,0.9,1.0,CoverageLLBI,false,true,false,false,false,,,,,8,300,0.001,1,results/batch/sub20_alpha001_002_fpp_exact_tl300/splits,results/batch/sub20_alpha001_002_fpp_exact_tl300/worker_04,results/batch/sub20_alpha001_002_fpp_exact_tl300/worker_04/batch_results_worker_04.csv,results/batch/sub20_alpha001_002_fpp_exact_tl300/worker_04/json/worker_04_task_022.json,results/batch/sub20_alpha001_002_fpp_exact_tl300/worker_04/solutions,sub20_case02_alpha001_fpp_branch_benders_cvar_coveragellbi_na_coveragellbi
worker_04_task_023,worker_04,case02,20260601,20260603,Sub20,0.01,100,900,CVaR,FPP-Branch-Benders-CVaR-CoverageLLBI-RootCuts,FPP-Branch-Benders,,cvar,0.9,1.0,CoverageLLBI,false,true,false,true,false,,,,,8,300,0.001,1,results/batch/sub20_alpha001_002_fpp_exact_tl300/splits,results/batch/sub20_alpha001_002_fpp_exact_tl300/worker_04,results/batch/sub20_alpha001_002_fpp_exact_tl300/worker_04/batch_results_worker_04.csv,results/batch/sub20_alpha001_002_fpp_exact_tl300/worker_04/json/worker_04_task_023.json,results/batch/sub20_alpha001_002_fpp_exact_tl300/worker_04/solutions,sub20_case02_alpha001_fpp_branch_benders_cvar_coveragellbi_rootcuts_na_coveragellbi
worker_04_task_024,worker_04,case02,20260601,20260603,Sub20,0.01,100,900,CVaR,FPP-Branch-Benders-CVaR-PathLLBI,FPP-Branch-Benders,,cvar,0.9,1.0,PathLLBI,false,false,true,false,false,,,,,8,300,0.001,1,results/batch/sub20_alpha001_002_fpp_exact_tl300/splits,results/batch/sub20_alpha001_002_fpp_exact_tl300/worker_04,results/batch/sub20_alpha001_002_fpp_exact_tl300/worker_04/batch_results_worker_04.csv,results/batch/sub20_alpha001_002_fpp_exact_tl300/worker_04/json/worker_04_task_024.json,results/batch/sub20_alpha001_002_fpp_exact_tl300/worker_04/solutions,sub20_case02_alpha001_fpp_branch_benders_cvar_pathllbi_na_pathllbi
worker_04_task_025,worker_04,case02,20260601,20260603,Sub20,0.01,100,900,CVaR,FPP-Branch-Benders-CVaR-PathLLBI-RootCuts,FPP-Branch-Benders,,cvar,0.9,1.0,PathLLBI,false,false,true,true,false,,,,,8,300,0.001,1,results/batch/sub20_alpha001_002_fpp_exact_tl300/splits,results/batch/sub20_alpha001_002_fpp_exact_tl300/worker_04,results/batch/sub20_alpha001_002_fpp_exact_tl300/worker_04/batch_results_worker_04.csv,results/batch/sub20_alpha001_002_fpp_exact_tl300/worker_04/json/worker_04_task_025.json,results/batch/sub20_alpha001_002_fpp_exact_tl300/worker_04/solutions,sub20_case02_alpha001_fpp_branch_benders_cvar_pathllbi_rootcuts_na_pathllbi
worker_04_task_026,worker_04,case02,20260601,20260603,Sub20,0.01,100,900,CVaR,FPP-Branch-Benders-CVaR-CoverageLLBI-PathLLBI,FPP-Branch-Benders,,cvar,0.9,1.0,CoverageLLBI+PathLLBI,false,true,true,false,false,,,,,8,300,0.001,1,results/batch/sub20_alpha001_002_fpp_exact_tl300/splits,results/batch/sub20_alpha001_002_fpp_exact_tl300/worker_04,results/batch/sub20_alpha001_002_fpp_exact_tl300/worker_04/batch_results_worker_04.csv,results/batch/sub20_alpha001_002_fpp_exact_tl300/worker_04/json/worker_04_task_026.json,results/batch/sub20_alpha001_002_fpp_exact_tl300/worker_04/solutions,sub20_case02_alpha001_fpp_branch_benders_cvar_coveragellbi_pathllbi_na_coveragellbi_pathllbi
worker_04_task_027,worker_04,case02,20260601,20260603,Sub20,0.01,100,900,CVaR,FPP-Branch-Benders-CVaR-CoverageLLBI-PathLLBI-RootCuts,FPP-Branch-Benders,,cvar,0.9,1.0,CoverageLLBI+PathLLBI,false,true,true,true,false,,,,,8,300,0.001,1,results/batch/sub20_alpha001_002_fpp_exact_tl300/splits,results/batch/sub20_alpha001_002_fpp_exact_tl300/worker_04,results/batch/sub20_alpha001_002_fpp_exact_tl300/worker_04/batch_results_worker_04.csv,results/batch/sub20_alpha001_002_fpp_exact_tl300/worker_04/json/worker_04_task_027.json,results/batch/sub20_alpha001_002_fpp_exact_tl300/worker_04/solutions,sub20_case02_alpha001_fpp_branch_benders_cvar_coveragellbi_pathllbi_rootcuts_na_coveragellbi_pathllbi
worker_04_task_028,worker_04,case02,20260601,20260603,Sub20,0.01,100,900,CVaR,FPP-Branch-Benders-CVaR-LLBI-CoverageLLBI-PathLLBI,FPP-Branch-Benders,,cvar,0.9,1.0,LLBI+CoverageLLBI+PathLLBI,true,true,true,false,false,,,,,8,300,0.001,1,results/batch/sub20_alpha001_002_fpp_exact_tl300/splits,results/batch/sub20_alpha001_002_fpp_exact_tl300/worker_04,results/batch/sub20_alpha001_002_fpp_exact_tl300/worker_04/batch_results_worker_04.csv,results/batch/sub20_alpha001_002_fpp_exact_tl300/worker_04/json/worker_04_task_028.json,results/batch/sub20_alpha001_002_fpp_exact_tl300/worker_04/solutions,sub20_case02_alpha001_fpp_branch_benders_cvar_llbi_coveragellbi_pathllbi_na_llbi_coveragellbi_pathllbi
worker_04_task_029,worker_04,case02,20260601,20260603,Sub20,0.01,100,900,CVaR,FPP-Branch-Benders-CVaR-LLBI-CoverageLLBI-PathLLBI-RootCuts,FPP-Branch-Benders,,cvar,0.9,1.0,LLBI+CoverageLLBI+PathLLBI,true,true,true,true,false,,,,,8,300,0.001,1,results/batch/sub20_alpha001_002_fpp_exact_tl300/splits,results/batch/sub20_alpha001_002_fpp_exact_tl300/worker_04,results/batch/sub20_alpha001_002_fpp_exact_tl300/worker_04/batch_results_worker_04.csv,results/batch/sub20_alpha001_002_fpp_exact_tl300/worker_04/json/worker_04_task_029.json,results/batch/sub20_alpha001_002_fpp_exact_tl300/worker_04/solutions,sub20_case02_alpha001_fpp_branch_benders_cvar_llbi_coveragellbi_pathllbi_rootcuts_na_llbi_coveragellbi_pathllbi
worker_04_task_030,worker_04,case02,20260601,20260603,Sub20,0.01,100,900,MeanCVaR,FPP-Branch-Benders-MeanCVaR,FPP-Branch-Benders,,mean-cvar,0.9,0.5,None,false,false,false,false,false,,,,,8,300,0.001,1,results/batch/sub20_alpha001_002_fpp_exact_tl300/splits,results/batch/sub20_alpha001_002_fpp_exact_tl300/worker_04,results/batch/sub20_alpha001_002_fpp_exact_tl300/worker_04/batch_results_worker_04.csv,results/batch/sub20_alpha001_002_fpp_exact_tl300/worker_04/json/worker_04_task_030.json,results/batch/sub20_alpha001_002_fpp_exact_tl300/worker_04/solutions,sub20_case02_alpha001_fpp_branch_benders_meancvar_na_none
worker_04_task_031,worker_04,case02,20260601,20260603,Sub20,0.01,100,900,MeanCVaR,FPP-Branch-Benders-MeanCVaR-RootCuts,FPP-Branch-Benders,,mean-cvar,0.9,0.5,None,false,false,false,true,false,,,,,8,300,0.001,1,results/batch/sub20_alpha001_002_fpp_exact_tl300/splits,results/batch/sub20_alpha001_002_fpp_exact_tl300/worker_04,results/batch/sub20_alpha001_002_fpp_exact_tl300/worker_04/batch_results_worker_04.csv,results/batch/sub20_alpha001_002_fpp_exact_tl300/worker_04/json/worker_04_task_031.json,results/batch/sub20_alpha001_002_fpp_exact_tl300/worker_04/solutions,sub20_case02_alpha001_fpp_branch_benders_meancvar_rootcuts_na_none
worker_04_task_032,worker_04,case02,20260601,20260603,Sub20,0.01,100,900,MeanCVaR,FPP-Branch-Benders-MeanCVaR-LLBI,FPP-Branch-Benders,,mean-cvar,0.9,0.5,LLBI,true,false,false,false,false,,,,,8,300,0.001,1,results/batch/sub20_alpha001_002_fpp_exact_tl300/splits,results/batch/sub20_alpha001_002_fpp_exact_tl300/worker_04,results/batch/sub20_alpha001_002_fpp_exact_tl300/worker_04/batch_results_worker_04.csv,results/batch/sub20_alpha001_002_fpp_exact_tl300/worker_04/json/worker_04_task_032.json,results/batch/sub20_alpha001_002_fpp_exact_tl300/worker_04/solutions,sub20_case02_alpha001_fpp_branch_benders_meancvar_llbi_na_llbi
worker_04_task_033,worker_04,case02,20260601,20260603,Sub20,0.01,100,900,MeanCVaR,FPP-Branch-Benders-MeanCVaR-LLBI-RootCuts,FPP-Branch-Benders,,mean-cvar,0.9,0.5,LLBI,true,false,false,true,false,,,,,8,300,0.001,1,results/batch/sub20_alpha001_002_fpp_exact_tl300/splits,results/batch/sub20_alpha001_002_fpp_exact_tl300/worker_04,results/batch/sub20_alpha001_002_fpp_exact_tl300/worker_04/batch_results_worker_04.csv,results/batch/sub20_alpha001_002_fpp_exact_tl300/worker_04/json/worker_04_task_033.json,results/batch/sub20_alpha001_002_fpp_exact_tl300/worker_04/solutions,sub20_case02_alpha001_fpp_branch_benders_meancvar_llbi_rootcuts_na_llbi
worker_04_task_034,worker_04,case02,20260601,20260603,Sub20,0.01,100,900,MeanCVaR,FPP-Branch-Benders-MeanCVaR-CoverageLLBI,FPP-Branch-Benders,,mean-cvar,0.9,0.5,CoverageLLBI,false,true,false,false,false,,,,,8,300,0.001,1,results/batch/sub20_alpha001_002_fpp_exact_tl300/splits,results/batch/sub20_alpha001_002_fpp_exact_tl300/worker_04,results/batch/sub20_alpha001_002_fpp_exact_tl300/worker_04/batch_results_worker_04.csv,results/batch/sub20_alpha001_002_fpp_exact_tl300/worker_04/json/worker_04_task_034.json,results/batch/sub20_alpha001_002_fpp_exact_tl300/worker_04/solutions,sub20_case02_alpha001_fpp_branch_benders_meancvar_coveragellbi_na_coveragellbi
worker_04_task_035,worker_04,case02,20260601,20260603,Sub20,0.01,100,900,MeanCVaR,FPP-Branch-Benders-MeanCVaR-CoverageLLBI-RootCuts,FPP-Branch-Benders,,mean-cvar,0.9,0.5,CoverageLLBI,false,true,false,true,false,,,,,8,300,0.001,1,results/batch/sub20_alpha001_002_fpp_exact_tl300/splits,results/batch/sub20_alpha001_002_fpp_exact_tl300/worker_04,results/batch/sub20_alpha001_002_fpp_exact_tl300/worker_04/batch_results_worker_04.csv,results/batch/sub20_alpha001_002_fpp_exact_tl300/worker_04/json/worker_04_task_035.json,results/batch/sub20_alpha001_002_fpp_exact_tl300/worker_04/solutions,sub20_case02_alpha001_fpp_branch_benders_meancvar_coveragellbi_rootcuts_na_coveragellbi
worker_04_task_036,worker_04,case02,20260601,20260603,Sub20,0.01,100,900,MeanCVaR,FPP-Branch-Benders-MeanCVaR-PathLLBI,FPP-Branch-Benders,,mean-cvar,0.9,0.5,PathLLBI,false,false,true,false,false,,,,,8,300,0.001,1,results/batch/sub20_alpha001_002_fpp_exact_tl300/splits,results/batch/sub20_alpha001_002_fpp_exact_tl300/worker_04,results/batch/sub20_alpha001_002_fpp_exact_tl300/worker_04/batch_results_worker_04.csv,results/batch/sub20_alpha001_002_fpp_exact_tl300/worker_04/json/worker_04_task_036.json,results/batch/sub20_alpha001_002_fpp_exact_tl300/worker_04/solutions,sub20_case02_alpha001_fpp_branch_benders_meancvar_pathllbi_na_pathllbi
worker_04_task_037,worker_04,case02,20260601,20260603,Sub20,0.01,100,900,MeanCVaR,FPP-Branch-Benders-MeanCVaR-PathLLBI-RootCuts,FPP-Branch-Benders,,mean-cvar,0.9,0.5,PathLLBI,false,false,true,true,false,,,,,8,300,0.001,1,results/batch/sub20_alpha001_002_fpp_exact_tl300/splits,results/batch/sub20_alpha001_002_fpp_exact_tl300/worker_04,results/batch/sub20_alpha001_002_fpp_exact_tl300/worker_04/batch_results_worker_04.csv,results/batch/sub20_alpha001_002_fpp_exact_tl300/worker_04/json/worker_04_task_037.json,results/batch/sub20_alpha001_002_fpp_exact_tl300/worker_04/solutions,sub20_case02_alpha001_fpp_branch_benders_meancvar_pathllbi_rootcuts_na_pathllbi
worker_04_task_038,worker_04,case02,20260601,20260603,Sub20,0.01,100,900,MeanCVaR,FPP-Branch-Benders-MeanCVaR-CoverageLLBI-PathLLBI,FPP-Branch-Benders,,mean-cvar,0.9,0.5,CoverageLLBI+PathLLBI,false,true,true,false,false,,,,,8,300,0.001,1,results/batch/sub20_alpha001_002_fpp_exact_tl300/splits,results/batch/sub20_alpha001_002_fpp_exact_tl300/worker_04,results/batch/sub20_alpha001_002_fpp_exact_tl300/worker_04/batch_results_worker_04.csv,results/batch/sub20_alpha001_002_fpp_exact_tl300/worker_04/json/worker_04_task_038.json,results/batch/sub20_alpha001_002_fpp_exact_tl300/worker_04/solutions,sub20_case02_alpha001_fpp_branch_benders_meancvar_coveragellbi_pathllbi_na_coveragellbi_pathllbi
worker_04_task_039,worker_04,case02,20260601,20260603,Sub20,0.01,100,900,MeanCVaR,FPP-Branch-Benders-MeanCVaR-CoverageLLBI-PathLLBI-RootCuts,FPP-Branch-Benders,,mean-cvar,0.9,0.5,CoverageLLBI+PathLLBI,false,true,true,true,false,,,,,8,300,0.001,1,results/batch/sub20_alpha001_002_fpp_exact_tl300/splits,results/batch/sub20_alpha001_002_fpp_exact_tl300/worker_04,results/batch/sub20_alpha001_002_fpp_exact_tl300/worker_04/batch_results_worker_04.csv,results/batch/sub20_alpha001_002_fpp_exact_tl300/worker_04/json/worker_04_task_039.json,results/batch/sub20_alpha001_002_fpp_exact_tl300/worker_04/solutions,sub20_case02_alpha001_fpp_branch_benders_meancvar_coveragellbi_pathllbi_rootcuts_na_coveragellbi_pathllbi
worker_04_task_040,worker_04,case02,20260601,20260603,Sub20,0.01,100,900,MeanCVaR,FPP-Branch-Benders-MeanCVaR-LLBI-CoverageLLBI-PathLLBI,FPP-Branch-Benders,,mean-cvar,0.9,0.5,LLBI+CoverageLLBI+PathLLBI,true,true,true,false,false,,,,,8,300,0.001,1,results/batch/sub20_alpha001_002_fpp_exact_tl300/splits,results/batch/sub20_alpha001_002_fpp_exact_tl300/worker_04,results/batch/sub20_alpha001_002_fpp_exact_tl300/worker_04/batch_results_worker_04.csv,results/batch/sub20_alpha001_002_fpp_exact_tl300/worker_04/json/worker_04_task_040.json,results/batch/sub20_alpha001_002_fpp_exact_tl300/worker_04/solutions,sub20_case02_alpha001_fpp_branch_benders_meancvar_llbi_coveragellbi_pathllbi_na_llbi_coveragellbi_pathllbi
worker_04_task_041,worker_04,case02,20260601,20260603,Sub20,0.01,100,900,MeanCVaR,FPP-Branch-Benders-MeanCVaR-LLBI-CoverageLLBI-PathLLBI-RootCuts,FPP-Branch-Benders,,mean-cvar,0.9,0.5,LLBI+CoverageLLBI+PathLLBI,true,true,true,true,false,,,,,8,300,0.001,1,results/batch/sub20_alpha001_002_fpp_exact_tl300/splits,results/batch/sub20_alpha001_002_fpp_exact_tl300/worker_04,results/batch/sub20_alpha001_002_fpp_exact_tl300/worker_04/batch_results_worker_04.csv,results/batch/sub20_alpha001_002_fpp_exact_tl300/worker_04/json/worker_04_task_041.json,results/batch/sub20_alpha001_002_fpp_exact_tl300/worker_04/solutions,sub20_case02_alpha001_fpp_branch_benders_meancvar_llbi_coveragellbi_pathllbi_rootcuts_na_llbi_coveragellbi_pathllbi
worker_04_task_042,worker_04,case02,20260601,20260603,Sub20,0.01,100,900,Expected,FPP-Branch-Benders-Combinatorial,FPP-Branch-Benders-Combinatorial,,expected,0.9,1.0,Combinatorial,false,false,false,false,true,heuristic,0.10,true,true,8,300,0.001,1,results/batch/sub20_alpha001_002_fpp_exact_tl300/splits,results/batch/sub20_alpha001_002_fpp_exact_tl300/worker_04,results/batch/sub20_alpha001_002_fpp_exact_tl300/worker_04/batch_results_worker_04.csv,results/batch/sub20_alpha001_002_fpp_exact_tl300/worker_04/json/worker_04_task_042.json,results/batch/sub20_alpha001_002_fpp_exact_tl300/worker_04/solutions,sub20_case02_alpha001_fpp_branch_benders_combinatorial_na_combinatorial
worker_04_task_043,worker_04,case02,20260601,20260603,Sub20,0.01,100,900,CVaR,FPP-Branch-Benders-Combinatorial-CVaR,FPP-Branch-Benders-Combinatorial,,cvar,0.9,1.0,Combinatorial,false,false,false,false,true,heuristic,0.10,true,true,8,300,0.001,1,results/batch/sub20_alpha001_002_fpp_exact_tl300/splits,results/batch/sub20_alpha001_002_fpp_exact_tl300/worker_04,results/batch/sub20_alpha001_002_fpp_exact_tl300/worker_04/batch_results_worker_04.csv,results/batch/sub20_alpha001_002_fpp_exact_tl300/worker_04/json/worker_04_task_043.json,results/batch/sub20_alpha001_002_fpp_exact_tl300/worker_04/solutions,sub20_case02_alpha001_fpp_branch_benders_combinatorial_cvar_na_combinatorial
worker_04_task_044,worker_04,case02,20260601,20260603,Sub20,0.01,100,900,MeanCVaR,FPP-Branch-Benders-Combinatorial-MeanCVaR,FPP-Branch-Benders-Combinatorial,,mean-cvar,0.9,0.5,Combinatorial,false,false,false,false,true,heuristic,0.10,true,true,8,300,0.001,1,results/batch/sub20_alpha001_002_fpp_exact_tl300/splits,results/batch/sub20_alpha001_002_fpp_exact_tl300/worker_04,results/batch/sub20_alpha001_002_fpp_exact_tl300/worker_04/batch_results_worker_04.csv,results/batch/sub20_alpha001_002_fpp_exact_tl300/worker_04/json/worker_04_task_044.json,results/batch/sub20_alpha001_002_fpp_exact_tl300/worker_04/solutions,sub20_case02_alpha001_fpp_branch_benders_combinatorial_meancvar_na_combinatorial
worker_05_task_000,worker_05,case02,20260601,20260603,Sub20,0.02,100,900,Expected,FPP-SAA,FPP-SAA,fpp_base,expected,0.9,1.0,None,false,false,false,false,false,,,,,8,300,0.001,1,results/batch/sub20_alpha001_002_fpp_exact_tl300/splits,results/batch/sub20_alpha001_002_fpp_exact_tl300/worker_05,results/batch/sub20_alpha001_002_fpp_exact_tl300/worker_05/batch_results_worker_05.csv,results/batch/sub20_alpha001_002_fpp_exact_tl300/worker_05/json/worker_05_task_000.json,results/batch/sub20_alpha001_002_fpp_exact_tl300/worker_05/solutions,sub20_case02_alpha002_fpp_saa_fpp_base_none
worker_05_task_001,worker_05,case02,20260601,20260603,Sub20,0.02,100,900,Expected,FPP-SAA,FPP-SAA,fpp_cut,expected,0.9,1.0,None,false,false,false,false,false,,,,,8,300,0.001,1,results/batch/sub20_alpha001_002_fpp_exact_tl300/splits,results/batch/sub20_alpha001_002_fpp_exact_tl300/worker_05,results/batch/sub20_alpha001_002_fpp_exact_tl300/worker_05/batch_results_worker_05.csv,results/batch/sub20_alpha001_002_fpp_exact_tl300/worker_05/json/worker_05_task_001.json,results/batch/sub20_alpha001_002_fpp_exact_tl300/worker_05/solutions,sub20_case02_alpha002_fpp_saa_fpp_cut_none
worker_05_task_002,worker_05,case02,20260601,20260603,Sub20,0.02,100,900,CVaR,FPP-SAA-CVaR,FPP-SAA,fpp_base,cvar,0.9,1.0,None,false,false,false,false,false,,,,,8,300,0.001,1,results/batch/sub20_alpha001_002_fpp_exact_tl300/splits,results/batch/sub20_alpha001_002_fpp_exact_tl300/worker_05,results/batch/sub20_alpha001_002_fpp_exact_tl300/worker_05/batch_results_worker_05.csv,results/batch/sub20_alpha001_002_fpp_exact_tl300/worker_05/json/worker_05_task_002.json,results/batch/sub20_alpha001_002_fpp_exact_tl300/worker_05/solutions,sub20_case02_alpha002_fpp_saa_cvar_fpp_base_none
worker_05_task_003,worker_05,case02,20260601,20260603,Sub20,0.02,100,900,CVaR,FPP-SAA-CVaR,FPP-SAA,fpp_cut,cvar,0.9,1.0,None,false,false,false,false,false,,,,,8,300,0.001,1,results/batch/sub20_alpha001_002_fpp_exact_tl300/splits,results/batch/sub20_alpha001_002_fpp_exact_tl300/worker_05,results/batch/sub20_alpha001_002_fpp_exact_tl300/worker_05/batch_results_worker_05.csv,results/batch/sub20_alpha001_002_fpp_exact_tl300/worker_05/json/worker_05_task_003.json,results/batch/sub20_alpha001_002_fpp_exact_tl300/worker_05/solutions,sub20_case02_alpha002_fpp_saa_cvar_fpp_cut_none
worker_05_task_004,worker_05,case02,20260601,20260603,Sub20,0.02,100,900,MeanCVaR,FPP-SAA-MeanCVaR,FPP-SAA,fpp_base,mean-cvar,0.9,0.5,None,false,false,false,false,false,,,,,8,300,0.001,1,results/batch/sub20_alpha001_002_fpp_exact_tl300/splits,results/batch/sub20_alpha001_002_fpp_exact_tl300/worker_05,results/batch/sub20_alpha001_002_fpp_exact_tl300/worker_05/batch_results_worker_05.csv,results/batch/sub20_alpha001_002_fpp_exact_tl300/worker_05/json/worker_05_task_004.json,results/batch/sub20_alpha001_002_fpp_exact_tl300/worker_05/solutions,sub20_case02_alpha002_fpp_saa_meancvar_fpp_base_none
worker_05_task_005,worker_05,case02,20260601,20260603,Sub20,0.02,100,900,MeanCVaR,FPP-SAA-MeanCVaR,FPP-SAA,fpp_cut,mean-cvar,0.9,0.5,None,false,false,false,false,false,,,,,8,300,0.001,1,results/batch/sub20_alpha001_002_fpp_exact_tl300/splits,results/batch/sub20_alpha001_002_fpp_exact_tl300/worker_05,results/batch/sub20_alpha001_002_fpp_exact_tl300/worker_05/batch_results_worker_05.csv,results/batch/sub20_alpha001_002_fpp_exact_tl300/worker_05/json/worker_05_task_005.json,results/batch/sub20_alpha001_002_fpp_exact_tl300/worker_05/solutions,sub20_case02_alpha002_fpp_saa_meancvar_fpp_cut_none
worker_05_task_006,worker_05,case02,20260601,20260603,Sub20,0.02,100,900,Expected,FPP-Branch-Benders,FPP-Branch-Benders,,expected,0.9,1.0,None,false,false,false,false,false,,,,,8,300,0.001,1,results/batch/sub20_alpha001_002_fpp_exact_tl300/splits,results/batch/sub20_alpha001_002_fpp_exact_tl300/worker_05,results/batch/sub20_alpha001_002_fpp_exact_tl300/worker_05/batch_results_worker_05.csv,results/batch/sub20_alpha001_002_fpp_exact_tl300/worker_05/json/worker_05_task_006.json,results/batch/sub20_alpha001_002_fpp_exact_tl300/worker_05/solutions,sub20_case02_alpha002_fpp_branch_benders_na_none
worker_05_task_007,worker_05,case02,20260601,20260603,Sub20,0.02,100,900,Expected,FPP-Branch-Benders-RootCuts,FPP-Branch-Benders,,expected,0.9,1.0,None,false,false,false,true,false,,,,,8,300,0.001,1,results/batch/sub20_alpha001_002_fpp_exact_tl300/splits,results/batch/sub20_alpha001_002_fpp_exact_tl300/worker_05,results/batch/sub20_alpha001_002_fpp_exact_tl300/worker_05/batch_results_worker_05.csv,results/batch/sub20_alpha001_002_fpp_exact_tl300/worker_05/json/worker_05_task_007.json,results/batch/sub20_alpha001_002_fpp_exact_tl300/worker_05/solutions,sub20_case02_alpha002_fpp_branch_benders_rootcuts_na_none
worker_05_task_008,worker_05,case02,20260601,20260603,Sub20,0.02,100,900,Expected,FPP-Branch-Benders-LLBI,FPP-Branch-Benders,,expected,0.9,1.0,LLBI,true,false,false,false,false,,,,,8,300,0.001,1,results/batch/sub20_alpha001_002_fpp_exact_tl300/splits,results/batch/sub20_alpha001_002_fpp_exact_tl300/worker_05,results/batch/sub20_alpha001_002_fpp_exact_tl300/worker_05/batch_results_worker_05.csv,results/batch/sub20_alpha001_002_fpp_exact_tl300/worker_05/json/worker_05_task_008.json,results/batch/sub20_alpha001_002_fpp_exact_tl300/worker_05/solutions,sub20_case02_alpha002_fpp_branch_benders_llbi_na_llbi
worker_05_task_009,worker_05,case02,20260601,20260603,Sub20,0.02,100,900,Expected,FPP-Branch-Benders-LLBI-RootCuts,FPP-Branch-Benders,,expected,0.9,1.0,LLBI,true,false,false,true,false,,,,,8,300,0.001,1,results/batch/sub20_alpha001_002_fpp_exact_tl300/splits,results/batch/sub20_alpha001_002_fpp_exact_tl300/worker_05,results/batch/sub20_alpha001_002_fpp_exact_tl300/worker_05/batch_results_worker_05.csv,results/batch/sub20_alpha001_002_fpp_exact_tl300/worker_05/json/worker_05_task_009.json,results/batch/sub20_alpha001_002_fpp_exact_tl300/worker_05/solutions,sub20_case02_alpha002_fpp_branch_benders_llbi_rootcuts_na_llbi
worker_05_task_010,worker_05,case02,20260601,20260603,Sub20,0.02,100,900,Expected,FPP-Branch-Benders-CoverageLLBI,FPP-Branch-Benders,,expected,0.9,1.0,CoverageLLBI,false,true,false,false,false,,,,,8,300,0.001,1,results/batch/sub20_alpha001_002_fpp_exact_tl300/splits,results/batch/sub20_alpha001_002_fpp_exact_tl300/worker_05,results/batch/sub20_alpha001_002_fpp_exact_tl300/worker_05/batch_results_worker_05.csv,results/batch/sub20_alpha001_002_fpp_exact_tl300/worker_05/json/worker_05_task_010.json,results/batch/sub20_alpha001_002_fpp_exact_tl300/worker_05/solutions,sub20_case02_alpha002_fpp_branch_benders_coveragellbi_na_coveragellbi
worker_05_task_011,worker_05,case02,20260601,20260603,Sub20,0.02,100,900,Expected,FPP-Branch-Benders-CoverageLLBI-RootCuts,FPP-Branch-Benders,,expected,0.9,1.0,CoverageLLBI,false,true,false,true,false,,,,,8,300,0.001,1,results/batch/sub20_alpha001_002_fpp_exact_tl300/splits,results/batch/sub20_alpha001_002_fpp_exact_tl300/worker_05,results/batch/sub20_alpha001_002_fpp_exact_tl300/worker_05/batch_results_worker_05.csv,results/batch/sub20_alpha001_002_fpp_exact_tl300/worker_05/json/worker_05_task_011.json,results/batch/sub20_alpha001_002_fpp_exact_tl300/worker_05/solutions,sub20_case02_alpha002_fpp_branch_benders_coveragellbi_rootcuts_na_coveragellbi
worker_05_task_012,worker_05,case02,20260601,20260603,Sub20,0.02,100,900,Expected,FPP-Branch-Benders-PathLLBI,FPP-Branch-Benders,,expected,0.9,1.0,PathLLBI,false,false,true,false,false,,,,,8,300,0.001,1,results/batch/sub20_alpha001_002_fpp_exact_tl300/splits,results/batch/sub20_alpha001_002_fpp_exact_tl300/worker_05,results/batch/sub20_alpha001_002_fpp_exact_tl300/worker_05/batch_results_worker_05.csv,results/batch/sub20_alpha001_002_fpp_exact_tl300/worker_05/json/worker_05_task_012.json,results/batch/sub20_alpha001_002_fpp_exact_tl300/worker_05/solutions,sub20_case02_alpha002_fpp_branch_benders_pathllbi_na_pathllbi
worker_05_task_013,worker_05,case02,20260601,20260603,Sub20,0.02,100,900,Expected,FPP-Branch-Benders-PathLLBI-RootCuts,FPP-Branch-Benders,,expected,0.9,1.0,PathLLBI,false,false,true,true,false,,,,,8,300,0.001,1,results/batch/sub20_alpha001_002_fpp_exact_tl300/splits,results/batch/sub20_alpha001_002_fpp_exact_tl300/worker_05,results/batch/sub20_alpha001_002_fpp_exact_tl300/worker_05/batch_results_worker_05.csv,results/batch/sub20_alpha001_002_fpp_exact_tl300/worker_05/json/worker_05_task_013.json,results/batch/sub20_alpha001_002_fpp_exact_tl300/worker_05/solutions,sub20_case02_alpha002_fpp_branch_benders_pathllbi_rootcuts_na_pathllbi
worker_05_task_014,worker_05,case02,20260601,20260603,Sub20,0.02,100,900,Expected,FPP-Branch-Benders-CoverageLLBI-PathLLBI,FPP-Branch-Benders,,expected,0.9,1.0,CoverageLLBI+PathLLBI,false,true,true,false,false,,,,,8,300,0.001,1,results/batch/sub20_alpha001_002_fpp_exact_tl300/splits,results/batch/sub20_alpha001_002_fpp_exact_tl300/worker_05,results/batch/sub20_alpha001_002_fpp_exact_tl300/worker_05/batch_results_worker_05.csv,results/batch/sub20_alpha001_002_fpp_exact_tl300/worker_05/json/worker_05_task_014.json,results/batch/sub20_alpha001_002_fpp_exact_tl300/worker_05/solutions,sub20_case02_alpha002_fpp_branch_benders_coveragellbi_pathllbi_na_coveragellbi_pathllbi
worker_05_task_015,worker_05,case02,20260601,20260603,Sub20,0.02,100,900,Expected,FPP-Branch-Benders-CoverageLLBI-PathLLBI-RootCuts,FPP-Branch-Benders,,expected,0.9,1.0,CoverageLLBI+PathLLBI,false,true,true,true,false,,,,,8,300,0.001,1,results/batch/sub20_alpha001_002_fpp_exact_tl300/splits,results/batch/sub20_alpha001_002_fpp_exact_tl300/worker_05,results/batch/sub20_alpha001_002_fpp_exact_tl300/worker_05/batch_results_worker_05.csv,results/batch/sub20_alpha001_002_fpp_exact_tl300/worker_05/json/worker_05_task_015.json,results/batch/sub20_alpha001_002_fpp_exact_tl300/worker_05/solutions,sub20_case02_alpha002_fpp_branch_benders_coveragellbi_pathllbi_rootcuts_na_coveragellbi_pathllbi
worker_05_task_016,worker_05,case02,20260601,20260603,Sub20,0.02,100,900,Expected,FPP-Branch-Benders-LLBI-CoverageLLBI-PathLLBI,FPP-Branch-Benders,,expected,0.9,1.0,LLBI+CoverageLLBI+PathLLBI,true,true,true,false,false,,,,,8,300,0.001,1,results/batch/sub20_alpha001_002_fpp_exact_tl300/splits,results/batch/sub20_alpha001_002_fpp_exact_tl300/worker_05,results/batch/sub20_alpha001_002_fpp_exact_tl300/worker_05/batch_results_worker_05.csv,results/batch/sub20_alpha001_002_fpp_exact_tl300/worker_05/json/worker_05_task_016.json,results/batch/sub20_alpha001_002_fpp_exact_tl300/worker_05/solutions,sub20_case02_alpha002_fpp_branch_benders_llbi_coveragellbi_pathllbi_na_llbi_coveragellbi_pathllbi
worker_05_task_017,worker_05,case02,20260601,20260603,Sub20,0.02,100,900,Expected,FPP-Branch-Benders-LLBI-CoverageLLBI-PathLLBI-RootCuts,FPP-Branch-Benders,,expected,0.9,1.0,LLBI+CoverageLLBI+PathLLBI,true,true,true,true,false,,,,,8,300,0.001,1,results/batch/sub20_alpha001_002_fpp_exact_tl300/splits,results/batch/sub20_alpha001_002_fpp_exact_tl300/worker_05,results/batch/sub20_alpha001_002_fpp_exact_tl300/worker_05/batch_results_worker_05.csv,results/batch/sub20_alpha001_002_fpp_exact_tl300/worker_05/json/worker_05_task_017.json,results/batch/sub20_alpha001_002_fpp_exact_tl300/worker_05/solutions,sub20_case02_alpha002_fpp_branch_benders_llbi_coveragellbi_pathllbi_rootcuts_na_llbi_coveragellbi_pathllbi
worker_05_task_018,worker_05,case02,20260601,20260603,Sub20,0.02,100,900,CVaR,FPP-Branch-Benders-CVaR,FPP-Branch-Benders,,cvar,0.9,1.0,None,false,false,false,false,false,,,,,8,300,0.001,1,results/batch/sub20_alpha001_002_fpp_exact_tl300/splits,results/batch/sub20_alpha001_002_fpp_exact_tl300/worker_05,results/batch/sub20_alpha001_002_fpp_exact_tl300/worker_05/batch_results_worker_05.csv,results/batch/sub20_alpha001_002_fpp_exact_tl300/worker_05/json/worker_05_task_018.json,results/batch/sub20_alpha001_002_fpp_exact_tl300/worker_05/solutions,sub20_case02_alpha002_fpp_branch_benders_cvar_na_none
worker_05_task_019,worker_05,case02,20260601,20260603,Sub20,0.02,100,900,CVaR,FPP-Branch-Benders-CVaR-RootCuts,FPP-Branch-Benders,,cvar,0.9,1.0,None,false,false,false,true,false,,,,,8,300,0.001,1,results/batch/sub20_alpha001_002_fpp_exact_tl300/splits,results/batch/sub20_alpha001_002_fpp_exact_tl300/worker_05,results/batch/sub20_alpha001_002_fpp_exact_tl300/worker_05/batch_results_worker_05.csv,results/batch/sub20_alpha001_002_fpp_exact_tl300/worker_05/json/worker_05_task_019.json,results/batch/sub20_alpha001_002_fpp_exact_tl300/worker_05/solutions,sub20_case02_alpha002_fpp_branch_benders_cvar_rootcuts_na_none
worker_05_task_020,worker_05,case02,20260601,20260603,Sub20,0.02,100,900,CVaR,FPP-Branch-Benders-CVaR-LLBI,FPP-Branch-Benders,,cvar,0.9,1.0,LLBI,true,false,false,false,false,,,,,8,300,0.001,1,results/batch/sub20_alpha001_002_fpp_exact_tl300/splits,results/batch/sub20_alpha001_002_fpp_exact_tl300/worker_05,results/batch/sub20_alpha001_002_fpp_exact_tl300/worker_05/batch_results_worker_05.csv,results/batch/sub20_alpha001_002_fpp_exact_tl300/worker_05/json/worker_05_task_020.json,results/batch/sub20_alpha001_002_fpp_exact_tl300/worker_05/solutions,sub20_case02_alpha002_fpp_branch_benders_cvar_llbi_na_llbi
worker_05_task_021,worker_05,case02,20260601,20260603,Sub20,0.02,100,900,CVaR,FPP-Branch-Benders-CVaR-LLBI-RootCuts,FPP-Branch-Benders,,cvar,0.9,1.0,LLBI,true,false,false,true,false,,,,,8,300,0.001,1,results/batch/sub20_alpha001_002_fpp_exact_tl300/splits,results/batch/sub20_alpha001_002_fpp_exact_tl300/worker_05,results/batch/sub20_alpha001_002_fpp_exact_tl300/worker_05/batch_results_worker_05.csv,results/batch/sub20_alpha001_002_fpp_exact_tl300/worker_05/json/worker_05_task_021.json,results/batch/sub20_alpha001_002_fpp_exact_tl300/worker_05/solutions,sub20_case02_alpha002_fpp_branch_benders_cvar_llbi_rootcuts_na_llbi
worker_05_task_022,worker_05,case02,20260601,20260603,Sub20,0.02,100,900,CVaR,FPP-Branch-Benders-CVaR-CoverageLLBI,FPP-Branch-Benders,,cvar,0.9,1.0,CoverageLLBI,false,true,false,false,false,,,,,8,300,0.001,1,results/batch/sub20_alpha001_002_fpp_exact_tl300/splits,results/batch/sub20_alpha001_002_fpp_exact_tl300/worker_05,results/batch/sub20_alpha001_002_fpp_exact_tl300/worker_05/batch_results_worker_05.csv,results/batch/sub20_alpha001_002_fpp_exact_tl300/worker_05/json/worker_05_task_022.json,results/batch/sub20_alpha001_002_fpp_exact_tl300/worker_05/solutions,sub20_case02_alpha002_fpp_branch_benders_cvar_coveragellbi_na_coveragellbi
worker_05_task_023,worker_05,case02,20260601,20260603,Sub20,0.02,100,900,CVaR,FPP-Branch-Benders-CVaR-CoverageLLBI-RootCuts,FPP-Branch-Benders,,cvar,0.9,1.0,CoverageLLBI,false,true,false,true,false,,,,,8,300,0.001,1,results/batch/sub20_alpha001_002_fpp_exact_tl300/splits,results/batch/sub20_alpha001_002_fpp_exact_tl300/worker_05,results/batch/sub20_alpha001_002_fpp_exact_tl300/worker_05/batch_results_worker_05.csv,results/batch/sub20_alpha001_002_fpp_exact_tl300/worker_05/json/worker_05_task_023.json,results/batch/sub20_alpha001_002_fpp_exact_tl300/worker_05/solutions,sub20_case02_alpha002_fpp_branch_benders_cvar_coveragellbi_rootcuts_na_coveragellbi
worker_05_task_024,worker_05,case02,20260601,20260603,Sub20,0.02,100,900,CVaR,FPP-Branch-Benders-CVaR-PathLLBI,FPP-Branch-Benders,,cvar,0.9,1.0,PathLLBI,false,false,true,false,false,,,,,8,300,0.001,1,results/batch/sub20_alpha001_002_fpp_exact_tl300/splits,results/batch/sub20_alpha001_002_fpp_exact_tl300/worker_05,results/batch/sub20_alpha001_002_fpp_exact_tl300/worker_05/batch_results_worker_05.csv,results/batch/sub20_alpha001_002_fpp_exact_tl300/worker_05/json/worker_05_task_024.json,results/batch/sub20_alpha001_002_fpp_exact_tl300/worker_05/solutions,sub20_case02_alpha002_fpp_branch_benders_cvar_pathllbi_na_pathllbi
worker_05_task_025,worker_05,case02,20260601,20260603,Sub20,0.02,100,900,CVaR,FPP-Branch-Benders-CVaR-PathLLBI-RootCuts,FPP-Branch-Benders,,cvar,0.9,1.0,PathLLBI,false,false,true,true,false,,,,,8,300,0.001,1,results/batch/sub20_alpha001_002_fpp_exact_tl300/splits,results/batch/sub20_alpha001_002_fpp_exact_tl300/worker_05,results/batch/sub20_alpha001_002_fpp_exact_tl300/worker_05/batch_results_worker_05.csv,results/batch/sub20_alpha001_002_fpp_exact_tl300/worker_05/json/worker_05_task_025.json,results/batch/sub20_alpha001_002_fpp_exact_tl300/worker_05/solutions,sub20_case02_alpha002_fpp_branch_benders_cvar_pathllbi_rootcuts_na_pathllbi
worker_05_task_026,worker_05,case02,20260601,20260603,Sub20,0.02,100,900,CVaR,FPP-Branch-Benders-CVaR-CoverageLLBI-PathLLBI,FPP-Branch-Benders,,cvar,0.9,1.0,CoverageLLBI+PathLLBI,false,true,true,false,false,,,,,8,300,0.001,1,results/batch/sub20_alpha001_002_fpp_exact_tl300/splits,results/batch/sub20_alpha001_002_fpp_exact_tl300/worker_05,results/batch/sub20_alpha001_002_fpp_exact_tl300/worker_05/batch_results_worker_05.csv,results/batch/sub20_alpha001_002_fpp_exact_tl300/worker_05/json/worker_05_task_026.json,results/batch/sub20_alpha001_002_fpp_exact_tl300/worker_05/solutions,sub20_case02_alpha002_fpp_branch_benders_cvar_coveragellbi_pathllbi_na_coveragellbi_pathllbi
worker_05_task_027,worker_05,case02,20260601,20260603,Sub20,0.02,100,900,CVaR,FPP-Branch-Benders-CVaR-CoverageLLBI-PathLLBI-RootCuts,FPP-Branch-Benders,,cvar,0.9,1.0,CoverageLLBI+PathLLBI,false,true,true,true,false,,,,,8,300,0.001,1,results/batch/sub20_alpha001_002_fpp_exact_tl300/splits,results/batch/sub20_alpha001_002_fpp_exact_tl300/worker_05,results/batch/sub20_alpha001_002_fpp_exact_tl300/worker_05/batch_results_worker_05.csv,results/batch/sub20_alpha001_002_fpp_exact_tl300/worker_05/json/worker_05_task_027.json,results/batch/sub20_alpha001_002_fpp_exact_tl300/worker_05/solutions,sub20_case02_alpha002_fpp_branch_benders_cvar_coveragellbi_pathllbi_rootcuts_na_coveragellbi_pathllbi
worker_05_task_028,worker_05,case02,20260601,20260603,Sub20,0.02,100,900,CVaR,FPP-Branch-Benders-CVaR-LLBI-CoverageLLBI-PathLLBI,FPP-Branch-Benders,,cvar,0.9,1.0,LLBI+CoverageLLBI+PathLLBI,true,true,true,false,false,,,,,8,300,0.001,1,results/batch/sub20_alpha001_002_fpp_exact_tl300/splits,results/batch/sub20_alpha001_002_fpp_exact_tl300/worker_05,results/batch/sub20_alpha001_002_fpp_exact_tl300/worker_05/batch_results_worker_05.csv,results/batch/sub20_alpha001_002_fpp_exact_tl300/worker_05/json/worker_05_task_028.json,results/batch/sub20_alpha001_002_fpp_exact_tl300/worker_05/solutions,sub20_case02_alpha002_fpp_branch_benders_cvar_llbi_coveragellbi_pathllbi_na_llbi_coveragellbi_pathllbi
worker_05_task_029,worker_05,case02,20260601,20260603,Sub20,0.02,100,900,CVaR,FPP-Branch-Benders-CVaR-LLBI-CoverageLLBI-PathLLBI-RootCuts,FPP-Branch-Benders,,cvar,0.9,1.0,LLBI+CoverageLLBI+PathLLBI,true,true,true,true,false,,,,,8,300,0.001,1,results/batch/sub20_alpha001_002_fpp_exact_tl300/splits,results/batch/sub20_alpha001_002_fpp_exact_tl300/worker_05,results/batch/sub20_alpha001_002_fpp_exact_tl300/worker_05/batch_results_worker_05.csv,results/batch/sub20_alpha001_002_fpp_exact_tl300/worker_05/json/worker_05_task_029.json,results/batch/sub20_alpha001_002_fpp_exact_tl300/worker_05/solutions,sub20_case02_alpha002_fpp_branch_benders_cvar_llbi_coveragellbi_pathllbi_rootcuts_na_llbi_coveragellbi_pathllbi
worker_05_task_030,worker_05,case02,20260601,20260603,Sub20,0.02,100,900,MeanCVaR,FPP-Branch-Benders-MeanCVaR,FPP-Branch-Benders,,mean-cvar,0.9,0.5,None,false,false,false,false,false,,,,,8,300,0.001,1,results/batch/sub20_alpha001_002_fpp_exact_tl300/splits,results/batch/sub20_alpha001_002_fpp_exact_tl300/worker_05,results/batch/sub20_alpha001_002_fpp_exact_tl300/worker_05/batch_results_worker_05.csv,results/batch/sub20_alpha001_002_fpp_exact_tl300/worker_05/json/worker_05_task_030.json,results/batch/sub20_alpha001_002_fpp_exact_tl300/worker_05/solutions,sub20_case02_alpha002_fpp_branch_benders_meancvar_na_none
worker_05_task_031,worker_05,case02,20260601,20260603,Sub20,0.02,100,900,MeanCVaR,FPP-Branch-Benders-MeanCVaR-RootCuts,FPP-Branch-Benders,,mean-cvar,0.9,0.5,None,false,false,false,true,false,,,,,8,300,0.001,1,results/batch/sub20_alpha001_002_fpp_exact_tl300/splits,results/batch/sub20_alpha001_002_fpp_exact_tl300/worker_05,results/batch/sub20_alpha001_002_fpp_exact_tl300/worker_05/batch_results_worker_05.csv,results/batch/sub20_alpha001_002_fpp_exact_tl300/worker_05/json/worker_05_task_031.json,results/batch/sub20_alpha001_002_fpp_exact_tl300/worker_05/solutions,sub20_case02_alpha002_fpp_branch_benders_meancvar_rootcuts_na_none
worker_05_task_032,worker_05,case02,20260601,20260603,Sub20,0.02,100,900,MeanCVaR,FPP-Branch-Benders-MeanCVaR-LLBI,FPP-Branch-Benders,,mean-cvar,0.9,0.5,LLBI,true,false,false,false,false,,,,,8,300,0.001,1,results/batch/sub20_alpha001_002_fpp_exact_tl300/splits,results/batch/sub20_alpha001_002_fpp_exact_tl300/worker_05,results/batch/sub20_alpha001_002_fpp_exact_tl300/worker_05/batch_results_worker_05.csv,results/batch/sub20_alpha001_002_fpp_exact_tl300/worker_05/json/worker_05_task_032.json,results/batch/sub20_alpha001_002_fpp_exact_tl300/worker_05/solutions,sub20_case02_alpha002_fpp_branch_benders_meancvar_llbi_na_llbi
worker_05_task_033,worker_05,case02,20260601,20260603,Sub20,0.02,100,900,MeanCVaR,FPP-Branch-Benders-MeanCVaR-LLBI-RootCuts,FPP-Branch-Benders,,mean-cvar,0.9,0.5,LLBI,true,false,false,true,false,,,,,8,300,0.001,1,results/batch/sub20_alpha001_002_fpp_exact_tl300/splits,results/batch/sub20_alpha001_002_fpp_exact_tl300/worker_05,results/batch/sub20_alpha001_002_fpp_exact_tl300/worker_05/batch_results_worker_05.csv,results/batch/sub20_alpha001_002_fpp_exact_tl300/worker_05/json/worker_05_task_033.json,results/batch/sub20_alpha001_002_fpp_exact_tl300/worker_05/solutions,sub20_case02_alpha002_fpp_branch_benders_meancvar_llbi_rootcuts_na_llbi
worker_05_task_034,worker_05,case02,20260601,20260603,Sub20,0.02,100,900,MeanCVaR,FPP-Branch-Benders-MeanCVaR-CoverageLLBI,FPP-Branch-Benders,,mean-cvar,0.9,0.5,CoverageLLBI,false,true,false,false,false,,,,,8,300,0.001,1,results/batch/sub20_alpha001_002_fpp_exact_tl300/splits,results/batch/sub20_alpha001_002_fpp_exact_tl300/worker_05,results/batch/sub20_alpha001_002_fpp_exact_tl300/worker_05/batch_results_worker_05.csv,results/batch/sub20_alpha001_002_fpp_exact_tl300/worker_05/json/worker_05_task_034.json,results/batch/sub20_alpha001_002_fpp_exact_tl300/worker_05/solutions,sub20_case02_alpha002_fpp_branch_benders_meancvar_coveragellbi_na_coveragellbi
worker_05_task_035,worker_05,case02,20260601,20260603,Sub20,0.02,100,900,MeanCVaR,FPP-Branch-Benders-MeanCVaR-CoverageLLBI-RootCuts,FPP-Branch-Benders,,mean-cvar,0.9,0.5,CoverageLLBI,false,true,false,true,false,,,,,8,300,0.001,1,results/batch/sub20_alpha001_002_fpp_exact_tl300/splits,results/batch/sub20_alpha001_002_fpp_exact_tl300/worker_05,results/batch/sub20_alpha001_002_fpp_exact_tl300/worker_05/batch_results_worker_05.csv,results/batch/sub20_alpha001_002_fpp_exact_tl300/worker_05/json/worker_05_task_035.json,results/batch/sub20_alpha001_002_fpp_exact_tl300/worker_05/solutions,sub20_case02_alpha002_fpp_branch_benders_meancvar_coveragellbi_rootcuts_na_coveragellbi
worker_05_task_036,worker_05,case02,20260601,20260603,Sub20,0.02,100,900,MeanCVaR,FPP-Branch-Benders-MeanCVaR-PathLLBI,FPP-Branch-Benders,,mean-cvar,0.9,0.5,PathLLBI,false,false,true,false,false,,,,,8,300,0.001,1,results/batch/sub20_alpha001_002_fpp_exact_tl300/splits,results/batch/sub20_alpha001_002_fpp_exact_tl300/worker_05,results/batch/sub20_alpha001_002_fpp_exact_tl300/worker_05/batch_results_worker_05.csv,results/batch/sub20_alpha001_002_fpp_exact_tl300/worker_05/json/worker_05_task_036.json,results/batch/sub20_alpha001_002_fpp_exact_tl300/worker_05/solutions,sub20_case02_alpha002_fpp_branch_benders_meancvar_pathllbi_na_pathllbi
worker_05_task_037,worker_05,case02,20260601,20260603,Sub20,0.02,100,900,MeanCVaR,FPP-Branch-Benders-MeanCVaR-PathLLBI-RootCuts,FPP-Branch-Benders,,mean-cvar,0.9,0.5,PathLLBI,false,false,true,true,false,,,,,8,300,0.001,1,results/batch/sub20_alpha001_002_fpp_exact_tl300/splits,results/batch/sub20_alpha001_002_fpp_exact_tl300/worker_05,results/batch/sub20_alpha001_002_fpp_exact_tl300/worker_05/batch_results_worker_05.csv,results/batch/sub20_alpha001_002_fpp_exact_tl300/worker_05/json/worker_05_task_037.json,results/batch/sub20_alpha001_002_fpp_exact_tl300/worker_05/solutions,sub20_case02_alpha002_fpp_branch_benders_meancvar_pathllbi_rootcuts_na_pathllbi
worker_05_task_038,worker_05,case02,20260601,20260603,Sub20,0.02,100,900,MeanCVaR,FPP-Branch-Benders-MeanCVaR-CoverageLLBI-PathLLBI,FPP-Branch-Benders,,mean-cvar,0.9,0.5,CoverageLLBI+PathLLBI,false,true,true,false,false,,,,,8,300,0.001,1,results/batch/sub20_alpha001_002_fpp_exact_tl300/splits,results/batch/sub20_alpha001_002_fpp_exact_tl300/worker_05,results/batch/sub20_alpha001_002_fpp_exact_tl300/worker_05/batch_results_worker_05.csv,results/batch/sub20_alpha001_002_fpp_exact_tl300/worker_05/json/worker_05_task_038.json,results/batch/sub20_alpha001_002_fpp_exact_tl300/worker_05/solutions,sub20_case02_alpha002_fpp_branch_benders_meancvar_coveragellbi_pathllbi_na_coveragellbi_pathllbi
worker_05_task_039,worker_05,case02,20260601,20260603,Sub20,0.02,100,900,MeanCVaR,FPP-Branch-Benders-MeanCVaR-CoverageLLBI-PathLLBI-RootCuts,FPP-Branch-Benders,,mean-cvar,0.9,0.5,CoverageLLBI+PathLLBI,false,true,true,true,false,,,,,8,300,0.001,1,results/batch/sub20_alpha001_002_fpp_exact_tl300/splits,results/batch/sub20_alpha001_002_fpp_exact_tl300/worker_05,results/batch/sub20_alpha001_002_fpp_exact_tl300/worker_05/batch_results_worker_05.csv,results/batch/sub20_alpha001_002_fpp_exact_tl300/worker_05/json/worker_05_task_039.json,results/batch/sub20_alpha001_002_fpp_exact_tl300/worker_05/solutions,sub20_case02_alpha002_fpp_branch_benders_meancvar_coveragellbi_pathllbi_rootcuts_na_coveragellbi_pathllbi
worker_05_task_040,worker_05,case02,20260601,20260603,Sub20,0.02,100,900,MeanCVaR,FPP-Branch-Benders-MeanCVaR-LLBI-CoverageLLBI-PathLLBI,FPP-Branch-Benders,,mean-cvar,0.9,0.5,LLBI+CoverageLLBI+PathLLBI,true,true,true,false,false,,,,,8,300,0.001,1,results/batch/sub20_alpha001_002_fpp_exact_tl300/splits,results/batch/sub20_alpha001_002_fpp_exact_tl300/worker_05,results/batch/sub20_alpha001_002_fpp_exact_tl300/worker_05/batch_results_worker_05.csv,results/batch/sub20_alpha001_002_fpp_exact_tl300/worker_05/json/worker_05_task_040.json,results/batch/sub20_alpha001_002_fpp_exact_tl300/worker_05/solutions,sub20_case02_alpha002_fpp_branch_benders_meancvar_llbi_coveragellbi_pathllbi_na_llbi_coveragellbi_pathllbi
worker_05_task_041,worker_05,case02,20260601,20260603,Sub20,0.02,100,900,MeanCVaR,FPP-Branch-Benders-MeanCVaR-LLBI-CoverageLLBI-PathLLBI-RootCuts,FPP-Branch-Benders,,mean-cvar,0.9,0.5,LLBI+CoverageLLBI+PathLLBI,true,true,true,true,false,,,,,8,300,0.001,1,results/batch/sub20_alpha001_002_fpp_exact_tl300/splits,results/batch/sub20_alpha001_002_fpp_exact_tl300/worker_05,results/batch/sub20_alpha001_002_fpp_exact_tl300/worker_05/batch_results_worker_05.csv,results/batch/sub20_alpha001_002_fpp_exact_tl300/worker_05/json/worker_05_task_041.json,results/batch/sub20_alpha001_002_fpp_exact_tl300/worker_05/solutions,sub20_case02_alpha002_fpp_branch_benders_meancvar_llbi_coveragellbi_pathllbi_rootcuts_na_llbi_coveragellbi_pathllbi
worker_05_task_042,worker_05,case02,20260601,20260603,Sub20,0.02,100,900,Expected,FPP-Branch-Benders-Combinatorial,FPP-Branch-Benders-Combinatorial,,expected,0.9,1.0,Combinatorial,false,false,false,false,true,heuristic,0.10,true,true,8,300,0.001,1,results/batch/sub20_alpha001_002_fpp_exact_tl300/splits,results/batch/sub20_alpha001_002_fpp_exact_tl300/worker_05,results/batch/sub20_alpha001_002_fpp_exact_tl300/worker_05/batch_results_worker_05.csv,results/batch/sub20_alpha001_002_fpp_exact_tl300/worker_05/json/worker_05_task_042.json,results/batch/sub20_alpha001_002_fpp_exact_tl300/worker_05/solutions,sub20_case02_alpha002_fpp_branch_benders_combinatorial_na_combinatorial
worker_05_task_043,worker_05,case02,20260601,20260603,Sub20,0.02,100,900,CVaR,FPP-Branch-Benders-Combinatorial-CVaR,FPP-Branch-Benders-Combinatorial,,cvar,0.9,1.0,Combinatorial,false,false,false,false,true,heuristic,0.10,true,true,8,300,0.001,1,results/batch/sub20_alpha001_002_fpp_exact_tl300/splits,results/batch/sub20_alpha001_002_fpp_exact_tl300/worker_05,results/batch/sub20_alpha001_002_fpp_exact_tl300/worker_05/batch_results_worker_05.csv,results/batch/sub20_alpha001_002_fpp_exact_tl300/worker_05/json/worker_05_task_043.json,results/batch/sub20_alpha001_002_fpp_exact_tl300/worker_05/solutions,sub20_case02_alpha002_fpp_branch_benders_combinatorial_cvar_na_combinatorial
worker_05_task_044,worker_05,case02,20260601,20260603,Sub20,0.02,100,900,MeanCVaR,FPP-Branch-Benders-Combinatorial-MeanCVaR,FPP-Branch-Benders-Combinatorial,,mean-cvar,0.9,0.5,Combinatorial,false,false,false,false,true,heuristic,0.10,true,true,8,300,0.001,1,results/batch/sub20_alpha001_002_fpp_exact_tl300/splits,results/batch/sub20_alpha001_002_fpp_exact_tl300/worker_05,results/batch/sub20_alpha001_002_fpp_exact_tl300/worker_05/batch_results_worker_05.csv,results/batch/sub20_alpha001_002_fpp_exact_tl300/worker_05/json/worker_05_task_044.json,results/batch/sub20_alpha001_002_fpp_exact_tl300/worker_05/solutions,sub20_case02_alpha002_fpp_branch_benders_combinatorial_meancvar_na_combinatorial
worker_06_task_000,worker_06,case03,20260601,20260604,Sub20,0.01,100,900,Expected,FPP-SAA,FPP-SAA,fpp_base,expected,0.9,1.0,None,false,false,false,false,false,,,,,8,300,0.001,1,results/batch/sub20_alpha001_002_fpp_exact_tl300/splits,results/batch/sub20_alpha001_002_fpp_exact_tl300/worker_06,results/batch/sub20_alpha001_002_fpp_exact_tl300/worker_06/batch_results_worker_06.csv,results/batch/sub20_alpha001_002_fpp_exact_tl300/worker_06/json/worker_06_task_000.json,results/batch/sub20_alpha001_002_fpp_exact_tl300/worker_06/solutions,sub20_case03_alpha001_fpp_saa_fpp_base_none
worker_06_task_001,worker_06,case03,20260601,20260604,Sub20,0.01,100,900,Expected,FPP-SAA,FPP-SAA,fpp_cut,expected,0.9,1.0,None,false,false,false,false,false,,,,,8,300,0.001,1,results/batch/sub20_alpha001_002_fpp_exact_tl300/splits,results/batch/sub20_alpha001_002_fpp_exact_tl300/worker_06,results/batch/sub20_alpha001_002_fpp_exact_tl300/worker_06/batch_results_worker_06.csv,results/batch/sub20_alpha001_002_fpp_exact_tl300/worker_06/json/worker_06_task_001.json,results/batch/sub20_alpha001_002_fpp_exact_tl300/worker_06/solutions,sub20_case03_alpha001_fpp_saa_fpp_cut_none
worker_06_task_002,worker_06,case03,20260601,20260604,Sub20,0.01,100,900,CVaR,FPP-SAA-CVaR,FPP-SAA,fpp_base,cvar,0.9,1.0,None,false,false,false,false,false,,,,,8,300,0.001,1,results/batch/sub20_alpha001_002_fpp_exact_tl300/splits,results/batch/sub20_alpha001_002_fpp_exact_tl300/worker_06,results/batch/sub20_alpha001_002_fpp_exact_tl300/worker_06/batch_results_worker_06.csv,results/batch/sub20_alpha001_002_fpp_exact_tl300/worker_06/json/worker_06_task_002.json,results/batch/sub20_alpha001_002_fpp_exact_tl300/worker_06/solutions,sub20_case03_alpha001_fpp_saa_cvar_fpp_base_none
worker_06_task_003,worker_06,case03,20260601,20260604,Sub20,0.01,100,900,CVaR,FPP-SAA-CVaR,FPP-SAA,fpp_cut,cvar,0.9,1.0,None,false,false,false,false,false,,,,,8,300,0.001,1,results/batch/sub20_alpha001_002_fpp_exact_tl300/splits,results/batch/sub20_alpha001_002_fpp_exact_tl300/worker_06,results/batch/sub20_alpha001_002_fpp_exact_tl300/worker_06/batch_results_worker_06.csv,results/batch/sub20_alpha001_002_fpp_exact_tl300/worker_06/json/worker_06_task_003.json,results/batch/sub20_alpha001_002_fpp_exact_tl300/worker_06/solutions,sub20_case03_alpha001_fpp_saa_cvar_fpp_cut_none
worker_06_task_004,worker_06,case03,20260601,20260604,Sub20,0.01,100,900,MeanCVaR,FPP-SAA-MeanCVaR,FPP-SAA,fpp_base,mean-cvar,0.9,0.5,None,false,false,false,false,false,,,,,8,300,0.001,1,results/batch/sub20_alpha001_002_fpp_exact_tl300/splits,results/batch/sub20_alpha001_002_fpp_exact_tl300/worker_06,results/batch/sub20_alpha001_002_fpp_exact_tl300/worker_06/batch_results_worker_06.csv,results/batch/sub20_alpha001_002_fpp_exact_tl300/worker_06/json/worker_06_task_004.json,results/batch/sub20_alpha001_002_fpp_exact_tl300/worker_06/solutions,sub20_case03_alpha001_fpp_saa_meancvar_fpp_base_none
worker_06_task_005,worker_06,case03,20260601,20260604,Sub20,0.01,100,900,MeanCVaR,FPP-SAA-MeanCVaR,FPP-SAA,fpp_cut,mean-cvar,0.9,0.5,None,false,false,false,false,false,,,,,8,300,0.001,1,results/batch/sub20_alpha001_002_fpp_exact_tl300/splits,results/batch/sub20_alpha001_002_fpp_exact_tl300/worker_06,results/batch/sub20_alpha001_002_fpp_exact_tl300/worker_06/batch_results_worker_06.csv,results/batch/sub20_alpha001_002_fpp_exact_tl300/worker_06/json/worker_06_task_005.json,results/batch/sub20_alpha001_002_fpp_exact_tl300/worker_06/solutions,sub20_case03_alpha001_fpp_saa_meancvar_fpp_cut_none
worker_06_task_006,worker_06,case03,20260601,20260604,Sub20,0.01,100,900,Expected,FPP-Branch-Benders,FPP-Branch-Benders,,expected,0.9,1.0,None,false,false,false,false,false,,,,,8,300,0.001,1,results/batch/sub20_alpha001_002_fpp_exact_tl300/splits,results/batch/sub20_alpha001_002_fpp_exact_tl300/worker_06,results/batch/sub20_alpha001_002_fpp_exact_tl300/worker_06/batch_results_worker_06.csv,results/batch/sub20_alpha001_002_fpp_exact_tl300/worker_06/json/worker_06_task_006.json,results/batch/sub20_alpha001_002_fpp_exact_tl300/worker_06/solutions,sub20_case03_alpha001_fpp_branch_benders_na_none
worker_06_task_007,worker_06,case03,20260601,20260604,Sub20,0.01,100,900,Expected,FPP-Branch-Benders-RootCuts,FPP-Branch-Benders,,expected,0.9,1.0,None,false,false,false,true,false,,,,,8,300,0.001,1,results/batch/sub20_alpha001_002_fpp_exact_tl300/splits,results/batch/sub20_alpha001_002_fpp_exact_tl300/worker_06,results/batch/sub20_alpha001_002_fpp_exact_tl300/worker_06/batch_results_worker_06.csv,results/batch/sub20_alpha001_002_fpp_exact_tl300/worker_06/json/worker_06_task_007.json,results/batch/sub20_alpha001_002_fpp_exact_tl300/worker_06/solutions,sub20_case03_alpha001_fpp_branch_benders_rootcuts_na_none
worker_06_task_008,worker_06,case03,20260601,20260604,Sub20,0.01,100,900,Expected,FPP-Branch-Benders-LLBI,FPP-Branch-Benders,,expected,0.9,1.0,LLBI,true,false,false,false,false,,,,,8,300,0.001,1,results/batch/sub20_alpha001_002_fpp_exact_tl300/splits,results/batch/sub20_alpha001_002_fpp_exact_tl300/worker_06,results/batch/sub20_alpha001_002_fpp_exact_tl300/worker_06/batch_results_worker_06.csv,results/batch/sub20_alpha001_002_fpp_exact_tl300/worker_06/json/worker_06_task_008.json,results/batch/sub20_alpha001_002_fpp_exact_tl300/worker_06/solutions,sub20_case03_alpha001_fpp_branch_benders_llbi_na_llbi
worker_06_task_009,worker_06,case03,20260601,20260604,Sub20,0.01,100,900,Expected,FPP-Branch-Benders-LLBI-RootCuts,FPP-Branch-Benders,,expected,0.9,1.0,LLBI,true,false,false,true,false,,,,,8,300,0.001,1,results/batch/sub20_alpha001_002_fpp_exact_tl300/splits,results/batch/sub20_alpha001_002_fpp_exact_tl300/worker_06,results/batch/sub20_alpha001_002_fpp_exact_tl300/worker_06/batch_results_worker_06.csv,results/batch/sub20_alpha001_002_fpp_exact_tl300/worker_06/json/worker_06_task_009.json,results/batch/sub20_alpha001_002_fpp_exact_tl300/worker_06/solutions,sub20_case03_alpha001_fpp_branch_benders_llbi_rootcuts_na_llbi
worker_06_task_010,worker_06,case03,20260601,20260604,Sub20,0.01,100,900,Expected,FPP-Branch-Benders-CoverageLLBI,FPP-Branch-Benders,,expected,0.9,1.0,CoverageLLBI,false,true,false,false,false,,,,,8,300,0.001,1,results/batch/sub20_alpha001_002_fpp_exact_tl300/splits,results/batch/sub20_alpha001_002_fpp_exact_tl300/worker_06,results/batch/sub20_alpha001_002_fpp_exact_tl300/worker_06/batch_results_worker_06.csv,results/batch/sub20_alpha001_002_fpp_exact_tl300/worker_06/json/worker_06_task_010.json,results/batch/sub20_alpha001_002_fpp_exact_tl300/worker_06/solutions,sub20_case03_alpha001_fpp_branch_benders_coveragellbi_na_coveragellbi
worker_06_task_011,worker_06,case03,20260601,20260604,Sub20,0.01,100,900,Expected,FPP-Branch-Benders-CoverageLLBI-RootCuts,FPP-Branch-Benders,,expected,0.9,1.0,CoverageLLBI,false,true,false,true,false,,,,,8,300,0.001,1,results/batch/sub20_alpha001_002_fpp_exact_tl300/splits,results/batch/sub20_alpha001_002_fpp_exact_tl300/worker_06,results/batch/sub20_alpha001_002_fpp_exact_tl300/worker_06/batch_results_worker_06.csv,results/batch/sub20_alpha001_002_fpp_exact_tl300/worker_06/json/worker_06_task_011.json,results/batch/sub20_alpha001_002_fpp_exact_tl300/worker_06/solutions,sub20_case03_alpha001_fpp_branch_benders_coveragellbi_rootcuts_na_coveragellbi
worker_06_task_012,worker_06,case03,20260601,20260604,Sub20,0.01,100,900,Expected,FPP-Branch-Benders-PathLLBI,FPP-Branch-Benders,,expected,0.9,1.0,PathLLBI,false,false,true,false,false,,,,,8,300,0.001,1,results/batch/sub20_alpha001_002_fpp_exact_tl300/splits,results/batch/sub20_alpha001_002_fpp_exact_tl300/worker_06,results/batch/sub20_alpha001_002_fpp_exact_tl300/worker_06/batch_results_worker_06.csv,results/batch/sub20_alpha001_002_fpp_exact_tl300/worker_06/json/worker_06_task_012.json,results/batch/sub20_alpha001_002_fpp_exact_tl300/worker_06/solutions,sub20_case03_alpha001_fpp_branch_benders_pathllbi_na_pathllbi
worker_06_task_013,worker_06,case03,20260601,20260604,Sub20,0.01,100,900,Expected,FPP-Branch-Benders-PathLLBI-RootCuts,FPP-Branch-Benders,,expected,0.9,1.0,PathLLBI,false,false,true,true,false,,,,,8,300,0.001,1,results/batch/sub20_alpha001_002_fpp_exact_tl300/splits,results/batch/sub20_alpha001_002_fpp_exact_tl300/worker_06,results/batch/sub20_alpha001_002_fpp_exact_tl300/worker_06/batch_results_worker_06.csv,results/batch/sub20_alpha001_002_fpp_exact_tl300/worker_06/json/worker_06_task_013.json,results/batch/sub20_alpha001_002_fpp_exact_tl300/worker_06/solutions,sub20_case03_alpha001_fpp_branch_benders_pathllbi_rootcuts_na_pathllbi
worker_06_task_014,worker_06,case03,20260601,20260604,Sub20,0.01,100,900,Expected,FPP-Branch-Benders-CoverageLLBI-PathLLBI,FPP-Branch-Benders,,expected,0.9,1.0,CoverageLLBI+PathLLBI,false,true,true,false,false,,,,,8,300,0.001,1,results/batch/sub20_alpha001_002_fpp_exact_tl300/splits,results/batch/sub20_alpha001_002_fpp_exact_tl300/worker_06,results/batch/sub20_alpha001_002_fpp_exact_tl300/worker_06/batch_results_worker_06.csv,results/batch/sub20_alpha001_002_fpp_exact_tl300/worker_06/json/worker_06_task_014.json,results/batch/sub20_alpha001_002_fpp_exact_tl300/worker_06/solutions,sub20_case03_alpha001_fpp_branch_benders_coveragellbi_pathllbi_na_coveragellbi_pathllbi
worker_06_task_015,worker_06,case03,20260601,20260604,Sub20,0.01,100,900,Expected,FPP-Branch-Benders-CoverageLLBI-PathLLBI-RootCuts,FPP-Branch-Benders,,expected,0.9,1.0,CoverageLLBI+PathLLBI,false,true,true,true,false,,,,,8,300,0.001,1,results/batch/sub20_alpha001_002_fpp_exact_tl300/splits,results/batch/sub20_alpha001_002_fpp_exact_tl300/worker_06,results/batch/sub20_alpha001_002_fpp_exact_tl300/worker_06/batch_results_worker_06.csv,results/batch/sub20_alpha001_002_fpp_exact_tl300/worker_06/json/worker_06_task_015.json,results/batch/sub20_alpha001_002_fpp_exact_tl300/worker_06/solutions,sub20_case03_alpha001_fpp_branch_benders_coveragellbi_pathllbi_rootcuts_na_coveragellbi_pathllbi
worker_06_task_016,worker_06,case03,20260601,20260604,Sub20,0.01,100,900,Expected,FPP-Branch-Benders-LLBI-CoverageLLBI-PathLLBI,FPP-Branch-Benders,,expected,0.9,1.0,LLBI+CoverageLLBI+PathLLBI,true,true,true,false,false,,,,,8,300,0.001,1,results/batch/sub20_alpha001_002_fpp_exact_tl300/splits,results/batch/sub20_alpha001_002_fpp_exact_tl300/worker_06,results/batch/sub20_alpha001_002_fpp_exact_tl300/worker_06/batch_results_worker_06.csv,results/batch/sub20_alpha001_002_fpp_exact_tl300/worker_06/json/worker_06_task_016.json,results/batch/sub20_alpha001_002_fpp_exact_tl300/worker_06/solutions,sub20_case03_alpha001_fpp_branch_benders_llbi_coveragellbi_pathllbi_na_llbi_coveragellbi_pathllbi
worker_06_task_017,worker_06,case03,20260601,20260604,Sub20,0.01,100,900,Expected,FPP-Branch-Benders-LLBI-CoverageLLBI-PathLLBI-RootCuts,FPP-Branch-Benders,,expected,0.9,1.0,LLBI+CoverageLLBI+PathLLBI,true,true,true,true,false,,,,,8,300,0.001,1,results/batch/sub20_alpha001_002_fpp_exact_tl300/splits,results/batch/sub20_alpha001_002_fpp_exact_tl300/worker_06,results/batch/sub20_alpha001_002_fpp_exact_tl300/worker_06/batch_results_worker_06.csv,results/batch/sub20_alpha001_002_fpp_exact_tl300/worker_06/json/worker_06_task_017.json,results/batch/sub20_alpha001_002_fpp_exact_tl300/worker_06/solutions,sub20_case03_alpha001_fpp_branch_benders_llbi_coveragellbi_pathllbi_rootcuts_na_llbi_coveragellbi_pathllbi
worker_06_task_018,worker_06,case03,20260601,20260604,Sub20,0.01,100,900,CVaR,FPP-Branch-Benders-CVaR,FPP-Branch-Benders,,cvar,0.9,1.0,None,false,false,false,false,false,,,,,8,300,0.001,1,results/batch/sub20_alpha001_002_fpp_exact_tl300/splits,results/batch/sub20_alpha001_002_fpp_exact_tl300/worker_06,results/batch/sub20_alpha001_002_fpp_exact_tl300/worker_06/batch_results_worker_06.csv,results/batch/sub20_alpha001_002_fpp_exact_tl300/worker_06/json/worker_06_task_018.json,results/batch/sub20_alpha001_002_fpp_exact_tl300/worker_06/solutions,sub20_case03_alpha001_fpp_branch_benders_cvar_na_none
worker_06_task_019,worker_06,case03,20260601,20260604,Sub20,0.01,100,900,CVaR,FPP-Branch-Benders-CVaR-RootCuts,FPP-Branch-Benders,,cvar,0.9,1.0,None,false,false,false,true,false,,,,,8,300,0.001,1,results/batch/sub20_alpha001_002_fpp_exact_tl300/splits,results/batch/sub20_alpha001_002_fpp_exact_tl300/worker_06,results/batch/sub20_alpha001_002_fpp_exact_tl300/worker_06/batch_results_worker_06.csv,results/batch/sub20_alpha001_002_fpp_exact_tl300/worker_06/json/worker_06_task_019.json,results/batch/sub20_alpha001_002_fpp_exact_tl300/worker_06/solutions,sub20_case03_alpha001_fpp_branch_benders_cvar_rootcuts_na_none
worker_06_task_020,worker_06,case03,20260601,20260604,Sub20,0.01,100,900,CVaR,FPP-Branch-Benders-CVaR-LLBI,FPP-Branch-Benders,,cvar,0.9,1.0,LLBI,true,false,false,false,false,,,,,8,300,0.001,1,results/batch/sub20_alpha001_002_fpp_exact_tl300/splits,results/batch/sub20_alpha001_002_fpp_exact_tl300/worker_06,results/batch/sub20_alpha001_002_fpp_exact_tl300/worker_06/batch_results_worker_06.csv,results/batch/sub20_alpha001_002_fpp_exact_tl300/worker_06/json/worker_06_task_020.json,results/batch/sub20_alpha001_002_fpp_exact_tl300/worker_06/solutions,sub20_case03_alpha001_fpp_branch_benders_cvar_llbi_na_llbi
worker_06_task_021,worker_06,case03,20260601,20260604,Sub20,0.01,100,900,CVaR,FPP-Branch-Benders-CVaR-LLBI-RootCuts,FPP-Branch-Benders,,cvar,0.9,1.0,LLBI,true,false,false,true,false,,,,,8,300,0.001,1,results/batch/sub20_alpha001_002_fpp_exact_tl300/splits,results/batch/sub20_alpha001_002_fpp_exact_tl300/worker_06,results/batch/sub20_alpha001_002_fpp_exact_tl300/worker_06/batch_results_worker_06.csv,results/batch/sub20_alpha001_002_fpp_exact_tl300/worker_06/json/worker_06_task_021.json,results/batch/sub20_alpha001_002_fpp_exact_tl300/worker_06/solutions,sub20_case03_alpha001_fpp_branch_benders_cvar_llbi_rootcuts_na_llbi
worker_06_task_022,worker_06,case03,20260601,20260604,Sub20,0.01,100,900,CVaR,FPP-Branch-Benders-CVaR-CoverageLLBI,FPP-Branch-Benders,,cvar,0.9,1.0,CoverageLLBI,false,true,false,false,false,,,,,8,300,0.001,1,results/batch/sub20_alpha001_002_fpp_exact_tl300/splits,results/batch/sub20_alpha001_002_fpp_exact_tl300/worker_06,results/batch/sub20_alpha001_002_fpp_exact_tl300/worker_06/batch_results_worker_06.csv,results/batch/sub20_alpha001_002_fpp_exact_tl300/worker_06/json/worker_06_task_022.json,results/batch/sub20_alpha001_002_fpp_exact_tl300/worker_06/solutions,sub20_case03_alpha001_fpp_branch_benders_cvar_coveragellbi_na_coveragellbi
worker_06_task_023,worker_06,case03,20260601,20260604,Sub20,0.01,100,900,CVaR,FPP-Branch-Benders-CVaR-CoverageLLBI-RootCuts,FPP-Branch-Benders,,cvar,0.9,1.0,CoverageLLBI,false,true,false,true,false,,,,,8,300,0.001,1,results/batch/sub20_alpha001_002_fpp_exact_tl300/splits,results/batch/sub20_alpha001_002_fpp_exact_tl300/worker_06,results/batch/sub20_alpha001_002_fpp_exact_tl300/worker_06/batch_results_worker_06.csv,results/batch/sub20_alpha001_002_fpp_exact_tl300/worker_06/json/worker_06_task_023.json,results/batch/sub20_alpha001_002_fpp_exact_tl300/worker_06/solutions,sub20_case03_alpha001_fpp_branch_benders_cvar_coveragellbi_rootcuts_na_coveragellbi
worker_06_task_024,worker_06,case03,20260601,20260604,Sub20,0.01,100,900,CVaR,FPP-Branch-Benders-CVaR-PathLLBI,FPP-Branch-Benders,,cvar,0.9,1.0,PathLLBI,false,false,true,false,false,,,,,8,300,0.001,1,results/batch/sub20_alpha001_002_fpp_exact_tl300/splits,results/batch/sub20_alpha001_002_fpp_exact_tl300/worker_06,results/batch/sub20_alpha001_002_fpp_exact_tl300/worker_06/batch_results_worker_06.csv,results/batch/sub20_alpha001_002_fpp_exact_tl300/worker_06/json/worker_06_task_024.json,results/batch/sub20_alpha001_002_fpp_exact_tl300/worker_06/solutions,sub20_case03_alpha001_fpp_branch_benders_cvar_pathllbi_na_pathllbi
worker_06_task_025,worker_06,case03,20260601,20260604,Sub20,0.01,100,900,CVaR,FPP-Branch-Benders-CVaR-PathLLBI-RootCuts,FPP-Branch-Benders,,cvar,0.9,1.0,PathLLBI,false,false,true,true,false,,,,,8,300,0.001,1,results/batch/sub20_alpha001_002_fpp_exact_tl300/splits,results/batch/sub20_alpha001_002_fpp_exact_tl300/worker_06,results/batch/sub20_alpha001_002_fpp_exact_tl300/worker_06/batch_results_worker_06.csv,results/batch/sub20_alpha001_002_fpp_exact_tl300/worker_06/json/worker_06_task_025.json,results/batch/sub20_alpha001_002_fpp_exact_tl300/worker_06/solutions,sub20_case03_alpha001_fpp_branch_benders_cvar_pathllbi_rootcuts_na_pathllbi
worker_06_task_026,worker_06,case03,20260601,20260604,Sub20,0.01,100,900,CVaR,FPP-Branch-Benders-CVaR-CoverageLLBI-PathLLBI,FPP-Branch-Benders,,cvar,0.9,1.0,CoverageLLBI+PathLLBI,false,true,true,false,false,,,,,8,300,0.001,1,results/batch/sub20_alpha001_002_fpp_exact_tl300/splits,results/batch/sub20_alpha001_002_fpp_exact_tl300/worker_06,results/batch/sub20_alpha001_002_fpp_exact_tl300/worker_06/batch_results_worker_06.csv,results/batch/sub20_alpha001_002_fpp_exact_tl300/worker_06/json/worker_06_task_026.json,results/batch/sub20_alpha001_002_fpp_exact_tl300/worker_06/solutions,sub20_case03_alpha001_fpp_branch_benders_cvar_coveragellbi_pathllbi_na_coveragellbi_pathllbi
worker_06_task_027,worker_06,case03,20260601,20260604,Sub20,0.01,100,900,CVaR,FPP-Branch-Benders-CVaR-CoverageLLBI-PathLLBI-RootCuts,FPP-Branch-Benders,,cvar,0.9,1.0,CoverageLLBI+PathLLBI,false,true,true,true,false,,,,,8,300,0.001,1,results/batch/sub20_alpha001_002_fpp_exact_tl300/splits,results/batch/sub20_alpha001_002_fpp_exact_tl300/worker_06,results/batch/sub20_alpha001_002_fpp_exact_tl300/worker_06/batch_results_worker_06.csv,results/batch/sub20_alpha001_002_fpp_exact_tl300/worker_06/json/worker_06_task_027.json,results/batch/sub20_alpha001_002_fpp_exact_tl300/worker_06/solutions,sub20_case03_alpha001_fpp_branch_benders_cvar_coveragellbi_pathllbi_rootcuts_na_coveragellbi_pathllbi
worker_06_task_028,worker_06,case03,20260601,20260604,Sub20,0.01,100,900,CVaR,FPP-Branch-Benders-CVaR-LLBI-CoverageLLBI-PathLLBI,FPP-Branch-Benders,,cvar,0.9,1.0,LLBI+CoverageLLBI+PathLLBI,true,true,true,false,false,,,,,8,300,0.001,1,results/batch/sub20_alpha001_002_fpp_exact_tl300/splits,results/batch/sub20_alpha001_002_fpp_exact_tl300/worker_06,results/batch/sub20_alpha001_002_fpp_exact_tl300/worker_06/batch_results_worker_06.csv,results/batch/sub20_alpha001_002_fpp_exact_tl300/worker_06/json/worker_06_task_028.json,results/batch/sub20_alpha001_002_fpp_exact_tl300/worker_06/solutions,sub20_case03_alpha001_fpp_branch_benders_cvar_llbi_coveragellbi_pathllbi_na_llbi_coveragellbi_pathllbi
worker_06_task_029,worker_06,case03,20260601,20260604,Sub20,0.01,100,900,CVaR,FPP-Branch-Benders-CVaR-LLBI-CoverageLLBI-PathLLBI-RootCuts,FPP-Branch-Benders,,cvar,0.9,1.0,LLBI+CoverageLLBI+PathLLBI,true,true,true,true,false,,,,,8,300,0.001,1,results/batch/sub20_alpha001_002_fpp_exact_tl300/splits,results/batch/sub20_alpha001_002_fpp_exact_tl300/worker_06,results/batch/sub20_alpha001_002_fpp_exact_tl300/worker_06/batch_results_worker_06.csv,results/batch/sub20_alpha001_002_fpp_exact_tl300/worker_06/json/worker_06_task_029.json,results/batch/sub20_alpha001_002_fpp_exact_tl300/worker_06/solutions,sub20_case03_alpha001_fpp_branch_benders_cvar_llbi_coveragellbi_pathllbi_rootcuts_na_llbi_coveragellbi_pathllbi
worker_06_task_030,worker_06,case03,20260601,20260604,Sub20,0.01,100,900,MeanCVaR,FPP-Branch-Benders-MeanCVaR,FPP-Branch-Benders,,mean-cvar,0.9,0.5,None,false,false,false,false,false,,,,,8,300,0.001,1,results/batch/sub20_alpha001_002_fpp_exact_tl300/splits,results/batch/sub20_alpha001_002_fpp_exact_tl300/worker_06,results/batch/sub20_alpha001_002_fpp_exact_tl300/worker_06/batch_results_worker_06.csv,results/batch/sub20_alpha001_002_fpp_exact_tl300/worker_06/json/worker_06_task_030.json,results/batch/sub20_alpha001_002_fpp_exact_tl300/worker_06/solutions,sub20_case03_alpha001_fpp_branch_benders_meancvar_na_none
worker_06_task_031,worker_06,case03,20260601,20260604,Sub20,0.01,100,900,MeanCVaR,FPP-Branch-Benders-MeanCVaR-RootCuts,FPP-Branch-Benders,,mean-cvar,0.9,0.5,None,false,false,false,true,false,,,,,8,300,0.001,1,results/batch/sub20_alpha001_002_fpp_exact_tl300/splits,results/batch/sub20_alpha001_002_fpp_exact_tl300/worker_06,results/batch/sub20_alpha001_002_fpp_exact_tl300/worker_06/batch_results_worker_06.csv,results/batch/sub20_alpha001_002_fpp_exact_tl300/worker_06/json/worker_06_task_031.json,results/batch/sub20_alpha001_002_fpp_exact_tl300/worker_06/solutions,sub20_case03_alpha001_fpp_branch_benders_meancvar_rootcuts_na_none
worker_06_task_032,worker_06,case03,20260601,20260604,Sub20,0.01,100,900,MeanCVaR,FPP-Branch-Benders-MeanCVaR-LLBI,FPP-Branch-Benders,,mean-cvar,0.9,0.5,LLBI,true,false,false,false,false,,,,,8,300,0.001,1,results/batch/sub20_alpha001_002_fpp_exact_tl300/splits,results/batch/sub20_alpha001_002_fpp_exact_tl300/worker_06,results/batch/sub20_alpha001_002_fpp_exact_tl300/worker_06/batch_results_worker_06.csv,results/batch/sub20_alpha001_002_fpp_exact_tl300/worker_06/json/worker_06_task_032.json,results/batch/sub20_alpha001_002_fpp_exact_tl300/worker_06/solutions,sub20_case03_alpha001_fpp_branch_benders_meancvar_llbi_na_llbi
worker_06_task_033,worker_06,case03,20260601,20260604,Sub20,0.01,100,900,MeanCVaR,FPP-Branch-Benders-MeanCVaR-LLBI-RootCuts,FPP-Branch-Benders,,mean-cvar,0.9,0.5,LLBI,true,false,false,true,false,,,,,8,300,0.001,1,results/batch/sub20_alpha001_002_fpp_exact_tl300/splits,results/batch/sub20_alpha001_002_fpp_exact_tl300/worker_06,results/batch/sub20_alpha001_002_fpp_exact_tl300/worker_06/batch_results_worker_06.csv,results/batch/sub20_alpha001_002_fpp_exact_tl300/worker_06/json/worker_06_task_033.json,results/batch/sub20_alpha001_002_fpp_exact_tl300/worker_06/solutions,sub20_case03_alpha001_fpp_branch_benders_meancvar_llbi_rootcuts_na_llbi
worker_06_task_034,worker_06,case03,20260601,20260604,Sub20,0.01,100,900,MeanCVaR,FPP-Branch-Benders-MeanCVaR-CoverageLLBI,FPP-Branch-Benders,,mean-cvar,0.9,0.5,CoverageLLBI,false,true,false,false,false,,,,,8,300,0.001,1,results/batch/sub20_alpha001_002_fpp_exact_tl300/splits,results/batch/sub20_alpha001_002_fpp_exact_tl300/worker_06,results/batch/sub20_alpha001_002_fpp_exact_tl300/worker_06/batch_results_worker_06.csv,results/batch/sub20_alpha001_002_fpp_exact_tl300/worker_06/json/worker_06_task_034.json,results/batch/sub20_alpha001_002_fpp_exact_tl300/worker_06/solutions,sub20_case03_alpha001_fpp_branch_benders_meancvar_coveragellbi_na_coveragellbi
worker_06_task_035,worker_06,case03,20260601,20260604,Sub20,0.01,100,900,MeanCVaR,FPP-Branch-Benders-MeanCVaR-CoverageLLBI-RootCuts,FPP-Branch-Benders,,mean-cvar,0.9,0.5,CoverageLLBI,false,true,false,true,false,,,,,8,300,0.001,1,results/batch/sub20_alpha001_002_fpp_exact_tl300/splits,results/batch/sub20_alpha001_002_fpp_exact_tl300/worker_06,results/batch/sub20_alpha001_002_fpp_exact_tl300/worker_06/batch_results_worker_06.csv,results/batch/sub20_alpha001_002_fpp_exact_tl300/worker_06/json/worker_06_task_035.json,results/batch/sub20_alpha001_002_fpp_exact_tl300/worker_06/solutions,sub20_case03_alpha001_fpp_branch_benders_meancvar_coveragellbi_rootcuts_na_coveragellbi
worker_06_task_036,worker_06,case03,20260601,20260604,Sub20,0.01,100,900,MeanCVaR,FPP-Branch-Benders-MeanCVaR-PathLLBI,FPP-Branch-Benders,,mean-cvar,0.9,0.5,PathLLBI,false,false,true,false,false,,,,,8,300,0.001,1,results/batch/sub20_alpha001_002_fpp_exact_tl300/splits,results/batch/sub20_alpha001_002_fpp_exact_tl300/worker_06,results/batch/sub20_alpha001_002_fpp_exact_tl300/worker_06/batch_results_worker_06.csv,results/batch/sub20_alpha001_002_fpp_exact_tl300/worker_06/json/worker_06_task_036.json,results/batch/sub20_alpha001_002_fpp_exact_tl300/worker_06/solutions,sub20_case03_alpha001_fpp_branch_benders_meancvar_pathllbi_na_pathllbi
worker_06_task_037,worker_06,case03,20260601,20260604,Sub20,0.01,100,900,MeanCVaR,FPP-Branch-Benders-MeanCVaR-PathLLBI-RootCuts,FPP-Branch-Benders,,mean-cvar,0.9,0.5,PathLLBI,false,false,true,true,false,,,,,8,300,0.001,1,results/batch/sub20_alpha001_002_fpp_exact_tl300/splits,results/batch/sub20_alpha001_002_fpp_exact_tl300/worker_06,results/batch/sub20_alpha001_002_fpp_exact_tl300/worker_06/batch_results_worker_06.csv,results/batch/sub20_alpha001_002_fpp_exact_tl300/worker_06/json/worker_06_task_037.json,results/batch/sub20_alpha001_002_fpp_exact_tl300/worker_06/solutions,sub20_case03_alpha001_fpp_branch_benders_meancvar_pathllbi_rootcuts_na_pathllbi
worker_06_task_038,worker_06,case03,20260601,20260604,Sub20,0.01,100,900,MeanCVaR,FPP-Branch-Benders-MeanCVaR-CoverageLLBI-PathLLBI,FPP-Branch-Benders,,mean-cvar,0.9,0.5,CoverageLLBI+PathLLBI,false,true,true,false,false,,,,,8,300,0.001,1,results/batch/sub20_alpha001_002_fpp_exact_tl300/splits,results/batch/sub20_alpha001_002_fpp_exact_tl300/worker_06,results/batch/sub20_alpha001_002_fpp_exact_tl300/worker_06/batch_results_worker_06.csv,results/batch/sub20_alpha001_002_fpp_exact_tl300/worker_06/json/worker_06_task_038.json,results/batch/sub20_alpha001_002_fpp_exact_tl300/worker_06/solutions,sub20_case03_alpha001_fpp_branch_benders_meancvar_coveragellbi_pathllbi_na_coveragellbi_pathllbi
worker_06_task_039,worker_06,case03,20260601,20260604,Sub20,0.01,100,900,MeanCVaR,FPP-Branch-Benders-MeanCVaR-CoverageLLBI-PathLLBI-RootCuts,FPP-Branch-Benders,,mean-cvar,0.9,0.5,CoverageLLBI+PathLLBI,false,true,true,true,false,,,,,8,300,0.001,1,results/batch/sub20_alpha001_002_fpp_exact_tl300/splits,results/batch/sub20_alpha001_002_fpp_exact_tl300/worker_06,results/batch/sub20_alpha001_002_fpp_exact_tl300/worker_06/batch_results_worker_06.csv,results/batch/sub20_alpha001_002_fpp_exact_tl300/worker_06/json/worker_06_task_039.json,results/batch/sub20_alpha001_002_fpp_exact_tl300/worker_06/solutions,sub20_case03_alpha001_fpp_branch_benders_meancvar_coveragellbi_pathllbi_rootcuts_na_coveragellbi_pathllbi
worker_06_task_040,worker_06,case03,20260601,20260604,Sub20,0.01,100,900,MeanCVaR,FPP-Branch-Benders-MeanCVaR-LLBI-CoverageLLBI-PathLLBI,FPP-Branch-Benders,,mean-cvar,0.9,0.5,LLBI+CoverageLLBI+PathLLBI,true,true,true,false,false,,,,,8,300,0.001,1,results/batch/sub20_alpha001_002_fpp_exact_tl300/splits,results/batch/sub20_alpha001_002_fpp_exact_tl300/worker_06,results/batch/sub20_alpha001_002_fpp_exact_tl300/worker_06/batch_results_worker_06.csv,results/batch/sub20_alpha001_002_fpp_exact_tl300/worker_06/json/worker_06_task_040.json,results/batch/sub20_alpha001_002_fpp_exact_tl300/worker_06/solutions,sub20_case03_alpha001_fpp_branch_benders_meancvar_llbi_coveragellbi_pathllbi_na_llbi_coveragellbi_pathllbi
worker_06_task_041,worker_06,case03,20260601,20260604,Sub20,0.01,100,900,MeanCVaR,FPP-Branch-Benders-MeanCVaR-LLBI-CoverageLLBI-PathLLBI-RootCuts,FPP-Branch-Benders,,mean-cvar,0.9,0.5,LLBI+CoverageLLBI+PathLLBI,true,true,true,true,false,,,,,8,300,0.001,1,results/batch/sub20_alpha001_002_fpp_exact_tl300/splits,results/batch/sub20_alpha001_002_fpp_exact_tl300/worker_06,results/batch/sub20_alpha001_002_fpp_exact_tl300/worker_06/batch_results_worker_06.csv,results/batch/sub20_alpha001_002_fpp_exact_tl300/worker_06/json/worker_06_task_041.json,results/batch/sub20_alpha001_002_fpp_exact_tl300/worker_06/solutions,sub20_case03_alpha001_fpp_branch_benders_meancvar_llbi_coveragellbi_pathllbi_rootcuts_na_llbi_coveragellbi_pathllbi
worker_06_task_042,worker_06,case03,20260601,20260604,Sub20,0.01,100,900,Expected,FPP-Branch-Benders-Combinatorial,FPP-Branch-Benders-Combinatorial,,expected,0.9,1.0,Combinatorial,false,false,false,false,true,heuristic,0.10,true,true,8,300,0.001,1,results/batch/sub20_alpha001_002_fpp_exact_tl300/splits,results/batch/sub20_alpha001_002_fpp_exact_tl300/worker_06,results/batch/sub20_alpha001_002_fpp_exact_tl300/worker_06/batch_results_worker_06.csv,results/batch/sub20_alpha001_002_fpp_exact_tl300/worker_06/json/worker_06_task_042.json,results/batch/sub20_alpha001_002_fpp_exact_tl300/worker_06/solutions,sub20_case03_alpha001_fpp_branch_benders_combinatorial_na_combinatorial
worker_06_task_043,worker_06,case03,20260601,20260604,Sub20,0.01,100,900,CVaR,FPP-Branch-Benders-Combinatorial-CVaR,FPP-Branch-Benders-Combinatorial,,cvar,0.9,1.0,Combinatorial,false,false,false,false,true,heuristic,0.10,true,true,8,300,0.001,1,results/batch/sub20_alpha001_002_fpp_exact_tl300/splits,results/batch/sub20_alpha001_002_fpp_exact_tl300/worker_06,results/batch/sub20_alpha001_002_fpp_exact_tl300/worker_06/batch_results_worker_06.csv,results/batch/sub20_alpha001_002_fpp_exact_tl300/worker_06/json/worker_06_task_043.json,results/batch/sub20_alpha001_002_fpp_exact_tl300/worker_06/solutions,sub20_case03_alpha001_fpp_branch_benders_combinatorial_cvar_na_combinatorial
worker_06_task_044,worker_06,case03,20260601,20260604,Sub20,0.01,100,900,MeanCVaR,FPP-Branch-Benders-Combinatorial-MeanCVaR,FPP-Branch-Benders-Combinatorial,,mean-cvar,0.9,0.5,Combinatorial,false,false,false,false,true,heuristic,0.10,true,true,8,300,0.001,1,results/batch/sub20_alpha001_002_fpp_exact_tl300/splits,results/batch/sub20_alpha001_002_fpp_exact_tl300/worker_06,results/batch/sub20_alpha001_002_fpp_exact_tl300/worker_06/batch_results_worker_06.csv,results/batch/sub20_alpha001_002_fpp_exact_tl300/worker_06/json/worker_06_task_044.json,results/batch/sub20_alpha001_002_fpp_exact_tl300/worker_06/solutions,sub20_case03_alpha001_fpp_branch_benders_combinatorial_meancvar_na_combinatorial
worker_07_task_000,worker_07,case03,20260601,20260604,Sub20,0.02,100,900,Expected,FPP-SAA,FPP-SAA,fpp_base,expected,0.9,1.0,None,false,false,false,false,false,,,,,8,300,0.001,1,results/batch/sub20_alpha001_002_fpp_exact_tl300/splits,results/batch/sub20_alpha001_002_fpp_exact_tl300/worker_07,results/batch/sub20_alpha001_002_fpp_exact_tl300/worker_07/batch_results_worker_07.csv,results/batch/sub20_alpha001_002_fpp_exact_tl300/worker_07/json/worker_07_task_000.json,results/batch/sub20_alpha001_002_fpp_exact_tl300/worker_07/solutions,sub20_case03_alpha002_fpp_saa_fpp_base_none
worker_07_task_001,worker_07,case03,20260601,20260604,Sub20,0.02,100,900,Expected,FPP-SAA,FPP-SAA,fpp_cut,expected,0.9,1.0,None,false,false,false,false,false,,,,,8,300,0.001,1,results/batch/sub20_alpha001_002_fpp_exact_tl300/splits,results/batch/sub20_alpha001_002_fpp_exact_tl300/worker_07,results/batch/sub20_alpha001_002_fpp_exact_tl300/worker_07/batch_results_worker_07.csv,results/batch/sub20_alpha001_002_fpp_exact_tl300/worker_07/json/worker_07_task_001.json,results/batch/sub20_alpha001_002_fpp_exact_tl300/worker_07/solutions,sub20_case03_alpha002_fpp_saa_fpp_cut_none
worker_07_task_002,worker_07,case03,20260601,20260604,Sub20,0.02,100,900,CVaR,FPP-SAA-CVaR,FPP-SAA,fpp_base,cvar,0.9,1.0,None,false,false,false,false,false,,,,,8,300,0.001,1,results/batch/sub20_alpha001_002_fpp_exact_tl300/splits,results/batch/sub20_alpha001_002_fpp_exact_tl300/worker_07,results/batch/sub20_alpha001_002_fpp_exact_tl300/worker_07/batch_results_worker_07.csv,results/batch/sub20_alpha001_002_fpp_exact_tl300/worker_07/json/worker_07_task_002.json,results/batch/sub20_alpha001_002_fpp_exact_tl300/worker_07/solutions,sub20_case03_alpha002_fpp_saa_cvar_fpp_base_none
worker_07_task_003,worker_07,case03,20260601,20260604,Sub20,0.02,100,900,CVaR,FPP-SAA-CVaR,FPP-SAA,fpp_cut,cvar,0.9,1.0,None,false,false,false,false,false,,,,,8,300,0.001,1,results/batch/sub20_alpha001_002_fpp_exact_tl300/splits,results/batch/sub20_alpha001_002_fpp_exact_tl300/worker_07,results/batch/sub20_alpha001_002_fpp_exact_tl300/worker_07/batch_results_worker_07.csv,results/batch/sub20_alpha001_002_fpp_exact_tl300/worker_07/json/worker_07_task_003.json,results/batch/sub20_alpha001_002_fpp_exact_tl300/worker_07/solutions,sub20_case03_alpha002_fpp_saa_cvar_fpp_cut_none
worker_07_task_004,worker_07,case03,20260601,20260604,Sub20,0.02,100,900,MeanCVaR,FPP-SAA-MeanCVaR,FPP-SAA,fpp_base,mean-cvar,0.9,0.5,None,false,false,false,false,false,,,,,8,300,0.001,1,results/batch/sub20_alpha001_002_fpp_exact_tl300/splits,results/batch/sub20_alpha001_002_fpp_exact_tl300/worker_07,results/batch/sub20_alpha001_002_fpp_exact_tl300/worker_07/batch_results_worker_07.csv,results/batch/sub20_alpha001_002_fpp_exact_tl300/worker_07/json/worker_07_task_004.json,results/batch/sub20_alpha001_002_fpp_exact_tl300/worker_07/solutions,sub20_case03_alpha002_fpp_saa_meancvar_fpp_base_none
worker_07_task_005,worker_07,case03,20260601,20260604,Sub20,0.02,100,900,MeanCVaR,FPP-SAA-MeanCVaR,FPP-SAA,fpp_cut,mean-cvar,0.9,0.5,None,false,false,false,false,false,,,,,8,300,0.001,1,results/batch/sub20_alpha001_002_fpp_exact_tl300/splits,results/batch/sub20_alpha001_002_fpp_exact_tl300/worker_07,results/batch/sub20_alpha001_002_fpp_exact_tl300/worker_07/batch_results_worker_07.csv,results/batch/sub20_alpha001_002_fpp_exact_tl300/worker_07/json/worker_07_task_005.json,results/batch/sub20_alpha001_002_fpp_exact_tl300/worker_07/solutions,sub20_case03_alpha002_fpp_saa_meancvar_fpp_cut_none
worker_07_task_006,worker_07,case03,20260601,20260604,Sub20,0.02,100,900,Expected,FPP-Branch-Benders,FPP-Branch-Benders,,expected,0.9,1.0,None,false,false,false,false,false,,,,,8,300,0.001,1,results/batch/sub20_alpha001_002_fpp_exact_tl300/splits,results/batch/sub20_alpha001_002_fpp_exact_tl300/worker_07,results/batch/sub20_alpha001_002_fpp_exact_tl300/worker_07/batch_results_worker_07.csv,results/batch/sub20_alpha001_002_fpp_exact_tl300/worker_07/json/worker_07_task_006.json,results/batch/sub20_alpha001_002_fpp_exact_tl300/worker_07/solutions,sub20_case03_alpha002_fpp_branch_benders_na_none
worker_07_task_007,worker_07,case03,20260601,20260604,Sub20,0.02,100,900,Expected,FPP-Branch-Benders-RootCuts,FPP-Branch-Benders,,expected,0.9,1.0,None,false,false,false,true,false,,,,,8,300,0.001,1,results/batch/sub20_alpha001_002_fpp_exact_tl300/splits,results/batch/sub20_alpha001_002_fpp_exact_tl300/worker_07,results/batch/sub20_alpha001_002_fpp_exact_tl300/worker_07/batch_results_worker_07.csv,results/batch/sub20_alpha001_002_fpp_exact_tl300/worker_07/json/worker_07_task_007.json,results/batch/sub20_alpha001_002_fpp_exact_tl300/worker_07/solutions,sub20_case03_alpha002_fpp_branch_benders_rootcuts_na_none
worker_07_task_008,worker_07,case03,20260601,20260604,Sub20,0.02,100,900,Expected,FPP-Branch-Benders-LLBI,FPP-Branch-Benders,,expected,0.9,1.0,LLBI,true,false,false,false,false,,,,,8,300,0.001,1,results/batch/sub20_alpha001_002_fpp_exact_tl300/splits,results/batch/sub20_alpha001_002_fpp_exact_tl300/worker_07,results/batch/sub20_alpha001_002_fpp_exact_tl300/worker_07/batch_results_worker_07.csv,results/batch/sub20_alpha001_002_fpp_exact_tl300/worker_07/json/worker_07_task_008.json,results/batch/sub20_alpha001_002_fpp_exact_tl300/worker_07/solutions,sub20_case03_alpha002_fpp_branch_benders_llbi_na_llbi
worker_07_task_009,worker_07,case03,20260601,20260604,Sub20,0.02,100,900,Expected,FPP-Branch-Benders-LLBI-RootCuts,FPP-Branch-Benders,,expected,0.9,1.0,LLBI,true,false,false,true,false,,,,,8,300,0.001,1,results/batch/sub20_alpha001_002_fpp_exact_tl300/splits,results/batch/sub20_alpha001_002_fpp_exact_tl300/worker_07,results/batch/sub20_alpha001_002_fpp_exact_tl300/worker_07/batch_results_worker_07.csv,results/batch/sub20_alpha001_002_fpp_exact_tl300/worker_07/json/worker_07_task_009.json,results/batch/sub20_alpha001_002_fpp_exact_tl300/worker_07/solutions,sub20_case03_alpha002_fpp_branch_benders_llbi_rootcuts_na_llbi
worker_07_task_010,worker_07,case03,20260601,20260604,Sub20,0.02,100,900,Expected,FPP-Branch-Benders-CoverageLLBI,FPP-Branch-Benders,,expected,0.9,1.0,CoverageLLBI,false,true,false,false,false,,,,,8,300,0.001,1,results/batch/sub20_alpha001_002_fpp_exact_tl300/splits,results/batch/sub20_alpha001_002_fpp_exact_tl300/worker_07,results/batch/sub20_alpha001_002_fpp_exact_tl300/worker_07/batch_results_worker_07.csv,results/batch/sub20_alpha001_002_fpp_exact_tl300/worker_07/json/worker_07_task_010.json,results/batch/sub20_alpha001_002_fpp_exact_tl300/worker_07/solutions,sub20_case03_alpha002_fpp_branch_benders_coveragellbi_na_coveragellbi
worker_07_task_011,worker_07,case03,20260601,20260604,Sub20,0.02,100,900,Expected,FPP-Branch-Benders-CoverageLLBI-RootCuts,FPP-Branch-Benders,,expected,0.9,1.0,CoverageLLBI,false,true,false,true,false,,,,,8,300,0.001,1,results/batch/sub20_alpha001_002_fpp_exact_tl300/splits,results/batch/sub20_alpha001_002_fpp_exact_tl300/worker_07,results/batch/sub20_alpha001_002_fpp_exact_tl300/worker_07/batch_results_worker_07.csv,results/batch/sub20_alpha001_002_fpp_exact_tl300/worker_07/json/worker_07_task_011.json,results/batch/sub20_alpha001_002_fpp_exact_tl300/worker_07/solutions,sub20_case03_alpha002_fpp_branch_benders_coveragellbi_rootcuts_na_coveragellbi
worker_07_task_012,worker_07,case03,20260601,20260604,Sub20,0.02,100,900,Expected,FPP-Branch-Benders-PathLLBI,FPP-Branch-Benders,,expected,0.9,1.0,PathLLBI,false,false,true,false,false,,,,,8,300,0.001,1,results/batch/sub20_alpha001_002_fpp_exact_tl300/splits,results/batch/sub20_alpha001_002_fpp_exact_tl300/worker_07,results/batch/sub20_alpha001_002_fpp_exact_tl300/worker_07/batch_results_worker_07.csv,results/batch/sub20_alpha001_002_fpp_exact_tl300/worker_07/json/worker_07_task_012.json,results/batch/sub20_alpha001_002_fpp_exact_tl300/worker_07/solutions,sub20_case03_alpha002_fpp_branch_benders_pathllbi_na_pathllbi
worker_07_task_013,worker_07,case03,20260601,20260604,Sub20,0.02,100,900,Expected,FPP-Branch-Benders-PathLLBI-RootCuts,FPP-Branch-Benders,,expected,0.9,1.0,PathLLBI,false,false,true,true,false,,,,,8,300,0.001,1,results/batch/sub20_alpha001_002_fpp_exact_tl300/splits,results/batch/sub20_alpha001_002_fpp_exact_tl300/worker_07,results/batch/sub20_alpha001_002_fpp_exact_tl300/worker_07/batch_results_worker_07.csv,results/batch/sub20_alpha001_002_fpp_exact_tl300/worker_07/json/worker_07_task_013.json,results/batch/sub20_alpha001_002_fpp_exact_tl300/worker_07/solutions,sub20_case03_alpha002_fpp_branch_benders_pathllbi_rootcuts_na_pathllbi
worker_07_task_014,worker_07,case03,20260601,20260604,Sub20,0.02,100,900,Expected,FPP-Branch-Benders-CoverageLLBI-PathLLBI,FPP-Branch-Benders,,expected,0.9,1.0,CoverageLLBI+PathLLBI,false,true,true,false,false,,,,,8,300,0.001,1,results/batch/sub20_alpha001_002_fpp_exact_tl300/splits,results/batch/sub20_alpha001_002_fpp_exact_tl300/worker_07,results/batch/sub20_alpha001_002_fpp_exact_tl300/worker_07/batch_results_worker_07.csv,results/batch/sub20_alpha001_002_fpp_exact_tl300/worker_07/json/worker_07_task_014.json,results/batch/sub20_alpha001_002_fpp_exact_tl300/worker_07/solutions,sub20_case03_alpha002_fpp_branch_benders_coveragellbi_pathllbi_na_coveragellbi_pathllbi
worker_07_task_015,worker_07,case03,20260601,20260604,Sub20,0.02,100,900,Expected,FPP-Branch-Benders-CoverageLLBI-PathLLBI-RootCuts,FPP-Branch-Benders,,expected,0.9,1.0,CoverageLLBI+PathLLBI,false,true,true,true,false,,,,,8,300,0.001,1,results/batch/sub20_alpha001_002_fpp_exact_tl300/splits,results/batch/sub20_alpha001_002_fpp_exact_tl300/worker_07,results/batch/sub20_alpha001_002_fpp_exact_tl300/worker_07/batch_results_worker_07.csv,results/batch/sub20_alpha001_002_fpp_exact_tl300/worker_07/json/worker_07_task_015.json,results/batch/sub20_alpha001_002_fpp_exact_tl300/worker_07/solutions,sub20_case03_alpha002_fpp_branch_benders_coveragellbi_pathllbi_rootcuts_na_coveragellbi_pathllbi
worker_07_task_016,worker_07,case03,20260601,20260604,Sub20,0.02,100,900,Expected,FPP-Branch-Benders-LLBI-CoverageLLBI-PathLLBI,FPP-Branch-Benders,,expected,0.9,1.0,LLBI+CoverageLLBI+PathLLBI,true,true,true,false,false,,,,,8,300,0.001,1,results/batch/sub20_alpha001_002_fpp_exact_tl300/splits,results/batch/sub20_alpha001_002_fpp_exact_tl300/worker_07,results/batch/sub20_alpha001_002_fpp_exact_tl300/worker_07/batch_results_worker_07.csv,results/batch/sub20_alpha001_002_fpp_exact_tl300/worker_07/json/worker_07_task_016.json,results/batch/sub20_alpha001_002_fpp_exact_tl300/worker_07/solutions,sub20_case03_alpha002_fpp_branch_benders_llbi_coveragellbi_pathllbi_na_llbi_coveragellbi_pathllbi
worker_07_task_017,worker_07,case03,20260601,20260604,Sub20,0.02,100,900,Expected,FPP-Branch-Benders-LLBI-CoverageLLBI-PathLLBI-RootCuts,FPP-Branch-Benders,,expected,0.9,1.0,LLBI+CoverageLLBI+PathLLBI,true,true,true,true,false,,,,,8,300,0.001,1,results/batch/sub20_alpha001_002_fpp_exact_tl300/splits,results/batch/sub20_alpha001_002_fpp_exact_tl300/worker_07,results/batch/sub20_alpha001_002_fpp_exact_tl300/worker_07/batch_results_worker_07.csv,results/batch/sub20_alpha001_002_fpp_exact_tl300/worker_07/json/worker_07_task_017.json,results/batch/sub20_alpha001_002_fpp_exact_tl300/worker_07/solutions,sub20_case03_alpha002_fpp_branch_benders_llbi_coveragellbi_pathllbi_rootcuts_na_llbi_coveragellbi_pathllbi
worker_07_task_018,worker_07,case03,20260601,20260604,Sub20,0.02,100,900,CVaR,FPP-Branch-Benders-CVaR,FPP-Branch-Benders,,cvar,0.9,1.0,None,false,false,false,false,false,,,,,8,300,0.001,1,results/batch/sub20_alpha001_002_fpp_exact_tl300/splits,results/batch/sub20_alpha001_002_fpp_exact_tl300/worker_07,results/batch/sub20_alpha001_002_fpp_exact_tl300/worker_07/batch_results_worker_07.csv,results/batch/sub20_alpha001_002_fpp_exact_tl300/worker_07/json/worker_07_task_018.json,results/batch/sub20_alpha001_002_fpp_exact_tl300/worker_07/solutions,sub20_case03_alpha002_fpp_branch_benders_cvar_na_none
worker_07_task_019,worker_07,case03,20260601,20260604,Sub20,0.02,100,900,CVaR,FPP-Branch-Benders-CVaR-RootCuts,FPP-Branch-Benders,,cvar,0.9,1.0,None,false,false,false,true,false,,,,,8,300,0.001,1,results/batch/sub20_alpha001_002_fpp_exact_tl300/splits,results/batch/sub20_alpha001_002_fpp_exact_tl300/worker_07,results/batch/sub20_alpha001_002_fpp_exact_tl300/worker_07/batch_results_worker_07.csv,results/batch/sub20_alpha001_002_fpp_exact_tl300/worker_07/json/worker_07_task_019.json,results/batch/sub20_alpha001_002_fpp_exact_tl300/worker_07/solutions,sub20_case03_alpha002_fpp_branch_benders_cvar_rootcuts_na_none
worker_07_task_020,worker_07,case03,20260601,20260604,Sub20,0.02,100,900,CVaR,FPP-Branch-Benders-CVaR-LLBI,FPP-Branch-Benders,,cvar,0.9,1.0,LLBI,true,false,false,false,false,,,,,8,300,0.001,1,results/batch/sub20_alpha001_002_fpp_exact_tl300/splits,results/batch/sub20_alpha001_002_fpp_exact_tl300/worker_07,results/batch/sub20_alpha001_002_fpp_exact_tl300/worker_07/batch_results_worker_07.csv,results/batch/sub20_alpha001_002_fpp_exact_tl300/worker_07/json/worker_07_task_020.json,results/batch/sub20_alpha001_002_fpp_exact_tl300/worker_07/solutions,sub20_case03_alpha002_fpp_branch_benders_cvar_llbi_na_llbi
worker_07_task_021,worker_07,case03,20260601,20260604,Sub20,0.02,100,900,CVaR,FPP-Branch-Benders-CVaR-LLBI-RootCuts,FPP-Branch-Benders,,cvar,0.9,1.0,LLBI,true,false,false,true,false,,,,,8,300,0.001,1,results/batch/sub20_alpha001_002_fpp_exact_tl300/splits,results/batch/sub20_alpha001_002_fpp_exact_tl300/worker_07,results/batch/sub20_alpha001_002_fpp_exact_tl300/worker_07/batch_results_worker_07.csv,results/batch/sub20_alpha001_002_fpp_exact_tl300/worker_07/json/worker_07_task_021.json,results/batch/sub20_alpha001_002_fpp_exact_tl300/worker_07/solutions,sub20_case03_alpha002_fpp_branch_benders_cvar_llbi_rootcuts_na_llbi
worker_07_task_022,worker_07,case03,20260601,20260604,Sub20,0.02,100,900,CVaR,FPP-Branch-Benders-CVaR-CoverageLLBI,FPP-Branch-Benders,,cvar,0.9,1.0,CoverageLLBI,false,true,false,false,false,,,,,8,300,0.001,1,results/batch/sub20_alpha001_002_fpp_exact_tl300/splits,results/batch/sub20_alpha001_002_fpp_exact_tl300/worker_07,results/batch/sub20_alpha001_002_fpp_exact_tl300/worker_07/batch_results_worker_07.csv,results/batch/sub20_alpha001_002_fpp_exact_tl300/worker_07/json/worker_07_task_022.json,results/batch/sub20_alpha001_002_fpp_exact_tl300/worker_07/solutions,sub20_case03_alpha002_fpp_branch_benders_cvar_coveragellbi_na_coveragellbi
worker_07_task_023,worker_07,case03,20260601,20260604,Sub20,0.02,100,900,CVaR,FPP-Branch-Benders-CVaR-CoverageLLBI-RootCuts,FPP-Branch-Benders,,cvar,0.9,1.0,CoverageLLBI,false,true,false,true,false,,,,,8,300,0.001,1,results/batch/sub20_alpha001_002_fpp_exact_tl300/splits,results/batch/sub20_alpha001_002_fpp_exact_tl300/worker_07,results/batch/sub20_alpha001_002_fpp_exact_tl300/worker_07/batch_results_worker_07.csv,results/batch/sub20_alpha001_002_fpp_exact_tl300/worker_07/json/worker_07_task_023.json,results/batch/sub20_alpha001_002_fpp_exact_tl300/worker_07/solutions,sub20_case03_alpha002_fpp_branch_benders_cvar_coveragellbi_rootcuts_na_coveragellbi
worker_07_task_024,worker_07,case03,20260601,20260604,Sub20,0.02,100,900,CVaR,FPP-Branch-Benders-CVaR-PathLLBI,FPP-Branch-Benders,,cvar,0.9,1.0,PathLLBI,false,false,true,false,false,,,,,8,300,0.001,1,results/batch/sub20_alpha001_002_fpp_exact_tl300/splits,results/batch/sub20_alpha001_002_fpp_exact_tl300/worker_07,results/batch/sub20_alpha001_002_fpp_exact_tl300/worker_07/batch_results_worker_07.csv,results/batch/sub20_alpha001_002_fpp_exact_tl300/worker_07/json/worker_07_task_024.json,results/batch/sub20_alpha001_002_fpp_exact_tl300/worker_07/solutions,sub20_case03_alpha002_fpp_branch_benders_cvar_pathllbi_na_pathllbi
worker_07_task_025,worker_07,case03,20260601,20260604,Sub20,0.02,100,900,CVaR,FPP-Branch-Benders-CVaR-PathLLBI-RootCuts,FPP-Branch-Benders,,cvar,0.9,1.0,PathLLBI,false,false,true,true,false,,,,,8,300,0.001,1,results/batch/sub20_alpha001_002_fpp_exact_tl300/splits,results/batch/sub20_alpha001_002_fpp_exact_tl300/worker_07,results/batch/sub20_alpha001_002_fpp_exact_tl300/worker_07/batch_results_worker_07.csv,results/batch/sub20_alpha001_002_fpp_exact_tl300/worker_07/json/worker_07_task_025.json,results/batch/sub20_alpha001_002_fpp_exact_tl300/worker_07/solutions,sub20_case03_alpha002_fpp_branch_benders_cvar_pathllbi_rootcuts_na_pathllbi
worker_07_task_026,worker_07,case03,20260601,20260604,Sub20,0.02,100,900,CVaR,FPP-Branch-Benders-CVaR-CoverageLLBI-PathLLBI,FPP-Branch-Benders,,cvar,0.9,1.0,CoverageLLBI+PathLLBI,false,true,true,false,false,,,,,8,300,0.001,1,results/batch/sub20_alpha001_002_fpp_exact_tl300/splits,results/batch/sub20_alpha001_002_fpp_exact_tl300/worker_07,results/batch/sub20_alpha001_002_fpp_exact_tl300/worker_07/batch_results_worker_07.csv,results/batch/sub20_alpha001_002_fpp_exact_tl300/worker_07/json/worker_07_task_026.json,results/batch/sub20_alpha001_002_fpp_exact_tl300/worker_07/solutions,sub20_case03_alpha002_fpp_branch_benders_cvar_coveragellbi_pathllbi_na_coveragellbi_pathllbi
worker_07_task_027,worker_07,case03,20260601,20260604,Sub20,0.02,100,900,CVaR,FPP-Branch-Benders-CVaR-CoverageLLBI-PathLLBI-RootCuts,FPP-Branch-Benders,,cvar,0.9,1.0,CoverageLLBI+PathLLBI,false,true,true,true,false,,,,,8,300,0.001,1,results/batch/sub20_alpha001_002_fpp_exact_tl300/splits,results/batch/sub20_alpha001_002_fpp_exact_tl300/worker_07,results/batch/sub20_alpha001_002_fpp_exact_tl300/worker_07/batch_results_worker_07.csv,results/batch/sub20_alpha001_002_fpp_exact_tl300/worker_07/json/worker_07_task_027.json,results/batch/sub20_alpha001_002_fpp_exact_tl300/worker_07/solutions,sub20_case03_alpha002_fpp_branch_benders_cvar_coveragellbi_pathllbi_rootcuts_na_coveragellbi_pathllbi
worker_07_task_028,worker_07,case03,20260601,20260604,Sub20,0.02,100,900,CVaR,FPP-Branch-Benders-CVaR-LLBI-CoverageLLBI-PathLLBI,FPP-Branch-Benders,,cvar,0.9,1.0,LLBI+CoverageLLBI+PathLLBI,true,true,true,false,false,,,,,8,300,0.001,1,results/batch/sub20_alpha001_002_fpp_exact_tl300/splits,results/batch/sub20_alpha001_002_fpp_exact_tl300/worker_07,results/batch/sub20_alpha001_002_fpp_exact_tl300/worker_07/batch_results_worker_07.csv,results/batch/sub20_alpha001_002_fpp_exact_tl300/worker_07/json/worker_07_task_028.json,results/batch/sub20_alpha001_002_fpp_exact_tl300/worker_07/solutions,sub20_case03_alpha002_fpp_branch_benders_cvar_llbi_coveragellbi_pathllbi_na_llbi_coveragellbi_pathllbi
worker_07_task_029,worker_07,case03,20260601,20260604,Sub20,0.02,100,900,CVaR,FPP-Branch-Benders-CVaR-LLBI-CoverageLLBI-PathLLBI-RootCuts,FPP-Branch-Benders,,cvar,0.9,1.0,LLBI+CoverageLLBI+PathLLBI,true,true,true,true,false,,,,,8,300,0.001,1,results/batch/sub20_alpha001_002_fpp_exact_tl300/splits,results/batch/sub20_alpha001_002_fpp_exact_tl300/worker_07,results/batch/sub20_alpha001_002_fpp_exact_tl300/worker_07/batch_results_worker_07.csv,results/batch/sub20_alpha001_002_fpp_exact_tl300/worker_07/json/worker_07_task_029.json,results/batch/sub20_alpha001_002_fpp_exact_tl300/worker_07/solutions,sub20_case03_alpha002_fpp_branch_benders_cvar_llbi_coveragellbi_pathllbi_rootcuts_na_llbi_coveragellbi_pathllbi
worker_07_task_030,worker_07,case03,20260601,20260604,Sub20,0.02,100,900,MeanCVaR,FPP-Branch-Benders-MeanCVaR,FPP-Branch-Benders,,mean-cvar,0.9,0.5,None,false,false,false,false,false,,,,,8,300,0.001,1,results/batch/sub20_alpha001_002_fpp_exact_tl300/splits,results/batch/sub20_alpha001_002_fpp_exact_tl300/worker_07,results/batch/sub20_alpha001_002_fpp_exact_tl300/worker_07/batch_results_worker_07.csv,results/batch/sub20_alpha001_002_fpp_exact_tl300/worker_07/json/worker_07_task_030.json,results/batch/sub20_alpha001_002_fpp_exact_tl300/worker_07/solutions,sub20_case03_alpha002_fpp_branch_benders_meancvar_na_none
worker_07_task_031,worker_07,case03,20260601,20260604,Sub20,0.02,100,900,MeanCVaR,FPP-Branch-Benders-MeanCVaR-RootCuts,FPP-Branch-Benders,,mean-cvar,0.9,0.5,None,false,false,false,true,false,,,,,8,300,0.001,1,results/batch/sub20_alpha001_002_fpp_exact_tl300/splits,results/batch/sub20_alpha001_002_fpp_exact_tl300/worker_07,results/batch/sub20_alpha001_002_fpp_exact_tl300/worker_07/batch_results_worker_07.csv,results/batch/sub20_alpha001_002_fpp_exact_tl300/worker_07/json/worker_07_task_031.json,results/batch/sub20_alpha001_002_fpp_exact_tl300/worker_07/solutions,sub20_case03_alpha002_fpp_branch_benders_meancvar_rootcuts_na_none
worker_07_task_032,worker_07,case03,20260601,20260604,Sub20,0.02,100,900,MeanCVaR,FPP-Branch-Benders-MeanCVaR-LLBI,FPP-Branch-Benders,,mean-cvar,0.9,0.5,LLBI,true,false,false,false,false,,,,,8,300,0.001,1,results/batch/sub20_alpha001_002_fpp_exact_tl300/splits,results/batch/sub20_alpha001_002_fpp_exact_tl300/worker_07,results/batch/sub20_alpha001_002_fpp_exact_tl300/worker_07/batch_results_worker_07.csv,results/batch/sub20_alpha001_002_fpp_exact_tl300/worker_07/json/worker_07_task_032.json,results/batch/sub20_alpha001_002_fpp_exact_tl300/worker_07/solutions,sub20_case03_alpha002_fpp_branch_benders_meancvar_llbi_na_llbi
worker_07_task_033,worker_07,case03,20260601,20260604,Sub20,0.02,100,900,MeanCVaR,FPP-Branch-Benders-MeanCVaR-LLBI-RootCuts,FPP-Branch-Benders,,mean-cvar,0.9,0.5,LLBI,true,false,false,true,false,,,,,8,300,0.001,1,results/batch/sub20_alpha001_002_fpp_exact_tl300/splits,results/batch/sub20_alpha001_002_fpp_exact_tl300/worker_07,results/batch/sub20_alpha001_002_fpp_exact_tl300/worker_07/batch_results_worker_07.csv,results/batch/sub20_alpha001_002_fpp_exact_tl300/worker_07/json/worker_07_task_033.json,results/batch/sub20_alpha001_002_fpp_exact_tl300/worker_07/solutions,sub20_case03_alpha002_fpp_branch_benders_meancvar_llbi_rootcuts_na_llbi
worker_07_task_034,worker_07,case03,20260601,20260604,Sub20,0.02,100,900,MeanCVaR,FPP-Branch-Benders-MeanCVaR-CoverageLLBI,FPP-Branch-Benders,,mean-cvar,0.9,0.5,CoverageLLBI,false,true,false,false,false,,,,,8,300,0.001,1,results/batch/sub20_alpha001_002_fpp_exact_tl300/splits,results/batch/sub20_alpha001_002_fpp_exact_tl300/worker_07,results/batch/sub20_alpha001_002_fpp_exact_tl300/worker_07/batch_results_worker_07.csv,results/batch/sub20_alpha001_002_fpp_exact_tl300/worker_07/json/worker_07_task_034.json,results/batch/sub20_alpha001_002_fpp_exact_tl300/worker_07/solutions,sub20_case03_alpha002_fpp_branch_benders_meancvar_coveragellbi_na_coveragellbi
worker_07_task_035,worker_07,case03,20260601,20260604,Sub20,0.02,100,900,MeanCVaR,FPP-Branch-Benders-MeanCVaR-CoverageLLBI-RootCuts,FPP-Branch-Benders,,mean-cvar,0.9,0.5,CoverageLLBI,false,true,false,true,false,,,,,8,300,0.001,1,results/batch/sub20_alpha001_002_fpp_exact_tl300/splits,results/batch/sub20_alpha001_002_fpp_exact_tl300/worker_07,results/batch/sub20_alpha001_002_fpp_exact_tl300/worker_07/batch_results_worker_07.csv,results/batch/sub20_alpha001_002_fpp_exact_tl300/worker_07/json/worker_07_task_035.json,results/batch/sub20_alpha001_002_fpp_exact_tl300/worker_07/solutions,sub20_case03_alpha002_fpp_branch_benders_meancvar_coveragellbi_rootcuts_na_coveragellbi
worker_07_task_036,worker_07,case03,20260601,20260604,Sub20,0.02,100,900,MeanCVaR,FPP-Branch-Benders-MeanCVaR-PathLLBI,FPP-Branch-Benders,,mean-cvar,0.9,0.5,PathLLBI,false,false,true,false,false,,,,,8,300,0.001,1,results/batch/sub20_alpha001_002_fpp_exact_tl300/splits,results/batch/sub20_alpha001_002_fpp_exact_tl300/worker_07,results/batch/sub20_alpha001_002_fpp_exact_tl300/worker_07/batch_results_worker_07.csv,results/batch/sub20_alpha001_002_fpp_exact_tl300/worker_07/json/worker_07_task_036.json,results/batch/sub20_alpha001_002_fpp_exact_tl300/worker_07/solutions,sub20_case03_alpha002_fpp_branch_benders_meancvar_pathllbi_na_pathllbi
worker_07_task_037,worker_07,case03,20260601,20260604,Sub20,0.02,100,900,MeanCVaR,FPP-Branch-Benders-MeanCVaR-PathLLBI-RootCuts,FPP-Branch-Benders,,mean-cvar,0.9,0.5,PathLLBI,false,false,true,true,false,,,,,8,300,0.001,1,results/batch/sub20_alpha001_002_fpp_exact_tl300/splits,results/batch/sub20_alpha001_002_fpp_exact_tl300/worker_07,results/batch/sub20_alpha001_002_fpp_exact_tl300/worker_07/batch_results_worker_07.csv,results/batch/sub20_alpha001_002_fpp_exact_tl300/worker_07/json/worker_07_task_037.json,results/batch/sub20_alpha001_002_fpp_exact_tl300/worker_07/solutions,sub20_case03_alpha002_fpp_branch_benders_meancvar_pathllbi_rootcuts_na_pathllbi
worker_07_task_038,worker_07,case03,20260601,20260604,Sub20,0.02,100,900,MeanCVaR,FPP-Branch-Benders-MeanCVaR-CoverageLLBI-PathLLBI,FPP-Branch-Benders,,mean-cvar,0.9,0.5,CoverageLLBI+PathLLBI,false,true,true,false,false,,,,,8,300,0.001,1,results/batch/sub20_alpha001_002_fpp_exact_tl300/splits,results/batch/sub20_alpha001_002_fpp_exact_tl300/worker_07,results/batch/sub20_alpha001_002_fpp_exact_tl300/worker_07/batch_results_worker_07.csv,results/batch/sub20_alpha001_002_fpp_exact_tl300/worker_07/json/worker_07_task_038.json,results/batch/sub20_alpha001_002_fpp_exact_tl300/worker_07/solutions,sub20_case03_alpha002_fpp_branch_benders_meancvar_coveragellbi_pathllbi_na_coveragellbi_pathllbi
worker_07_task_039,worker_07,case03,20260601,20260604,Sub20,0.02,100,900,MeanCVaR,FPP-Branch-Benders-MeanCVaR-CoverageLLBI-PathLLBI-RootCuts,FPP-Branch-Benders,,mean-cvar,0.9,0.5,CoverageLLBI+PathLLBI,false,true,true,true,false,,,,,8,300,0.001,1,results/batch/sub20_alpha001_002_fpp_exact_tl300/splits,results/batch/sub20_alpha001_002_fpp_exact_tl300/worker_07,results/batch/sub20_alpha001_002_fpp_exact_tl300/worker_07/batch_results_worker_07.csv,results/batch/sub20_alpha001_002_fpp_exact_tl300/worker_07/json/worker_07_task_039.json,results/batch/sub20_alpha001_002_fpp_exact_tl300/worker_07/solutions,sub20_case03_alpha002_fpp_branch_benders_meancvar_coveragellbi_pathllbi_rootcuts_na_coveragellbi_pathllbi
worker_07_task_040,worker_07,case03,20260601,20260604,Sub20,0.02,100,900,MeanCVaR,FPP-Branch-Benders-MeanCVaR-LLBI-CoverageLLBI-PathLLBI,FPP-Branch-Benders,,mean-cvar,0.9,0.5,LLBI+CoverageLLBI+PathLLBI,true,true,true,false,false,,,,,8,300,0.001,1,results/batch/sub20_alpha001_002_fpp_exact_tl300/splits,results/batch/sub20_alpha001_002_fpp_exact_tl300/worker_07,results/batch/sub20_alpha001_002_fpp_exact_tl300/worker_07/batch_results_worker_07.csv,results/batch/sub20_alpha001_002_fpp_exact_tl300/worker_07/json/worker_07_task_040.json,results/batch/sub20_alpha001_002_fpp_exact_tl300/worker_07/solutions,sub20_case03_alpha002_fpp_branch_benders_meancvar_llbi_coveragellbi_pathllbi_na_llbi_coveragellbi_pathllbi
worker_07_task_041,worker_07,case03,20260601,20260604,Sub20,0.02,100,900,MeanCVaR,FPP-Branch-Benders-MeanCVaR-LLBI-CoverageLLBI-PathLLBI-RootCuts,FPP-Branch-Benders,,mean-cvar,0.9,0.5,LLBI+CoverageLLBI+PathLLBI,true,true,true,true,false,,,,,8,300,0.001,1,results/batch/sub20_alpha001_002_fpp_exact_tl300/splits,results/batch/sub20_alpha001_002_fpp_exact_tl300/worker_07,results/batch/sub20_alpha001_002_fpp_exact_tl300/worker_07/batch_results_worker_07.csv,results/batch/sub20_alpha001_002_fpp_exact_tl300/worker_07/json/worker_07_task_041.json,results/batch/sub20_alpha001_002_fpp_exact_tl300/worker_07/solutions,sub20_case03_alpha002_fpp_branch_benders_meancvar_llbi_coveragellbi_pathllbi_rootcuts_na_llbi_coveragellbi_pathllbi
worker_07_task_042,worker_07,case03,20260601,20260604,Sub20,0.02,100,900,Expected,FPP-Branch-Benders-Combinatorial,FPP-Branch-Benders-Combinatorial,,expected,0.9,1.0,Combinatorial,false,false,false,false,true,heuristic,0.10,true,true,8,300,0.001,1,results/batch/sub20_alpha001_002_fpp_exact_tl300/splits,results/batch/sub20_alpha001_002_fpp_exact_tl300/worker_07,results/batch/sub20_alpha001_002_fpp_exact_tl300/worker_07/batch_results_worker_07.csv,results/batch/sub20_alpha001_002_fpp_exact_tl300/worker_07/json/worker_07_task_042.json,results/batch/sub20_alpha001_002_fpp_exact_tl300/worker_07/solutions,sub20_case03_alpha002_fpp_branch_benders_combinatorial_na_combinatorial
worker_07_task_043,worker_07,case03,20260601,20260604,Sub20,0.02,100,900,CVaR,FPP-Branch-Benders-Combinatorial-CVaR,FPP-Branch-Benders-Combinatorial,,cvar,0.9,1.0,Combinatorial,false,false,false,false,true,heuristic,0.10,true,true,8,300,0.001,1,results/batch/sub20_alpha001_002_fpp_exact_tl300/splits,results/batch/sub20_alpha001_002_fpp_exact_tl300/worker_07,results/batch/sub20_alpha001_002_fpp_exact_tl300/worker_07/batch_results_worker_07.csv,results/batch/sub20_alpha001_002_fpp_exact_tl300/worker_07/json/worker_07_task_043.json,results/batch/sub20_alpha001_002_fpp_exact_tl300/worker_07/solutions,sub20_case03_alpha002_fpp_branch_benders_combinatorial_cvar_na_combinatorial
worker_07_task_044,worker_07,case03,20260601,20260604,Sub20,0.02,100,900,MeanCVaR,FPP-Branch-Benders-Combinatorial-MeanCVaR,FPP-Branch-Benders-Combinatorial,,mean-cvar,0.9,0.5,Combinatorial,false,false,false,false,true,heuristic,0.10,true,true,8,300,0.001,1,results/batch/sub20_alpha001_002_fpp_exact_tl300/splits,results/batch/sub20_alpha001_002_fpp_exact_tl300/worker_07,results/batch/sub20_alpha001_002_fpp_exact_tl300/worker_07/batch_results_worker_07.csv,results/batch/sub20_alpha001_002_fpp_exact_tl300/worker_07/json/worker_07_task_044.json,results/batch/sub20_alpha001_002_fpp_exact_tl300/worker_07/solutions,sub20_case03_alpha002_fpp_branch_benders_combinatorial_meancvar_na_combinatorial
worker_08_task_000,worker_08,case04,20260601,20260605,Sub20,0.01,100,900,Expected,FPP-SAA,FPP-SAA,fpp_base,expected,0.9,1.0,None,false,false,false,false,false,,,,,8,300,0.001,1,results/batch/sub20_alpha001_002_fpp_exact_tl300/splits,results/batch/sub20_alpha001_002_fpp_exact_tl300/worker_08,results/batch/sub20_alpha001_002_fpp_exact_tl300/worker_08/batch_results_worker_08.csv,results/batch/sub20_alpha001_002_fpp_exact_tl300/worker_08/json/worker_08_task_000.json,results/batch/sub20_alpha001_002_fpp_exact_tl300/worker_08/solutions,sub20_case04_alpha001_fpp_saa_fpp_base_none
worker_08_task_001,worker_08,case04,20260601,20260605,Sub20,0.01,100,900,Expected,FPP-SAA,FPP-SAA,fpp_cut,expected,0.9,1.0,None,false,false,false,false,false,,,,,8,300,0.001,1,results/batch/sub20_alpha001_002_fpp_exact_tl300/splits,results/batch/sub20_alpha001_002_fpp_exact_tl300/worker_08,results/batch/sub20_alpha001_002_fpp_exact_tl300/worker_08/batch_results_worker_08.csv,results/batch/sub20_alpha001_002_fpp_exact_tl300/worker_08/json/worker_08_task_001.json,results/batch/sub20_alpha001_002_fpp_exact_tl300/worker_08/solutions,sub20_case04_alpha001_fpp_saa_fpp_cut_none
worker_08_task_002,worker_08,case04,20260601,20260605,Sub20,0.01,100,900,CVaR,FPP-SAA-CVaR,FPP-SAA,fpp_base,cvar,0.9,1.0,None,false,false,false,false,false,,,,,8,300,0.001,1,results/batch/sub20_alpha001_002_fpp_exact_tl300/splits,results/batch/sub20_alpha001_002_fpp_exact_tl300/worker_08,results/batch/sub20_alpha001_002_fpp_exact_tl300/worker_08/batch_results_worker_08.csv,results/batch/sub20_alpha001_002_fpp_exact_tl300/worker_08/json/worker_08_task_002.json,results/batch/sub20_alpha001_002_fpp_exact_tl300/worker_08/solutions,sub20_case04_alpha001_fpp_saa_cvar_fpp_base_none
worker_08_task_003,worker_08,case04,20260601,20260605,Sub20,0.01,100,900,CVaR,FPP-SAA-CVaR,FPP-SAA,fpp_cut,cvar,0.9,1.0,None,false,false,false,false,false,,,,,8,300,0.001,1,results/batch/sub20_alpha001_002_fpp_exact_tl300/splits,results/batch/sub20_alpha001_002_fpp_exact_tl300/worker_08,results/batch/sub20_alpha001_002_fpp_exact_tl300/worker_08/batch_results_worker_08.csv,results/batch/sub20_alpha001_002_fpp_exact_tl300/worker_08/json/worker_08_task_003.json,results/batch/sub20_alpha001_002_fpp_exact_tl300/worker_08/solutions,sub20_case04_alpha001_fpp_saa_cvar_fpp_cut_none
worker_08_task_004,worker_08,case04,20260601,20260605,Sub20,0.01,100,900,MeanCVaR,FPP-SAA-MeanCVaR,FPP-SAA,fpp_base,mean-cvar,0.9,0.5,None,false,false,false,false,false,,,,,8,300,0.001,1,results/batch/sub20_alpha001_002_fpp_exact_tl300/splits,results/batch/sub20_alpha001_002_fpp_exact_tl300/worker_08,results/batch/sub20_alpha001_002_fpp_exact_tl300/worker_08/batch_results_worker_08.csv,results/batch/sub20_alpha001_002_fpp_exact_tl300/worker_08/json/worker_08_task_004.json,results/batch/sub20_alpha001_002_fpp_exact_tl300/worker_08/solutions,sub20_case04_alpha001_fpp_saa_meancvar_fpp_base_none
worker_08_task_005,worker_08,case04,20260601,20260605,Sub20,0.01,100,900,MeanCVaR,FPP-SAA-MeanCVaR,FPP-SAA,fpp_cut,mean-cvar,0.9,0.5,None,false,false,false,false,false,,,,,8,300,0.001,1,results/batch/sub20_alpha001_002_fpp_exact_tl300/splits,results/batch/sub20_alpha001_002_fpp_exact_tl300/worker_08,results/batch/sub20_alpha001_002_fpp_exact_tl300/worker_08/batch_results_worker_08.csv,results/batch/sub20_alpha001_002_fpp_exact_tl300/worker_08/json/worker_08_task_005.json,results/batch/sub20_alpha001_002_fpp_exact_tl300/worker_08/solutions,sub20_case04_alpha001_fpp_saa_meancvar_fpp_cut_none
worker_08_task_006,worker_08,case04,20260601,20260605,Sub20,0.01,100,900,Expected,FPP-Branch-Benders,FPP-Branch-Benders,,expected,0.9,1.0,None,false,false,false,false,false,,,,,8,300,0.001,1,results/batch/sub20_alpha001_002_fpp_exact_tl300/splits,results/batch/sub20_alpha001_002_fpp_exact_tl300/worker_08,results/batch/sub20_alpha001_002_fpp_exact_tl300/worker_08/batch_results_worker_08.csv,results/batch/sub20_alpha001_002_fpp_exact_tl300/worker_08/json/worker_08_task_006.json,results/batch/sub20_alpha001_002_fpp_exact_tl300/worker_08/solutions,sub20_case04_alpha001_fpp_branch_benders_na_none
worker_08_task_007,worker_08,case04,20260601,20260605,Sub20,0.01,100,900,Expected,FPP-Branch-Benders-RootCuts,FPP-Branch-Benders,,expected,0.9,1.0,None,false,false,false,true,false,,,,,8,300,0.001,1,results/batch/sub20_alpha001_002_fpp_exact_tl300/splits,results/batch/sub20_alpha001_002_fpp_exact_tl300/worker_08,results/batch/sub20_alpha001_002_fpp_exact_tl300/worker_08/batch_results_worker_08.csv,results/batch/sub20_alpha001_002_fpp_exact_tl300/worker_08/json/worker_08_task_007.json,results/batch/sub20_alpha001_002_fpp_exact_tl300/worker_08/solutions,sub20_case04_alpha001_fpp_branch_benders_rootcuts_na_none
worker_08_task_008,worker_08,case04,20260601,20260605,Sub20,0.01,100,900,Expected,FPP-Branch-Benders-LLBI,FPP-Branch-Benders,,expected,0.9,1.0,LLBI,true,false,false,false,false,,,,,8,300,0.001,1,results/batch/sub20_alpha001_002_fpp_exact_tl300/splits,results/batch/sub20_alpha001_002_fpp_exact_tl300/worker_08,results/batch/sub20_alpha001_002_fpp_exact_tl300/worker_08/batch_results_worker_08.csv,results/batch/sub20_alpha001_002_fpp_exact_tl300/worker_08/json/worker_08_task_008.json,results/batch/sub20_alpha001_002_fpp_exact_tl300/worker_08/solutions,sub20_case04_alpha001_fpp_branch_benders_llbi_na_llbi
worker_08_task_009,worker_08,case04,20260601,20260605,Sub20,0.01,100,900,Expected,FPP-Branch-Benders-LLBI-RootCuts,FPP-Branch-Benders,,expected,0.9,1.0,LLBI,true,false,false,true,false,,,,,8,300,0.001,1,results/batch/sub20_alpha001_002_fpp_exact_tl300/splits,results/batch/sub20_alpha001_002_fpp_exact_tl300/worker_08,results/batch/sub20_alpha001_002_fpp_exact_tl300/worker_08/batch_results_worker_08.csv,results/batch/sub20_alpha001_002_fpp_exact_tl300/worker_08/json/worker_08_task_009.json,results/batch/sub20_alpha001_002_fpp_exact_tl300/worker_08/solutions,sub20_case04_alpha001_fpp_branch_benders_llbi_rootcuts_na_llbi
worker_08_task_010,worker_08,case04,20260601,20260605,Sub20,0.01,100,900,Expected,FPP-Branch-Benders-CoverageLLBI,FPP-Branch-Benders,,expected,0.9,1.0,CoverageLLBI,false,true,false,false,false,,,,,8,300,0.001,1,results/batch/sub20_alpha001_002_fpp_exact_tl300/splits,results/batch/sub20_alpha001_002_fpp_exact_tl300/worker_08,results/batch/sub20_alpha001_002_fpp_exact_tl300/worker_08/batch_results_worker_08.csv,results/batch/sub20_alpha001_002_fpp_exact_tl300/worker_08/json/worker_08_task_010.json,results/batch/sub20_alpha001_002_fpp_exact_tl300/worker_08/solutions,sub20_case04_alpha001_fpp_branch_benders_coveragellbi_na_coveragellbi
worker_08_task_011,worker_08,case04,20260601,20260605,Sub20,0.01,100,900,Expected,FPP-Branch-Benders-CoverageLLBI-RootCuts,FPP-Branch-Benders,,expected,0.9,1.0,CoverageLLBI,false,true,false,true,false,,,,,8,300,0.001,1,results/batch/sub20_alpha001_002_fpp_exact_tl300/splits,results/batch/sub20_alpha001_002_fpp_exact_tl300/worker_08,results/batch/sub20_alpha001_002_fpp_exact_tl300/worker_08/batch_results_worker_08.csv,results/batch/sub20_alpha001_002_fpp_exact_tl300/worker_08/json/worker_08_task_011.json,results/batch/sub20_alpha001_002_fpp_exact_tl300/worker_08/solutions,sub20_case04_alpha001_fpp_branch_benders_coveragellbi_rootcuts_na_coveragellbi
worker_08_task_012,worker_08,case04,20260601,20260605,Sub20,0.01,100,900,Expected,FPP-Branch-Benders-PathLLBI,FPP-Branch-Benders,,expected,0.9,1.0,PathLLBI,false,false,true,false,false,,,,,8,300,0.001,1,results/batch/sub20_alpha001_002_fpp_exact_tl300/splits,results/batch/sub20_alpha001_002_fpp_exact_tl300/worker_08,results/batch/sub20_alpha001_002_fpp_exact_tl300/worker_08/batch_results_worker_08.csv,results/batch/sub20_alpha001_002_fpp_exact_tl300/worker_08/json/worker_08_task_012.json,results/batch/sub20_alpha001_002_fpp_exact_tl300/worker_08/solutions,sub20_case04_alpha001_fpp_branch_benders_pathllbi_na_pathllbi
worker_08_task_013,worker_08,case04,20260601,20260605,Sub20,0.01,100,900,Expected,FPP-Branch-Benders-PathLLBI-RootCuts,FPP-Branch-Benders,,expected,0.9,1.0,PathLLBI,false,false,true,true,false,,,,,8,300,0.001,1,results/batch/sub20_alpha001_002_fpp_exact_tl300/splits,results/batch/sub20_alpha001_002_fpp_exact_tl300/worker_08,results/batch/sub20_alpha001_002_fpp_exact_tl300/worker_08/batch_results_worker_08.csv,results/batch/sub20_alpha001_002_fpp_exact_tl300/worker_08/json/worker_08_task_013.json,results/batch/sub20_alpha001_002_fpp_exact_tl300/worker_08/solutions,sub20_case04_alpha001_fpp_branch_benders_pathllbi_rootcuts_na_pathllbi
worker_08_task_014,worker_08,case04,20260601,20260605,Sub20,0.01,100,900,Expected,FPP-Branch-Benders-CoverageLLBI-PathLLBI,FPP-Branch-Benders,,expected,0.9,1.0,CoverageLLBI+PathLLBI,false,true,true,false,false,,,,,8,300,0.001,1,results/batch/sub20_alpha001_002_fpp_exact_tl300/splits,results/batch/sub20_alpha001_002_fpp_exact_tl300/worker_08,results/batch/sub20_alpha001_002_fpp_exact_tl300/worker_08/batch_results_worker_08.csv,results/batch/sub20_alpha001_002_fpp_exact_tl300/worker_08/json/worker_08_task_014.json,results/batch/sub20_alpha001_002_fpp_exact_tl300/worker_08/solutions,sub20_case04_alpha001_fpp_branch_benders_coveragellbi_pathllbi_na_coveragellbi_pathllbi
worker_08_task_015,worker_08,case04,20260601,20260605,Sub20,0.01,100,900,Expected,FPP-Branch-Benders-CoverageLLBI-PathLLBI-RootCuts,FPP-Branch-Benders,,expected,0.9,1.0,CoverageLLBI+PathLLBI,false,true,true,true,false,,,,,8,300,0.001,1,results/batch/sub20_alpha001_002_fpp_exact_tl300/splits,results/batch/sub20_alpha001_002_fpp_exact_tl300/worker_08,results/batch/sub20_alpha001_002_fpp_exact_tl300/worker_08/batch_results_worker_08.csv,results/batch/sub20_alpha001_002_fpp_exact_tl300/worker_08/json/worker_08_task_015.json,results/batch/sub20_alpha001_002_fpp_exact_tl300/worker_08/solutions,sub20_case04_alpha001_fpp_branch_benders_coveragellbi_pathllbi_rootcuts_na_coveragellbi_pathllbi
worker_08_task_016,worker_08,case04,20260601,20260605,Sub20,0.01,100,900,Expected,FPP-Branch-Benders-LLBI-CoverageLLBI-PathLLBI,FPP-Branch-Benders,,expected,0.9,1.0,LLBI+CoverageLLBI+PathLLBI,true,true,true,false,false,,,,,8,300,0.001,1,results/batch/sub20_alpha001_002_fpp_exact_tl300/splits,results/batch/sub20_alpha001_002_fpp_exact_tl300/worker_08,results/batch/sub20_alpha001_002_fpp_exact_tl300/worker_08/batch_results_worker_08.csv,results/batch/sub20_alpha001_002_fpp_exact_tl300/worker_08/json/worker_08_task_016.json,results/batch/sub20_alpha001_002_fpp_exact_tl300/worker_08/solutions,sub20_case04_alpha001_fpp_branch_benders_llbi_coveragellbi_pathllbi_na_llbi_coveragellbi_pathllbi
worker_08_task_017,worker_08,case04,20260601,20260605,Sub20,0.01,100,900,Expected,FPP-Branch-Benders-LLBI-CoverageLLBI-PathLLBI-RootCuts,FPP-Branch-Benders,,expected,0.9,1.0,LLBI+CoverageLLBI+PathLLBI,true,true,true,true,false,,,,,8,300,0.001,1,results/batch/sub20_alpha001_002_fpp_exact_tl300/splits,results/batch/sub20_alpha001_002_fpp_exact_tl300/worker_08,results/batch/sub20_alpha001_002_fpp_exact_tl300/worker_08/batch_results_worker_08.csv,results/batch/sub20_alpha001_002_fpp_exact_tl300/worker_08/json/worker_08_task_017.json,results/batch/sub20_alpha001_002_fpp_exact_tl300/worker_08/solutions,sub20_case04_alpha001_fpp_branch_benders_llbi_coveragellbi_pathllbi_rootcuts_na_llbi_coveragellbi_pathllbi
worker_08_task_018,worker_08,case04,20260601,20260605,Sub20,0.01,100,900,CVaR,FPP-Branch-Benders-CVaR,FPP-Branch-Benders,,cvar,0.9,1.0,None,false,false,false,false,false,,,,,8,300,0.001,1,results/batch/sub20_alpha001_002_fpp_exact_tl300/splits,results/batch/sub20_alpha001_002_fpp_exact_tl300/worker_08,results/batch/sub20_alpha001_002_fpp_exact_tl300/worker_08/batch_results_worker_08.csv,results/batch/sub20_alpha001_002_fpp_exact_tl300/worker_08/json/worker_08_task_018.json,results/batch/sub20_alpha001_002_fpp_exact_tl300/worker_08/solutions,sub20_case04_alpha001_fpp_branch_benders_cvar_na_none
worker_08_task_019,worker_08,case04,20260601,20260605,Sub20,0.01,100,900,CVaR,FPP-Branch-Benders-CVaR-RootCuts,FPP-Branch-Benders,,cvar,0.9,1.0,None,false,false,false,true,false,,,,,8,300,0.001,1,results/batch/sub20_alpha001_002_fpp_exact_tl300/splits,results/batch/sub20_alpha001_002_fpp_exact_tl300/worker_08,results/batch/sub20_alpha001_002_fpp_exact_tl300/worker_08/batch_results_worker_08.csv,results/batch/sub20_alpha001_002_fpp_exact_tl300/worker_08/json/worker_08_task_019.json,results/batch/sub20_alpha001_002_fpp_exact_tl300/worker_08/solutions,sub20_case04_alpha001_fpp_branch_benders_cvar_rootcuts_na_none
worker_08_task_020,worker_08,case04,20260601,20260605,Sub20,0.01,100,900,CVaR,FPP-Branch-Benders-CVaR-LLBI,FPP-Branch-Benders,,cvar,0.9,1.0,LLBI,true,false,false,false,false,,,,,8,300,0.001,1,results/batch/sub20_alpha001_002_fpp_exact_tl300/splits,results/batch/sub20_alpha001_002_fpp_exact_tl300/worker_08,results/batch/sub20_alpha001_002_fpp_exact_tl300/worker_08/batch_results_worker_08.csv,results/batch/sub20_alpha001_002_fpp_exact_tl300/worker_08/json/worker_08_task_020.json,results/batch/sub20_alpha001_002_fpp_exact_tl300/worker_08/solutions,sub20_case04_alpha001_fpp_branch_benders_cvar_llbi_na_llbi
worker_08_task_021,worker_08,case04,20260601,20260605,Sub20,0.01,100,900,CVaR,FPP-Branch-Benders-CVaR-LLBI-RootCuts,FPP-Branch-Benders,,cvar,0.9,1.0,LLBI,true,false,false,true,false,,,,,8,300,0.001,1,results/batch/sub20_alpha001_002_fpp_exact_tl300/splits,results/batch/sub20_alpha001_002_fpp_exact_tl300/worker_08,results/batch/sub20_alpha001_002_fpp_exact_tl300/worker_08/batch_results_worker_08.csv,results/batch/sub20_alpha001_002_fpp_exact_tl300/worker_08/json/worker_08_task_021.json,results/batch/sub20_alpha001_002_fpp_exact_tl300/worker_08/solutions,sub20_case04_alpha001_fpp_branch_benders_cvar_llbi_rootcuts_na_llbi
worker_08_task_022,worker_08,case04,20260601,20260605,Sub20,0.01,100,900,CVaR,FPP-Branch-Benders-CVaR-CoverageLLBI,FPP-Branch-Benders,,cvar,0.9,1.0,CoverageLLBI,false,true,false,false,false,,,,,8,300,0.001,1,results/batch/sub20_alpha001_002_fpp_exact_tl300/splits,results/batch/sub20_alpha001_002_fpp_exact_tl300/worker_08,results/batch/sub20_alpha001_002_fpp_exact_tl300/worker_08/batch_results_worker_08.csv,results/batch/sub20_alpha001_002_fpp_exact_tl300/worker_08/json/worker_08_task_022.json,results/batch/sub20_alpha001_002_fpp_exact_tl300/worker_08/solutions,sub20_case04_alpha001_fpp_branch_benders_cvar_coveragellbi_na_coveragellbi
worker_08_task_023,worker_08,case04,20260601,20260605,Sub20,0.01,100,900,CVaR,FPP-Branch-Benders-CVaR-CoverageLLBI-RootCuts,FPP-Branch-Benders,,cvar,0.9,1.0,CoverageLLBI,false,true,false,true,false,,,,,8,300,0.001,1,results/batch/sub20_alpha001_002_fpp_exact_tl300/splits,results/batch/sub20_alpha001_002_fpp_exact_tl300/worker_08,results/batch/sub20_alpha001_002_fpp_exact_tl300/worker_08/batch_results_worker_08.csv,results/batch/sub20_alpha001_002_fpp_exact_tl300/worker_08/json/worker_08_task_023.json,results/batch/sub20_alpha001_002_fpp_exact_tl300/worker_08/solutions,sub20_case04_alpha001_fpp_branch_benders_cvar_coveragellbi_rootcuts_na_coveragellbi
worker_08_task_024,worker_08,case04,20260601,20260605,Sub20,0.01,100,900,CVaR,FPP-Branch-Benders-CVaR-PathLLBI,FPP-Branch-Benders,,cvar,0.9,1.0,PathLLBI,false,false,true,false,false,,,,,8,300,0.001,1,results/batch/sub20_alpha001_002_fpp_exact_tl300/splits,results/batch/sub20_alpha001_002_fpp_exact_tl300/worker_08,results/batch/sub20_alpha001_002_fpp_exact_tl300/worker_08/batch_results_worker_08.csv,results/batch/sub20_alpha001_002_fpp_exact_tl300/worker_08/json/worker_08_task_024.json,results/batch/sub20_alpha001_002_fpp_exact_tl300/worker_08/solutions,sub20_case04_alpha001_fpp_branch_benders_cvar_pathllbi_na_pathllbi
worker_08_task_025,worker_08,case04,20260601,20260605,Sub20,0.01,100,900,CVaR,FPP-Branch-Benders-CVaR-PathLLBI-RootCuts,FPP-Branch-Benders,,cvar,0.9,1.0,PathLLBI,false,false,true,true,false,,,,,8,300,0.001,1,results/batch/sub20_alpha001_002_fpp_exact_tl300/splits,results/batch/sub20_alpha001_002_fpp_exact_tl300/worker_08,results/batch/sub20_alpha001_002_fpp_exact_tl300/worker_08/batch_results_worker_08.csv,results/batch/sub20_alpha001_002_fpp_exact_tl300/worker_08/json/worker_08_task_025.json,results/batch/sub20_alpha001_002_fpp_exact_tl300/worker_08/solutions,sub20_case04_alpha001_fpp_branch_benders_cvar_pathllbi_rootcuts_na_pathllbi
worker_08_task_026,worker_08,case04,20260601,20260605,Sub20,0.01,100,900,CVaR,FPP-Branch-Benders-CVaR-CoverageLLBI-PathLLBI,FPP-Branch-Benders,,cvar,0.9,1.0,CoverageLLBI+PathLLBI,false,true,true,false,false,,,,,8,300,0.001,1,results/batch/sub20_alpha001_002_fpp_exact_tl300/splits,results/batch/sub20_alpha001_002_fpp_exact_tl300/worker_08,results/batch/sub20_alpha001_002_fpp_exact_tl300/worker_08/batch_results_worker_08.csv,results/batch/sub20_alpha001_002_fpp_exact_tl300/worker_08/json/worker_08_task_026.json,results/batch/sub20_alpha001_002_fpp_exact_tl300/worker_08/solutions,sub20_case04_alpha001_fpp_branch_benders_cvar_coveragellbi_pathllbi_na_coveragellbi_pathllbi
worker_08_task_027,worker_08,case04,20260601,20260605,Sub20,0.01,100,900,CVaR,FPP-Branch-Benders-CVaR-CoverageLLBI-PathLLBI-RootCuts,FPP-Branch-Benders,,cvar,0.9,1.0,CoverageLLBI+PathLLBI,false,true,true,true,false,,,,,8,300,0.001,1,results/batch/sub20_alpha001_002_fpp_exact_tl300/splits,results/batch/sub20_alpha001_002_fpp_exact_tl300/worker_08,results/batch/sub20_alpha001_002_fpp_exact_tl300/worker_08/batch_results_worker_08.csv,results/batch/sub20_alpha001_002_fpp_exact_tl300/worker_08/json/worker_08_task_027.json,results/batch/sub20_alpha001_002_fpp_exact_tl300/worker_08/solutions,sub20_case04_alpha001_fpp_branch_benders_cvar_coveragellbi_pathllbi_rootcuts_na_coveragellbi_pathllbi
worker_08_task_028,worker_08,case04,20260601,20260605,Sub20,0.01,100,900,CVaR,FPP-Branch-Benders-CVaR-LLBI-CoverageLLBI-PathLLBI,FPP-Branch-Benders,,cvar,0.9,1.0,LLBI+CoverageLLBI+PathLLBI,true,true,true,false,false,,,,,8,300,0.001,1,results/batch/sub20_alpha001_002_fpp_exact_tl300/splits,results/batch/sub20_alpha001_002_fpp_exact_tl300/worker_08,results/batch/sub20_alpha001_002_fpp_exact_tl300/worker_08/batch_results_worker_08.csv,results/batch/sub20_alpha001_002_fpp_exact_tl300/worker_08/json/worker_08_task_028.json,results/batch/sub20_alpha001_002_fpp_exact_tl300/worker_08/solutions,sub20_case04_alpha001_fpp_branch_benders_cvar_llbi_coveragellbi_pathllbi_na_llbi_coveragellbi_pathllbi
worker_08_task_029,worker_08,case04,20260601,20260605,Sub20,0.01,100,900,CVaR,FPP-Branch-Benders-CVaR-LLBI-CoverageLLBI-PathLLBI-RootCuts,FPP-Branch-Benders,,cvar,0.9,1.0,LLBI+CoverageLLBI+PathLLBI,true,true,true,true,false,,,,,8,300,0.001,1,results/batch/sub20_alpha001_002_fpp_exact_tl300/splits,results/batch/sub20_alpha001_002_fpp_exact_tl300/worker_08,results/batch/sub20_alpha001_002_fpp_exact_tl300/worker_08/batch_results_worker_08.csv,results/batch/sub20_alpha001_002_fpp_exact_tl300/worker_08/json/worker_08_task_029.json,results/batch/sub20_alpha001_002_fpp_exact_tl300/worker_08/solutions,sub20_case04_alpha001_fpp_branch_benders_cvar_llbi_coveragellbi_pathllbi_rootcuts_na_llbi_coveragellbi_pathllbi
worker_08_task_030,worker_08,case04,20260601,20260605,Sub20,0.01,100,900,MeanCVaR,FPP-Branch-Benders-MeanCVaR,FPP-Branch-Benders,,mean-cvar,0.9,0.5,None,false,false,false,false,false,,,,,8,300,0.001,1,results/batch/sub20_alpha001_002_fpp_exact_tl300/splits,results/batch/sub20_alpha001_002_fpp_exact_tl300/worker_08,results/batch/sub20_alpha001_002_fpp_exact_tl300/worker_08/batch_results_worker_08.csv,results/batch/sub20_alpha001_002_fpp_exact_tl300/worker_08/json/worker_08_task_030.json,results/batch/sub20_alpha001_002_fpp_exact_tl300/worker_08/solutions,sub20_case04_alpha001_fpp_branch_benders_meancvar_na_none
worker_08_task_031,worker_08,case04,20260601,20260605,Sub20,0.01,100,900,MeanCVaR,FPP-Branch-Benders-MeanCVaR-RootCuts,FPP-Branch-Benders,,mean-cvar,0.9,0.5,None,false,false,false,true,false,,,,,8,300,0.001,1,results/batch/sub20_alpha001_002_fpp_exact_tl300/splits,results/batch/sub20_alpha001_002_fpp_exact_tl300/worker_08,results/batch/sub20_alpha001_002_fpp_exact_tl300/worker_08/batch_results_worker_08.csv,results/batch/sub20_alpha001_002_fpp_exact_tl300/worker_08/json/worker_08_task_031.json,results/batch/sub20_alpha001_002_fpp_exact_tl300/worker_08/solutions,sub20_case04_alpha001_fpp_branch_benders_meancvar_rootcuts_na_none
worker_08_task_032,worker_08,case04,20260601,20260605,Sub20,0.01,100,900,MeanCVaR,FPP-Branch-Benders-MeanCVaR-LLBI,FPP-Branch-Benders,,mean-cvar,0.9,0.5,LLBI,true,false,false,false,false,,,,,8,300,0.001,1,results/batch/sub20_alpha001_002_fpp_exact_tl300/splits,results/batch/sub20_alpha001_002_fpp_exact_tl300/worker_08,results/batch/sub20_alpha001_002_fpp_exact_tl300/worker_08/batch_results_worker_08.csv,results/batch/sub20_alpha001_002_fpp_exact_tl300/worker_08/json/worker_08_task_032.json,results/batch/sub20_alpha001_002_fpp_exact_tl300/worker_08/solutions,sub20_case04_alpha001_fpp_branch_benders_meancvar_llbi_na_llbi
worker_08_task_033,worker_08,case04,20260601,20260605,Sub20,0.01,100,900,MeanCVaR,FPP-Branch-Benders-MeanCVaR-LLBI-RootCuts,FPP-Branch-Benders,,mean-cvar,0.9,0.5,LLBI,true,false,false,true,false,,,,,8,300,0.001,1,results/batch/sub20_alpha001_002_fpp_exact_tl300/splits,results/batch/sub20_alpha001_002_fpp_exact_tl300/worker_08,results/batch/sub20_alpha001_002_fpp_exact_tl300/worker_08/batch_results_worker_08.csv,results/batch/sub20_alpha001_002_fpp_exact_tl300/worker_08/json/worker_08_task_033.json,results/batch/sub20_alpha001_002_fpp_exact_tl300/worker_08/solutions,sub20_case04_alpha001_fpp_branch_benders_meancvar_llbi_rootcuts_na_llbi
worker_08_task_034,worker_08,case04,20260601,20260605,Sub20,0.01,100,900,MeanCVaR,FPP-Branch-Benders-MeanCVaR-CoverageLLBI,FPP-Branch-Benders,,mean-cvar,0.9,0.5,CoverageLLBI,false,true,false,false,false,,,,,8,300,0.001,1,results/batch/sub20_alpha001_002_fpp_exact_tl300/splits,results/batch/sub20_alpha001_002_fpp_exact_tl300/worker_08,results/batch/sub20_alpha001_002_fpp_exact_tl300/worker_08/batch_results_worker_08.csv,results/batch/sub20_alpha001_002_fpp_exact_tl300/worker_08/json/worker_08_task_034.json,results/batch/sub20_alpha001_002_fpp_exact_tl300/worker_08/solutions,sub20_case04_alpha001_fpp_branch_benders_meancvar_coveragellbi_na_coveragellbi
worker_08_task_035,worker_08,case04,20260601,20260605,Sub20,0.01,100,900,MeanCVaR,FPP-Branch-Benders-MeanCVaR-CoverageLLBI-RootCuts,FPP-Branch-Benders,,mean-cvar,0.9,0.5,CoverageLLBI,false,true,false,true,false,,,,,8,300,0.001,1,results/batch/sub20_alpha001_002_fpp_exact_tl300/splits,results/batch/sub20_alpha001_002_fpp_exact_tl300/worker_08,results/batch/sub20_alpha001_002_fpp_exact_tl300/worker_08/batch_results_worker_08.csv,results/batch/sub20_alpha001_002_fpp_exact_tl300/worker_08/json/worker_08_task_035.json,results/batch/sub20_alpha001_002_fpp_exact_tl300/worker_08/solutions,sub20_case04_alpha001_fpp_branch_benders_meancvar_coveragellbi_rootcuts_na_coveragellbi
worker_08_task_036,worker_08,case04,20260601,20260605,Sub20,0.01,100,900,MeanCVaR,FPP-Branch-Benders-MeanCVaR-PathLLBI,FPP-Branch-Benders,,mean-cvar,0.9,0.5,PathLLBI,false,false,true,false,false,,,,,8,300,0.001,1,results/batch/sub20_alpha001_002_fpp_exact_tl300/splits,results/batch/sub20_alpha001_002_fpp_exact_tl300/worker_08,results/batch/sub20_alpha001_002_fpp_exact_tl300/worker_08/batch_results_worker_08.csv,results/batch/sub20_alpha001_002_fpp_exact_tl300/worker_08/json/worker_08_task_036.json,results/batch/sub20_alpha001_002_fpp_exact_tl300/worker_08/solutions,sub20_case04_alpha001_fpp_branch_benders_meancvar_pathllbi_na_pathllbi
worker_08_task_037,worker_08,case04,20260601,20260605,Sub20,0.01,100,900,MeanCVaR,FPP-Branch-Benders-MeanCVaR-PathLLBI-RootCuts,FPP-Branch-Benders,,mean-cvar,0.9,0.5,PathLLBI,false,false,true,true,false,,,,,8,300,0.001,1,results/batch/sub20_alpha001_002_fpp_exact_tl300/splits,results/batch/sub20_alpha001_002_fpp_exact_tl300/worker_08,results/batch/sub20_alpha001_002_fpp_exact_tl300/worker_08/batch_results_worker_08.csv,results/batch/sub20_alpha001_002_fpp_exact_tl300/worker_08/json/worker_08_task_037.json,results/batch/sub20_alpha001_002_fpp_exact_tl300/worker_08/solutions,sub20_case04_alpha001_fpp_branch_benders_meancvar_pathllbi_rootcuts_na_pathllbi
worker_08_task_038,worker_08,case04,20260601,20260605,Sub20,0.01,100,900,MeanCVaR,FPP-Branch-Benders-MeanCVaR-CoverageLLBI-PathLLBI,FPP-Branch-Benders,,mean-cvar,0.9,0.5,CoverageLLBI+PathLLBI,false,true,true,false,false,,,,,8,300,0.001,1,results/batch/sub20_alpha001_002_fpp_exact_tl300/splits,results/batch/sub20_alpha001_002_fpp_exact_tl300/worker_08,results/batch/sub20_alpha001_002_fpp_exact_tl300/worker_08/batch_results_worker_08.csv,results/batch/sub20_alpha001_002_fpp_exact_tl300/worker_08/json/worker_08_task_038.json,results/batch/sub20_alpha001_002_fpp_exact_tl300/worker_08/solutions,sub20_case04_alpha001_fpp_branch_benders_meancvar_coveragellbi_pathllbi_na_coveragellbi_pathllbi
worker_08_task_039,worker_08,case04,20260601,20260605,Sub20,0.01,100,900,MeanCVaR,FPP-Branch-Benders-MeanCVaR-CoverageLLBI-PathLLBI-RootCuts,FPP-Branch-Benders,,mean-cvar,0.9,0.5,CoverageLLBI+PathLLBI,false,true,true,true,false,,,,,8,300,0.001,1,results/batch/sub20_alpha001_002_fpp_exact_tl300/splits,results/batch/sub20_alpha001_002_fpp_exact_tl300/worker_08,results/batch/sub20_alpha001_002_fpp_exact_tl300/worker_08/batch_results_worker_08.csv,results/batch/sub20_alpha001_002_fpp_exact_tl300/worker_08/json/worker_08_task_039.json,results/batch/sub20_alpha001_002_fpp_exact_tl300/worker_08/solutions,sub20_case04_alpha001_fpp_branch_benders_meancvar_coveragellbi_pathllbi_rootcuts_na_coveragellbi_pathllbi
worker_08_task_040,worker_08,case04,20260601,20260605,Sub20,0.01,100,900,MeanCVaR,FPP-Branch-Benders-MeanCVaR-LLBI-CoverageLLBI-PathLLBI,FPP-Branch-Benders,,mean-cvar,0.9,0.5,LLBI+CoverageLLBI+PathLLBI,true,true,true,false,false,,,,,8,300,0.001,1,results/batch/sub20_alpha001_002_fpp_exact_tl300/splits,results/batch/sub20_alpha001_002_fpp_exact_tl300/worker_08,results/batch/sub20_alpha001_002_fpp_exact_tl300/worker_08/batch_results_worker_08.csv,results/batch/sub20_alpha001_002_fpp_exact_tl300/worker_08/json/worker_08_task_040.json,results/batch/sub20_alpha001_002_fpp_exact_tl300/worker_08/solutions,sub20_case04_alpha001_fpp_branch_benders_meancvar_llbi_coveragellbi_pathllbi_na_llbi_coveragellbi_pathllbi
worker_08_task_041,worker_08,case04,20260601,20260605,Sub20,0.01,100,900,MeanCVaR,FPP-Branch-Benders-MeanCVaR-LLBI-CoverageLLBI-PathLLBI-RootCuts,FPP-Branch-Benders,,mean-cvar,0.9,0.5,LLBI+CoverageLLBI+PathLLBI,true,true,true,true,false,,,,,8,300,0.001,1,results/batch/sub20_alpha001_002_fpp_exact_tl300/splits,results/batch/sub20_alpha001_002_fpp_exact_tl300/worker_08,results/batch/sub20_alpha001_002_fpp_exact_tl300/worker_08/batch_results_worker_08.csv,results/batch/sub20_alpha001_002_fpp_exact_tl300/worker_08/json/worker_08_task_041.json,results/batch/sub20_alpha001_002_fpp_exact_tl300/worker_08/solutions,sub20_case04_alpha001_fpp_branch_benders_meancvar_llbi_coveragellbi_pathllbi_rootcuts_na_llbi_coveragellbi_pathllbi
worker_08_task_042,worker_08,case04,20260601,20260605,Sub20,0.01,100,900,Expected,FPP-Branch-Benders-Combinatorial,FPP-Branch-Benders-Combinatorial,,expected,0.9,1.0,Combinatorial,false,false,false,false,true,heuristic,0.10,true,true,8,300,0.001,1,results/batch/sub20_alpha001_002_fpp_exact_tl300/splits,results/batch/sub20_alpha001_002_fpp_exact_tl300/worker_08,results/batch/sub20_alpha001_002_fpp_exact_tl300/worker_08/batch_results_worker_08.csv,results/batch/sub20_alpha001_002_fpp_exact_tl300/worker_08/json/worker_08_task_042.json,results/batch/sub20_alpha001_002_fpp_exact_tl300/worker_08/solutions,sub20_case04_alpha001_fpp_branch_benders_combinatorial_na_combinatorial
worker_08_task_043,worker_08,case04,20260601,20260605,Sub20,0.01,100,900,CVaR,FPP-Branch-Benders-Combinatorial-CVaR,FPP-Branch-Benders-Combinatorial,,cvar,0.9,1.0,Combinatorial,false,false,false,false,true,heuristic,0.10,true,true,8,300,0.001,1,results/batch/sub20_alpha001_002_fpp_exact_tl300/splits,results/batch/sub20_alpha001_002_fpp_exact_tl300/worker_08,results/batch/sub20_alpha001_002_fpp_exact_tl300/worker_08/batch_results_worker_08.csv,results/batch/sub20_alpha001_002_fpp_exact_tl300/worker_08/json/worker_08_task_043.json,results/batch/sub20_alpha001_002_fpp_exact_tl300/worker_08/solutions,sub20_case04_alpha001_fpp_branch_benders_combinatorial_cvar_na_combinatorial
worker_08_task_044,worker_08,case04,20260601,20260605,Sub20,0.01,100,900,MeanCVaR,FPP-Branch-Benders-Combinatorial-MeanCVaR,FPP-Branch-Benders-Combinatorial,,mean-cvar,0.9,0.5,Combinatorial,false,false,false,false,true,heuristic,0.10,true,true,8,300,0.001,1,results/batch/sub20_alpha001_002_fpp_exact_tl300/splits,results/batch/sub20_alpha001_002_fpp_exact_tl300/worker_08,results/batch/sub20_alpha001_002_fpp_exact_tl300/worker_08/batch_results_worker_08.csv,results/batch/sub20_alpha001_002_fpp_exact_tl300/worker_08/json/worker_08_task_044.json,results/batch/sub20_alpha001_002_fpp_exact_tl300/worker_08/solutions,sub20_case04_alpha001_fpp_branch_benders_combinatorial_meancvar_na_combinatorial
worker_09_task_000,worker_09,case04,20260601,20260605,Sub20,0.02,100,900,Expected,FPP-SAA,FPP-SAA,fpp_base,expected,0.9,1.0,None,false,false,false,false,false,,,,,8,300,0.001,1,results/batch/sub20_alpha001_002_fpp_exact_tl300/splits,results/batch/sub20_alpha001_002_fpp_exact_tl300/worker_09,results/batch/sub20_alpha001_002_fpp_exact_tl300/worker_09/batch_results_worker_09.csv,results/batch/sub20_alpha001_002_fpp_exact_tl300/worker_09/json/worker_09_task_000.json,results/batch/sub20_alpha001_002_fpp_exact_tl300/worker_09/solutions,sub20_case04_alpha002_fpp_saa_fpp_base_none
worker_09_task_001,worker_09,case04,20260601,20260605,Sub20,0.02,100,900,Expected,FPP-SAA,FPP-SAA,fpp_cut,expected,0.9,1.0,None,false,false,false,false,false,,,,,8,300,0.001,1,results/batch/sub20_alpha001_002_fpp_exact_tl300/splits,results/batch/sub20_alpha001_002_fpp_exact_tl300/worker_09,results/batch/sub20_alpha001_002_fpp_exact_tl300/worker_09/batch_results_worker_09.csv,results/batch/sub20_alpha001_002_fpp_exact_tl300/worker_09/json/worker_09_task_001.json,results/batch/sub20_alpha001_002_fpp_exact_tl300/worker_09/solutions,sub20_case04_alpha002_fpp_saa_fpp_cut_none
worker_09_task_002,worker_09,case04,20260601,20260605,Sub20,0.02,100,900,CVaR,FPP-SAA-CVaR,FPP-SAA,fpp_base,cvar,0.9,1.0,None,false,false,false,false,false,,,,,8,300,0.001,1,results/batch/sub20_alpha001_002_fpp_exact_tl300/splits,results/batch/sub20_alpha001_002_fpp_exact_tl300/worker_09,results/batch/sub20_alpha001_002_fpp_exact_tl300/worker_09/batch_results_worker_09.csv,results/batch/sub20_alpha001_002_fpp_exact_tl300/worker_09/json/worker_09_task_002.json,results/batch/sub20_alpha001_002_fpp_exact_tl300/worker_09/solutions,sub20_case04_alpha002_fpp_saa_cvar_fpp_base_none
worker_09_task_003,worker_09,case04,20260601,20260605,Sub20,0.02,100,900,CVaR,FPP-SAA-CVaR,FPP-SAA,fpp_cut,cvar,0.9,1.0,None,false,false,false,false,false,,,,,8,300,0.001,1,results/batch/sub20_alpha001_002_fpp_exact_tl300/splits,results/batch/sub20_alpha001_002_fpp_exact_tl300/worker_09,results/batch/sub20_alpha001_002_fpp_exact_tl300/worker_09/batch_results_worker_09.csv,results/batch/sub20_alpha001_002_fpp_exact_tl300/worker_09/json/worker_09_task_003.json,results/batch/sub20_alpha001_002_fpp_exact_tl300/worker_09/solutions,sub20_case04_alpha002_fpp_saa_cvar_fpp_cut_none
worker_09_task_004,worker_09,case04,20260601,20260605,Sub20,0.02,100,900,MeanCVaR,FPP-SAA-MeanCVaR,FPP-SAA,fpp_base,mean-cvar,0.9,0.5,None,false,false,false,false,false,,,,,8,300,0.001,1,results/batch/sub20_alpha001_002_fpp_exact_tl300/splits,results/batch/sub20_alpha001_002_fpp_exact_tl300/worker_09,results/batch/sub20_alpha001_002_fpp_exact_tl300/worker_09/batch_results_worker_09.csv,results/batch/sub20_alpha001_002_fpp_exact_tl300/worker_09/json/worker_09_task_004.json,results/batch/sub20_alpha001_002_fpp_exact_tl300/worker_09/solutions,sub20_case04_alpha002_fpp_saa_meancvar_fpp_base_none
worker_09_task_005,worker_09,case04,20260601,20260605,Sub20,0.02,100,900,MeanCVaR,FPP-SAA-MeanCVaR,FPP-SAA,fpp_cut,mean-cvar,0.9,0.5,None,false,false,false,false,false,,,,,8,300,0.001,1,results/batch/sub20_alpha001_002_fpp_exact_tl300/splits,results/batch/sub20_alpha001_002_fpp_exact_tl300/worker_09,results/batch/sub20_alpha001_002_fpp_exact_tl300/worker_09/batch_results_worker_09.csv,results/batch/sub20_alpha001_002_fpp_exact_tl300/worker_09/json/worker_09_task_005.json,results/batch/sub20_alpha001_002_fpp_exact_tl300/worker_09/solutions,sub20_case04_alpha002_fpp_saa_meancvar_fpp_cut_none
worker_09_task_006,worker_09,case04,20260601,20260605,Sub20,0.02,100,900,Expected,FPP-Branch-Benders,FPP-Branch-Benders,,expected,0.9,1.0,None,false,false,false,false,false,,,,,8,300,0.001,1,results/batch/sub20_alpha001_002_fpp_exact_tl300/splits,results/batch/sub20_alpha001_002_fpp_exact_tl300/worker_09,results/batch/sub20_alpha001_002_fpp_exact_tl300/worker_09/batch_results_worker_09.csv,results/batch/sub20_alpha001_002_fpp_exact_tl300/worker_09/json/worker_09_task_006.json,results/batch/sub20_alpha001_002_fpp_exact_tl300/worker_09/solutions,sub20_case04_alpha002_fpp_branch_benders_na_none
worker_09_task_007,worker_09,case04,20260601,20260605,Sub20,0.02,100,900,Expected,FPP-Branch-Benders-RootCuts,FPP-Branch-Benders,,expected,0.9,1.0,None,false,false,false,true,false,,,,,8,300,0.001,1,results/batch/sub20_alpha001_002_fpp_exact_tl300/splits,results/batch/sub20_alpha001_002_fpp_exact_tl300/worker_09,results/batch/sub20_alpha001_002_fpp_exact_tl300/worker_09/batch_results_worker_09.csv,results/batch/sub20_alpha001_002_fpp_exact_tl300/worker_09/json/worker_09_task_007.json,results/batch/sub20_alpha001_002_fpp_exact_tl300/worker_09/solutions,sub20_case04_alpha002_fpp_branch_benders_rootcuts_na_none
worker_09_task_008,worker_09,case04,20260601,20260605,Sub20,0.02,100,900,Expected,FPP-Branch-Benders-LLBI,FPP-Branch-Benders,,expected,0.9,1.0,LLBI,true,false,false,false,false,,,,,8,300,0.001,1,results/batch/sub20_alpha001_002_fpp_exact_tl300/splits,results/batch/sub20_alpha001_002_fpp_exact_tl300/worker_09,results/batch/sub20_alpha001_002_fpp_exact_tl300/worker_09/batch_results_worker_09.csv,results/batch/sub20_alpha001_002_fpp_exact_tl300/worker_09/json/worker_09_task_008.json,results/batch/sub20_alpha001_002_fpp_exact_tl300/worker_09/solutions,sub20_case04_alpha002_fpp_branch_benders_llbi_na_llbi
worker_09_task_009,worker_09,case04,20260601,20260605,Sub20,0.02,100,900,Expected,FPP-Branch-Benders-LLBI-RootCuts,FPP-Branch-Benders,,expected,0.9,1.0,LLBI,true,false,false,true,false,,,,,8,300,0.001,1,results/batch/sub20_alpha001_002_fpp_exact_tl300/splits,results/batch/sub20_alpha001_002_fpp_exact_tl300/worker_09,results/batch/sub20_alpha001_002_fpp_exact_tl300/worker_09/batch_results_worker_09.csv,results/batch/sub20_alpha001_002_fpp_exact_tl300/worker_09/json/worker_09_task_009.json,results/batch/sub20_alpha001_002_fpp_exact_tl300/worker_09/solutions,sub20_case04_alpha002_fpp_branch_benders_llbi_rootcuts_na_llbi
worker_09_task_010,worker_09,case04,20260601,20260605,Sub20,0.02,100,900,Expected,FPP-Branch-Benders-CoverageLLBI,FPP-Branch-Benders,,expected,0.9,1.0,CoverageLLBI,false,true,false,false,false,,,,,8,300,0.001,1,results/batch/sub20_alpha001_002_fpp_exact_tl300/splits,results/batch/sub20_alpha001_002_fpp_exact_tl300/worker_09,results/batch/sub20_alpha001_002_fpp_exact_tl300/worker_09/batch_results_worker_09.csv,results/batch/sub20_alpha001_002_fpp_exact_tl300/worker_09/json/worker_09_task_010.json,results/batch/sub20_alpha001_002_fpp_exact_tl300/worker_09/solutions,sub20_case04_alpha002_fpp_branch_benders_coveragellbi_na_coveragellbi
worker_09_task_011,worker_09,case04,20260601,20260605,Sub20,0.02,100,900,Expected,FPP-Branch-Benders-CoverageLLBI-RootCuts,FPP-Branch-Benders,,expected,0.9,1.0,CoverageLLBI,false,true,false,true,false,,,,,8,300,0.001,1,results/batch/sub20_alpha001_002_fpp_exact_tl300/splits,results/batch/sub20_alpha001_002_fpp_exact_tl300/worker_09,results/batch/sub20_alpha001_002_fpp_exact_tl300/worker_09/batch_results_worker_09.csv,results/batch/sub20_alpha001_002_fpp_exact_tl300/worker_09/json/worker_09_task_011.json,results/batch/sub20_alpha001_002_fpp_exact_tl300/worker_09/solutions,sub20_case04_alpha002_fpp_branch_benders_coveragellbi_rootcuts_na_coveragellbi
worker_09_task_012,worker_09,case04,20260601,20260605,Sub20,0.02,100,900,Expected,FPP-Branch-Benders-PathLLBI,FPP-Branch-Benders,,expected,0.9,1.0,PathLLBI,false,false,true,false,false,,,,,8,300,0.001,1,results/batch/sub20_alpha001_002_fpp_exact_tl300/splits,results/batch/sub20_alpha001_002_fpp_exact_tl300/worker_09,results/batch/sub20_alpha001_002_fpp_exact_tl300/worker_09/batch_results_worker_09.csv,results/batch/sub20_alpha001_002_fpp_exact_tl300/worker_09/json/worker_09_task_012.json,results/batch/sub20_alpha001_002_fpp_exact_tl300/worker_09/solutions,sub20_case04_alpha002_fpp_branch_benders_pathllbi_na_pathllbi
worker_09_task_013,worker_09,case04,20260601,20260605,Sub20,0.02,100,900,Expected,FPP-Branch-Benders-PathLLBI-RootCuts,FPP-Branch-Benders,,expected,0.9,1.0,PathLLBI,false,false,true,true,false,,,,,8,300,0.001,1,results/batch/sub20_alpha001_002_fpp_exact_tl300/splits,results/batch/sub20_alpha001_002_fpp_exact_tl300/worker_09,results/batch/sub20_alpha001_002_fpp_exact_tl300/worker_09/batch_results_worker_09.csv,results/batch/sub20_alpha001_002_fpp_exact_tl300/worker_09/json/worker_09_task_013.json,results/batch/sub20_alpha001_002_fpp_exact_tl300/worker_09/solutions,sub20_case04_alpha002_fpp_branch_benders_pathllbi_rootcuts_na_pathllbi
worker_09_task_014,worker_09,case04,20260601,20260605,Sub20,0.02,100,900,Expected,FPP-Branch-Benders-CoverageLLBI-PathLLBI,FPP-Branch-Benders,,expected,0.9,1.0,CoverageLLBI+PathLLBI,false,true,true,false,false,,,,,8,300,0.001,1,results/batch/sub20_alpha001_002_fpp_exact_tl300/splits,results/batch/sub20_alpha001_002_fpp_exact_tl300/worker_09,results/batch/sub20_alpha001_002_fpp_exact_tl300/worker_09/batch_results_worker_09.csv,results/batch/sub20_alpha001_002_fpp_exact_tl300/worker_09/json/worker_09_task_014.json,results/batch/sub20_alpha001_002_fpp_exact_tl300/worker_09/solutions,sub20_case04_alpha002_fpp_branch_benders_coveragellbi_pathllbi_na_coveragellbi_pathllbi
worker_09_task_015,worker_09,case04,20260601,20260605,Sub20,0.02,100,900,Expected,FPP-Branch-Benders-CoverageLLBI-PathLLBI-RootCuts,FPP-Branch-Benders,,expected,0.9,1.0,CoverageLLBI+PathLLBI,false,true,true,true,false,,,,,8,300,0.001,1,results/batch/sub20_alpha001_002_fpp_exact_tl300/splits,results/batch/sub20_alpha001_002_fpp_exact_tl300/worker_09,results/batch/sub20_alpha001_002_fpp_exact_tl300/worker_09/batch_results_worker_09.csv,results/batch/sub20_alpha001_002_fpp_exact_tl300/worker_09/json/worker_09_task_015.json,results/batch/sub20_alpha001_002_fpp_exact_tl300/worker_09/solutions,sub20_case04_alpha002_fpp_branch_benders_coveragellbi_pathllbi_rootcuts_na_coveragellbi_pathllbi
worker_09_task_016,worker_09,case04,20260601,20260605,Sub20,0.02,100,900,Expected,FPP-Branch-Benders-LLBI-CoverageLLBI-PathLLBI,FPP-Branch-Benders,,expected,0.9,1.0,LLBI+CoverageLLBI+PathLLBI,true,true,true,false,false,,,,,8,300,0.001,1,results/batch/sub20_alpha001_002_fpp_exact_tl300/splits,results/batch/sub20_alpha001_002_fpp_exact_tl300/worker_09,results/batch/sub20_alpha001_002_fpp_exact_tl300/worker_09/batch_results_worker_09.csv,results/batch/sub20_alpha001_002_fpp_exact_tl300/worker_09/json/worker_09_task_016.json,results/batch/sub20_alpha001_002_fpp_exact_tl300/worker_09/solutions,sub20_case04_alpha002_fpp_branch_benders_llbi_coveragellbi_pathllbi_na_llbi_coveragellbi_pathllbi
worker_09_task_017,worker_09,case04,20260601,20260605,Sub20,0.02,100,900,Expected,FPP-Branch-Benders-LLBI-CoverageLLBI-PathLLBI-RootCuts,FPP-Branch-Benders,,expected,0.9,1.0,LLBI+CoverageLLBI+PathLLBI,true,true,true,true,false,,,,,8,300,0.001,1,results/batch/sub20_alpha001_002_fpp_exact_tl300/splits,results/batch/sub20_alpha001_002_fpp_exact_tl300/worker_09,results/batch/sub20_alpha001_002_fpp_exact_tl300/worker_09/batch_results_worker_09.csv,results/batch/sub20_alpha001_002_fpp_exact_tl300/worker_09/json/worker_09_task_017.json,results/batch/sub20_alpha001_002_fpp_exact_tl300/worker_09/solutions,sub20_case04_alpha002_fpp_branch_benders_llbi_coveragellbi_pathllbi_rootcuts_na_llbi_coveragellbi_pathllbi
worker_09_task_018,worker_09,case04,20260601,20260605,Sub20,0.02,100,900,CVaR,FPP-Branch-Benders-CVaR,FPP-Branch-Benders,,cvar,0.9,1.0,None,false,false,false,false,false,,,,,8,300,0.001,1,results/batch/sub20_alpha001_002_fpp_exact_tl300/splits,results/batch/sub20_alpha001_002_fpp_exact_tl300/worker_09,results/batch/sub20_alpha001_002_fpp_exact_tl300/worker_09/batch_results_worker_09.csv,results/batch/sub20_alpha001_002_fpp_exact_tl300/worker_09/json/worker_09_task_018.json,results/batch/sub20_alpha001_002_fpp_exact_tl300/worker_09/solutions,sub20_case04_alpha002_fpp_branch_benders_cvar_na_none
worker_09_task_019,worker_09,case04,20260601,20260605,Sub20,0.02,100,900,CVaR,FPP-Branch-Benders-CVaR-RootCuts,FPP-Branch-Benders,,cvar,0.9,1.0,None,false,false,false,true,false,,,,,8,300,0.001,1,results/batch/sub20_alpha001_002_fpp_exact_tl300/splits,results/batch/sub20_alpha001_002_fpp_exact_tl300/worker_09,results/batch/sub20_alpha001_002_fpp_exact_tl300/worker_09/batch_results_worker_09.csv,results/batch/sub20_alpha001_002_fpp_exact_tl300/worker_09/json/worker_09_task_019.json,results/batch/sub20_alpha001_002_fpp_exact_tl300/worker_09/solutions,sub20_case04_alpha002_fpp_branch_benders_cvar_rootcuts_na_none
worker_09_task_020,worker_09,case04,20260601,20260605,Sub20,0.02,100,900,CVaR,FPP-Branch-Benders-CVaR-LLBI,FPP-Branch-Benders,,cvar,0.9,1.0,LLBI,true,false,false,false,false,,,,,8,300,0.001,1,results/batch/sub20_alpha001_002_fpp_exact_tl300/splits,results/batch/sub20_alpha001_002_fpp_exact_tl300/worker_09,results/batch/sub20_alpha001_002_fpp_exact_tl300/worker_09/batch_results_worker_09.csv,results/batch/sub20_alpha001_002_fpp_exact_tl300/worker_09/json/worker_09_task_020.json,results/batch/sub20_alpha001_002_fpp_exact_tl300/worker_09/solutions,sub20_case04_alpha002_fpp_branch_benders_cvar_llbi_na_llbi
worker_09_task_021,worker_09,case04,20260601,20260605,Sub20,0.02,100,900,CVaR,FPP-Branch-Benders-CVaR-LLBI-RootCuts,FPP-Branch-Benders,,cvar,0.9,1.0,LLBI,true,false,false,true,false,,,,,8,300,0.001,1,results/batch/sub20_alpha001_002_fpp_exact_tl300/splits,results/batch/sub20_alpha001_002_fpp_exact_tl300/worker_09,results/batch/sub20_alpha001_002_fpp_exact_tl300/worker_09/batch_results_worker_09.csv,results/batch/sub20_alpha001_002_fpp_exact_tl300/worker_09/json/worker_09_task_021.json,results/batch/sub20_alpha001_002_fpp_exact_tl300/worker_09/solutions,sub20_case04_alpha002_fpp_branch_benders_cvar_llbi_rootcuts_na_llbi
worker_09_task_022,worker_09,case04,20260601,20260605,Sub20,0.02,100,900,CVaR,FPP-Branch-Benders-CVaR-CoverageLLBI,FPP-Branch-Benders,,cvar,0.9,1.0,CoverageLLBI,false,true,false,false,false,,,,,8,300,0.001,1,results/batch/sub20_alpha001_002_fpp_exact_tl300/splits,results/batch/sub20_alpha001_002_fpp_exact_tl300/worker_09,results/batch/sub20_alpha001_002_fpp_exact_tl300/worker_09/batch_results_worker_09.csv,results/batch/sub20_alpha001_002_fpp_exact_tl300/worker_09/json/worker_09_task_022.json,results/batch/sub20_alpha001_002_fpp_exact_tl300/worker_09/solutions,sub20_case04_alpha002_fpp_branch_benders_cvar_coveragellbi_na_coveragellbi
worker_09_task_023,worker_09,case04,20260601,20260605,Sub20,0.02,100,900,CVaR,FPP-Branch-Benders-CVaR-CoverageLLBI-RootCuts,FPP-Branch-Benders,,cvar,0.9,1.0,CoverageLLBI,false,true,false,true,false,,,,,8,300,0.001,1,results/batch/sub20_alpha001_002_fpp_exact_tl300/splits,results/batch/sub20_alpha001_002_fpp_exact_tl300/worker_09,results/batch/sub20_alpha001_002_fpp_exact_tl300/worker_09/batch_results_worker_09.csv,results/batch/sub20_alpha001_002_fpp_exact_tl300/worker_09/json/worker_09_task_023.json,results/batch/sub20_alpha001_002_fpp_exact_tl300/worker_09/solutions,sub20_case04_alpha002_fpp_branch_benders_cvar_coveragellbi_rootcuts_na_coveragellbi
worker_09_task_024,worker_09,case04,20260601,20260605,Sub20,0.02,100,900,CVaR,FPP-Branch-Benders-CVaR-PathLLBI,FPP-Branch-Benders,,cvar,0.9,1.0,PathLLBI,false,false,true,false,false,,,,,8,300,0.001,1,results/batch/sub20_alpha001_002_fpp_exact_tl300/splits,results/batch/sub20_alpha001_002_fpp_exact_tl300/worker_09,results/batch/sub20_alpha001_002_fpp_exact_tl300/worker_09/batch_results_worker_09.csv,results/batch/sub20_alpha001_002_fpp_exact_tl300/worker_09/json/worker_09_task_024.json,results/batch/sub20_alpha001_002_fpp_exact_tl300/worker_09/solutions,sub20_case04_alpha002_fpp_branch_benders_cvar_pathllbi_na_pathllbi
worker_09_task_025,worker_09,case04,20260601,20260605,Sub20,0.02,100,900,CVaR,FPP-Branch-Benders-CVaR-PathLLBI-RootCuts,FPP-Branch-Benders,,cvar,0.9,1.0,PathLLBI,false,false,true,true,false,,,,,8,300,0.001,1,results/batch/sub20_alpha001_002_fpp_exact_tl300/splits,results/batch/sub20_alpha001_002_fpp_exact_tl300/worker_09,results/batch/sub20_alpha001_002_fpp_exact_tl300/worker_09/batch_results_worker_09.csv,results/batch/sub20_alpha001_002_fpp_exact_tl300/worker_09/json/worker_09_task_025.json,results/batch/sub20_alpha001_002_fpp_exact_tl300/worker_09/solutions,sub20_case04_alpha002_fpp_branch_benders_cvar_pathllbi_rootcuts_na_pathllbi
worker_09_task_026,worker_09,case04,20260601,20260605,Sub20,0.02,100,900,CVaR,FPP-Branch-Benders-CVaR-CoverageLLBI-PathLLBI,FPP-Branch-Benders,,cvar,0.9,1.0,CoverageLLBI+PathLLBI,false,true,true,false,false,,,,,8,300,0.001,1,results/batch/sub20_alpha001_002_fpp_exact_tl300/splits,results/batch/sub20_alpha001_002_fpp_exact_tl300/worker_09,results/batch/sub20_alpha001_002_fpp_exact_tl300/worker_09/batch_results_worker_09.csv,results/batch/sub20_alpha001_002_fpp_exact_tl300/worker_09/json/worker_09_task_026.json,results/batch/sub20_alpha001_002_fpp_exact_tl300/worker_09/solutions,sub20_case04_alpha002_fpp_branch_benders_cvar_coveragellbi_pathllbi_na_coveragellbi_pathllbi
worker_09_task_027,worker_09,case04,20260601,20260605,Sub20,0.02,100,900,CVaR,FPP-Branch-Benders-CVaR-CoverageLLBI-PathLLBI-RootCuts,FPP-Branch-Benders,,cvar,0.9,1.0,CoverageLLBI+PathLLBI,false,true,true,true,false,,,,,8,300,0.001,1,results/batch/sub20_alpha001_002_fpp_exact_tl300/splits,results/batch/sub20_alpha001_002_fpp_exact_tl300/worker_09,results/batch/sub20_alpha001_002_fpp_exact_tl300/worker_09/batch_results_worker_09.csv,results/batch/sub20_alpha001_002_fpp_exact_tl300/worker_09/json/worker_09_task_027.json,results/batch/sub20_alpha001_002_fpp_exact_tl300/worker_09/solutions,sub20_case04_alpha002_fpp_branch_benders_cvar_coveragellbi_pathllbi_rootcuts_na_coveragellbi_pathllbi
worker_09_task_028,worker_09,case04,20260601,20260605,Sub20,0.02,100,900,CVaR,FPP-Branch-Benders-CVaR-LLBI-CoverageLLBI-PathLLBI,FPP-Branch-Benders,,cvar,0.9,1.0,LLBI+CoverageLLBI+PathLLBI,true,true,true,false,false,,,,,8,300,0.001,1,results/batch/sub20_alpha001_002_fpp_exact_tl300/splits,results/batch/sub20_alpha001_002_fpp_exact_tl300/worker_09,results/batch/sub20_alpha001_002_fpp_exact_tl300/worker_09/batch_results_worker_09.csv,results/batch/sub20_alpha001_002_fpp_exact_tl300/worker_09/json/worker_09_task_028.json,results/batch/sub20_alpha001_002_fpp_exact_tl300/worker_09/solutions,sub20_case04_alpha002_fpp_branch_benders_cvar_llbi_coveragellbi_pathllbi_na_llbi_coveragellbi_pathllbi
worker_09_task_029,worker_09,case04,20260601,20260605,Sub20,0.02,100,900,CVaR,FPP-Branch-Benders-CVaR-LLBI-CoverageLLBI-PathLLBI-RootCuts,FPP-Branch-Benders,,cvar,0.9,1.0,LLBI+CoverageLLBI+PathLLBI,true,true,true,true,false,,,,,8,300,0.001,1,results/batch/sub20_alpha001_002_fpp_exact_tl300/splits,results/batch/sub20_alpha001_002_fpp_exact_tl300/worker_09,results/batch/sub20_alpha001_002_fpp_exact_tl300/worker_09/batch_results_worker_09.csv,results/batch/sub20_alpha001_002_fpp_exact_tl300/worker_09/json/worker_09_task_029.json,results/batch/sub20_alpha001_002_fpp_exact_tl300/worker_09/solutions,sub20_case04_alpha002_fpp_branch_benders_cvar_llbi_coveragellbi_pathllbi_rootcuts_na_llbi_coveragellbi_pathllbi
worker_09_task_030,worker_09,case04,20260601,20260605,Sub20,0.02,100,900,MeanCVaR,FPP-Branch-Benders-MeanCVaR,FPP-Branch-Benders,,mean-cvar,0.9,0.5,None,false,false,false,false,false,,,,,8,300,0.001,1,results/batch/sub20_alpha001_002_fpp_exact_tl300/splits,results/batch/sub20_alpha001_002_fpp_exact_tl300/worker_09,results/batch/sub20_alpha001_002_fpp_exact_tl300/worker_09/batch_results_worker_09.csv,results/batch/sub20_alpha001_002_fpp_exact_tl300/worker_09/json/worker_09_task_030.json,results/batch/sub20_alpha001_002_fpp_exact_tl300/worker_09/solutions,sub20_case04_alpha002_fpp_branch_benders_meancvar_na_none
worker_09_task_031,worker_09,case04,20260601,20260605,Sub20,0.02,100,900,MeanCVaR,FPP-Branch-Benders-MeanCVaR-RootCuts,FPP-Branch-Benders,,mean-cvar,0.9,0.5,None,false,false,false,true,false,,,,,8,300,0.001,1,results/batch/sub20_alpha001_002_fpp_exact_tl300/splits,results/batch/sub20_alpha001_002_fpp_exact_tl300/worker_09,results/batch/sub20_alpha001_002_fpp_exact_tl300/worker_09/batch_results_worker_09.csv,results/batch/sub20_alpha001_002_fpp_exact_tl300/worker_09/json/worker_09_task_031.json,results/batch/sub20_alpha001_002_fpp_exact_tl300/worker_09/solutions,sub20_case04_alpha002_fpp_branch_benders_meancvar_rootcuts_na_none
worker_09_task_032,worker_09,case04,20260601,20260605,Sub20,0.02,100,900,MeanCVaR,FPP-Branch-Benders-MeanCVaR-LLBI,FPP-Branch-Benders,,mean-cvar,0.9,0.5,LLBI,true,false,false,false,false,,,,,8,300,0.001,1,results/batch/sub20_alpha001_002_fpp_exact_tl300/splits,results/batch/sub20_alpha001_002_fpp_exact_tl300/worker_09,results/batch/sub20_alpha001_002_fpp_exact_tl300/worker_09/batch_results_worker_09.csv,results/batch/sub20_alpha001_002_fpp_exact_tl300/worker_09/json/worker_09_task_032.json,results/batch/sub20_alpha001_002_fpp_exact_tl300/worker_09/solutions,sub20_case04_alpha002_fpp_branch_benders_meancvar_llbi_na_llbi
worker_09_task_033,worker_09,case04,20260601,20260605,Sub20,0.02,100,900,MeanCVaR,FPP-Branch-Benders-MeanCVaR-LLBI-RootCuts,FPP-Branch-Benders,,mean-cvar,0.9,0.5,LLBI,true,false,false,true,false,,,,,8,300,0.001,1,results/batch/sub20_alpha001_002_fpp_exact_tl300/splits,results/batch/sub20_alpha001_002_fpp_exact_tl300/worker_09,results/batch/sub20_alpha001_002_fpp_exact_tl300/worker_09/batch_results_worker_09.csv,results/batch/sub20_alpha001_002_fpp_exact_tl300/worker_09/json/worker_09_task_033.json,results/batch/sub20_alpha001_002_fpp_exact_tl300/worker_09/solutions,sub20_case04_alpha002_fpp_branch_benders_meancvar_llbi_rootcuts_na_llbi
worker_09_task_034,worker_09,case04,20260601,20260605,Sub20,0.02,100,900,MeanCVaR,FPP-Branch-Benders-MeanCVaR-CoverageLLBI,FPP-Branch-Benders,,mean-cvar,0.9,0.5,CoverageLLBI,false,true,false,false,false,,,,,8,300,0.001,1,results/batch/sub20_alpha001_002_fpp_exact_tl300/splits,results/batch/sub20_alpha001_002_fpp_exact_tl300/worker_09,results/batch/sub20_alpha001_002_fpp_exact_tl300/worker_09/batch_results_worker_09.csv,results/batch/sub20_alpha001_002_fpp_exact_tl300/worker_09/json/worker_09_task_034.json,results/batch/sub20_alpha001_002_fpp_exact_tl300/worker_09/solutions,sub20_case04_alpha002_fpp_branch_benders_meancvar_coveragellbi_na_coveragellbi
worker_09_task_035,worker_09,case04,20260601,20260605,Sub20,0.02,100,900,MeanCVaR,FPP-Branch-Benders-MeanCVaR-CoverageLLBI-RootCuts,FPP-Branch-Benders,,mean-cvar,0.9,0.5,CoverageLLBI,false,true,false,true,false,,,,,8,300,0.001,1,results/batch/sub20_alpha001_002_fpp_exact_tl300/splits,results/batch/sub20_alpha001_002_fpp_exact_tl300/worker_09,results/batch/sub20_alpha001_002_fpp_exact_tl300/worker_09/batch_results_worker_09.csv,results/batch/sub20_alpha001_002_fpp_exact_tl300/worker_09/json/worker_09_task_035.json,results/batch/sub20_alpha001_002_fpp_exact_tl300/worker_09/solutions,sub20_case04_alpha002_fpp_branch_benders_meancvar_coveragellbi_rootcuts_na_coveragellbi
worker_09_task_036,worker_09,case04,20260601,20260605,Sub20,0.02,100,900,MeanCVaR,FPP-Branch-Benders-MeanCVaR-PathLLBI,FPP-Branch-Benders,,mean-cvar,0.9,0.5,PathLLBI,false,false,true,false,false,,,,,8,300,0.001,1,results/batch/sub20_alpha001_002_fpp_exact_tl300/splits,results/batch/sub20_alpha001_002_fpp_exact_tl300/worker_09,results/batch/sub20_alpha001_002_fpp_exact_tl300/worker_09/batch_results_worker_09.csv,results/batch/sub20_alpha001_002_fpp_exact_tl300/worker_09/json/worker_09_task_036.json,results/batch/sub20_alpha001_002_fpp_exact_tl300/worker_09/solutions,sub20_case04_alpha002_fpp_branch_benders_meancvar_pathllbi_na_pathllbi
worker_09_task_037,worker_09,case04,20260601,20260605,Sub20,0.02,100,900,MeanCVaR,FPP-Branch-Benders-MeanCVaR-PathLLBI-RootCuts,FPP-Branch-Benders,,mean-cvar,0.9,0.5,PathLLBI,false,false,true,true,false,,,,,8,300,0.001,1,results/batch/sub20_alpha001_002_fpp_exact_tl300/splits,results/batch/sub20_alpha001_002_fpp_exact_tl300/worker_09,results/batch/sub20_alpha001_002_fpp_exact_tl300/worker_09/batch_results_worker_09.csv,results/batch/sub20_alpha001_002_fpp_exact_tl300/worker_09/json/worker_09_task_037.json,results/batch/sub20_alpha001_002_fpp_exact_tl300/worker_09/solutions,sub20_case04_alpha002_fpp_branch_benders_meancvar_pathllbi_rootcuts_na_pathllbi
worker_09_task_038,worker_09,case04,20260601,20260605,Sub20,0.02,100,900,MeanCVaR,FPP-Branch-Benders-MeanCVaR-CoverageLLBI-PathLLBI,FPP-Branch-Benders,,mean-cvar,0.9,0.5,CoverageLLBI+PathLLBI,false,true,true,false,false,,,,,8,300,0.001,1,results/batch/sub20_alpha001_002_fpp_exact_tl300/splits,results/batch/sub20_alpha001_002_fpp_exact_tl300/worker_09,results/batch/sub20_alpha001_002_fpp_exact_tl300/worker_09/batch_results_worker_09.csv,results/batch/sub20_alpha001_002_fpp_exact_tl300/worker_09/json/worker_09_task_038.json,results/batch/sub20_alpha001_002_fpp_exact_tl300/worker_09/solutions,sub20_case04_alpha002_fpp_branch_benders_meancvar_coveragellbi_pathllbi_na_coveragellbi_pathllbi
worker_09_task_039,worker_09,case04,20260601,20260605,Sub20,0.02,100,900,MeanCVaR,FPP-Branch-Benders-MeanCVaR-CoverageLLBI-PathLLBI-RootCuts,FPP-Branch-Benders,,mean-cvar,0.9,0.5,CoverageLLBI+PathLLBI,false,true,true,true,false,,,,,8,300,0.001,1,results/batch/sub20_alpha001_002_fpp_exact_tl300/splits,results/batch/sub20_alpha001_002_fpp_exact_tl300/worker_09,results/batch/sub20_alpha001_002_fpp_exact_tl300/worker_09/batch_results_worker_09.csv,results/batch/sub20_alpha001_002_fpp_exact_tl300/worker_09/json/worker_09_task_039.json,results/batch/sub20_alpha001_002_fpp_exact_tl300/worker_09/solutions,sub20_case04_alpha002_fpp_branch_benders_meancvar_coveragellbi_pathllbi_rootcuts_na_coveragellbi_pathllbi
worker_09_task_040,worker_09,case04,20260601,20260605,Sub20,0.02,100,900,MeanCVaR,FPP-Branch-Benders-MeanCVaR-LLBI-CoverageLLBI-PathLLBI,FPP-Branch-Benders,,mean-cvar,0.9,0.5,LLBI+CoverageLLBI+PathLLBI,true,true,true,false,false,,,,,8,300,0.001,1,results/batch/sub20_alpha001_002_fpp_exact_tl300/splits,results/batch/sub20_alpha001_002_fpp_exact_tl300/worker_09,results/batch/sub20_alpha001_002_fpp_exact_tl300/worker_09/batch_results_worker_09.csv,results/batch/sub20_alpha001_002_fpp_exact_tl300/worker_09/json/worker_09_task_040.json,results/batch/sub20_alpha001_002_fpp_exact_tl300/worker_09/solutions,sub20_case04_alpha002_fpp_branch_benders_meancvar_llbi_coveragellbi_pathllbi_na_llbi_coveragellbi_pathllbi
worker_09_task_041,worker_09,case04,20260601,20260605,Sub20,0.02,100,900,MeanCVaR,FPP-Branch-Benders-MeanCVaR-LLBI-CoverageLLBI-PathLLBI-RootCuts,FPP-Branch-Benders,,mean-cvar,0.9,0.5,LLBI+CoverageLLBI+PathLLBI,true,true,true,true,false,,,,,8,300,0.001,1,results/batch/sub20_alpha001_002_fpp_exact_tl300/splits,results/batch/sub20_alpha001_002_fpp_exact_tl300/worker_09,results/batch/sub20_alpha001_002_fpp_exact_tl300/worker_09/batch_results_worker_09.csv,results/batch/sub20_alpha001_002_fpp_exact_tl300/worker_09/json/worker_09_task_041.json,results/batch/sub20_alpha001_002_fpp_exact_tl300/worker_09/solutions,sub20_case04_alpha002_fpp_branch_benders_meancvar_llbi_coveragellbi_pathllbi_rootcuts_na_llbi_coveragellbi_pathllbi
worker_09_task_042,worker_09,case04,20260601,20260605,Sub20,0.02,100,900,Expected,FPP-Branch-Benders-Combinatorial,FPP-Branch-Benders-Combinatorial,,expected,0.9,1.0,Combinatorial,false,false,false,false,true,heuristic,0.10,true,true,8,300,0.001,1,results/batch/sub20_alpha001_002_fpp_exact_tl300/splits,results/batch/sub20_alpha001_002_fpp_exact_tl300/worker_09,results/batch/sub20_alpha001_002_fpp_exact_tl300/worker_09/batch_results_worker_09.csv,results/batch/sub20_alpha001_002_fpp_exact_tl300/worker_09/json/worker_09_task_042.json,results/batch/sub20_alpha001_002_fpp_exact_tl300/worker_09/solutions,sub20_case04_alpha002_fpp_branch_benders_combinatorial_na_combinatorial
worker_09_task_043,worker_09,case04,20260601,20260605,Sub20,0.02,100,900,CVaR,FPP-Branch-Benders-Combinatorial-CVaR,FPP-Branch-Benders-Combinatorial,,cvar,0.9,1.0,Combinatorial,false,false,false,false,true,heuristic,0.10,true,true,8,300,0.001,1,results/batch/sub20_alpha001_002_fpp_exact_tl300/splits,results/batch/sub20_alpha001_002_fpp_exact_tl300/worker_09,results/batch/sub20_alpha001_002_fpp_exact_tl300/worker_09/batch_results_worker_09.csv,results/batch/sub20_alpha001_002_fpp_exact_tl300/worker_09/json/worker_09_task_043.json,results/batch/sub20_alpha001_002_fpp_exact_tl300/worker_09/solutions,sub20_case04_alpha002_fpp_branch_benders_combinatorial_cvar_na_combinatorial
worker_09_task_044,worker_09,case04,20260601,20260605,Sub20,0.02,100,900,MeanCVaR,FPP-Branch-Benders-Combinatorial-MeanCVaR,FPP-Branch-Benders-Combinatorial,,mean-cvar,0.9,0.5,Combinatorial,false,false,false,false,true,heuristic,0.10,true,true,8,300,0.001,1,results/batch/sub20_alpha001_002_fpp_exact_tl300/splits,results/batch/sub20_alpha001_002_fpp_exact_tl300/worker_09,results/batch/sub20_alpha001_002_fpp_exact_tl300/worker_09/batch_results_worker_09.csv,results/batch/sub20_alpha001_002_fpp_exact_tl300/worker_09/json/worker_09_task_044.json,results/batch/sub20_alpha001_002_fpp_exact_tl300/worker_09/solutions,sub20_case04_alpha002_fpp_branch_benders_combinatorial_meancvar_na_combinatorial
