experiment_id,run_id,case_id,landscape,instance_name,instance_group,method,objective_type,risk_measure,alpha,cvar_beta,cvar_lambda,seed,train_count,test_count,train_graph_rt_ratio,train_graph_adag_ratio,train_graph_gdg_ratio,train_graph_nfr_ratio,train_graph_empty_ratio,test_graph_rt_ratio,test_graph_adag_ratio,test_graph_gdg_ratio,test_graph_nfr_ratio,test_graph_empty_ratio,instance_graph_rt_ratio,instance_graph_adag_ratio,instance_graph_gdg_ratio,instance_graph_nfr_ratio,instance_graph_empty_ratio,time_limit_sec,threads,solver_status,termination_reason,has_incumbent,objective_value,best_bound,mip_gap,runtime_sec,wall_time_sec,num_nodes,num_iterations,lp_relaxation_value,lp_relaxation_value_initial,lp_relaxation_value_final,lp_relaxation_improvement_abs,lp_relaxation_improvement_pct,uses_llbi,uses_root_cuts,uses_coverage_llbi,uses_path_llbi,uses_projected_coverage_llbi,uses_projected_path_llbi,uses_projected_llbi_poly,uses_projected_llbi_exp,uses_combinatorial_benders,combinatorial_benders_scenario_order,uses_global_dominance,uses_conditional_zero_benefit_fixing,benders_lazy_cuts_added,root_user_cuts_added,llbi_cuts_added,coverage_llbi_cuts_added,path_llbi_cuts_added,projected_llbi_cuts_added,projected_llbi_total_nonzeros,combinatorial_benders_cuts_added,dominator_cuts_added,separator_cuts_added,global_dominance_candidates_removed,conditional_zero_benefit_fixings_attempted,conditional_zero_benefit_fixings_applied,num_variables,num_constraints,num_binary_variables,num_continuous_variables,train_expected_burned_area,test_expected_burned_area,train_cvar_burned_area,test_cvar_burned_area,train_worst10_burned_area,test_worst10_burned_area,train_eval_runtime_sec,test_eval_runtime_sec,paired_reburn_train_expected_burned_area,paired_reburn_train_cvar_burned_area,paired_reburn_train_worst10_burned_area,paired_reburn_train_eval_runtime_sec
fpp_new_instances_scaling_new20x20,,case00,new20x20,new20x20,shortest_path,FPP-Branch-Benders-CVaR-RootCuts,cvar,cvar,0.01,0.9,1.0,20260929,400,1000,0.142500,0.852500,0.000000,0.000000,0.005000,0.134000,0.850000,0.000000,0.000000,0.016000,0.142500,0.852500,0.000000,0.000000,0.005000,1800,1,Optimal,,1,261.55000000,261.29116104,0.00098963,36.83834336,40.746735,2018,114808,,,,0.00000000,0.00000000,0,1,0,0,0,0,0,0,0,,0,0,8127,,0,0,0,0,0,0,0,0,0,0,0,1201,8783,,,141.52750000,141.22700000,,,261.55000000,267.82000000,0.03594743,0.09271123,,,,
fpp_new_instances_scaling_new20x20,,case00,new20x20,new20x20,shortest_path,FPP-Branch-Benders-Combinatorial-CVaR,cvar,cvar,0.01,0.9,1.0,20260929,400,1000,0.142500,0.852500,0.000000,0.000000,0.005000,0.134000,0.850000,0.000000,0.000000,0.016000,0.142500,0.852500,0.000000,0.000000,0.005000,1800,1,Optimal,,1,261.55000000,261.36630802,0.00070232,108.24775954,113.643061,171,36170,,,,0.00000000,0.00000000,0,0,0,0,0,0,0,0,1,eta-asc,0,0,463,0,0,0,0,0,0,11180,0,0,0,0,0,1201,11581,,,141.52750000,141.22700000,,,261.55000000,267.82000000,0.04581978,0.11827461,,,,
fpp_new_instances_scaling_new20x20,,case00,new20x20,new20x20,shortest_path,FPP-Branch-Benders-Combinatorial-CVaR-EtaDesc,cvar,cvar,0.01,0.9,1.0,20260929,400,1000,0.142500,0.852500,0.000000,0.000000,0.005000,0.134000,0.850000,0.000000,0.000000,0.016000,0.142500,0.852500,0.000000,0.000000,0.005000,1800,1,Optimal,,1,261.55000000,261.55000000,0.00000000,72.19609338,77.027092,104,31821,,,,0.00000000,0.00000000,0,0,0,0,0,0,0,0,1,eta-desc,0,0,414,0,0,0,0,0,0,9709,0,0,0,0,0,1201,10110,,,141.52750000,141.22700000,,,261.55000000,267.82000000,0.04335421,0.11045426,,,,
fpp_new_instances_scaling_new20x20,,case00,new20x20,new20x20,shortest_path,FPP-SAA-CVaR,cvar,cvar,0.01,0.9,1.0,20260929,400,1000,0.142500,0.852500,0.000000,0.000000,0.005000,0.134000,0.850000,0.000000,0.000000,0.016000,0.142500,0.852500,0.000000,0.000000,0.005000,1800,1,Feasible,,1,395.00000000,242.29357355,0.38659855,1800.05368955,1805.110488,3,0,,,,0.00000000,0.00000000,0,0,0,0,0,0,0,0,0,,0,0,0,0,0,0,0,0,0,0,0,0,0,0,0,160801,111692,,,147.98000000,144.39100000,,,309.80000000,299.41000000,0.05302028,0.13071593,,,,
fpp_new_instances_scaling_new20x20,,case00,new20x20,new20x20,shortest_path,FPP-Branch-Benders-Combinatorial,expected,expected,0.01,0.9,1.0,20260929,400,1000,0.142500,0.852500,0.000000,0.000000,0.005000,0.134000,0.850000,0.000000,0.000000,0.016000,0.142500,0.852500,0.000000,0.000000,0.005000,1800,1,Optimal,,1,130.57000000,130.57000000,0.00000000,24.14970403,28.765883,7,7336,,,,0.00000000,0.00000000,0,0,0,0,0,0,0,0,1,eta-asc,0,0,861,0,0,0,0,0,0,10277,0,0,0,0,0,800,10278,,,130.57000000,133.25700000,,,280.50000000,285.15000000,0.04302506,0.09949761,,,,
fpp_new_instances_scaling_new20x20,,case00,new20x20,new20x20,shortest_path,FPP-Branch-Benders-Combinatorial-EtaDesc,expected,expected,0.01,0.9,1.0,20260929,400,1000,0.142500,0.852500,0.000000,0.000000,0.005000,0.134000,0.850000,0.000000,0.000000,0.016000,0.142500,0.852500,0.000000,0.000000,0.005000,1800,1,Optimal,,1,130.57000000,130.57000000,0.00000000,24.39646079,28.175233,5,8748,,,,0.00000000,0.00000000,0,0,0,0,0,0,0,0,1,eta-desc,0,0,954,0,0,0,0,0,0,10889,0,0,0,0,0,800,10890,,,130.57000000,133.25700000,,,280.50000000,285.15000000,0.03218486,0.08169660,,,,
fpp_new_instances_scaling_new20x20,,case00,new20x20,new20x20,shortest_path,FPP-SAA,expected,expected,0.01,0.9,1.0,20260929,400,1000,0.142500,0.852500,0.000000,0.000000,0.005000,0.134000,0.850000,0.000000,0.000000,0.016000,0.142500,0.852500,0.000000,0.000000,0.005000,1800,1,Optimal,,1,130.57000000,130.57000000,0.00000000,823.89382428,829.384813,5,0,,,,0.00000000,0.00000000,0,0,0,0,0,0,0,0,0,,0,0,0,0,0,0,0,0,0,0,0,0,0,0,0,160400,111292,,,130.57000000,133.25700000,,,280.50000000,285.15000000,0.04986833,0.12861395,,,,
fpp_new_instances_scaling_new20x20,,case00,new20x20,new20x20,shortest_path,FPP-Branch-Benders-Combinatorial-MeanCVaR,mean_cvar,mean-cvar,0.01,0.9,0.5,20260929,400,1000,0.142500,0.852500,0.000000,0.000000,0.005000,0.134000,0.850000,0.000000,0.000000,0.016000,0.142500,0.852500,0.000000,0.000000,0.005000,1800,1,Optimal,,1,201.53875000,201.53875000,0.00000000,75.86757065,80.673530,85,44302,,,,0.00000000,0.00000000,0,0,0,0,0,0,0,0,1,eta-asc,0,0,540,0,0,0,0,0,0,14607,0,0,0,0,0,1201,15008,,,141.52750000,141.22700000,,,261.55000000,267.82000000,0.04360586,0.11141137,,,,
fpp_new_instances_scaling_new20x20,,case00,new20x20,new20x20,shortest_path,FPP-Branch-Benders-Combinatorial-MeanCVaR-EtaDesc,mean_cvar,mean-cvar,0.01,0.9,0.5,20260929,400,1000,0.142500,0.852500,0.000000,0.000000,0.005000,0.134000,0.850000,0.000000,0.000000,0.016000,0.142500,0.852500,0.000000,0.000000,0.005000,1800,1,Optimal,,1,201.53875000,201.53875000,0.00000000,54.56699615,58.224901,92,36714,,,,0.00000000,0.00000000,0,0,0,0,0,0,0,0,1,eta-desc,0,0,497,0,0,0,0,0,0,10856,0,0,0,0,0,1201,11257,,,141.52750000,141.22700000,,,261.55000000,267.82000000,0.03198227,0.07801422,,,,
fpp_new_instances_scaling_new20x20,,case01,new20x20,new20x20,shortest_path,FPP-Branch-Benders-CVaR-RootCuts,cvar,cvar,0.01,0.9,1.0,20261929,400,1000,0.142500,0.855000,0.000000,0.000000,0.002500,0.134000,0.850000,0.000000,0.000000,0.016000,0.142500,0.855000,0.000000,0.000000,0.002500,1800,1,Optimal,,1,262.52500000,262.27322664,0.00095905,39.87562664,45.388921,2350,122115,,,,0.00000000,0.00000000,0,1,0,0,0,0,0,0,0,,0,0,6661,,0,0,0,0,0,0,0,0,0,0,0,1201,7335,,,139.07500000,141.90800000,,,262.52500000,266.26000000,0.04712656,0.12500842,,,,
fpp_new_instances_scaling_new20x20,,case01,new20x20,new20x20,shortest_path,FPP-Branch-Benders-Combinatorial-CVaR,cvar,cvar,0.01,0.9,1.0,20261929,400,1000,0.142500,0.855000,0.000000,0.000000,0.002500,0.134000,0.850000,0.000000,0.000000,0.016000,0.142500,0.855000,0.000000,0.000000,0.002500,1800,1,Optimal,,1,262.52500000,262.28945836,0.00089722,99.26206556,104.290031,164,38610,,,,0.00000000,0.00000000,0,0,0,0,0,0,0,0,1,eta-asc,0,0,549,0,0,0,0,0,0,10831,0,0,0,0,0,1201,11232,,,139.07500000,141.90800000,,,262.52500000,266.26000000,0.04735959,0.12171781,,,,
fpp_new_instances_scaling_new20x20,,case01,new20x20,new20x20,shortest_path,FPP-Branch-Benders-Combinatorial-CVaR-EtaDesc,cvar,cvar,0.01,0.9,1.0,20261929,400,1000,0.142500,0.855000,0.000000,0.000000,0.002500,0.134000,0.850000,0.000000,0.000000,0.016000,0.142500,0.855000,0.000000,0.000000,0.002500,1800,1,Optimal,,1,262.52500000,262.29649602,0.00087041,58.90964699,62.281402,150,34689,,,,0.00000000,0.00000000,0,0,0,0,0,0,0,0,1,eta-desc,0,0,327,0,0,0,0,0,0,9220,0,0,0,0,0,1201,9621,,,139.07500000,141.90800000,,,262.52500000,266.26000000,0.02967108,0.07672769,,,,
fpp_new_instances_scaling_new20x20,,case01,new20x20,new20x20,shortest_path,FPP-SAA-CVaR,cvar,cvar,0.01,0.9,1.0,20261929,400,1000,0.142500,0.855000,0.000000,0.000000,0.002500,0.134000,0.850000,0.000000,0.000000,0.016000,0.142500,0.855000,0.000000,0.000000,0.002500,1800,1,Feasible,,1,399.00000000,238.69111606,0.40177665,1800.03536872,1805.061154,0,0,,,,0.00000000,0.00000000,0,0,0,0,0,0,0,0,0,,0,0,0,0,0,0,0,0,0,0,0,0,0,0,0,160801,110130,,,202.46000000,211.73400000,,,381.80000000,382.75000000,0.06537062,0.17116214,,,,
fpp_new_instances_scaling_new20x20,,case01,new20x20,new20x20,shortest_path,FPP-Branch-Benders-Combinatorial,expected,expected,0.01,0.9,1.0,20261929,400,1000,0.142500,0.855000,0.000000,0.000000,0.002500,0.134000,0.850000,0.000000,0.000000,0.016000,0.142500,0.855000,0.000000,0.000000,0.002500,1800,1,Optimal,,1,128.09500000,128.08472707,0.00008020,20.90922301,26.238248,4,4780,,,,0.00000000,0.00000000,0,0,0,0,0,0,0,0,1,eta-asc,0,0,572,0,0,0,0,0,0,5904,0,0,0,0,0,800,5905,,,128.09500000,133.25700000,,,274.15000000,285.15000000,0.04191073,0.12104619,,,,
fpp_new_instances_scaling_new20x20,,case01,new20x20,new20x20,shortest_path,FPP-Branch-Benders-Combinatorial-EtaDesc,expected,expected,0.01,0.9,1.0,20261929,400,1000,0.142500,0.855000,0.000000,0.000000,0.002500,0.134000,0.850000,0.000000,0.000000,0.016000,0.142500,0.855000,0.000000,0.000000,0.002500,1800,1,Optimal,,1,128.09500000,128.04980055,0.00035286,19.35064323,22.063537,4,8009,,,,0.00000000,0.00000000,0,0,0,0,0,0,0,0,1,eta-desc,0,0,937,0,0,0,0,0,0,11256,0,0,0,0,0,800,11257,,,128.09500000,133.25700000,,,274.15000000,285.15000000,0.02128233,0.05445654,,,,
fpp_new_instances_scaling_new20x20,,case01,new20x20,new20x20,shortest_path,FPP-SAA,expected,expected,0.01,0.9,1.0,20261929,400,1000,0.142500,0.855000,0.000000,0.000000,0.002500,0.134000,0.850000,0.000000,0.000000,0.016000,0.142500,0.855000,0.000000,0.000000,0.002500,1800,1,Optimal,,1,128.09500000,128.09500000,0.00000000,627.88457536,631.196787,3,0,,,,0.00000000,0.00000000,0,0,0,0,0,0,0,0,0,,0,0,0,0,0,0,0,0,0,0,0,0,0,0,0,160400,109730,,,128.09500000,133.25700000,,,274.15000000,285.15000000,0.03481058,0.08672588,,,,
fpp_new_instances_scaling_new20x20,,case01,new20x20,new20x20,shortest_path,FPP-Branch-Benders-Combinatorial-MeanCVaR,mean_cvar,mean-cvar,0.01,0.9,0.5,20261929,400,1000,0.142500,0.855000,0.000000,0.000000,0.002500,0.134000,0.850000,0.000000,0.000000,0.016000,0.142500,0.855000,0.000000,0.000000,0.002500,1800,1,Optimal,,1,200.80000000,200.80000000,0.00000000,67.24074250,72.061117,80,41453,,,,0.00000000,0.00000000,0,0,0,0,0,0,0,0,1,eta-asc,0,0,551,0,0,0,0,0,0,14950,0,0,0,0,0,1201,15351,,,139.07500000,141.90800000,,,262.52500000,266.26000000,0.04523864,0.11539596,,,,
fpp_new_instances_scaling_new20x20,,case01,new20x20,new20x20,shortest_path,FPP-Branch-Benders-Combinatorial-MeanCVaR-EtaDesc,mean_cvar,mean-cvar,0.01,0.9,0.5,20261929,400,1000,0.142500,0.855000,0.000000,0.000000,0.002500,0.134000,0.850000,0.000000,0.000000,0.016000,0.142500,0.855000,0.000000,0.000000,0.002500,1800,1,Optimal,,1,200.80000000,200.80000000,0.00000000,53.47606218,58.293273,89,33988,,,,0.00000000,0.00000000,0,0,0,0,0,0,0,0,1,eta-desc,0,0,400,0,0,0,0,0,0,10286,0,0,0,0,0,1201,10687,,,139.07500000,141.90800000,,,262.52500000,266.26000000,0.04649657,0.11519992,,,,
fpp_new_instances_scaling_new20x20,,case02,new20x20,new20x20,shortest_path,FPP-Branch-Benders-CVaR-RootCuts,cvar,cvar,0.01,0.9,1.0,20262929,400,1000,0.097500,0.902500,0.000000,0.000000,0.000000,0.134000,0.850000,0.000000,0.000000,0.016000,0.097500,0.902500,0.000000,0.000000,0.000000,1800,1,Optimal,,1,257.85000000,257.63559255,0.00083152,32.50347813,38.765745,1163,65410,,,,0.00000000,0.00000000,0,1,0,0,0,0,0,0,0,,0,0,5579,,0,0,0,0,0,0,0,0,0,0,0,1201,6254,,,144.83500000,141.22700000,,,257.85000000,267.82000000,0.05179453,0.12532128,,,,
fpp_new_instances_scaling_new20x20,,case02,new20x20,new20x20,shortest_path,FPP-Branch-Benders-Combinatorial-CVaR,cvar,cvar,0.01,0.9,1.0,20262929,400,1000,0.097500,0.902500,0.000000,0.000000,0.000000,0.134000,0.850000,0.000000,0.000000,0.016000,0.097500,0.902500,0.000000,0.000000,0.000000,1800,1,Optimal,,1,257.85000000,257.81585658,0.00013242,46.85546728,51.979878,69,24084,,,,0.00000000,0.00000000,0,0,0,0,0,0,0,0,1,eta-asc,0,0,676,0,0,0,0,0,0,8504,0,0,0,0,0,1201,8905,,,144.83500000,141.22700000,,,257.85000000,267.82000000,0.05438307,0.12468979,,,,
fpp_new_instances_scaling_new20x20,,case02,new20x20,new20x20,shortest_path,FPP-Branch-Benders-Combinatorial-CVaR-EtaDesc,cvar,cvar,0.01,0.9,1.0,20262929,400,1000,0.097500,0.902500,0.000000,0.000000,0.000000,0.134000,0.850000,0.000000,0.000000,0.016000,0.097500,0.902500,0.000000,0.000000,0.000000,1800,1,Optimal,,1,257.85000000,257.64084249,0.00081116,60.88068905,65.464259,86,29149,,,,0.00000000,0.00000000,0,0,0,0,0,0,0,0,1,eta-desc,0,0,315,0,0,0,0,0,0,8823,0,0,0,0,0,1201,9224,,,144.83500000,141.22700000,,,257.85000000,267.82000000,0.04736294,0.10746482,,,,
fpp_new_instances_scaling_new20x20,,case02,new20x20,new20x20,shortest_path,FPP-SAA-CVaR,cvar,cvar,0.01,0.9,1.0,20262929,400,1000,0.097500,0.902500,0.000000,0.000000,0.000000,0.134000,0.850000,0.000000,0.000000,0.016000,0.097500,0.902500,0.000000,0.000000,0.000000,1800,1,Feasible,,1,267.57500000,237.99860557,0.11053497,1800.13262376,1804.319130,2,0,,,,0.00000000,0.00000000,0,0,0,0,0,0,0,0,0,,0,0,0,0,0,0,0,0,0,0,0,0,0,0,0,160801,118277,,,153.53750000,142.66300000,,,265.22500000,265.53000000,0.04311209,0.09676789,,,,
fpp_new_instances_scaling_new20x20,,case02,new20x20,new20x20,shortest_path,FPP-Branch-Benders-Combinatorial,expected,expected,0.01,0.9,1.0,20262929,400,1000,0.097500,0.902500,0.000000,0.000000,0.000000,0.134000,0.850000,0.000000,0.000000,0.016000,0.097500,0.902500,0.000000,0.000000,0.000000,1800,1,Optimal,,1,139.32500000,139.32500000,0.00000000,26.54221102,31.296879,7,7609,,,,0.00000000,0.00000000,0,0,0,0,0,0,0,0,1,eta-asc,0,0,1356,0,0,0,0,0,0,11319,0,0,0,0,0,800,11320,,,139.32500000,134.08000000,,,287.57500000,286.73000000,0.04500951,0.11291125,,,,
fpp_new_instances_scaling_new20x20,,case02,new20x20,new20x20,shortest_path,FPP-Branch-Benders-Combinatorial-EtaDesc,expected,expected,0.01,0.9,1.0,20262929,400,1000,0.097500,0.902500,0.000000,0.000000,0.000000,0.134000,0.850000,0.000000,0.000000,0.016000,0.097500,0.902500,0.000000,0.000000,0.000000,1800,1,Optimal,,1,139.32500000,139.32500000,0.00000000,28.66429641,32.520936,9,10157,,,,0.00000000,0.00000000,0,0,0,0,0,0,0,0,1,eta-desc,0,0,1000,0,0,0,0,0,0,12826,0,0,0,0,0,800,12827,,,139.32500000,134.08000000,,,287.57500000,286.73000000,0.03495558,0.08482047,,,,
fpp_new_instances_scaling_new20x20,,case02,new20x20,new20x20,shortest_path,FPP-SAA,expected,expected,0.01,0.9,1.0,20262929,400,1000,0.097500,0.902500,0.000000,0.000000,0.000000,0.134000,0.850000,0.000000,0.000000,0.016000,0.097500,0.902500,0.000000,0.000000,0.000000,1800,1,Optimal,,1,139.32500000,139.19500000,0.00093307,1038.86543516,1043.889403,17,0,,,,0.00000000,0.00000000,0,0,0,0,0,0,0,0,0,,0,0,0,0,0,0,0,0,0,0,0,0,0,0,0,160400,117877,,,139.32500000,134.08000000,,,287.57500000,286.73000000,0.04755164,0.11587681,,,,
fpp_new_instances_scaling_new20x20,,case02,new20x20,new20x20,shortest_path,FPP-Branch-Benders-Combinatorial-MeanCVaR,mean_cvar,mean-cvar,0.01,0.9,0.5,20262929,400,1000,0.097500,0.902500,0.000000,0.000000,0.000000,0.134000,0.850000,0.000000,0.000000,0.016000,0.097500,0.902500,0.000000,0.000000,0.000000,1800,1,Optimal,,1,201.34250000,201.34250000,0.00000000,50.07127542,54.846631,35,26040,,,,0.00000000,0.00000000,0,0,0,0,0,0,0,0,1,eta-asc,0,0,549,0,0,0,0,0,0,11463,0,0,0,0,0,1201,11864,,,144.83500000,141.22700000,,,257.85000000,267.82000000,0.04820784,0.10628870,,,,
fpp_new_instances_scaling_new20x20,,case02,new20x20,new20x20,shortest_path,FPP-Branch-Benders-Combinatorial-MeanCVaR-EtaDesc,mean_cvar,mean-cvar,0.01,0.9,0.5,20262929,400,1000,0.097500,0.902500,0.000000,0.000000,0.000000,0.134000,0.850000,0.000000,0.000000,0.016000,0.097500,0.902500,0.000000,0.000000,0.000000,1800,1,Optimal,,1,201.34250000,201.34250000,0.00000000,28.43028651,31.866962,37,16163,,,,0.00000000,0.00000000,0,0,0,0,0,0,0,0,1,eta-desc,0,0,501,0,0,0,0,0,0,7317,0,0,0,0,0,1201,7718,,,144.83500000,141.22700000,,,257.85000000,267.82000000,0.03261834,0.07926613,,,,
fpp_new_instances_scaling_new20x20,,case03,new20x20,new20x20,shortest_path,FPP-Branch-Benders-CVaR-RootCuts,cvar,cvar,0.01,0.9,1.0,20263929,400,1000,0.140000,0.852500,0.000000,0.000000,0.007500,0.134000,0.850000,0.000000,0.000000,0.016000,0.140000,0.852500,0.000000,0.000000,0.007500,1800,1,Optimal,,1,269.15000000,268.88307781,0.00099172,42.57572032,47.854050,2636,131551,,,,0.00000000,0.00000000,0,1,0,0,0,0,0,0,0,,0,0,7642,,0,0,0,0,0,0,0,0,0,0,0,1201,8318,,,133.56750000,133.69200000,,,269.15000000,269.46000000,0.04104678,0.11119009,,,,
fpp_new_instances_scaling_new20x20,,case03,new20x20,new20x20,shortest_path,FPP-Branch-Benders-Combinatorial-CVaR,cvar,cvar,0.01,0.9,1.0,20263929,400,1000,0.140000,0.852500,0.000000,0.000000,0.007500,0.134000,0.850000,0.000000,0.000000,0.016000,0.140000,0.852500,0.000000,0.000000,0.007500,1800,1,Optimal,,1,269.15000000,269.15000000,0.00000000,131.86726863,136.223263,222,48796,,,,0.00000000,0.00000000,0,0,0,0,0,0,0,0,1,eta-asc,0,0,675,0,0,0,0,0,0,14318,0,0,0,0,0,1201,14719,,,133.56750000,133.69200000,,,269.15000000,269.46000000,0.04023735,0.10382800,,,,
fpp_new_instances_scaling_new20x20,,case03,new20x20,new20x20,shortest_path,FPP-Branch-Benders-Combinatorial-CVaR-EtaDesc,cvar,cvar,0.01,0.9,1.0,20263929,400,1000,0.140000,0.852500,0.000000,0.000000,0.007500,0.134000,0.850000,0.000000,0.000000,0.016000,0.140000,0.852500,0.000000,0.000000,0.007500,1800,1,Optimal,,1,269.15000000,269.15000000,0.00000000,104.23010438,109.159045,193,46045,,,,0.00000000,0.00000000,0,0,0,0,0,0,0,0,1,eta-desc,0,0,201,0,0,0,0,0,0,12382,0,0,0,0,0,1201,12783,,,133.56750000,133.69200000,,,269.15000000,269.46000000,0.04595972,0.10920814,,,,
fpp_new_instances_scaling_new20x20,,case03,new20x20,new20x20,shortest_path,FPP-SAA-CVaR,cvar,cvar,0.01,0.9,1.0,20263929,400,1000,0.140000,0.852500,0.000000,0.000000,0.007500,0.134000,0.850000,0.000000,0.000000,0.016000,0.140000,0.852500,0.000000,0.000000,0.007500,1800,1,Feasible,,1,399.00000000,241.84106475,0.39388204,1800.24096352,1805.693699,0,0,,,,0.00000000,0.00000000,0,0,0,0,0,0,0,0,0,,0,0,0,0,0,0,0,0,0,0,0,0,0,0,0,160801,110383,,,157.65000000,161.85500000,,,309.47500000,304.87000000,0.05607925,0.13979288,,,,
fpp_new_instances_scaling_new20x20,,case03,new20x20,new20x20,shortest_path,FPP-Branch-Benders-Combinatorial,expected,expected,0.01,0.9,1.0,20263929,400,1000,0.140000,0.852500,0.000000,0.000000,0.007500,0.134000,0.850000,0.000000,0.000000,0.016000,0.140000,0.852500,0.000000,0.000000,0.007500,1800,1,Optimal,,1,131.42500000,131.42500000,0.00000000,25.01777572,29.962295,9,6596,,,,0.00000000,0.00000000,0,0,0,0,0,0,0,0,1,eta-asc,0,0,760,0,0,0,0,0,0,8345,0,0,0,0,0,800,8346,,,131.42500000,132.88100000,,,291.72500000,286.20000000,0.04811147,0.11782141,,,,
fpp_new_instances_scaling_new20x20,,case03,new20x20,new20x20,shortest_path,FPP-Branch-Benders-Combinatorial-EtaDesc,expected,expected,0.01,0.9,1.0,20263929,400,1000,0.140000,0.852500,0.000000,0.000000,0.007500,0.134000,0.850000,0.000000,0.000000,0.016000,0.140000,0.852500,0.000000,0.000000,0.007500,1800,1,Optimal,,1,131.42500000,131.42500000,0.00000000,25.77659750,28.477016,11,8616,,,,0.00000000,0.00000000,0,0,0,0,0,0,0,0,1,eta-desc,0,0,1120,0,0,0,0,0,0,11899,0,0,0,0,0,800,11900,,,131.42500000,132.88100000,,,291.72500000,286.20000000,0.02244207,0.05425205,,,,
fpp_new_instances_scaling_new20x20,,case03,new20x20,new20x20,shortest_path,FPP-SAA,expected,expected,0.01,0.9,1.0,20263929,400,1000,0.140000,0.852500,0.000000,0.000000,0.007500,0.134000,0.850000,0.000000,0.000000,0.016000,0.140000,0.852500,0.000000,0.000000,0.007500,1800,1,Optimal,,1,131.42500000,131.42500000,0.00000000,798.79270607,804.015352,7,0,,,,0.00000000,0.00000000,0,0,0,0,0,0,0,0,0,,0,0,0,0,0,0,0,0,0,0,0,0,0,0,0,160400,109983,,,131.42500000,132.88100000,,,291.72500000,286.20000000,0.04826215,0.11961578,,,,
fpp_new_instances_scaling_new20x20,,case03,new20x20,new20x20,shortest_path,FPP-Branch-Benders-Combinatorial-MeanCVaR,mean_cvar,mean-cvar,0.01,0.9,0.5,20263929,400,1000,0.140000,0.852500,0.000000,0.000000,0.007500,0.134000,0.850000,0.000000,0.000000,0.016000,0.140000,0.852500,0.000000,0.000000,0.007500,1800,1,Optimal,,1,201.35875000,201.33012040,0.00014218,73.23850991,78.097035,74,39859,,,,0.00000000,0.00000000,0,0,0,0,0,0,0,0,1,eta-asc,0,0,918,0,0,0,0,0,0,17129,0,0,0,0,0,1201,17530,,,133.56750000,133.69200000,,,269.15000000,269.46000000,0.03376452,0.12722537,,,,
fpp_new_instances_scaling_new20x20,,case03,new20x20,new20x20,shortest_path,FPP-Branch-Benders-Combinatorial-MeanCVaR-EtaDesc,mean_cvar,mean-cvar,0.01,0.9,0.5,20263929,400,1000,0.140000,0.852500,0.000000,0.000000,0.007500,0.134000,0.850000,0.000000,0.000000,0.016000,0.140000,0.852500,0.000000,0.000000,0.007500,1800,1,Optimal,,1,201.35875000,201.35875000,0.00000000,58.97175573,63.161627,78,30747,,,,0.00000000,0.00000000,0,0,0,0,0,0,0,0,1,eta-desc,0,0,373,0,0,0,0,0,0,10712,0,0,0,0,0,1201,11113,,,133.56750000,133.69200000,,,269.15000000,269.46000000,0.04661172,0.07432434,,,,
fpp_new_instances_scaling_new20x20,,case04,new20x20,new20x20,shortest_path,FPP-Branch-Benders-CVaR-RootCuts,cvar,cvar,0.01,0.9,1.0,20264929,400,1000,0.105000,0.892500,0.000000,0.000000,0.002500,0.134000,0.850000,0.000000,0.000000,0.016000,0.105000,0.892500,0.000000,0.000000,0.002500,1800,1,Optimal,,1,266.60000000,266.34750537,0.00094709,40.54549966,46.431457,2516,110646,,,,0.00000000,0.00000000,0,1,0,0,0,0,0,0,0,,0,0,6334,,0,0,0,0,0,0,0,0,0,0,0,1201,7015,,,146.95750000,141.22700000,,,266.60000000,267.82000000,0.05297188,0.12942890,,,,
fpp_new_instances_scaling_new20x20,,case04,new20x20,new20x20,shortest_path,FPP-Branch-Benders-Combinatorial-CVaR,cvar,cvar,0.01,0.9,1.0,20264929,400,1000,0.105000,0.892500,0.000000,0.000000,0.002500,0.134000,0.850000,0.000000,0.000000,0.016000,0.105000,0.892500,0.000000,0.000000,0.002500,1800,1,Optimal,,1,266.60000000,266.60000000,0.00000000,129.01372568,133.660587,217,44988,,,,0.00000000,0.00000000,0,0,0,0,0,0,0,0,1,eta-asc,0,0,351,0,0,0,0,0,0,11919,0,0,0,0,0,1201,12320,,,146.95750000,141.22700000,,,266.60000000,267.82000000,0.04534566,0.11399466,,,,
fpp_new_instances_scaling_new20x20,,case04,new20x20,new20x20,shortest_path,FPP-Branch-Benders-Combinatorial-CVaR-EtaDesc,cvar,cvar,0.01,0.9,1.0,20264929,400,1000,0.105000,0.892500,0.000000,0.000000,0.002500,0.134000,0.850000,0.000000,0.000000,0.016000,0.105000,0.892500,0.000000,0.000000,0.002500,1800,1,Optimal,,1,266.60000000,266.43369562,0.00062380,92.60933419,97.288571,222,53212,,,,0.00000000,0.00000000,0,0,0,0,0,0,0,0,1,eta-desc,0,0,368,0,0,0,0,0,0,13280,0,0,0,0,0,1201,13681,,,146.95750000,141.22700000,,,266.60000000,267.82000000,0.04526902,0.11086836,,,,
fpp_new_instances_scaling_new20x20,,case04,new20x20,new20x20,shortest_path,FPP-SAA-CVaR,cvar,cvar,0.01,0.9,1.0,20264929,400,1000,0.105000,0.892500,0.000000,0.000000,0.002500,0.134000,0.850000,0.000000,0.000000,0.016000,0.105000,0.892500,0.000000,0.000000,0.002500,1800,1,Feasible,,1,398.00000000,241.74403530,0.39260293,1800.27890682,1805.508320,0,0,,,,0.00000000,0.00000000,0,0,0,0,0,0,0,0,0,,0,0,0,0,0,0,0,0,0,0,0,0,0,0,0,160801,115308,,,176.14750000,167.14700000,,,330.37500000,321.32000000,0.06096252,0.14518587,,,,
fpp_new_instances_scaling_new20x20,,case04,new20x20,new20x20,shortest_path,FPP-Branch-Benders-Combinatorial,expected,expected,0.01,0.9,1.0,20264929,400,1000,0.105000,0.892500,0.000000,0.000000,0.002500,0.134000,0.850000,0.000000,0.000000,0.016000,0.105000,0.892500,0.000000,0.000000,0.002500,1800,1,Optimal,,1,135.48000000,135.44017241,0.00029397,18.21981732,22.452062,5,6981,,,,0.00000000,0.00000000,0,0,0,0,0,0,0,0,1,eta-asc,0,0,1400,0,0,0,0,0,0,10070,0,0,0,0,0,800,10071,,,135.48000000,132.92300000,,,285.75000000,285.97000000,0.03577975,0.09885811,,,,
fpp_new_instances_scaling_new20x20,,case04,new20x20,new20x20,shortest_path,FPP-Branch-Benders-Combinatorial-EtaDesc,expected,expected,0.01,0.9,1.0,20264929,400,1000,0.105000,0.892500,0.000000,0.000000,0.002500,0.134000,0.850000,0.000000,0.000000,0.016000,0.105000,0.892500,0.000000,0.000000,0.002500,1800,1,Optimal,,1,135.48000000,135.44142523,0.00028473,21.52652545,24.146893,5,10960,,,,0.00000000,0.00000000,0,0,0,0,0,0,0,0,1,eta-desc,0,0,1280,0,0,0,0,0,0,15139,0,0,0,0,0,800,15140,,,135.48000000,132.92300000,,,285.75000000,285.97000000,0.02274275,0.05496764,,,,
fpp_new_instances_scaling_new20x20,,case04,new20x20,new20x20,shortest_path,FPP-SAA,expected,expected,0.01,0.9,1.0,20264929,400,1000,0.105000,0.892500,0.000000,0.000000,0.002500,0.134000,0.850000,0.000000,0.000000,0.016000,0.105000,0.892500,0.000000,0.000000,0.002500,1800,1,Optimal,,1,135.48000000,135.48000000,0.00000000,989.75197039,995.398248,7,0,,,,0.00000000,0.00000000,0,0,0,0,0,0,0,0,0,,0,0,0,0,0,0,0,0,0,0,0,0,0,0,0,160400,114908,,,135.48000000,132.92300000,,,285.75000000,285.97000000,0.04976674,0.12248135,,,,
fpp_new_instances_scaling_new20x20,,case04,new20x20,new20x20,shortest_path,FPP-Branch-Benders-Combinatorial-MeanCVaR,mean_cvar,mean-cvar,0.01,0.9,0.5,20264929,400,1000,0.105000,0.892500,0.000000,0.000000,0.002500,0.134000,0.850000,0.000000,0.000000,0.016000,0.105000,0.892500,0.000000,0.000000,0.002500,1800,1,Optimal,,1,204.59375000,204.51061525,0.00040634,99.97378978,104.761363,102,63523,,,,0.00000000,0.00000000,0,0,0,0,0,0,0,0,1,eta-asc,0,0,299,0,0,0,0,0,0,19006,0,0,0,0,0,1201,19407,,,138.58750000,133.69200000,,,270.60000000,269.46000000,0.04230930,0.10890346,,,,
fpp_new_instances_scaling_new20x20,,case04,new20x20,new20x20,shortest_path,FPP-Branch-Benders-Combinatorial-MeanCVaR-EtaDesc,mean_cvar,mean-cvar,0.01,0.9,0.5,20264929,400,1000,0.105000,0.892500,0.000000,0.000000,0.002500,0.134000,0.850000,0.000000,0.000000,0.016000,0.105000,0.892500,0.000000,0.000000,0.002500,1800,1,Optimal,,1,204.59375000,204.46542619,0.00062721,76.43307955,81.737885,82,39429,,,,0.00000000,0.00000000,0,0,0,0,0,0,0,0,1,eta-desc,0,0,347,0,0,0,0,0,0,13031,0,0,0,0,0,1201,13432,,,138.58750000,133.69200000,,,270.60000000,269.46000000,0.04397910,0.10640869,,,,
fpp_new_instances_scaling_new20x20,,case05,new20x20,new20x20,shortest_path,FPP-Branch-Benders-CVaR-RootCuts,cvar,cvar,0.01,0.9,1.0,20265929,400,1000,0.107500,0.882500,0.000000,0.000000,0.010000,0.134000,0.850000,0.000000,0.000000,0.016000,0.107500,0.882500,0.000000,0.000000,0.010000,1800,1,Optimal,,1,258.20000000,257.99268719,0.00080292,25.03147861,30.316982,1345,71879,,,,0.00000000,0.00000000,0,1,0,0,0,0,0,0,0,,0,0,5591,,0,0,0,0,0,0,0,0,0,0,0,1201,6258,,,137.13750000,141.22700000,,,258.20000000,267.82000000,0.04588552,0.12155094,,,,
fpp_new_instances_scaling_new20x20,,case05,new20x20,new20x20,shortest_path,FPP-Branch-Benders-Combinatorial-CVaR,cvar,cvar,0.01,0.9,1.0,20265929,400,1000,0.107500,0.882500,0.000000,0.000000,0.010000,0.134000,0.850000,0.000000,0.000000,0.016000,0.107500,0.882500,0.000000,0.000000,0.010000,1800,1,Optimal,,1,258.20000000,257.96813885,0.00089799,62.70866949,66.920487,99,27547,,,,0.00000000,0.00000000,0,0,0,0,0,0,0,0,1,eta-asc,0,0,484,0,0,0,0,0,0,8766,0,0,0,0,0,1201,9167,,,137.13750000,141.22700000,,,258.20000000,267.82000000,0.05054513,0.08883446,,,,
fpp_new_instances_scaling_new20x20,,case05,new20x20,new20x20,shortest_path,FPP-Branch-Benders-Combinatorial-CVaR-EtaDesc,cvar,cvar,0.01,0.9,1.0,20265929,400,1000,0.107500,0.882500,0.000000,0.000000,0.010000,0.134000,0.850000,0.000000,0.000000,0.016000,0.107500,0.882500,0.000000,0.000000,0.010000,1800,1,Optimal,,1,258.20000000,258.20000000,0.00000000,32.80000588,36.269741,90,20636,,,,0.00000000,0.00000000,0,0,0,0,0,0,0,0,1,eta-desc,0,0,331,0,0,0,0,0,0,6427,0,0,0,0,0,1201,6828,,,137.13750000,141.22700000,,,258.20000000,267.82000000,0.03433207,0.07380334,,,,
fpp_new_instances_scaling_new20x20,,case05,new20x20,new20x20,shortest_path,FPP-SAA-CVaR,cvar,cvar,0.01,0.9,1.0,20265929,400,1000,0.107500,0.882500,0.000000,0.000000,0.010000,0.134000,0.850000,0.000000,0.000000,0.016000,0.107500,0.882500,0.000000,0.000000,0.010000,1800,1,Feasible,,1,399.00000000,238.65185148,0.40187506,1800.22902986,1805.447733,0,0,,,,0.00000000,0.00000000,0,0,0,0,0,0,0,0,0,,0,0,0,0,0,0,0,0,0,0,0,0,0,0,0,160801,110193,,,158.51500000,156.28900000,,,328.05000000,312.40000000,0.05480335,0.13810837,,,,
fpp_new_instances_scaling_new20x20,,case05,new20x20,new20x20,shortest_path,FPP-Branch-Benders-Combinatorial,expected,expected,0.01,0.9,1.0,20265929,400,1000,0.107500,0.882500,0.000000,0.000000,0.010000,0.134000,0.850000,0.000000,0.000000,0.016000,0.107500,0.882500,0.000000,0.000000,0.010000,1800,1,Optimal,,1,129.03250000,129.03250000,0.00000000,20.71641296,25.305883,7,6200,,,,0.00000000,0.00000000,0,0,0,0,0,0,0,0,1,eta-asc,0,0,996,0,0,0,0,0,0,7552,0,0,0,0,0,800,7553,,,129.03250000,132.92300000,,,288.67500000,285.97000000,0.03929231,0.10041625,,,,
fpp_new_instances_scaling_new20x20,,case05,new20x20,new20x20,shortest_path,FPP-Branch-Benders-Combinatorial-EtaDesc,expected,expected,0.01,0.9,1.0,20265929,400,1000,0.107500,0.882500,0.000000,0.000000,0.010000,0.134000,0.850000,0.000000,0.000000,0.016000,0.107500,0.882500,0.000000,0.000000,0.010000,1800,1,Optimal,,1,129.03250000,129.03250000,0.00000000,17.11153307,19.794420,9,6994,,,,0.00000000,0.00000000,0,0,0,0,0,0,0,0,1,eta-desc,0,0,1951,0,0,0,0,0,0,10678,0,0,0,0,0,800,10679,,,129.03250000,132.92300000,,,288.67500000,285.97000000,0.02155293,0.05492802,,,,
fpp_new_instances_scaling_new20x20,,case05,new20x20,new20x20,shortest_path,FPP-SAA,expected,expected,0.01,0.9,1.0,20265929,400,1000,0.107500,0.882500,0.000000,0.000000,0.010000,0.134000,0.850000,0.000000,0.000000,0.016000,0.107500,0.882500,0.000000,0.000000,0.010000,1800,1,Optimal,,1,129.03250000,129.03250000,0.00000000,800.21835022,805.420609,7,0,,,,0.00000000,0.00000000,0,0,0,0,0,0,0,0,0,,0,0,0,0,0,0,0,0,0,0,0,0,0,0,0,160400,109793,,,129.03250000,132.92300000,,,288.67500000,285.97000000,0.04880141,0.12970813,,,,
fpp_new_instances_scaling_new20x20,,case05,new20x20,new20x20,shortest_path,FPP-Branch-Benders-Combinatorial-MeanCVaR,mean_cvar,mean-cvar,0.01,0.9,0.5,20265929,400,1000,0.107500,0.882500,0.000000,0.000000,0.010000,0.134000,0.850000,0.000000,0.000000,0.016000,0.107500,0.882500,0.000000,0.000000,0.010000,1800,1,Optimal,,1,197.26375000,197.26375000,0.00000000,56.07128960,60.975352,53,37570,,,,0.00000000,0.00000000,0,0,0,0,0,0,0,0,1,eta-asc,0,0,510,0,0,0,0,0,0,14968,0,0,0,0,0,1201,15369,,,131.07750000,133.69200000,,,263.45000000,269.46000000,0.04402920,0.11186361,,,,
fpp_new_instances_scaling_new20x20,,case05,new20x20,new20x20,shortest_path,FPP-Branch-Benders-Combinatorial-MeanCVaR-EtaDesc,mean_cvar,mean-cvar,0.01,0.9,0.5,20265929,400,1000,0.107500,0.882500,0.000000,0.000000,0.010000,0.134000,0.850000,0.000000,0.000000,0.016000,0.107500,0.882500,0.000000,0.000000,0.010000,1800,1,Optimal,,1,197.26375000,197.07281631,0.00096791,39.13439172,42.679629,52,36760,,,,0.00000000,0.00000000,0,0,0,0,0,0,0,0,1,eta-desc,0,0,346,0,0,0,0,0,0,10092,0,0,0,0,0,1201,10493,,,131.07750000,133.69200000,,,263.45000000,269.46000000,0.02855853,0.07283898,,,,
fpp_new_instances_scaling_new20x20,,case06,new20x20,new20x20,shortest_path,FPP-Branch-Benders-CVaR-RootCuts,cvar,cvar,0.01,0.9,1.0,20266929,400,1000,0.127500,0.867500,0.000000,0.000000,0.005000,0.134000,0.850000,0.000000,0.000000,0.016000,0.127500,0.867500,0.000000,0.000000,0.005000,1800,1,Optimal,,1,259.22500000,258.99428692,0.00089001,12.04473916,15.836143,1128,52738,,,,0.00000000,0.00000000,0,1,0,0,0,0,0,0,0,,0,0,4902,,0,0,0,0,0,0,0,0,0,0,0,1201,5550,,,138.72250000,141.22700000,,,259.22500000,267.82000000,0.03575205,0.08504944,,,,
fpp_new_instances_scaling_new20x20,,case06,new20x20,new20x20,shortest_path,FPP-Branch-Benders-Combinatorial-CVaR,cvar,cvar,0.01,0.9,1.0,20266929,400,1000,0.127500,0.867500,0.000000,0.000000,0.005000,0.134000,0.850000,0.000000,0.000000,0.016000,0.127500,0.867500,0.000000,0.000000,0.005000,1800,1,Optimal,,1,259.22500000,259.22500000,0.00000000,68.36478882,72.925332,115,30158,,,,0.00000000,0.00000000,0,0,0,0,0,0,0,0,1,eta-asc,0,0,469,0,0,0,0,0,0,9169,0,0,0,0,0,1201,9570,,,138.72250000,141.22700000,,,259.22500000,267.82000000,0.04250420,0.12338039,,,,
fpp_new_instances_scaling_new20x20,,case06,new20x20,new20x20,shortest_path,FPP-Branch-Benders-Combinatorial-CVaR-EtaDesc,cvar,cvar,0.01,0.9,1.0,20266929,400,1000,0.127500,0.867500,0.000000,0.000000,0.005000,0.134000,0.850000,0.000000,0.000000,0.016000,0.127500,0.867500,0.000000,0.000000,0.005000,1800,1,Optimal,,1,259.22500000,259.22500000,0.00000000,43.64806921,48.348671,104,30795,,,,0.00000000,0.00000000,0,0,0,0,0,0,0,0,1,eta-desc,0,0,214,0,0,0,0,0,0,8943,0,0,0,0,0,1201,9344,,,138.72250000,141.22700000,,,259.22500000,267.82000000,0.04420501,0.11316222,,,,
fpp_new_instances_scaling_new20x20,,case06,new20x20,new20x20,shortest_path,FPP-SAA-CVaR,cvar,cvar,0.01,0.9,1.0,20266929,400,1000,0.127500,0.867500,0.000000,0.000000,0.005000,0.134000,0.850000,0.000000,0.000000,0.016000,0.127500,0.867500,0.000000,0.000000,0.005000,1800,1,Feasible,,1,266.22500000,236.16927334,0.11289596,1800.15638802,1805.213984,2,0,,,,0.00000000,0.00000000,0,0,0,0,0,0,0,0,0,,0,0,0,0,0,0,0,0,0,0,0,0,0,0,0,160801,107912,,,142.94000000,143.63900000,,,259.60000000,269.63000000,0.05038586,0.12527154,,,,
fpp_new_instances_scaling_new20x20,,case06,new20x20,new20x20,shortest_path,FPP-Branch-Benders-Combinatorial,expected,expected,0.01,0.9,1.0,20266929,400,1000,0.127500,0.867500,0.000000,0.000000,0.005000,0.134000,0.850000,0.000000,0.000000,0.016000,0.127500,0.867500,0.000000,0.000000,0.005000,1800,1,Optimal,,1,127.89000000,127.89000000,0.00000000,21.13080393,25.728168,5,5120,,,,0.00000000,0.00000000,0,0,0,0,0,0,0,0,1,eta-asc,0,0,880,0,0,0,0,0,0,8412,0,0,0,0,0,800,8413,,,127.89000000,132.88100000,,,283.02500000,286.20000000,0.03776811,0.10847549,,,,
fpp_new_instances_scaling_new20x20,,case06,new20x20,new20x20,shortest_path,FPP-Branch-Benders-Combinatorial-EtaDesc,expected,expected,0.01,0.9,1.0,20266929,400,1000,0.127500,0.867500,0.000000,0.000000,0.005000,0.134000,0.850000,0.000000,0.000000,0.016000,0.127500,0.867500,0.000000,0.000000,0.005000,1800,1,Optimal,,1,127.89000000,127.89000000,0.00000000,20.70326381,23.460746,5,5916,,,,0.00000000,0.00000000,0,0,0,0,0,0,0,0,1,eta-desc,0,0,1000,0,0,0,0,0,0,9195,0,0,0,0,0,800,9196,,,127.89000000,132.88100000,,,283.02500000,286.20000000,0.02132106,0.05469017,,,,
fpp_new_instances_scaling_new20x20,,case06,new20x20,new20x20,shortest_path,FPP-SAA,expected,expected,0.01,0.9,1.0,20266929,400,1000,0.127500,0.867500,0.000000,0.000000,0.005000,0.134000,0.850000,0.000000,0.000000,0.016000,0.127500,0.867500,0.000000,0.000000,0.005000,1800,1,Optimal,,1,127.89000000,127.89000000,0.00000000,608.82115611,612.703273,0,0,,,,0.00000000,0.00000000,0,0,0,0,0,0,0,0,0,,0,0,0,0,0,0,0,0,0,0,0,0,0,0,0,160400,107512,,,127.89000000,132.88100000,,,283.02500000,286.20000000,0.03303384,0.08444530,,,,
fpp_new_instances_scaling_new20x20,,case06,new20x20,new20x20,shortest_path,FPP-Branch-Benders-Combinatorial-MeanCVaR,mean_cvar,mean-cvar,0.01,0.9,0.5,20266929,400,1000,0.127500,0.867500,0.000000,0.000000,0.005000,0.134000,0.850000,0.000000,0.000000,0.016000,0.127500,0.867500,0.000000,0.000000,0.005000,1800,1,Optimal,,1,198.93375000,198.73647031,0.00099169,100.11034891,104.858600,110,57998,,,,0.00000000,0.00000000,0,0,0,0,0,0,0,0,1,eta-asc,0,0,692,0,0,0,0,0,0,20138,0,0,0,0,0,1201,20539,,,134.36750000,135.73900000,,,263.50000000,266.77000000,0.04070212,0.10610316,,,,
fpp_new_instances_scaling_new20x20,,case06,new20x20,new20x20,shortest_path,FPP-Branch-Benders-Combinatorial-MeanCVaR-EtaDesc,mean_cvar,mean-cvar,0.01,0.9,0.5,20266929,400,1000,0.127500,0.867500,0.000000,0.000000,0.005000,0.134000,0.850000,0.000000,0.000000,0.016000,0.127500,0.867500,0.000000,0.000000,0.005000,1800,1,Optimal,,1,198.93375000,198.93375000,0.00000000,47.57635181,51.199095,90,37789,,,,0.00000000,0.00000000,0,0,0,0,0,0,0,0,1,eta-desc,0,0,468,0,0,0,0,0,0,11319,0,0,0,0,0,1201,11720,,,134.36750000,135.73900000,,,263.50000000,266.77000000,0.03055427,0.07544326,,,,
fpp_new_instances_scaling_new20x20,,case07,new20x20,new20x20,shortest_path,FPP-Branch-Benders-CVaR-RootCuts,cvar,cvar,0.01,0.9,1.0,20267929,400,1000,0.125000,0.872500,0.000000,0.000000,0.002500,0.134000,0.850000,0.000000,0.000000,0.016000,0.125000,0.872500,0.000000,0.000000,0.002500,1800,1,Optimal,,1,263.97500000,263.73047150,0.00092633,28.08960066,31.664015,2045,119838,,,,0.00000000,0.00000000,0,1,0,0,0,0,0,0,0,,0,0,5740,,0,0,0,0,0,0,0,0,0,0,0,1201,6426,,,138.01750000,134.99400000,,,263.97500000,267.83000000,0.03435962,0.08700325,,,,
fpp_new_instances_scaling_new20x20,,case07,new20x20,new20x20,shortest_path,FPP-Branch-Benders-Combinatorial-CVaR,cvar,cvar,0.01,0.9,1.0,20267929,400,1000,0.125000,0.872500,0.000000,0.000000,0.002500,0.134000,0.850000,0.000000,0.000000,0.016000,0.125000,0.872500,0.000000,0.000000,0.002500,1800,1,Optimal,,1,263.97500000,263.73115154,0.00092376,150.80407152,154.773506,311,53502,,,,0.00000000,0.00000000,0,0,0,0,0,0,0,0,1,eta-asc,0,0,455,0,0,0,0,0,0,14312,0,0,0,0,0,1201,14713,,,138.01750000,134.99400000,,,263.97500000,267.83000000,0.03377010,0.07810464,,,,
fpp_new_instances_scaling_new20x20,,case07,new20x20,new20x20,shortest_path,FPP-Branch-Benders-Combinatorial-CVaR-EtaDesc,cvar,cvar,0.01,0.9,1.0,20267929,400,1000,0.125000,0.872500,0.000000,0.000000,0.002500,0.134000,0.850000,0.000000,0.000000,0.016000,0.125000,0.872500,0.000000,0.000000,0.002500,1800,1,Optimal,,1,263.97500000,263.73937145,0.00089262,84.44268778,89.035136,198,38701,,,,0.00000000,0.00000000,0,0,0,0,0,0,0,0,1,eta-desc,0,0,264,0,0,0,0,0,0,10355,0,0,0,0,0,1201,10756,,,138.01750000,134.99400000,,,263.97500000,267.83000000,0.03999588,0.10603847,,,,
fpp_new_instances_scaling_new20x20,,case07,new20x20,new20x20,shortest_path,FPP-SAA-CVaR,cvar,cvar,0.01,0.9,1.0,20267929,400,1000,0.125000,0.872500,0.000000,0.000000,0.002500,0.134000,0.850000,0.000000,0.000000,0.016000,0.125000,0.872500,0.000000,0.000000,0.002500,1800,1,Feasible,,1,397.00000000,237.51132632,0.40173469,1800.10353711,1805.521778,1,0,,,,0.00000000,0.00000000,0,0,0,0,0,0,0,0,0,,0,0,0,0,0,0,0,0,0,0,0,0,0,0,0,160801,113125,,,171.75500000,166.28100000,,,315.47500000,315.53000000,0.06397056,0.15912646,,,,
fpp_new_instances_scaling_new20x20,,case07,new20x20,new20x20,shortest_path,FPP-Branch-Benders-Combinatorial,expected,expected,0.01,0.9,1.0,20267929,400,1000,0.125000,0.872500,0.000000,0.000000,0.002500,0.134000,0.850000,0.000000,0.000000,0.016000,0.125000,0.872500,0.000000,0.000000,0.002500,1800,1,Optimal,,1,129.00000000,128.87311851,0.00098358,22.89670896,28.308668,0,4763,,,,0.00000000,0.00000000,0,0,0,0,0,0,0,0,1,eta-asc,0,0,640,0,0,0,0,0,0,8938,0,0,0,0,0,800,8939,,,129.00000000,132.92300000,,,286.30000000,285.97000000,0.04818162,0.11649535,,,,
fpp_new_instances_scaling_new20x20,,case07,new20x20,new20x20,shortest_path,FPP-Branch-Benders-Combinatorial-EtaDesc,expected,expected,0.01,0.9,1.0,20267929,400,1000,0.125000,0.872500,0.000000,0.000000,0.002500,0.134000,0.850000,0.000000,0.000000,0.016000,0.125000,0.872500,0.000000,0.000000,0.002500,1800,1,Optimal,,1,129.00000000,128.92812500,0.00055717,23.05403671,25.693179,0,7065,,,,0.00000000,0.00000000,0,0,0,0,0,0,0,0,1,eta-desc,0,0,1057,0,0,0,0,0,0,12158,0,0,0,0,0,800,12159,,,129.00000000,132.92300000,,,286.30000000,285.97000000,0.02122596,0.05423014,,,,
fpp_new_instances_scaling_new20x20,,case07,new20x20,new20x20,shortest_path,FPP-SAA,expected,expected,0.01,0.9,1.0,20267929,400,1000,0.125000,0.872500,0.000000,0.000000,0.002500,0.134000,0.850000,0.000000,0.000000,0.016000,0.125000,0.872500,0.000000,0.000000,0.002500,1800,1,Optimal,,1,129.00000000,129.00000000,0.00000000,485.62678242,489.317043,0,0,,,,0.00000000,0.00000000,0,0,0,0,0,0,0,0,0,,0,0,0,0,0,0,0,0,0,0,0,0,0,0,0,160400,112725,,,129.00000000,132.92300000,,,286.30000000,285.97000000,0.03485940,0.08617192,,,,
fpp_new_instances_scaling_new20x20,,case07,new20x20,new20x20,shortest_path,FPP-Branch-Benders-Combinatorial-MeanCVaR,mean_cvar,mean-cvar,0.01,0.9,0.5,20267929,400,1000,0.125000,0.872500,0.000000,0.000000,0.002500,0.134000,0.850000,0.000000,0.000000,0.016000,0.125000,0.872500,0.000000,0.000000,0.002500,1800,1,Optimal,,1,200.33000000,200.33000000,0.00000000,76.18119494,80.710933,99,52303,,,,0.00000000,0.00000000,0,0,0,0,0,0,0,0,1,eta-asc,0,0,797,0,0,0,0,0,0,18343,0,0,0,0,0,1201,18744,,,129.36000000,133.25700000,,,271.30000000,285.15000000,0.03889370,0.10569271,,,,
fpp_new_instances_scaling_new20x20,,case07,new20x20,new20x20,shortest_path,FPP-Branch-Benders-Combinatorial-MeanCVaR-EtaDesc,mean_cvar,mean-cvar,0.01,0.9,0.5,20267929,400,1000,0.125000,0.872500,0.000000,0.000000,0.002500,0.134000,0.850000,0.000000,0.000000,0.016000,0.125000,0.872500,0.000000,0.000000,0.002500,1800,1,Optimal,,1,200.33000000,200.33000000,0.00000000,57.33365866,60.940943,102,40953,,,,0.00000000,0.00000000,0,0,0,0,0,0,0,0,1,eta-desc,0,0,198,0,0,0,0,0,0,11363,0,0,0,0,0,1201,11764,,,129.36000000,133.25700000,,,271.30000000,285.15000000,0.02819870,0.07472715,,,,
fpp_new_instances_scaling_new20x20,,case08,new20x20,new20x20,shortest_path,FPP-Branch-Benders-CVaR-RootCuts,cvar,cvar,0.01,0.9,1.0,20268929,400,1000,0.100000,0.890000,0.000000,0.000000,0.010000,0.134000,0.850000,0.000000,0.000000,0.016000,0.100000,0.890000,0.000000,0.000000,0.010000,1800,1,Optimal,,1,260.87500000,260.64538981,0.00088015,22.47136117,26.666959,999,53546,,,,0.00000000,0.00000000,0,1,0,0,0,0,0,0,0,,0,0,5073,,0,0,0,0,0,0,0,0,0,0,0,1201,5756,,,136.24750000,141.22700000,,,260.87500000,267.82000000,0.03752196,0.09873505,,,,
fpp_new_instances_scaling_new20x20,,case08,new20x20,new20x20,shortest_path,FPP-Branch-Benders-Combinatorial-CVaR,cvar,cvar,0.01,0.9,1.0,20268929,400,1000,0.100000,0.890000,0.000000,0.000000,0.010000,0.134000,0.850000,0.000000,0.000000,0.016000,0.100000,0.890000,0.000000,0.000000,0.010000,1800,1,Optimal,,1,260.87500000,260.87500000,0.00000000,80.82142351,85.649687,120,32374,,,,0.00000000,0.00000000,0,0,0,0,0,0,0,0,1,eta-asc,0,0,483,0,0,0,0,0,0,10181,0,0,0,0,0,1201,10582,,,136.24750000,141.22700000,,,260.87500000,267.82000000,0.04294085,0.11588211,,,,
fpp_new_instances_scaling_new20x20,,case08,new20x20,new20x20,shortest_path,FPP-Branch-Benders-Combinatorial-CVaR-EtaDesc,cvar,cvar,0.01,0.9,1.0,20268929,400,1000,0.100000,0.890000,0.000000,0.000000,0.010000,0.134000,0.850000,0.000000,0.000000,0.016000,0.100000,0.890000,0.000000,0.000000,0.010000,1800,1,Optimal,,1,260.87500000,260.87500000,0.00000000,62.86618075,67.311290,120,30527,,,,0.00000000,0.00000000,0,0,0,0,0,0,0,0,1,eta-desc,0,0,243,0,0,0,0,0,0,8707,0,0,0,0,0,1201,9108,,,136.24750000,141.22700000,,,260.87500000,267.82000000,0.03945136,0.11060710,,,,
fpp_new_instances_scaling_new20x20,,case08,new20x20,new20x20,shortest_path,FPP-SAA-CVaR,cvar,cvar,0.01,0.9,1.0,20268929,400,1000,0.100000,0.890000,0.000000,0.000000,0.010000,0.134000,0.850000,0.000000,0.000000,0.016000,0.100000,0.890000,0.000000,0.000000,0.010000,1800,1,Feasible,,1,260.87500000,241.42286198,0.07456498,1800.21028195,1805.424202,10,0,,,,0.00000000,0.00000000,0,0,0,0,0,0,0,0,0,,0,0,0,0,0,0,0,0,0,0,0,0,0,0,0,160801,108472,,,136.24750000,141.22700000,,,260.87500000,267.82000000,0.04677337,0.12078423,,,,
fpp_new_instances_scaling_new20x20,,case08,new20x20,new20x20,shortest_path,FPP-Branch-Benders-Combinatorial,expected,expected,0.01,0.9,1.0,20268929,400,1000,0.100000,0.890000,0.000000,0.000000,0.010000,0.134000,0.850000,0.000000,0.000000,0.016000,0.100000,0.890000,0.000000,0.000000,0.010000,1800,1,Optimal,,1,131.30500000,131.30500000,0.00000000,23.83160383,27.492934,23,9861,,,,0.00000000,0.00000000,0,0,0,0,0,0,0,0,1,eta-asc,0,0,1311,0,0,0,0,0,0,10717,0,0,0,0,0,800,10718,,,131.30500000,131.97900000,,,275.65000000,276.19000000,0.03468574,0.08803667,,,,
fpp_new_instances_scaling_new20x20,,case08,new20x20,new20x20,shortest_path,FPP-Branch-Benders-Combinatorial-EtaDesc,expected,expected,0.01,0.9,1.0,20268929,400,1000,0.100000,0.890000,0.000000,0.000000,0.010000,0.134000,0.850000,0.000000,0.000000,0.016000,0.100000,0.890000,0.000000,0.000000,0.010000,1800,1,Optimal,,1,131.30500000,131.30500000,0.00000000,27.56810825,31.297281,25,11458,,,,0.00000000,0.00000000,0,0,0,0,0,0,0,0,1,eta-desc,0,0,1400,0,0,0,0,0,0,11363,0,0,0,0,0,800,11364,,,131.30500000,131.97900000,,,275.65000000,276.19000000,0.03264762,0.08400133,,,,
fpp_new_instances_scaling_new20x20,,case08,new20x20,new20x20,shortest_path,FPP-SAA,expected,expected,0.01,0.9,1.0,20268929,400,1000,0.100000,0.890000,0.000000,0.000000,0.010000,0.134000,0.850000,0.000000,0.000000,0.016000,0.100000,0.890000,0.000000,0.000000,0.010000,1800,1,Optimal,,1,131.30500000,131.30500000,0.00000000,949.08895949,954.689603,11,0,,,,0.00000000,0.00000000,0,0,0,0,0,0,0,0,0,,0,0,0,0,0,0,0,0,0,0,0,0,0,0,0,160400,108072,,,131.30500000,131.97900000,,,275.65000000,276.19000000,0.04841348,0.11960957,,,,
fpp_new_instances_scaling_new20x20,,case08,new20x20,new20x20,shortest_path,FPP-Branch-Benders-Combinatorial-MeanCVaR,mean_cvar,mean-cvar,0.01,0.9,0.5,20268929,400,1000,0.100000,0.890000,0.000000,0.000000,0.010000,0.134000,0.850000,0.000000,0.000000,0.016000,0.100000,0.890000,0.000000,0.000000,0.010000,1800,1,Optimal,,1,198.56125000,198.56125000,0.00000000,79.30513987,84.217561,79,47264,,,,0.00000000,0.00000000,0,0,0,0,0,0,0,0,1,eta-asc,0,0,461,0,0,0,0,0,0,15990,0,0,0,0,0,1201,16391,,,136.24750000,141.22700000,,,260.87500000,267.82000000,0.03987876,0.10857499,,,,
fpp_new_instances_scaling_new20x20,,case08,new20x20,new20x20,shortest_path,FPP-Branch-Benders-Combinatorial-MeanCVaR-EtaDesc,mean_cvar,mean-cvar,0.01,0.9,0.5,20268929,400,1000,0.100000,0.890000,0.000000,0.000000,0.010000,0.134000,0.850000,0.000000,0.000000,0.016000,0.100000,0.890000,0.000000,0.000000,0.010000,1800,1,Optimal,,1,198.56125000,198.56125000,0.00000000,52.08557895,55.688936,83,42236,,,,0.00000000,0.00000000,0,0,0,0,0,0,0,0,1,eta-desc,0,0,380,0,0,0,0,0,0,10676,0,0,0,0,0,1201,11077,,,136.24750000,141.22700000,,,260.87500000,267.82000000,0.02988889,0.07506441,,,,
fpp_new_instances_scaling_new20x20,,case09,new20x20,new20x20,shortest_path,FPP-Branch-Benders-CVaR-RootCuts,cvar,cvar,0.01,0.9,1.0,20269929,400,1000,0.122500,0.872500,0.000000,0.000000,0.005000,0.134000,0.850000,0.000000,0.000000,0.016000,0.122500,0.872500,0.000000,0.000000,0.005000,1800,1,Optimal,,1,262.95000000,262.69058678,0.00098655,24.69482831,28.225614,1668,92159,,,,0.00000000,0.00000000,0,1,0,0,0,0,0,0,0,,0,0,5902,,0,0,0,0,0,0,0,0,0,0,0,1201,6588,,,142.34500000,141.22700000,,,262.95000000,267.82000000,0.03511063,0.07988547,,,,
fpp_new_instances_scaling_new20x20,,case09,new20x20,new20x20,shortest_path,FPP-Branch-Benders-Combinatorial-CVaR,cvar,cvar,0.01,0.9,1.0,20269929,400,1000,0.122500,0.872500,0.000000,0.000000,0.005000,0.134000,0.850000,0.000000,0.000000,0.016000,0.122500,0.872500,0.000000,0.000000,0.005000,1800,1,Optimal,,1,262.95000000,262.95000000,0.00000000,90.01054611,95.416389,122,33593,,,,0.00000000,0.00000000,0,0,0,0,0,0,0,0,1,eta-asc,0,0,559,0,0,0,0,0,0,9770,0,0,0,0,0,1201,10171,,,142.34500000,141.22700000,,,262.95000000,267.82000000,0.05055781,0.12790367,,,,
fpp_new_instances_scaling_new20x20,,case09,new20x20,new20x20,shortest_path,FPP-Branch-Benders-Combinatorial-CVaR-EtaDesc,cvar,cvar,0.01,0.9,1.0,20269929,400,1000,0.122500,0.872500,0.000000,0.000000,0.005000,0.134000,0.850000,0.000000,0.000000,0.016000,0.122500,0.872500,0.000000,0.000000,0.005000,1800,1,Optimal,,1,262.95000000,262.95000000,0.00000000,75.16458783,80.107986,129,30276,,,,0.00000000,0.00000000,0,0,0,0,0,0,0,0,1,eta-desc,0,0,320,0,0,0,0,0,0,8565,0,0,0,0,0,1201,8966,,,142.34500000,141.22700000,,,262.95000000,267.82000000,0.04778705,0.11804673,,,,
fpp_new_instances_scaling_new20x20,,case09,new20x20,new20x20,shortest_path,FPP-SAA-CVaR,cvar,cvar,0.01,0.9,1.0,20269929,400,1000,0.122500,0.872500,0.000000,0.000000,0.005000,0.134000,0.850000,0.000000,0.000000,0.016000,0.122500,0.872500,0.000000,0.000000,0.005000,1800,1,Feasible,,1,399.00000000,245.21233858,0.38543274,1800.07361711,1805.407214,5,0,,,,0.00000000,0.00000000,0,0,0,0,0,0,0,0,0,,0,0,0,0,0,0,0,0,0,0,0,0,0,0,0,160801,113016,,,239.83000000,236.75600000,,,393.17500000,393.18000000,0.08423033,0.20325693,,,,
fpp_new_instances_scaling_new20x20,,case09,new20x20,new20x20,shortest_path,FPP-Branch-Benders-Combinatorial,expected,expected,0.01,0.9,1.0,20269929,400,1000,0.122500,0.872500,0.000000,0.000000,0.005000,0.134000,0.850000,0.000000,0.000000,0.016000,0.122500,0.872500,0.000000,0.000000,0.005000,1800,1,Optimal,,1,132.01250000,132.01250000,0.00000000,25.12963261,30.370588,7,6837,,,,0.00000000,0.00000000,0,0,0,0,0,0,0,0,1,eta-asc,0,0,800,0,0,0,0,0,0,9223,0,0,0,0,0,800,9224,,,132.01250000,132.92300000,,,286.80000000,285.97000000,0.05086127,0.12460973,,,,
fpp_new_instances_scaling_new20x20,,case09,new20x20,new20x20,shortest_path,FPP-Branch-Benders-Combinatorial-EtaDesc,expected,expected,0.01,0.9,1.0,20269929,400,1000,0.122500,0.872500,0.000000,0.000000,0.005000,0.134000,0.850000,0.000000,0.000000,0.016000,0.122500,0.872500,0.000000,0.000000,0.005000,1800,1,Optimal,,1,132.01250000,132.01250000,0.00000000,24.97981356,28.789177,7,10698,,,,0.00000000,0.00000000,0,0,0,0,0,0,0,0,1,eta-desc,0,0,1380,0,0,0,0,0,0,17719,0,0,0,0,0,800,17720,,,132.01250000,132.92300000,,,286.80000000,285.97000000,0.03350468,0.08298693,,,,
fpp_new_instances_scaling_new20x20,,case09,new20x20,new20x20,shortest_path,FPP-SAA,expected,expected,0.01,0.9,1.0,20269929,400,1000,0.122500,0.872500,0.000000,0.000000,0.005000,0.134000,0.850000,0.000000,0.000000,0.016000,0.122500,0.872500,0.000000,0.000000,0.005000,1800,1,Optimal,,1,132.01250000,132.01250000,0.00000000,706.88363091,711.648592,5,0,,,,0.00000000,0.00000000,0,0,0,0,0,0,0,0,0,,0,0,0,0,0,0,0,0,0,0,0,0,0,0,0,160400,112616,,,132.01250000,132.92300000,,,286.80000000,285.97000000,0.04869895,0.12221317,,,,
fpp_new_instances_scaling_new20x20,,case09,new20x20,new20x20,shortest_path,FPP-Branch-Benders-Combinatorial-MeanCVaR,mean_cvar,mean-cvar,0.01,0.9,0.5,20269929,400,1000,0.122500,0.872500,0.000000,0.000000,0.005000,0.134000,0.850000,0.000000,0.000000,0.016000,0.122500,0.872500,0.000000,0.000000,0.005000,1800,1,Optimal,,1,201.35625000,201.35625000,0.00000000,64.02035142,68.732155,54,31022,,,,0.00000000,0.00000000,0,0,0,0,0,0,0,0,1,eta-asc,0,0,530,0,0,0,0,0,0,16124,0,0,0,0,0,1201,16525,,,137.13750000,134.99400000,,,265.57500000,267.83000000,0.04675441,0.11676663,,,,
fpp_new_instances_scaling_new20x20,,case09,new20x20,new20x20,shortest_path,FPP-Branch-Benders-Combinatorial-MeanCVaR-EtaDesc,mean_cvar,mean-cvar,0.01,0.9,0.5,20269929,400,1000,0.122500,0.872500,0.000000,0.000000,0.005000,0.134000,0.850000,0.000000,0.000000,0.016000,0.122500,0.872500,0.000000,0.000000,0.005000,1800,1,Optimal,,1,201.35625000,201.35625000,0.00000000,39.30004523,42.924095,49,21344,,,,0.00000000,0.00000000,0,0,0,0,0,0,0,0,1,eta-desc,0,0,420,0,0,0,0,0,0,8205,0,0,0,0,0,1201,8606,,,137.13750000,134.99400000,,,265.57500000,267.83000000,0.03061424,0.07449389,,,,
fpp_new_instances_scaling_new20x20,,case00,new20x20,new20x20,shortest_path,FPP-Branch-Benders-CVaR-RootCuts,cvar,cvar,0.02,0.9,1.0,20260929,400,1000,0.142500,0.852500,0.000000,0.000000,0.005000,0.134000,0.850000,0.000000,0.000000,0.016000,0.142500,0.852500,0.000000,0.000000,0.005000,1800,1,Feasible,,1,187.52500000,170.22375895,0.09226098,1800.59239084,1806.090430,29580,2248826,,,,0.00000000,0.00000000,0,1,0,0,0,0,0,0,0,,0,0,17013,,0,0,0,0,0,0,0,0,0,0,0,1201,17699,,,96.93000000,98.78500000,,,187.52500000,195.98000000,0.03496849,0.08518887,,,,
fpp_new_instances_scaling_new20x20,,case00,new20x20,new20x20,shortest_path,FPP-Branch-Benders-Combinatorial-CVaR,cvar,cvar,0.02,0.9,1.0,20260929,400,1000,0.142500,0.852500,0.000000,0.000000,0.005000,0.134000,0.850000,0.000000,0.000000,0.016000,0.142500,0.852500,0.000000,0.000000,0.005000,1800,1,Feasible,,1,187.27500000,179.05181561,0.04390968,1817.12777000,1821.972519,959,336820,,,,0.00000000,0.00000000,0,0,0,0,0,0,0,0,1,eta-asc,0,0,1099,0,0,0,0,0,0,53367,0,0,0,0,0,1201,53768,,,97.42000000,99.43200000,,,187.27500000,195.95000000,0.03927681,0.09371849,,,,
fpp_new_instances_scaling_new20x20,,case00,new20x20,new20x20,shortest_path,FPP-Branch-Benders-Combinatorial-CVaR-EtaDesc,cvar,cvar,0.02,0.9,1.0,20260929,400,1000,0.142500,0.852500,0.000000,0.000000,0.005000,0.134000,0.850000,0.000000,0.000000,0.016000,0.142500,0.852500,0.000000,0.000000,0.005000,1800,1,Feasible,,1,187.27500000,177.12216916,0.05421349,1817.29402940,1822.402572,681,333250,,,,0.00000000,0.00000000,0,0,0,0,0,0,0,0,1,eta-desc,0,0,591,0,0,0,0,0,0,58333,0,0,0,0,0,1201,58734,,,97.42000000,99.43200000,,,187.27500000,195.95000000,0.03597158,0.09123388,,,,
fpp_new_instances_scaling_new20x20,,case00,new20x20,new20x20,shortest_path,FPP-SAA-CVaR,cvar,cvar,0.02,0.9,1.0,20260929,400,1000,0.142500,0.852500,0.000000,0.000000,0.005000,0.134000,0.850000,0.000000,0.000000,0.016000,0.142500,0.852500,0.000000,0.000000,0.005000,1800,1,Feasible,,1,375.00000000,164.64791764,0.56093889,1800.11240982,1805.318510,8,0,,,,0.00000000,0.00000000,0,0,0,0,0,0,0,0,0,,0,0,0,0,0,0,0,0,0,0,0,0,0,0,0,160801,111692,,,116.72750000,116.26800000,,,247.80000000,248.65000000,0.04354574,0.10865968,,,,
fpp_new_instances_scaling_new20x20,,case00,new20x20,new20x20,shortest_path,FPP-Branch-Benders-Combinatorial,expected,expected,0.02,0.9,1.0,20260929,400,1000,0.142500,0.852500,0.000000,0.000000,0.005000,0.134000,0.850000,0.000000,0.000000,0.016000,0.142500,0.852500,0.000000,0.000000,0.005000,1800,1,Optimal,,1,91.17000000,91.17000000,0.00000000,44.77649030,49.368477,35,33079,,,,0.00000000,0.00000000,0,0,0,0,0,0,0,0,1,eta-asc,0,0,1000,0,0,0,0,0,0,25874,0,0,0,0,0,800,25875,,,91.17000000,91.01100000,,,209.65000000,209.23000000,0.02812478,0.07509559,,,,
fpp_new_instances_scaling_new20x20,,case00,new20x20,new20x20,shortest_path,FPP-Branch-Benders-Combinatorial-EtaDesc,expected,expected,0.02,0.9,1.0,20260929,400,1000,0.142500,0.852500,0.000000,0.000000,0.005000,0.134000,0.850000,0.000000,0.000000,0.016000,0.142500,0.852500,0.000000,0.000000,0.005000,1800,1,Optimal,,1,91.17000000,91.17000000,0.00000000,53.29576626,57.864048,31,41943,,,,0.00000000,0.00000000,0,0,0,0,0,0,0,0,1,eta-desc,0,0,1240,0,0,0,0,0,0,50196,0,0,0,0,0,800,50197,,,91.17000000,91.01100000,,,209.65000000,209.23000000,0.03064230,0.07585882,,,,
fpp_new_instances_scaling_new20x20,,case00,new20x20,new20x20,shortest_path,FPP-SAA,expected,expected,0.02,0.9,1.0,20260929,400,1000,0.142500,0.852500,0.000000,0.000000,0.005000,0.134000,0.850000,0.000000,0.000000,0.016000,0.142500,0.852500,0.000000,0.000000,0.005000,1800,1,Optimal,,1,91.17000000,91.17000000,0.00000000,525.93269763,529.232229,24,0,,,,0.00000000,0.00000000,0,0,0,0,0,0,0,0,0,,0,0,0,0,0,0,0,0,0,0,0,0,0,0,0,160400,111292,,,91.17000000,91.01100000,,,209.65000000,209.23000000,0.02209725,0.05383152,,,,
fpp_new_instances_scaling_new20x20,,case00,new20x20,new20x20,shortest_path,FPP-Branch-Benders-Combinatorial-MeanCVaR,mean_cvar,mean-cvar,0.02,0.9,0.5,20260929,400,1000,0.142500,0.852500,0.000000,0.000000,0.005000,0.134000,0.850000,0.000000,0.000000,0.016000,0.142500,0.852500,0.000000,0.000000,0.005000,1800,1,Feasible,,1,140.92500000,138.55904885,0.01678873,1820.17214788,1824.831891,395,348230,,,,0.00000000,0.00000000,0,0,0,0,0,0,0,0,1,eta-asc,0,0,1077,0,0,0,0,0,0,97695,0,0,0,0,0,1201,98096,,,93.95000000,94.36700000,,,187.90000000,188.52000000,0.03370962,0.08815979,,,,
fpp_new_instances_scaling_new20x20,,case00,new20x20,new20x20,shortest_path,FPP-Branch-Benders-Combinatorial-MeanCVaR-EtaDesc,mean_cvar,mean-cvar,0.02,0.9,0.5,20260929,400,1000,0.142500,0.852500,0.000000,0.000000,0.005000,0.134000,0.850000,0.000000,0.000000,0.016000,0.142500,0.852500,0.000000,0.000000,0.005000,1800,1,Optimal,,1,140.92500000,140.78702121,0.00097909,662.08514816,666.986676,449,288108,,,,0.00000000,0.00000000,0,0,0,0,0,0,0,0,1,eta-desc,0,0,441,0,0,0,0,0,0,48639,0,0,0,0,0,1201,49040,,,93.95000000,94.36700000,,,187.90000000,188.52000000,0.03491806,0.08535784,,,,
fpp_new_instances_scaling_new20x20,,case01,new20x20,new20x20,shortest_path,FPP-Branch-Benders-CVaR-RootCuts,cvar,cvar,0.02,0.9,1.0,20261929,400,1000,0.142500,0.855000,0.000000,0.000000,0.002500,0.134000,0.850000,0.000000,0.000000,0.016000,0.142500,0.855000,0.000000,0.000000,0.002500,1800,1,Feasible,,1,194.67500000,164.74229354,0.15375732,1800.56164505,1807.148519,13762,1288861,,,,0.00000000,0.00000000,0,1,0,0,0,0,0,0,0,,0,0,25857,,0,0,0,0,0,0,0,0,0,0,0,1201,26542,,,101.85750000,102.47900000,,,194.67500000,204.35000000,0.04038377,0.10266609,,,,
fpp_new_instances_scaling_new20x20,,case01,new20x20,new20x20,shortest_path,FPP-Branch-Benders-Combinatorial-CVaR,cvar,cvar,0.02,0.9,1.0,20261929,400,1000,0.142500,0.855000,0.000000,0.000000,0.002500,0.134000,0.850000,0.000000,0.000000,0.016000,0.142500,0.855000,0.000000,0.000000,0.002500,1800,1,Feasible,,1,191.35000000,176.99828041,0.07500245,1818.75665243,1823.625718,766,337338,,,,0.00000000,0.00000000,0,0,0,0,0,0,0,0,1,eta-asc,0,0,795,0,0,0,0,0,0,51654,0,0,0,0,0,1201,52055,,,96.14500000,96.71100000,,,191.35000000,194.90000000,0.03455711,0.08734820,,,,
fpp_new_instances_scaling_new20x20,,case01,new20x20,new20x20,shortest_path,FPP-Branch-Benders-Combinatorial-CVaR-EtaDesc,cvar,cvar,0.02,0.9,1.0,20261929,400,1000,0.142500,0.855000,0.000000,0.000000,0.002500,0.134000,0.850000,0.000000,0.000000,0.016000,0.142500,0.855000,0.000000,0.000000,0.002500,1800,1,Feasible,,1,187.75000000,177.27180416,0.05580930,1817.15183367,1821.992859,607,347824,,,,0.00000000,0.00000000,0,0,0,0,0,0,0,0,1,eta-desc,0,0,437,0,0,0,0,0,0,53735,0,0,0,0,0,1201,54136,,,100.70250000,100.88600000,,,187.75000000,189.35000000,0.03549564,0.07902741,,,,
fpp_new_instances_scaling_new20x20,,case01,new20x20,new20x20,shortest_path,FPP-SAA-CVaR,cvar,cvar,0.02,0.9,1.0,20261929,400,1000,0.142500,0.855000,0.000000,0.000000,0.002500,0.134000,0.850000,0.000000,0.000000,0.016000,0.142500,0.855000,0.000000,0.000000,0.002500,1800,1,Feasible,,1,378.00000000,164.16683929,0.56569619,1800.18068858,1805.190684,4,0,,,,0.00000000,0.00000000,0,0,0,0,0,0,0,0,0,,0,0,0,0,0,0,0,0,0,0,0,0,0,0,0,160801,110130,,,115.94000000,119.37400000,,,258.77500000,263.07000000,0.04394086,0.10994329,,,,
fpp_new_instances_scaling_new20x20,,case01,new20x20,new20x20,shortest_path,FPP-Branch-Benders-Combinatorial,expected,expected,0.02,0.9,1.0,20261929,400,1000,0.142500,0.855000,0.000000,0.000000,0.002500,0.134000,0.850000,0.000000,0.000000,0.016000,0.142500,0.855000,0.000000,0.000000,0.002500,1800,1,Optimal,,1,92.15000000,92.15000000,0.00000000,53.57058884,58.599255,13,27287,,,,0.00000000,0.00000000,0,0,0,0,0,0,0,0,1,eta-asc,0,0,600,0,0,0,0,0,0,31726,0,0,0,0,0,800,31727,,,92.15000000,93.78600000,,,203.35000000,204.94000000,0.03231873,0.08093670,,,,
fpp_new_instances_scaling_new20x20,,case01,new20x20,new20x20,shortest_path,FPP-Branch-Benders-Combinatorial-EtaDesc,expected,expected,0.02,0.9,1.0,20261929,400,1000,0.142500,0.855000,0.000000,0.000000,0.002500,0.134000,0.850000,0.000000,0.000000,0.016000,0.142500,0.855000,0.000000,0.000000,0.002500,1800,1,Optimal,,1,92.15000000,92.15000000,0.00000000,69.13970433,72.334479,13,39437,,,,0.00000000,0.00000000,0,0,0,0,0,0,0,0,1,eta-desc,0,0,1360,0,0,0,0,0,0,56861,0,0,0,0,0,800,56862,,,92.15000000,93.78600000,,,203.35000000,204.94000000,0.02092601,0.05080752,,,,
fpp_new_instances_scaling_new20x20,,case01,new20x20,new20x20,shortest_path,FPP-SAA,expected,expected,0.02,0.9,1.0,20261929,400,1000,0.142500,0.855000,0.000000,0.000000,0.002500,0.134000,0.850000,0.000000,0.000000,0.016000,0.142500,0.855000,0.000000,0.000000,0.002500,1800,1,Optimal,,1,92.15000000,92.13250000,0.00018991,480.40998113,484.087581,20,0,,,,0.00000000,0.00000000,0,0,0,0,0,0,0,0,0,,0,0,0,0,0,0,0,0,0,0,0,0,0,0,0,160400,109730,,,92.15000000,93.78600000,,,203.35000000,204.94000000,0.03098200,0.06150271,,,,
fpp_new_instances_scaling_new20x20,,case01,new20x20,new20x20,shortest_path,FPP-Branch-Benders-Combinatorial-MeanCVaR,mean_cvar,mean-cvar,0.02,0.9,0.5,20261929,400,1000,0.142500,0.855000,0.000000,0.000000,0.002500,0.134000,0.850000,0.000000,0.000000,0.016000,0.142500,0.855000,0.000000,0.000000,0.002500,1800,1,Feasible,,1,143.91375000,137.05633450,0.04764948,1819.78791942,1824.446209,189,391536,,,,0.00000000,0.00000000,0,0,0,0,0,0,0,0,1,eta-asc,0,0,1141,0,0,0,0,0,0,80910,0,0,0,0,0,1201,81311,,,94.07750000,93.22800000,,,193.75000000,193.51000000,0.03399396,0.08374230,,,,
fpp_new_instances_scaling_new20x20,,case01,new20x20,new20x20,shortest_path,FPP-Branch-Benders-Combinatorial-MeanCVaR-EtaDesc,mean_cvar,mean-cvar,0.02,0.9,0.5,20261929,400,1000,0.142500,0.855000,0.000000,0.000000,0.002500,0.134000,0.850000,0.000000,0.000000,0.016000,0.142500,0.855000,0.000000,0.000000,0.002500,1800,1,Feasible,,1,143.04500000,141.65357762,0.00972717,1824.55840413,1829.377503,662,420438,,,,0.00000000,0.00000000,0,0,0,0,0,0,0,0,1,eta-desc,0,0,598,0,0,0,0,0,0,67763,0,0,0,0,0,1201,68164,,,96.39000000,96.89900000,,,189.70000000,191.09000000,0.03291418,0.07911907,,,,
fpp_new_instances_scaling_new20x20,,case02,new20x20,new20x20,shortest_path,FPP-Branch-Benders-CVaR-RootCuts,cvar,cvar,0.02,0.9,1.0,20262929,400,1000,0.097500,0.902500,0.000000,0.000000,0.000000,0.134000,0.850000,0.000000,0.000000,0.016000,0.097500,0.902500,0.000000,0.000000,0.000000,1800,1,Feasible,,1,184.45000000,169.59593329,0.08053167,1800.84674933,1806.436629,28860,2468505,,,,0.00000000,0.00000000,0,1,0,0,0,0,0,0,0,,0,0,16056,,0,0,0,0,0,0,0,0,0,0,0,1201,16765,,,102.69500000,99.42600000,,,184.45000000,193.86000000,0.03132301,0.08676090,,,,
fpp_new_instances_scaling_new20x20,,case02,new20x20,new20x20,shortest_path,FPP-Branch-Benders-Combinatorial-CVaR,cvar,cvar,0.02,0.9,1.0,20262929,400,1000,0.097500,0.902500,0.000000,0.000000,0.000000,0.134000,0.850000,0.000000,0.000000,0.016000,0.097500,0.902500,0.000000,0.000000,0.000000,1800,1,Feasible,,1,183.92500000,181.79797534,0.01156463,1817.03967614,1821.933505,1174,351504,,,,0.00000000,0.00000000,0,0,0,0,0,0,0,0,1,eta-asc,0,0,719,0,0,0,0,0,0,50160,0,0,0,0,0,1201,50561,,,101.21500000,98.31700000,,,183.92500000,193.15000000,0.03889736,0.09082727,,,,
fpp_new_instances_scaling_new20x20,,case02,new20x20,new20x20,shortest_path,FPP-Branch-Benders-Combinatorial-CVaR-EtaDesc,cvar,cvar,0.02,0.9,1.0,20262929,400,1000,0.097500,0.902500,0.000000,0.000000,0.000000,0.134000,0.850000,0.000000,0.000000,0.016000,0.097500,0.902500,0.000000,0.000000,0.000000,1800,1,Feasible,,1,206.22500000,161.48288044,0.21695779,1818.20491131,1823.109414,0,2874,,,,0.00000000,0.00000000,0,0,0,0,0,0,0,0,1,eta-desc,0,0,120,0,0,0,0,0,0,22479,0,0,0,0,0,1201,22880,,,95.05250000,90.82100000,,,206.22500000,203.05000000,0.03344822,0.08295040,,,,
fpp_new_instances_scaling_new20x20,,case02,new20x20,new20x20,shortest_path,FPP-SAA-CVaR,cvar,cvar,0.02,0.9,1.0,20262929,400,1000,0.097500,0.902500,0.000000,0.000000,0.000000,0.134000,0.850000,0.000000,0.000000,0.016000,0.097500,0.902500,0.000000,0.000000,0.000000,1800,1,Feasible,,1,393.00000000,161.82843980,0.58822280,1800.26322172,1805.489712,0,0,,,,0.00000000,0.00000000,0,0,0,0,0,0,0,0,0,,0,0,0,0,0,0,0,0,0,0,0,0,0,0,0,160801,118277,,,153.31500000,143.40100000,,,304.95000000,294.29000000,0.05309378,0.13331845,,,,
fpp_new_instances_scaling_new20x20,,case02,new20x20,new20x20,shortest_path,FPP-Branch-Benders-Combinatorial,expected,expected,0.02,0.9,1.0,20262929,400,1000,0.097500,0.902500,0.000000,0.000000,0.000000,0.134000,0.850000,0.000000,0.000000,0.016000,0.097500,0.902500,0.000000,0.000000,0.000000,1800,1,Optimal,,1,95.05250000,95.05250000,0.00000000,42.14296169,47.036025,27,29730,,,,0.00000000,0.00000000,0,0,0,0,0,0,0,0,1,eta-asc,0,0,640,0,0,0,0,0,0,21070,0,0,0,0,0,800,21071,,,95.05250000,90.82100000,,,206.22500000,203.05000000,0.03438385,0.08113464,,,,
fpp_new_instances_scaling_new20x20,,case02,new20x20,new20x20,shortest_path,FPP-Branch-Benders-Combinatorial-EtaDesc,expected,expected,0.02,0.9,1.0,20262929,400,1000,0.097500,0.902500,0.000000,0.000000,0.000000,0.134000,0.850000,0.000000,0.000000,0.016000,0.097500,0.902500,0.000000,0.000000,0.000000,1800,1,Optimal,,1,95.05250000,95.05250000,0.00000000,82.48642923,87.224618,27,48958,,,,0.00000000,0.00000000,0,0,0,0,0,0,0,0,1,eta-desc,0,0,640,0,0,0,0,0,0,63447,0,0,0,0,0,800,63448,,,95.05250000,90.82100000,,,206.22500000,203.05000000,0.03281505,0.07590869,,,,
fpp_new_instances_scaling_new20x20,,case02,new20x20,new20x20,shortest_path,FPP-SAA,expected,expected,0.02,0.9,1.0,20262929,400,1000,0.097500,0.902500,0.000000,0.000000,0.000000,0.134000,0.850000,0.000000,0.000000,0.016000,0.097500,0.902500,0.000000,0.000000,0.000000,1800,1,Optimal,,1,95.05250000,95.05250000,0.00000000,546.00251091,552.049992,13,0,,,,0.00000000,0.00000000,0,0,0,0,0,0,0,0,0,,0,0,0,0,0,0,0,0,0,0,0,0,0,0,0,160400,117877,,,95.05250000,90.82100000,,,206.22500000,203.05000000,0.03732620,0.08930206,,,,
fpp_new_instances_scaling_new20x20,,case02,new20x20,new20x20,shortest_path,FPP-Branch-Benders-Combinatorial-MeanCVaR,mean_cvar,mean-cvar,0.02,0.9,0.5,20262929,400,1000,0.097500,0.902500,0.000000,0.000000,0.000000,0.134000,0.850000,0.000000,0.000000,0.016000,0.097500,0.902500,0.000000,0.000000,0.000000,1800,1,Optimal,,1,142.26250000,142.14308233,0.00083942,1548.65268651,1553.718559,333,359305,,,,0.00000000,0.00000000,0,0,0,0,0,0,0,0,1,eta-asc,0,0,804,0,0,0,0,0,0,100562,0,0,0,0,0,1201,100963,,,100.50000000,97.70000000,,,184.02500000,192.84000000,0.04151948,0.09278882,,,,
fpp_new_instances_scaling_new20x20,,case02,new20x20,new20x20,shortest_path,FPP-Branch-Benders-Combinatorial-MeanCVaR-EtaDesc,mean_cvar,mean-cvar,0.02,0.9,0.5,20262929,400,1000,0.097500,0.902500,0.000000,0.000000,0.000000,0.134000,0.850000,0.000000,0.000000,0.016000,0.097500,0.902500,0.000000,0.000000,0.000000,1800,1,Optimal,,1,142.26250000,142.14667629,0.00081415,886.80377926,892.108565,375,286921,,,,0.00000000,0.00000000,0,0,0,0,0,0,0,0,1,eta-desc,0,0,434,0,0,0,0,0,0,47439,0,0,0,0,0,1201,47840,,,100.50000000,97.70000000,,,184.02500000,192.84000000,0.03855344,0.08523764,,,,
fpp_new_instances_scaling_new20x20,,case03,new20x20,new20x20,shortest_path,FPP-Branch-Benders-CVaR-RootCuts,cvar,cvar,0.02,0.9,1.0,20263929,400,1000,0.140000,0.852500,0.000000,0.000000,0.007500,0.134000,0.850000,0.000000,0.000000,0.016000,0.140000,0.852500,0.000000,0.000000,0.007500,1800,1,Feasible,,1,192.80000000,169.67545105,0.11994061,1800.85536451,1807.361587,31579,2331591,,,,0.00000000,0.00000000,0,1,0,0,0,0,0,0,0,,0,0,25003,,0,0,0,0,0,0,0,0,0,0,0,1201,25686,,,101.17750000,102.70700000,,,192.80000000,209.22000000,0.04127927,0.09677104,,,,
fpp_new_instances_scaling_new20x20,,case03,new20x20,new20x20,shortest_path,FPP-Branch-Benders-Combinatorial-CVaR,cvar,cvar,0.02,0.9,1.0,20263929,400,1000,0.140000,0.852500,0.000000,0.000000,0.007500,0.134000,0.850000,0.000000,0.000000,0.016000,0.140000,0.852500,0.000000,0.000000,0.007500,1800,1,Feasible,,1,192.90000000,176.70836869,0.08393795,1815.84599138,1820.887548,622,349888,,,,0.00000000,0.00000000,0,0,0,0,0,0,0,0,1,eta-asc,0,0,701,0,0,0,0,0,0,62141,0,0,0,0,0,1201,62542,,,100.83500000,98.22600000,,,192.90000000,197.01000000,0.03668184,0.09213360,,,,
fpp_new_instances_scaling_new20x20,,case03,new20x20,new20x20,shortest_path,FPP-Branch-Benders-Combinatorial-CVaR-EtaDesc,cvar,cvar,0.02,0.9,1.0,20263929,400,1000,0.140000,0.852500,0.000000,0.000000,0.007500,0.134000,0.850000,0.000000,0.000000,0.016000,0.140000,0.852500,0.000000,0.000000,0.007500,1800,1,Feasible,,1,194.72500000,177.39198774,0.08901277,1811.70215640,1816.414685,710,407925,,,,0.00000000,0.00000000,0,0,0,0,0,0,0,0,1,eta-desc,0,0,516,0,0,0,0,0,0,66224,0,0,0,0,0,1201,66625,,,104.24500000,103.52800000,,,194.72500000,201.27000000,0.03964523,0.09160701,,,,
fpp_new_instances_scaling_new20x20,,case03,new20x20,new20x20,shortest_path,FPP-SAA-CVaR,cvar,cvar,0.02,0.9,1.0,20263929,400,1000,0.140000,0.852500,0.000000,0.000000,0.007500,0.134000,0.850000,0.000000,0.000000,0.016000,0.140000,0.852500,0.000000,0.000000,0.007500,1800,1,Feasible,,1,372.00000000,165.49897496,0.55511028,1800.18949564,1805.596370,5,0,,,,0.00000000,0.00000000,0,0,0,0,0,0,0,0,0,,0,0,0,0,0,0,0,0,0,0,0,0,0,0,0,160801,110383,,,112.46500000,111.64300000,,,244.72500000,245.83000000,0.03676119,0.09509001,,,,
fpp_new_instances_scaling_new20x20,,case03,new20x20,new20x20,shortest_path,FPP-Branch-Benders-Combinatorial,expected,expected,0.02,0.9,1.0,20263929,400,1000,0.140000,0.852500,0.000000,0.000000,0.007500,0.134000,0.850000,0.000000,0.000000,0.016000,0.140000,0.852500,0.000000,0.000000,0.007500,1800,1,Optimal,,1,92.52250000,92.52250000,0.00000000,46.73153690,51.999980,27,34832,,,,0.00000000,0.00000000,0,0,0,0,0,0,0,0,1,eta-asc,0,0,1120,0,0,0,0,0,0,22657,0,0,0,0,0,800,22658,,,92.52250000,92.01500000,,,206.47500000,204.99000000,0.03115050,0.07497807,,,,
fpp_new_instances_scaling_new20x20,,case03,new20x20,new20x20,shortest_path,FPP-Branch-Benders-Combinatorial-EtaDesc,expected,expected,0.02,0.9,1.0,20263929,400,1000,0.140000,0.852500,0.000000,0.000000,0.007500,0.134000,0.850000,0.000000,0.000000,0.016000,0.140000,0.852500,0.000000,0.000000,0.007500,1800,1,Optimal,,1,92.52250000,92.52250000,0.00000000,58.66504061,61.709012,27,47819,,,,0.00000000,0.00000000,0,0,0,0,0,0,0,0,1,eta-desc,0,0,560,0,0,0,0,0,0,48760,0,0,0,0,0,800,48761,,,92.52250000,92.01500000,,,206.47500000,204.99000000,0.02149810,0.05031443,,,,
fpp_new_instances_scaling_new20x20,,case03,new20x20,new20x20,shortest_path,FPP-SAA,expected,expected,0.02,0.9,1.0,20263929,400,1000,0.140000,0.852500,0.000000,0.000000,0.007500,0.134000,0.850000,0.000000,0.000000,0.016000,0.140000,0.852500,0.000000,0.000000,0.007500,1800,1,Optimal,,1,92.52250000,92.52250000,0.00000000,544.80630822,548.198592,19,0,,,,0.00000000,0.00000000,0,0,0,0,0,0,0,0,0,,0,0,0,0,0,0,0,0,0,0,0,0,0,0,0,160400,109983,,,92.52250000,92.01500000,,,206.47500000,204.99000000,0.02087711,0.05325545,,,,
fpp_new_instances_scaling_new20x20,,case03,new20x20,new20x20,shortest_path,FPP-Branch-Benders-Combinatorial-MeanCVaR,mean_cvar,mean-cvar,0.02,0.9,0.5,20263929,400,1000,0.140000,0.852500,0.000000,0.000000,0.007500,0.134000,0.850000,0.000000,0.000000,0.016000,0.140000,0.852500,0.000000,0.000000,0.007500,1800,1,Feasible,,1,146.01000000,139.06697440,0.04755171,1819.71735007,1824.750988,269,296757,,,,0.00000000,0.00000000,0,0,0,0,0,0,0,0,1,eta-asc,0,0,914,0,0,0,0,0,0,92343,0,0,0,0,0,1201,92744,,,97.24500000,98.25800000,,,194.77500000,201.45000000,0.03658692,0.08195868,,,,
fpp_new_instances_scaling_new20x20,,case03,new20x20,new20x20,shortest_path,FPP-Branch-Benders-Combinatorial-MeanCVaR-EtaDesc,mean_cvar,mean-cvar,0.02,0.9,0.5,20263929,400,1000,0.140000,0.852500,0.000000,0.000000,0.007500,0.134000,0.850000,0.000000,0.000000,0.016000,0.140000,0.852500,0.000000,0.000000,0.007500,1800,1,Feasible,,1,146.27125000,139.92457790,0.04338974,1825.16047942,1829.949470,422,339059,,,,0.00000000,0.00000000,0,0,0,0,0,0,0,0,1,eta-desc,0,0,664,0,0,0,0,0,0,64122,0,0,0,0,0,1201,64523,,,99.01750000,98.00200000,,,193.52500000,199.13000000,0.03525415,0.08925484,,,,
fpp_new_instances_scaling_new20x20,,case04,new20x20,new20x20,shortest_path,FPP-Branch-Benders-CVaR-RootCuts,cvar,cvar,0.02,0.9,1.0,20264929,400,1000,0.105000,0.892500,0.000000,0.000000,0.002500,0.134000,0.850000,0.000000,0.000000,0.016000,0.105000,0.892500,0.000000,0.000000,0.002500,1800,1,Feasible,,1,190.15000000,168.07888538,0.11607213,1800.95952277,1807.351528,24535,2056403,,,,0.00000000,0.00000000,0,1,0,0,0,0,0,0,0,,0,0,24260,,0,0,0,0,0,0,0,0,0,0,0,1201,24960,,,100.55250000,97.60400000,,,190.15000000,193.18000000,0.03790991,0.09445573,,,,
fpp_new_instances_scaling_new20x20,,case04,new20x20,new20x20,shortest_path,FPP-Branch-Benders-Combinatorial-CVaR,cvar,cvar,0.02,0.9,1.0,20264929,400,1000,0.105000,0.892500,0.000000,0.000000,0.002500,0.134000,0.850000,0.000000,0.000000,0.016000,0.105000,0.892500,0.000000,0.000000,0.002500,1800,1,Feasible,,1,186.77500000,180.50448446,0.03357256,1818.68050932,1823.974272,899,354576,,,,0.00000000,0.00000000,0,0,0,0,0,0,0,0,1,eta-asc,0,0,1210,0,0,0,0,0,0,58764,0,0,0,0,0,1201,59165,,,99.65500000,95.90900000,,,186.77500000,190.90000000,0.03690907,0.08891578,,,,
fpp_new_instances_scaling_new20x20,,case04,new20x20,new20x20,shortest_path,FPP-Branch-Benders-Combinatorial-CVaR-EtaDesc,cvar,cvar,0.02,0.9,1.0,20264929,400,1000,0.105000,0.892500,0.000000,0.000000,0.002500,0.134000,0.850000,0.000000,0.000000,0.016000,0.105000,0.892500,0.000000,0.000000,0.002500,1800,1,Feasible,,1,186.77500000,179.73490789,0.03769290,1813.50530601,1816.738704,708,360654,,,,0.00000000,0.00000000,0,0,0,0,0,0,0,0,1,eta-desc,0,0,506,0,0,0,0,0,0,60483,0,0,0,0,0,1201,60884,,,99.65500000,95.90900000,,,186.77500000,190.90000000,0.02399093,0.06699214,,,,
fpp_new_instances_scaling_new20x20,,case04,new20x20,new20x20,shortest_path,FPP-SAA-CVaR,cvar,cvar,0.02,0.9,1.0,20264929,400,1000,0.105000,0.892500,0.000000,0.000000,0.002500,0.134000,0.850000,0.000000,0.000000,0.016000,0.105000,0.892500,0.000000,0.000000,0.002500,1800,1,Feasible,,1,379.00000000,165.18247242,0.56416234,1800.15331433,1805.473440,3,0,,,,0.00000000,0.00000000,0,0,0,0,0,0,0,0,0,,0,0,0,0,0,0,0,0,0,0,0,0,0,0,0,160801,115308,,,130.18000000,124.57600000,,,256.17500000,249.42000000,0.04571952,0.11249784,,,,
fpp_new_instances_scaling_new20x20,,case04,new20x20,new20x20,shortest_path,FPP-Branch-Benders-Combinatorial,expected,expected,0.02,0.9,1.0,20264929,400,1000,0.105000,0.892500,0.000000,0.000000,0.002500,0.134000,0.850000,0.000000,0.000000,0.016000,0.105000,0.892500,0.000000,0.000000,0.002500,1800,1,Optimal,,1,92.71750000,92.71750000,0.00000000,53.50879016,58.365961,21,35488,,,,0.00000000,0.00000000,0,0,0,0,0,0,0,0,1,eta-asc,0,0,600,0,0,0,0,0,0,38521,0,0,0,0,0,800,38522,,,92.71750000,91.01100000,,,212.87500000,209.23000000,0.03281126,0.07804355,,,,
fpp_new_instances_scaling_new20x20,,case04,new20x20,new20x20,shortest_path,FPP-Branch-Benders-Combinatorial-EtaDesc,expected,expected,0.02,0.9,1.0,20264929,400,1000,0.105000,0.892500,0.000000,0.000000,0.002500,0.134000,0.850000,0.000000,0.000000,0.016000,0.105000,0.892500,0.000000,0.000000,0.002500,1800,1,Optimal,,1,92.71750000,92.71750000,0.00000000,99.01562322,103.374648,17,52314,,,,0.00000000,0.00000000,0,0,0,0,0,0,0,0,1,eta-desc,0,0,1000,0,0,0,0,0,0,78260,0,0,0,0,0,800,78261,,,92.71750000,91.01100000,,,212.87500000,209.23000000,0.02829991,0.07047266,,,,
fpp_new_instances_scaling_new20x20,,case04,new20x20,new20x20,shortest_path,FPP-SAA,expected,expected,0.02,0.9,1.0,20264929,400,1000,0.105000,0.892500,0.000000,0.000000,0.002500,0.134000,0.850000,0.000000,0.000000,0.016000,0.105000,0.892500,0.000000,0.000000,0.002500,1800,1,Optimal,,1,92.71750000,92.71750000,0.00000000,332.13924381,336.988493,5,0,,,,0.00000000,0.00000000,0,0,0,0,0,0,0,0,0,,0,0,0,0,0,0,0,0,0,0,0,0,0,0,0,160400,114908,,,92.71750000,91.01100000,,,212.87500000,209.23000000,0.03483269,0.08414986,,,,
fpp_new_instances_scaling_new20x20,,case04,new20x20,new20x20,shortest_path,FPP-Branch-Benders-Combinatorial-MeanCVaR,mean_cvar,mean-cvar,0.02,0.9,0.5,20264929,400,1000,0.105000,0.892500,0.000000,0.000000,0.002500,0.134000,0.850000,0.000000,0.000000,0.016000,0.105000,0.892500,0.000000,0.000000,0.002500,1800,1,Feasible,,1,144.35125000,138.82015622,0.03831691,1815.19304428,1819.784399,239,405670,,,,0.00000000,0.00000000,0,0,0,0,0,0,0,0,1,eta-asc,0,0,1084,0,0,0,0,0,0,102027,0,0,0,0,0,1201,102428,,,97.32750000,93.22800000,,,191.37500000,193.51000000,0.03246543,0.08090714,,,,
fpp_new_instances_scaling_new20x20,,case04,new20x20,new20x20,shortest_path,FPP-Branch-Benders-Combinatorial-MeanCVaR-EtaDesc,mean_cvar,mean-cvar,0.02,0.9,0.5,20264929,400,1000,0.105000,0.892500,0.000000,0.000000,0.002500,0.134000,0.850000,0.000000,0.000000,0.016000,0.105000,0.892500,0.000000,0.000000,0.002500,1800,1,Optimal,,1,143.21500000,143.07316949,0.00099033,1029.06521943,1032.365550,456,337207,,,,0.00000000,0.00000000,0,0,0,0,0,0,0,0,1,eta-desc,0,0,550,0,0,0,0,0,0,55531,0,0,0,0,0,1201,55932,,,99.65500000,95.90900000,,,186.77500000,190.90000000,0.02797123,0.06760448,,,,
fpp_new_instances_scaling_new20x20,,case05,new20x20,new20x20,shortest_path,FPP-Branch-Benders-CVaR-RootCuts,cvar,cvar,0.02,0.9,1.0,20265929,400,1000,0.107500,0.882500,0.000000,0.000000,0.010000,0.134000,0.850000,0.000000,0.000000,0.016000,0.107500,0.882500,0.000000,0.000000,0.010000,1800,1,Feasible,,1,187.95000000,165.76449238,0.11803941,1800.56605200,1806.474480,26316,2222918,,,,0.00000000,0.00000000,0,1,0,0,0,0,0,0,0,,0,0,24383,,0,0,0,0,0,0,0,0,0,0,0,1201,25069,,,104.44750000,103.85000000,,,187.95000000,201.42000000,0.03885167,0.09771553,,,,
fpp_new_instances_scaling_new20x20,,case05,new20x20,new20x20,shortest_path,FPP-Branch-Benders-Combinatorial-CVaR,cvar,cvar,0.02,0.9,1.0,20265929,400,1000,0.107500,0.882500,0.000000,0.000000,0.010000,0.134000,0.850000,0.000000,0.000000,0.016000,0.107500,0.882500,0.000000,0.000000,0.010000,1800,1,Feasible,,1,186.27500000,176.72205147,0.05128412,1817.85039312,1822.864216,759,350811,,,,0.00000000,0.00000000,0,0,0,0,0,0,0,0,1,eta-asc,0,0,893,0,0,0,0,0,0,56357,0,0,0,0,0,1201,56758,,,102.86250000,103.15000000,,,186.27500000,200.14000000,0.03520376,0.09687424,,,,
fpp_new_instances_scaling_new20x20,,case05,new20x20,new20x20,shortest_path,FPP-Branch-Benders-Combinatorial-CVaR-EtaDesc,cvar,cvar,0.02,0.9,1.0,20265929,400,1000,0.107500,0.882500,0.000000,0.000000,0.010000,0.134000,0.850000,0.000000,0.000000,0.016000,0.107500,0.882500,0.000000,0.000000,0.010000,1800,1,Feasible,,1,186.27500000,177.56608402,0.04675300,1817.43100799,1822.486899,839,438767,,,,0.00000000,0.00000000,0,0,0,0,0,0,0,0,1,eta-desc,0,0,336,0,0,0,0,0,0,67457,0,0,0,0,0,1201,67858,,,102.86250000,103.15000000,,,186.27500000,200.14000000,0.03777327,0.09398017,,,,
fpp_new_instances_scaling_new20x20,,case05,new20x20,new20x20,shortest_path,FPP-SAA-CVaR,cvar,cvar,0.02,0.9,1.0,20265929,400,1000,0.107500,0.882500,0.000000,0.000000,0.010000,0.134000,0.850000,0.000000,0.000000,0.016000,0.107500,0.882500,0.000000,0.000000,0.010000,1800,1,Feasible,,1,380.00000000,163.33025948,0.57018353,1800.05597938,1805.444540,3,0,,,,0.00000000,0.00000000,0,0,0,0,0,0,0,0,0,,0,0,0,0,0,0,0,0,0,0,0,0,0,0,0,160801,110193,,,127.07500000,130.01800000,,,276.47500000,275.17000000,0.04876188,0.12119359,,,,
fpp_new_instances_scaling_new20x20,,case05,new20x20,new20x20,shortest_path,FPP-Branch-Benders-Combinatorial,expected,expected,0.02,0.9,1.0,20265929,400,1000,0.107500,0.882500,0.000000,0.000000,0.010000,0.134000,0.850000,0.000000,0.000000,0.016000,0.107500,0.882500,0.000000,0.000000,0.010000,1800,1,Optimal,,1,88.78750000,88.78750000,0.00000000,39.56655587,44.918399,15,22378,,,,0.00000000,0.00000000,0,0,0,0,0,0,0,0,1,eta-asc,0,0,1120,0,0,0,0,0,0,20733,0,0,0,0,0,800,20734,,,88.78750000,92.05700000,,,202.90000000,204.69000000,0.03001096,0.07813229,,,,
fpp_new_instances_scaling_new20x20,,case05,new20x20,new20x20,shortest_path,FPP-Branch-Benders-Combinatorial-EtaDesc,expected,expected,0.02,0.9,1.0,20265929,400,1000,0.107500,0.882500,0.000000,0.000000,0.010000,0.134000,0.850000,0.000000,0.000000,0.016000,0.107500,0.882500,0.000000,0.000000,0.010000,1800,1,Optimal,,1,88.78750000,88.78750000,0.00000000,49.67779096,52.878409,15,33715,,,,0.00000000,0.00000000,0,0,0,0,0,0,0,0,1,eta-desc,0,0,920,0,0,0,0,0,0,43922,0,0,0,0,0,800,43923,,,88.78750000,92.05700000,,,202.90000000,204.69000000,0.02100607,0.05274670,,,,
fpp_new_instances_scaling_new20x20,,case05,new20x20,new20x20,shortest_path,FPP-SAA,expected,expected,0.02,0.9,1.0,20265929,400,1000,0.107500,0.882500,0.000000,0.000000,0.010000,0.134000,0.850000,0.000000,0.000000,0.016000,0.107500,0.882500,0.000000,0.000000,0.010000,1800,1,Optimal,,1,88.78750000,88.78750000,0.00000000,416.51569853,422.066685,3,0,,,,0.00000000,0.00000000,0,0,0,0,0,0,0,0,0,,0,0,0,0,0,0,0,0,0,0,0,0,0,0,0,160400,109793,,,88.78750000,92.05700000,,,202.90000000,204.69000000,0.03560509,0.08818592,,,,
fpp_new_instances_scaling_new20x20,,case05,new20x20,new20x20,shortest_path,FPP-Branch-Benders-Combinatorial-MeanCVaR,mean_cvar,mean-cvar,0.02,0.9,0.5,20265929,400,1000,0.107500,0.882500,0.000000,0.000000,0.010000,0.134000,0.850000,0.000000,0.000000,0.016000,0.107500,0.882500,0.000000,0.000000,0.010000,1800,1,Feasible,,1,141.17125000,137.90342294,0.02314796,1820.40192484,1825.449983,434,510060,,,,0.00000000,0.00000000,0,0,0,0,0,0,0,0,1,eta-asc,0,0,824,0,0,0,0,0,0,110109,0,0,0,0,0,1201,110510,,,94.46750000,95.92800000,,,187.87500000,191.08000000,0.03259373,0.08942384,,,,
fpp_new_instances_scaling_new20x20,,case05,new20x20,new20x20,shortest_path,FPP-Branch-Benders-Combinatorial-MeanCVaR-EtaDesc,mean_cvar,mean-cvar,0.02,0.9,0.5,20265929,400,1000,0.107500,0.882500,0.000000,0.000000,0.010000,0.134000,0.850000,0.000000,0.000000,0.016000,0.107500,0.882500,0.000000,0.000000,0.010000,1800,1,Optimal,,1,140.27750000,140.13735787,0.00099903,654.12957436,657.638669,419,283096,,,,0.00000000,0.00000000,0,0,0,0,0,0,0,0,1,eta-desc,0,0,499,0,0,0,0,0,0,50225,0,0,0,0,0,1201,50626,,,94.03000000,95.80200000,,,186.52500000,191.93000000,0.02641497,0.06652454,,,,
fpp_new_instances_scaling_new20x20,,case06,new20x20,new20x20,shortest_path,FPP-Branch-Benders-CVaR-RootCuts,cvar,cvar,0.02,0.9,1.0,20266929,400,1000,0.127500,0.867500,0.000000,0.000000,0.005000,0.134000,0.850000,0.000000,0.000000,0.016000,0.127500,0.867500,0.000000,0.000000,0.005000,1800,1,Feasible,,1,190.07500000,166.70458438,0.12295365,1800.54088054,1806.558975,20790,1989553,,,,0.00000000,0.00000000,0,1,0,0,0,0,0,0,0,,0,0,21115,,0,0,0,0,0,0,0,0,0,0,0,1201,21800,,,102.58250000,105.10000000,,,190.07500000,206.48000000,0.04067834,0.10509410,,,,
fpp_new_instances_scaling_new20x20,,case06,new20x20,new20x20,shortest_path,FPP-Branch-Benders-Combinatorial-CVaR,cvar,cvar,0.02,0.9,1.0,20266929,400,1000,0.127500,0.867500,0.000000,0.000000,0.005000,0.134000,0.850000,0.000000,0.000000,0.016000,0.127500,0.867500,0.000000,0.000000,0.005000,1800,1,Feasible,,1,190.00000000,176.46943423,0.07121350,1812.91818733,1817.752050,763,371792,,,,0.00000000,0.00000000,0,0,0,0,0,0,0,0,1,eta-asc,0,0,1546,0,0,0,0,0,0,58991,0,0,0,0,0,1201,59392,,,100.05000000,100.65400000,,,190.00000000,196.07000000,0.03709409,0.08900550,,,,
fpp_new_instances_scaling_new20x20,,case06,new20x20,new20x20,shortest_path,FPP-Branch-Benders-Combinatorial-CVaR-EtaDesc,cvar,cvar,0.02,0.9,1.0,20266929,400,1000,0.127500,0.867500,0.000000,0.000000,0.005000,0.134000,0.850000,0.000000,0.000000,0.016000,0.127500,0.867500,0.000000,0.000000,0.005000,1800,1,Feasible,,1,189.62500000,175.68124915,0.07353329,1817.31659342,1822.242819,721,395099,,,,0.00000000,0.00000000,0,0,0,0,0,0,0,0,1,eta-desc,0,0,618,0,0,0,0,0,0,65028,0,0,0,0,0,1201,65429,,,102.81750000,105.01600000,,,189.62500000,205.68000000,0.03993855,0.09730588,,,,
fpp_new_instances_scaling_new20x20,,case06,new20x20,new20x20,shortest_path,FPP-SAA-CVaR,cvar,cvar,0.02,0.9,1.0,20266929,400,1000,0.127500,0.867500,0.000000,0.000000,0.005000,0.134000,0.850000,0.000000,0.000000,0.016000,0.127500,0.867500,0.000000,0.000000,0.005000,1800,1,Feasible,,1,375.00000000,162.33127922,0.56711659,1800.18135865,1805.452005,5,0,,,,0.00000000,0.00000000,0,0,0,0,0,0,0,0,0,,0,0,0,0,0,0,0,0,0,0,0,0,0,0,0,160801,107912,,,121.91750000,122.68500000,,,262.45000000,265.50000000,0.04753635,0.11683312,,,,
fpp_new_instances_scaling_new20x20,,case06,new20x20,new20x20,shortest_path,FPP-Branch-Benders-Combinatorial,expected,expected,0.02,0.9,1.0,20266929,400,1000,0.127500,0.867500,0.000000,0.000000,0.005000,0.134000,0.850000,0.000000,0.000000,0.016000,0.127500,0.867500,0.000000,0.000000,0.005000,1800,1,Optimal,,1,91.34000000,91.30884721,0.00034106,47.80173708,52.519756,29,35575,,,,0.00000000,0.00000000,0,0,0,0,0,0,0,0,1,eta-asc,0,0,721,0,0,0,0,0,0,21389,0,0,0,0,0,800,21390,,,91.34000000,90.91300000,,,203.37500000,203.37000000,0.03008283,0.07498375,,,,
fpp_new_instances_scaling_new20x20,,case06,new20x20,new20x20,shortest_path,FPP-Branch-Benders-Combinatorial-EtaDesc,expected,expected,0.02,0.9,1.0,20266929,400,1000,0.127500,0.867500,0.000000,0.000000,0.005000,0.134000,0.850000,0.000000,0.000000,0.016000,0.127500,0.867500,0.000000,0.000000,0.005000,1800,1,Optimal,,1,91.34000000,91.31404443,0.00028416,69.86242676,74.594366,28,37682,,,,0.00000000,0.00000000,0,0,0,0,0,0,0,0,1,eta-desc,0,0,680,0,0,0,0,0,0,39437,0,0,0,0,0,800,39438,,,91.34000000,90.91300000,,,203.37500000,203.37000000,0.03278019,0.07304036,,,,
fpp_new_instances_scaling_new20x20,,case06,new20x20,new20x20,shortest_path,FPP-SAA,expected,expected,0.02,0.9,1.0,20266929,400,1000,0.127500,0.867500,0.000000,0.000000,0.005000,0.134000,0.850000,0.000000,0.000000,0.016000,0.127500,0.867500,0.000000,0.000000,0.005000,1800,1,Optimal,,1,91.34000000,91.34000000,0.00000000,451.78673091,456.811378,23,0,,,,0.00000000,0.00000000,0,0,0,0,0,0,0,0,0,,0,0,0,0,0,0,0,0,0,0,0,0,0,0,0,160400,107512,,,91.34000000,90.91300000,,,203.37500000,203.37000000,0.03301989,0.08601856,,,,
fpp_new_instances_scaling_new20x20,,case06,new20x20,new20x20,shortest_path,FPP-Branch-Benders-Combinatorial-MeanCVaR,mean_cvar,mean-cvar,0.02,0.9,0.5,20266929,400,1000,0.127500,0.867500,0.000000,0.000000,0.005000,0.134000,0.850000,0.000000,0.000000,0.016000,0.127500,0.867500,0.000000,0.000000,0.005000,1800,1,Feasible,,1,143.52500000,136.97419130,0.04564228,1819.32439074,1824.248708,238,374976,,,,0.00000000,0.00000000,0,0,0,0,0,0,0,0,1,eta-asc,0,0,1262,0,0,0,0,0,0,96612,0,0,0,0,0,1201,97013,,,99.12500000,98.64000000,,,187.92500000,191.89000000,0.03691056,0.09245816,,,,
fpp_new_instances_scaling_new20x20,,case06,new20x20,new20x20,shortest_path,FPP-Branch-Benders-Combinatorial-MeanCVaR-EtaDesc,mean_cvar,mean-cvar,0.02,0.9,0.5,20266929,400,1000,0.127500,0.867500,0.000000,0.000000,0.005000,0.134000,0.850000,0.000000,0.000000,0.016000,0.127500,0.867500,0.000000,0.000000,0.005000,1800,1,Feasible,,1,144.34500000,137.62728450,0.04653930,1822.86822850,1827.871017,347,399108,,,,0.00000000,0.00000000,0,0,0,0,0,0,0,0,1,eta-desc,0,0,615,0,0,0,0,0,0,59479,0,0,0,0,0,1201,59880,,,99.34000000,99.72500000,,,189.35000000,198.05000000,0.03159811,0.09741026,,,,
fpp_new_instances_scaling_new20x20,,case07,new20x20,new20x20,shortest_path,FPP-Branch-Benders-CVaR-RootCuts,cvar,cvar,0.02,0.9,1.0,20267929,400,1000,0.125000,0.872500,0.000000,0.000000,0.002500,0.134000,0.850000,0.000000,0.000000,0.016000,0.125000,0.872500,0.000000,0.000000,0.002500,1800,1,Feasible,,1,186.77500000,166.91445073,0.10633409,1800.56392875,1806.604853,24245,1815744,,,,0.00000000,0.00000000,0,1,0,0,0,0,0,0,0,,0,0,18065,,0,0,0,0,0,0,0,0,0,0,0,1201,18754,,,101.39250000,102.36700000,,,186.77500000,205.87000000,0.04253174,0.09982539,,,,
fpp_new_instances_scaling_new20x20,,case07,new20x20,new20x20,shortest_path,FPP-Branch-Benders-Combinatorial-CVaR,cvar,cvar,0.02,0.9,1.0,20267929,400,1000,0.125000,0.872500,0.000000,0.000000,0.002500,0.134000,0.850000,0.000000,0.000000,0.016000,0.125000,0.872500,0.000000,0.000000,0.002500,1800,1,Feasible,,1,184.70000000,177.25131941,0.04032854,1819.68053723,1824.146206,885,356041,,,,0.00000000,0.00000000,0,0,0,0,0,0,0,0,1,eta-asc,0,0,644,0,0,0,0,0,0,53923,0,0,0,0,0,1201,54324,,,99.62250000,101.52100000,,,184.70000000,205.81000000,0.03521454,0.08345175,,,,
fpp_new_instances_scaling_new20x20,,case07,new20x20,new20x20,shortest_path,FPP-Branch-Benders-Combinatorial-CVaR-EtaDesc,cvar,cvar,0.02,0.9,1.0,20267929,400,1000,0.125000,0.872500,0.000000,0.000000,0.002500,0.134000,0.850000,0.000000,0.000000,0.016000,0.125000,0.872500,0.000000,0.000000,0.002500,1800,1,Feasible,,1,183.42500000,177.59964141,0.03175880,1812.88199646,1816.162704,868,443632,,,,0.00000000,0.00000000,0,0,0,0,0,0,0,0,1,eta-desc,0,0,437,0,0,0,0,0,0,66370,0,0,0,0,0,1201,66771,,,97.98250000,99.44900000,,,183.42500000,197.10000000,0.02527657,0.06489291,,,,
fpp_new_instances_scaling_new20x20,,case07,new20x20,new20x20,shortest_path,FPP-SAA-CVaR,cvar,cvar,0.02,0.9,1.0,20267929,400,1000,0.125000,0.872500,0.000000,0.000000,0.002500,0.134000,0.850000,0.000000,0.000000,0.016000,0.125000,0.872500,0.000000,0.000000,0.002500,1800,1,Feasible,,1,369.00000000,162.92962807,0.55845629,1800.22092731,1805.543053,6,0,,,,0.00000000,0.00000000,0,0,0,0,0,0,0,0,0,,0,0,0,0,0,0,0,0,0,0,0,0,0,0,0,160801,113125,,,107.82500000,107.72300000,,,213.90000000,222.01000000,0.03656841,0.09662725,,,,
fpp_new_instances_scaling_new20x20,,case07,new20x20,new20x20,shortest_path,FPP-Branch-Benders-Combinatorial,expected,expected,0.02,0.9,1.0,20267929,400,1000,0.125000,0.872500,0.000000,0.000000,0.002500,0.134000,0.850000,0.000000,0.000000,0.016000,0.125000,0.872500,0.000000,0.000000,0.002500,1800,1,Optimal,,1,91.22750000,91.22750000,0.00000000,53.07827602,58.329545,21,32150,,,,0.00000000,0.00000000,0,0,0,0,0,0,0,0,1,eta-asc,0,0,760,0,0,0,0,0,0,29568,0,0,0,0,0,800,29569,,,91.22750000,90.86300000,,,204.10000000,202.71000000,0.02875388,0.08544682,,,,
fpp_new_instances_scaling_new20x20,,case07,new20x20,new20x20,shortest_path,FPP-Branch-Benders-Combinatorial-EtaDesc,expected,expected,0.02,0.9,1.0,20267929,400,1000,0.125000,0.872500,0.000000,0.000000,0.002500,0.134000,0.850000,0.000000,0.000000,0.016000,0.125000,0.872500,0.000000,0.000000,0.002500,1800,1,Optimal,,1,91.22750000,91.22750000,0.00000000,81.74157463,84.988525,21,47618,,,,0.00000000,0.00000000,0,0,0,0,0,0,0,0,1,eta-desc,0,0,1160,0,0,0,0,0,0,58868,0,0,0,0,0,800,58869,,,91.22750000,90.86300000,,,204.10000000,202.71000000,0.02206010,0.05115126,,,,
fpp_new_instances_scaling_new20x20,,case07,new20x20,new20x20,shortest_path,FPP-SAA,expected,expected,0.02,0.9,1.0,20267929,400,1000,0.125000,0.872500,0.000000,0.000000,0.002500,0.134000,0.850000,0.000000,0.000000,0.016000,0.125000,0.872500,0.000000,0.000000,0.002500,1800,1,Optimal,,1,91.22750000,91.22750000,0.00000000,589.76847706,594.912154,15,0,,,,0.00000000,0.00000000,0,0,0,0,0,0,0,0,0,,0,0,0,0,0,0,0,0,0,0,0,0,0,0,0,160400,112725,,,91.22750000,90.86300000,,,204.10000000,202.71000000,0.03713376,0.09236110,,,,
fpp_new_instances_scaling_new20x20,,case07,new20x20,new20x20,shortest_path,FPP-Branch-Benders-Combinatorial-MeanCVaR,mean_cvar,mean-cvar,0.02,0.9,0.5,20267929,400,1000,0.125000,0.872500,0.000000,0.000000,0.002500,0.134000,0.850000,0.000000,0.000000,0.016000,0.125000,0.872500,0.000000,0.000000,0.002500,1800,1,Optimal,,1,139.63500000,139.57688270,0.00041621,1076.72394579,1081.585565,308,303878,,,,0.00000000,0.00000000,0,0,0,0,0,0,0,0,1,eta-asc,0,0,1025,0,0,0,0,0,0,83811,0,0,0,0,0,1201,84212,,,92.07000000,94.38000000,,,187.20000000,194.69000000,0.03540415,0.09588082,,,,
fpp_new_instances_scaling_new20x20,,case07,new20x20,new20x20,shortest_path,FPP-Branch-Benders-Combinatorial-MeanCVaR-EtaDesc,mean_cvar,mean-cvar,0.02,0.9,0.5,20267929,400,1000,0.125000,0.872500,0.000000,0.000000,0.002500,0.134000,0.850000,0.000000,0.000000,0.016000,0.125000,0.872500,0.000000,0.000000,0.002500,1800,1,Optimal,,1,139.63500000,139.51829220,0.00083581,480.59289850,485.335836,344,228532,,,,0.00000000,0.00000000,0,0,0,0,0,0,0,0,1,eta-desc,0,0,385,0,0,0,0,0,0,37343,0,0,0,0,0,1201,37744,,,92.07000000,94.38000000,,,187.20000000,194.69000000,0.03603249,0.08593270,,,,
fpp_new_instances_scaling_new20x20,,case08,new20x20,new20x20,shortest_path,FPP-Branch-Benders-CVaR-RootCuts,cvar,cvar,0.02,0.9,1.0,20268929,400,1000,0.100000,0.890000,0.000000,0.000000,0.010000,0.134000,0.850000,0.000000,0.000000,0.016000,0.100000,0.890000,0.000000,0.000000,0.010000,1800,1,Feasible,,1,187.30000000,167.47437149,0.10584959,1800.67418881,1806.833605,34787,2578397,,,,0.00000000,0.00000000,0,1,0,0,0,0,0,0,0,,0,0,21014,,0,0,0,0,0,0,0,0,0,0,0,1201,21699,,,96.42250000,98.35000000,,,187.30000000,193.24000000,0.03597146,0.11598311,,,,
fpp_new_instances_scaling_new20x20,,case08,new20x20,new20x20,shortest_path,FPP-Branch-Benders-Combinatorial-CVaR,cvar,cvar,0.02,0.9,1.0,20268929,400,1000,0.100000,0.890000,0.000000,0.000000,0.010000,0.134000,0.850000,0.000000,0.000000,0.016000,0.100000,0.890000,0.000000,0.000000,0.010000,1800,1,Feasible,,1,187.00000000,181.38516820,0.03002584,1820.13981502,1824.915182,1065,416329,,,,0.00000000,0.00000000,0,0,0,0,0,0,0,0,1,eta-asc,0,0,1112,0,0,0,0,0,0,62052,0,0,0,0,0,1201,62453,,,95.19000000,97.26900000,,,187.00000000,192.44000000,0.03655678,0.07464250,,,,
fpp_new_instances_scaling_new20x20,,case08,new20x20,new20x20,shortest_path,FPP-Branch-Benders-Combinatorial-CVaR-EtaDesc,cvar,cvar,0.02,0.9,1.0,20268929,400,1000,0.100000,0.890000,0.000000,0.000000,0.010000,0.134000,0.850000,0.000000,0.000000,0.016000,0.100000,0.890000,0.000000,0.000000,0.010000,1800,1,Feasible,,1,186.42500000,180.80368330,0.03015323,1817.98335270,1823.193441,922,442711,,,,0.00000000,0.00000000,0,0,0,0,0,0,0,0,1,eta-desc,0,0,526,0,0,0,0,0,0,64548,0,0,0,0,0,1201,64949,,,95.29750000,97.88600000,,,186.42500000,192.47000000,0.03666793,0.09872746,,,,
fpp_new_instances_scaling_new20x20,,case08,new20x20,new20x20,shortest_path,FPP-SAA-CVaR,cvar,cvar,0.02,0.9,1.0,20268929,400,1000,0.100000,0.890000,0.000000,0.000000,0.010000,0.134000,0.850000,0.000000,0.000000,0.016000,0.100000,0.890000,0.000000,0.000000,0.010000,1800,1,Feasible,,1,387.00000000,165.57599341,0.57215506,1800.07825832,1803.858369,13,0,,,,0.00000000,0.00000000,0,0,0,0,0,0,0,0,0,,0,0,0,0,0,0,0,0,0,0,0,0,0,0,0,160801,108472,,,170.11750000,173.30200000,,,335.02500000,335.40000000,0.03983193,0.11332376,,,,
fpp_new_instances_scaling_new20x20,,case08,new20x20,new20x20,shortest_path,FPP-Branch-Benders-Combinatorial,expected,expected,0.02,0.9,1.0,20268929,400,1000,0.100000,0.890000,0.000000,0.000000,0.010000,0.134000,0.850000,0.000000,0.000000,0.016000,0.100000,0.890000,0.000000,0.000000,0.010000,1800,1,Optimal,,1,90.51000000,90.51000000,0.00000000,37.75646993,41.210501,33,33255,,,,0.00000000,0.00000000,0,0,0,0,0,0,0,0,1,eta-asc,0,0,1161,0,0,0,0,0,0,26794,0,0,0,0,0,800,26795,,,90.51000000,90.91300000,,,208.50000000,203.37000000,0.01848057,0.05755471,,,,
fpp_new_instances_scaling_new20x20,,case08,new20x20,new20x20,shortest_path,FPP-Branch-Benders-Combinatorial-EtaDesc,expected,expected,0.02,0.9,1.0,20268929,400,1000,0.100000,0.890000,0.000000,0.000000,0.010000,0.134000,0.850000,0.000000,0.000000,0.016000,0.100000,0.890000,0.000000,0.000000,0.010000,1800,1,Optimal,,1,90.51000000,90.43423077,0.00083714,94.14172074,99.228759,35,52284,,,,0.00000000,0.00000000,0,0,0,0,0,0,0,0,1,eta-desc,0,0,1571,0,0,0,0,0,0,56344,0,0,0,0,0,800,56345,,,90.51000000,90.91300000,,,208.50000000,203.37000000,0.03232674,0.08535370,,,,
fpp_new_instances_scaling_new20x20,,case08,new20x20,new20x20,shortest_path,FPP-SAA,expected,expected,0.02,0.9,1.0,20268929,400,1000,0.100000,0.890000,0.000000,0.000000,0.010000,0.134000,0.850000,0.000000,0.000000,0.016000,0.100000,0.890000,0.000000,0.000000,0.010000,1800,1,Optimal,,1,90.51000000,90.51000000,0.00000000,597.12752543,602.090259,25,0,,,,0.00000000,0.00000000,0,0,0,0,0,0,0,0,0,,0,0,0,0,0,0,0,0,0,0,0,0,0,0,0,160400,108072,,,90.51000000,90.91300000,,,208.50000000,203.37000000,0.03300007,0.09034980,,,,
fpp_new_instances_scaling_new20x20,,case08,new20x20,new20x20,shortest_path,FPP-Branch-Benders-Combinatorial-MeanCVaR,mean_cvar,mean-cvar,0.02,0.9,0.5,20268929,400,1000,0.100000,0.890000,0.000000,0.000000,0.010000,0.134000,0.850000,0.000000,0.000000,0.016000,0.100000,0.890000,0.000000,0.000000,0.010000,1800,1,Optimal,,1,140.62625000,140.48932011,0.00097372,716.64358197,719.841975,276,317539,,,,0.00000000,0.00000000,0,0,0,0,0,0,0,0,1,eta-asc,0,0,1395,0,0,0,0,0,0,84901,0,0,0,0,0,1201,85302,,,93.87750000,95.21000000,,,187.37500000,190.56000000,0.02638580,0.06290472,,,,
fpp_new_instances_scaling_new20x20,,case08,new20x20,new20x20,shortest_path,FPP-Branch-Benders-Combinatorial-MeanCVaR-EtaDesc,mean_cvar,mean-cvar,0.02,0.9,0.5,20268929,400,1000,0.100000,0.890000,0.000000,0.000000,0.010000,0.134000,0.850000,0.000000,0.000000,0.016000,0.100000,0.890000,0.000000,0.000000,0.010000,1800,1,Optimal,,1,140.62625000,140.49689331,0.00091986,574.40753036,579.233519,369,198122,,,,0.00000000,0.00000000,0,0,0,0,0,0,0,0,1,eta-desc,0,0,705,0,0,0,0,0,0,45101,0,0,0,0,0,1201,45502,,,93.87750000,95.21000000,,,187.37500000,190.56000000,0.03423636,0.08602431,,,,
fpp_new_instances_scaling_new20x20,,case09,new20x20,new20x20,shortest_path,FPP-Branch-Benders-CVaR-RootCuts,cvar,cvar,0.02,0.9,1.0,20269929,400,1000,0.122500,0.872500,0.000000,0.000000,0.005000,0.134000,0.850000,0.000000,0.000000,0.016000,0.122500,0.872500,0.000000,0.000000,0.005000,1800,1,Feasible,,1,191.50000000,168.04358752,0.12248779,1800.83172102,1807.213150,17340,1843948,,,,0.00000000,0.00000000,0,1,0,0,0,0,0,0,0,,0,0,21493,,0,0,0,0,0,0,0,0,0,0,0,1201,22184,,,101.92000000,102.70800000,,,191.50000000,200.05000000,0.04010859,0.09839521,,,,
fpp_new_instances_scaling_new20x20,,case09,new20x20,new20x20,shortest_path,FPP-Branch-Benders-Combinatorial-CVaR,cvar,cvar,0.02,0.9,1.0,20269929,400,1000,0.122500,0.872500,0.000000,0.000000,0.005000,0.134000,0.850000,0.000000,0.000000,0.016000,0.122500,0.872500,0.000000,0.000000,0.005000,1800,1,Feasible,,1,190.32500000,181.32662546,0.04727899,1817.89814745,1822.496413,888,346409,,,,0.00000000,0.00000000,0,0,0,0,0,0,0,0,1,eta-asc,0,0,1272,0,0,0,0,0,0,55428,0,0,0,0,0,1201,55829,,,101.73000000,99.76800000,,,190.32500000,195.33000000,0.03301223,0.07796654,,,,
fpp_new_instances_scaling_new20x20,,case09,new20x20,new20x20,shortest_path,FPP-Branch-Benders-Combinatorial-CVaR-EtaDesc,cvar,cvar,0.02,0.9,1.0,20269929,400,1000,0.122500,0.872500,0.000000,0.000000,0.005000,0.134000,0.850000,0.000000,0.000000,0.016000,0.122500,0.872500,0.000000,0.000000,0.005000,1800,1,Feasible,,1,189.77500000,180.33481649,0.04974408,1818.72032047,1823.792794,781,388293,,,,0.00000000,0.00000000,0,0,0,0,0,0,0,0,1,eta-desc,0,0,397,0,0,0,0,0,0,58929,0,0,0,0,0,1201,59330,,,98.84250000,97.92400000,,,189.77500000,196.24000000,0.03904699,0.09210089,,,,
fpp_new_instances_scaling_new20x20,,case09,new20x20,new20x20,shortest_path,FPP-SAA-CVaR,cvar,cvar,0.02,0.9,1.0,20269929,400,1000,0.122500,0.872500,0.000000,0.000000,0.005000,0.134000,0.850000,0.000000,0.000000,0.016000,0.122500,0.872500,0.000000,0.000000,0.005000,1800,1,Feasible,,1,385.00000000,165.95817929,0.56893979,1800.13221541,1805.059357,9,0,,,,0.00000000,0.00000000,0,0,0,0,0,0,0,0,0,,0,0,0,0,0,0,0,0,0,0,0,0,0,0,0,160801,113016,,,129.14250000,127.09300000,,,250.35000000,245.62000000,0.04196276,0.10711728,,,,
fpp_new_instances_scaling_new20x20,,case09,new20x20,new20x20,shortest_path,FPP-Branch-Benders-Combinatorial,expected,expected,0.02,0.9,1.0,20269929,400,1000,0.122500,0.872500,0.000000,0.000000,0.005000,0.134000,0.850000,0.000000,0.000000,0.016000,0.122500,0.872500,0.000000,0.000000,0.005000,1800,1,Optimal,,1,92.25250000,92.25250000,0.00000000,56.24962292,60.798563,43,40691,,,,0.00000000,0.00000000,0,0,0,0,0,0,0,0,1,eta-asc,0,0,1813,0,0,0,0,0,0,31968,0,0,0,0,0,800,31969,,,92.25250000,92.50900000,,,206.00000000,199.69000000,0.02811213,0.07722645,,,,
fpp_new_instances_scaling_new20x20,,case09,new20x20,new20x20,shortest_path,FPP-Branch-Benders-Combinatorial-EtaDesc,expected,expected,0.02,0.9,1.0,20269929,400,1000,0.122500,0.872500,0.000000,0.000000,0.005000,0.134000,0.850000,0.000000,0.000000,0.016000,0.122500,0.872500,0.000000,0.000000,0.005000,1800,1,Optimal,,1,92.25250000,92.25250000,0.00000000,109.76420916,114.720668,46,60698,,,,0.00000000,0.00000000,0,0,0,0,0,0,0,0,1,eta-desc,0,0,1972,0,0,0,0,0,0,66769,0,0,0,0,0,800,66770,,,92.25250000,92.50900000,,,206.00000000,199.69000000,0.03193801,0.08144506,,,,
fpp_new_instances_scaling_new20x20,,case09,new20x20,new20x20,shortest_path,FPP-SAA,expected,expected,0.02,0.9,1.0,20269929,400,1000,0.122500,0.872500,0.000000,0.000000,0.005000,0.134000,0.850000,0.000000,0.000000,0.016000,0.122500,0.872500,0.000000,0.000000,0.005000,1800,1,Optimal,,1,92.25250000,92.25250000,0.00000000,565.23714495,568.861433,19,0,,,,0.00000000,0.00000000,0,0,0,0,0,0,0,0,0,,0,0,0,0,0,0,0,0,0,0,0,0,0,0,0,160400,112616,,,92.25250000,92.50900000,,,206.00000000,199.69000000,0.02813313,0.07009142,,,,
fpp_new_instances_scaling_new20x20,,case09,new20x20,new20x20,shortest_path,FPP-Branch-Benders-Combinatorial-MeanCVaR,mean_cvar,mean-cvar,0.02,0.9,0.5,20269929,400,1000,0.122500,0.872500,0.000000,0.000000,0.005000,0.134000,0.850000,0.000000,0.000000,0.016000,0.122500,0.872500,0.000000,0.000000,0.005000,1800,1,Optimal,,1,143.46625000,143.34347355,0.00085579,1769.35605549,1774.465714,518,387241,,,,0.00000000,0.00000000,0,0,0,0,0,0,0,0,1,eta-asc,0,0,1146,0,0,0,0,0,0,97469,0,0,0,0,0,1201,97870,,,98.48250000,98.20000000,,,188.45000000,195.14000000,0.03427181,0.08539318,,,,
fpp_new_instances_scaling_new20x20,,case09,new20x20,new20x20,shortest_path,FPP-Branch-Benders-Combinatorial-MeanCVaR-EtaDesc,mean_cvar,mean-cvar,0.02,0.9,0.5,20269929,400,1000,0.122500,0.872500,0.000000,0.000000,0.005000,0.134000,0.850000,0.000000,0.000000,0.016000,0.122500,0.872500,0.000000,0.000000,0.005000,1800,1,Optimal,,1,143.46625000,143.46625000,0.00000000,828.08524018,831.717345,558,282197,,,,0.00000000,0.00000000,0,0,0,0,0,0,0,0,1,eta-desc,0,0,379,0,0,0,0,0,0,54552,0,0,0,0,0,1201,54953,,,98.48250000,98.20000000,,,188.45000000,195.14000000,0.02770850,0.07039472,,,,
fpp_new_instances_scaling_new20x20,,case00,new20x20,new20x20,shortest_path,FPP-Branch-Benders-CVaR-RootCuts,cvar,cvar,0.03,0.9,1.0,20260929,400,1000,0.142500,0.852500,0.000000,0.000000,0.005000,0.134000,0.850000,0.000000,0.000000,0.016000,0.142500,0.852500,0.000000,0.000000,0.005000,1800,1,Feasible,,1,151.15000000,117.03038316,0.22573349,1800.82333601,1806.430228,9770,706262,,,,0.00000000,0.00000000,0,1,0,0,0,0,0,0,0,,0,0,22824,,0,0,0,0,0,0,0,0,0,0,0,1201,23509,,,80.05000000,81.50600000,,,151.15000000,158.85000000,0.02788001,0.07231732,,,,
fpp_new_instances_scaling_new20x20,,case00,new20x20,new20x20,shortest_path,FPP-Branch-Benders-Combinatorial-CVaR,cvar,cvar,0.03,0.9,1.0,20260929,400,1000,0.142500,0.852500,0.000000,0.000000,0.005000,0.134000,0.850000,0.000000,0.000000,0.016000,0.142500,0.852500,0.000000,0.000000,0.005000,1800,1,Feasible,,1,140.80000000,133.36891780,0.05277757,1828.83266045,1833.536778,718,407944,,,,0.00000000,0.00000000,0,0,0,0,0,0,0,0,1,eta-asc,0,0,883,0,0,0,0,0,0,63661,0,0,0,0,0,1201,64062,,,77.69250000,79.43800000,,,140.80000000,148.31000000,0.02953503,0.07633392,,,,
fpp_new_instances_scaling_new20x20,,case00,new20x20,new20x20,shortest_path,FPP-Branch-Benders-Combinatorial-CVaR-EtaDesc,cvar,cvar,0.03,0.9,1.0,20260929,400,1000,0.142500,0.852500,0.000000,0.000000,0.005000,0.134000,0.850000,0.000000,0.000000,0.016000,0.142500,0.852500,0.000000,0.000000,0.005000,1800,1,Feasible,,1,140.45000000,133.76643556,0.04758679,1818.57210220,1823.186355,609,431407,,,,0.00000000,0.00000000,0,0,0,0,0,0,0,0,1,eta-desc,0,0,478,0,0,0,0,0,0,65645,0,0,0,0,0,1201,66046,,,77.83000000,79.54200000,,,140.45000000,147.71000000,0.03024911,0.07290179,,,,
fpp_new_instances_scaling_new20x20,,case00,new20x20,new20x20,shortest_path,FPP-SAA-CVaR,cvar,cvar,0.03,0.9,1.0,20260929,400,1000,0.142500,0.852500,0.000000,0.000000,0.005000,0.134000,0.850000,0.000000,0.000000,0.016000,0.142500,0.852500,0.000000,0.000000,0.005000,1800,1,Feasible,,1,364.00000000,124.48344466,0.65801251,1800.19594940,1805.591278,9,0,,,,0.00000000,0.00000000,0,0,0,0,0,0,0,0,0,,0,0,0,0,0,0,0,0,0,0,0,0,0,0,0,160801,111692,,,108.73500000,107.16200000,,,232.87500000,225.84000000,0.04215819,0.10326104,,,,
fpp_new_instances_scaling_new20x20,,case00,new20x20,new20x20,shortest_path,FPP-Branch-Benders-Combinatorial,expected,expected,0.03,0.9,1.0,20260929,400,1000,0.142500,0.852500,0.000000,0.000000,0.005000,0.134000,0.850000,0.000000,0.000000,0.016000,0.142500,0.852500,0.000000,0.000000,0.005000,1800,1,Optimal,,1,71.36000000,71.31382936,0.00064701,81.00734586,84.226485,22,72456,,,,0.00000000,0.00000000,0,0,0,0,0,0,0,0,1,eta-asc,0,0,1923,0,0,0,0,0,0,74071,0,0,0,0,0,800,74072,,,71.36000000,73.31300000,,,149.52500000,151.63000000,0.02406902,0.05798513,,,,
fpp_new_instances_scaling_new20x20,,case00,new20x20,new20x20,shortest_path,FPP-Branch-Benders-Combinatorial-EtaDesc,expected,expected,0.03,0.9,1.0,20260929,400,1000,0.142500,0.852500,0.000000,0.000000,0.005000,0.134000,0.850000,0.000000,0.000000,0.016000,0.142500,0.852500,0.000000,0.000000,0.005000,1800,1,Optimal,,1,71.36000000,71.32915418,0.00043226,148.79117947,153.380681,19,83716,,,,0.00000000,0.00000000,0,0,0,0,0,0,0,0,1,eta-desc,0,0,1521,0,0,0,0,0,0,134943,0,0,0,0,0,800,134944,,,71.36000000,73.31300000,,,149.52500000,151.63000000,0.02585572,0.07173129,,,,
fpp_new_instances_scaling_new20x20,,case00,new20x20,new20x20,shortest_path,FPP-SAA,expected,expected,0.03,0.9,1.0,20260929,400,1000,0.142500,0.852500,0.000000,0.000000,0.005000,0.134000,0.850000,0.000000,0.000000,0.016000,0.142500,0.852500,0.000000,0.000000,0.005000,1800,1,Optimal,,1,71.36000000,71.32937500,0.00042916,494.42071584,499.410353,11,0,,,,0.00000000,0.00000000,0,0,0,0,0,0,0,0,0,,0,0,0,0,0,0,0,0,0,0,0,0,0,0,0,160400,111292,,,71.36000000,73.31300000,,,149.52500000,151.63000000,0.02618990,0.07314479,,,,
fpp_new_instances_scaling_new20x20,,case00,new20x20,new20x20,shortest_path,FPP-Branch-Benders-Combinatorial-MeanCVaR,mean_cvar,mean-cvar,0.03,0.9,0.5,20260929,400,1000,0.142500,0.852500,0.000000,0.000000,0.005000,0.134000,0.850000,0.000000,0.000000,0.016000,0.142500,0.852500,0.000000,0.000000,0.005000,1800,1,Feasible,,1,108.32625000,103.78224264,0.04194743,1822.83019109,1827.515427,260,515511,,,,0.00000000,0.00000000,0,0,0,0,0,0,0,0,1,eta-asc,0,0,1140,0,0,0,0,0,0,128986,0,0,0,0,0,1201,129387,,,71.92750000,73.56800000,,,144.72500000,150.14000000,0.02687832,0.07727860,,,,
fpp_new_instances_scaling_new20x20,,case00,new20x20,new20x20,shortest_path,FPP-Branch-Benders-Combinatorial-MeanCVaR-EtaDesc,mean_cvar,mean-cvar,0.03,0.9,0.5,20260929,400,1000,0.142500,0.852500,0.000000,0.000000,0.005000,0.134000,0.850000,0.000000,0.000000,0.016000,0.142500,0.852500,0.000000,0.000000,0.005000,1800,1,Feasible,,1,108.32625000,106.04802329,0.02103116,1826.52815696,1831.377031,600,471871,,,,0.00000000,0.00000000,0,0,0,0,0,0,0,0,1,eta-desc,0,0,426,0,0,0,0,0,0,87515,0,0,0,0,0,1201,87916,,,71.92750000,73.56800000,,,144.72500000,150.14000000,0.02992246,0.07080061,,,,
fpp_new_instances_scaling_new20x20,,case01,new20x20,new20x20,shortest_path,FPP-Branch-Benders-CVaR-RootCuts,cvar,cvar,0.03,0.9,1.0,20261929,400,1000,0.142500,0.855000,0.000000,0.000000,0.002500,0.134000,0.850000,0.000000,0.000000,0.016000,0.142500,0.855000,0.000000,0.000000,0.002500,1800,1,Feasible,,1,145.52500000,115.90420185,0.20354440,1800.57360125,1806.326860,13171,935697,,,,0.00000000,0.00000000,0,1,0,0,0,0,0,0,0,,0,0,19523,,0,0,0,0,0,0,0,0,0,0,0,1201,20206,,,78.17500000,77.99300000,,,145.52500000,154.54000000,0.03025162,0.07844247,,,,
fpp_new_instances_scaling_new20x20,,case01,new20x20,new20x20,shortest_path,FPP-Branch-Benders-Combinatorial-CVaR,cvar,cvar,0.03,0.9,1.0,20261929,400,1000,0.142500,0.855000,0.000000,0.000000,0.002500,0.134000,0.850000,0.000000,0.000000,0.016000,0.142500,0.855000,0.000000,0.000000,0.002500,1800,1,Feasible,,1,154.60000000,121.09590732,0.21671470,1877.98807003,1882.900467,0,21269,,,,0.00000000,0.00000000,0,0,0,0,0,0,0,0,1,eta-asc,0,0,320,0,0,0,0,0,0,41224,0,0,0,0,0,1201,41625,,,73.53250000,73.62800000,,,154.60000000,156.46000000,0.02839094,0.06954293,,,,
fpp_new_instances_scaling_new20x20,,case01,new20x20,new20x20,shortest_path,FPP-Branch-Benders-Combinatorial-CVaR-EtaDesc,cvar,cvar,0.03,0.9,1.0,20261929,400,1000,0.142500,0.855000,0.000000,0.000000,0.002500,0.134000,0.850000,0.000000,0.000000,0.016000,0.142500,0.855000,0.000000,0.000000,0.002500,1800,1,Feasible,,1,145.72500000,128.20610668,0.12021886,1824.92091118,1829.982376,457,442165,,,,0.00000000,0.00000000,0,0,0,0,0,0,0,0,1,eta-desc,0,0,494,0,0,0,0,0,0,61149,0,0,0,0,0,1201,61550,,,78.90250000,78.94200000,,,145.72500000,152.27000000,0.03203622,0.07061733,,,,
fpp_new_instances_scaling_new20x20,,case01,new20x20,new20x20,shortest_path,FPP-SAA-CVaR,cvar,cvar,0.03,0.9,1.0,20261929,400,1000,0.142500,0.855000,0.000000,0.000000,0.002500,0.134000,0.850000,0.000000,0.000000,0.016000,0.142500,0.855000,0.000000,0.000000,0.002500,1800,1,Feasible,,1,374.00000000,122.85969572,0.67149814,1800.22375808,1805.096406,7,0,,,,0.00000000,0.00000000,0,0,0,0,0,0,0,0,0,,0,0,0,0,0,0,0,0,0,0,0,0,0,0,0,160801,110130,,,97.31500000,100.34300000,,,214.30000000,213.23000000,0.03860737,0.10135967,,,,
fpp_new_instances_scaling_new20x20,,case01,new20x20,new20x20,shortest_path,FPP-Branch-Benders-Combinatorial,expected,expected,0.03,0.9,1.0,20261929,400,1000,0.142500,0.855000,0.000000,0.000000,0.002500,0.134000,0.850000,0.000000,0.000000,0.016000,0.142500,0.855000,0.000000,0.000000,0.002500,1800,1,Optimal,,1,72.42500000,72.37577232,0.00067971,131.85213042,136.655931,36,89151,,,,0.00000000,0.00000000,0,0,0,0,0,0,0,0,1,eta-asc,0,0,1932,0,0,0,0,0,0,80268,0,0,0,0,0,800,80269,,,72.42500000,73.59800000,,,149.62500000,153.95000000,0.02327192,0.06269705,,,,
fpp_new_instances_scaling_new20x20,,case01,new20x20,new20x20,shortest_path,FPP-Branch-Benders-Combinatorial-EtaDesc,expected,expected,0.03,0.9,1.0,20261929,400,1000,0.142500,0.855000,0.000000,0.000000,0.002500,0.134000,0.850000,0.000000,0.000000,0.016000,0.142500,0.855000,0.000000,0.000000,0.002500,1800,1,Optimal,,1,72.42500000,72.42500000,0.00000000,141.51305373,145.012802,37,104179,,,,0.00000000,0.00000000,0,0,0,0,0,0,0,0,1,eta-desc,0,0,4803,0,0,0,0,0,0,145413,0,0,0,0,0,800,145414,,,72.42500000,73.59800000,,,149.62500000,153.95000000,0.01793273,0.04784064,,,,
fpp_new_instances_scaling_new20x20,,case01,new20x20,new20x20,shortest_path,FPP-SAA,expected,expected,0.03,0.9,1.0,20261929,400,1000,0.142500,0.855000,0.000000,0.000000,0.002500,0.134000,0.850000,0.000000,0.000000,0.016000,0.142500,0.855000,0.000000,0.000000,0.002500,1800,1,Optimal,,1,72.42500000,72.42500000,0.00000000,338.35963190,342.117258,9,0,,,,0.00000000,0.00000000,0,0,0,0,0,0,0,0,0,,0,0,0,0,0,0,0,0,0,0,0,0,0,0,0,160400,109730,,,72.42500000,73.59800000,,,149.62500000,153.95000000,0.02063045,0.05227039,,,,
fpp_new_instances_scaling_new20x20,,case01,new20x20,new20x20,shortest_path,FPP-Branch-Benders-Combinatorial-MeanCVaR,mean_cvar,mean-cvar,0.03,0.9,0.5,20261929,400,1000,0.142500,0.855000,0.000000,0.000000,0.002500,0.134000,0.850000,0.000000,0.000000,0.016000,0.142500,0.855000,0.000000,0.000000,0.002500,1800,1,Feasible,,1,111.49375000,101.89797322,0.08606560,1824.71726356,1828.081897,186,413233,,,,0.00000000,0.00000000,0,0,0,0,0,0,0,0,1,eta-asc,0,0,984,0,0,0,0,0,0,125322,0,0,0,0,0,1201,125723,,,74.51250000,75.35700000,,,148.47500000,155.33000000,0.01897108,0.05952822,,,,
fpp_new_instances_scaling_new20x20,,case01,new20x20,new20x20,shortest_path,FPP-Branch-Benders-Combinatorial-MeanCVaR-EtaDesc,mean_cvar,mean-cvar,0.03,0.9,0.5,20261929,400,1000,0.142500,0.855000,0.000000,0.000000,0.002500,0.134000,0.850000,0.000000,0.000000,0.016000,0.142500,0.855000,0.000000,0.000000,0.002500,1800,1,Feasible,,1,110.75750000,102.68517328,0.07288289,1829.26536423,1832.802187,309,406953,,,,0.00000000,0.00000000,0,0,0,0,0,0,0,0,1,eta-desc,0,0,850,0,0,0,0,0,0,72820,0,0,0,0,0,1201,73221,,,74.61500000,74.29100000,,,146.90000000,147.37000000,0.02221089,0.05319314,,,,
fpp_new_instances_scaling_new20x20,,case02,new20x20,new20x20,shortest_path,FPP-Branch-Benders-CVaR-RootCuts,cvar,cvar,0.03,0.9,1.0,20262929,400,1000,0.097500,0.902500,0.000000,0.000000,0.000000,0.134000,0.850000,0.000000,0.000000,0.016000,0.097500,0.902500,0.000000,0.000000,0.000000,1800,1,Feasible,,1,150.05000000,114.36744382,0.23780444,1801.00921746,1807.193053,9166,711244,,,,0.00000000,0.00000000,0,1,0,0,0,0,0,0,0,,0,0,25690,,0,0,0,0,0,0,0,0,0,0,0,1201,26406,,,85.54500000,81.23800000,,,150.05000000,156.80000000,0.03308053,0.07505773,,,,
fpp_new_instances_scaling_new20x20,,case02,new20x20,new20x20,shortest_path,FPP-Branch-Benders-Combinatorial-CVaR,cvar,cvar,0.03,0.9,1.0,20262929,400,1000,0.097500,0.902500,0.000000,0.000000,0.000000,0.134000,0.850000,0.000000,0.000000,0.016000,0.097500,0.902500,0.000000,0.000000,0.000000,1800,1,Feasible,,1,138.67500000,131.11356286,0.05452632,1827.13569911,1832.660899,595,360465,,,,0.00000000,0.00000000,0,0,0,0,0,0,0,0,1,eta-asc,0,0,709,0,0,0,0,0,0,54619,0,0,0,0,0,1201,55020,,,81.78500000,79.05000000,,,138.67500000,146.40000000,0.03326574,0.08570544,,,,
fpp_new_instances_scaling_new20x20,,case02,new20x20,new20x20,shortest_path,FPP-Branch-Benders-Combinatorial-CVaR-EtaDesc,cvar,cvar,0.03,0.9,1.0,20262929,400,1000,0.097500,0.902500,0.000000,0.000000,0.000000,0.134000,0.850000,0.000000,0.000000,0.016000,0.097500,0.902500,0.000000,0.000000,0.000000,1800,1,Feasible,,1,139.67500000,129.61744691,0.07200682,1821.87043129,1826.476676,505,489513,,,,0.00000000,0.00000000,0,0,0,0,0,0,0,0,1,eta-desc,0,0,512,0,0,0,0,0,0,67022,0,0,0,0,0,1201,67423,,,82.28500000,79.40700000,,,139.67500000,147.53000000,0.02833583,0.07213154,,,,
fpp_new_instances_scaling_new20x20,,case02,new20x20,new20x20,shortest_path,FPP-SAA-CVaR,cvar,cvar,0.03,0.9,1.0,20262929,400,1000,0.097500,0.902500,0.000000,0.000000,0.000000,0.134000,0.850000,0.000000,0.000000,0.016000,0.097500,0.902500,0.000000,0.000000,0.000000,1800,1,Feasible,,1,371.00000000,124.61636908,0.66410682,1800.19957348,1805.371619,6,0,,,,0.00000000,0.00000000,0,0,0,0,0,0,0,0,0,,0,0,0,0,0,0,0,0,0,0,0,0,0,0,0,160801,118277,,,103.12500000,97.54400000,,,210.37500000,215.76000000,0.03993442,0.12530903,,,,
fpp_new_instances_scaling_new20x20,,case02,new20x20,new20x20,shortest_path,FPP-Branch-Benders-Combinatorial,expected,expected,0.03,0.9,1.0,20262929,400,1000,0.097500,0.902500,0.000000,0.000000,0.000000,0.134000,0.850000,0.000000,0.000000,0.016000,0.097500,0.902500,0.000000,0.000000,0.000000,1800,1,Optimal,,1,75.89000000,75.83430847,0.00073385,148.85388585,152.732409,112,123158,,,,0.00000000,0.00000000,0,0,0,0,0,0,0,0,1,eta-asc,0,0,961,0,0,0,0,0,0,73128,0,0,0,0,0,800,73129,,,75.89000000,74.86100000,,,151.07500000,159.38000000,0.02233267,0.05128916,,,,
fpp_new_instances_scaling_new20x20,,case02,new20x20,new20x20,shortest_path,FPP-Branch-Benders-Combinatorial-EtaDesc,expected,expected,0.03,0.9,1.0,20262929,400,1000,0.097500,0.902500,0.000000,0.000000,0.000000,0.134000,0.850000,0.000000,0.000000,0.016000,0.097500,0.902500,0.000000,0.000000,0.000000,1800,1,Optimal,,1,75.89000000,75.81569388,0.00097913,206.66936295,209.937603,137,180603,,,,0.00000000,0.00000000,0,0,0,0,0,0,0,0,1,eta-desc,0,0,3880,0,0,0,0,0,0,210295,0,0,0,0,0,800,210296,,,75.89000000,74.86100000,,,151.07500000,159.38000000,0.01973813,0.04790158,,,,
fpp_new_instances_scaling_new20x20,,case02,new20x20,new20x20,shortest_path,FPP-SAA,expected,expected,0.03,0.9,1.0,20262929,400,1000,0.097500,0.902500,0.000000,0.000000,0.000000,0.134000,0.850000,0.000000,0.000000,0.016000,0.097500,0.902500,0.000000,0.000000,0.000000,1800,1,Optimal,,1,75.89000000,75.89000000,0.00000000,596.74413997,602.499769,35,0,,,,0.00000000,0.00000000,0,0,0,0,0,0,0,0,0,,0,0,0,0,0,0,0,0,0,0,0,0,0,0,0,160400,117877,,,75.89000000,74.86100000,,,151.07500000,159.38000000,0.03169074,0.07317230,,,,
fpp_new_instances_scaling_new20x20,,case02,new20x20,new20x20,shortest_path,FPP-Branch-Benders-Combinatorial-MeanCVaR,mean_cvar,mean-cvar,0.03,0.9,0.5,20262929,400,1000,0.097500,0.902500,0.000000,0.000000,0.000000,0.134000,0.850000,0.000000,0.000000,0.016000,0.097500,0.902500,0.000000,0.000000,0.000000,1800,1,Feasible,,1,113.67250000,100.62622155,0.11477075,1831.78316182,1836.802132,0,45805,,,,0.00000000,0.00000000,0,0,0,0,0,0,0,0,1,eta-asc,0,0,360,0,0,0,0,0,0,4042483,0,0,0,0,0,1201,4042884,,,75.94500000,75.05300000,,,151.40000000,159.67000000,0.02938518,0.06548603,,,,
fpp_new_instances_scaling_new20x20,,case02,new20x20,new20x20,shortest_path,FPP-Branch-Benders-Combinatorial-MeanCVaR-EtaDesc,mean_cvar,mean-cvar,0.03,0.9,0.5,20262929,400,1000,0.097500,0.902500,0.000000,0.000000,0.000000,0.134000,0.850000,0.000000,0.000000,0.016000,0.097500,0.902500,0.000000,0.000000,0.000000,1800,1,Feasible,,1,111.54625000,105.67291969,0.05265377,1832.42319983,1836.037178,418,509834,,,,0.00000000,0.00000000,0,0,0,0,0,0,0,0,1,eta-desc,0,0,381,0,0,0,0,0,0,81692,0,0,0,0,0,1201,82093,,,76.86750000,74.59100000,,,146.22500000,148.44000000,0.02045755,0.05046989,,,,
fpp_new_instances_scaling_new20x20,,case03,new20x20,new20x20,shortest_path,FPP-Branch-Benders-CVaR-RootCuts,cvar,cvar,0.03,0.9,1.0,20263929,400,1000,0.140000,0.852500,0.000000,0.000000,0.007500,0.134000,0.850000,0.000000,0.000000,0.016000,0.140000,0.852500,0.000000,0.000000,0.007500,1800,1,Feasible,,1,152.07500000,114.96913192,0.24399716,1800.95187482,1807.272598,8184,602651,,,,0.00000000,0.00000000,0,1,0,0,0,0,0,0,0,,0,0,23572,,0,0,0,0,0,0,0,0,0,0,0,1201,24269,,,80.29000000,78.83800000,,,152.07500000,156.20000000,0.03161147,0.07862038,,,,
fpp_new_instances_scaling_new20x20,,case03,new20x20,new20x20,shortest_path,FPP-Branch-Benders-Combinatorial-CVaR,cvar,cvar,0.03,0.9,1.0,20263929,400,1000,0.140000,0.852500,0.000000,0.000000,0.007500,0.134000,0.850000,0.000000,0.000000,0.016000,0.140000,0.852500,0.000000,0.000000,0.007500,1800,1,Feasible,,1,143.65000000,132.04223372,0.08080589,1823.95240622,1829.118415,648,408586,,,,0.00000000,0.00000000,0,0,0,0,0,0,0,0,1,eta-asc,0,0,860,0,0,0,0,0,0,60152,0,0,0,0,0,1201,60553,,,77.67000000,76.24600000,,,143.65000000,147.66000000,0.02810248,0.06615350,,,,
fpp_new_instances_scaling_new20x20,,case03,new20x20,new20x20,shortest_path,FPP-Branch-Benders-Combinatorial-CVaR-EtaDesc,cvar,cvar,0.03,0.9,1.0,20263929,400,1000,0.140000,0.852500,0.000000,0.000000,0.007500,0.134000,0.850000,0.000000,0.000000,0.016000,0.140000,0.852500,0.000000,0.000000,0.007500,1800,1,Feasible,,1,142.55000000,133.61576261,0.06267441,1831.27241967,1836.087399,590,464884,,,,0.00000000,0.00000000,0,0,0,0,0,0,0,0,1,eta-desc,0,0,358,0,0,0,0,0,0,62318,0,0,0,0,0,1201,62719,,,78.74750000,78.26900000,,,142.55000000,150.44000000,0.03015781,0.07394792,,,,
fpp_new_instances_scaling_new20x20,,case03,new20x20,new20x20,shortest_path,FPP-SAA-CVaR,cvar,cvar,0.03,0.9,1.0,20263929,400,1000,0.140000,0.852500,0.000000,0.000000,0.007500,0.134000,0.850000,0.000000,0.000000,0.016000,0.140000,0.852500,0.000000,0.000000,0.007500,1800,1,Feasible,,1,356.00000000,124.66165941,0.64982680,1800.22652446,1805.415745,4,0,,,,0.00000000,0.00000000,0,0,0,0,0,0,0,0,0,,0,0,0,0,0,0,0,0,0,0,0,0,0,0,0,160801,110383,,,100.35750000,101.24400000,,,224.20000000,223.86000000,0.03832742,0.09213534,,,,
fpp_new_instances_scaling_new20x20,,case03,new20x20,new20x20,shortest_path,FPP-Branch-Benders-Combinatorial,expected,expected,0.03,0.9,1.0,20263929,400,1000,0.140000,0.852500,0.000000,0.000000,0.007500,0.134000,0.850000,0.000000,0.000000,0.016000,0.140000,0.852500,0.000000,0.000000,0.007500,1800,1,Optimal,,1,73.57000000,73.50017698,0.00094907,271.42135346,276.453019,207,197481,,,,0.00000000,0.00000000,0,0,0,0,0,0,0,0,1,eta-asc,0,0,1160,0,0,0,0,0,0,92087,0,0,0,0,0,800,92088,,,73.57000000,74.05300000,,,148.72500000,154.60000000,0.02312056,0.06527138,,,,
fpp_new_instances_scaling_new20x20,,case03,new20x20,new20x20,shortest_path,FPP-Branch-Benders-Combinatorial-EtaDesc,expected,expected,0.03,0.9,1.0,20263929,400,1000,0.140000,0.852500,0.000000,0.000000,0.007500,0.134000,0.850000,0.000000,0.000000,0.016000,0.140000,0.852500,0.000000,0.000000,0.007500,1800,1,Optimal,,1,73.57000000,73.50541667,0.00087785,469.02547719,473.582353,254,290729,,,,0.00000000,0.00000000,0,0,0,0,0,0,0,0,1,eta-desc,0,0,2680,0,0,0,0,0,0,185363,0,0,0,0,0,800,185364,,,73.57000000,74.05300000,,,148.72500000,154.60000000,0.02665327,0.07173544,,,,
fpp_new_instances_scaling_new20x20,,case03,new20x20,new20x20,shortest_path,FPP-SAA,expected,expected,0.03,0.9,1.0,20263929,400,1000,0.140000,0.852500,0.000000,0.000000,0.007500,0.134000,0.850000,0.000000,0.000000,0.016000,0.140000,0.852500,0.000000,0.000000,0.007500,1800,1,Optimal,,1,73.57000000,73.57000000,0.00000000,500.64448898,505.470670,51,0,,,,0.00000000,0.00000000,0,0,0,0,0,0,0,0,0,,0,0,0,0,0,0,0,0,0,0,0,0,0,0,0,160400,109983,,,73.57000000,74.05300000,,,148.72500000,154.60000000,0.02701646,0.06786649,,,,
fpp_new_instances_scaling_new20x20,,case03,new20x20,new20x20,shortest_path,FPP-Branch-Benders-Combinatorial-MeanCVaR,mean_cvar,mean-cvar,0.03,0.9,0.5,20263929,400,1000,0.140000,0.852500,0.000000,0.000000,0.007500,0.134000,0.850000,0.000000,0.000000,0.016000,0.140000,0.852500,0.000000,0.000000,0.007500,1800,1,Feasible,,1,109.07125000,103.64485112,0.04975096,1818.50113701,1822.972503,223,559480,,,,0.00000000,0.00000000,0,0,0,0,0,0,0,0,1,eta-asc,0,0,777,0,0,0,0,0,0,132032,0,0,0,0,0,1201,132433,,,75.24250000,75.48700000,,,142.90000000,151.67000000,0.02641560,0.06428541,,,,
fpp_new_instances_scaling_new20x20,,case03,new20x20,new20x20,shortest_path,FPP-Branch-Benders-Combinatorial-MeanCVaR-EtaDesc,mean_cvar,mean-cvar,0.03,0.9,0.5,20263929,400,1000,0.140000,0.852500,0.000000,0.000000,0.007500,0.134000,0.850000,0.000000,0.000000,0.016000,0.140000,0.852500,0.000000,0.000000,0.007500,1800,1,Feasible,,1,108.49875000,105.49803427,0.02765668,1835.38736721,1838.950109,480,540413,,,,0.00000000,0.00000000,0,0,0,0,0,0,0,0,1,eta-desc,0,0,671,0,0,0,0,0,0,81388,0,0,0,0,0,1201,81789,,,75.04750000,74.90200000,,,141.95000000,150.06000000,0.02168176,0.05420787,,,,
fpp_new_instances_scaling_new20x20,,case04,new20x20,new20x20,shortest_path,FPP-Branch-Benders-CVaR-RootCuts,cvar,cvar,0.03,0.9,1.0,20264929,400,1000,0.105000,0.892500,0.000000,0.000000,0.002500,0.134000,0.850000,0.000000,0.000000,0.016000,0.105000,0.892500,0.000000,0.000000,0.002500,1800,1,Feasible,,1,143.70000000,115.91701506,0.19334019,1800.95842612,1805.439278,8966,760356,,,,0.00000000,0.00000000,0,1,0,0,0,0,0,0,0,,0,0,20279,,0,0,0,0,0,0,0,0,0,0,0,1201,20975,,,79.24000000,78.71700000,,,143.70000000,151.16000000,0.02410502,0.06290012,,,,
fpp_new_instances_scaling_new20x20,,case04,new20x20,new20x20,shortest_path,FPP-Branch-Benders-Combinatorial-CVaR,cvar,cvar,0.03,0.9,1.0,20264929,400,1000,0.105000,0.892500,0.000000,0.000000,0.002500,0.134000,0.850000,0.000000,0.000000,0.016000,0.105000,0.892500,0.000000,0.000000,0.002500,1800,1,Feasible,,1,142.57500000,132.45167013,0.07100354,1825.43526224,1830.474398,682,379881,,,,0.00000000,0.00000000,0,0,0,0,0,0,0,0,1,eta-asc,0,0,1431,0,0,0,0,0,0,59601,0,0,0,0,0,1201,60002,,,84.18500000,80.47100000,,,142.57500000,149.29000000,0.03226772,0.08392016,,,,
fpp_new_instances_scaling_new20x20,,case04,new20x20,new20x20,shortest_path,FPP-Branch-Benders-Combinatorial-CVaR-EtaDesc,cvar,cvar,0.03,0.9,1.0,20264929,400,1000,0.105000,0.892500,0.000000,0.000000,0.002500,0.134000,0.850000,0.000000,0.000000,0.016000,0.105000,0.892500,0.000000,0.000000,0.002500,1800,1,Feasible,,1,159.40000000,123.89692557,0.22272945,1825.56379763,1828.755434,0,6895,,,,0.00000000,0.00000000,0,0,0,0,0,0,0,0,1,eta-desc,0,0,320,0,0,0,0,0,0,29924,0,0,0,0,0,1201,30325,,,74.94250000,74.85500000,,,159.40000000,159.17000000,0.02169232,0.05474519,,,,
fpp_new_instances_scaling_new20x20,,case04,new20x20,new20x20,shortest_path,FPP-SAA-CVaR,cvar,cvar,0.03,0.9,1.0,20264929,400,1000,0.105000,0.892500,0.000000,0.000000,0.002500,0.134000,0.850000,0.000000,0.000000,0.016000,0.105000,0.892500,0.000000,0.000000,0.002500,1800,1,Feasible,,1,362.00000000,125.54809732,0.65318205,1800.23686295,1805.688727,5,0,,,,0.00000000,0.00000000,0,0,0,0,0,0,0,0,0,,0,0,0,0,0,0,0,0,0,0,0,0,0,0,0,160801,115308,,,145.57750000,137.87700000,,,286.37500000,281.47000000,0.05462221,0.12867218,,,,
fpp_new_instances_scaling_new20x20,,case04,new20x20,new20x20,shortest_path,FPP-Branch-Benders-Combinatorial,expected,expected,0.03,0.9,1.0,20264929,400,1000,0.105000,0.892500,0.000000,0.000000,0.002500,0.134000,0.850000,0.000000,0.000000,0.016000,0.105000,0.892500,0.000000,0.000000,0.002500,1800,1,Optimal,,1,74.28500000,74.21350199,0.00096248,195.26212142,199.988027,109,140295,,,,0.00000000,0.00000000,0,0,0,0,0,0,0,0,1,eta-asc,0,0,3576,0,0,0,0,0,0,105007,0,0,0,0,0,800,105008,,,74.28500000,74.16000000,,,152.27500000,151.35000000,0.02420172,0.06726402,,,,
fpp_new_instances_scaling_new20x20,,case04,new20x20,new20x20,shortest_path,FPP-Branch-Benders-Combinatorial-EtaDesc,expected,expected,0.03,0.9,1.0,20264929,400,1000,0.105000,0.892500,0.000000,0.000000,0.002500,0.134000,0.850000,0.000000,0.000000,0.016000,0.105000,0.892500,0.000000,0.000000,0.002500,1800,1,Optimal,,1,74.28500000,74.21936282,0.00088359,391.53536695,396.468172,85,200953,,,,0.00000000,0.00000000,0,0,0,0,0,0,0,0,1,eta-desc,0,0,1200,0,0,0,0,0,0,219042,0,0,0,0,0,800,219043,,,74.28500000,74.16000000,,,152.27500000,151.35000000,0.02721443,0.07318291,,,,
fpp_new_instances_scaling_new20x20,,case04,new20x20,new20x20,shortest_path,FPP-SAA,expected,expected,0.03,0.9,1.0,20264929,400,1000,0.105000,0.892500,0.000000,0.000000,0.002500,0.134000,0.850000,0.000000,0.000000,0.016000,0.105000,0.892500,0.000000,0.000000,0.002500,1800,1,Optimal,,1,74.28500000,74.28500000,0.00000000,576.24920027,581.513175,32,0,,,,0.00000000,0.00000000,0,0,0,0,0,0,0,0,0,,0,0,0,0,0,0,0,0,0,0,0,0,0,0,0,160400,114908,,,74.28500000,74.16000000,,,152.27500000,151.35000000,0.02804950,0.07231749,,,,
fpp_new_instances_scaling_new20x20,,case04,new20x20,new20x20,shortest_path,FPP-Branch-Benders-Combinatorial-MeanCVaR,mean_cvar,mean-cvar,0.03,0.9,0.5,20264929,400,1000,0.105000,0.892500,0.000000,0.000000,0.002500,0.134000,0.850000,0.000000,0.000000,0.016000,0.105000,0.892500,0.000000,0.000000,0.002500,1800,1,Feasible,,1,110.22625000,105.87106280,0.03951134,1826.36114367,1831.623084,220,501294,,,,0.00000000,0.00000000,0,0,0,0,0,0,0,0,1,eta-asc,0,0,1060,0,0,0,0,0,0,177440,0,0,0,0,0,1201,177841,,,78.22750000,77.29300000,,,142.22500000,148.67000000,0.02878703,0.07468855,,,,
fpp_new_instances_scaling_new20x20,,case04,new20x20,new20x20,shortest_path,FPP-Branch-Benders-Combinatorial-MeanCVaR-EtaDesc,mean_cvar,mean-cvar,0.03,0.9,0.5,20264929,400,1000,0.105000,0.892500,0.000000,0.000000,0.002500,0.134000,0.850000,0.000000,0.000000,0.016000,0.105000,0.892500,0.000000,0.000000,0.002500,1800,1,Feasible,,1,111.92375000,106.28633423,0.05036836,1835.42476586,1840.321726,336,440007,,,,0.00000000,0.00000000,0,0,0,0,0,0,0,0,1,eta-desc,0,0,728,0,0,0,0,0,0,76230,0,0,0,0,0,1201,76631,,,75.74750000,74.53100000,,,148.10000000,150.82000000,0.02520564,0.06956115,,,,
fpp_new_instances_scaling_new20x20,,case05,new20x20,new20x20,shortest_path,FPP-Branch-Benders-CVaR-RootCuts,cvar,cvar,0.03,0.9,1.0,20265929,400,1000,0.107500,0.882500,0.000000,0.000000,0.010000,0.134000,0.850000,0.000000,0.000000,0.016000,0.107500,0.882500,0.000000,0.000000,0.010000,1800,1,Feasible,,1,143.55000000,113.96062915,0.20612589,1800.54097685,1804.488379,12330,1132187,,,,0.00000000,0.00000000,0,1,0,0,0,0,0,0,0,,0,0,21263,,0,0,0,0,0,0,0,0,0,0,0,1201,21950,,,76.64250000,79.80400000,,,143.55000000,154.11000000,0.02735968,0.06209428,,,,
fpp_new_instances_scaling_new20x20,,case05,new20x20,new20x20,shortest_path,FPP-Branch-Benders-Combinatorial-CVaR,cvar,cvar,0.03,0.9,1.0,20265929,400,1000,0.107500,0.882500,0.000000,0.000000,0.010000,0.134000,0.850000,0.000000,0.000000,0.016000,0.107500,0.882500,0.000000,0.000000,0.010000,1800,1,Feasible,,1,152.35000000,120.68286650,0.20785778,1828.08234797,1833.026962,0,10328,,,,0.00000000,0.00000000,0,0,0,0,0,0,0,0,1,eta-asc,0,0,520,0,0,0,0,0,0,49963,0,0,0,0,0,1201,50364,,,70.49750000,75.48100000,,,152.35000000,159.84000000,0.02921532,0.08149499,,,,
fpp_new_instances_scaling_new20x20,,case05,new20x20,new20x20,shortest_path,FPP-Branch-Benders-Combinatorial-CVaR-EtaDesc,cvar,cvar,0.03,0.9,1.0,20265929,400,1000,0.107500,0.882500,0.000000,0.000000,0.010000,0.134000,0.850000,0.000000,0.000000,0.016000,0.107500,0.882500,0.000000,0.000000,0.010000,1800,1,Feasible,,1,139.00000000,127.29681780,0.08419556,1829.29782749,1834.466261,440,409963,,,,0.00000000,0.00000000,0,0,0,0,0,0,0,0,1,eta-desc,0,0,498,0,0,0,0,0,0,54892,0,0,0,0,0,1201,55293,,,77.65250000,79.39700000,,,139.00000000,146.34000000,0.02928270,0.07977937,,,,
fpp_new_instances_scaling_new20x20,,case05,new20x20,new20x20,shortest_path,FPP-SAA-CVaR,cvar,cvar,0.03,0.9,1.0,20265929,400,1000,0.107500,0.882500,0.000000,0.000000,0.010000,0.134000,0.850000,0.000000,0.000000,0.016000,0.107500,0.882500,0.000000,0.000000,0.010000,1800,1,Feasible,,1,143.57500000,121.14061679,0.15625550,1800.13705997,1805.214690,26,0,,,,0.00000000,0.00000000,0,0,0,0,0,0,0,0,0,,0,0,0,0,0,0,0,0,0,0,0,0,0,0,0,160801,110193,,,75.87250000,77.76300000,,,143.57500000,153.73000000,0.03102128,0.07960809,,,,
fpp_new_instances_scaling_new20x20,,case05,new20x20,new20x20,shortest_path,FPP-Branch-Benders-Combinatorial,expected,expected,0.03,0.9,1.0,20265929,400,1000,0.107500,0.882500,0.000000,0.000000,0.010000,0.134000,0.850000,0.000000,0.000000,0.016000,0.107500,0.882500,0.000000,0.000000,0.010000,1800,1,Feasible,,1,70.49750000,68.38327215,0.02999011,1827.51846615,1832.324813,0,43698,,,,0.00000000,0.00000000,0,0,0,0,0,0,0,0,1,eta-asc,0,0,520,0,0,0,0,0,0,5357751,0,0,0,0,0,800,5357752,,,70.49750000,75.48100000,,,152.35000000,159.84000000,0.02876477,0.07013562,,,,
fpp_new_instances_scaling_new20x20,,case05,new20x20,new20x20,shortest_path,FPP-Branch-Benders-Combinatorial-EtaDesc,expected,expected,0.03,0.9,1.0,20265929,400,1000,0.107500,0.882500,0.000000,0.000000,0.010000,0.134000,0.850000,0.000000,0.000000,0.016000,0.107500,0.882500,0.000000,0.000000,0.010000,1800,1,Optimal,,1,70.23500000,70.22244905,0.00017870,228.43200199,233.279137,56,140206,,,,0.00000000,0.00000000,0,0,0,0,0,0,0,0,1,eta-desc,0,0,1606,0,0,0,0,0,0,194857,0,0,0,0,0,800,194858,,,70.23500000,74.41400000,,,146.42500000,154.29000000,0.02913341,0.07479005,,,,
fpp_new_instances_scaling_new20x20,,case05,new20x20,new20x20,shortest_path,FPP-SAA,expected,expected,0.03,0.9,1.0,20265929,400,1000,0.107500,0.882500,0.000000,0.000000,0.010000,0.134000,0.850000,0.000000,0.000000,0.016000,0.107500,0.882500,0.000000,0.000000,0.010000,1800,1,Optimal,,1,70.23500000,70.23500000,0.00000000,620.42792924,625.987243,37,0,,,,0.00000000,0.00000000,0,0,0,0,0,0,0,0,0,,0,0,0,0,0,0,0,0,0,0,0,0,0,0,0,160400,109793,,,70.23500000,74.41400000,,,146.42500000,154.29000000,0.02784622,0.07204117,,,,
fpp_new_instances_scaling_new20x20,,case05,new20x20,new20x20,shortest_path,FPP-Branch-Benders-Combinatorial-MeanCVaR,mean_cvar,mean-cvar,0.03,0.9,0.5,20265929,400,1000,0.107500,0.882500,0.000000,0.000000,0.010000,0.134000,0.850000,0.000000,0.000000,0.016000,0.107500,0.882500,0.000000,0.000000,0.010000,1800,1,Feasible,,1,111.42375000,96.41864013,0.13466707,1829.54600636,1834.499250,0,37467,,,,0.00000000,0.00000000,0,0,0,0,0,0,0,0,1,eta-asc,0,0,320,0,0,0,0,0,0,4373276,0,0,0,0,0,1201,4373677,,,70.49750000,75.48100000,,,152.35000000,159.84000000,0.02505871,0.06966400,,,,
fpp_new_instances_scaling_new20x20,,case05,new20x20,new20x20,shortest_path,FPP-Branch-Benders-Combinatorial-MeanCVaR-EtaDesc,mean_cvar,mean-cvar,0.03,0.9,0.5,20265929,400,1000,0.107500,0.882500,0.000000,0.000000,0.010000,0.134000,0.850000,0.000000,0.000000,0.016000,0.107500,0.882500,0.000000,0.000000,0.010000,1800,1,Feasible,,1,107.14375000,102.64990064,0.04194224,1828.89209362,1832.421958,404,569424,,,,0.00000000,0.00000000,0,0,0,0,0,0,0,0,1,eta-desc,0,0,390,0,0,0,0,0,0,72889,0,0,0,0,0,1201,73290,,,74.01250000,77.12000000,,,140.27500000,150.49000000,0.02295722,0.05278907,,,,
fpp_new_instances_scaling_new20x20,,case06,new20x20,new20x20,shortest_path,FPP-Branch-Benders-CVaR-RootCuts,cvar,cvar,0.03,0.9,1.0,20266929,400,1000,0.127500,0.867500,0.000000,0.000000,0.005000,0.134000,0.850000,0.000000,0.000000,0.016000,0.127500,0.867500,0.000000,0.000000,0.005000,1800,1,Feasible,,1,147.05000000,115.98438071,0.21125889,1800.59092262,1806.550083,10616,831680,,,,0.00000000,0.00000000,0,1,0,0,0,0,0,0,0,,0,0,21270,,0,0,0,0,0,0,0,0,0,0,0,1201,21964,,,78.53750000,80.63300000,,,147.05000000,160.08000000,0.03376139,0.08541982,,,,
fpp_new_instances_scaling_new20x20,,case06,new20x20,new20x20,shortest_path,FPP-Branch-Benders-Combinatorial-CVaR,cvar,cvar,0.03,0.9,1.0,20266929,400,1000,0.127500,0.867500,0.000000,0.000000,0.005000,0.134000,0.850000,0.000000,0.000000,0.016000,0.127500,0.867500,0.000000,0.000000,0.005000,1800,1,Feasible,,1,144.57500000,130.85115037,0.09492547,1824.78015608,1829.755340,628,374007,,,,0.00000000,0.00000000,0,0,0,0,0,0,0,0,1,eta-asc,0,0,978,0,0,0,0,0,0,56419,0,0,0,0,0,1201,56820,,,83.45750000,82.89200000,,,144.57500000,151.79000000,0.03089615,0.08519448,,,,
fpp_new_instances_scaling_new20x20,,case06,new20x20,new20x20,shortest_path,FPP-Branch-Benders-Combinatorial-CVaR-EtaDesc,cvar,cvar,0.03,0.9,1.0,20266929,400,1000,0.127500,0.867500,0.000000,0.000000,0.005000,0.134000,0.850000,0.000000,0.000000,0.016000,0.127500,0.867500,0.000000,0.000000,0.005000,1800,1,Feasible,,1,143.60000000,131.55451715,0.08388219,1829.85702018,1833.335198,647,470716,,,,0.00000000,0.00000000,0,0,0,0,0,0,0,0,1,eta-desc,0,0,471,0,0,0,0,0,0,64385,0,0,0,0,0,1201,64786,,,81.42750000,81.22200000,,,143.60000000,150.53000000,0.02185397,0.05873274,,,,
fpp_new_instances_scaling_new20x20,,case06,new20x20,new20x20,shortest_path,FPP-SAA-CVaR,cvar,cvar,0.03,0.9,1.0,20266929,400,1000,0.127500,0.867500,0.000000,0.000000,0.005000,0.134000,0.850000,0.000000,0.000000,0.016000,0.127500,0.867500,0.000000,0.000000,0.005000,1800,1,Feasible,,1,363.00000000,124.13539869,0.65802920,1800.08688659,1803.806050,6,0,,,,0.00000000,0.00000000,0,0,0,0,0,0,0,0,0,,0,0,0,0,0,0,0,0,0,0,0,0,0,0,0,160801,107912,,,86.76750000,87.87100000,,,165.75000000,178.66000000,0.02311540,0.06644582,,,,
fpp_new_instances_scaling_new20x20,,case06,new20x20,new20x20,shortest_path,FPP-Branch-Benders-Combinatorial,expected,expected,0.03,0.9,1.0,20266929,400,1000,0.127500,0.867500,0.000000,0.000000,0.005000,0.134000,0.850000,0.000000,0.000000,0.016000,0.127500,0.867500,0.000000,0.000000,0.005000,1800,1,Optimal,,1,72.35250000,72.35250000,0.00000000,155.88501352,161.067705,113,120675,,,,0.00000000,0.00000000,0,0,0,0,0,0,0,0,1,eta-asc,0,0,1600,0,0,0,0,0,0,75999,0,0,0,0,0,800,76000,,,72.35250000,73.29700000,,,153.15000000,150.47000000,0.02332507,0.06494981,,,,
fpp_new_instances_scaling_new20x20,,case06,new20x20,new20x20,shortest_path,FPP-Branch-Benders-Combinatorial-EtaDesc,expected,expected,0.03,0.9,1.0,20266929,400,1000,0.127500,0.867500,0.000000,0.000000,0.005000,0.134000,0.850000,0.000000,0.000000,0.016000,0.127500,0.867500,0.000000,0.000000,0.005000,1800,1,Optimal,,1,72.35250000,72.35250000,0.00000000,198.10487577,201.547575,100,152428,,,,0.00000000,0.00000000,0,0,0,0,0,0,0,0,1,eta-desc,0,0,2681,0,0,0,0,0,0,132218,0,0,0,0,0,800,132219,,,72.35250000,73.29700000,,,153.15000000,150.47000000,0.02147531,0.04897827,,,,
fpp_new_instances_scaling_new20x20,,case06,new20x20,new20x20,shortest_path,FPP-SAA,expected,expected,0.03,0.9,1.0,20266929,400,1000,0.127500,0.867500,0.000000,0.000000,0.005000,0.134000,0.850000,0.000000,0.000000,0.016000,0.127500,0.867500,0.000000,0.000000,0.005000,1800,1,Optimal,,1,72.35250000,72.29625000,0.00077744,715.33824006,720.919161,46,0,,,,0.00000000,0.00000000,0,0,0,0,0,0,0,0,0,,0,0,0,0,0,0,0,0,0,0,0,0,0,0,0,160400,107512,,,72.35250000,73.29700000,,,153.15000000,150.47000000,0.02863420,0.07232806,,,,
fpp_new_instances_scaling_new20x20,,case06,new20x20,new20x20,shortest_path,FPP-Branch-Benders-Combinatorial-MeanCVaR,mean_cvar,mean-cvar,0.03,0.9,0.5,20266929,400,1000,0.127500,0.867500,0.000000,0.000000,0.005000,0.134000,0.850000,0.000000,0.000000,0.016000,0.127500,0.867500,0.000000,0.000000,0.005000,1800,1,Feasible,,1,108.89875000,104.90257857,0.03669621,1827.89217832,1833.254753,311,395869,,,,0.00000000,0.00000000,0,0,0,0,0,0,0,0,1,eta-asc,0,0,1147,0,0,0,0,0,0,116274,0,0,0,0,0,1201,116675,,,75.12250000,76.03800000,,,142.67500000,150.75000000,0.02739379,0.06897105,,,,
fpp_new_instances_scaling_new20x20,,case06,new20x20,new20x20,shortest_path,FPP-Branch-Benders-Combinatorial-MeanCVaR-EtaDesc,mean_cvar,mean-cvar,0.03,0.9,0.5,20266929,400,1000,0.127500,0.867500,0.000000,0.000000,0.005000,0.134000,0.850000,0.000000,0.000000,0.016000,0.127500,0.867500,0.000000,0.000000,0.005000,1800,1,Feasible,,1,108.89875000,105.93797954,0.02718829,1833.25785458,1836.697505,517,415116,,,,0.00000000,0.00000000,0,0,0,0,0,0,0,0,1,eta-desc,0,0,482,0,0,0,0,0,0,70600,0,0,0,0,0,1201,71001,,,75.12250000,76.03800000,,,142.67500000,150.75000000,0.02156716,0.05295855,,,,
fpp_new_instances_scaling_new20x20,,case07,new20x20,new20x20,shortest_path,FPP-Branch-Benders-CVaR-RootCuts,cvar,cvar,0.03,0.9,1.0,20267929,400,1000,0.125000,0.872500,0.000000,0.000000,0.002500,0.134000,0.850000,0.000000,0.000000,0.016000,0.125000,0.872500,0.000000,0.000000,0.002500,1800,1,Feasible,,1,147.37500000,115.80624299,0.21420700,1800.85525792,1807.279405,9717,791723,,,,0.00000000,0.00000000,0,1,0,0,0,0,0,0,0,,0,0,23084,,0,0,0,0,0,0,0,0,0,0,0,1201,23778,,,80.76250000,80.43000000,,,147.37500000,155.60000000,0.03292066,0.08161465,,,,
fpp_new_instances_scaling_new20x20,,case07,new20x20,new20x20,shortest_path,FPP-Branch-Benders-Combinatorial-CVaR,cvar,cvar,0.03,0.9,1.0,20267929,400,1000,0.125000,0.872500,0.000000,0.000000,0.002500,0.134000,0.850000,0.000000,0.000000,0.016000,0.125000,0.872500,0.000000,0.000000,0.002500,1800,1,Feasible,,1,143.55000000,130.50211902,0.09089433,1820.77144992,1825.788327,539,341081,,,,0.00000000,0.00000000,0,0,0,0,0,0,0,0,1,eta-asc,0,0,483,0,0,0,0,0,0,60216,0,0,0,0,0,1201,60617,,,81.12000000,79.54900000,,,143.55000000,146.18000000,0.03311804,0.07699162,,,,
fpp_new_instances_scaling_new20x20,,case07,new20x20,new20x20,shortest_path,FPP-Branch-Benders-Combinatorial-CVaR-EtaDesc,cvar,cvar,0.03,0.9,1.0,20267929,400,1000,0.125000,0.872500,0.000000,0.000000,0.002500,0.134000,0.850000,0.000000,0.000000,0.016000,0.125000,0.872500,0.000000,0.000000,0.002500,1800,1,Feasible,,1,142.32500000,130.52164993,0.08293237,1827.36156353,1832.241474,521,347536,,,,0.00000000,0.00000000,0,0,0,0,0,0,0,0,1,eta-desc,0,0,362,0,0,0,0,0,0,54297,0,0,0,0,0,1201,54698,,,77.56000000,76.88900000,,,142.32500000,147.18000000,0.02986683,0.07694550,,,,
fpp_new_instances_scaling_new20x20,,case07,new20x20,new20x20,shortest_path,FPP-SAA-CVaR,cvar,cvar,0.03,0.9,1.0,20267929,400,1000,0.125000,0.872500,0.000000,0.000000,0.002500,0.134000,0.850000,0.000000,0.000000,0.016000,0.125000,0.872500,0.000000,0.000000,0.002500,1800,1,Feasible,,1,354.00000000,124.36048315,0.64869920,1800.13013271,1805.555541,8,0,,,,0.00000000,0.00000000,0,0,0,0,0,0,0,0,0,,0,0,0,0,0,0,0,0,0,0,0,0,0,0,0,160801,113125,,,84.24750000,85.71600000,,,186.70000000,187.24000000,0.03286252,0.08322172,,,,
fpp_new_instances_scaling_new20x20,,case07,new20x20,new20x20,shortest_path,FPP-Branch-Benders-Combinatorial,expected,expected,0.03,0.9,1.0,20267929,400,1000,0.125000,0.872500,0.000000,0.000000,0.002500,0.134000,0.850000,0.000000,0.000000,0.016000,0.125000,0.872500,0.000000,0.000000,0.002500,1800,1,Optimal,,1,72.48250000,72.41995770,0.00086286,100.75695950,104.138477,41,93141,,,,0.00000000,0.00000000,0,0,0,0,0,0,0,0,1,eta-asc,0,0,2280,0,0,0,0,0,0,94891,0,0,0,0,0,800,94892,,,72.48250000,73.59000000,,,149.25000000,153.34000000,0.02115462,0.04698822,,,,
fpp_new_instances_scaling_new20x20,,case07,new20x20,new20x20,shortest_path,FPP-Branch-Benders-Combinatorial-EtaDesc,expected,expected,0.03,0.9,1.0,20267929,400,1000,0.125000,0.872500,0.000000,0.000000,0.002500,0.134000,0.850000,0.000000,0.000000,0.016000,0.125000,0.872500,0.000000,0.000000,0.002500,1800,1,Optimal,,1,72.48250000,72.45098805,0.00043475,229.44417085,232.593840,87,173114,,,,0.00000000,0.00000000,0,0,0,0,0,0,0,0,1,eta-desc,0,0,2240,0,0,0,0,0,0,177628,0,0,0,0,0,800,177629,,,72.48250000,73.59000000,,,149.25000000,153.34000000,0.02204910,0.05487980,,,,
fpp_new_instances_scaling_new20x20,,case07,new20x20,new20x20,shortest_path,FPP-SAA,expected,expected,0.03,0.9,1.0,20267929,400,1000,0.125000,0.872500,0.000000,0.000000,0.002500,0.134000,0.850000,0.000000,0.000000,0.016000,0.125000,0.872500,0.000000,0.000000,0.002500,1800,1,Optimal,,1,72.48250000,72.48250000,0.00000000,469.24624535,474.255228,19,0,,,,0.00000000,0.00000000,0,0,0,0,0,0,0,0,0,,0,0,0,0,0,0,0,0,0,0,0,0,0,0,0,160400,112725,,,72.48250000,73.59000000,,,149.25000000,153.34000000,0.02792463,0.06813448,,,,
fpp_new_instances_scaling_new20x20,,case07,new20x20,new20x20,shortest_path,FPP-Branch-Benders-Combinatorial-MeanCVaR,mean_cvar,mean-cvar,0.03,0.9,0.5,20267929,400,1000,0.125000,0.872500,0.000000,0.000000,0.002500,0.134000,0.850000,0.000000,0.000000,0.016000,0.125000,0.872500,0.000000,0.000000,0.002500,1800,1,Feasible,,1,110.09625000,103.63975862,0.05864406,1835.47028597,1840.817137,241,503621,,,,0.00000000,0.00000000,0,0,0,0,0,0,0,0,1,eta-asc,0,0,723,0,0,0,0,0,0,162141,0,0,0,0,0,1201,162542,,,75.66750000,77.94700000,,,144.52500000,156.45000000,0.03107717,0.08202919,,,,
fpp_new_instances_scaling_new20x20,,case07,new20x20,new20x20,shortest_path,FPP-Branch-Benders-Combinatorial-MeanCVaR-EtaDesc,mean_cvar,mean-cvar,0.03,0.9,0.5,20267929,400,1000,0.125000,0.872500,0.000000,0.000000,0.002500,0.134000,0.850000,0.000000,0.000000,0.016000,0.125000,0.872500,0.000000,0.000000,0.002500,1800,1,Feasible,,1,109.95375000,104.20736958,0.05226180,1829.10965897,1833.945746,324,382194,,,,0.00000000,0.00000000,0,0,0,0,0,0,0,0,1,eta-desc,0,0,334,0,0,0,0,0,0,75899,0,0,0,0,0,1201,76300,,,74.90750000,75.17700000,,,145.00000000,149.47000000,0.02710109,0.07356732,,,,
fpp_new_instances_scaling_new20x20,,case08,new20x20,new20x20,shortest_path,FPP-Branch-Benders-CVaR-RootCuts,cvar,cvar,0.03,0.9,1.0,20268929,400,1000,0.100000,0.890000,0.000000,0.000000,0.010000,0.134000,0.850000,0.000000,0.000000,0.016000,0.100000,0.890000,0.000000,0.000000,0.010000,1800,1,Feasible,,1,150.12500000,114.21893884,0.23917443,1800.54071015,1805.046968,11060,794673,,,,0.00000000,0.00000000,0,1,0,0,0,0,0,0,0,,0,0,22446,,0,0,0,0,0,0,0,0,0,0,0,1201,23143,,,77.79750000,79.56100000,,,150.12500000,156.05000000,0.02439775,0.06839676,,,,
fpp_new_instances_scaling_new20x20,,case08,new20x20,new20x20,shortest_path,FPP-Branch-Benders-Combinatorial-CVaR,cvar,cvar,0.03,0.9,1.0,20268929,400,1000,0.100000,0.890000,0.000000,0.000000,0.010000,0.134000,0.850000,0.000000,0.000000,0.016000,0.100000,0.890000,0.000000,0.000000,0.010000,1800,1,Feasible,,1,141.82500000,129.44652288,0.08727994,1826.61332981,1831.465227,410,355174,,,,0.00000000,0.00000000,0,0,0,0,0,0,0,0,1,eta-asc,0,0,896,0,0,0,0,0,0,54923,0,0,0,0,0,1201,55324,,,79.70500000,80.89300000,,,141.82500000,148.95000000,0.02843125,0.07080628,,,,
fpp_new_instances_scaling_new20x20,,case08,new20x20,new20x20,shortest_path,FPP-Branch-Benders-Combinatorial-CVaR-EtaDesc,cvar,cvar,0.03,0.9,1.0,20268929,400,1000,0.100000,0.890000,0.000000,0.000000,0.010000,0.134000,0.850000,0.000000,0.000000,0.016000,0.100000,0.890000,0.000000,0.000000,0.010000,1800,1,Feasible,,1,140.67500000,131.05720139,0.06836893,1829.65587621,1834.735702,454,478587,,,,0.00000000,0.00000000,0,0,0,0,0,0,0,0,1,eta-desc,0,0,635,0,0,0,0,0,0,59021,0,0,0,0,0,1201,59422,,,79.95500000,81.48600000,,,140.67500000,146.10000000,0.03084073,0.07770054,,,,
fpp_new_instances_scaling_new20x20,,case08,new20x20,new20x20,shortest_path,FPP-SAA-CVaR,cvar,cvar,0.03,0.9,1.0,20268929,400,1000,0.100000,0.890000,0.000000,0.000000,0.010000,0.134000,0.850000,0.000000,0.000000,0.016000,0.100000,0.890000,0.000000,0.000000,0.010000,1800,1,Feasible,,1,367.00000000,125.11133139,0.65909719,1800.14521337,1805.206927,6,0,,,,0.00000000,0.00000000,0,0,0,0,0,0,0,0,0,,0,0,0,0,0,0,0,0,0,0,0,0,0,0,0,160801,108472,,,121.08250000,123.35900000,,,250.00000000,253.37000000,0.04537955,0.11741569,,,,
fpp_new_instances_scaling_new20x20,,case08,new20x20,new20x20,shortest_path,FPP-Branch-Benders-Combinatorial,expected,expected,0.03,0.9,1.0,20268929,400,1000,0.100000,0.890000,0.000000,0.000000,0.010000,0.134000,0.850000,0.000000,0.000000,0.016000,0.100000,0.890000,0.000000,0.000000,0.010000,1800,1,Optimal,,1,72.04000000,71.96851110,0.00099235,178.41715729,183.469177,166,148293,,,,0.00000000,0.00000000,0,0,0,0,0,0,0,0,1,eta-asc,0,0,1288,0,0,0,0,0,0,73317,0,0,0,0,0,800,73318,,,72.04000000,74.13900000,,,151.85000000,154.77000000,0.02562481,0.07083655,,,,
fpp_new_instances_scaling_new20x20,,case08,new20x20,new20x20,shortest_path,FPP-Branch-Benders-Combinatorial-EtaDesc,expected,expected,0.03,0.9,1.0,20268929,400,1000,0.100000,0.890000,0.000000,0.000000,0.010000,0.134000,0.850000,0.000000,0.000000,0.016000,0.100000,0.890000,0.000000,0.000000,0.010000,1800,1,Optimal,,1,72.04000000,72.03777314,0.00003091,302.99963517,307.825684,135,194341,,,,0.00000000,0.00000000,0,0,0,0,0,0,0,0,1,eta-desc,0,0,2640,0,0,0,0,0,0,152498,0,0,0,0,0,800,152499,,,72.04000000,74.13900000,,,151.85000000,154.77000000,0.02617170,0.07111897,,,,
fpp_new_instances_scaling_new20x20,,case08,new20x20,new20x20,shortest_path,FPP-SAA,expected,expected,0.03,0.9,1.0,20268929,400,1000,0.100000,0.890000,0.000000,0.000000,0.010000,0.134000,0.850000,0.000000,0.000000,0.016000,0.100000,0.890000,0.000000,0.000000,0.010000,1800,1,Optimal,,1,72.04000000,71.97750000,0.00086757,697.86054450,701.333412,36,0,,,,0.00000000,0.00000000,0,0,0,0,0,0,0,0,0,,0,0,0,0,0,0,0,0,0,0,0,0,0,0,0,160400,108072,,,72.04000000,74.13900000,,,151.85000000,154.77000000,0.01777475,0.05051075,,,,
fpp_new_instances_scaling_new20x20,,case08,new20x20,new20x20,shortest_path,FPP-Branch-Benders-Combinatorial-MeanCVaR,mean_cvar,mean-cvar,0.03,0.9,0.5,20268929,400,1000,0.100000,0.890000,0.000000,0.000000,0.010000,0.134000,0.850000,0.000000,0.000000,0.016000,0.100000,0.890000,0.000000,0.000000,0.010000,1800,1,Feasible,,1,109.85375000,102.66371850,0.06545094,1823.92808219,1828.489444,191,371641,,,,0.00000000,0.00000000,0,0,0,0,0,0,0,0,1,eta-asc,0,0,760,0,0,0,0,0,0,115498,0,0,0,0,0,1201,115899,,,74.83250000,77.06000000,,,144.87500000,155.11000000,0.02402713,0.06168177,,,,
fpp_new_instances_scaling_new20x20,,case08,new20x20,new20x20,shortest_path,FPP-Branch-Benders-Combinatorial-MeanCVaR-EtaDesc,mean_cvar,mean-cvar,0.03,0.9,0.5,20268929,400,1000,0.100000,0.890000,0.000000,0.000000,0.010000,0.134000,0.850000,0.000000,0.000000,0.016000,0.100000,0.890000,0.000000,0.000000,0.010000,1800,1,Feasible,,1,107.86750000,104.64819881,0.02984496,1828.71485058,1833.811550,328,511085,,,,0.00000000,0.00000000,0,0,0,0,0,0,0,0,1,eta-desc,0,0,926,0,0,0,0,0,0,76039,0,0,0,0,0,1201,76440,,,73.93500000,75.65800000,,,141.80000000,149.57000000,0.02914219,0.07345473,,,,
fpp_new_instances_scaling_new20x20,,case09,new20x20,new20x20,shortest_path,FPP-Branch-Benders-CVaR-RootCuts,cvar,cvar,0.03,0.9,1.0,20269929,400,1000,0.122500,0.872500,0.000000,0.000000,0.005000,0.134000,0.850000,0.000000,0.000000,0.016000,0.122500,0.872500,0.000000,0.000000,0.005000,1800,1,Feasible,,1,147.00000000,115.22285357,0.21617106,1800.54809076,1806.713748,7447,640495,,,,0.00000000,0.00000000,0,1,0,0,0,0,0,0,0,,0,0,25480,,0,0,0,0,0,0,0,0,0,0,0,1201,26182,,,78.39750000,78.11200000,,,147.00000000,154.10000000,0.03000690,0.08063876,,,,
fpp_new_instances_scaling_new20x20,,case09,new20x20,new20x20,shortest_path,FPP-Branch-Benders-Combinatorial-CVaR,cvar,cvar,0.03,0.9,1.0,20269929,400,1000,0.122500,0.872500,0.000000,0.000000,0.005000,0.134000,0.850000,0.000000,0.000000,0.016000,0.122500,0.872500,0.000000,0.000000,0.005000,1800,1,Feasible,,1,144.97500000,132.65606426,0.08497283,1817.84493375,1823.224934,643,442655,,,,0.00000000,0.00000000,0,0,0,0,0,0,0,0,1,eta-asc,0,0,1044,0,0,0,0,0,0,64908,0,0,0,0,0,1201,65309,,,81.37750000,79.72800000,,,144.97500000,147.18000000,0.02814867,0.07182982,,,,
fpp_new_instances_scaling_new20x20,,case09,new20x20,new20x20,shortest_path,FPP-Branch-Benders-Combinatorial-CVaR-EtaDesc,cvar,cvar,0.03,0.9,1.0,20269929,400,1000,0.122500,0.872500,0.000000,0.000000,0.005000,0.134000,0.850000,0.000000,0.000000,0.016000,0.122500,0.872500,0.000000,0.000000,0.005000,1800,1,Feasible,,1,143.47500000,132.08292913,0.07940109,1825.53871773,1830.384658,615,533001,,,,0.00000000,0.00000000,0,0,0,0,0,0,0,0,1,eta-desc,0,0,495,0,0,0,0,0,0,70264,0,0,0,0,0,1201,70665,,,77.97750000,78.11700000,,,143.47500000,145.89000000,0.02910038,0.07844224,,,,
fpp_new_instances_scaling_new20x20,,case09,new20x20,new20x20,shortest_path,FPP-SAA-CVaR,cvar,cvar,0.03,0.9,1.0,20269929,400,1000,0.122500,0.872500,0.000000,0.000000,0.005000,0.134000,0.850000,0.000000,0.000000,0.016000,0.122500,0.872500,0.000000,0.000000,0.005000,1800,1,Feasible,,1,376.00000000,124.23342684,0.66959195,1800.11131986,1803.456301,4,0,,,,0.00000000,0.00000000,0,0,0,0,0,0,0,0,0,,0,0,0,0,0,0,0,0,0,0,0,0,0,0,0,160801,113016,,,134.25750000,134.80000000,,,272.07500000,280.51000000,0.03524384,0.08659822,,,,
fpp_new_instances_scaling_new20x20,,case09,new20x20,new20x20,shortest_path,FPP-Branch-Benders-Combinatorial,expected,expected,0.03,0.9,1.0,20269929,400,1000,0.122500,0.872500,0.000000,0.000000,0.005000,0.134000,0.850000,0.000000,0.000000,0.016000,0.122500,0.872500,0.000000,0.000000,0.005000,1800,1,Optimal,,1,73.37250000,73.32969992,0.00058333,182.10812583,186.986094,77,140573,,,,0.00000000,0.00000000,0,0,0,0,0,0,0,0,1,eta-asc,0,0,4519,0,0,0,0,0,0,111362,0,0,0,0,0,800,111363,,,73.37250000,73.66000000,,,148.92500000,150.46000000,0.02705616,0.06617878,,,,
fpp_new_instances_scaling_new20x20,,case09,new20x20,new20x20,shortest_path,FPP-Branch-Benders-Combinatorial-EtaDesc,expected,expected,0.03,0.9,1.0,20269929,400,1000,0.122500,0.872500,0.000000,0.000000,0.005000,0.134000,0.850000,0.000000,0.000000,0.016000,0.122500,0.872500,0.000000,0.000000,0.005000,1800,1,Optimal,,1,73.37250000,73.34587636,0.00036286,222.27411937,225.805578,99,145664,,,,0.00000000,0.00000000,0,0,0,0,0,0,0,0,1,eta-desc,0,0,1568,0,0,0,0,0,0,145191,0,0,0,0,0,800,145192,,,73.37250000,73.66000000,,,148.92500000,150.46000000,0.02226586,0.05259744,,,,
fpp_new_instances_scaling_new20x20,,case09,new20x20,new20x20,shortest_path,FPP-SAA,expected,expected,0.03,0.9,1.0,20269929,400,1000,0.122500,0.872500,0.000000,0.000000,0.005000,0.134000,0.850000,0.000000,0.000000,0.016000,0.122500,0.872500,0.000000,0.000000,0.005000,1800,1,Optimal,,1,73.37250000,73.37250000,0.00000000,552.02316437,555.845236,29,0,,,,0.00000000,0.00000000,0,0,0,0,0,0,0,0,0,,0,0,0,0,0,0,0,0,0,0,0,0,0,0,0,160400,112616,,,73.37250000,73.66000000,,,148.92500000,150.46000000,0.02176092,0.05198107,,,,
fpp_new_instances_scaling_new20x20,,case09,new20x20,new20x20,shortest_path,FPP-Branch-Benders-Combinatorial-MeanCVaR,mean_cvar,mean-cvar,0.03,0.9,0.5,20269929,400,1000,0.122500,0.872500,0.000000,0.000000,0.005000,0.134000,0.850000,0.000000,0.000000,0.016000,0.122500,0.872500,0.000000,0.000000,0.005000,1800,1,Feasible,,1,111.82250000,103.70660821,0.07257834,1824.59796717,1829.513964,220,576358,,,,0.00000000,0.00000000,0,0,0,0,0,0,0,0,1,eta-asc,0,0,1269,0,0,0,0,0,0,159376,0,0,0,0,0,1201,159777,,,78.02000000,78.08800000,,,145.62500000,150.44000000,0.02822121,0.07137510,,,,
fpp_new_instances_scaling_new20x20,,case09,new20x20,new20x20,shortest_path,FPP-Branch-Benders-Combinatorial-MeanCVaR-EtaDesc,mean_cvar,mean-cvar,0.03,0.9,0.5,20269929,400,1000,0.122500,0.872500,0.000000,0.000000,0.005000,0.134000,0.850000,0.000000,0.000000,0.016000,0.122500,0.872500,0.000000,0.000000,0.005000,1800,1,Feasible,,1,110.74375000,104.71538499,0.05443526,1829.59896952,1834.438229,351,418018,,,,0.00000000,0.00000000,0,0,0,0,0,0,0,0,1,eta-desc,0,0,454,0,0,0,0,0,0,83775,0,0,0,0,0,1201,84176,,,74.93750000,75.96300000,,,146.55000000,148.89000000,0.02836623,0.07106185,,,,
fpp_new_instances_scaling_new20x20,,case00,new20x20,new20x20,shortest_path,FPP-Branch-Benders-CVaR-RootCuts,cvar,cvar,0.01,0.9,1.0,20261129,600,1000,0.123333,0.875000,0.000000,0.000000,0.001667,0.134000,0.850000,0.000000,0.000000,0.016000,0.123333,0.875000,0.000000,0.000000,0.001667,1800,1,Optimal,,1,265.55000000,265.28512274,0.00099747,49.25305062,54.155256,2318,173955,,,,0.00000000,0.00000000,0,1,0,0,0,0,0,0,0,,0,0,10672,,0,0,0,0,0,0,0,0,0,0,0,1601,11711,,,142.49333333,141.90800000,,,265.55000000,266.26000000,0.05533421,0.09096266,,,,
fpp_new_instances_scaling_new20x20,,case00,new20x20,new20x20,shortest_path,FPP-Branch-Benders-Combinatorial-CVaR,cvar,cvar,0.01,0.9,1.0,20261129,600,1000,0.123333,0.875000,0.000000,0.000000,0.001667,0.134000,0.850000,0.000000,0.000000,0.016000,0.123333,0.875000,0.000000,0.000000,0.001667,1800,1,Optimal,,1,265.55000000,265.44731523,0.00038669,116.94875760,121.229270,140,60384,,,,0.00000000,0.00000000,0,0,0,0,0,0,0,0,1,eta-asc,0,0,701,0,0,0,0,0,0,17273,0,0,0,0,0,1601,17874,,,142.49333333,141.90800000,,,265.55000000,266.26000000,0.05467566,0.09389601,,,,
fpp_new_instances_scaling_new20x20,,case00,new20x20,new20x20,shortest_path,FPP-Branch-Benders-Combinatorial-CVaR-EtaDesc,cvar,cvar,0.01,0.9,1.0,20261129,600,1000,0.123333,0.875000,0.000000,0.000000,0.001667,0.134000,0.850000,0.000000,0.000000,0.016000,0.123333,0.875000,0.000000,0.000000,0.001667,1800,1,Optimal,,1,265.55000000,265.38350727,0.00062697,105.16990669,109.558514,138,53455,,,,0.00000000,0.00000000,0,0,0,0,0,0,0,0,1,eta-desc,0,0,414,0,0,0,0,0,0,16261,0,0,0,0,0,1601,16862,,,142.49333333,141.90800000,,,265.55000000,266.26000000,0.05859610,0.09426949,,,,
fpp_new_instances_scaling_new20x20,,case00,new20x20,new20x20,shortest_path,FPP-SAA-CVaR,cvar,cvar,0.01,0.9,1.0,20261129,600,1000,0.123333,0.875000,0.000000,0.000000,0.001667,0.134000,0.850000,0.000000,0.000000,0.016000,0.123333,0.875000,0.000000,0.000000,0.001667,1800,1,Feasible,,1,3015.88333333,0.00000000,1.00000000,1800.31716764,1807.113690,0,0,,,,0.00000000,0.00000000,0,0,0,0,0,0,0,0,0,,0,0,0,0,0,0,0,0,0,0,0,0,0,0,0,241001,170115,,,261.58833333,255.79600000,,,400.00000000,400.00000000,0.12903473,0.21891007,,,,
fpp_new_instances_scaling_new20x20,,case00,new20x20,new20x20,shortest_path,FPP-Branch-Benders-Combinatorial,expected,expected,0.01,0.9,1.0,20261129,600,1000,0.123333,0.875000,0.000000,0.000000,0.001667,0.134000,0.850000,0.000000,0.000000,0.016000,0.123333,0.875000,0.000000,0.000000,0.001667,1800,1,Optimal,,1,130.88500000,130.88500000,0.00000000,45.47408268,51.962060,5,8594,,,,0.00000000,0.00000000,0,0,0,0,0,0,0,0,1,eta-asc,0,0,2563,0,0,0,0,0,0,14558,0,0,0,0,0,1000,14559,,,130.88500000,133.25700000,,,279.58333333,285.15000000,0.06756144,0.10584622,,,,
fpp_new_instances_scaling_new20x20,,case00,new20x20,new20x20,shortest_path,FPP-Branch-Benders-Combinatorial-EtaDesc,expected,expected,0.01,0.9,1.0,20261129,600,1000,0.123333,0.875000,0.000000,0.000000,0.001667,0.134000,0.850000,0.000000,0.000000,0.016000,0.123333,0.875000,0.000000,0.000000,0.001667,1800,1,Optimal,,1,130.88500000,130.82724845,0.00044124,63.45182019,69.725957,6,11096,,,,0.00000000,0.00000000,0,0,0,0,0,0,0,0,1,eta-desc,0,0,2640,0,0,0,0,0,0,19388,0,0,0,0,0,1000,19389,,,130.88500000,133.25700000,,,279.58333333,285.15000000,0.07344172,0.12007224,,,,
fpp_new_instances_scaling_new20x20,,case00,new20x20,new20x20,shortest_path,FPP-SAA,expected,expected,0.01,0.9,1.0,20261129,600,1000,0.123333,0.875000,0.000000,0.000000,0.001667,0.134000,0.850000,0.000000,0.000000,0.016000,0.123333,0.875000,0.000000,0.000000,0.001667,1800,1,Optimal,,1,130.88500000,130.88500000,0.00000000,1714.48663250,1720.409773,7,0,,,,0.00000000,0.00000000,0,0,0,0,0,0,0,0,0,,0,0,0,0,0,0,0,0,0,0,0,0,0,0,0,240400,169515,,,130.88500000,133.25700000,,,279.58333333,285.15000000,0.07141505,0.09921418,,,,
fpp_new_instances_scaling_new20x20,,case00,new20x20,new20x20,shortest_path,FPP-Branch-Benders-Combinatorial-MeanCVaR,mean_cvar,mean-cvar,0.01,0.9,0.5,20261129,600,1000,0.123333,0.875000,0.000000,0.000000,0.001667,0.134000,0.850000,0.000000,0.000000,0.016000,0.123333,0.875000,0.000000,0.000000,0.001667,1800,1,Optimal,,1,202.92750000,202.82723008,0.00049412,113.30546458,117.353925,87,71931,,,,0.00000000,0.00000000,0,0,0,0,0,0,0,0,1,eta-asc,0,0,758,0,0,0,0,0,0,28065,0,0,0,0,0,1601,28666,,,137.23833333,134.99400000,,,268.61666667,267.83000000,0.05823602,0.09226060,,,,
fpp_new_instances_scaling_new20x20,,case00,new20x20,new20x20,shortest_path,FPP-Branch-Benders-Combinatorial-MeanCVaR-EtaDesc,mean_cvar,mean-cvar,0.01,0.9,0.5,20261129,600,1000,0.123333,0.875000,0.000000,0.000000,0.001667,0.134000,0.850000,0.000000,0.000000,0.016000,0.123333,0.875000,0.000000,0.000000,0.001667,1800,1,Optimal,,1,202.92750000,202.92750000,0.00000000,99.18144962,105.155277,71,50644,,,,0.00000000,0.00000000,0,0,0,0,0,0,0,0,1,eta-desc,0,0,753,0,0,0,0,0,0,15102,0,0,0,0,0,1601,15703,,,137.23833333,134.99400000,,,268.61666667,267.83000000,0.07003289,0.12130876,,,,
fpp_new_instances_scaling_new20x20,,case01,new20x20,new20x20,shortest_path,FPP-Branch-Benders-CVaR-RootCuts,cvar,cvar,0.01,0.9,1.0,20262129,600,1000,0.126667,0.870000,0.000000,0.000000,0.003333,0.134000,0.850000,0.000000,0.000000,0.016000,0.126667,0.870000,0.000000,0.000000,0.003333,1800,1,Optimal,,1,259.76666667,259.51471079,0.00096993,51.97332570,57.812447,1656,129142,,,,0.00000000,0.00000000,0,1,0,0,0,0,0,0,0,,0,0,8710,,0,0,0,0,0,0,0,0,0,0,0,1601,9723,,,148.43500000,142.66300000,,,259.76666667,265.53000000,0.08420172,0.09481410,,,,
fpp_new_instances_scaling_new20x20,,case01,new20x20,new20x20,shortest_path,FPP-Branch-Benders-Combinatorial-CVaR,cvar,cvar,0.01,0.9,1.0,20262129,600,1000,0.126667,0.870000,0.000000,0.000000,0.003333,0.134000,0.850000,0.000000,0.000000,0.016000,0.126667,0.870000,0.000000,0.000000,0.003333,1800,1,Optimal,,1,259.76666667,259.76666667,0.00000000,105.22328178,111.390944,85,34701,,,,0.00000000,0.00000000,0,0,0,0,0,0,0,0,1,eta-asc,0,0,358,0,0,0,0,0,0,11982,0,0,0,0,0,1601,12583,,,148.43500000,142.66300000,,,259.76666667,265.53000000,0.07642839,0.12594221,,,,
fpp_new_instances_scaling_new20x20,,case01,new20x20,new20x20,shortest_path,FPP-Branch-Benders-Combinatorial-CVaR-EtaDesc,cvar,cvar,0.01,0.9,1.0,20262129,600,1000,0.126667,0.870000,0.000000,0.000000,0.003333,0.134000,0.850000,0.000000,0.000000,0.016000,0.126667,0.870000,0.000000,0.000000,0.003333,1800,1,Optimal,,1,259.76666667,259.76666667,0.00000000,79.89318687,85.842692,80,29302,,,,0.00000000,0.00000000,0,0,0,0,0,0,0,0,1,eta-desc,0,0,432,0,0,0,0,0,0,8846,0,0,0,0,0,1601,9447,,,148.43500000,142.66300000,,,259.76666667,265.53000000,0.06774837,0.12357103,,,,
fpp_new_instances_scaling_new20x20,,case01,new20x20,new20x20,shortest_path,FPP-SAA-CVaR,cvar,cvar,0.01,0.9,1.0,20262129,600,1000,0.126667,0.870000,0.000000,0.000000,0.003333,0.134000,0.850000,0.000000,0.000000,0.016000,0.126667,0.870000,0.000000,0.000000,0.003333,1800,1,Feasible,,1,3041.31666667,0.00000000,1.00000000,1800.28888341,1806.507826,0,0,,,,0.00000000,0.00000000,0,0,0,0,0,0,0,0,0,,0,0,0,0,0,0,0,0,0,0,0,0,0,0,0,241001,171342,,,264.13166667,255.79600000,,,400.00000000,400.00000000,0.13048630,0.21145734,,,,
fpp_new_instances_scaling_new20x20,,case01,new20x20,new20x20,shortest_path,FPP-Branch-Benders-Combinatorial,expected,expected,0.01,0.9,1.0,20262129,600,1000,0.126667,0.870000,0.000000,0.000000,0.003333,0.134000,0.850000,0.000000,0.000000,0.016000,0.126667,0.870000,0.000000,0.000000,0.003333,1800,1,Optimal,,1,134.85333333,134.85333333,0.00000000,30.79462465,35.244582,13,9844,,,,0.00000000,0.00000000,0,0,0,0,0,0,0,0,1,eta-asc,0,0,1301,0,0,0,0,0,0,11283,0,0,0,0,0,1000,11284,,,134.85333333,133.25700000,,,279.73333333,285.15000000,0.05683931,0.18666981,,,,
fpp_new_instances_scaling_new20x20,,case01,new20x20,new20x20,shortest_path,FPP-Branch-Benders-Combinatorial-EtaDesc,expected,expected,0.01,0.9,1.0,20262129,600,1000,0.126667,0.870000,0.000000,0.000000,0.003333,0.134000,0.850000,0.000000,0.000000,0.016000,0.126667,0.870000,0.000000,0.000000,0.003333,1800,1,Optimal,,1,134.85333333,134.85333333,0.00000000,49.42158331,55.198422,9,12501,,,,0.00000000,0.00000000,0,0,0,0,0,0,0,0,1,eta-desc,0,0,4200,0,0,0,0,0,0,19197,0,0,0,0,0,1000,19198,,,134.85333333,133.25700000,,,279.73333333,285.15000000,0.06761460,0.11368783,,,,
fpp_new_instances_scaling_new20x20,,case01,new20x20,new20x20,shortest_path,FPP-SAA,expected,expected,0.01,0.9,1.0,20262129,600,1000,0.126667,0.870000,0.000000,0.000000,0.003333,0.134000,0.850000,0.000000,0.000000,0.016000,0.126667,0.870000,0.000000,0.000000,0.003333,1800,1,Feasible,,1,264.13166667,132.07666667,0.49995899,1800.07128150,1807.020249,0,0,,,,0.00000000,0.00000000,0,0,0,0,0,0,0,0,0,,0,0,0,0,0,0,0,0,0,0,0,0,0,0,0,240400,170742,,,264.13166667,255.79600000,,,400.00000000,400.00000000,0.13023975,0.21213352,,,,
fpp_new_instances_scaling_new20x20,,case01,new20x20,new20x20,shortest_path,FPP-Branch-Benders-Combinatorial-MeanCVaR,mean_cvar,mean-cvar,0.01,0.9,0.5,20262129,600,1000,0.126667,0.870000,0.000000,0.000000,0.003333,0.134000,0.850000,0.000000,0.000000,0.016000,0.126667,0.870000,0.000000,0.000000,0.003333,1800,1,Optimal,,1,200.49500000,200.49500000,0.00000000,112.89041418,119.137035,61,58902,,,,0.00000000,0.00000000,0,0,0,0,0,0,0,0,1,eta-asc,0,0,701,0,0,0,0,0,0,24568,0,0,0,0,0,1601,25169,,,135.82333333,134.13900000,,,265.16666667,274.84000000,0.07779487,0.12516881,,,,
fpp_new_instances_scaling_new20x20,,case01,new20x20,new20x20,shortest_path,FPP-Branch-Benders-Combinatorial-MeanCVaR-EtaDesc,mean_cvar,mean-cvar,0.01,0.9,0.5,20262129,600,1000,0.126667,0.870000,0.000000,0.000000,0.003333,0.134000,0.850000,0.000000,0.000000,0.016000,0.126667,0.870000,0.000000,0.000000,0.003333,1800,1,Optimal,,1,200.49500000,200.37868220,0.00058015,90.31930291,96.290939,55,41955,,,,0.00000000,0.00000000,0,0,0,0,0,0,0,0,1,eta-desc,0,0,623,0,0,0,0,0,0,13368,0,0,0,0,0,1601,13969,,,135.82333333,134.13900000,,,265.16666667,274.84000000,0.07249026,0.11433441,,,,
fpp_new_instances_scaling_new20x20,,case02,new20x20,new20x20,shortest_path,FPP-Branch-Benders-CVaR-RootCuts,cvar,cvar,0.01,0.9,1.0,20263129,600,1000,0.121667,0.871667,0.000000,0.000000,0.006667,0.134000,0.850000,0.000000,0.000000,0.016000,0.121667,0.871667,0.000000,0.000000,0.006667,1800,1,Optimal,,1,265.36666667,265.12618958,0.00090621,78.80032608,85.111205,2259,201376,,,,0.00000000,0.00000000,0,1,0,0,0,0,0,0,0,,0,0,13175,,0,0,0,0,0,0,0,0,0,0,0,1601,14159,,,141.68833333,141.22700000,,,265.36666667,267.82000000,0.07696998,0.09246427,,,,
fpp_new_instances_scaling_new20x20,,case02,new20x20,new20x20,shortest_path,FPP-Branch-Benders-Combinatorial-CVaR,cvar,cvar,0.01,0.9,1.0,20263129,600,1000,0.121667,0.871667,0.000000,0.000000,0.006667,0.134000,0.850000,0.000000,0.000000,0.016000,0.121667,0.871667,0.000000,0.000000,0.006667,1800,1,Optimal,,1,265.36666667,265.28397396,0.00031162,222.62679253,228.721439,198,71888,,,,0.00000000,0.00000000,0,0,0,0,0,0,0,0,1,eta-asc,0,0,693,0,0,0,0,0,0,19263,0,0,0,0,0,1601,19864,,,141.68833333,141.22700000,,,265.36666667,267.82000000,0.07548078,0.12669920,,,,
fpp_new_instances_scaling_new20x20,,case02,new20x20,new20x20,shortest_path,FPP-Branch-Benders-Combinatorial-CVaR-EtaDesc,cvar,cvar,0.01,0.9,1.0,20263129,600,1000,0.121667,0.871667,0.000000,0.000000,0.006667,0.134000,0.850000,0.000000,0.000000,0.016000,0.121667,0.871667,0.000000,0.000000,0.006667,1800,1,Optimal,,1,265.36666667,265.21932732,0.00055523,235.27137983,241.120101,222,85149,,,,0.00000000,0.00000000,0,0,0,0,0,0,0,0,1,eta-desc,0,0,558,0,0,0,0,0,0,20431,0,0,0,0,0,1601,21032,,,141.68833333,141.22700000,,,265.36666667,267.82000000,0.06869758,0.11799282,,,,
fpp_new_instances_scaling_new20x20,,case02,new20x20,new20x20,shortest_path,FPP-SAA-CVaR,cvar,cvar,0.01,0.9,1.0,20263129,600,1000,0.121667,0.871667,0.000000,0.000000,0.006667,0.134000,0.850000,0.000000,0.000000,0.016000,0.121667,0.871667,0.000000,0.000000,0.006667,1800,1,Feasible,,1,2991.08333333,0.00000000,1.00000000,1800.26289582,1807.074758,0,0,,,,0.00000000,0.00000000,0,0,0,0,0,0,0,0,0,,0,0,0,0,0,0,0,0,0,0,0,0,0,0,0,241001,168100,,,259.10833333,255.79600000,,,400.00000000,400.00000000,0.13066358,0.21364891,,,,
fpp_new_instances_scaling_new20x20,,case02,new20x20,new20x20,shortest_path,FPP-Branch-Benders-Combinatorial,expected,expected,0.01,0.9,1.0,20263129,600,1000,0.121667,0.871667,0.000000,0.000000,0.006667,0.134000,0.850000,0.000000,0.000000,0.016000,0.121667,0.871667,0.000000,0.000000,0.006667,1800,1,Optimal,,1,129.16166667,129.07824462,0.00064587,44.24447936,49.664977,0,6603,,,,0.00000000,0.00000000,0,0,0,0,0,0,0,0,1,eta-asc,0,0,1586,0,0,0,0,0,0,14673,0,0,0,0,0,1000,14674,,,129.16166667,132.92300000,,,284.56666667,285.97000000,0.06715324,0.11340187,,,,
fpp_new_instances_scaling_new20x20,,case02,new20x20,new20x20,shortest_path,FPP-Branch-Benders-Combinatorial-EtaDesc,expected,expected,0.01,0.9,1.0,20263129,600,1000,0.121667,0.871667,0.000000,0.000000,0.006667,0.134000,0.850000,0.000000,0.000000,0.016000,0.121667,0.871667,0.000000,0.000000,0.006667,1800,1,Optimal,,1,129.16166667,129.13594622,0.00019913,54.18257436,60.176345,0,9017,,,,0.00000000,0.00000000,0,0,0,0,0,0,0,0,1,eta-desc,0,0,1183,0,0,0,0,0,0,16013,0,0,0,0,0,1000,16014,,,129.16166667,132.92300000,,,284.56666667,285.97000000,0.06753882,0.11217987,,,,
fpp_new_instances_scaling_new20x20,,case02,new20x20,new20x20,shortest_path,FPP-SAA,expected,expected,0.01,0.9,1.0,20263129,600,1000,0.121667,0.871667,0.000000,0.000000,0.006667,0.134000,0.850000,0.000000,0.000000,0.016000,0.121667,0.871667,0.000000,0.000000,0.006667,1800,1,Optimal,,1,129.16166667,129.16166667,0.00000000,1694.81385073,1701.224602,0,0,,,,0.00000000,0.00000000,0,0,0,0,0,0,0,0,0,,0,0,0,0,0,0,0,0,0,0,0,0,0,0,0,240400,167500,,,129.16166667,132.92300000,,,284.56666667,285.97000000,0.06981686,0.12203487,,,,
fpp_new_instances_scaling_new20x20,,case02,new20x20,new20x20,shortest_path,FPP-Branch-Benders-Combinatorial-MeanCVaR,mean_cvar,mean-cvar,0.01,0.9,0.5,20263129,600,1000,0.121667,0.871667,0.000000,0.000000,0.006667,0.134000,0.850000,0.000000,0.000000,0.016000,0.121667,0.871667,0.000000,0.000000,0.006667,1800,1,Optimal,,1,200.67166667,200.67166667,0.00000000,143.88111964,150.212178,71,62842,,,,0.00000000,0.00000000,0,0,0,0,0,0,0,0,1,eta-asc,0,0,1112,0,0,0,0,0,0,26025,0,0,0,0,0,1601,26626,,,134.94333333,133.69200000,,,266.40000000,269.46000000,0.07127022,0.12007250,,,,
fpp_new_instances_scaling_new20x20,,case02,new20x20,new20x20,shortest_path,FPP-Branch-Benders-Combinatorial-MeanCVaR-EtaDesc,mean_cvar,mean-cvar,0.01,0.9,0.5,20263129,600,1000,0.121667,0.871667,0.000000,0.000000,0.006667,0.134000,0.850000,0.000000,0.000000,0.016000,0.121667,0.871667,0.000000,0.000000,0.006667,1800,1,Optimal,,1,200.67166667,200.67166667,0.00000000,108.34755748,112.696215,79,47408,,,,0.00000000,0.00000000,0,0,0,0,0,0,0,0,1,eta-desc,0,0,384,0,0,0,0,0,0,16229,0,0,0,0,0,1601,16830,,,134.94333333,133.69200000,,,266.40000000,269.46000000,0.05323429,0.09380135,,,,
fpp_new_instances_scaling_new20x20,,case03,new20x20,new20x20,shortest_path,FPP-Branch-Benders-CVaR-RootCuts,cvar,cvar,0.01,0.9,1.0,20264129,600,1000,0.101667,0.893333,0.000000,0.000000,0.005000,0.134000,0.850000,0.000000,0.000000,0.016000,0.101667,0.893333,0.000000,0.000000,0.005000,1800,1,Optimal,,1,261.20000000,260.96552285,0.00089769,34.17726963,41.616566,1057,88040,,,,0.00000000,0.00000000,0,1,0,0,0,0,0,0,0,,0,0,7002,,0,0,0,0,0,0,0,0,0,0,0,1601,8036,,,144.14666667,141.22700000,,,261.20000000,267.82000000,0.07815621,0.13316993,,,,
fpp_new_instances_scaling_new20x20,,case03,new20x20,new20x20,shortest_path,FPP-Branch-Benders-Combinatorial-CVaR,cvar,cvar,0.01,0.9,1.0,20264129,600,1000,0.101667,0.893333,0.000000,0.000000,0.005000,0.134000,0.850000,0.000000,0.000000,0.016000,0.101667,0.893333,0.000000,0.000000,0.005000,1800,1,Optimal,,1,261.20000000,261.20000000,0.00000000,78.42501731,82.229947,78,34270,,,,0.00000000,0.00000000,0,0,0,0,0,0,0,0,1,eta-asc,0,0,809,0,0,0,0,0,0,12981,0,0,0,0,0,1601,13582,,,144.14666667,141.22700000,,,261.20000000,267.82000000,0.05301526,0.07927367,,,,
fpp_new_instances_scaling_new20x20,,case03,new20x20,new20x20,shortest_path,FPP-Branch-Benders-Combinatorial-CVaR-EtaDesc,cvar,cvar,0.01,0.9,1.0,20264129,600,1000,0.101667,0.893333,0.000000,0.000000,0.005000,0.134000,0.850000,0.000000,0.000000,0.016000,0.101667,0.893333,0.000000,0.000000,0.005000,1800,1,Optimal,,1,261.20000000,260.97842667,0.00084829,174.39725079,178.654965,177,60589,,,,0.00000000,0.00000000,0,0,0,0,0,0,0,0,1,eta-desc,0,0,486,0,0,0,0,0,0,17199,0,0,0,0,0,1601,17800,,,144.14666667,141.22700000,,,261.20000000,267.82000000,0.05727330,0.08960959,,,,
fpp_new_instances_scaling_new20x20,,case03,new20x20,new20x20,shortest_path,FPP-SAA-CVaR,cvar,cvar,0.01,0.9,1.0,20264129,600,1000,0.101667,0.893333,0.000000,0.000000,0.005000,0.134000,0.850000,0.000000,0.000000,0.016000,0.101667,0.893333,0.000000,0.000000,0.005000,1800,1,Feasible,,1,3070.05000000,0.00000000,1.00000000,1800.26388821,1806.789772,0,0,,,,0.00000000,0.00000000,0,0,0,0,0,0,0,0,0,,0,0,0,0,0,0,0,0,0,0,0,0,0,0,0,241001,173584,,,267.00500000,255.79600000,,,400.00000000,400.00000000,0.12730635,0.21202392,,,,
fpp_new_instances_scaling_new20x20,,case03,new20x20,new20x20,shortest_path,FPP-Branch-Benders-Combinatorial,expected,expected,0.01,0.9,1.0,20264129,600,1000,0.101667,0.893333,0.000000,0.000000,0.005000,0.134000,0.850000,0.000000,0.000000,0.016000,0.101667,0.893333,0.000000,0.000000,0.005000,1800,1,Optimal,,1,132.67833333,132.67833333,0.00000000,31.37139118,35.360850,5,8583,,,,0.00000000,0.00000000,0,0,0,0,0,0,0,0,1,eta-asc,0,0,1199,0,0,0,0,0,0,13239,0,0,0,0,0,1000,13240,,,132.67833333,132.88100000,,,288.76666667,286.20000000,0.04961720,0.08793856,,,,
fpp_new_instances_scaling_new20x20,,case03,new20x20,new20x20,shortest_path,FPP-Branch-Benders-Combinatorial-EtaDesc,expected,expected,0.01,0.9,1.0,20264129,600,1000,0.101667,0.893333,0.000000,0.000000,0.005000,0.134000,0.850000,0.000000,0.000000,0.016000,0.101667,0.893333,0.000000,0.000000,0.005000,1800,1,Optimal,,1,132.67833333,132.67833333,0.00000000,67.85763284,73.786524,5,12514,,,,0.00000000,0.00000000,0,0,0,0,0,0,0,0,1,eta-desc,0,0,4140,0,0,0,0,0,0,20932,0,0,0,0,0,1000,20933,,,132.67833333,132.88100000,,,288.76666667,286.20000000,0.06785662,0.11604907,,,,
fpp_new_instances_scaling_new20x20,,case03,new20x20,new20x20,shortest_path,FPP-SAA,expected,expected,0.01,0.9,1.0,20264129,600,1000,0.101667,0.893333,0.000000,0.000000,0.005000,0.134000,0.850000,0.000000,0.000000,0.016000,0.101667,0.893333,0.000000,0.000000,0.005000,1800,1,Optimal,,1,132.67833333,132.67833333,0.00000000,1769.52212214,1776.135864,5,0,,,,0.00000000,0.00000000,0,0,0,0,0,0,0,0,0,,0,0,0,0,0,0,0,0,0,0,0,0,0,0,0,240400,172984,,,132.67833333,132.88100000,,,288.76666667,286.20000000,0.07427077,0.11637583,,,,
fpp_new_instances_scaling_new20x20,,case03,new20x20,new20x20,shortest_path,FPP-Branch-Benders-Combinatorial-MeanCVaR,mean_cvar,mean-cvar,0.01,0.9,0.5,20264129,600,1000,0.101667,0.893333,0.000000,0.000000,0.005000,0.134000,0.850000,0.000000,0.000000,0.016000,0.101667,0.893333,0.000000,0.000000,0.005000,1800,1,Optimal,,1,202.67333333,202.57214647,0.00049926,126.94342120,130.972940,103,84627,,,,0.00000000,0.00000000,0,0,0,0,0,0,0,0,1,eta-asc,0,0,1397,0,0,0,0,0,0,28107,0,0,0,0,0,1601,28708,,,144.14666667,141.22700000,,,261.20000000,267.82000000,0.06330816,0.09880290,,,,
fpp_new_instances_scaling_new20x20,,case03,new20x20,new20x20,shortest_path,FPP-Branch-Benders-Combinatorial-MeanCVaR-EtaDesc,mean_cvar,mean-cvar,0.01,0.9,0.5,20264129,600,1000,0.101667,0.893333,0.000000,0.000000,0.005000,0.134000,0.850000,0.000000,0.000000,0.016000,0.101667,0.893333,0.000000,0.000000,0.005000,1800,1,Optimal,,1,202.67333333,202.56147536,0.00055191,132.21786911,137.673503,128,84927,,,,0.00000000,0.00000000,0,0,0,0,0,0,0,0,1,eta-desc,0,0,500,0,0,0,0,0,0,22178,0,0,0,0,0,1601,22779,,,144.14666667,141.22700000,,,261.20000000,267.82000000,0.07785072,0.12646010,,,,
fpp_new_instances_scaling_new20x20,,case04,new20x20,new20x20,shortest_path,FPP-Branch-Benders-CVaR-RootCuts,cvar,cvar,0.01,0.9,1.0,20265129,600,1000,0.111667,0.878333,0.000000,0.000000,0.010000,0.134000,0.850000,0.000000,0.000000,0.016000,0.111667,0.878333,0.000000,0.000000,0.010000,1800,1,Optimal,,1,261.90000000,261.64245994,0.00098335,26.26357530,33.524771,783,62369,,,,0.00000000,0.00000000,0,1,0,0,0,0,0,0,0,,0,0,6192,,0,0,0,0,0,0,0,0,0,0,0,1601,7219,,,148.14000000,142.66300000,,,261.90000000,265.53000000,0.08564449,0.11783891,,,,
fpp_new_instances_scaling_new20x20,,case04,new20x20,new20x20,shortest_path,FPP-Branch-Benders-Combinatorial-CVaR,cvar,cvar,0.01,0.9,1.0,20265129,600,1000,0.111667,0.878333,0.000000,0.000000,0.010000,0.134000,0.850000,0.000000,0.000000,0.016000,0.111667,0.878333,0.000000,0.000000,0.010000,1800,1,Optimal,,1,261.90000000,261.90000000,0.00000000,93.06468350,97.464863,76,35072,,,,0.00000000,0.00000000,0,0,0,0,0,0,0,0,1,eta-asc,0,0,470,0,0,0,0,0,0,11612,0,0,0,0,0,1601,12213,,,148.14000000,142.66300000,,,261.90000000,265.53000000,0.06023108,0.08514404,,,,
fpp_new_instances_scaling_new20x20,,case04,new20x20,new20x20,shortest_path,FPP-Branch-Benders-Combinatorial-CVaR-EtaDesc,cvar,cvar,0.01,0.9,1.0,20265129,600,1000,0.111667,0.878333,0.000000,0.000000,0.010000,0.134000,0.850000,0.000000,0.000000,0.016000,0.111667,0.878333,0.000000,0.000000,0.010000,1800,1,Optimal,,1,261.90000000,261.90000000,0.00000000,91.59051118,97.533157,81,33972,,,,0.00000000,0.00000000,0,0,0,0,0,0,0,0,1,eta-desc,0,0,398,0,0,0,0,0,0,11107,0,0,0,0,0,1601,11708,,,148.14000000,142.66300000,,,261.90000000,265.53000000,0.08128704,0.12038004,,,,
fpp_new_instances_scaling_new20x20,,case04,new20x20,new20x20,shortest_path,FPP-SAA-CVaR,cvar,cvar,0.01,0.9,1.0,20265129,600,1000,0.111667,0.878333,0.000000,0.000000,0.010000,0.134000,0.850000,0.000000,0.000000,0.016000,0.111667,0.878333,0.000000,0.000000,0.010000,1800,1,Feasible,,1,3014.58333333,0.00000000,1.00000000,1800.32216382,1807.549818,0,0,,,,0.00000000,0.00000000,0,0,0,0,0,0,0,0,0,,0,0,0,0,0,0,0,0,0,0,0,0,0,0,0,241001,169741,,,261.45833333,255.79600000,,,400.00000000,400.00000000,0.12876032,0.20921803,,,,
fpp_new_instances_scaling_new20x20,,case04,new20x20,new20x20,shortest_path,FPP-Branch-Benders-Combinatorial,expected,expected,0.01,0.9,1.0,20265129,600,1000,0.111667,0.878333,0.000000,0.000000,0.010000,0.134000,0.850000,0.000000,0.000000,0.016000,0.111667,0.878333,0.000000,0.000000,0.010000,1800,1,Optimal,,1,133.99500000,133.99500000,0.00000000,36.53725286,42.070655,15,10214,,,,0.00000000,0.00000000,0,0,0,0,0,0,0,0,1,eta-asc,0,0,2173,0,0,0,0,0,0,13523,0,0,0,0,0,1000,13524,,,133.99500000,132.92300000,,,286.45000000,285.97000000,0.06885760,0.10911430,,,,
fpp_new_instances_scaling_new20x20,,case04,new20x20,new20x20,shortest_path,FPP-Branch-Benders-Combinatorial-EtaDesc,expected,expected,0.01,0.9,1.0,20265129,600,1000,0.111667,0.878333,0.000000,0.000000,0.010000,0.134000,0.850000,0.000000,0.000000,0.016000,0.111667,0.878333,0.000000,0.000000,0.010000,1800,1,Optimal,,1,133.99500000,133.99500000,0.00000000,56.89924326,62.928119,13,12063,,,,0.00000000,0.00000000,0,0,0,0,0,0,0,0,1,eta-desc,0,0,1522,0,0,0,0,0,0,14956,0,0,0,0,0,1000,14957,,,133.99500000,132.92300000,,,286.45000000,285.97000000,0.06287715,0.12582590,,,,
fpp_new_instances_scaling_new20x20,,case04,new20x20,new20x20,shortest_path,FPP-SAA,expected,expected,0.01,0.9,1.0,20265129,600,1000,0.111667,0.878333,0.000000,0.000000,0.010000,0.134000,0.850000,0.000000,0.000000,0.016000,0.111667,0.878333,0.000000,0.000000,0.010000,1800,1,Feasible,,1,134.28166667,131.21733760,0.02282016,1800.10722264,1804.503346,1,0,,,,0.00000000,0.00000000,0,0,0,0,0,0,0,0,0,,0,0,0,0,0,0,0,0,0,0,0,0,0,0,0,240400,169141,,,134.28166667,133.25700000,,,280.85000000,285.15000000,0.05438168,0.07659688,,,,
fpp_new_instances_scaling_new20x20,,case04,new20x20,new20x20,shortest_path,FPP-Branch-Benders-Combinatorial-MeanCVaR,mean_cvar,mean-cvar,0.01,0.9,0.5,20265129,600,1000,0.111667,0.878333,0.000000,0.000000,0.010000,0.134000,0.850000,0.000000,0.000000,0.016000,0.111667,0.878333,0.000000,0.000000,0.010000,1800,1,Optimal,,1,201.52416667,201.52416667,0.00000000,152.01170704,157.763274,91,73076,,,,0.00000000,0.00000000,0,0,0,0,0,0,0,0,1,eta-asc,0,0,668,0,0,0,0,0,0,28978,0,0,0,0,0,1601,29579,,,138.13166667,135.73900000,,,264.91666667,266.77000000,0.07054099,0.11433300,,,,
fpp_new_instances_scaling_new20x20,,case04,new20x20,new20x20,shortest_path,FPP-Branch-Benders-Combinatorial-MeanCVaR-EtaDesc,mean_cvar,mean-cvar,0.01,0.9,0.5,20265129,600,1000,0.111667,0.878333,0.000000,0.000000,0.010000,0.134000,0.850000,0.000000,0.000000,0.016000,0.111667,0.878333,0.000000,0.000000,0.010000,1800,1,Optimal,,1,201.52416667,201.52416667,0.00000000,123.41702862,129.515166,91,60509,,,,0.00000000,0.00000000,0,0,0,0,0,0,0,0,1,eta-desc,0,0,471,0,0,0,0,0,0,17129,0,0,0,0,0,1601,17730,,,138.13166667,135.73900000,,,264.91666667,266.77000000,0.07229598,0.11643986,,,,
fpp_new_instances_scaling_new20x20,,case05,new20x20,new20x20,shortest_path,FPP-Branch-Benders-CVaR-RootCuts,cvar,cvar,0.01,0.9,1.0,20266129,600,1000,0.120000,0.868333,0.000000,0.000000,0.011667,0.134000,0.850000,0.000000,0.000000,0.016000,0.120000,0.868333,0.000000,0.000000,0.011667,1800,1,Optimal,,1,261.51666667,261.25879292,0.00098607,37.53518408,44.408701,1250,100242,,,,0.00000000,0.00000000,0,1,0,0,0,0,0,0,0,,0,0,7183,,0,0,0,0,0,0,0,0,0,0,0,1601,8197,,,137.55666667,141.22700000,,,261.51666667,267.82000000,0.07510474,0.12787303,,,,
fpp_new_instances_scaling_new20x20,,case05,new20x20,new20x20,shortest_path,FPP-Branch-Benders-Combinatorial-CVaR,cvar,cvar,0.01,0.9,1.0,20266129,600,1000,0.120000,0.868333,0.000000,0.000000,0.011667,0.134000,0.850000,0.000000,0.000000,0.016000,0.120000,0.868333,0.000000,0.000000,0.011667,1800,1,Optimal,,1,261.51666667,261.51666667,0.00000000,100.32371403,106.085016,99,36521,,,,0.00000000,0.00000000,0,0,0,0,0,0,0,0,1,eta-asc,0,0,633,0,0,0,0,0,0,11895,0,0,0,0,0,1601,12496,,,137.55666667,141.22700000,,,261.51666667,267.82000000,0.07460497,0.13233586,,,,
fpp_new_instances_scaling_new20x20,,case05,new20x20,new20x20,shortest_path,FPP-Branch-Benders-Combinatorial-CVaR-EtaDesc,cvar,cvar,0.01,0.9,1.0,20266129,600,1000,0.120000,0.868333,0.000000,0.000000,0.011667,0.134000,0.850000,0.000000,0.000000,0.016000,0.120000,0.868333,0.000000,0.000000,0.011667,1800,1,Optimal,,1,261.51666667,261.51666667,0.00000000,96.33386379,100.870039,112,41504,,,,0.00000000,0.00000000,0,0,0,0,0,0,0,0,1,eta-desc,0,0,493,0,0,0,0,0,0,12294,0,0,0,0,0,1601,12895,,,137.55666667,141.22700000,,,261.51666667,267.82000000,0.05903204,0.10044449,,,,
fpp_new_instances_scaling_new20x20,,case05,new20x20,new20x20,shortest_path,FPP-SAA-CVaR,cvar,cvar,0.01,0.9,1.0,20266129,600,1000,0.120000,0.868333,0.000000,0.000000,0.011667,0.134000,0.850000,0.000000,0.000000,0.016000,0.120000,0.868333,0.000000,0.000000,0.011667,1800,1,Feasible,,1,2986.43333333,0.00000000,1.00000000,1800.27904792,1806.067591,0,0,,,,0.00000000,0.00000000,0,0,0,0,0,0,0,0,0,,0,0,0,0,0,0,0,0,0,0,0,0,0,0,0,241001,167877,,,258.64333333,255.79600000,,,400.00000000,400.00000000,0.12434833,0.20786445,,,,
fpp_new_instances_scaling_new20x20,,case05,new20x20,new20x20,shortest_path,FPP-Branch-Benders-Combinatorial,expected,expected,0.01,0.9,1.0,20266129,600,1000,0.120000,0.868333,0.000000,0.000000,0.011667,0.134000,0.850000,0.000000,0.000000,0.016000,0.120000,0.868333,0.000000,0.000000,0.011667,1800,1,Optimal,,1,128.44666667,128.44666667,0.00000000,25.29921519,29.195669,3,7171,,,,0.00000000,0.00000000,0,0,0,0,0,0,0,0,1,eta-asc,0,0,840,0,0,0,0,0,0,12350,0,0,0,0,0,1000,12351,,,128.44666667,132.88100000,,,286.60000000,286.20000000,0.04804045,0.08386470,,,,
fpp_new_instances_scaling_new20x20,,case05,new20x20,new20x20,shortest_path,FPP-Branch-Benders-Combinatorial-EtaDesc,expected,expected,0.01,0.9,1.0,20266129,600,1000,0.120000,0.868333,0.000000,0.000000,0.011667,0.134000,0.850000,0.000000,0.000000,0.016000,0.120000,0.868333,0.000000,0.000000,0.011667,1800,1,Optimal,,1,128.44666667,128.44666667,0.00000000,58.85601081,64.510853,3,9417,,,,0.00000000,0.00000000,0,0,0,0,0,0,0,0,1,eta-desc,0,0,1920,0,0,0,0,0,0,18320,0,0,0,0,0,1000,18321,,,128.44666667,132.88100000,,,286.60000000,286.20000000,0.06434247,0.11040398,,,,
fpp_new_instances_scaling_new20x20,,case05,new20x20,new20x20,shortest_path,FPP-SAA,expected,expected,0.01,0.9,1.0,20266129,600,1000,0.120000,0.868333,0.000000,0.000000,0.011667,0.134000,0.850000,0.000000,0.000000,0.016000,0.120000,0.868333,0.000000,0.000000,0.011667,1800,1,Feasible,,1,136.27333333,128.33500000,0.05825302,1800.13736403,1804.951333,1,0,,,,0.00000000,0.00000000,0,0,0,0,0,0,0,0,0,,0,0,0,0,0,0,0,0,0,0,0,0,0,0,0,240400,167277,,,136.27333333,135.51300000,,,280.71666667,279.84000000,0.05930026,0.09177047,,,,
fpp_new_instances_scaling_new20x20,,case05,new20x20,new20x20,shortest_path,FPP-Branch-Benders-Combinatorial-MeanCVaR,mean_cvar,mean-cvar,0.01,0.9,0.5,20266129,600,1000,0.120000,0.868333,0.000000,0.000000,0.011667,0.134000,0.850000,0.000000,0.000000,0.016000,0.120000,0.868333,0.000000,0.000000,0.011667,1800,1,Optimal,,1,199.34000000,199.30299117,0.00018566,102.16901080,107.658492,84,70183,,,,0.00000000,0.00000000,0,0,0,0,0,0,0,0,1,eta-asc,0,0,585,0,0,0,0,0,0,24175,0,0,0,0,0,1601,24776,,,130.56333333,131.97900000,,,268.11666667,276.19000000,0.07530913,0.11918109,,,,
fpp_new_instances_scaling_new20x20,,case05,new20x20,new20x20,shortest_path,FPP-Branch-Benders-Combinatorial-MeanCVaR-EtaDesc,mean_cvar,mean-cvar,0.01,0.9,0.5,20266129,600,1000,0.120000,0.868333,0.000000,0.000000,0.011667,0.134000,0.850000,0.000000,0.000000,0.016000,0.120000,0.868333,0.000000,0.000000,0.011667,1800,1,Optimal,,1,199.34000000,199.34000000,0.00000000,97.93902268,103.719442,74,44505,,,,0.00000000,0.00000000,0,0,0,0,0,0,0,0,1,eta-desc,0,0,616,0,0,0,0,0,0,13946,0,0,0,0,0,1601,14547,,,130.56333333,131.97900000,,,268.11666667,276.19000000,0.06836977,0.11123498,,,,
fpp_new_instances_scaling_new20x20,,case06,new20x20,new20x20,shortest_path,FPP-Branch-Benders-CVaR-RootCuts,cvar,cvar,0.01,0.9,1.0,20267129,600,1000,0.121667,0.870000,0.000000,0.000000,0.008333,0.134000,0.850000,0.000000,0.000000,0.016000,0.121667,0.870000,0.000000,0.000000,0.008333,1800,1,Optimal,,1,263.63333333,263.37874106,0.00096571,46.52304999,51.437858,2692,220953,,,,0.00000000,0.00000000,0,1,0,0,0,0,0,0,0,,0,0,9786,,0,0,0,0,0,0,0,0,0,0,0,1601,10788,,,140.72833333,141.90800000,,,263.63333333,266.26000000,0.05851248,0.09396777,,,,
fpp_new_instances_scaling_new20x20,,case06,new20x20,new20x20,shortest_path,FPP-Branch-Benders-Combinatorial-CVaR,cvar,cvar,0.01,0.9,1.0,20267129,600,1000,0.121667,0.870000,0.000000,0.000000,0.008333,0.134000,0.850000,0.000000,0.000000,0.016000,0.121667,0.870000,0.000000,0.000000,0.008333,1800,1,Optimal,,1,263.63333333,263.39655204,0.00089815,236.46482698,241.333948,263,81279,,,,0.00000000,0.00000000,0,0,0,0,0,0,0,0,1,eta-asc,0,0,679,0,0,0,0,0,0,20465,0,0,0,0,0,1601,21066,,,140.72833333,141.90800000,,,263.63333333,266.26000000,0.06220945,0.10560997,,,,
fpp_new_instances_scaling_new20x20,,case06,new20x20,new20x20,shortest_path,FPP-Branch-Benders-Combinatorial-CVaR-EtaDesc,cvar,cvar,0.01,0.9,1.0,20267129,600,1000,0.121667,0.870000,0.000000,0.000000,0.008333,0.134000,0.850000,0.000000,0.000000,0.016000,0.121667,0.870000,0.000000,0.000000,0.008333,1800,1,Optimal,,1,263.63333333,263.45139423,0.00069012,184.08897845,188.283315,189,69764,,,,0.00000000,0.00000000,0,0,0,0,0,0,0,0,1,eta-desc,0,0,494,0,0,0,0,0,0,16895,0,0,0,0,0,1601,17496,,,140.72833333,141.90800000,,,263.63333333,266.26000000,0.05347492,0.08597293,,,,
fpp_new_instances_scaling_new20x20,,case06,new20x20,new20x20,shortest_path,FPP-SAA-CVaR,cvar,cvar,0.01,0.9,1.0,20267129,600,1000,0.121667,0.870000,0.000000,0.000000,0.008333,0.134000,0.850000,0.000000,0.000000,0.016000,0.121667,0.870000,0.000000,0.000000,0.008333,1800,1,Feasible,,1,2939.23333333,0.00000000,1.00000000,1800.29303259,1806.860203,0,0,,,,0.00000000,0.00000000,0,0,0,0,0,0,0,0,0,,0,0,0,0,0,0,0,0,0,0,0,0,0,0,0,241001,164889,,,253.92333333,255.79600000,,,400.00000000,400.00000000,0.12207371,0.20397572,,,,
fpp_new_instances_scaling_new20x20,,case06,new20x20,new20x20,shortest_path,FPP-Branch-Benders-Combinatorial,expected,expected,0.01,0.9,1.0,20267129,600,1000,0.121667,0.870000,0.000000,0.000000,0.008333,0.134000,0.850000,0.000000,0.000000,0.016000,0.121667,0.870000,0.000000,0.000000,0.008333,1800,1,Optimal,,1,129.24333333,129.24333333,0.00000000,21.29594382,25.378986,9,8722,,,,0.00000000,0.00000000,0,0,0,0,0,0,0,0,1,eta-asc,0,0,576,0,0,0,0,0,0,4513,0,0,0,0,0,1000,4514,,,129.24333333,134.39100000,,,288.55000000,288.02000000,0.05185554,0.08470266,,,,
fpp_new_instances_scaling_new20x20,,case06,new20x20,new20x20,shortest_path,FPP-Branch-Benders-Combinatorial-EtaDesc,expected,expected,0.01,0.9,1.0,20267129,600,1000,0.121667,0.870000,0.000000,0.000000,0.008333,0.134000,0.850000,0.000000,0.000000,0.016000,0.121667,0.870000,0.000000,0.000000,0.008333,1800,1,Optimal,,1,129.24333333,129.24333333,0.00000000,68.57542300,74.594064,5,12914,,,,0.00000000,0.00000000,0,0,0,0,0,0,0,0,1,eta-desc,0,0,3096,0,0,0,0,0,0,23055,0,0,0,0,0,1000,23056,,,129.24333333,134.39100000,,,288.55000000,288.02000000,0.07073816,0.11989326,,,,
fpp_new_instances_scaling_new20x20,,case06,new20x20,new20x20,shortest_path,FPP-SAA,expected,expected,0.01,0.9,1.0,20267129,600,1000,0.121667,0.870000,0.000000,0.000000,0.008333,0.134000,0.850000,0.000000,0.000000,0.016000,0.121667,0.870000,0.000000,0.000000,0.008333,1800,1,Feasible,,1,132.62333333,128.36066667,0.03214115,1800.20951693,1806.574519,1,0,,,,0.00000000,0.00000000,0,0,0,0,0,0,0,0,0,,0,0,0,0,0,0,0,0,0,0,0,0,0,0,0,240400,164289,,,132.62333333,133.91700000,,,284.75000000,286.16000000,0.07507061,0.10392396,,,,
fpp_new_instances_scaling_new20x20,,case06,new20x20,new20x20,shortest_path,FPP-Branch-Benders-Combinatorial-MeanCVaR,mean_cvar,mean-cvar,0.01,0.9,0.5,20267129,600,1000,0.121667,0.870000,0.000000,0.000000,0.008333,0.134000,0.850000,0.000000,0.000000,0.016000,0.121667,0.870000,0.000000,0.000000,0.008333,1800,1,Optimal,,1,199.16416667,199.16416667,0.00000000,122.92500827,128.762870,71,71663,,,,0.00000000,0.00000000,0,0,0,0,0,0,0,0,1,eta-asc,0,0,817,0,0,0,0,0,0,25192,0,0,0,0,0,1601,25793,,,134.56166667,135.73900000,,,263.76666667,266.77000000,0.05904536,0.10013393,,,,
fpp_new_instances_scaling_new20x20,,case06,new20x20,new20x20,shortest_path,FPP-Branch-Benders-Combinatorial-MeanCVaR-EtaDesc,mean_cvar,mean-cvar,0.01,0.9,0.5,20267129,600,1000,0.121667,0.870000,0.000000,0.000000,0.008333,0.134000,0.850000,0.000000,0.000000,0.016000,0.121667,0.870000,0.000000,0.000000,0.008333,1800,1,Optimal,,1,199.16416667,199.16416667,0.00000000,96.78730565,102.680616,56,50573,,,,0.00000000,0.00000000,0,0,0,0,0,0,0,0,1,eta-desc,0,0,800,0,0,0,0,0,0,17538,0,0,0,0,0,1601,18139,,,134.56166667,135.73900000,,,263.76666667,266.77000000,0.07010443,0.11726609,,,,
fpp_new_instances_scaling_new20x20,,case07,new20x20,new20x20,shortest_path,FPP-Branch-Benders-CVaR-RootCuts,cvar,cvar,0.01,0.9,1.0,20268129,600,1000,0.111667,0.881667,0.000000,0.000000,0.006667,0.134000,0.850000,0.000000,0.000000,0.016000,0.111667,0.881667,0.000000,0.000000,0.006667,1800,1,Optimal,,1,266.65000000,266.39579665,0.00095332,94.51759848,101.841063,2969,202651,,,,0.00000000,0.00000000,0,1,0,0,0,0,0,0,0,,0,0,11299,,0,0,0,0,0,0,0,0,0,0,0,1601,12323,,,145.95500000,141.22700000,,,266.65000000,267.82000000,0.08253378,0.12727873,,,,
fpp_new_instances_scaling_new20x20,,case07,new20x20,new20x20,shortest_path,FPP-Branch-Benders-Combinatorial-CVaR,cvar,cvar,0.01,0.9,1.0,20268129,600,1000,0.111667,0.881667,0.000000,0.000000,0.006667,0.134000,0.850000,0.000000,0.000000,0.016000,0.111667,0.881667,0.000000,0.000000,0.006667,1800,1,Feasible,,1,286.93333333,237.68083282,0.17165137,1813.56059001,1819.124496,0,3867,,,,0.00000000,0.00000000,0,0,0,0,0,0,0,0,1,eta-asc,0,0,180,0,0,0,0,0,0,11869,0,0,0,0,0,1601,12470,,,135.66000000,132.92300000,,,286.93333333,285.97000000,0.07242845,0.10601071,,,,
fpp_new_instances_scaling_new20x20,,case07,new20x20,new20x20,shortest_path,FPP-Branch-Benders-Combinatorial-CVaR-EtaDesc,cvar,cvar,0.01,0.9,1.0,20268129,600,1000,0.111667,0.881667,0.000000,0.000000,0.006667,0.134000,0.850000,0.000000,0.000000,0.016000,0.111667,0.881667,0.000000,0.000000,0.006667,1800,1,Feasible,,1,286.93333333,237.68083282,0.17165137,1819.18093896,1823.432416,0,2800,,,,0.00000000,0.00000000,0,0,0,0,0,0,0,0,1,eta-desc,0,0,120,0,0,0,0,0,0,46947,0,0,0,0,0,1601,47548,,,135.66000000,132.92300000,,,286.93333333,285.97000000,0.05514132,0.08577720,,,,
fpp_new_instances_scaling_new20x20,,case07,new20x20,new20x20,shortest_path,FPP-SAA-CVaR,cvar,cvar,0.01,0.9,1.0,20268129,600,1000,0.111667,0.881667,0.000000,0.000000,0.006667,0.134000,0.850000,0.000000,0.000000,0.016000,0.111667,0.881667,0.000000,0.000000,0.006667,1800,1,Feasible,,1,3099.78333333,0.00000000,1.00000000,1800.25349140,1806.753130,0,0,,,,0.00000000,0.00000000,0,0,0,0,0,0,0,0,0,,0,0,0,0,0,0,0,0,0,0,0,0,0,0,0,241001,175426,,,269.97833333,255.79600000,,,400.00000000,400.00000000,0.13585924,0.22105203,,,,
fpp_new_instances_scaling_new20x20,,case07,new20x20,new20x20,shortest_path,FPP-Branch-Benders-Combinatorial,expected,expected,0.01,0.9,1.0,20268129,600,1000,0.111667,0.881667,0.000000,0.000000,0.006667,0.134000,0.850000,0.000000,0.000000,0.016000,0.111667,0.881667,0.000000,0.000000,0.006667,1800,1,Optimal,,1,135.66000000,135.66000000,0.00000000,36.84188534,40.874665,11,10871,,,,0.00000000,0.00000000,0,0,0,0,0,0,0,0,1,eta-asc,0,0,1853,0,0,0,0,0,0,14453,0,0,0,0,0,1000,14454,,,135.66000000,132.92300000,,,286.93333333,285.97000000,0.04826137,0.07739597,,,,
fpp_new_instances_scaling_new20x20,,case07,new20x20,new20x20,shortest_path,FPP-Branch-Benders-Combinatorial-EtaDesc,expected,expected,0.01,0.9,1.0,20268129,600,1000,0.111667,0.881667,0.000000,0.000000,0.006667,0.134000,0.850000,0.000000,0.000000,0.016000,0.111667,0.881667,0.000000,0.000000,0.006667,1800,1,Optimal,,1,135.66000000,135.66000000,0.00000000,56.34685145,62.477571,11,13273,,,,0.00000000,0.00000000,0,0,0,0,0,0,0,0,1,eta-desc,0,0,1440,0,0,0,0,0,0,15622,0,0,0,0,0,1000,15623,,,135.66000000,132.92300000,,,286.93333333,285.97000000,0.07267124,0.11922176,,,,
fpp_new_instances_scaling_new20x20,,case07,new20x20,new20x20,shortest_path,FPP-SAA,expected,expected,0.01,0.9,1.0,20268129,600,1000,0.111667,0.881667,0.000000,0.000000,0.006667,0.134000,0.850000,0.000000,0.000000,0.016000,0.111667,0.881667,0.000000,0.000000,0.006667,1800,1,Feasible,,1,269.97833333,133.44111111,0.50573400,1800.32837361,1806.709014,0,0,,,,0.00000000,0.00000000,0,0,0,0,0,0,0,0,0,,0,0,0,0,0,0,0,0,0,0,0,0,0,0,0,240400,174826,,,269.97833333,255.79600000,,,400.00000000,400.00000000,0.12993067,0.22075484,,,,
fpp_new_instances_scaling_new20x20,,case07,new20x20,new20x20,shortest_path,FPP-Branch-Benders-Combinatorial-MeanCVaR,mean_cvar,mean-cvar,0.01,0.9,0.5,20268129,600,1000,0.111667,0.881667,0.000000,0.000000,0.006667,0.134000,0.850000,0.000000,0.000000,0.016000,0.111667,0.881667,0.000000,0.000000,0.006667,1800,1,Optimal,,1,204.70416667,204.54818306,0.00076200,244.25792046,250.386579,141,98432,,,,0.00000000,0.00000000,0,0,0,0,0,0,0,0,1,eta-asc,0,0,978,0,0,0,0,0,0,32523,0,0,0,0,0,1601,33124,,,136.29166667,131.97900000,,,273.11666667,276.19000000,0.07308734,0.11471447,,,,
fpp_new_instances_scaling_new20x20,,case07,new20x20,new20x20,shortest_path,FPP-Branch-Benders-Combinatorial-MeanCVaR-EtaDesc,mean_cvar,mean-cvar,0.01,0.9,0.5,20268129,600,1000,0.111667,0.881667,0.000000,0.000000,0.006667,0.134000,0.850000,0.000000,0.000000,0.016000,0.111667,0.881667,0.000000,0.000000,0.006667,1800,1,Optimal,,1,204.70416667,204.70416667,0.00000000,93.72528395,97.555734,109,59739,,,,0.00000000,0.00000000,0,0,0,0,0,0,0,0,1,eta-desc,0,0,442,0,0,0,0,0,0,18498,0,0,0,0,0,1601,19099,,,136.29166667,131.97900000,,,273.11666667,276.19000000,0.05505231,0.08730157,,,,
fpp_new_instances_scaling_new20x20,,case08,new20x20,new20x20,shortest_path,FPP-Branch-Benders-CVaR-RootCuts,cvar,cvar,0.01,0.9,1.0,20269129,600,1000,0.141667,0.845000,0.000000,0.000000,0.013333,0.134000,0.850000,0.000000,0.000000,0.016000,0.141667,0.845000,0.000000,0.000000,0.013333,1800,1,Optimal,,1,266.58333333,266.39153039,0.00071949,52.83744894,60.091668,2142,144036,,,,0.00000000,0.00000000,0,1,0,0,0,0,0,0,0,,0,0,9269,,0,0,0,0,0,0,0,0,0,0,0,1601,10273,,,135.21666667,141.22700000,,,266.58333333,267.82000000,0.07214520,0.12840218,,,,
fpp_new_instances_scaling_new20x20,,case08,new20x20,new20x20,shortest_path,FPP-Branch-Benders-Combinatorial-CVaR,cvar,cvar,0.01,0.9,1.0,20269129,600,1000,0.141667,0.845000,0.000000,0.000000,0.013333,0.134000,0.850000,0.000000,0.000000,0.016000,0.141667,0.845000,0.000000,0.000000,0.013333,1800,1,Optimal,,1,266.58333333,266.58333333,0.00000000,118.96475512,124.218178,146,50300,,,,0.00000000,0.00000000,0,0,0,0,0,0,0,0,1,eta-asc,0,0,449,0,0,0,0,0,0,14850,0,0,0,0,0,1601,15451,,,135.21666667,141.22700000,,,266.58333333,267.82000000,0.05449248,0.10598567,,,,
fpp_new_instances_scaling_new20x20,,case08,new20x20,new20x20,shortest_path,FPP-Branch-Benders-Combinatorial-CVaR-EtaDesc,cvar,cvar,0.01,0.9,1.0,20269129,600,1000,0.141667,0.845000,0.000000,0.000000,0.013333,0.134000,0.850000,0.000000,0.000000,0.016000,0.141667,0.845000,0.000000,0.000000,0.013333,1800,1,Optimal,,1,266.58333333,266.58333333,0.00000000,88.08094949,92.271716,137,49511,,,,0.00000000,0.00000000,0,0,0,0,0,0,0,0,1,eta-desc,0,0,444,0,0,0,0,0,0,13301,0,0,0,0,0,1601,13902,,,135.21666667,141.22700000,,,266.58333333,267.82000000,0.04747772,0.08360222,,,,
fpp_new_instances_scaling_new20x20,,case08,new20x20,new20x20,shortest_path,FPP-SAA-CVaR,cvar,cvar,0.01,0.9,1.0,20269129,600,1000,0.141667,0.845000,0.000000,0.000000,0.013333,0.134000,0.850000,0.000000,0.000000,0.016000,0.141667,0.845000,0.000000,0.000000,0.013333,1800,1,Feasible,,1,2872.90000000,0.00000000,1.00000000,1800.26103925,1807.095763,0,0,,,,0.00000000,0.00000000,0,0,0,0,0,0,0,0,0,,0,0,0,0,0,0,0,0,0,0,0,0,0,0,0,241001,160879,,,243.79166667,253.08200000,,,398.00000000,398.00000000,0.12164063,0.21060865,,,,
fpp_new_instances_scaling_new20x20,,case08,new20x20,new20x20,shortest_path,FPP-Branch-Benders-Combinatorial,expected,expected,0.01,0.9,1.0,20269129,600,1000,0.141667,0.845000,0.000000,0.000000,0.013333,0.134000,0.850000,0.000000,0.000000,0.016000,0.141667,0.845000,0.000000,0.000000,0.013333,1800,1,Optimal,,1,121.95000000,121.94247255,0.00006173,34.24178953,40.577767,0,6441,,,,0.00000000,0.00000000,0,0,0,0,0,0,0,0,1,eta-asc,0,0,1020,0,0,0,0,0,0,13500,0,0,0,0,0,1000,13501,,,121.95000000,132.92300000,,,288.61666667,285.97000000,0.05845000,0.11104919,,,,
fpp_new_instances_scaling_new20x20,,case08,new20x20,new20x20,shortest_path,FPP-Branch-Benders-Combinatorial-EtaDesc,expected,expected,0.01,0.9,1.0,20269129,600,1000,0.141667,0.845000,0.000000,0.000000,0.013333,0.134000,0.850000,0.000000,0.000000,0.016000,0.141667,0.845000,0.000000,0.000000,0.013333,1800,1,Optimal,,1,121.95000000,121.82812135,0.00099941,41.99794494,47.841736,0,6577,,,,0.00000000,0.00000000,0,0,0,0,0,0,0,0,1,eta-desc,0,0,1140,0,0,0,0,0,0,10786,0,0,0,0,0,1000,10787,,,121.95000000,132.92300000,,,288.61666667,285.97000000,0.06438451,0.11966969,,,,
fpp_new_instances_scaling_new20x20,,case08,new20x20,new20x20,shortest_path,FPP-SAA,expected,expected,0.01,0.9,1.0,20269129,600,1000,0.141667,0.845000,0.000000,0.000000,0.013333,0.134000,0.850000,0.000000,0.000000,0.016000,0.141667,0.845000,0.000000,0.000000,0.013333,1800,1,Optimal,,1,121.95000000,121.95000000,0.00000000,1048.62834945,1054.946024,0,0,,,,0.00000000,0.00000000,0,0,0,0,0,0,0,0,0,,0,0,0,0,0,0,0,0,0,0,0,0,0,0,0,240400,160279,,,121.95000000,132.92300000,,,288.61666667,285.97000000,0.06658680,0.12865020,,,,
fpp_new_instances_scaling_new20x20,,case08,new20x20,new20x20,shortest_path,FPP-Branch-Benders-Combinatorial-MeanCVaR,mean_cvar,mean-cvar,0.01,0.9,0.5,20269129,600,1000,0.141667,0.845000,0.000000,0.000000,0.013333,0.134000,0.850000,0.000000,0.000000,0.016000,0.141667,0.845000,0.000000,0.000000,0.013333,1800,1,Optimal,,1,197.93000000,197.93000000,0.00000000,98.63888501,104.335717,55,49056,,,,0.00000000,0.00000000,0,0,0,0,0,0,0,0,1,eta-asc,0,0,410,0,0,0,0,0,0,23953,0,0,0,0,0,1601,24554,,,126.76000000,132.73200000,,,269.10000000,275.76000000,0.06407246,0.11191245,,,,
fpp_new_instances_scaling_new20x20,,case08,new20x20,new20x20,shortest_path,FPP-Branch-Benders-Combinatorial-MeanCVaR-EtaDesc,mean_cvar,mean-cvar,0.01,0.9,0.5,20269129,600,1000,0.141667,0.845000,0.000000,0.000000,0.013333,0.134000,0.850000,0.000000,0.000000,0.016000,0.141667,0.845000,0.000000,0.000000,0.013333,1800,1,Optimal,,1,197.93000000,197.93000000,0.00000000,62.31663746,67.811030,51,34901,,,,0.00000000,0.00000000,0,0,0,0,0,0,0,0,1,eta-desc,0,0,720,0,0,0,0,0,0,12255,0,0,0,0,0,1601,12856,,,126.76000000,132.73200000,,,269.10000000,275.76000000,0.06578467,0.11156928,,,,
fpp_new_instances_scaling_new20x20,,case09,new20x20,new20x20,shortest_path,FPP-Branch-Benders-CVaR-RootCuts,cvar,cvar,0.01,0.9,1.0,20270129,600,1000,0.141667,0.858333,0.000000,0.000000,0.000000,0.134000,0.850000,0.000000,0.000000,0.016000,0.141667,0.858333,0.000000,0.000000,0.000000,1800,1,Optimal,,1,269.78333333,269.52027982,0.00097505,80.34379386,87.379398,2677,192845,,,,0.00000000,0.00000000,0,1,0,0,0,0,0,0,0,,0,0,10967,,0,0,0,0,0,0,0,0,0,0,0,1601,11991,,,139.72833333,135.73900000,,,269.78333333,266.77000000,0.07708614,0.13057413,,,,
fpp_new_instances_scaling_new20x20,,case09,new20x20,new20x20,shortest_path,FPP-Branch-Benders-Combinatorial-CVaR,cvar,cvar,0.01,0.9,1.0,20270129,600,1000,0.141667,0.858333,0.000000,0.000000,0.000000,0.134000,0.850000,0.000000,0.000000,0.016000,0.141667,0.858333,0.000000,0.000000,0.000000,1800,1,Optimal,,1,269.78333333,269.53629105,0.00091571,173.81318697,179.443366,197,63851,,,,0.00000000,0.00000000,0,0,0,0,0,0,0,0,1,eta-asc,0,0,672,0,0,0,0,0,0,16633,0,0,0,0,0,1601,17234,,,139.72833333,135.73900000,,,269.78333333,266.77000000,0.06896197,0.11987139,,,,
fpp_new_instances_scaling_new20x20,,case09,new20x20,new20x20,shortest_path,FPP-Branch-Benders-Combinatorial-CVaR-EtaDesc,cvar,cvar,0.01,0.9,1.0,20270129,600,1000,0.141667,0.858333,0.000000,0.000000,0.000000,0.134000,0.850000,0.000000,0.000000,0.016000,0.141667,0.858333,0.000000,0.000000,0.000000,1800,1,Optimal,,1,269.78333333,269.60015645,0.00067898,163.72344607,168.104676,215,78663,,,,0.00000000,0.00000000,0,0,0,0,0,0,0,0,1,eta-desc,0,0,604,0,0,0,0,0,0,18584,0,0,0,0,0,1601,19185,,,139.72833333,135.73900000,,,269.78333333,266.77000000,0.05569735,0.09170203,,,,
fpp_new_instances_scaling_new20x20,,case09,new20x20,new20x20,shortest_path,FPP-SAA-CVaR,cvar,cvar,0.01,0.9,1.0,20270129,600,1000,0.141667,0.858333,0.000000,0.000000,0.000000,0.134000,0.850000,0.000000,0.000000,0.016000,0.141667,0.858333,0.000000,0.000000,0.000000,1800,1,Feasible,,1,3010.75000000,0.00000000,1.00000000,1800.24659856,1806.548494,0,0,,,,0.00000000,0.00000000,0,0,0,0,0,0,0,0,0,,0,0,0,0,0,0,0,0,0,0,0,0,0,0,0,241001,169163,,,261.07500000,255.79600000,,,400.00000000,400.00000000,0.12023650,0.20011896,,,,
fpp_new_instances_scaling_new20x20,,case09,new20x20,new20x20,shortest_path,FPP-Branch-Benders-Combinatorial,expected,expected,0.01,0.9,1.0,20270129,600,1000,0.141667,0.858333,0.000000,0.000000,0.000000,0.134000,0.850000,0.000000,0.000000,0.016000,0.141667,0.858333,0.000000,0.000000,0.000000,1800,1,Optimal,,1,134.59500000,134.59500000,0.00000000,37.80847143,43.070846,9,9462,,,,0.00000000,0.00000000,0,0,0,0,0,0,0,0,1,eta-asc,0,0,1059,0,0,0,0,0,0,13166,0,0,0,0,0,1000,13167,,,134.59500000,132.92300000,,,289.28333333,285.97000000,0.06335366,0.11146209,,,,
fpp_new_instances_scaling_new20x20,,case09,new20x20,new20x20,shortest_path,FPP-Branch-Benders-Combinatorial-EtaDesc,expected,expected,0.01,0.9,1.0,20270129,600,1000,0.141667,0.858333,0.000000,0.000000,0.000000,0.134000,0.850000,0.000000,0.000000,0.016000,0.141667,0.858333,0.000000,0.000000,0.000000,1800,1,Optimal,,1,134.59500000,134.59500000,0.00000000,54.01347206,58.352892,7,13385,,,,0.00000000,0.00000000,0,0,0,0,0,0,0,0,1,eta-desc,0,0,2280,0,0,0,0,0,0,24365,0,0,0,0,0,1000,24366,,,134.59500000,132.92300000,,,289.28333333,285.97000000,0.05198771,0.09104147,,,,
fpp_new_instances_scaling_new20x20,,case09,new20x20,new20x20,shortest_path,FPP-SAA,expected,expected,0.01,0.9,1.0,20270129,600,1000,0.141667,0.858333,0.000000,0.000000,0.000000,0.134000,0.850000,0.000000,0.000000,0.016000,0.141667,0.858333,0.000000,0.000000,0.000000,1800,1,Feasible,,1,134.59500000,133.44333333,0.00855653,1800.17300472,1804.744258,6,0,,,,0.00000000,0.00000000,0,0,0,0,0,0,0,0,0,,0,0,0,0,0,0,0,0,0,0,0,0,0,0,0,240400,168563,,,134.59500000,132.92300000,,,289.28333333,285.97000000,0.05499311,0.07994897,,,,
fpp_new_instances_scaling_new20x20,,case09,new20x20,new20x20,shortest_path,FPP-Branch-Benders-Combinatorial-MeanCVaR,mean_cvar,mean-cvar,0.01,0.9,0.5,20270129,600,1000,0.141667,0.858333,0.000000,0.000000,0.000000,0.134000,0.850000,0.000000,0.000000,0.016000,0.141667,0.858333,0.000000,0.000000,0.000000,1800,1,Optimal,,1,204.75583333,204.69540625,0.00029512,133.32213995,138.774377,94,79078,,,,0.00000000,0.00000000,0,0,0,0,0,0,0,0,1,eta-asc,0,0,708,0,0,0,0,0,0,27359,0,0,0,0,0,1601,27960,,,139.72833333,135.73900000,,,269.78333333,266.77000000,0.06578686,0.10749262,,,,
fpp_new_instances_scaling_new20x20,,case09,new20x20,new20x20,shortest_path,FPP-Branch-Benders-Combinatorial-MeanCVaR-EtaDesc,mean_cvar,mean-cvar,0.01,0.9,0.5,20270129,600,1000,0.141667,0.858333,0.000000,0.000000,0.000000,0.134000,0.850000,0.000000,0.000000,0.016000,0.141667,0.858333,0.000000,0.000000,0.000000,1800,1,Optimal,,1,204.75583333,204.75583333,0.00000000,129.19793055,135.420303,90,55635,,,,0.00000000,0.00000000,0,0,0,0,0,0,0,0,1,eta-desc,0,0,635,0,0,0,0,0,0,17187,0,0,0,0,0,1601,17788,,,139.72833333,135.73900000,,,269.78333333,266.77000000,0.07259249,0.12301689,,,,
fpp_new_instances_scaling_new20x20,,case00,new20x20,new20x20,shortest_path,FPP-Branch-Benders-CVaR-RootCuts,cvar,cvar,0.02,0.9,1.0,20261129,600,1000,0.123333,0.875000,0.000000,0.000000,0.001667,0.134000,0.850000,0.000000,0.000000,0.016000,0.123333,0.875000,0.000000,0.000000,0.001667,1800,1,Feasible,,1,191.20000000,165.75409874,0.13308526,1801.41838587,1806.911170,12464,1219303,,,,0.00000000,0.00000000,0,1,0,0,0,0,0,0,0,,0,0,26702,,0,0,0,0,0,0,0,0,0,0,0,1601,27745,,,97.26666667,95.69300000,,,191.20000000,190.16000000,0.04702222,0.07009391,,,,
fpp_new_instances_scaling_new20x20,,case00,new20x20,new20x20,shortest_path,FPP-Branch-Benders-Combinatorial-CVaR,cvar,cvar,0.02,0.9,1.0,20261129,600,1000,0.123333,0.875000,0.000000,0.000000,0.001667,0.134000,0.850000,0.000000,0.000000,0.016000,0.123333,0.875000,0.000000,0.000000,0.001667,1800,1,Feasible,,1,187.31666667,178.25162989,0.04839418,1830.07097052,1835.992808,628,412073,,,,0.00000000,0.00000000,0,0,0,0,0,0,0,0,1,eta-asc,0,0,1521,0,0,0,0,0,0,61936,0,0,0,0,0,1601,62537,,,96.95166667,97.47400000,,,187.31666667,189.03000000,0.04502938,0.09088943,,,,
fpp_new_instances_scaling_new20x20,,case00,new20x20,new20x20,shortest_path,FPP-Branch-Benders-Combinatorial-CVaR-EtaDesc,cvar,cvar,0.02,0.9,1.0,20261129,600,1000,0.123333,0.875000,0.000000,0.000000,0.001667,0.134000,0.850000,0.000000,0.000000,0.016000,0.123333,0.875000,0.000000,0.000000,0.001667,1800,1,Feasible,,1,189.08333333,176.84705406,0.06471369,1832.88306709,1837.109959,557,443348,,,,0.00000000,0.00000000,0,0,0,0,0,0,0,0,1,eta-desc,0,0,793,0,0,0,0,0,0,69666,0,0,0,0,0,1601,70267,,,97.41500000,97.76400000,,,189.08333333,192.15000000,0.05018720,0.06517925,,,,
fpp_new_instances_scaling_new20x20,,case00,new20x20,new20x20,shortest_path,FPP-SAA-CVaR,cvar,cvar,0.02,0.9,1.0,20261129,600,1000,0.123333,0.875000,0.000000,0.000000,0.001667,0.134000,0.850000,0.000000,0.000000,0.016000,0.123333,0.875000,0.000000,0.000000,0.001667,1800,1,Feasible,,1,3015.88333333,0.00000000,1.00000000,1800.33929095,1806.839151,0,0,,,,0.00000000,0.00000000,0,0,0,0,0,0,0,0,0,,0,0,0,0,0,0,0,0,0,0,0,0,0,0,0,241001,170115,,,261.58833333,255.79600000,,,400.00000000,400.00000000,0.13365378,0.21355397,,,,
fpp_new_instances_scaling_new20x20,,case00,new20x20,new20x20,shortest_path,FPP-Branch-Benders-Combinatorial,expected,expected,0.02,0.9,1.0,20261129,600,1000,0.123333,0.875000,0.000000,0.000000,0.001667,0.134000,0.850000,0.000000,0.000000,0.016000,0.123333,0.875000,0.000000,0.000000,0.001667,1800,1,Optimal,,1,91.72333333,91.72333333,0.00000000,83.98797257,89.724664,25,44288,,,,0.00000000,0.00000000,0,0,0,0,0,0,0,0,1,eta-asc,0,0,1500,0,0,0,0,0,0,47136,0,0,0,0,0,1000,47137,,,91.72333333,90.86300000,,,204.08333333,202.71000000,0.04785024,0.07671747,,,,
fpp_new_instances_scaling_new20x20,,case00,new20x20,new20x20,shortest_path,FPP-Branch-Benders-Combinatorial-EtaDesc,expected,expected,0.02,0.9,1.0,20261129,600,1000,0.123333,0.875000,0.000000,0.000000,0.001667,0.134000,0.850000,0.000000,0.000000,0.016000,0.123333,0.875000,0.000000,0.000000,0.001667,1800,1,Optimal,,1,91.72333333,91.72333333,0.00000000,152.20175354,157.813311,27,58502,,,,0.00000000,0.00000000,0,0,0,0,0,0,0,0,1,eta-desc,0,0,1622,0,0,0,0,0,0,82992,0,0,0,0,0,1000,82993,,,91.72333333,90.86300000,,,204.08333333,202.71000000,0.04752963,0.08089659,,,,
fpp_new_instances_scaling_new20x20,,case00,new20x20,new20x20,shortest_path,FPP-SAA,expected,expected,0.02,0.9,1.0,20261129,600,1000,0.123333,0.875000,0.000000,0.000000,0.001667,0.134000,0.850000,0.000000,0.000000,0.016000,0.123333,0.875000,0.000000,0.000000,0.001667,1800,1,Optimal,,1,91.72333333,91.72333333,0.00000000,1147.32275358,1153.907791,11,0,,,,0.00000000,0.00000000,0,0,0,0,0,0,0,0,0,,0,0,0,0,0,0,0,0,0,0,0,0,0,0,0,240400,169515,,,91.72333333,90.86300000,,,204.08333333,202.71000000,0.05403297,0.08680931,,,,
fpp_new_instances_scaling_new20x20,,case00,new20x20,new20x20,shortest_path,FPP-Branch-Benders-Combinatorial-MeanCVaR,mean_cvar,mean-cvar,0.02,0.9,0.5,20261129,600,1000,0.123333,0.875000,0.000000,0.000000,0.001667,0.134000,0.850000,0.000000,0.000000,0.016000,0.123333,0.875000,0.000000,0.000000,0.001667,1800,1,Feasible,,1,144.39083333,136.18555292,0.05682688,1835.18984476,1841.382248,193,330007,,,,0.00000000,0.00000000,0,0,0,0,0,0,0,0,1,eta-asc,0,0,1392,0,0,0,0,0,0,91777,0,0,0,0,0,1601,92378,,,98.04833333,96.99800000,,,190.73333333,193.31000000,0.05789285,0.09139475,,,,
fpp_new_instances_scaling_new20x20,,case00,new20x20,new20x20,shortest_path,FPP-Branch-Benders-Combinatorial-MeanCVaR-EtaDesc,mean_cvar,mean-cvar,0.02,0.9,0.5,20261129,600,1000,0.123333,0.875000,0.000000,0.000000,0.001667,0.134000,0.850000,0.000000,0.000000,0.016000,0.123333,0.875000,0.000000,0.000000,0.001667,1800,1,Optimal,,1,141.09916667,141.07424776,0.00017661,824.64532307,828.832937,279,311714,,,,0.00000000,0.00000000,0,0,0,0,0,0,0,0,1,eta-desc,0,0,721,0,0,0,0,0,0,57126,0,0,0,0,0,1601,57727,,,93.33166667,93.22800000,,,188.86666667,193.51000000,0.03555305,0.05778555,,,,
fpp_new_instances_scaling_new20x20,,case01,new20x20,new20x20,shortest_path,FPP-Branch-Benders-CVaR-RootCuts,cvar,cvar,0.02,0.9,1.0,20262129,600,1000,0.126667,0.870000,0.000000,0.000000,0.003333,0.134000,0.850000,0.000000,0.000000,0.016000,0.126667,0.870000,0.000000,0.000000,0.003333,1800,1,Feasible,,1,190.35000000,164.78879846,0.13428527,1800.91250293,1808.075301,9974,1014770,,,,0.00000000,0.00000000,0,1,0,0,0,0,0,0,0,,0,0,26964,,0,0,0,0,0,0,0,0,0,0,0,1601,28000,,,101.98166667,99.75800000,,,190.35000000,192.69000000,0.05807331,0.09337172,,,,
fpp_new_instances_scaling_new20x20,,case01,new20x20,new20x20,shortest_path,FPP-Branch-Benders-Combinatorial-CVaR,cvar,cvar,0.02,0.9,1.0,20262129,600,1000,0.126667,0.870000,0.000000,0.000000,0.003333,0.134000,0.850000,0.000000,0.000000,0.016000,0.126667,0.870000,0.000000,0.000000,0.003333,1800,1,Feasible,,1,184.63333333,176.59282323,0.04354853,1830.66274725,1835.034758,635,456704,,,,0.00000000,0.00000000,0,0,0,0,0,0,0,0,1,eta-asc,0,0,1009,0,0,0,0,0,0,67587,0,0,0,0,0,1601,68188,,,100.17833333,97.99600000,,,184.63333333,191.45000000,0.04078671,0.07296638,,,,
fpp_new_instances_scaling_new20x20,,case01,new20x20,new20x20,shortest_path,FPP-Branch-Benders-Combinatorial-CVaR-EtaDesc,cvar,cvar,0.02,0.9,1.0,20262129,600,1000,0.126667,0.870000,0.000000,0.000000,0.003333,0.134000,0.850000,0.000000,0.000000,0.016000,0.126667,0.870000,0.000000,0.000000,0.003333,1800,1,Feasible,,1,184.63333333,175.74944480,0.04811638,1832.64739766,1838.014391,531,463934,,,,0.00000000,0.00000000,0,0,0,0,0,0,0,0,1,eta-desc,0,0,431,0,0,0,0,0,0,70843,0,0,0,0,0,1601,71444,,,100.17833333,97.99600000,,,184.63333333,191.45000000,0.05540418,0.08829804,,,,
fpp_new_instances_scaling_new20x20,,case01,new20x20,new20x20,shortest_path,FPP-SAA-CVaR,cvar,cvar,0.02,0.9,1.0,20262129,600,1000,0.126667,0.870000,0.000000,0.000000,0.003333,0.134000,0.850000,0.000000,0.000000,0.016000,0.126667,0.870000,0.000000,0.000000,0.003333,1800,1,Feasible,,1,3041.31666667,0.00000000,1.00000000,1800.22605664,1806.169978,0,0,,,,0.00000000,0.00000000,0,0,0,0,0,0,0,0,0,,0,0,0,0,0,0,0,0,0,0,0,0,0,0,0,241001,171342,,,258.49166667,249.70800000,,,395.86666667,396.20000000,0.12415129,0.20686818,,,,
fpp_new_instances_scaling_new20x20,,case01,new20x20,new20x20,shortest_path,FPP-Branch-Benders-Combinatorial,expected,expected,0.02,0.9,1.0,20262129,600,1000,0.126667,0.870000,0.000000,0.000000,0.003333,0.134000,0.850000,0.000000,0.000000,0.016000,0.126667,0.870000,0.000000,0.000000,0.003333,1800,1,Optimal,,1,91.89500000,91.89500000,0.00000000,68.63501650,74.236844,11,46210,,,,0.00000000,0.00000000,0,0,0,0,0,0,0,0,1,eta-asc,0,0,780,0,0,0,0,0,0,55304,0,0,0,0,0,1000,55305,,,91.89500000,91.01100000,,,202.35000000,209.23000000,0.04778957,0.07837040,,,,
fpp_new_instances_scaling_new20x20,,case01,new20x20,new20x20,shortest_path,FPP-Branch-Benders-Combinatorial-EtaDesc,expected,expected,0.02,0.9,1.0,20262129,600,1000,0.126667,0.870000,0.000000,0.000000,0.003333,0.134000,0.850000,0.000000,0.000000,0.016000,0.126667,0.870000,0.000000,0.000000,0.003333,1800,1,Optimal,,1,91.89500000,91.89500000,0.00000000,131.26934952,136.398749,15,62097,,,,0.00000000,0.00000000,0,0,0,0,0,0,0,0,1,eta-desc,0,0,1283,0,0,0,0,0,0,75889,0,0,0,0,0,1000,75890,,,91.89500000,91.01100000,,,202.35000000,209.23000000,0.04870254,0.07912599,,,,
fpp_new_instances_scaling_new20x20,,case01,new20x20,new20x20,shortest_path,FPP-SAA,expected,expected,0.02,0.9,1.0,20262129,600,1000,0.126667,0.870000,0.000000,0.000000,0.003333,0.134000,0.850000,0.000000,0.000000,0.016000,0.126667,0.870000,0.000000,0.000000,0.003333,1800,1,Optimal,,1,91.89500000,91.89500000,0.00000000,1265.37341781,1272.142860,5,0,,,,0.00000000,0.00000000,0,0,0,0,0,0,0,0,0,,0,0,0,0,0,0,0,0,0,0,0,0,0,0,0,240400,170742,,,91.89500000,91.01100000,,,202.35000000,209.23000000,0.05677883,0.09062573,,,,
fpp_new_instances_scaling_new20x20,,case01,new20x20,new20x20,shortest_path,FPP-Branch-Benders-Combinatorial-MeanCVaR,mean_cvar,mean-cvar,0.02,0.9,0.5,20262129,600,1000,0.126667,0.870000,0.000000,0.000000,0.003333,0.134000,0.850000,0.000000,0.000000,0.016000,0.126667,0.870000,0.000000,0.000000,0.003333,1800,1,Feasible,,1,143.54833333,134.73695200,0.06138268,1834.60868846,1840.892109,121,379777,,,,0.00000000,0.00000000,0,0,0,0,0,0,0,0,1,eta-asc,0,0,1550,0,0,0,0,0,0,89237,0,0,0,0,0,1601,89838,,,91.94666667,90.86300000,,,195.15000000,202.71000000,0.05195832,0.09080344,,,,
fpp_new_instances_scaling_new20x20,,case01,new20x20,new20x20,shortest_path,FPP-Branch-Benders-Combinatorial-MeanCVaR-EtaDesc,mean_cvar,mean-cvar,0.02,0.9,0.5,20262129,600,1000,0.126667,0.870000,0.000000,0.000000,0.003333,0.134000,0.850000,0.000000,0.000000,0.016000,0.126667,0.870000,0.000000,0.000000,0.003333,1800,1,Feasible,,1,142.39666667,136.56866452,0.04092794,1837.74755497,1843.902571,233,416975,,,,0.00000000,0.00000000,0,0,0,0,0,0,0,0,1,eta-desc,0,0,653,0,0,0,0,0,0,67801,0,0,0,0,0,1601,68402,,,97.82666667,93.91700000,,,186.96666667,188.27000000,0.05697832,0.09099346,,,,
fpp_new_instances_scaling_new20x20,,case02,new20x20,new20x20,shortest_path,FPP-Branch-Benders-CVaR-RootCuts,cvar,cvar,0.02,0.9,1.0,20263129,600,1000,0.121667,0.871667,0.000000,0.000000,0.006667,0.134000,0.850000,0.000000,0.000000,0.016000,0.121667,0.871667,0.000000,0.000000,0.006667,1800,1,Feasible,,1,193.05000000,165.77110194,0.14130483,1801.05766445,1808.292879,9736,1260760,,,,0.00000000,0.00000000,0,1,0,0,0,0,0,0,0,,0,0,30380,,0,0,0,0,0,0,0,0,0,0,0,1601,31408,,,99.86166667,99.42600000,,,193.05000000,193.86000000,0.05251271,0.08076654,,,,
fpp_new_instances_scaling_new20x20,,case02,new20x20,new20x20,shortest_path,FPP-Branch-Benders-Combinatorial-CVaR,cvar,cvar,0.02,0.9,1.0,20263129,600,1000,0.121667,0.871667,0.000000,0.000000,0.006667,0.134000,0.850000,0.000000,0.000000,0.016000,0.121667,0.871667,0.000000,0.000000,0.006667,1800,1,Feasible,,1,187.03333333,177.27128707,0.05219415,1823.79921053,1827.878087,629,413071,,,,0.00000000,0.00000000,0,0,0,0,0,0,0,0,1,eta-asc,0,0,1173,0,0,0,0,0,0,63798,0,0,0,0,0,1601,64399,,,92.70500000,93.19300000,,,187.03333333,193.80000000,0.04300266,0.06721305,,,,
fpp_new_instances_scaling_new20x20,,case02,new20x20,new20x20,shortest_path,FPP-Branch-Benders-Combinatorial-CVaR-EtaDesc,cvar,cvar,0.02,0.9,1.0,20263129,600,1000,0.121667,0.871667,0.000000,0.000000,0.006667,0.134000,0.850000,0.000000,0.000000,0.016000,0.121667,0.871667,0.000000,0.000000,0.006667,1800,1,Feasible,,1,187.46666667,178.22120308,0.04931791,1837.25139726,1841.297198,665,527098,,,,0.00000000,0.00000000,0,0,0,0,0,0,0,0,1,eta-desc,0,0,876,0,0,0,0,0,0,79144,0,0,0,0,0,1601,79745,,,96.99000000,96.41500000,,,187.46666667,192.73000000,0.04016879,0.07005208,,,,
fpp_new_instances_scaling_new20x20,,case02,new20x20,new20x20,shortest_path,FPP-SAA-CVaR,cvar,cvar,0.02,0.9,1.0,20263129,600,1000,0.121667,0.871667,0.000000,0.000000,0.006667,0.134000,0.850000,0.000000,0.000000,0.016000,0.121667,0.871667,0.000000,0.000000,0.006667,1800,1,Feasible,,1,2991.08333333,0.00000000,1.00000000,1800.24187695,1806.480031,0,0,,,,0.00000000,0.00000000,0,0,0,0,0,0,0,0,0,,0,0,0,0,0,0,0,0,0,0,0,0,0,0,0,241001,168100,,,255.83833333,252.27600000,,,398.00000000,398.00000000,0.13090696,0.21539223,,,,
fpp_new_instances_scaling_new20x20,,case02,new20x20,new20x20,shortest_path,FPP-Branch-Benders-Combinatorial,expected,expected,0.02,0.9,1.0,20263129,600,1000,0.121667,0.871667,0.000000,0.000000,0.006667,0.134000,0.850000,0.000000,0.000000,0.016000,0.121667,0.871667,0.000000,0.000000,0.006667,1800,1,Optimal,,1,90.74666667,90.74666667,0.00000000,54.26982757,58.720194,19,28040,,,,0.00000000,0.00000000,0,0,0,0,0,0,0,0,1,eta-asc,0,0,1087,0,0,0,0,0,0,21733,0,0,0,0,0,1000,21734,,,90.74666667,92.29700000,,,196.38333333,200.53000000,0.03605132,0.05976291,,,,
fpp_new_instances_scaling_new20x20,,case02,new20x20,new20x20,shortest_path,FPP-Branch-Benders-Combinatorial-EtaDesc,expected,expected,0.02,0.9,1.0,20263129,600,1000,0.121667,0.871667,0.000000,0.000000,0.006667,0.134000,0.850000,0.000000,0.000000,0.016000,0.121667,0.871667,0.000000,0.000000,0.006667,1800,1,Optimal,,1,90.74666667,90.74666667,0.00000000,86.39564307,90.604751,17,41031,,,,0.00000000,0.00000000,0,0,0,0,0,0,0,0,1,eta-desc,0,0,785,0,0,0,0,0,0,64031,0,0,0,0,0,1000,64032,,,90.74666667,92.29700000,,,196.38333333,200.53000000,0.03475365,0.06131431,,,,
fpp_new_instances_scaling_new20x20,,case02,new20x20,new20x20,shortest_path,FPP-SAA,expected,expected,0.02,0.9,1.0,20263129,600,1000,0.121667,0.871667,0.000000,0.000000,0.006667,0.134000,0.850000,0.000000,0.000000,0.016000,0.121667,0.871667,0.000000,0.000000,0.006667,1800,1,Optimal,,1,90.74666667,90.74666667,0.00000000,807.75191149,811.708329,7,0,,,,0.00000000,0.00000000,0,0,0,0,0,0,0,0,0,,0,0,0,0,0,0,0,0,0,0,0,0,0,0,0,240400,167500,,,90.74666667,92.29700000,,,196.38333333,200.53000000,0.03313499,0.06526244,,,,
fpp_new_instances_scaling_new20x20,,case02,new20x20,new20x20,shortest_path,FPP-Branch-Benders-Combinatorial-MeanCVaR,mean_cvar,mean-cvar,0.02,0.9,0.5,20263129,600,1000,0.121667,0.871667,0.000000,0.000000,0.006667,0.134000,0.850000,0.000000,0.000000,0.016000,0.121667,0.871667,0.000000,0.000000,0.006667,1800,1,Optimal,,1,139.42916667,139.34857609,0.00057800,443.15301977,447.796351,144,210893,,,,0.00000000,0.00000000,0,0,0,0,0,0,0,0,1,eta-asc,0,0,1305,0,0,0,0,0,0,80079,0,0,0,0,0,1601,80680,,,92.04166667,93.22800000,,,186.81666667,193.51000000,0.03266151,0.05596892,,,,
fpp_new_instances_scaling_new20x20,,case02,new20x20,new20x20,shortest_path,FPP-Branch-Benders-Combinatorial-MeanCVaR-EtaDesc,mean_cvar,mean-cvar,0.02,0.9,0.5,20263129,600,1000,0.121667,0.871667,0.000000,0.000000,0.006667,0.134000,0.850000,0.000000,0.000000,0.016000,0.121667,0.871667,0.000000,0.000000,0.006667,1800,1,Optimal,,1,139.42916667,139.35146316,0.00055730,262.00845276,266.110779,147,150527,,,,0.00000000,0.00000000,0,0,0,0,0,0,0,0,1,eta-desc,0,0,259,0,0,0,0,0,0,40954,0,0,0,0,0,1601,41555,,,92.04166667,93.22800000,,,186.81666667,193.51000000,0.04004580,0.06426701,,,,
fpp_new_instances_scaling_new20x20,,case03,new20x20,new20x20,shortest_path,FPP-Branch-Benders-CVaR-RootCuts,cvar,cvar,0.02,0.9,1.0,20264129,600,1000,0.101667,0.893333,0.000000,0.000000,0.005000,0.134000,0.850000,0.000000,0.000000,0.016000,0.101667,0.893333,0.000000,0.000000,0.005000,1800,1,Feasible,,1,189.51666667,164.66685820,0.13112202,1800.83653321,1808.317831,7856,1175445,,,,0.00000000,0.00000000,0,1,0,0,0,0,0,0,0,,0,0,30373,,0,0,0,0,0,0,0,0,0,0,0,1601,31424,,,96.68000000,93.91700000,,,189.51666667,188.27000000,0.05407508,0.09309122,,,,
fpp_new_instances_scaling_new20x20,,case03,new20x20,new20x20,shortest_path,FPP-Branch-Benders-Combinatorial-CVaR,cvar,cvar,0.02,0.9,1.0,20264129,600,1000,0.101667,0.893333,0.000000,0.000000,0.005000,0.134000,0.850000,0.000000,0.000000,0.016000,0.101667,0.893333,0.000000,0.000000,0.005000,1800,1,Feasible,,1,190.78333333,176.06529785,0.07714529,1821.84457917,1827.370433,470,393963,,,,0.00000000,0.00000000,0,0,0,0,0,0,0,0,1,eta-asc,0,0,1243,0,0,0,0,0,0,70420,0,0,0,0,0,1601,71021,,,97.55333333,94.94700000,,,190.78333333,189.67000000,0.05207195,0.09156991,,,,
fpp_new_instances_scaling_new20x20,,case03,new20x20,new20x20,shortest_path,FPP-Branch-Benders-Combinatorial-CVaR-EtaDesc,cvar,cvar,0.02,0.9,1.0,20264129,600,1000,0.101667,0.893333,0.000000,0.000000,0.005000,0.134000,0.850000,0.000000,0.000000,0.016000,0.101667,0.893333,0.000000,0.000000,0.005000,1800,1,Feasible,,1,191.71666667,176.10711646,0.08141989,1833.04520561,1838.930366,502,473592,,,,0.00000000,0.00000000,0,0,0,0,0,0,0,0,1,eta-desc,0,0,1288,0,0,0,0,0,0,75616,0,0,0,0,0,1601,76217,,,101.22833333,99.11000000,,,191.71666667,194.92000000,0.05794044,0.09732945,,,,
fpp_new_instances_scaling_new20x20,,case03,new20x20,new20x20,shortest_path,FPP-SAA-CVaR,cvar,cvar,0.02,0.9,1.0,20264129,600,1000,0.101667,0.893333,0.000000,0.000000,0.005000,0.134000,0.850000,0.000000,0.000000,0.016000,0.101667,0.893333,0.000000,0.000000,0.005000,1800,1,Feasible,,1,3070.05000000,0.00000000,1.00000000,1800.22011244,1806.272511,0,0,,,,0.00000000,0.00000000,0,0,0,0,0,0,0,0,0,,0,0,0,0,0,0,0,0,0,0,0,0,0,0,0,241001,173584,,,267.00500000,255.79600000,,,400.00000000,400.00000000,0.13443832,0.20943403,,,,
fpp_new_instances_scaling_new20x20,,case03,new20x20,new20x20,shortest_path,FPP-Branch-Benders-Combinatorial,expected,expected,0.02,0.9,1.0,20264129,600,1000,0.101667,0.893333,0.000000,0.000000,0.005000,0.134000,0.850000,0.000000,0.000000,0.016000,0.101667,0.893333,0.000000,0.000000,0.005000,1800,1,Optimal,,1,91.97500000,91.97500000,0.00000000,76.12577990,81.819774,23,45038,,,,0.00000000,0.00000000,0,0,0,0,0,0,0,0,1,eta-asc,0,0,1380,0,0,0,0,0,0,39524,0,0,0,0,0,1000,39525,,,91.97500000,91.06100000,,,210.48333333,209.87000000,0.04717128,0.08412979,,,,
fpp_new_instances_scaling_new20x20,,case03,new20x20,new20x20,shortest_path,FPP-Branch-Benders-Combinatorial-EtaDesc,expected,expected,0.02,0.9,1.0,20264129,600,1000,0.101667,0.893333,0.000000,0.000000,0.005000,0.134000,0.850000,0.000000,0.000000,0.016000,0.101667,0.893333,0.000000,0.000000,0.005000,1800,1,Optimal,,1,91.97500000,91.97500000,0.00000000,139.14428831,144.713111,23,63829,,,,0.00000000,0.00000000,0,0,0,0,0,0,0,0,1,eta-desc,0,0,1440,0,0,0,0,0,0,80996,0,0,0,0,0,1000,80997,,,91.97500000,91.06100000,,,210.48333333,209.87000000,0.05341367,0.08855143,,,,
fpp_new_instances_scaling_new20x20,,case03,new20x20,new20x20,shortest_path,FPP-SAA,expected,expected,0.02,0.9,1.0,20264129,600,1000,0.101667,0.893333,0.000000,0.000000,0.005000,0.134000,0.850000,0.000000,0.000000,0.016000,0.101667,0.893333,0.000000,0.000000,0.005000,1800,1,Optimal,,1,91.97500000,91.97500000,0.00000000,1243.91509111,1248.487819,13,0,,,,0.00000000,0.00000000,0,0,0,0,0,0,0,0,0,,0,0,0,0,0,0,0,0,0,0,0,0,0,0,0,240400,172984,,,91.97500000,91.06100000,,,210.48333333,209.87000000,0.03486215,0.08321387,,,,
fpp_new_instances_scaling_new20x20,,case03,new20x20,new20x20,shortest_path,FPP-Branch-Benders-Combinatorial-MeanCVaR,mean_cvar,mean-cvar,0.02,0.9,0.5,20264129,600,1000,0.101667,0.893333,0.000000,0.000000,0.005000,0.134000,0.850000,0.000000,0.000000,0.016000,0.101667,0.893333,0.000000,0.000000,0.005000,1800,1,Feasible,,1,143.09833333,138.48894301,0.03221135,1835.40599281,1841.089728,191,369923,,,,0.00000000,0.00000000,0,0,0,0,0,0,0,0,1,eta-asc,0,0,1469,0,0,0,0,0,0,119611,0,0,0,0,0,1601,120212,,,96.68000000,93.91700000,,,189.51666667,188.27000000,0.05308272,0.08484459,,,,
fpp_new_instances_scaling_new20x20,,case03,new20x20,new20x20,shortest_path,FPP-Branch-Benders-Combinatorial-MeanCVaR-EtaDesc,mean_cvar,mean-cvar,0.02,0.9,0.5,20264129,600,1000,0.101667,0.893333,0.000000,0.000000,0.005000,0.134000,0.850000,0.000000,0.000000,0.016000,0.101667,0.893333,0.000000,0.000000,0.005000,1800,1,Feasible,,1,144.14750000,138.61783971,0.03836113,1835.43901445,1841.459362,280,409050,,,,0.00000000,0.00000000,0,0,0,0,0,0,0,0,1,eta-desc,0,0,842,0,0,0,0,0,0,83434,0,0,0,0,0,1601,84035,,,97.17833333,94.50400000,,,191.11666667,189.41000000,0.05179941,0.08793808,,,,
fpp_new_instances_scaling_new20x20,,case04,new20x20,new20x20,shortest_path,FPP-Branch-Benders-CVaR-RootCuts,cvar,cvar,0.02,0.9,1.0,20265129,600,1000,0.111667,0.878333,0.000000,0.000000,0.010000,0.134000,0.850000,0.000000,0.000000,0.016000,0.111667,0.878333,0.000000,0.000000,0.010000,1800,1,Feasible,,1,190.93333333,164.86844180,0.13651305,1800.84621113,1808.245915,11785,1204210,,,,0.00000000,0.00000000,0,1,0,0,0,0,0,0,0,,0,0,25702,,0,0,0,0,0,0,0,0,0,0,0,1601,26723,,,101.43666667,98.73200000,,,190.93333333,196.22000000,0.06051888,0.09604613,,,,
fpp_new_instances_scaling_new20x20,,case04,new20x20,new20x20,shortest_path,FPP-Branch-Benders-Combinatorial-CVaR,cvar,cvar,0.02,0.9,1.0,20265129,600,1000,0.111667,0.878333,0.000000,0.000000,0.010000,0.134000,0.850000,0.000000,0.000000,0.016000,0.111667,0.878333,0.000000,0.000000,0.010000,1800,1,Feasible,,1,186.26666667,178.58937485,0.04121667,1829.09117643,1834.796611,560,401076,,,,0.00000000,0.00000000,0,0,0,0,0,0,0,0,1,eta-asc,0,0,1215,0,0,0,0,0,0,67306,0,0,0,0,0,1601,67907,,,101.08500000,99.30700000,,,186.26666667,192.24000000,0.05627995,0.09406029,,,,
fpp_new_instances_scaling_new20x20,,case04,new20x20,new20x20,shortest_path,FPP-Branch-Benders-Combinatorial-CVaR-EtaDesc,cvar,cvar,0.02,0.9,1.0,20265129,600,1000,0.111667,0.878333,0.000000,0.000000,0.010000,0.134000,0.850000,0.000000,0.000000,0.016000,0.111667,0.878333,0.000000,0.000000,0.010000,1800,1,Feasible,,1,185.50000000,178.45478172,0.03797961,1832.80762407,1838.611882,579,582898,,,,0.00000000,0.00000000,0,0,0,0,0,0,0,0,1,eta-desc,0,0,612,0,0,0,0,0,0,75542,0,0,0,0,0,1601,76143,,,100.24166667,98.39000000,,,185.50000000,190.32000000,0.05284937,0.08631856,,,,
fpp_new_instances_scaling_new20x20,,case04,new20x20,new20x20,shortest_path,FPP-SAA-CVaR,cvar,cvar,0.02,0.9,1.0,20265129,600,1000,0.111667,0.878333,0.000000,0.000000,0.010000,0.134000,0.850000,0.000000,0.000000,0.016000,0.111667,0.878333,0.000000,0.000000,0.010000,1800,1,Feasible,,1,3014.58333333,0.00000000,1.00000000,1800.21884182,1806.697297,0,0,,,,0.00000000,0.00000000,0,0,0,0,0,0,0,0,0,,0,0,0,0,0,0,0,0,0,0,0,0,0,0,0,241001,169741,,,261.45833333,255.79600000,,,400.00000000,400.00000000,0.13588097,0.23337847,,,,
fpp_new_instances_scaling_new20x20,,case04,new20x20,new20x20,shortest_path,FPP-Branch-Benders-Combinatorial,expected,expected,0.02,0.9,1.0,20265129,600,1000,0.111667,0.878333,0.000000,0.000000,0.010000,0.134000,0.850000,0.000000,0.000000,0.016000,0.111667,0.878333,0.000000,0.000000,0.010000,1800,1,Optimal,,1,92.72666667,92.72666667,0.00000000,91.24442479,95.204236,27,70462,,,,0.00000000,0.00000000,0,0,0,0,0,0,0,0,1,eta-asc,0,0,840,0,0,0,0,0,0,49056,0,0,0,0,0,1000,49057,,,92.72666667,90.86300000,,,201.65000000,202.71000000,0.02900191,0.04587130,,,,
fpp_new_instances_scaling_new20x20,,case04,new20x20,new20x20,shortest_path,FPP-Branch-Benders-Combinatorial-EtaDesc,expected,expected,0.02,0.9,1.0,20265129,600,1000,0.111667,0.878333,0.000000,0.000000,0.010000,0.134000,0.850000,0.000000,0.000000,0.016000,0.111667,0.878333,0.000000,0.000000,0.010000,1800,1,Optimal,,1,92.72666667,92.72666667,0.00000000,120.27194546,126.083920,25,67061,,,,0.00000000,0.00000000,0,0,0,0,0,0,0,0,1,eta-desc,0,0,960,0,0,0,0,0,0,57809,0,0,0,0,0,1000,57810,,,92.72666667,90.86300000,,,201.65000000,202.71000000,0.04839053,0.08563867,,,,
fpp_new_instances_scaling_new20x20,,case04,new20x20,new20x20,shortest_path,FPP-SAA,expected,expected,0.02,0.9,1.0,20265129,600,1000,0.111667,0.878333,0.000000,0.000000,0.010000,0.134000,0.850000,0.000000,0.000000,0.016000,0.111667,0.878333,0.000000,0.000000,0.010000,1800,1,Optimal,,1,92.72666667,92.72666667,0.00000000,1213.82011067,1220.114225,11,0,,,,0.00000000,0.00000000,0,0,0,0,0,0,0,0,0,,0,0,0,0,0,0,0,0,0,0,0,0,0,0,0,240400,169141,,,92.72666667,90.86300000,,,201.65000000,202.71000000,0.05327531,0.08933054,,,,
fpp_new_instances_scaling_new20x20,,case04,new20x20,new20x20,shortest_path,FPP-Branch-Benders-Combinatorial-MeanCVaR,mean_cvar,mean-cvar,0.02,0.9,0.5,20265129,600,1000,0.111667,0.878333,0.000000,0.000000,0.010000,0.134000,0.850000,0.000000,0.000000,0.016000,0.111667,0.878333,0.000000,0.000000,0.010000,1800,1,Feasible,,1,142.92750000,136.60758105,0.04421766,1828.06062553,1833.807379,177,395220,,,,0.00000000,0.00000000,0,0,0,0,0,0,0,0,1,eta-asc,0,0,1344,0,0,0,0,0,0,95746,0,0,0,0,0,1601,96347,,,94.22166667,93.51700000,,,191.63333333,194.51000000,0.04939534,0.08968286,,,,
fpp_new_instances_scaling_new20x20,,case04,new20x20,new20x20,shortest_path,FPP-Branch-Benders-Combinatorial-MeanCVaR-EtaDesc,mean_cvar,mean-cvar,0.02,0.9,0.5,20265129,600,1000,0.111667,0.878333,0.000000,0.000000,0.010000,0.134000,0.850000,0.000000,0.000000,0.016000,0.111667,0.878333,0.000000,0.000000,0.010000,1800,1,Feasible,,1,142.88250000,138.79571948,0.02860239,1835.82514229,1841.795405,330,373241,,,,0.00000000,0.00000000,0,0,0,0,0,0,0,0,1,eta-desc,0,0,788,0,0,0,0,0,0,74535,0,0,0,0,0,1601,75136,,,99.94833333,97.93300000,,,185.81666667,189.91000000,0.05652327,0.08444510,,,,
fpp_new_instances_scaling_new20x20,,case05,new20x20,new20x20,shortest_path,FPP-Branch-Benders-CVaR-RootCuts,cvar,cvar,0.02,0.9,1.0,20266129,600,1000,0.120000,0.868333,0.000000,0.000000,0.011667,0.134000,0.850000,0.000000,0.000000,0.016000,0.120000,0.868333,0.000000,0.000000,0.011667,1800,1,Feasible,,1,188.88333333,166.53743843,0.11830528,1801.26918264,1808.915603,16118,1501609,,,,0.00000000,0.00000000,0,1,0,0,0,0,0,0,0,,0,0,27499,,0,0,0,0,0,0,0,0,0,0,0,1601,28540,,,97.29666667,97.62800000,,,188.88333333,193.39000000,0.05406187,0.09506831,,,,
fpp_new_instances_scaling_new20x20,,case05,new20x20,new20x20,shortest_path,FPP-Branch-Benders-Combinatorial-CVaR,cvar,cvar,0.02,0.9,1.0,20266129,600,1000,0.120000,0.868333,0.000000,0.000000,0.011667,0.134000,0.850000,0.000000,0.000000,0.016000,0.120000,0.868333,0.000000,0.000000,0.011667,1800,1,Feasible,,1,186.46666667,179.16358618,0.03916561,1830.59628499,1835.883680,738,478884,,,,0.00000000,0.00000000,0,0,0,0,0,0,0,0,1,eta-asc,0,0,974,0,0,0,0,0,0,70980,0,0,0,0,0,1601,71581,,,95.70833333,94.94700000,,,186.46666667,189.67000000,0.04802808,0.07808431,,,,
fpp_new_instances_scaling_new20x20,,case05,new20x20,new20x20,shortest_path,FPP-Branch-Benders-Combinatorial-CVaR-EtaDesc,cvar,cvar,0.02,0.9,1.0,20266129,600,1000,0.120000,0.868333,0.000000,0.000000,0.011667,0.134000,0.850000,0.000000,0.000000,0.016000,0.120000,0.868333,0.000000,0.000000,0.011667,1800,1,Feasible,,1,185.80000000,176.51831406,0.04995525,1832.83410453,1838.449936,521,405528,,,,0.00000000,0.00000000,0,0,0,0,0,0,0,0,1,eta-desc,0,0,455,0,0,0,0,0,0,65937,0,0,0,0,0,1601,66538,,,94.56500000,93.91700000,,,185.80000000,188.27000000,0.05166433,0.08530234,,,,
fpp_new_instances_scaling_new20x20,,case05,new20x20,new20x20,shortest_path,FPP-SAA-CVaR,cvar,cvar,0.02,0.9,1.0,20266129,600,1000,0.120000,0.868333,0.000000,0.000000,0.011667,0.134000,0.850000,0.000000,0.000000,0.016000,0.120000,0.868333,0.000000,0.000000,0.011667,1800,1,Feasible,,1,2986.43333333,0.00000000,1.00000000,1800.23718324,1806.396202,0,0,,,,0.00000000,0.00000000,0,0,0,0,0,0,0,0,0,,0,0,0,0,0,0,0,0,0,0,0,0,0,0,0,241001,167877,,,254.60666667,251.61100000,,,398.00000000,398.00000000,0.12943576,0.20827731,,,,
fpp_new_instances_scaling_new20x20,,case05,new20x20,new20x20,shortest_path,FPP-Branch-Benders-Combinatorial,expected,expected,0.02,0.9,1.0,20266129,600,1000,0.120000,0.868333,0.000000,0.000000,0.011667,0.134000,0.850000,0.000000,0.000000,0.016000,0.120000,0.868333,0.000000,0.000000,0.011667,1800,1,Optimal,,1,89.90000000,89.90000000,0.00000000,59.06103520,63.620874,23,36550,,,,0.00000000,0.00000000,0,0,0,0,0,0,0,0,1,eta-asc,0,0,1920,0,0,0,0,0,0,29900,0,0,0,0,0,1000,29901,,,89.90000000,90.96900000,,,205.18333333,209.56000000,0.03400414,0.05759980,,,,
fpp_new_instances_scaling_new20x20,,case05,new20x20,new20x20,shortest_path,FPP-Branch-Benders-Combinatorial-EtaDesc,expected,expected,0.02,0.9,1.0,20266129,600,1000,0.120000,0.868333,0.000000,0.000000,0.011667,0.134000,0.850000,0.000000,0.000000,0.016000,0.120000,0.868333,0.000000,0.000000,0.011667,1800,1,Optimal,,1,89.90000000,89.90000000,0.00000000,105.33672486,111.432343,23,49980,,,,0.00000000,0.00000000,0,0,0,0,0,0,0,0,1,eta-desc,0,0,720,0,0,0,0,0,0,46965,0,0,0,0,0,1000,46966,,,89.90000000,90.96900000,,,205.18333333,209.56000000,0.05166201,0.08762714,,,,
fpp_new_instances_scaling_new20x20,,case05,new20x20,new20x20,shortest_path,FPP-SAA,expected,expected,0.02,0.9,1.0,20266129,600,1000,0.120000,0.868333,0.000000,0.000000,0.011667,0.134000,0.850000,0.000000,0.000000,0.016000,0.120000,0.868333,0.000000,0.000000,0.011667,1800,1,Optimal,,1,89.90000000,89.90000000,0.00000000,1445.95842556,1450.201174,21,0,,,,0.00000000,0.00000000,0,0,0,0,0,0,0,0,0,,0,0,0,0,0,0,0,0,0,0,0,0,0,0,0,240400,167277,,,89.90000000,90.96900000,,,205.18333333,209.56000000,0.03911878,0.06407704,,,,
fpp_new_instances_scaling_new20x20,,case05,new20x20,new20x20,shortest_path,FPP-Branch-Benders-Combinatorial-MeanCVaR,mean_cvar,mean-cvar,0.02,0.9,0.5,20266129,600,1000,0.120000,0.868333,0.000000,0.000000,0.011667,0.134000,0.850000,0.000000,0.000000,0.016000,0.120000,0.868333,0.000000,0.000000,0.011667,1800,1,Feasible,,1,140.87083333,136.38654806,0.03183260,1828.37264546,1834.121331,221,348938,,,,0.00000000,0.00000000,0,0,0,0,0,0,0,0,1,eta-asc,0,0,1505,0,0,0,0,0,0,99038,0,0,0,0,0,1601,99639,,,95.05833333,94.50400000,,,186.68333333,189.41000000,0.05483931,0.09068889,,,,
fpp_new_instances_scaling_new20x20,,case05,new20x20,new20x20,shortest_path,FPP-Branch-Benders-Combinatorial-MeanCVaR-EtaDesc,mean_cvar,mean-cvar,0.02,0.9,0.5,20266129,600,1000,0.120000,0.868333,0.000000,0.000000,0.011667,0.134000,0.850000,0.000000,0.000000,0.016000,0.120000,0.868333,0.000000,0.000000,0.011667,1800,1,Optimal,,1,140.08666667,139.95115315,0.00096735,1653.38360676,1657.579108,458,489416,,,,0.00000000,0.00000000,0,0,0,0,0,0,0,0,1,eta-desc,0,0,720,0,0,0,0,0,0,74254,0,0,0,0,0,1601,74855,,,91.22333333,93.22800000,,,188.95000000,193.51000000,0.03836005,0.06293456,,,,
fpp_new_instances_scaling_new20x20,,case06,new20x20,new20x20,shortest_path,FPP-Branch-Benders-CVaR-RootCuts,cvar,cvar,0.02,0.9,1.0,20267129,600,1000,0.121667,0.870000,0.000000,0.000000,0.008333,0.134000,0.850000,0.000000,0.000000,0.016000,0.121667,0.870000,0.000000,0.000000,0.008333,1800,1,Feasible,,1,186.75000000,167.34711405,0.10389765,1800.80091956,1808.258372,23399,2416982,,,,0.00000000,0.00000000,0,1,0,0,0,0,0,0,0,,0,0,25610,,0,0,0,0,0,0,0,0,0,0,0,1601,26641,,,98.42833333,98.93900000,,,186.75000000,193.21000000,0.05809537,0.08635433,,,,
fpp_new_instances_scaling_new20x20,,case06,new20x20,new20x20,shortest_path,FPP-Branch-Benders-Combinatorial-CVaR,cvar,cvar,0.02,0.9,1.0,20267129,600,1000,0.121667,0.870000,0.000000,0.000000,0.008333,0.134000,0.850000,0.000000,0.000000,0.016000,0.121667,0.870000,0.000000,0.000000,0.008333,1800,1,Feasible,,1,187.51666667,173.68803264,0.07374616,1827.04637440,1833.307618,481,387141,,,,0.00000000,0.00000000,0,0,0,0,0,0,0,0,1,eta-asc,0,0,2023,0,0,0,0,0,0,67350,0,0,0,0,0,1601,67951,,,97.95333333,98.80400000,,,187.51666667,193.69000000,0.05314356,0.08526097,,,,
fpp_new_instances_scaling_new20x20,,case06,new20x20,new20x20,shortest_path,FPP-Branch-Benders-Combinatorial-CVaR-EtaDesc,cvar,cvar,0.02,0.9,1.0,20267129,600,1000,0.121667,0.870000,0.000000,0.000000,0.008333,0.134000,0.850000,0.000000,0.000000,0.016000,0.121667,0.870000,0.000000,0.000000,0.008333,1800,1,Feasible,,1,188.15000000,173.65748426,0.07702639,1834.92523069,1840.629430,439,372880,,,,0.00000000,0.00000000,0,0,0,0,0,0,0,0,1,eta-desc,0,0,694,0,0,0,0,0,0,65095,0,0,0,0,0,1601,65696,,,97.40666667,95.62400000,,,188.15000000,189.91000000,0.05337906,0.08787488,,,,
fpp_new_instances_scaling_new20x20,,case06,new20x20,new20x20,shortest_path,FPP-SAA-CVaR,cvar,cvar,0.02,0.9,1.0,20267129,600,1000,0.121667,0.870000,0.000000,0.000000,0.008333,0.134000,0.850000,0.000000,0.000000,0.016000,0.121667,0.870000,0.000000,0.000000,0.008333,1800,1,Feasible,,1,2939.23333333,0.00000000,1.00000000,1800.17284776,1805.135503,0,0,,,,0.00000000,0.00000000,0,0,0,0,0,0,0,0,0,,0,0,0,0,0,0,0,0,0,0,0,0,0,0,0,241001,164889,,,250.65166667,252.27600000,,,398.00000000,398.00000000,0.08565281,0.14352122,,,,
fpp_new_instances_scaling_new20x20,,case06,new20x20,new20x20,shortest_path,FPP-Branch-Benders-Combinatorial,expected,expected,0.02,0.9,1.0,20267129,600,1000,0.121667,0.870000,0.000000,0.000000,0.008333,0.134000,0.850000,0.000000,0.000000,0.016000,0.121667,0.870000,0.000000,0.000000,0.008333,1800,1,Optimal,,1,90.41333333,90.41333333,0.00000000,47.72045934,51.632955,19,34035,,,,0.00000000,0.00000000,0,0,0,0,0,0,0,0,1,eta-asc,0,0,783,0,0,0,0,0,0,27925,0,0,0,0,0,1000,27926,,,90.41333333,92.14900000,,,203.55000000,204.99000000,0.03265390,0.05747159,,,,
fpp_new_instances_scaling_new20x20,,case06,new20x20,new20x20,shortest_path,FPP-Branch-Benders-Combinatorial-EtaDesc,expected,expected,0.02,0.9,1.0,20267129,600,1000,0.121667,0.870000,0.000000,0.000000,0.008333,0.134000,0.850000,0.000000,0.000000,0.016000,0.121667,0.870000,0.000000,0.000000,0.008333,1800,1,Optimal,,1,90.41333333,90.41333333,0.00000000,114.01625446,118.222272,19,58167,,,,0.00000000,0.00000000,0,0,0,0,0,0,0,0,1,eta-desc,0,0,906,0,0,0,0,0,0,81575,0,0,0,0,0,1000,81576,,,90.41333333,92.14900000,,,203.55000000,204.99000000,0.03671472,0.06654074,,,,
fpp_new_instances_scaling_new20x20,,case06,new20x20,new20x20,shortest_path,FPP-SAA,expected,expected,0.02,0.9,1.0,20267129,600,1000,0.121667,0.870000,0.000000,0.000000,0.008333,0.134000,0.850000,0.000000,0.000000,0.016000,0.121667,0.870000,0.000000,0.000000,0.008333,1800,1,Optimal,,1,90.41333333,90.41333333,0.00000000,976.71413632,983.237203,13,0,,,,0.00000000,0.00000000,0,0,0,0,0,0,0,0,0,,0,0,0,0,0,0,0,0,0,0,0,0,0,0,0,240400,164289,,,90.41333333,92.14900000,,,203.55000000,204.99000000,0.05488750,0.09112788,,,,
fpp_new_instances_scaling_new20x20,,case06,new20x20,new20x20,shortest_path,FPP-Branch-Benders-Combinatorial-MeanCVaR,mean_cvar,mean-cvar,0.02,0.9,0.5,20267129,600,1000,0.121667,0.870000,0.000000,0.000000,0.008333,0.134000,0.850000,0.000000,0.000000,0.016000,0.121667,0.870000,0.000000,0.000000,0.008333,1800,1,Feasible,,1,144.19583333,134.28615654,0.06872374,1833.55177473,1839.947320,119,354782,,,,0.00000000,0.00000000,0,0,0,0,0,0,0,0,1,eta-asc,0,0,1613,0,0,0,0,0,0,98235,0,0,0,0,0,1601,98836,,,93.70833333,95.10800000,,,194.68333333,196.05000000,0.05660184,0.09330963,,,,
fpp_new_instances_scaling_new20x20,,case06,new20x20,new20x20,shortest_path,FPP-Branch-Benders-Combinatorial-MeanCVaR-EtaDesc,mean_cvar,mean-cvar,0.02,0.9,0.5,20267129,600,1000,0.121667,0.870000,0.000000,0.000000,0.008333,0.134000,0.850000,0.000000,0.000000,0.016000,0.121667,0.870000,0.000000,0.000000,0.008333,1800,1,Feasible,,1,143.25750000,136.22253007,0.04910717,1838.66866213,1844.384399,264,473844,,,,0.00000000,0.00000000,0,0,0,0,0,0,0,0,1,eta-desc,0,0,898,0,0,0,0,0,0,74878,0,0,0,0,0,1601,75479,,,97.86500000,96.14300000,,,188.65000000,190.79000000,0.05174511,0.08473525,,,,
fpp_new_instances_scaling_new20x20,,case07,new20x20,new20x20,shortest_path,FPP-Branch-Benders-CVaR-RootCuts,cvar,cvar,0.02,0.9,1.0,20268129,600,1000,0.111667,0.881667,0.000000,0.000000,0.006667,0.134000,0.850000,0.000000,0.000000,0.016000,0.111667,0.881667,0.000000,0.000000,0.006667,1800,1,Feasible,,1,192.68333333,166.12246526,0.13784725,1800.97061280,1807.998407,12562,1359043,,,,0.00000000,0.00000000,0,1,0,0,0,0,0,0,0,,0,0,28141,,0,0,0,0,0,0,0,0,0,0,0,1601,29179,,,102.28000000,98.80400000,,,192.68333333,193.69000000,0.05544478,0.09856333,,,,
fpp_new_instances_scaling_new20x20,,case07,new20x20,new20x20,shortest_path,FPP-Branch-Benders-Combinatorial-CVaR,cvar,cvar,0.02,0.9,1.0,20268129,600,1000,0.111667,0.881667,0.000000,0.000000,0.006667,0.134000,0.850000,0.000000,0.000000,0.016000,0.111667,0.881667,0.000000,0.000000,0.006667,1800,1,Feasible,,1,191.06666667,175.91529680,0.07929887,1824.47472039,1828.486181,538,462534,,,,0.00000000,0.00000000,0,0,0,0,0,0,0,0,1,eta-asc,0,0,1433,0,0,0,0,0,0,73610,0,0,0,0,0,1601,74211,,,106.50666667,103.68600000,,,191.06666667,196.74000000,0.04487692,0.06797873,,,,
fpp_new_instances_scaling_new20x20,,case07,new20x20,new20x20,shortest_path,FPP-Branch-Benders-Combinatorial-CVaR-EtaDesc,cvar,cvar,0.02,0.9,1.0,20268129,600,1000,0.111667,0.881667,0.000000,0.000000,0.006667,0.134000,0.850000,0.000000,0.000000,0.016000,0.111667,0.881667,0.000000,0.000000,0.006667,1800,1,Feasible,,1,209.36666667,163.21073487,0.22045502,1835.86483152,1841.730784,0,5251,,,,0.00000000,0.00000000,0,0,0,0,0,0,0,0,1,eta-desc,0,0,180,0,0,0,0,0,0,18679,0,0,0,0,0,1601,19280,,,94.40333333,91.01100000,,,209.36666667,209.23000000,0.05345261,0.08856316,,,,
fpp_new_instances_scaling_new20x20,,case07,new20x20,new20x20,shortest_path,FPP-SAA-CVaR,cvar,cvar,0.02,0.9,1.0,20268129,600,1000,0.111667,0.881667,0.000000,0.000000,0.006667,0.134000,0.850000,0.000000,0.000000,0.016000,0.111667,0.881667,0.000000,0.000000,0.006667,1800,1,Feasible,,1,3099.78333333,0.00000000,1.00000000,1800.17039626,1804.439402,0,0,,,,0.00000000,0.00000000,0,0,0,0,0,0,0,0,0,,0,0,0,0,0,0,0,0,0,0,0,0,0,0,0,241001,175426,,,266.98166667,253.08200000,,,398.00000000,398.00000000,0.08698075,0.14260347,,,,
fpp_new_instances_scaling_new20x20,,case07,new20x20,new20x20,shortest_path,FPP-Branch-Benders-Combinatorial,expected,expected,0.02,0.9,1.0,20268129,600,1000,0.111667,0.881667,0.000000,0.000000,0.006667,0.134000,0.850000,0.000000,0.000000,0.016000,0.111667,0.881667,0.000000,0.000000,0.006667,1800,1,Optimal,,1,94.23000000,94.23000000,0.00000000,88.99399410,94.992666,27,51683,,,,0.00000000,0.00000000,0,0,0,0,0,0,0,0,1,eta-asc,0,0,1020,0,0,0,0,0,0,41448,0,0,0,0,0,1000,41449,,,94.23000000,91.10300000,,,209.11666667,209.53000000,0.05443329,0.08309032,,,,
fpp_new_instances_scaling_new20x20,,case07,new20x20,new20x20,shortest_path,FPP-Branch-Benders-Combinatorial-EtaDesc,expected,expected,0.02,0.9,1.0,20268129,600,1000,0.111667,0.881667,0.000000,0.000000,0.006667,0.134000,0.850000,0.000000,0.000000,0.016000,0.111667,0.881667,0.000000,0.000000,0.006667,1800,1,Optimal,,1,94.23000000,94.23000000,0.00000000,153.36720001,159.260217,25,72151,,,,0.00000000,0.00000000,0,0,0,0,0,0,0,0,1,eta-desc,0,0,972,0,0,0,0,0,0,84951,0,0,0,0,0,1000,84952,,,94.23000000,91.10300000,,,209.11666667,209.53000000,0.05469844,0.08790932,,,,
fpp_new_instances_scaling_new20x20,,case07,new20x20,new20x20,shortest_path,FPP-SAA,expected,expected,0.02,0.9,1.0,20268129,600,1000,0.111667,0.881667,0.000000,0.000000,0.006667,0.134000,0.850000,0.000000,0.000000,0.016000,0.111667,0.881667,0.000000,0.000000,0.006667,1800,1,Optimal,,1,94.23000000,94.23000000,0.00000000,1371.51852257,1375.765508,14,0,,,,0.00000000,0.00000000,0,0,0,0,0,0,0,0,0,,0,0,0,0,0,0,0,0,0,0,0,0,0,0,0,240400,174826,,,94.23000000,91.10300000,,,209.11666667,209.53000000,0.04605764,0.07209440,,,,
fpp_new_instances_scaling_new20x20,,case07,new20x20,new20x20,shortest_path,FPP-Branch-Benders-Combinatorial-MeanCVaR,mean_cvar,mean-cvar,0.02,0.9,0.5,20268129,600,1000,0.111667,0.881667,0.000000,0.000000,0.006667,0.134000,0.850000,0.000000,0.000000,0.016000,0.111667,0.881667,0.000000,0.000000,0.006667,1800,1,Feasible,,1,143.63250000,140.02378797,0.02512462,1830.86338700,1836.624502,229,436503,,,,0.00000000,0.00000000,0,0,0,0,0,0,0,0,1,eta-asc,0,0,1482,0,0,0,0,0,0,128903,0,0,0,0,0,1601,129504,,,98.81500000,94.36700000,,,188.45000000,188.52000000,0.05970150,0.09194004,,,,
fpp_new_instances_scaling_new20x20,,case07,new20x20,new20x20,shortest_path,FPP-Branch-Benders-Combinatorial-MeanCVaR-EtaDesc,mean_cvar,mean-cvar,0.02,0.9,0.5,20268129,600,1000,0.111667,0.881667,0.000000,0.000000,0.006667,0.134000,0.850000,0.000000,0.000000,0.016000,0.111667,0.881667,0.000000,0.000000,0.006667,1800,1,Feasible,,1,143.54583333,140.29792346,0.02262629,1841.02303989,1846.794288,284,413009,,,,0.00000000,0.00000000,0,0,0,0,0,0,0,0,1,eta-desc,0,0,728,0,0,0,0,0,0,75489,0,0,0,0,0,1601,76090,,,98.47500000,93.91700000,,,188.61666667,188.27000000,0.04608977,0.07968786,,,,
fpp_new_instances_scaling_new20x20,,case08,new20x20,new20x20,shortest_path,FPP-Branch-Benders-CVaR-RootCuts,cvar,cvar,0.02,0.9,1.0,20269129,600,1000,0.141667,0.845000,0.000000,0.000000,0.013333,0.134000,0.850000,0.000000,0.000000,0.016000,0.141667,0.845000,0.000000,0.000000,0.013333,1800,1,Feasible,,1,192.95000000,168.72757118,0.12553734,1801.46940229,1806.414651,14344,1926510,,,,0.00000000,0.00000000,0,1,0,0,0,0,0,0,0,,0,0,28453,,0,0,0,0,0,0,0,0,0,0,0,1601,29476,,,95.34833333,99.85100000,,,192.95000000,199.96000000,0.03757477,0.06273609,,,,
fpp_new_instances_scaling_new20x20,,case08,new20x20,new20x20,shortest_path,FPP-Branch-Benders-Combinatorial-CVaR,cvar,cvar,0.02,0.9,1.0,20269129,600,1000,0.141667,0.845000,0.000000,0.000000,0.013333,0.134000,0.850000,0.000000,0.000000,0.016000,0.141667,0.845000,0.000000,0.000000,0.013333,1800,1,Feasible,,1,191.98333333,177.19752830,0.07701609,1822.81057601,1828.446281,455,374146,,,,0.00000000,0.00000000,0,0,0,0,0,0,0,0,1,eta-asc,0,0,1126,0,0,0,0,0,0,66066,0,0,0,0,0,1601,66667,,,95.17500000,99.95600000,,,191.98333333,199.12000000,0.05567153,0.10131310,,,,
fpp_new_instances_scaling_new20x20,,case08,new20x20,new20x20,shortest_path,FPP-Branch-Benders-Combinatorial-CVaR-EtaDesc,cvar,cvar,0.02,0.9,1.0,20269129,600,1000,0.141667,0.845000,0.000000,0.000000,0.013333,0.134000,0.850000,0.000000,0.000000,0.016000,0.141667,0.845000,0.000000,0.000000,0.013333,1800,1,Feasible,,1,189.95000000,178.11211413,0.06232106,1827.77830260,1832.963259,510,400241,,,,0.00000000,0.00000000,0,0,0,0,0,0,0,0,1,eta-desc,0,0,555,0,0,0,0,0,0,70662,0,0,0,0,0,1601,71263,,,93.72833333,98.00200000,,,189.95000000,199.13000000,0.05178508,0.08814980,,,,
fpp_new_instances_scaling_new20x20,,case08,new20x20,new20x20,shortest_path,FPP-SAA-CVaR,cvar,cvar,0.02,0.9,1.0,20269129,600,1000,0.141667,0.845000,0.000000,0.000000,0.013333,0.134000,0.850000,0.000000,0.000000,0.016000,0.141667,0.845000,0.000000,0.000000,0.013333,1800,1,Feasible,,1,2872.90000000,0.00000000,1.00000000,1800.21635958,1806.328577,0,0,,,,0.00000000,0.00000000,0,0,0,0,0,0,0,0,0,,0,0,0,0,0,0,0,0,0,0,0,0,0,0,0,241001,160879,,,243.14500000,251.67500000,,,397.00000000,397.00000000,0.12111325,0.21484596,,,,
fpp_new_instances_scaling_new20x20,,case08,new20x20,new20x20,shortest_path,FPP-Branch-Benders-Combinatorial,expected,expected,0.02,0.9,1.0,20269129,600,1000,0.141667,0.845000,0.000000,0.000000,0.013333,0.134000,0.850000,0.000000,0.000000,0.016000,0.141667,0.845000,0.000000,0.000000,0.013333,1800,1,Optimal,,1,87.44833333,87.44833333,0.00000000,84.73066735,90.409163,22,45118,,,,0.00000000,0.00000000,0,0,0,0,0,0,0,0,1,eta-asc,0,0,1467,0,0,0,0,0,0,39881,0,0,0,0,0,1000,39882,,,87.44833333,91.59600000,,,201.48333333,206.86000000,0.05233620,0.08626470,,,,
fpp_new_instances_scaling_new20x20,,case08,new20x20,new20x20,shortest_path,FPP-Branch-Benders-Combinatorial-EtaDesc,expected,expected,0.02,0.9,1.0,20269129,600,1000,0.141667,0.845000,0.000000,0.000000,0.013333,0.134000,0.850000,0.000000,0.000000,0.016000,0.141667,0.845000,0.000000,0.000000,0.013333,1800,1,Optimal,,1,87.44833333,87.44833333,0.00000000,136.19183825,140.187520,29,62453,,,,0.00000000,0.00000000,0,0,0,0,0,0,0,0,1,eta-desc,0,0,1020,0,0,0,0,0,0,84431,0,0,0,0,0,1000,84432,,,87.44833333,91.59600000,,,201.48333333,206.86000000,0.03665175,0.06290634,,,,
fpp_new_instances_scaling_new20x20,,case08,new20x20,new20x20,shortest_path,FPP-SAA,expected,expected,0.02,0.9,1.0,20269129,600,1000,0.141667,0.845000,0.000000,0.000000,0.013333,0.134000,0.850000,0.000000,0.000000,0.016000,0.141667,0.845000,0.000000,0.000000,0.013333,1800,1,Optimal,,1,87.44833333,87.44833333,0.00000000,935.98575661,940.708779,15,0,,,,0.00000000,0.00000000,0,0,0,0,0,0,0,0,0,,0,0,0,0,0,0,0,0,0,0,0,0,0,0,0,240400,160279,,,87.44833333,91.59600000,,,201.48333333,206.86000000,0.03984218,0.07048118,,,,
fpp_new_instances_scaling_new20x20,,case08,new20x20,new20x20,shortest_path,FPP-Branch-Benders-Combinatorial-MeanCVaR,mean_cvar,mean-cvar,0.02,0.9,0.5,20269129,600,1000,0.141667,0.845000,0.000000,0.000000,0.013333,0.134000,0.850000,0.000000,0.000000,0.016000,0.141667,0.845000,0.000000,0.000000,0.013333,1800,1,Feasible,,1,141.17333333,137.28245726,0.02756098,1825.29147355,1831.067261,278,387483,,,,0.00000000,0.00000000,0,0,0,0,0,0,0,0,1,eta-asc,0,0,1471,0,0,0,0,0,0,106947,0,0,0,0,0,1601,107548,,,89.13000000,94.44300000,,,193.21666667,199.25000000,0.05438751,0.09634077,,,,
fpp_new_instances_scaling_new20x20,,case08,new20x20,new20x20,shortest_path,FPP-Branch-Benders-Combinatorial-MeanCVaR-EtaDesc,mean_cvar,mean-cvar,0.02,0.9,0.5,20269129,600,1000,0.141667,0.845000,0.000000,0.000000,0.013333,0.134000,0.850000,0.000000,0.000000,0.016000,0.141667,0.845000,0.000000,0.000000,0.013333,1800,1,Optimal,,1,140.58250000,140.44604530,0.00097064,1677.56965688,1683.211965,633,462631,,,,0.00000000,0.00000000,0,0,0,0,0,0,0,0,1,eta-desc,0,0,548,0,0,0,0,0,0,81953,0,0,0,0,0,1601,82554,,,88.91500000,93.22800000,,,192.25000000,193.51000000,0.04594783,0.08445846,,,,
fpp_new_instances_scaling_new20x20,,case09,new20x20,new20x20,shortest_path,FPP-Branch-Benders-CVaR-RootCuts,cvar,cvar,0.02,0.9,1.0,20270129,600,1000,0.141667,0.858333,0.000000,0.000000,0.000000,0.134000,0.850000,0.000000,0.000000,0.016000,0.141667,0.858333,0.000000,0.000000,0.000000,1800,1,Feasible,,1,192.41666667,166.72260455,0.13353345,1801.20564296,1805.962922,10702,1358692,,,,0.00000000,0.00000000,0,1,0,0,0,0,0,0,0,,0,0,26920,,0,0,0,0,0,0,0,0,0,0,0,1601,27938,,,101.48166667,99.43200000,,,192.41666667,195.95000000,0.04129898,0.06781133,,,,
fpp_new_instances_scaling_new20x20,,case09,new20x20,new20x20,shortest_path,FPP-Branch-Benders-Combinatorial-CVaR,cvar,cvar,0.02,0.9,1.0,20270129,600,1000,0.141667,0.858333,0.000000,0.000000,0.000000,0.134000,0.850000,0.000000,0.000000,0.016000,0.141667,0.858333,0.000000,0.000000,0.000000,1800,1,Feasible,,1,187.81666667,178.52233335,0.04948620,1837.01140236,1843.226233,454,370955,,,,0.00000000,0.00000000,0,0,0,0,0,0,0,0,1,eta-asc,0,0,1032,0,0,0,0,0,0,63107,0,0,0,0,0,1601,63708,,,96.74166667,95.02900000,,,187.81666667,188.95000000,0.05779343,0.09346945,,,,
fpp_new_instances_scaling_new20x20,,case09,new20x20,new20x20,shortest_path,FPP-Branch-Benders-Combinatorial-CVaR-EtaDesc,cvar,cvar,0.02,0.9,1.0,20270129,600,1000,0.141667,0.858333,0.000000,0.000000,0.000000,0.134000,0.850000,0.000000,0.000000,0.016000,0.141667,0.858333,0.000000,0.000000,0.000000,1800,1,Feasible,,1,187.56666667,179.26279564,0.04427157,1841.61310254,1847.673527,494,437221,,,,0.00000000,0.00000000,0,0,0,0,0,0,0,0,1,eta-desc,0,0,559,0,0,0,0,0,0,68054,0,0,0,0,0,1601,68655,,,96.36000000,94.36700000,,,187.56666667,188.52000000,0.05433555,0.09098809,,,,
fpp_new_instances_scaling_new20x20,,case09,new20x20,new20x20,shortest_path,FPP-SAA-CVaR,cvar,cvar,0.02,0.9,1.0,20270129,600,1000,0.141667,0.858333,0.000000,0.000000,0.000000,0.134000,0.850000,0.000000,0.000000,0.016000,0.141667,0.858333,0.000000,0.000000,0.000000,1800,1,Feasible,,1,3010.75000000,0.00000000,1.00000000,1800.24059326,1806.466854,0,0,,,,0.00000000,0.00000000,0,0,0,0,0,0,0,0,0,,0,0,0,0,0,0,0,0,0,0,0,0,0,0,0,241001,169163,,,261.07500000,255.79600000,,,400.00000000,400.00000000,0.12928912,0.21209147,,,,
fpp_new_instances_scaling_new20x20,,case09,new20x20,new20x20,shortest_path,FPP-Branch-Benders-Combinatorial,expected,expected,0.02,0.9,1.0,20270129,600,1000,0.141667,0.858333,0.000000,0.000000,0.000000,0.134000,0.850000,0.000000,0.000000,0.016000,0.141667,0.858333,0.000000,0.000000,0.000000,1800,1,Optimal,,1,93.54333333,93.49626411,0.00050318,97.80307628,104.005775,59,73932,,,,0.00000000,0.00000000,0,0,0,0,0,0,0,0,1,eta-asc,0,0,1741,0,0,0,0,0,0,37338,0,0,0,0,0,1000,37339,,,93.54333333,92.14900000,,,203.33333333,204.99000000,0.05468446,0.08307042,,,,
fpp_new_instances_scaling_new20x20,,case09,new20x20,new20x20,shortest_path,FPP-Branch-Benders-Combinatorial-EtaDesc,expected,expected,0.02,0.9,1.0,20270129,600,1000,0.141667,0.858333,0.000000,0.000000,0.000000,0.134000,0.850000,0.000000,0.000000,0.016000,0.141667,0.858333,0.000000,0.000000,0.000000,1800,1,Optimal,,1,93.54333333,93.50913530,0.00036558,131.09215450,136.359560,48,70803,,,,0.00000000,0.00000000,0,0,0,0,0,0,0,0,1,eta-desc,0,0,1145,0,0,0,0,0,0,69019,0,0,0,0,0,1000,69020,,,93.54333333,92.14900000,,,203.33333333,204.99000000,0.04865477,0.08517799,,,,
fpp_new_instances_scaling_new20x20,,case09,new20x20,new20x20,shortest_path,FPP-SAA,expected,expected,0.02,0.9,1.0,20270129,600,1000,0.141667,0.858333,0.000000,0.000000,0.000000,0.134000,0.850000,0.000000,0.000000,0.016000,0.141667,0.858333,0.000000,0.000000,0.000000,1800,1,Optimal,,1,93.54333333,93.54333333,0.00000000,1490.13239713,1495.001624,29,0,,,,0.00000000,0.00000000,0,0,0,0,0,0,0,0,0,,0,0,0,0,0,0,0,0,0,0,0,0,0,0,0,240400,168563,,,93.54333333,92.14900000,,,203.33333333,204.99000000,0.04032232,0.06484224,,,,
fpp_new_instances_scaling_new20x20,,case09,new20x20,new20x20,shortest_path,FPP-Branch-Benders-Combinatorial-MeanCVaR,mean_cvar,mean-cvar,0.02,0.9,0.5,20270129,600,1000,0.141667,0.858333,0.000000,0.000000,0.000000,0.134000,0.850000,0.000000,0.000000,0.016000,0.141667,0.858333,0.000000,0.000000,0.000000,1800,1,Optimal,,1,141.96333333,141.95184506,0.00008092,1580.38534798,1585.699007,222,377234,,,,0.00000000,0.00000000,0,0,0,0,0,0,0,0,1,eta-asc,0,0,1070,0,0,0,0,0,0,94840,0,0,0,0,0,1601,95441,,,96.36000000,94.36700000,,,187.56666667,188.52000000,0.05064880,0.08126724,,,,
fpp_new_instances_scaling_new20x20,,case09,new20x20,new20x20,shortest_path,FPP-Branch-Benders-Combinatorial-MeanCVaR-EtaDesc,mean_cvar,mean-cvar,0.02,0.9,0.5,20270129,600,1000,0.141667,0.858333,0.000000,0.000000,0.000000,0.134000,0.850000,0.000000,0.000000,0.016000,0.141667,0.858333,0.000000,0.000000,0.000000,1800,1,Optimal,,1,141.96333333,141.87930294,0.00059192,643.99378249,649.751925,187,240475,,,,0.00000000,0.00000000,0,0,0,0,0,0,0,0,1,eta-desc,0,0,543,0,0,0,0,0,0,51430,0,0,0,0,0,1601,52031,,,96.36000000,94.36700000,,,187.56666667,188.52000000,0.04974466,0.08320758,,,,
fpp_new_instances_scaling_new20x20,,case00,new20x20,new20x20,shortest_path,FPP-Branch-Benders-CVaR-RootCuts,cvar,cvar,0.03,0.9,1.0,20261129,600,1000,0.123333,0.875000,0.000000,0.000000,0.001667,0.134000,0.850000,0.000000,0.000000,0.016000,0.123333,0.875000,0.000000,0.000000,0.001667,1800,1,Feasible,,1,151.93333333,117.41759142,0.22717689,1801.62063178,1806.611909,5239,763458,,,,0.00000000,0.00000000,0,1,0,0,0,0,0,0,0,,0,0,34079,,0,0,0,0,0,0,0,0,0,0,0,1601,35125,,,84.50833333,82.64300000,,,151.93333333,158.02000000,0.03498930,0.05746562,,,,
fpp_new_instances_scaling_new20x20,,case00,new20x20,new20x20,shortest_path,FPP-Branch-Benders-Combinatorial-CVaR,cvar,cvar,0.03,0.9,1.0,20261129,600,1000,0.123333,0.875000,0.000000,0.000000,0.001667,0.134000,0.850000,0.000000,0.000000,0.016000,0.123333,0.875000,0.000000,0.000000,0.001667,1800,1,Feasible,,1,144.00000000,130.96604847,0.09051355,1839.10083037,1844.816998,409,468247,,,,0.00000000,0.00000000,0,0,0,0,0,0,0,0,1,eta-asc,0,0,882,0,0,0,0,0,0,66887,0,0,0,0,0,1601,67488,,,77.75000000,76.41300000,,,144.00000000,147.98000000,0.04715771,0.07554397,,,,
fpp_new_instances_scaling_new20x20,,case00,new20x20,new20x20,shortest_path,FPP-Branch-Benders-Combinatorial-CVaR-EtaDesc,cvar,cvar,0.03,0.9,1.0,20261129,600,1000,0.123333,0.875000,0.000000,0.000000,0.001667,0.134000,0.850000,0.000000,0.000000,0.016000,0.123333,0.875000,0.000000,0.000000,0.001667,1800,1,Feasible,,1,144.05000000,130.73646594,0.09242301,1841.93578831,1846.759704,375,494944,,,,0.00000000,0.00000000,0,0,0,0,0,0,0,0,1,eta-desc,0,0,619,0,0,0,0,0,0,73198,0,0,0,0,0,1601,73799,,,78.11166667,77.13100000,,,144.05000000,149.62000000,0.03655193,0.05864988,,,,
fpp_new_instances_scaling_new20x20,,case00,new20x20,new20x20,shortest_path,FPP-SAA-CVaR,cvar,cvar,0.03,0.9,1.0,20261129,600,1000,0.123333,0.875000,0.000000,0.000000,0.001667,0.134000,0.850000,0.000000,0.000000,0.016000,0.123333,0.875000,0.000000,0.000000,0.001667,1800,1,Feasible,,1,3015.88333333,0.00000000,1.00000000,1800.30044543,1806.466061,0,0,,,,0.00000000,0.00000000,0,0,0,0,0,0,0,0,0,,0,0,0,0,0,0,0,0,0,0,0,0,0,0,0,241001,170115,,,247.22166667,239.62900000,,,390.36666667,390.32000000,0.13112804,0.21215157,,,,
fpp_new_instances_scaling_new20x20,,case00,new20x20,new20x20,shortest_path,FPP-Branch-Benders-Combinatorial,expected,expected,0.03,0.9,1.0,20261129,600,1000,0.123333,0.875000,0.000000,0.000000,0.001667,0.134000,0.850000,0.000000,0.000000,0.016000,0.123333,0.875000,0.000000,0.000000,0.001667,1800,1,Optimal,,1,73.78166667,73.78166667,0.00000000,207.63065159,211.377601,109,173159,,,,0.00000000,0.00000000,0,0,0,0,0,0,0,0,1,eta-asc,0,0,3600,0,0,0,0,0,0,151167,0,0,0,0,0,1000,151168,,,73.78166667,73.89600000,,,149.76666667,152.00000000,0.03459596,0.05564765,,,,
fpp_new_instances_scaling_new20x20,,case00,new20x20,new20x20,shortest_path,FPP-Branch-Benders-Combinatorial-EtaDesc,expected,expected,0.03,0.9,1.0,20261129,600,1000,0.123333,0.875000,0.000000,0.000000,0.001667,0.134000,0.850000,0.000000,0.000000,0.016000,0.123333,0.875000,0.000000,0.000000,0.001667,1800,1,Optimal,,1,73.78166667,73.71283533,0.00093291,530.92553089,536.946498,159,252460,,,,0.00000000,0.00000000,0,0,0,0,0,0,0,0,1,eta-desc,0,0,2340,0,0,0,0,0,0,216607,0,0,0,0,0,1000,216608,,,73.78166667,73.89600000,,,149.76666667,152.00000000,0.04534344,0.07378265,,,,
fpp_new_instances_scaling_new20x20,,case00,new20x20,new20x20,shortest_path,FPP-SAA,expected,expected,0.03,0.9,1.0,20261129,600,1000,0.123333,0.875000,0.000000,0.000000,0.001667,0.134000,0.850000,0.000000,0.000000,0.016000,0.123333,0.875000,0.000000,0.000000,0.001667,1800,1,Optimal,,1,73.78166667,73.74038021,0.00055958,1325.51813352,1330.021688,47,0,,,,0.00000000,0.00000000,0,0,0,0,0,0,0,0,0,,0,0,0,0,0,0,0,0,0,0,0,0,0,0,0,240400,169515,,,73.78166667,73.89600000,,,149.76666667,152.00000000,0.03515566,0.04649947,,,,
fpp_new_instances_scaling_new20x20,,case00,new20x20,new20x20,shortest_path,FPP-Branch-Benders-Combinatorial-MeanCVaR,mean_cvar,mean-cvar,0.03,0.9,0.5,20261129,600,1000,0.123333,0.875000,0.000000,0.000000,0.001667,0.134000,0.850000,0.000000,0.000000,0.016000,0.123333,0.875000,0.000000,0.000000,0.001667,1800,1,Feasible,,1,109.81666667,103.86408849,0.05420469,1828.59092408,1833.740018,189,477926,,,,0.00000000,0.00000000,0,0,0,0,0,0,0,0,1,eta-asc,0,0,1051,0,0,0,0,0,0,207220,0,0,0,0,0,1601,207821,,,73.95000000,73.47700000,,,145.68333333,149.07000000,0.04384847,0.07070063,,,,
fpp_new_instances_scaling_new20x20,,case00,new20x20,new20x20,shortest_path,FPP-Branch-Benders-Combinatorial-MeanCVaR-EtaDesc,mean_cvar,mean-cvar,0.03,0.9,0.5,20261129,600,1000,0.123333,0.875000,0.000000,0.000000,0.001667,0.134000,0.850000,0.000000,0.000000,0.016000,0.123333,0.875000,0.000000,0.000000,0.001667,1800,1,Feasible,,1,109.81666667,104.88374051,0.04491965,1837.13141637,1840.885004,281,545195,,,,0.00000000,0.00000000,0,0,0,0,0,0,0,0,1,eta-desc,0,0,742,0,0,0,0,0,0,95986,0,0,0,0,0,1601,96587,,,73.95000000,73.47700000,,,145.68333333,149.07000000,0.02954195,0.05015038,,,,
fpp_new_instances_scaling_new20x20,,case01,new20x20,new20x20,shortest_path,FPP-Branch-Benders-CVaR-RootCuts,cvar,cvar,0.03,0.9,1.0,20262129,600,1000,0.126667,0.870000,0.000000,0.000000,0.003333,0.134000,0.850000,0.000000,0.000000,0.016000,0.126667,0.870000,0.000000,0.000000,0.003333,1800,1,Feasible,,1,146.50000000,112.84181476,0.22974870,1801.48656441,1808.563199,4780,588490,,,,0.00000000,0.00000000,0,1,0,0,0,0,0,0,0,,0,0,34642,,0,0,0,0,0,0,0,0,0,0,0,1601,35706,,,83.86000000,82.64500000,,,146.50000000,152.47000000,0.04807124,0.08207919,,,,
fpp_new_instances_scaling_new20x20,,case01,new20x20,new20x20,shortest_path,FPP-Branch-Benders-Combinatorial-CVaR,cvar,cvar,0.03,0.9,1.0,20262129,600,1000,0.126667,0.870000,0.000000,0.000000,0.003333,0.134000,0.850000,0.000000,0.000000,0.016000,0.126667,0.870000,0.000000,0.000000,0.003333,1800,1,Feasible,,1,150.38333333,123.07441955,0.18159535,1847.42707265,1853.220368,0,13651,,,,0.00000000,0.00000000,0,0,0,0,0,0,0,0,1,eta-asc,0,0,840,0,0,0,0,0,0,27265,0,0,0,0,0,1601,27866,,,74.12333333,74.24000000,,,150.38333333,155.18000000,0.04386097,0.06757956,,,,
fpp_new_instances_scaling_new20x20,,case01,new20x20,new20x20,shortest_path,FPP-Branch-Benders-Combinatorial-CVaR-EtaDesc,cvar,cvar,0.03,0.9,1.0,20262129,600,1000,0.126667,0.870000,0.000000,0.000000,0.003333,0.134000,0.850000,0.000000,0.000000,0.016000,0.126667,0.870000,0.000000,0.000000,0.003333,1800,1,Feasible,,1,143.66666667,130.99088375,0.08823051,1837.25858666,1840.956584,403,573497,,,,0.00000000,0.00000000,0,0,0,0,0,0,0,0,1,eta-desc,0,0,389,0,0,0,0,0,0,81714,0,0,0,0,0,1601,82315,,,83.00333333,80.95700000,,,143.66666667,149.56000000,0.03190557,0.04981350,,,,
fpp_new_instances_scaling_new20x20,,case01,new20x20,new20x20,shortest_path,FPP-SAA-CVaR,cvar,cvar,0.03,0.9,1.0,20262129,600,1000,0.126667,0.870000,0.000000,0.000000,0.003333,0.134000,0.850000,0.000000,0.000000,0.016000,0.126667,0.870000,0.000000,0.000000,0.003333,1800,1,Feasible,,1,3041.31666667,0.00000000,1.00000000,1800.28220745,1806.553802,0,0,,,,0.00000000,0.00000000,0,0,0,0,0,0,0,0,0,,0,0,0,0,0,0,0,0,0,0,0,0,0,0,0,241001,171342,,,244.04833333,235.18600000,,,389.11666667,389.40000000,0.11810648,0.19143527,,,,
fpp_new_instances_scaling_new20x20,,case01,new20x20,new20x20,shortest_path,FPP-Branch-Benders-Combinatorial,expected,expected,0.03,0.9,1.0,20262129,600,1000,0.126667,0.870000,0.000000,0.000000,0.003333,0.134000,0.850000,0.000000,0.000000,0.016000,0.126667,0.870000,0.000000,0.000000,0.003333,1800,1,Optimal,,1,74.04500000,73.97409093,0.00095765,276.25270130,281.775758,58,165457,,,,0.00000000,0.00000000,0,0,0,0,0,0,0,0,1,eta-asc,0,0,2824,0,0,0,0,0,0,187682,0,0,0,0,0,1000,187683,,,74.04500000,74.14300000,,,148.05000000,154.30000000,0.04413452,0.06471982,,,,
fpp_new_instances_scaling_new20x20,,case01,new20x20,new20x20,shortest_path,FPP-Branch-Benders-Combinatorial-EtaDesc,expected,expected,0.03,0.9,1.0,20262129,600,1000,0.126667,0.870000,0.000000,0.000000,0.003333,0.134000,0.850000,0.000000,0.000000,0.016000,0.126667,0.870000,0.000000,0.000000,0.003333,1800,1,Optimal,,1,74.04500000,73.97487917,0.00094700,295.93971725,300.102153,56,188922,,,,0.00000000,0.00000000,0,0,0,0,0,0,0,0,1,eta-desc,0,0,2341,0,0,0,0,0,0,269158,0,0,0,0,0,1000,269159,,,74.04500000,74.14300000,,,148.05000000,154.30000000,0.03011541,0.05402853,,,,
fpp_new_instances_scaling_new20x20,,case01,new20x20,new20x20,shortest_path,FPP-SAA,expected,expected,0.03,0.9,1.0,20262129,600,1000,0.126667,0.870000,0.000000,0.000000,0.003333,0.134000,0.850000,0.000000,0.000000,0.016000,0.126667,0.870000,0.000000,0.000000,0.003333,1800,1,Optimal,,1,74.04500000,74.04500000,0.00000000,1643.24616963,1648.787149,30,0,,,,0.00000000,0.00000000,0,0,0,0,0,0,0,0,0,,0,0,0,0,0,0,0,0,0,0,0,0,0,0,0,240400,170742,,,74.04500000,74.14300000,,,148.05000000,154.30000000,0.04375091,0.07314147,,,,
fpp_new_instances_scaling_new20x20,,case01,new20x20,new20x20,shortest_path,FPP-Branch-Benders-Combinatorial-MeanCVaR,mean_cvar,mean-cvar,0.03,0.9,0.5,20262129,600,1000,0.126667,0.870000,0.000000,0.000000,0.003333,0.134000,0.850000,0.000000,0.000000,0.016000,0.126667,0.870000,0.000000,0.000000,0.003333,1800,1,Feasible,,1,109.47666667,103.85272024,0.05137119,1844.90566127,1850.579788,107,435392,,,,0.00000000,0.00000000,0,0,0,0,0,0,0,0,1,eta-asc,0,0,1383,0,0,0,0,0,0,235126,0,0,0,0,0,1601,235727,,,75.60333333,74.37200000,,,143.35000000,147.08000000,0.03956549,0.06895729,,,,
fpp_new_instances_scaling_new20x20,,case01,new20x20,new20x20,shortest_path,FPP-Branch-Benders-Combinatorial-MeanCVaR-EtaDesc,mean_cvar,mean-cvar,0.03,0.9,0.5,20262129,600,1000,0.126667,0.870000,0.000000,0.000000,0.003333,0.134000,0.850000,0.000000,0.000000,0.016000,0.126667,0.870000,0.000000,0.000000,0.003333,1800,1,Feasible,,1,109.47666667,104.85246453,0.04223916,1828.24782118,1832.076660,220,593382,,,,0.00000000,0.00000000,0,0,0,0,0,0,0,0,1,eta-desc,0,0,582,0,0,0,0,0,0,86969,0,0,0,0,0,1601,87570,,,75.60333333,74.37200000,,,143.35000000,147.08000000,0.03186715,0.05116365,,,,
fpp_new_instances_scaling_new20x20,,case02,new20x20,new20x20,shortest_path,FPP-Branch-Benders-CVaR-RootCuts,cvar,cvar,0.03,0.9,1.0,20263129,600,1000,0.121667,0.871667,0.000000,0.000000,0.006667,0.134000,0.850000,0.000000,0.000000,0.016000,0.121667,0.871667,0.000000,0.000000,0.006667,1800,1,Feasible,,1,145.15000000,114.57668713,0.21063254,1800.86432284,1807.853174,7258,712008,,,,0.00000000,0.00000000,0,1,0,0,0,0,0,0,0,,0,0,28362,,0,0,0,0,0,0,0,0,0,0,0,1601,29406,,,77.91833333,76.55400000,,,145.15000000,149.11000000,0.04686844,0.07629123,,,,
fpp_new_instances_scaling_new20x20,,case02,new20x20,new20x20,shortest_path,FPP-Branch-Benders-Combinatorial-CVaR,cvar,cvar,0.03,0.9,1.0,20263129,600,1000,0.121667,0.871667,0.000000,0.000000,0.006667,0.134000,0.850000,0.000000,0.000000,0.016000,0.121667,0.871667,0.000000,0.000000,0.006667,1800,1,Feasible,,1,141.53333333,129.08794532,0.08793256,1840.13520404,1845.567397,390,376794,,,,0.00000000,0.00000000,0,0,0,0,0,0,0,0,1,eta-asc,0,0,1652,0,0,0,0,0,0,60210,0,0,0,0,0,1601,60811,,,80.54833333,79.96400000,,,141.53333333,147.37000000,0.04585126,0.06767410,,,,
fpp_new_instances_scaling_new20x20,,case02,new20x20,new20x20,shortest_path,FPP-Branch-Benders-Combinatorial-CVaR-EtaDesc,cvar,cvar,0.03,0.9,1.0,20263129,600,1000,0.121667,0.871667,0.000000,0.000000,0.006667,0.134000,0.850000,0.000000,0.000000,0.016000,0.121667,0.871667,0.000000,0.000000,0.006667,1800,1,Feasible,,1,141.18333333,130.62419852,0.07479024,1828.59443605,1832.182248,573,612372,,,,0.00000000,0.00000000,0,0,0,0,0,0,0,0,1,eta-desc,0,0,1004,0,0,0,0,0,0,82009,0,0,0,0,0,1601,82610,,,79.93166667,79.78400000,,,141.18333333,147.25000000,0.03210171,0.05611163,,,,
fpp_new_instances_scaling_new20x20,,case02,new20x20,new20x20,shortest_path,FPP-SAA-CVaR,cvar,cvar,0.03,0.9,1.0,20263129,600,1000,0.121667,0.871667,0.000000,0.000000,0.006667,0.134000,0.850000,0.000000,0.000000,0.016000,0.121667,0.871667,0.000000,0.000000,0.006667,1800,1,Feasible,,1,2991.08333333,0.00000000,1.00000000,1800.32612045,1807.090853,0,0,,,,0.00000000,0.00000000,0,0,0,0,0,0,0,0,0,,0,0,0,0,0,0,0,0,0,0,0,0,0,0,0,241001,168100,,,247.63166667,245.06300000,,,392.61666667,392.87000000,0.12745037,0.21114711,,,,
fpp_new_instances_scaling_new20x20,,case02,new20x20,new20x20,shortest_path,FPP-Branch-Benders-Combinatorial,expected,expected,0.03,0.9,1.0,20263129,600,1000,0.121667,0.871667,0.000000,0.000000,0.006667,0.134000,0.850000,0.000000,0.000000,0.016000,0.121667,0.871667,0.000000,0.000000,0.006667,1800,1,Optimal,,1,71.95500000,71.95500000,0.00000000,119.70676983,123.626404,71,104948,,,,0.00000000,0.00000000,0,0,0,0,0,0,0,0,1,eta-asc,0,0,3076,0,0,0,0,0,0,80359,0,0,0,0,0,1000,80360,,,71.95500000,73.43900000,,,147.16666667,150.76000000,0.02939885,0.05962571,,,,
fpp_new_instances_scaling_new20x20,,case02,new20x20,new20x20,shortest_path,FPP-Branch-Benders-Combinatorial-EtaDesc,expected,expected,0.03,0.9,1.0,20263129,600,1000,0.121667,0.871667,0.000000,0.000000,0.006667,0.134000,0.850000,0.000000,0.000000,0.016000,0.121667,0.871667,0.000000,0.000000,0.006667,1800,1,Feasible,,1,72.94166667,69.13521071,0.05218493,1846.05115302,1850.057414,0,44421,,,,0.00000000,0.00000000,0,0,0,0,0,0,0,0,1,eta-desc,0,0,3660,0,0,0,0,0,0,3173160,0,0,0,0,0,1000,3173161,,,72.94166667,73.79800000,,,157.38333333,158.07000000,0.02925069,0.04673862,,,,
fpp_new_instances_scaling_new20x20,,case02,new20x20,new20x20,shortest_path,FPP-SAA,expected,expected,0.03,0.9,1.0,20263129,600,1000,0.121667,0.871667,0.000000,0.000000,0.006667,0.134000,0.850000,0.000000,0.000000,0.016000,0.121667,0.871667,0.000000,0.000000,0.006667,1800,1,Optimal,,1,71.95500000,71.95500000,0.00000000,908.70482760,914.941376,19,0,,,,0.00000000,0.00000000,0,0,0,0,0,0,0,0,0,,0,0,0,0,0,0,0,0,0,0,0,0,0,0,0,240400,167500,,,71.95500000,73.43900000,,,147.16666667,150.76000000,0.04701458,0.10404296,,,,
fpp_new_instances_scaling_new20x20,,case02,new20x20,new20x20,shortest_path,FPP-Branch-Benders-Combinatorial-MeanCVaR,mean_cvar,mean-cvar,0.03,0.9,0.5,20263129,600,1000,0.121667,0.871667,0.000000,0.000000,0.006667,0.134000,0.850000,0.000000,0.000000,0.016000,0.121667,0.871667,0.000000,0.000000,0.006667,1800,1,Feasible,,1,108.52833333,103.10797402,0.04994419,1830.49402474,1836.466890,212,473981,,,,0.00000000,0.00000000,0,0,0,0,0,0,0,0,1,eta-asc,0,0,1162,0,0,0,0,0,0,144653,0,0,0,0,0,1601,145254,,,74.57333333,74.46400000,,,142.48333333,147.37000000,0.04326494,0.07012740,,,,
fpp_new_instances_scaling_new20x20,,case02,new20x20,new20x20,shortest_path,FPP-Branch-Benders-Combinatorial-MeanCVaR-EtaDesc,mean_cvar,mean-cvar,0.03,0.9,0.5,20263129,600,1000,0.121667,0.871667,0.000000,0.000000,0.006667,0.134000,0.850000,0.000000,0.000000,0.016000,0.121667,0.871667,0.000000,0.000000,0.006667,1800,1,Feasible,,1,108.52833333,105.47899647,0.02809715,1837.01649197,1839.844753,660,770666,,,,0.00000000,0.00000000,0,0,0,0,0,0,0,0,1,eta-desc,0,0,1059,0,0,0,0,0,0,110425,0,0,0,0,0,1601,111026,,,74.57333333,74.46400000,,,142.48333333,147.37000000,0.01894894,0.03113464,,,,
fpp_new_instances_scaling_new20x20,,case03,new20x20,new20x20,shortest_path,FPP-Branch-Benders-CVaR-RootCuts,cvar,cvar,0.03,0.9,1.0,20264129,600,1000,0.101667,0.893333,0.000000,0.000000,0.005000,0.134000,0.850000,0.000000,0.000000,0.016000,0.101667,0.893333,0.000000,0.000000,0.005000,1800,1,Feasible,,1,150.66666667,112.04116527,0.25636395,1800.88891679,1805.402453,5430,619662,,,,0.00000000,0.00000000,0,1,0,0,0,0,0,0,0,,0,0,35775,,0,0,0,0,0,0,0,0,0,0,0,1601,36833,,,85.45833333,84.32000000,,,150.66666667,156.56000000,0.03559860,0.05948422,,,,
fpp_new_instances_scaling_new20x20,,case03,new20x20,new20x20,shortest_path,FPP-Branch-Benders-Combinatorial-CVaR,cvar,cvar,0.03,0.9,1.0,20264129,600,1000,0.101667,0.893333,0.000000,0.000000,0.005000,0.134000,0.850000,0.000000,0.000000,0.016000,0.101667,0.893333,0.000000,0.000000,0.005000,1800,1,Feasible,,1,143.66666667,132.71509383,0.07622905,1836.07246242,1841.582141,507,438594,,,,0.00000000,0.00000000,0,0,0,0,0,0,0,0,1,eta-asc,0,0,1331,0,0,0,0,0,0,61600,0,0,0,0,0,1601,62201,,,82.81333333,81.75900000,,,143.66666667,149.83000000,0.05089395,0.07458950,,,,
fpp_new_instances_scaling_new20x20,,case03,new20x20,new20x20,shortest_path,FPP-Branch-Benders-Combinatorial-CVaR-EtaDesc,cvar,cvar,0.03,0.9,1.0,20264129,600,1000,0.101667,0.893333,0.000000,0.000000,0.005000,0.134000,0.850000,0.000000,0.000000,0.016000,0.101667,0.893333,0.000000,0.000000,0.005000,1800,1,Feasible,,1,153.33333333,123.02567679,0.19765863,1849.22025636,1853.251850,0,8640,,,,0.00000000,0.00000000,0,0,0,0,0,0,0,0,1,eta-desc,0,0,180,0,0,0,0,0,0,71047,0,0,0,0,0,1601,71648,,,72.93500000,73.94800000,,,153.33333333,156.39000000,0.03016912,0.04888464,,,,
fpp_new_instances_scaling_new20x20,,case03,new20x20,new20x20,shortest_path,FPP-SAA-CVaR,cvar,cvar,0.03,0.9,1.0,20264129,600,1000,0.101667,0.893333,0.000000,0.000000,0.005000,0.134000,0.850000,0.000000,0.000000,0.016000,0.101667,0.893333,0.000000,0.000000,0.005000,1800,1,Feasible,,1,3070.05000000,0.00000000,1.00000000,1800.27587263,1806.424533,0,0,,,,0.00000000,0.00000000,0,0,0,0,0,0,0,0,0,,0,0,0,0,0,0,0,0,0,0,0,0,0,0,0,241001,173584,,,249.68000000,241.93000000,,,394.53333333,394.60000000,0.12674954,0.20713343,,,,
fpp_new_instances_scaling_new20x20,,case03,new20x20,new20x20,shortest_path,FPP-Branch-Benders-Combinatorial,expected,expected,0.03,0.9,1.0,20264129,600,1000,0.101667,0.893333,0.000000,0.000000,0.005000,0.134000,0.850000,0.000000,0.000000,0.016000,0.101667,0.893333,0.000000,0.000000,0.005000,1800,1,Optimal,,1,72.82500000,72.82500000,0.00000000,235.24426968,240.887824,39,128505,,,,0.00000000,0.00000000,0,0,0,0,0,0,0,0,1,eta-asc,0,0,3240,0,0,0,0,0,0,131906,0,0,0,0,0,1000,131907,,,72.82500000,74.06400000,,,153.68333333,156.69000000,0.04435952,0.06861595,,,,
fpp_new_instances_scaling_new20x20,,case03,new20x20,new20x20,shortest_path,FPP-Branch-Benders-Combinatorial-EtaDesc,expected,expected,0.03,0.9,1.0,20264129,600,1000,0.101667,0.893333,0.000000,0.000000,0.005000,0.134000,0.850000,0.000000,0.000000,0.016000,0.101667,0.893333,0.000000,0.000000,0.005000,1800,1,Optimal,,1,72.82500000,72.82500000,0.00000000,363.76541080,369.465525,37,154964,,,,0.00000000,0.00000000,0,0,0,0,0,0,0,0,1,eta-desc,0,0,2400,0,0,0,0,0,0,254081,0,0,0,0,0,1000,254082,,,72.82500000,74.06400000,,,153.68333333,156.69000000,0.04146700,0.06708611,,,,
fpp_new_instances_scaling_new20x20,,case03,new20x20,new20x20,shortest_path,FPP-SAA,expected,expected,0.03,0.9,1.0,20264129,600,1000,0.101667,0.893333,0.000000,0.000000,0.005000,0.134000,0.850000,0.000000,0.000000,0.016000,0.101667,0.893333,0.000000,0.000000,0.005000,1800,1,Optimal,,1,72.82500000,72.78534188,0.00054457,1169.72798410,1176.888164,21,0,,,,0.00000000,0.00000000,0,0,0,0,0,0,0,0,0,,0,0,0,0,0,0,0,0,0,0,0,0,0,0,0,240400,172984,,,72.82500000,74.06400000,,,153.68333333,156.69000000,0.04721296,0.07593223,,,,
fpp_new_instances_scaling_new20x20,,case03,new20x20,new20x20,shortest_path,FPP-Branch-Benders-Combinatorial-MeanCVaR,mean_cvar,mean-cvar,0.03,0.9,0.5,20264129,600,1000,0.101667,0.893333,0.000000,0.000000,0.005000,0.134000,0.850000,0.000000,0.000000,0.016000,0.101667,0.893333,0.000000,0.000000,0.005000,1800,1,Feasible,,1,110.34083333,104.34241532,0.05436263,1836.04104418,1839.762587,197,496152,,,,0.00000000,0.00000000,0,0,0,0,0,0,0,0,1,eta-asc,0,0,1200,0,0,0,0,0,0,177564,0,0,0,0,0,1601,178165,,,74.41500000,74.34700000,,,146.26666667,150.34000000,0.02972262,0.04664331,,,,
fpp_new_instances_scaling_new20x20,,case03,new20x20,new20x20,shortest_path,FPP-Branch-Benders-Combinatorial-MeanCVaR-EtaDesc,mean_cvar,mean-cvar,0.03,0.9,0.5,20264129,600,1000,0.101667,0.893333,0.000000,0.000000,0.005000,0.134000,0.850000,0.000000,0.000000,0.016000,0.101667,0.893333,0.000000,0.000000,0.005000,1800,1,Feasible,,1,110.34083333,105.07932216,0.04768417,1831.74486150,1835.161025,301,663397,,,,0.00000000,0.00000000,0,0,0,0,0,0,0,0,1,eta-desc,0,0,462,0,0,0,0,0,0,89292,0,0,0,0,0,1601,89893,,,74.41500000,74.34700000,,,146.26666667,150.34000000,0.02858145,0.04462294,,,,
fpp_new_instances_scaling_new20x20,,case04,new20x20,new20x20,shortest_path,FPP-Branch-Benders-CVaR-RootCuts,cvar,cvar,0.03,0.9,1.0,20265129,600,1000,0.111667,0.878333,0.000000,0.000000,0.010000,0.134000,0.850000,0.000000,0.000000,0.016000,0.111667,0.878333,0.000000,0.000000,0.010000,1800,1,Feasible,,1,151.33333333,116.70601055,0.22881491,1801.38576505,1805.850616,5849,688856,,,,0.00000000,0.00000000,0,1,0,0,0,0,0,0,0,,0,0,34718,,0,0,0,0,0,0,0,0,0,0,0,1601,35763,,,80.03333333,78.58600000,,,151.33333333,159.14000000,0.02934326,0.04308373,,,,
fpp_new_instances_scaling_new20x20,,case04,new20x20,new20x20,shortest_path,FPP-Branch-Benders-Combinatorial-CVaR,cvar,cvar,0.03,0.9,1.0,20265129,600,1000,0.111667,0.878333,0.000000,0.000000,0.010000,0.134000,0.850000,0.000000,0.000000,0.016000,0.111667,0.878333,0.000000,0.000000,0.010000,1800,1,Feasible,,1,142.53333333,133.67031355,0.06218208,1830.65115104,1836.265003,586,462377,,,,0.00000000,0.00000000,0,0,0,0,0,0,0,0,1,eta-asc,0,0,2031,0,0,0,0,0,0,70732,0,0,0,0,0,1601,71333,,,82.73000000,79.78200000,,,142.53333333,146.40000000,0.04581194,0.07339931,,,,
fpp_new_instances_scaling_new20x20,,case04,new20x20,new20x20,shortest_path,FPP-Branch-Benders-Combinatorial-CVaR-EtaDesc,cvar,cvar,0.03,0.9,1.0,20265129,600,1000,0.111667,0.878333,0.000000,0.000000,0.010000,0.134000,0.850000,0.000000,0.000000,0.016000,0.111667,0.878333,0.000000,0.000000,0.010000,1800,1,Feasible,,1,144.80000000,131.33934611,0.09296032,1853.71158131,1858.014368,457,696711,,,,0.00000000,0.00000000,0,0,0,0,0,0,0,0,1,eta-desc,0,0,749,0,0,0,0,0,0,88421,0,0,0,0,0,1601,89022,,,82.79833333,80.18800000,,,144.80000000,148.19000000,0.03478381,0.05462828,,,,
fpp_new_instances_scaling_new20x20,,case04,new20x20,new20x20,shortest_path,FPP-SAA-CVaR,cvar,cvar,0.03,0.9,1.0,20265129,600,1000,0.111667,0.878333,0.000000,0.000000,0.010000,0.134000,0.850000,0.000000,0.000000,0.016000,0.111667,0.878333,0.000000,0.000000,0.010000,1800,1,Feasible,,1,3014.58333333,0.00000000,1.00000000,1800.29064179,1806.818587,0,0,,,,0.00000000,0.00000000,0,0,0,0,0,0,0,0,0,,0,0,0,0,0,0,0,0,0,0,0,0,0,0,0,241001,169741,,,261.45833333,255.79600000,,,400.00000000,400.00000000,0.12233061,0.20517277,,,,
fpp_new_instances_scaling_new20x20,,case04,new20x20,new20x20,shortest_path,FPP-Branch-Benders-Combinatorial,expected,expected,0.03,0.9,1.0,20265129,600,1000,0.111667,0.878333,0.000000,0.000000,0.010000,0.134000,0.850000,0.000000,0.000000,0.016000,0.111667,0.878333,0.000000,0.000000,0.010000,1800,1,Optimal,,1,74.42666667,74.42666667,0.00000000,366.24917040,372.000578,145,287747,,,,0.00000000,0.00000000,0,0,0,0,0,0,0,0,1,eta-asc,0,0,2460,0,0,0,0,0,0,130265,0,0,0,0,0,1000,130266,,,74.42666667,73.31300000,,,151.80000000,151.63000000,0.04522337,0.07608351,,,,
fpp_new_instances_scaling_new20x20,,case04,new20x20,new20x20,shortest_path,FPP-Branch-Benders-Combinatorial-EtaDesc,expected,expected,0.03,0.9,1.0,20265129,600,1000,0.111667,0.878333,0.000000,0.000000,0.010000,0.134000,0.850000,0.000000,0.000000,0.016000,0.111667,0.878333,0.000000,0.000000,0.010000,1800,1,Optimal,,1,74.42666667,74.42666667,0.00000000,644.25569684,648.389057,137,289622,,,,0.00000000,0.00000000,0,0,0,0,0,0,0,0,1,eta-desc,0,0,5100,0,0,0,0,0,0,203163,0,0,0,0,0,1000,203164,,,74.42666667,73.31300000,,,151.80000000,151.63000000,0.03212011,0.05212059,,,,
fpp_new_instances_scaling_new20x20,,case04,new20x20,new20x20,shortest_path,FPP-SAA,expected,expected,0.03,0.9,1.0,20265129,600,1000,0.111667,0.878333,0.000000,0.000000,0.010000,0.134000,0.850000,0.000000,0.000000,0.016000,0.111667,0.878333,0.000000,0.000000,0.010000,1800,1,Feasible,,1,74.60000000,74.00638889,0.00795725,1800.06890897,1806.042927,54,0,,,,0.00000000,0.00000000,0,0,0,0,0,0,0,0,0,,0,0,0,0,0,0,0,0,0,0,0,0,0,0,0,240400,169141,,,74.60000000,74.41700000,,,153.91666667,155.86000000,0.05086336,0.08163695,,,,
fpp_new_instances_scaling_new20x20,,case04,new20x20,new20x20,shortest_path,FPP-Branch-Benders-Combinatorial-MeanCVaR,mean_cvar,mean-cvar,0.03,0.9,0.5,20265129,600,1000,0.111667,0.878333,0.000000,0.000000,0.010000,0.134000,0.850000,0.000000,0.000000,0.016000,0.111667,0.878333,0.000000,0.000000,0.010000,1800,1,Feasible,,1,112.31166667,104.16154610,0.07256700,1834.41268360,1838.778052,184,576431,,,,0.00000000,0.00000000,0,0,0,0,0,0,0,0,1,eta-asc,0,0,1056,0,0,0,0,0,0,194750,0,0,0,0,0,1601,195351,,,76.44000000,75.02100000,,,148.18333333,153.29000000,0.02578338,0.04079753,,,,
fpp_new_instances_scaling_new20x20,,case04,new20x20,new20x20,shortest_path,FPP-Branch-Benders-Combinatorial-MeanCVaR-EtaDesc,mean_cvar,mean-cvar,0.03,0.9,0.5,20265129,600,1000,0.111667,0.878333,0.000000,0.000000,0.010000,0.134000,0.850000,0.000000,0.000000,0.016000,0.111667,0.878333,0.000000,0.000000,0.010000,1800,1,Feasible,,1,109.69166667,106.28252361,0.03107933,1835.49155778,1838.681087,346,629184,,,,0.00000000,0.00000000,0,0,0,0,0,0,0,0,1,eta-desc,0,0,651,0,0,0,0,0,0,99943,0,0,0,0,0,1601,100544,,,76.01666667,74.52400000,,,143.36666667,148.00000000,0.02129428,0.03653952,,,,
fpp_new_instances_scaling_new20x20,,case05,new20x20,new20x20,shortest_path,FPP-Branch-Benders-CVaR-RootCuts,cvar,cvar,0.03,0.9,1.0,20266129,600,1000,0.120000,0.868333,0.000000,0.000000,0.011667,0.134000,0.850000,0.000000,0.000000,0.016000,0.120000,0.868333,0.000000,0.000000,0.011667,1800,1,Feasible,,1,148.36666667,116.03627514,0.21790873,1800.85320635,1805.105644,7571,759176,,,,0.00000000,0.00000000,0,1,0,0,0,0,0,0,0,,0,0,33272,,0,0,0,0,0,0,0,0,0,0,0,1601,34308,,,77.84500000,77.54000000,,,148.36666667,154.87000000,0.03242160,0.05415736,,,,
fpp_new_instances_scaling_new20x20,,case05,new20x20,new20x20,shortest_path,FPP-Branch-Benders-Combinatorial-CVaR,cvar,cvar,0.03,0.9,1.0,20266129,600,1000,0.120000,0.868333,0.000000,0.000000,0.011667,0.134000,0.850000,0.000000,0.000000,0.016000,0.120000,0.868333,0.000000,0.000000,0.011667,1800,1,Feasible,,1,144.13333333,130.32935816,0.09577226,1835.20216277,1841.157310,491,371036,,,,0.00000000,0.00000000,0,0,0,0,0,0,0,0,1,eta-asc,0,0,1370,0,0,0,0,0,0,58082,0,0,0,0,0,1601,58683,,,80.24500000,80.03200000,,,144.13333333,145.29000000,0.04249657,0.07961192,,,,
fpp_new_instances_scaling_new20x20,,case05,new20x20,new20x20,shortest_path,FPP-Branch-Benders-Combinatorial-CVaR-EtaDesc,cvar,cvar,0.03,0.9,1.0,20266129,600,1000,0.120000,0.868333,0.000000,0.000000,0.011667,0.134000,0.850000,0.000000,0.000000,0.016000,0.120000,0.868333,0.000000,0.000000,0.011667,1800,1,Feasible,,1,154.61666667,123.76869093,0.19951262,1845.11176161,1849.028086,0,6041,,,,0.00000000,0.00000000,0,0,0,0,0,0,0,0,1,eta-desc,0,0,300,0,0,0,0,0,0,198981,0,0,0,0,0,1601,199582,,,71.91166667,73.94800000,,,154.61666667,156.39000000,0.02979066,0.04525563,,,,
fpp_new_instances_scaling_new20x20,,case05,new20x20,new20x20,shortest_path,FPP-SAA-CVaR,cvar,cvar,0.03,0.9,1.0,20266129,600,1000,0.120000,0.868333,0.000000,0.000000,0.011667,0.134000,0.850000,0.000000,0.000000,0.016000,0.120000,0.868333,0.000000,0.000000,0.011667,1800,1,Feasible,,1,2986.43333333,0.00000000,1.00000000,1800.42088659,1807.010105,0,0,,,,0.00000000,0.00000000,0,0,0,0,0,0,0,0,0,,0,0,0,0,0,0,0,0,0,0,0,0,0,0,0,241001,167877,,,244.80333333,242.32000000,,,392.61666667,392.66000000,0.12456362,0.20493433,,,,
fpp_new_instances_scaling_new20x20,,case05,new20x20,new20x20,shortest_path,FPP-Branch-Benders-Combinatorial,expected,expected,0.03,0.9,1.0,20266129,600,1000,0.120000,0.868333,0.000000,0.000000,0.011667,0.134000,0.850000,0.000000,0.000000,0.016000,0.120000,0.868333,0.000000,0.000000,0.011667,1800,1,Optimal,,1,71.90166667,71.90166667,0.00000000,203.42594392,209.340744,91,138417,,,,0.00000000,0.00000000,0,0,0,0,0,0,0,0,1,eta-asc,0,0,1920,0,0,0,0,0,0,102180,0,0,0,0,0,1000,102181,,,71.90166667,74.93500000,,,155.43333333,163.55000000,0.04550320,0.07514311,,,,
fpp_new_instances_scaling_new20x20,,case05,new20x20,new20x20,shortest_path,FPP-Branch-Benders-Combinatorial-EtaDesc,expected,expected,0.03,0.9,1.0,20266129,600,1000,0.120000,0.868333,0.000000,0.000000,0.011667,0.134000,0.850000,0.000000,0.000000,0.016000,0.120000,0.868333,0.000000,0.000000,0.011667,1800,1,Optimal,,1,71.90166667,71.90166667,0.00000000,294.60792561,300.156464,109,192177,,,,0.00000000,0.00000000,0,0,0,0,0,0,0,0,1,eta-desc,0,0,1560,0,0,0,0,0,0,183181,0,0,0,0,0,1000,183182,,,71.90166667,74.93500000,,,155.43333333,163.55000000,0.04293649,0.07033721,,,,
fpp_new_instances_scaling_new20x20,,case05,new20x20,new20x20,shortest_path,FPP-SAA,expected,expected,0.03,0.9,1.0,20266129,600,1000,0.120000,0.868333,0.000000,0.000000,0.011667,0.134000,0.850000,0.000000,0.000000,0.016000,0.120000,0.868333,0.000000,0.000000,0.011667,1800,1,Optimal,,1,71.90166667,71.90166667,0.00000000,1411.41074837,1418.472433,56,0,,,,0.00000000,0.00000000,0,0,0,0,0,0,0,0,0,,0,0,0,0,0,0,0,0,0,0,0,0,0,0,0,240400,167277,,,71.90166667,74.93500000,,,155.43333333,163.55000000,0.04440296,0.08320067,,,,
fpp_new_instances_scaling_new20x20,,case05,new20x20,new20x20,shortest_path,FPP-Branch-Benders-Combinatorial-MeanCVaR,mean_cvar,mean-cvar,0.03,0.9,0.5,20266129,600,1000,0.120000,0.868333,0.000000,0.000000,0.011667,0.134000,0.850000,0.000000,0.000000,0.016000,0.120000,0.868333,0.000000,0.000000,0.011667,1800,1,Feasible,,1,109.00083333,102.73293520,0.05750321,1833.05660984,1836.707739,239,507890,,,,0.00000000,0.00000000,0,0,0,0,0,0,0,0,1,eta-asc,0,0,1139,0,0,0,0,0,0,157837,0,0,0,0,0,1601,158438,,,73.85166667,75.21400000,,,144.15000000,146.76000000,0.03110354,0.05494941,,,,
fpp_new_instances_scaling_new20x20,,case05,new20x20,new20x20,shortest_path,FPP-Branch-Benders-Combinatorial-MeanCVaR-EtaDesc,mean_cvar,mean-cvar,0.03,0.9,0.5,20266129,600,1000,0.120000,0.868333,0.000000,0.000000,0.011667,0.134000,0.850000,0.000000,0.000000,0.016000,0.120000,0.868333,0.000000,0.000000,0.011667,1800,1,Feasible,,1,108.81583333,104.93261838,0.03568612,1839.19271712,1842.761433,454,505254,,,,0.00000000,0.00000000,0,0,0,0,0,0,0,0,1,eta-desc,0,0,612,0,0,0,0,0,0,93080,0,0,0,0,0,1601,93681,,,73.56500000,75.10600000,,,144.06666667,146.44000000,0.02368792,0.03813902,,,,
fpp_new_instances_scaling_new20x20,,case06,new20x20,new20x20,shortest_path,FPP-Branch-Benders-CVaR-RootCuts,cvar,cvar,0.03,0.9,1.0,20267129,600,1000,0.121667,0.870000,0.000000,0.000000,0.008333,0.134000,0.850000,0.000000,0.000000,0.016000,0.121667,0.870000,0.000000,0.000000,0.008333,1800,1,Feasible,,1,148.55000000,113.63732297,0.23502307,1801.25213503,1806.114239,6214,780209,,,,0.00000000,0.00000000,0,1,0,0,0,0,0,0,0,,0,0,30937,,0,0,0,0,0,0,0,0,0,0,0,1601,31990,,,81.55833333,82.09000000,,,148.55000000,158.39000000,0.03073154,0.05243482,,,,
fpp_new_instances_scaling_new20x20,,case06,new20x20,new20x20,shortest_path,FPP-Branch-Benders-Combinatorial-CVaR,cvar,cvar,0.03,0.9,1.0,20267129,600,1000,0.121667,0.870000,0.000000,0.000000,0.008333,0.134000,0.850000,0.000000,0.000000,0.016000,0.121667,0.870000,0.000000,0.000000,0.008333,1800,1,Feasible,,1,139.95000000,131.15212445,0.06286442,1835.02640795,1840.670207,506,405083,,,,0.00000000,0.00000000,0,0,0,0,0,0,0,0,1,eta-asc,0,0,1982,0,0,0,0,0,0,57416,0,0,0,0,0,1601,58017,,,81.35666667,80.20400000,,,139.95000000,144.64000000,0.04675922,0.07952012,,,,
fpp_new_instances_scaling_new20x20,,case06,new20x20,new20x20,shortest_path,FPP-Branch-Benders-Combinatorial-CVaR-EtaDesc,cvar,cvar,0.03,0.9,1.0,20267129,600,1000,0.121667,0.870000,0.000000,0.000000,0.008333,0.134000,0.850000,0.000000,0.000000,0.016000,0.121667,0.870000,0.000000,0.000000,0.008333,1800,1,Feasible,,1,137.40000000,133.30889234,0.02977516,1840.91004531,1844.477816,670,712791,,,,0.00000000,0.00000000,0,0,0,0,0,0,0,0,1,eta-desc,0,0,555,0,0,0,0,0,0,80875,0,0,0,0,0,1601,81476,,,80.38333333,80.54200000,,,137.40000000,144.98000000,0.03206466,0.05222523,,,,
fpp_new_instances_scaling_new20x20,,case06,new20x20,new20x20,shortest_path,FPP-SAA-CVaR,cvar,cvar,0.03,0.9,1.0,20267129,600,1000,0.121667,0.870000,0.000000,0.000000,0.008333,0.134000,0.850000,0.000000,0.000000,0.016000,0.121667,0.870000,0.000000,0.000000,0.008333,1800,1,Feasible,,1,2939.23333333,0.00000000,1.00000000,1800.22966931,1806.319671,0,0,,,,0.00000000,0.00000000,0,0,0,0,0,0,0,0,0,,0,0,0,0,0,0,0,0,0,0,0,0,0,0,0,241001,164889,,,244.09666667,247.06800000,,,394.08333333,394.10000000,0.12517911,0.21888212,,,,
fpp_new_instances_scaling_new20x20,,case06,new20x20,new20x20,shortest_path,FPP-Branch-Benders-Combinatorial,expected,expected,0.03,0.9,1.0,20267129,600,1000,0.121667,0.870000,0.000000,0.000000,0.008333,0.134000,0.850000,0.000000,0.000000,0.016000,0.121667,0.870000,0.000000,0.000000,0.008333,1800,1,Optimal,,1,72.37500000,72.37500000,0.00000000,148.25014266,153.374315,64,133137,,,,0.00000000,0.00000000,0,0,0,0,0,0,0,0,1,eta-asc,0,0,3060,0,0,0,0,0,0,105237,0,0,0,0,0,1000,105238,,,72.37500000,73.56900000,,,146.41666667,149.26000000,0.03433639,0.04769326,,,,
fpp_new_instances_scaling_new20x20,,case06,new20x20,new20x20,shortest_path,FPP-Branch-Benders-Combinatorial-EtaDesc,expected,expected,0.03,0.9,1.0,20267129,600,1000,0.121667,0.870000,0.000000,0.000000,0.008333,0.134000,0.850000,0.000000,0.000000,0.016000,0.121667,0.870000,0.000000,0.000000,0.008333,1800,1,Optimal,,1,72.37500000,72.35132505,0.00032712,217.43672342,221.152033,70,155007,,,,0.00000000,0.00000000,0,0,0,0,0,0,0,0,1,eta-desc,0,0,2221,0,0,0,0,0,0,194189,0,0,0,0,0,1000,194190,,,72.37500000,73.56900000,,,146.41666667,149.26000000,0.03074639,0.05233559,,,,
fpp_new_instances_scaling_new20x20,,case06,new20x20,new20x20,shortest_path,FPP-SAA,expected,expected,0.03,0.9,1.0,20267129,600,1000,0.121667,0.870000,0.000000,0.000000,0.008333,0.134000,0.850000,0.000000,0.000000,0.016000,0.121667,0.870000,0.000000,0.000000,0.008333,1800,1,Optimal,,1,72.37500000,72.32416667,0.00070236,1178.60909316,1184.254863,53,0,,,,0.00000000,0.00000000,0,0,0,0,0,0,0,0,0,,0,0,0,0,0,0,0,0,0,0,0,0,0,0,0,240400,164289,,,72.37500000,73.56900000,,,146.41666667,149.26000000,0.04514523,0.07496480,,,,
fpp_new_instances_scaling_new20x20,,case06,new20x20,new20x20,shortest_path,FPP-Branch-Benders-Combinatorial-MeanCVaR,mean_cvar,mean-cvar,0.03,0.9,0.5,20267129,600,1000,0.121667,0.870000,0.000000,0.000000,0.008333,0.134000,0.850000,0.000000,0.000000,0.016000,0.121667,0.870000,0.000000,0.000000,0.008333,1800,1,Feasible,,1,109.38083333,103.99245577,0.04926254,1840.93261446,1844.770802,199,390484,,,,0.00000000,0.00000000,0,0,0,0,0,0,0,0,1,eta-asc,0,0,1392,0,0,0,0,0,0,135052,0,0,0,0,0,1601,135653,,,73.69500000,75.76100000,,,145.06666667,153.98000000,0.02419224,0.03954815,,,,
fpp_new_instances_scaling_new20x20,,case06,new20x20,new20x20,shortest_path,FPP-Branch-Benders-Combinatorial-MeanCVaR-EtaDesc,mean_cvar,mean-cvar,0.03,0.9,0.5,20267129,600,1000,0.121667,0.870000,0.000000,0.000000,0.008333,0.134000,0.850000,0.000000,0.000000,0.016000,0.121667,0.870000,0.000000,0.000000,0.008333,1800,1,Feasible,,1,108.50750000,106.57797197,0.01778244,1828.92002338,1832.235411,595,566543,,,,0.00000000,0.00000000,0,0,0,0,0,0,0,0,1,eta-desc,0,0,780,0,0,0,0,0,0,98590,0,0,0,0,0,1601,99191,,,73.39833333,74.77200000,,,143.61666667,151.63000000,0.02538335,0.04447807,,,,
fpp_new_instances_scaling_new20x20,,case07,new20x20,new20x20,shortest_path,FPP-Branch-Benders-CVaR-RootCuts,cvar,cvar,0.03,0.9,1.0,20268129,600,1000,0.111667,0.881667,0.000000,0.000000,0.006667,0.134000,0.850000,0.000000,0.000000,0.016000,0.111667,0.881667,0.000000,0.000000,0.006667,1800,1,Feasible,,1,150.25000000,116.14131355,0.22701289,1801.26581650,1805.470695,7906,970577,,,,0.00000000,0.00000000,0,1,0,0,0,0,0,0,0,,0,0,33042,,0,0,0,0,0,0,0,0,0,0,0,1601,34107,,,84.47833333,81.20900000,,,150.25000000,151.67000000,0.02588443,0.04057388,,,,
fpp_new_instances_scaling_new20x20,,case07,new20x20,new20x20,shortest_path,FPP-Branch-Benders-Combinatorial-CVaR,cvar,cvar,0.03,0.9,1.0,20268129,600,1000,0.111667,0.881667,0.000000,0.000000,0.006667,0.134000,0.850000,0.000000,0.000000,0.016000,0.111667,0.881667,0.000000,0.000000,0.006667,1800,1,Feasible,,1,140.68333333,133.34426038,0.05216732,1835.77817746,1841.195147,455,422145,,,,0.00000000,0.00000000,0,0,0,0,0,0,0,0,1,eta-asc,0,0,1235,0,0,0,0,0,0,60776,0,0,0,0,0,1601,61377,,,82.37833333,79.68200000,,,140.68333333,147.54000000,0.04182905,0.07234221,,,,
fpp_new_instances_scaling_new20x20,,case07,new20x20,new20x20,shortest_path,FPP-Branch-Benders-Combinatorial-CVaR-EtaDesc,cvar,cvar,0.03,0.9,1.0,20268129,600,1000,0.111667,0.881667,0.000000,0.000000,0.006667,0.134000,0.850000,0.000000,0.000000,0.016000,0.111667,0.881667,0.000000,0.000000,0.006667,1800,1,Feasible,,1,140.68333333,133.58896062,0.05042795,1847.07250229,1851.065073,513,575755,,,,0.00000000,0.00000000,0,0,0,0,0,0,0,0,1,eta-desc,0,0,487,0,0,0,0,0,0,81083,0,0,0,0,0,1601,81684,,,82.37833333,79.68200000,,,140.68333333,147.54000000,0.03368742,0.05314454,,,,
fpp_new_instances_scaling_new20x20,,case07,new20x20,new20x20,shortest_path,FPP-SAA-CVaR,cvar,cvar,0.03,0.9,1.0,20268129,600,1000,0.111667,0.881667,0.000000,0.000000,0.006667,0.134000,0.850000,0.000000,0.000000,0.016000,0.111667,0.881667,0.000000,0.000000,0.006667,1800,1,Feasible,,1,3099.78333333,0.00000000,1.00000000,1800.24524426,1806.656375,0,0,,,,0.00000000,0.00000000,0,0,0,0,0,0,0,0,0,,0,0,0,0,0,0,0,0,0,0,0,0,0,0,0,241001,175426,,,266.98166667,253.08200000,,,398.00000000,398.00000000,0.12491459,0.19498114,,,,
fpp_new_instances_scaling_new20x20,,case07,new20x20,new20x20,shortest_path,FPP-Branch-Benders-Combinatorial,expected,expected,0.03,0.9,1.0,20268129,600,1000,0.111667,0.881667,0.000000,0.000000,0.006667,0.134000,0.850000,0.000000,0.000000,0.016000,0.111667,0.881667,0.000000,0.000000,0.006667,1800,1,Optimal,,1,74.79833333,74.79833333,0.00000000,143.99143725,148.150472,31,106006,,,,0.00000000,0.00000000,0,0,0,0,0,0,0,0,1,eta-asc,0,0,3360,0,0,0,0,0,0,120937,0,0,0,0,0,1000,120938,,,74.79833333,73.09700000,,,149.88333333,150.05000000,0.03487847,0.05042422,,,,
fpp_new_instances_scaling_new20x20,,case07,new20x20,new20x20,shortest_path,FPP-Branch-Benders-Combinatorial-EtaDesc,expected,expected,0.03,0.9,1.0,20268129,600,1000,0.111667,0.881667,0.000000,0.000000,0.006667,0.134000,0.850000,0.000000,0.000000,0.016000,0.111667,0.881667,0.000000,0.000000,0.006667,1800,1,Optimal,,1,74.79833333,74.79833333,0.00000000,295.71769196,301.260871,37,132551,,,,0.00000000,0.00000000,0,0,0,0,0,0,0,0,1,eta-desc,0,0,2700,0,0,0,0,0,0,190438,0,0,0,0,0,1000,190439,,,74.79833333,73.09700000,,,149.88333333,150.05000000,0.04321192,0.06410956,,,,
fpp_new_instances_scaling_new20x20,,case07,new20x20,new20x20,shortest_path,FPP-SAA,expected,expected,0.03,0.9,1.0,20268129,600,1000,0.111667,0.881667,0.000000,0.000000,0.006667,0.134000,0.850000,0.000000,0.000000,0.016000,0.111667,0.881667,0.000000,0.000000,0.006667,1800,1,Optimal,,1,74.79833333,74.79833333,0.00000000,1490.90249407,1497.437479,19,0,,,,0.00000000,0.00000000,0,0,0,0,0,0,0,0,0,,0,0,0,0,0,0,0,0,0,0,0,0,0,0,0,240400,174826,,,74.79833333,73.09700000,,,149.88333333,150.05000000,0.04507442,0.07308143,,,,
fpp_new_instances_scaling_new20x20,,case07,new20x20,new20x20,shortest_path,FPP-Branch-Benders-Combinatorial-MeanCVaR,mean_cvar,mean-cvar,0.03,0.9,0.5,20268129,600,1000,0.111667,0.881667,0.000000,0.000000,0.006667,0.134000,0.850000,0.000000,0.000000,0.016000,0.111667,0.881667,0.000000,0.000000,0.006667,1800,1,Feasible,,1,111.24083333,104.90335862,0.05697076,1837.73568222,1841.838913,106,499539,,,,0.00000000,0.00000000,0,0,0,0,0,0,0,0,1,eta-asc,0,0,1268,0,0,0,0,0,0,165224,0,0,0,0,0,1601,165825,,,74.96500000,73.32300000,,,147.51666667,150.49000000,0.02564563,0.04204400,,,,
fpp_new_instances_scaling_new20x20,,case07,new20x20,new20x20,shortest_path,FPP-Branch-Benders-Combinatorial-MeanCVaR-EtaDesc,mean_cvar,mean-cvar,0.03,0.9,0.5,20268129,600,1000,0.111667,0.881667,0.000000,0.000000,0.006667,0.134000,0.850000,0.000000,0.000000,0.016000,0.111667,0.881667,0.000000,0.000000,0.006667,1800,1,Feasible,,1,110.20833333,108.52534684,0.01527095,1839.57782655,1842.560803,518,666915,,,,0.00000000,0.00000000,0,0,0,0,0,0,0,0,1,eta-desc,0,0,1118,0,0,0,0,0,0,114596,0,0,0,0,0,1601,115197,,,76.35000000,74.61600000,,,144.06666667,148.34000000,0.02048573,0.03344393,,,,
fpp_new_instances_scaling_new20x20,,case08,new20x20,new20x20,shortest_path,FPP-Branch-Benders-CVaR-RootCuts,cvar,cvar,0.03,0.9,1.0,20269129,600,1000,0.141667,0.845000,0.000000,0.000000,0.013333,0.134000,0.850000,0.000000,0.000000,0.016000,0.141667,0.845000,0.000000,0.000000,0.013333,1800,1,Feasible,,1,149.01666667,115.39599770,0.22561684,1800.80290554,1805.177072,6942,916493,,,,0.00000000,0.00000000,0,1,0,0,0,0,0,0,0,,0,0,33966,,0,0,0,0,0,0,0,0,0,0,0,1601,34997,,,79.32333333,80.87500000,,,149.01666667,151.40000000,0.03349708,0.05533270,,,,
fpp_new_instances_scaling_new20x20,,case08,new20x20,new20x20,shortest_path,FPP-Branch-Benders-Combinatorial-CVaR,cvar,cvar,0.03,0.9,1.0,20269129,600,1000,0.141667,0.845000,0.000000,0.000000,0.013333,0.134000,0.850000,0.000000,0.000000,0.016000,0.141667,0.845000,0.000000,0.000000,0.013333,1800,1,Feasible,,1,145.51666667,132.14144418,0.09191540,1829.54058681,1834.677594,424,394492,,,,0.00000000,0.00000000,0,0,0,0,0,0,0,0,1,eta-asc,0,0,1194,0,0,0,0,0,0,66585,0,0,0,0,0,1601,67186,,,75.61500000,76.76600000,,,145.51666667,147.02000000,0.04318201,0.07442934,,,,
fpp_new_instances_scaling_new20x20,,case08,new20x20,new20x20,shortest_path,FPP-Branch-Benders-Combinatorial-CVaR-EtaDesc,cvar,cvar,0.03,0.9,1.0,20269129,600,1000,0.141667,0.845000,0.000000,0.000000,0.013333,0.134000,0.850000,0.000000,0.000000,0.016000,0.141667,0.845000,0.000000,0.000000,0.013333,1800,1,Feasible,,1,145.85000000,132.13117029,0.09406123,1826.15924448,1829.641873,449,556062,,,,0.00000000,0.00000000,0,0,0,0,0,0,0,0,1,eta-desc,0,0,619,0,0,0,0,0,0,86777,0,0,0,0,0,1601,87378,,,75.99500000,78.17400000,,,145.85000000,154.89000000,0.03217330,0.05372920,,,,
fpp_new_instances_scaling_new20x20,,case08,new20x20,new20x20,shortest_path,FPP-SAA-CVaR,cvar,cvar,0.03,0.9,1.0,20269129,600,1000,0.141667,0.845000,0.000000,0.000000,0.013333,0.134000,0.850000,0.000000,0.000000,0.016000,0.141667,0.845000,0.000000,0.000000,0.013333,1800,1,Feasible,,1,2872.90000000,125.14416235,0.95643978,1800.19548782,1804.391637,0,0,,,,0.00000000,0.00000000,0,0,0,0,0,0,0,0,0,,0,0,0,0,0,0,0,0,0,0,0,0,0,0,0,241001,160879,,,232.92333333,237.33300000,,,386.76666667,387.09000000,0.08083213,0.13762291,,,,
fpp_new_instances_scaling_new20x20,,case08,new20x20,new20x20,shortest_path,FPP-Branch-Benders-Combinatorial,expected,expected,0.03,0.9,1.0,20269129,600,1000,0.141667,0.845000,0.000000,0.000000,0.013333,0.134000,0.850000,0.000000,0.000000,0.016000,0.141667,0.845000,0.000000,0.000000,0.013333,1800,1,Optimal,,1,70.47666667,70.47666667,0.00000000,177.90784089,181.550338,88,150538,,,,0.00000000,0.00000000,0,0,0,0,0,0,0,0,1,eta-asc,0,0,3960,0,0,0,0,0,0,154530,0,0,0,0,0,1000,154531,,,70.47666667,73.31300000,,,151.81666667,151.63000000,0.02451356,0.04802987,,,,
fpp_new_instances_scaling_new20x20,,case08,new20x20,new20x20,shortest_path,FPP-Branch-Benders-Combinatorial-EtaDesc,expected,expected,0.03,0.9,1.0,20269129,600,1000,0.141667,0.845000,0.000000,0.000000,0.013333,0.134000,0.850000,0.000000,0.000000,0.016000,0.141667,0.845000,0.000000,0.000000,0.013333,1800,1,Optimal,,1,70.47666667,70.47666667,0.00000000,398.34581166,402.275130,103,220133,,,,0.00000000,0.00000000,0,0,0,0,0,0,0,0,1,eta-desc,0,0,1980,0,0,0,0,0,0,275306,0,0,0,0,0,1000,275307,,,70.47666667,73.31300000,,,151.81666667,151.63000000,0.02710589,0.04646454,,,,
fpp_new_instances_scaling_new20x20,,case08,new20x20,new20x20,shortest_path,FPP-SAA,expected,expected,0.03,0.9,1.0,20269129,600,1000,0.141667,0.845000,0.000000,0.000000,0.013333,0.134000,0.850000,0.000000,0.000000,0.016000,0.141667,0.845000,0.000000,0.000000,0.013333,1800,1,Optimal,,1,70.47666667,70.41666667,0.00085135,1153.63940115,1159.159888,53,0,,,,0.00000000,0.00000000,0,0,0,0,0,0,0,0,0,,0,0,0,0,0,0,0,0,0,0,0,0,0,0,0,240400,160279,,,70.47666667,73.31300000,,,151.81666667,151.63000000,0.04247575,0.07569511,,,,
fpp_new_instances_scaling_new20x20,,case08,new20x20,new20x20,shortest_path,FPP-Branch-Benders-Combinatorial-MeanCVaR,mean_cvar,mean-cvar,0.03,0.9,0.5,20269129,600,1000,0.141667,0.845000,0.000000,0.000000,0.013333,0.134000,0.850000,0.000000,0.000000,0.016000,0.141667,0.845000,0.000000,0.000000,0.013333,1800,1,Feasible,,1,110.59500000,102.81570527,0.07034038,1847.28133812,1850.947559,219,827500,,,,0.00000000,0.00000000,0,0,0,0,0,0,0,0,1,eta-asc,0,0,1228,0,0,0,0,0,0,193397,0,0,0,0,0,1601,193998,,,71.39000000,75.13600000,,,149.80000000,157.73000000,0.02241363,0.03977052,,,,
fpp_new_instances_scaling_new20x20,,case08,new20x20,new20x20,shortest_path,FPP-Branch-Benders-Combinatorial-MeanCVaR-EtaDesc,mean_cvar,mean-cvar,0.03,0.9,0.5,20269129,600,1000,0.141667,0.845000,0.000000,0.000000,0.013333,0.134000,0.850000,0.000000,0.000000,0.016000,0.141667,0.845000,0.000000,0.000000,0.013333,1800,1,Feasible,,1,110.88250000,103.88672475,0.06309179,1836.21862558,1838.999775,393,814818,,,,0.00000000,0.00000000,0,0,0,0,0,0,0,0,1,eta-desc,0,0,751,0,0,0,0,0,0,111740,0,0,0,0,0,1601,112341,,,73.26500000,75.01500000,,,148.50000000,148.65000000,0.01932900,0.03238964,,,,
fpp_new_instances_scaling_new20x20,,case09,new20x20,new20x20,shortest_path,FPP-Branch-Benders-CVaR-RootCuts,cvar,cvar,0.03,0.9,1.0,20270129,600,1000,0.141667,0.858333,0.000000,0.000000,0.000000,0.134000,0.850000,0.000000,0.000000,0.016000,0.141667,0.858333,0.000000,0.000000,0.000000,1800,1,Feasible,,1,153.63333333,116.30734549,0.24295501,1801.23736196,1805.312173,8442,930032,,,,0.00000000,0.00000000,0,1,0,0,0,0,0,0,0,,0,0,38528,,0,0,0,0,0,0,0,0,0,0,0,1601,39580,,,81.63500000,80.51200000,,,153.63333333,157.08000000,0.02454342,0.03893064,,,,
fpp_new_instances_scaling_new20x20,,case09,new20x20,new20x20,shortest_path,FPP-Branch-Benders-Combinatorial-CVaR,cvar,cvar,0.03,0.9,1.0,20270129,600,1000,0.141667,0.858333,0.000000,0.000000,0.000000,0.134000,0.850000,0.000000,0.000000,0.016000,0.141667,0.858333,0.000000,0.000000,0.000000,1800,1,Feasible,,1,156.91666667,124.77622158,0.20482493,1831.08010487,1836.377738,0,11450,,,,0.00000000,0.00000000,0,0,0,0,0,0,0,0,1,eta-asc,0,0,540,0,0,0,0,0,0,162976,0,0,0,0,0,1601,163577,,,74.86500000,74.67000000,,,156.91666667,161.24000000,0.04169107,0.06985014,,,,
fpp_new_instances_scaling_new20x20,,case09,new20x20,new20x20,shortest_path,FPP-Branch-Benders-Combinatorial-CVaR-EtaDesc,cvar,cvar,0.03,0.9,1.0,20270129,600,1000,0.141667,0.858333,0.000000,0.000000,0.000000,0.134000,0.850000,0.000000,0.000000,0.016000,0.141667,0.858333,0.000000,0.000000,0.000000,1800,1,Feasible,,1,143.78333333,133.78952081,0.06950606,1840.16151796,1843.040894,582,737225,,,,0.00000000,0.00000000,0,0,0,0,0,0,0,0,1,eta-desc,0,0,527,0,0,0,0,0,0,92315,0,0,0,0,0,1601,92916,,,81.48166667,80.04100000,,,143.78333333,144.28000000,0.02209663,0.03691821,,,,
fpp_new_instances_scaling_new20x20,,case09,new20x20,new20x20,shortest_path,FPP-SAA-CVaR,cvar,cvar,0.03,0.9,1.0,20270129,600,1000,0.141667,0.858333,0.000000,0.000000,0.000000,0.134000,0.850000,0.000000,0.000000,0.016000,0.141667,0.858333,0.000000,0.000000,0.000000,1800,1,Feasible,,1,3010.75000000,0.00000000,1.00000000,1800.24354659,1806.356628,0,0,,,,0.00000000,0.00000000,0,0,0,0,0,0,0,0,0,,0,0,0,0,0,0,0,0,0,0,0,0,0,0,0,241001,169163,,,244.48000000,240.00400000,,,389.06666667,389.07000000,0.11162702,0.18687180,,,,
fpp_new_instances_scaling_new20x20,,case09,new20x20,new20x20,shortest_path,FPP-Branch-Benders-Combinatorial,expected,expected,0.03,0.9,1.0,20270129,600,1000,0.141667,0.858333,0.000000,0.000000,0.000000,0.134000,0.850000,0.000000,0.000000,0.016000,0.141667,0.858333,0.000000,0.000000,0.000000,1800,1,Optimal,,1,74.14500000,74.14500000,0.00000000,172.93633328,176.638090,85,175803,,,,0.00000000,0.00000000,0,0,0,0,0,0,0,0,1,eta-asc,0,0,2225,0,0,0,0,0,0,131124,0,0,0,0,0,1000,131125,,,74.14500000,73.07800000,,,146.80000000,148.59000000,0.02997137,0.04444526,,,,
fpp_new_instances_scaling_new20x20,,case09,new20x20,new20x20,shortest_path,FPP-Branch-Benders-Combinatorial-EtaDesc,expected,expected,0.03,0.9,1.0,20270129,600,1000,0.141667,0.858333,0.000000,0.000000,0.000000,0.134000,0.850000,0.000000,0.000000,0.016000,0.141667,0.858333,0.000000,0.000000,0.000000,1800,1,Feasible,,1,74.86500000,72.09150490,0.03704662,1844.39871061,1848.407395,0,71461,,,,0.00000000,0.00000000,0,0,0,0,0,0,0,0,1,eta-desc,0,0,2040,0,0,0,0,0,0,1786688,0,0,0,0,0,1000,1786689,,,74.86500000,74.67000000,,,156.91666667,161.24000000,0.03130382,0.05082914,,,,
fpp_new_instances_scaling_new20x20,,case09,new20x20,new20x20,shortest_path,FPP-SAA,expected,expected,0.03,0.9,1.0,20270129,600,1000,0.141667,0.858333,0.000000,0.000000,0.000000,0.134000,0.850000,0.000000,0.000000,0.016000,0.141667,0.858333,0.000000,0.000000,0.000000,1800,1,Optimal,,1,74.14500000,74.14500000,0.00000000,1297.03749102,1302.588313,39,0,,,,0.00000000,0.00000000,0,0,0,0,0,0,0,0,0,,0,0,0,0,0,0,0,0,0,0,0,0,0,0,0,240400,168563,,,74.14500000,73.07800000,,,146.80000000,148.59000000,0.03950816,0.06816676,,,,
fpp_new_instances_scaling_new20x20,,case09,new20x20,new20x20,shortest_path,FPP-Branch-Benders-Combinatorial-MeanCVaR,mean_cvar,mean-cvar,0.03,0.9,0.5,20270129,600,1000,0.141667,0.858333,0.000000,0.000000,0.000000,0.134000,0.850000,0.000000,0.000000,0.016000,0.141667,0.858333,0.000000,0.000000,0.000000,1800,1,Feasible,,1,110.38500000,107.23157603,0.02856750,1834.86873222,1837.959754,358,657519,,,,0.00000000,0.00000000,0,0,0,0,0,0,0,0,1,eta-asc,0,0,1044,0,0,0,0,0,0,218166,0,0,0,0,0,1601,218767,,,74.20333333,72.98000000,,,146.56666667,148.19000000,0.02198462,0.03605867,,,,
fpp_new_instances_scaling_new20x20,,case09,new20x20,new20x20,shortest_path,FPP-Branch-Benders-Combinatorial-MeanCVaR-EtaDesc,mean_cvar,mean-cvar,0.03,0.9,0.5,20270129,600,1000,0.141667,0.858333,0.000000,0.000000,0.000000,0.134000,0.850000,0.000000,0.000000,0.016000,0.141667,0.858333,0.000000,0.000000,0.000000,1800,1,Optimal,,1,110.38500000,110.29094388,0.00085207,1505.87427393,1508.447002,927,720951,,,,0.00000000,0.00000000,0,0,0,0,0,0,0,0,1,eta-desc,0,0,928,0,0,0,0,0,0,127077,0,0,0,0,0,1601,127678,,,74.20333333,72.98000000,,,146.56666667,148.19000000,0.01852180,0.02968682,,,,
