objective_family,alpha,train_count,case_id,baseline,lhs_method,rhs_method,lhs_method_family,rhs_method_family,objective_difference_lhs_minus_rhs,objective_relative_difference_percent,runtime_difference_lhs_minus_rhs,runtime_ratio_lhs_over_rhs,mip_gap_difference_lhs_minus_rhs,test_expected_difference_lhs_minus_rhs,test_worst10_difference_lhs_minus_rhs
CVaR,0.01,100,case00,FPP-SAA-fpp_base,FPP-Branch-Benders-CVaR-LLBI-RootCuts,FPP-SAA-CVaR,FPP-Branch-Benders-LLBI-RootCuts,FPP-SAA-fpp_base,0,0,-102.5288934,0.07984517964,0.00036086,0,0
CVaR,0.01,100,case00,FPP-SAA-fpp_base,FPP-Branch-Benders-CVaR-ProjectedCoverageLLBI-exp-RootCuts,FPP-SAA-CVaR,FPP-Branch-Benders-ProjectedCoverageLLBI-exp-RootCuts,FPP-SAA-fpp_base,0,0,-105.7135763,0.05126395513,-0.00014097,0,0
CVaR,0.01,100,case00,FPP-SAA-fpp_base,FPP-Branch-Benders-CVaR-ProjectedCoverageLLBI-poly-RootCuts,FPP-SAA-CVaR,FPP-Branch-Benders-ProjectedCoverageLLBI-poly-RootCuts,FPP-SAA-fpp_base,0,0,-107.5063727,0.03517434235,0.00036086,0,0
CVaR,0.01,100,case00,FPP-SAA-fpp_base,FPP-Branch-Benders-CVaR-ProjectedPathLLBI-exp-RootCuts,FPP-SAA-CVaR,FPP-Branch-Benders-ProjectedPathLLBI-exp-RootCuts,FPP-SAA-fpp_base,0,0,-101.6590917,0.08765129415,0.00026641,0,0
CVaR,0.01,100,case00,FPP-SAA-fpp_base,FPP-Branch-Benders-CVaR-ProjectedPathLLBI-poly-RootCuts,FPP-SAA-CVaR,FPP-Branch-Benders-ProjectedPathLLBI-poly-RootCuts,FPP-SAA-fpp_base,0,0,-102.4038018,0.08096782551,0.0001491,0,0
CVaR,0.01,100,case00,FPP-SAA-fpp_base,FPP-Branch-Benders-CVaR-RootCuts,FPP-SAA-CVaR,FPP-Branch-Benders-RootCuts,FPP-SAA-fpp_base,0,0,-106.1430306,0.04740977898,0.00031823,0,0
CVaR,0.01,100,case00,FPP-SAA-fpp_base,FPP-Branch-Benders-Combinatorial-CVaR,FPP-SAA-CVaR,FPP-Branch-Benders-Combinatorial,FPP-SAA-fpp_base,0,0,63.88053112,1.5733016,0.00028605,0,0
Expected,0.01,100,case00,FPP-SAA-fpp_base,FPP-Branch-Benders-LLBI-RootCuts,FPP-SAA,FPP-Branch-Benders-LLBI-RootCuts,FPP-SAA-fpp_base,0,0,2.88946547,1.648402402,-0.00084101,0,0
Expected,0.01,100,case00,FPP-SAA-fpp_base,FPP-Branch-Benders-ProjectedCoverageLLBI-exp-RootCuts,FPP-SAA,FPP-Branch-Benders-ProjectedCoverageLLBI-exp-RootCuts,FPP-SAA-fpp_base,0,0,0.0064328,1.001443534,0.00014421,0,0
Expected,0.01,100,case00,FPP-SAA-fpp_base,FPP-Branch-Benders-ProjectedCoverageLLBI-poly-RootCuts,FPP-SAA,FPP-Branch-Benders-ProjectedCoverageLLBI-poly-RootCuts,FPP-SAA-fpp_base,0,0,-1.12431437,0.7477013843,-0.00084101,0,0
Expected,0.01,100,case00,FPP-SAA-fpp_base,FPP-Branch-Benders-ProjectedPathLLBI-exp-RootCuts,FPP-SAA,FPP-Branch-Benders-ProjectedPathLLBI-exp-RootCuts,FPP-SAA-fpp_base,0,0,-0.37401481,0.9160702546,-0.00084101,0,0
Expected,0.01,100,case00,FPP-SAA-fpp_base,FPP-Branch-Benders-ProjectedPathLLBI-poly-RootCuts,FPP-SAA,FPP-Branch-Benders-ProjectedPathLLBI-poly-RootCuts,FPP-SAA-fpp_base,0,0,-1.33804486,0.6997397926,-0.00011701,0,0
Expected,0.01,100,case00,FPP-SAA-fpp_base,FPP-Branch-Benders-RootCuts,FPP-SAA,FPP-Branch-Benders-RootCuts,FPP-SAA-fpp_base,0,0,3.10421561,1.696592805,-0.00057344,0,0
Expected,0.01,100,case00,FPP-SAA-fpp_base,FPP-Branch-Benders-Combinatorial,FPP-SAA,FPP-Branch-Benders-Combinatorial,FPP-SAA-fpp_base,0,0,8.1287356,2.824106134,-0.00084101,0,0
MeanCVaR,0.01,100,case00,FPP-SAA-fpp_base,FPP-Branch-Benders-MeanCVaR-LLBI-RootCuts,FPP-SAA-MeanCVaR,FPP-Branch-Benders-LLBI-RootCuts,FPP-SAA-fpp_base,0,0,-90.80133817,0.07406609404,4.756e-05,0,0
MeanCVaR,0.01,100,case00,FPP-SAA-fpp_base,FPP-Branch-Benders-MeanCVaR-ProjectedCoverageLLBI-exp-RootCuts,FPP-SAA-MeanCVaR,FPP-Branch-Benders-ProjectedCoverageLLBI-exp-RootCuts,FPP-SAA-fpp_base,0,0,-91.77950495,0.06409137554,-0.00044048,0,0
MeanCVaR,0.01,100,case00,FPP-SAA-fpp_base,FPP-Branch-Benders-MeanCVaR-ProjectedCoverageLLBI-poly-RootCuts,FPP-SAA-MeanCVaR,FPP-Branch-Benders-ProjectedCoverageLLBI-poly-RootCuts,FPP-SAA-fpp_base,0,0,-94.68058695,0.03450799889,4.756e-05,0,0
MeanCVaR,0.01,100,case00,FPP-SAA-fpp_base,FPP-Branch-Benders-MeanCVaR-ProjectedPathLLBI-exp-RootCuts,FPP-SAA-MeanCVaR,FPP-Branch-Benders-ProjectedPathLLBI-exp-RootCuts,FPP-SAA-fpp_base,0,0,-89.56476902,0.08667583445,-1.125e-05,0,0
MeanCVaR,0.01,100,case00,FPP-SAA-fpp_base,FPP-Branch-Benders-MeanCVaR-ProjectedPathLLBI-poly-RootCuts,FPP-SAA-MeanCVaR,FPP-Branch-Benders-ProjectedPathLLBI-poly-RootCuts,FPP-SAA-fpp_base,0,0,-93.79239108,0.04356525165,-0.00013955,0,0
MeanCVaR,0.01,100,case00,FPP-SAA-fpp_base,FPP-Branch-Benders-MeanCVaR-RootCuts,FPP-SAA-MeanCVaR,FPP-Branch-Benders-RootCuts,FPP-SAA-fpp_base,0,0,-94.36469521,0.03772926059,-0.00038511,0,0
MeanCVaR,0.01,100,case00,FPP-SAA-fpp_base,FPP-Branch-Benders-Combinatorial-MeanCVaR,FPP-SAA-MeanCVaR,FPP-Branch-Benders-Combinatorial,FPP-SAA-fpp_base,0,0,-58.12111627,0.4073180716,-9.753e-05,0,0
CVaR,0.01,100,case01,FPP-SAA-fpp_base,FPP-Branch-Benders-CVaR-LLBI-RootCuts,FPP-SAA-CVaR,FPP-Branch-Benders-LLBI-RootCuts,FPP-SAA-fpp_base,0,0,-294.6182924,0.02168645419,-2.219e-05,0,0
CVaR,0.01,100,case01,FPP-SAA-fpp_base,FPP-Branch-Benders-CVaR-ProjectedCoverageLLBI-exp-RootCuts,FPP-SAA-CVaR,FPP-Branch-Benders-ProjectedCoverageLLBI-exp-RootCuts,FPP-SAA-fpp_base,0,0,-293.856462,0.02421619874,4.08e-06,0,0
CVaR,0.01,100,case01,FPP-SAA-fpp_base,FPP-Branch-Benders-CVaR-ProjectedCoverageLLBI-poly-RootCuts,FPP-SAA-CVaR,FPP-Branch-Benders-ProjectedCoverageLLBI-poly-RootCuts,FPP-SAA-fpp_base,0,0,-294.3996067,0.02241262523,-2.219e-05,0,0
CVaR,0.01,100,case01,FPP-SAA-fpp_base,FPP-Branch-Benders-CVaR-ProjectedPathLLBI-exp-RootCuts,FPP-SAA-CVaR,FPP-Branch-Benders-ProjectedPathLLBI-exp-RootCuts,FPP-SAA-fpp_base,0,0,-292.8187442,0.02766205888,-8.34e-06,0,0
CVaR,0.01,100,case01,FPP-SAA-fpp_base,FPP-Branch-Benders-CVaR-ProjectedPathLLBI-poly-RootCuts,FPP-SAA-CVaR,FPP-Branch-Benders-ProjectedPathLLBI-poly-RootCuts,FPP-SAA-fpp_base,0,0,-293.6864666,0.02478068784,-4.166e-05,0,0
CVaR,0.01,100,case01,FPP-SAA-fpp_base,FPP-Branch-Benders-CVaR-RootCuts,FPP-SAA-CVaR,FPP-Branch-Benders-RootCuts,FPP-SAA-fpp_base,0,0,-286.2219672,0.0495674069,-3.597e-05,0,0
CVaR,0.01,100,case01,FPP-SAA-fpp_base,FPP-Branch-Benders-Combinatorial-CVaR,FPP-SAA-CVaR,FPP-Branch-Benders-Combinatorial,FPP-SAA-fpp_base,0,0,-132.6937734,0.5593752346,-1.303e-05,0,0
Expected,0.01,100,case01,FPP-SAA-fpp_base,FPP-Branch-Benders-LLBI-RootCuts,FPP-SAA,FPP-Branch-Benders-LLBI-RootCuts,FPP-SAA-fpp_base,0,0,1.03605993,1.455399104,0,0,0
Expected,0.01,100,case01,FPP-SAA-fpp_base,FPP-Branch-Benders-ProjectedCoverageLLBI-exp-RootCuts,FPP-SAA,FPP-Branch-Benders-ProjectedCoverageLLBI-exp-RootCuts,FPP-SAA-fpp_base,0,0,1.06394578,1.467656301,0.00032842,0,0
Expected,0.01,100,case01,FPP-SAA-fpp_base,FPP-Branch-Benders-ProjectedCoverageLLBI-poly-RootCuts,FPP-SAA,FPP-Branch-Benders-ProjectedCoverageLLBI-poly-RootCuts,FPP-SAA-fpp_base,0,0,0.38572117,1.169543354,0,0,0
Expected,0.01,100,case01,FPP-SAA-fpp_base,FPP-Branch-Benders-ProjectedPathLLBI-exp-RootCuts,FPP-SAA,FPP-Branch-Benders-ProjectedPathLLBI-exp-RootCuts,FPP-SAA-fpp_base,0,0,-0.99140902,0.5642271589,0.00067288,0,0
Expected,0.01,100,case01,FPP-SAA-fpp_base,FPP-Branch-Benders-ProjectedPathLLBI-poly-RootCuts,FPP-SAA,FPP-Branch-Benders-ProjectedPathLLBI-poly-RootCuts,FPP-SAA-fpp_base,0,0,0.24455992,1.107496068,0.00023093,0,0
Expected,0.01,100,case01,FPP-SAA-fpp_base,FPP-Branch-Benders-RootCuts,FPP-SAA,FPP-Branch-Benders-RootCuts,FPP-SAA-fpp_base,0,0,4.85385701,3.133507984,5.176e-05,0,0
Expected,0.01,100,case01,FPP-SAA-fpp_base,FPP-Branch-Benders-Combinatorial,FPP-SAA,FPP-Branch-Benders-Combinatorial,FPP-SAA-fpp_base,0,0,5.44558014,3.393599293,0.00082816,0,0
MeanCVaR,0.01,100,case01,FPP-SAA-fpp_base,FPP-Branch-Benders-MeanCVaR-LLBI-RootCuts,FPP-SAA-MeanCVaR,FPP-Branch-Benders-LLBI-RootCuts,FPP-SAA-fpp_base,0,0,-68.94024188,0.06201591914,-4.703e-05,0,0
MeanCVaR,0.01,100,case01,FPP-SAA-fpp_base,FPP-Branch-Benders-MeanCVaR-ProjectedCoverageLLBI-exp-RootCuts,FPP-SAA-MeanCVaR,FPP-Branch-Benders-ProjectedCoverageLLBI-exp-RootCuts,FPP-SAA-fpp_base,0,0,-66.99314401,0.08850765685,-1.089e-05,0,0
MeanCVaR,0.01,100,case01,FPP-SAA-fpp_base,FPP-Branch-Benders-MeanCVaR-ProjectedCoverageLLBI-poly-RootCuts,FPP-SAA-MeanCVaR,FPP-Branch-Benders-ProjectedCoverageLLBI-poly-RootCuts,FPP-SAA-fpp_base,0,0,-68.75338645,0.06455822845,-4.703e-05,0,0
MeanCVaR,0.01,100,case01,FPP-SAA-fpp_base,FPP-Branch-Benders-MeanCVaR-ProjectedPathLLBI-exp-RootCuts,FPP-SAA-MeanCVaR,FPP-Branch-Benders-ProjectedPathLLBI-exp-RootCuts,FPP-SAA-fpp_base,0,0,-68.61618556,0.06642495022,1.882e-05,0,0
MeanCVaR,0.01,100,case01,FPP-SAA-fpp_base,FPP-Branch-Benders-MeanCVaR-ProjectedPathLLBI-poly-RootCuts,FPP-SAA-MeanCVaR,FPP-Branch-Benders-ProjectedPathLLBI-poly-RootCuts,FPP-SAA-fpp_base,0,0,-69.01744108,0.06096556569,3.867e-05,0,0
MeanCVaR,0.01,100,case01,FPP-SAA-fpp_base,FPP-Branch-Benders-MeanCVaR-RootCuts,FPP-SAA-MeanCVaR,FPP-Branch-Benders-RootCuts,FPP-SAA-fpp_base,0,0,-65.10111515,0.1142501391,3.372e-05,0,0
MeanCVaR,0.01,100,case01,FPP-SAA-fpp_base,FPP-Branch-Benders-Combinatorial-MeanCVaR,FPP-SAA-MeanCVaR,FPP-Branch-Benders-Combinatorial,FPP-SAA-fpp_base,0,0,16.78950998,1.228433969,-1.257e-05,0,0
CVaR,0.01,100,case02,FPP-SAA-fpp_base,FPP-Branch-Benders-CVaR-LLBI-RootCuts,FPP-SAA-CVaR,FPP-Branch-Benders-LLBI-RootCuts,FPP-SAA-fpp_base,0,0,-328.4030529,0.02621524025,7.434e-05,0,0
CVaR,0.01,100,case02,FPP-SAA-fpp_base,FPP-Branch-Benders-CVaR-ProjectedCoverageLLBI-exp-RootCuts,FPP-SAA-CVaR,FPP-Branch-Benders-ProjectedCoverageLLBI-exp-RootCuts,FPP-SAA-fpp_base,0,0,-328.8397364,0.02492038104,8.017e-05,0,0
CVaR,0.01,100,case02,FPP-SAA-fpp_base,FPP-Branch-Benders-CVaR-ProjectedCoverageLLBI-poly-RootCuts,FPP-SAA-CVaR,FPP-Branch-Benders-ProjectedCoverageLLBI-poly-RootCuts,FPP-SAA-fpp_base,0,0,-327.1997215,0.02978337351,7.434e-05,0,0
CVaR,0.01,100,case02,FPP-SAA-fpp_base,FPP-Branch-Benders-CVaR-ProjectedPathLLBI-exp-RootCuts,FPP-SAA-CVaR,FPP-Branch-Benders-ProjectedPathLLBI-exp-RootCuts,FPP-SAA-fpp_base,0,0,-331.4817928,0.01708612297,8.398e-05,0,0
CVaR,0.01,100,case02,FPP-SAA-fpp_base,FPP-Branch-Benders-CVaR-ProjectedPathLLBI-poly-RootCuts,FPP-SAA-CVaR,FPP-Branch-Benders-ProjectedPathLLBI-poly-RootCuts,FPP-SAA-fpp_base,0,0,-330.6935597,0.01942340152,6.692e-05,0,0
CVaR,0.01,100,case02,FPP-SAA-fpp_base,FPP-Branch-Benders-CVaR-RootCuts,FPP-SAA-CVaR,FPP-Branch-Benders-RootCuts,FPP-SAA-fpp_base,0,0,-316.3113545,0.06206969277,8.909e-05,0,0
CVaR,0.01,100,case02,FPP-SAA-fpp_base,FPP-Branch-Benders-Combinatorial-CVaR,FPP-SAA-CVaR,FPP-Branch-Benders-Combinatorial,FPP-SAA-fpp_base,0,0,-184.7570702,0.4521560698,9.691e-05,0,0
Expected,0.01,100,case02,FPP-SAA-fpp_base,FPP-Branch-Benders-LLBI-RootCuts,FPP-SAA,FPP-Branch-Benders-LLBI-RootCuts,FPP-SAA-fpp_base,0,0,0.70881655,1.256202121,0.00097519,0,0
Expected,0.01,100,case02,FPP-SAA-fpp_base,FPP-Branch-Benders-ProjectedCoverageLLBI-exp-RootCuts,FPP-SAA,FPP-Branch-Benders-ProjectedCoverageLLBI-exp-RootCuts,FPP-SAA-fpp_base,0,0,1.05554091,1.381525826,0,0,0
Expected,0.01,100,case02,FPP-SAA-fpp_base,FPP-Branch-Benders-ProjectedCoverageLLBI-poly-RootCuts,FPP-SAA,FPP-Branch-Benders-ProjectedCoverageLLBI-poly-RootCuts,FPP-SAA-fpp_base,0,0,1.38399971,1.500247435,0.00097519,0,0
Expected,0.01,100,case02,FPP-SAA-fpp_base,FPP-Branch-Benders-ProjectedPathLLBI-exp-RootCuts,FPP-SAA,FPP-Branch-Benders-ProjectedPathLLBI-exp-RootCuts,FPP-SAA-fpp_base,0,0,-0.59658284,0.7843648138,0,0,0
Expected,0.01,100,case02,FPP-SAA-fpp_base,FPP-Branch-Benders-ProjectedPathLLBI-poly-RootCuts,FPP-SAA,FPP-Branch-Benders-ProjectedPathLLBI-poly-RootCuts,FPP-SAA-fpp_base,0,0,-0.04241596,0.9846687286,0,0,0
Expected,0.01,100,case02,FPP-SAA-fpp_base,FPP-Branch-Benders-RootCuts,FPP-SAA,FPP-Branch-Benders-RootCuts,FPP-SAA-fpp_base,0,0,5.20551664,2.881536771,0.00082017,0,0
Expected,0.01,100,case02,FPP-SAA-fpp_base,FPP-Branch-Benders-Combinatorial,FPP-SAA,FPP-Branch-Benders-Combinatorial,FPP-SAA-fpp_base,0,0,2.33633831,1.84447073,0.00018212,0,0
MeanCVaR,0.01,100,case02,FPP-SAA-fpp_base,FPP-Branch-Benders-MeanCVaR-LLBI-RootCuts,FPP-SAA-MeanCVaR,FPP-Branch-Benders-LLBI-RootCuts,FPP-SAA-fpp_base,0,0,-199.6158769,0.02894361815,1.085e-05,0,0
MeanCVaR,0.01,100,case02,FPP-SAA-fpp_base,FPP-Branch-Benders-MeanCVaR-ProjectedCoverageLLBI-exp-RootCuts,FPP-SAA-MeanCVaR,FPP-Branch-Benders-ProjectedCoverageLLBI-exp-RootCuts,FPP-SAA-fpp_base,0,0,-197.8318775,0.03762210659,8.121e-05,0,0
MeanCVaR,0.01,100,case02,FPP-SAA-fpp_base,FPP-Branch-Benders-MeanCVaR-ProjectedCoverageLLBI-poly-RootCuts,FPP-SAA-MeanCVaR,FPP-Branch-Benders-ProjectedCoverageLLBI-poly-RootCuts,FPP-SAA-fpp_base,0,0,-199.8977967,0.02757218425,1.085e-05,0,0
MeanCVaR,0.01,100,case02,FPP-SAA-fpp_base,FPP-Branch-Benders-MeanCVaR-ProjectedPathLLBI-exp-RootCuts,FPP-SAA-MeanCVaR,FPP-Branch-Benders-ProjectedPathLLBI-exp-RootCuts,FPP-SAA-fpp_base,0,0,-200.862709,0.02287824796,0.00010603,0,0
MeanCVaR,0.01,100,case02,FPP-SAA-fpp_base,FPP-Branch-Benders-MeanCVaR-ProjectedPathLLBI-poly-RootCuts,FPP-SAA-MeanCVaR,FPP-Branch-Benders-ProjectedPathLLBI-poly-RootCuts,FPP-SAA-fpp_base,0,0,-190.7271546,0.07218391901,0.00015669,0,0
MeanCVaR,0.01,100,case02,FPP-SAA-fpp_base,FPP-Branch-Benders-MeanCVaR-RootCuts,FPP-SAA-MeanCVaR,FPP-Branch-Benders-RootCuts,FPP-SAA-fpp_base,0,0,-201.4185257,0.02017440786,0.00015481,0,0
MeanCVaR,0.01,100,case02,FPP-SAA-fpp_base,FPP-Branch-Benders-Combinatorial-MeanCVaR,FPP-SAA-MeanCVaR,FPP-Branch-Benders-Combinatorial,FPP-SAA-fpp_base,0,0,-126.9409123,0.3824800665,-0.00084093,0,0
CVaR,0.01,100,case03,FPP-SAA-fpp_base,FPP-Branch-Benders-CVaR-LLBI-RootCuts,FPP-SAA-CVaR,FPP-Branch-Benders-LLBI-RootCuts,FPP-SAA-fpp_base,0,0,-199.1014885,0.06648229623,2.17e-06,0,0
CVaR,0.01,100,case03,FPP-SAA-fpp_base,FPP-Branch-Benders-CVaR-ProjectedCoverageLLBI-exp-RootCuts,FPP-SAA-CVaR,FPP-Branch-Benders-ProjectedCoverageLLBI-exp-RootCuts,FPP-SAA-fpp_base,0,0,-204.0586951,0.04323967691,-7.343e-05,0,0
CVaR,0.01,100,case03,FPP-SAA-fpp_base,FPP-Branch-Benders-CVaR-ProjectedCoverageLLBI-poly-RootCuts,FPP-SAA-CVaR,FPP-Branch-Benders-ProjectedCoverageLLBI-poly-RootCuts,FPP-SAA-fpp_base,0,0,-193.8055757,0.09131299134,2.17e-06,0,0
CVaR,0.01,100,case03,FPP-SAA-fpp_base,FPP-Branch-Benders-CVaR-ProjectedPathLLBI-exp-RootCuts,FPP-SAA-CVaR,FPP-Branch-Benders-ProjectedPathLLBI-exp-RootCuts,FPP-SAA-fpp_base,0,0,-207.1082685,0.02894128655,6.74e-06,0,0
CVaR,0.01,100,case03,FPP-SAA-fpp_base,FPP-Branch-Benders-CVaR-ProjectedPathLLBI-poly-RootCuts,FPP-SAA-CVaR,FPP-Branch-Benders-ProjectedPathLLBI-poly-RootCuts,FPP-SAA-fpp_base,0,0,-205.499164,0.03648581872,-1.54e-06,0,0
CVaR,0.01,100,case03,FPP-SAA-fpp_base,FPP-Branch-Benders-CVaR-RootCuts,FPP-SAA-CVaR,FPP-Branch-Benders-RootCuts,FPP-SAA-fpp_base,0,0,-197.7158405,0.07297911846,-2.64e-06,0,0
CVaR,0.01,100,case03,FPP-SAA-fpp_base,FPP-Branch-Benders-Combinatorial-CVaR,FPP-SAA-CVaR,FPP-Branch-Benders-Combinatorial,FPP-SAA-fpp_base,0,0,-29.10819949,0.863521766,-6.307e-05,0,0
Expected,0.01,100,case03,FPP-SAA-fpp_base,FPP-Branch-Benders-LLBI-RootCuts,FPP-SAA,FPP-Branch-Benders-LLBI-RootCuts,FPP-SAA-fpp_base,0,0,0.32318201,1.102559827,0.00056419,0,0
Expected,0.01,100,case03,FPP-SAA-fpp_base,FPP-Branch-Benders-ProjectedCoverageLLBI-exp-RootCuts,FPP-SAA,FPP-Branch-Benders-ProjectedCoverageLLBI-exp-RootCuts,FPP-SAA-fpp_base,0,0,0.4764352,1.151193787,-0.00020298,0,0
Expected,0.01,100,case03,FPP-SAA-fpp_base,FPP-Branch-Benders-ProjectedCoverageLLBI-poly-RootCuts,FPP-SAA,FPP-Branch-Benders-ProjectedCoverageLLBI-poly-RootCuts,FPP-SAA-fpp_base,0,0,0.95776469,1.303940746,0.00056419,0,0
Expected,0.01,100,case03,FPP-SAA-fpp_base,FPP-Branch-Benders-ProjectedPathLLBI-exp-RootCuts,FPP-SAA,FPP-Branch-Benders-ProjectedPathLLBI-exp-RootCuts,FPP-SAA-fpp_base,0,0,-0.4826616,0.8468303037,-0.00020298,0,0
Expected,0.01,100,case03,FPP-SAA-fpp_base,FPP-Branch-Benders-ProjectedPathLLBI-poly-RootCuts,FPP-SAA,FPP-Branch-Benders-ProjectedPathLLBI-poly-RootCuts,FPP-SAA-fpp_base,0,0,0.60817676,1.193001162,-0.00020298,0,0
Expected,0.01,100,case03,FPP-SAA-fpp_base,FPP-Branch-Benders-RootCuts,FPP-SAA,FPP-Branch-Benders-RootCuts,FPP-SAA-fpp_base,0,0,4.29060338,2.361596648,-0.00020298,0,0
Expected,0.01,100,case03,FPP-SAA-fpp_base,FPP-Branch-Benders-Combinatorial,FPP-SAA,FPP-Branch-Benders-Combinatorial,FPP-SAA-fpp_base,0,0,4.14148406,2.314274547,-0.00020298,0,0
MeanCVaR,0.01,100,case03,FPP-SAA-fpp_base,FPP-Branch-Benders-MeanCVaR-LLBI-RootCuts,FPP-SAA-MeanCVaR,FPP-Branch-Benders-LLBI-RootCuts,FPP-SAA-fpp_base,0,0,-180.9287096,0.03751980723,0.00015644,0,0
MeanCVaR,0.01,100,case03,FPP-SAA-fpp_base,FPP-Branch-Benders-MeanCVaR-ProjectedCoverageLLBI-exp-RootCuts,FPP-SAA-MeanCVaR,FPP-Branch-Benders-ProjectedCoverageLLBI-exp-RootCuts,FPP-SAA-fpp_base,0,0,-179.6454443,0.04434634938,0.00016794,0,0
MeanCVaR,0.01,100,case03,FPP-SAA-fpp_base,FPP-Branch-Benders-MeanCVaR-ProjectedCoverageLLBI-poly-RootCuts,FPP-SAA-MeanCVaR,FPP-Branch-Benders-ProjectedCoverageLLBI-poly-RootCuts,FPP-SAA-fpp_base,0,0,-180.997445,0.03715415806,0.00015644,0,0
MeanCVaR,0.01,100,case03,FPP-SAA-fpp_base,FPP-Branch-Benders-MeanCVaR-ProjectedPathLLBI-exp-RootCuts,FPP-SAA-MeanCVaR,FPP-Branch-Benders-ProjectedPathLLBI-exp-RootCuts,FPP-SAA-fpp_base,0,0,-181.0649096,0.03679526886,0.00011555,0,0
MeanCVaR,0.01,100,case03,FPP-SAA-fpp_base,FPP-Branch-Benders-MeanCVaR-ProjectedPathLLBI-poly-RootCuts,FPP-SAA-MeanCVaR,FPP-Branch-Benders-ProjectedPathLLBI-poly-RootCuts,FPP-SAA-fpp_base,0,0,-183.606377,0.02327551282,9.886e-05,0,0
MeanCVaR,0.01,100,case03,FPP-SAA-fpp_base,FPP-Branch-Benders-MeanCVaR-RootCuts,FPP-SAA-MeanCVaR,FPP-Branch-Benders-RootCuts,FPP-SAA-fpp_base,0,0,-181.8382232,0.03268149959,0.00013902,0,0
MeanCVaR,0.01,100,case03,FPP-SAA-fpp_base,FPP-Branch-Benders-Combinatorial-MeanCVaR,FPP-SAA-MeanCVaR,FPP-Branch-Benders-Combinatorial,FPP-SAA-fpp_base,0,0,-118.1109757,0.3716891319,-0.00029283,0,0
CVaR,0.01,100,case04,FPP-SAA-fpp_base,FPP-Branch-Benders-CVaR-LLBI-RootCuts,FPP-SAA-CVaR,FPP-Branch-Benders-LLBI-RootCuts,FPP-SAA-fpp_base,0,0,-169.1127375,0.08341693119,0.00012678,0,0
CVaR,0.01,100,case04,FPP-SAA-fpp_base,FPP-Branch-Benders-CVaR-ProjectedCoverageLLBI-exp-RootCuts,FPP-SAA-CVaR,FPP-Branch-Benders-ProjectedCoverageLLBI-exp-RootCuts,FPP-SAA-fpp_base,0,0,-163.081503,0.1161059378,8.961e-05,0,0
CVaR,0.01,100,case04,FPP-SAA-fpp_base,FPP-Branch-Benders-CVaR-ProjectedCoverageLLBI-poly-RootCuts,FPP-SAA-CVaR,FPP-Branch-Benders-ProjectedCoverageLLBI-poly-RootCuts,FPP-SAA-fpp_base,0,0,-175.3869971,0.04941073947,0.00012678,0,0
CVaR,0.01,100,case04,FPP-SAA-fpp_base,FPP-Branch-Benders-CVaR-ProjectedPathLLBI-exp-RootCuts,FPP-SAA-CVaR,FPP-Branch-Benders-ProjectedPathLLBI-exp-RootCuts,FPP-SAA-fpp_base,0,0,-177.0669411,0.04030552264,9.854e-05,0,0
CVaR,0.01,100,case04,FPP-SAA-fpp_base,FPP-Branch-Benders-CVaR-ProjectedPathLLBI-poly-RootCuts,FPP-SAA-CVaR,FPP-Branch-Benders-ProjectedPathLLBI-poly-RootCuts,FPP-SAA-fpp_base,0,0,-172.6291338,0.06435822893,3.439e-05,0,0
CVaR,0.01,100,case04,FPP-SAA-fpp_base,FPP-Branch-Benders-CVaR-RootCuts,FPP-SAA-CVaR,FPP-Branch-Benders-RootCuts,FPP-SAA-fpp_base,0,0,-169.2777137,0.08252276775,8.994e-05,0,0
CVaR,0.01,100,case04,FPP-SAA-fpp_base,FPP-Branch-Benders-Combinatorial-CVaR,FPP-SAA-CVaR,FPP-Branch-Benders-Combinatorial,FPP-SAA-fpp_base,0,0,-32.13032261,0.8258551654,-1.334e-05,0,0
Expected,0.01,100,case04,FPP-SAA-fpp_base,FPP-Branch-Benders-LLBI-RootCuts,FPP-SAA,FPP-Branch-Benders-LLBI-RootCuts,FPP-SAA-fpp_base,0,0,3.73183324,4.60030308,0.00050384,0,0
Expected,0.01,100,case04,FPP-SAA-fpp_base,FPP-Branch-Benders-ProjectedCoverageLLBI-exp-RootCuts,FPP-SAA,FPP-Branch-Benders-ProjectedCoverageLLBI-exp-RootCuts,FPP-SAA-fpp_base,0,0,2.23185773,3.153194889,0,0,0
Expected,0.01,100,case04,FPP-SAA-fpp_base,FPP-Branch-Benders-ProjectedCoverageLLBI-poly-RootCuts,FPP-SAA,FPP-Branch-Benders-ProjectedCoverageLLBI-poly-RootCuts,FPP-SAA-fpp_base,0,0,1.18431748,2.142575672,0.00050384,0,0
Expected,0.01,100,case04,FPP-SAA-fpp_base,FPP-Branch-Benders-ProjectedPathLLBI-exp-RootCuts,FPP-SAA,FPP-Branch-Benders-ProjectedPathLLBI-exp-RootCuts,FPP-SAA-fpp_base,0,0,1.14837749,2.107902403,0,0,0
Expected,0.01,100,case04,FPP-SAA-fpp_base,FPP-Branch-Benders-ProjectedPathLLBI-poly-RootCuts,FPP-SAA,FPP-Branch-Benders-ProjectedPathLLBI-poly-RootCuts,FPP-SAA-fpp_base,0,0,1.69794443,2.638099606,0.00057419,0,0
Expected,0.01,100,case04,FPP-SAA-fpp_base,FPP-Branch-Benders-RootCuts,FPP-SAA,FPP-Branch-Benders-RootCuts,FPP-SAA-fpp_base,0,0,2.78976306,3.691436592,0.00095137,0,0
Expected,0.01,100,case04,FPP-SAA-fpp_base,FPP-Branch-Benders-Combinatorial,FPP-SAA,FPP-Branch-Benders-Combinatorial,FPP-SAA-fpp_base,0,0,5.89695704,6.689116106,0.00069482,0,0
MeanCVaR,0.01,100,case04,FPP-SAA-fpp_base,FPP-Branch-Benders-MeanCVaR-LLBI-RootCuts,FPP-SAA-MeanCVaR,FPP-Branch-Benders-LLBI-RootCuts,FPP-SAA-fpp_base,0,0,-122.9982494,0.04491679258,-9.091e-05,0,0
MeanCVaR,0.01,100,case04,FPP-SAA-fpp_base,FPP-Branch-Benders-MeanCVaR-ProjectedCoverageLLBI-exp-RootCuts,FPP-SAA-MeanCVaR,FPP-Branch-Benders-ProjectedCoverageLLBI-exp-RootCuts,FPP-SAA-fpp_base,0,0,-118.1702423,0.0824063381,0.00022556,0,0
MeanCVaR,0.01,100,case04,FPP-SAA-fpp_base,FPP-Branch-Benders-MeanCVaR-ProjectedCoverageLLBI-poly-RootCuts,FPP-SAA-MeanCVaR,FPP-Branch-Benders-ProjectedCoverageLLBI-poly-RootCuts,FPP-SAA-fpp_base,0,0,-124.0905762,0.03643485899,-9.091e-05,0,0
MeanCVaR,0.01,100,case04,FPP-SAA-fpp_base,FPP-Branch-Benders-MeanCVaR-ProjectedPathLLBI-exp-RootCuts,FPP-SAA-MeanCVaR,FPP-Branch-Benders-ProjectedPathLLBI-exp-RootCuts,FPP-SAA-fpp_base,0,0,-123.5397042,0.04071238798,3.615e-05,0,0
MeanCVaR,0.01,100,case04,FPP-SAA-fpp_base,FPP-Branch-Benders-MeanCVaR-ProjectedPathLLBI-poly-RootCuts,FPP-SAA-MeanCVaR,FPP-Branch-Benders-ProjectedPathLLBI-poly-RootCuts,FPP-SAA-fpp_base,0,0,-122.2454281,0.05076246092,-2.749e-05,0,0
MeanCVaR,0.01,100,case04,FPP-SAA-fpp_base,FPP-Branch-Benders-MeanCVaR-RootCuts,FPP-SAA-MeanCVaR,FPP-Branch-Benders-RootCuts,FPP-SAA-fpp_base,0,0,-119.6714822,0.07074918837,5.847e-05,0,0
MeanCVaR,0.01,100,case04,FPP-SAA-fpp_base,FPP-Branch-Benders-Combinatorial-MeanCVaR,FPP-SAA-MeanCVaR,FPP-Branch-Benders-Combinatorial,FPP-SAA-fpp_base,0,0,-42.18732281,0.6724148206,-0.00024443,0,0
CVaR,0.02,100,case00,FPP-SAA-fpp_base,FPP-Branch-Benders-CVaR-LLBI-RootCuts,FPP-SAA-CVaR,FPP-Branch-Benders-LLBI-RootCuts,FPP-SAA-fpp_base,0,0,-1248.541605,0.3063723086,-0.03912649,0,0
CVaR,0.02,100,case00,FPP-SAA-fpp_base,FPP-Branch-Benders-CVaR-ProjectedCoverageLLBI-exp-RootCuts,FPP-SAA-CVaR,FPP-Branch-Benders-ProjectedCoverageLLBI-exp-RootCuts,FPP-SAA-fpp_base,0,0,-1538.136297,0.1454878843,-0.03913181,0,0
CVaR,0.02,100,case00,FPP-SAA-fpp_base,FPP-Branch-Benders-CVaR-ProjectedCoverageLLBI-poly-RootCuts,FPP-SAA-CVaR,FPP-Branch-Benders-ProjectedCoverageLLBI-poly-RootCuts,FPP-SAA-fpp_base,0,0,-1119.565114,0.3780252401,-0.03912649,0,0
CVaR,0.02,100,case00,FPP-SAA-fpp_base,FPP-Branch-Benders-CVaR-ProjectedPathLLBI-exp-RootCuts,FPP-SAA-CVaR,FPP-Branch-Benders-ProjectedPathLLBI-exp-RootCuts,FPP-SAA-fpp_base,0,0,-1641.272311,0.08819063828,-0.03912713,0,0
CVaR,0.02,100,case00,FPP-SAA-fpp_base,FPP-Branch-Benders-CVaR-ProjectedPathLLBI-poly-RootCuts,FPP-SAA-CVaR,FPP-Branch-Benders-ProjectedPathLLBI-poly-RootCuts,FPP-SAA-fpp_base,0,0,-855.8827009,0.5245140894,-0.03912626,0,0
CVaR,0.02,100,case00,FPP-SAA-fpp_base,FPP-Branch-Benders-CVaR-RootCuts,FPP-SAA-CVaR,FPP-Branch-Benders-RootCuts,FPP-SAA-fpp_base,0,0,-793.0656372,0.5594121295,-0.03912586,0,0
CVaR,0.02,100,case00,FPP-SAA-fpp_base,FPP-Branch-Benders-Combinatorial-CVaR,FPP-SAA-CVaR,FPP-Branch-Benders-Combinatorial,FPP-SAA-fpp_base,0,0,4.72286733,1.00262379,0.035871,0,0
Expected,0.02,100,case00,FPP-SAA-fpp_base,FPP-Branch-Benders-LLBI-RootCuts,FPP-SAA,FPP-Branch-Benders-LLBI-RootCuts,FPP-SAA-fpp_base,0,0,6.86651375,1.94245701,0.00098537,0,0
Expected,0.02,100,case00,FPP-SAA-fpp_base,FPP-Branch-Benders-ProjectedCoverageLLBI-exp-RootCuts,FPP-SAA,FPP-Branch-Benders-ProjectedCoverageLLBI-exp-RootCuts,FPP-SAA-fpp_base,0,0,-1.18712171,0.8370627048,0.00090262,0,0
Expected,0.02,100,case00,FPP-SAA-fpp_base,FPP-Branch-Benders-ProjectedCoverageLLBI-poly-RootCuts,FPP-SAA,FPP-Branch-Benders-ProjectedCoverageLLBI-poly-RootCuts,FPP-SAA-fpp_base,0,0,7.26424425,1.997047143,0.00098537,0,0
Expected,0.02,100,case00,FPP-SAA-fpp_base,FPP-Branch-Benders-ProjectedPathLLBI-exp-RootCuts,FPP-SAA,FPP-Branch-Benders-ProjectedPathLLBI-exp-RootCuts,FPP-SAA-fpp_base,0,0,-3.86915902,0.468942148,0.00065679,0,0
Expected,0.02,100,case00,FPP-SAA-fpp_base,FPP-Branch-Benders-ProjectedPathLLBI-poly-RootCuts,FPP-SAA,FPP-Branch-Benders-ProjectedPathLLBI-poly-RootCuts,FPP-SAA-fpp_base,0,0,6.88843063,1.945465192,0.00099205,0,0
Expected,0.02,100,case00,FPP-SAA-fpp_base,FPP-Branch-Benders-RootCuts,FPP-SAA,FPP-Branch-Benders-RootCuts,FPP-SAA-fpp_base,0,0,19.37990657,3.659971198,0.00099366,0,0
Expected,0.02,100,case00,FPP-SAA-fpp_base,FPP-Branch-Benders-Combinatorial,FPP-SAA,FPP-Branch-Benders-Combinatorial,FPP-SAA-fpp_base,0,0,38.76725526,6.320963858,0.00038088,0,0
MeanCVaR,0.02,100,case00,FPP-SAA-fpp_base,FPP-Branch-Benders-MeanCVaR-LLBI-RootCuts,FPP-SAA-MeanCVaR,FPP-Branch-Benders-LLBI-RootCuts,FPP-SAA-fpp_base,0,0,-1506.705102,0.1629500335,-0.0150371,0,0
MeanCVaR,0.02,100,case00,FPP-SAA-fpp_base,FPP-Branch-Benders-MeanCVaR-ProjectedCoverageLLBI-exp-RootCuts,FPP-SAA-MeanCVaR,FPP-Branch-Benders-ProjectedCoverageLLBI-exp-RootCuts,FPP-SAA-fpp_base,0,0,-1709.558887,0.05025462059,-0.01503695,0,0
MeanCVaR,0.02,100,case00,FPP-SAA-fpp_base,FPP-Branch-Benders-MeanCVaR-ProjectedCoverageLLBI-poly-RootCuts,FPP-SAA-MeanCVaR,FPP-Branch-Benders-ProjectedCoverageLLBI-poly-RootCuts,FPP-SAA-fpp_base,0,0,-1529.720765,0.1501636828,-0.0150371,0,0
MeanCVaR,0.02,100,case00,FPP-SAA-fpp_base,FPP-Branch-Benders-MeanCVaR-ProjectedPathLLBI-exp-RootCuts,FPP-SAA-MeanCVaR,FPP-Branch-Benders-ProjectedPathLLBI-exp-RootCuts,FPP-SAA-fpp_base,0,0,-1720.159052,0.04436569945,-0.01504281,0,0
MeanCVaR,0.02,100,case00,FPP-SAA-fpp_base,FPP-Branch-Benders-MeanCVaR-ProjectedPathLLBI-poly-RootCuts,FPP-SAA-MeanCVaR,FPP-Branch-Benders-ProjectedPathLLBI-poly-RootCuts,FPP-SAA-fpp_base,0,0,-1577.531475,0.1236024446,-0.01503642,0,0
MeanCVaR,0.02,100,case00,FPP-SAA-fpp_base,FPP-Branch-Benders-MeanCVaR-RootCuts,FPP-SAA-MeanCVaR,FPP-Branch-Benders-RootCuts,FPP-SAA-fpp_base,0,0,-1465.346127,0.1859270107,-0.01503715,0,0
MeanCVaR,0.02,100,case00,FPP-SAA-fpp_base,FPP-Branch-Benders-Combinatorial-MeanCVaR,FPP-SAA-MeanCVaR,FPP-Branch-Benders-Combinatorial,FPP-SAA-fpp_base,0,0,11.28337851,1.006268481,0.02527912,0,0
CVaR,0.02,100,case01,FPP-SAA-fpp_base,FPP-Branch-Benders-CVaR-LLBI-RootCuts,FPP-SAA-CVaR,FPP-Branch-Benders-LLBI-RootCuts,FPP-SAA-fpp_base,-4.2,-2.457577531,0.83051579,1.000461387,-0.05425773,0.745,9.1
CVaR,0.02,100,case01,FPP-SAA-fpp_base,FPP-Branch-Benders-CVaR-ProjectedCoverageLLBI-exp-RootCuts,FPP-SAA-CVaR,FPP-Branch-Benders-ProjectedCoverageLLBI-exp-RootCuts,FPP-SAA-fpp_base,-4.2,-2.457577531,-744.5158986,0.58638942,-0.10192799,0.745,9.1
CVaR,0.02,100,case01,FPP-SAA-fpp_base,FPP-Branch-Benders-CVaR-ProjectedCoverageLLBI-poly-RootCuts,FPP-SAA-CVaR,FPP-Branch-Benders-ProjectedCoverageLLBI-poly-RootCuts,FPP-SAA-fpp_base,-4.2,-2.457577531,1.35209917,1.000751149,-0.05983104,0.745,9.1
CVaR,0.02,100,case01,FPP-SAA-fpp_base,FPP-Branch-Benders-CVaR-ProjectedPathLLBI-exp-RootCuts,FPP-SAA-CVaR,FPP-Branch-Benders-ProjectedPathLLBI-exp-RootCuts,FPP-SAA-fpp_base,-4.2,-2.457577531,-1088.369013,0.3953642368,-0.10192939,0.745,9.1
CVaR,0.02,100,case01,FPP-SAA-fpp_base,FPP-Branch-Benders-CVaR-ProjectedPathLLBI-poly-RootCuts,FPP-SAA-CVaR,FPP-Branch-Benders-ProjectedPathLLBI-poly-RootCuts,FPP-SAA-fpp_base,-4.2,-2.457577531,0.52890424,1.000293829,-0.09371813,0.745,9.1
CVaR,0.02,100,case01,FPP-SAA-fpp_base,FPP-Branch-Benders-CVaR-RootCuts,FPP-SAA-CVaR,FPP-Branch-Benders-RootCuts,FPP-SAA-fpp_base,-4.2,-2.457577531,0.48117918,1.000267316,-0.09036007,0.745,9.1
CVaR,0.02,100,case01,FPP-SAA-fpp_base,FPP-Branch-Benders-Combinatorial-CVaR,FPP-SAA-CVaR,FPP-Branch-Benders-Combinatorial,FPP-SAA-fpp_base,-3.2,-1.872440023,4.27007408,1.00237221,-0.02930095,2.51,17.05
Expected,0.02,100,case01,FPP-SAA-fpp_base,FPP-Branch-Benders-LLBI-RootCuts,FPP-SAA,FPP-Branch-Benders-LLBI-RootCuts,FPP-SAA-fpp_base,0,0,115.5113434,8.496707801,2.66e-05,0,0
Expected,0.02,100,case01,FPP-SAA-fpp_base,FPP-Branch-Benders-ProjectedCoverageLLBI-exp-RootCuts,FPP-SAA,FPP-Branch-Benders-ProjectedCoverageLLBI-exp-RootCuts,FPP-SAA-fpp_base,0,0,-7.13654689,0.5368367715,8.92e-06,0,0
Expected,0.02,100,case01,FPP-SAA-fpp_base,FPP-Branch-Benders-ProjectedCoverageLLBI-poly-RootCuts,FPP-SAA,FPP-Branch-Benders-ProjectedCoverageLLBI-poly-RootCuts,FPP-SAA-fpp_base,0,0,32.60901622,3.116331254,2.66e-05,0,0
Expected,0.02,100,case01,FPP-SAA-fpp_base,FPP-Branch-Benders-ProjectedPathLLBI-exp-RootCuts,FPP-SAA,FPP-Branch-Benders-ProjectedPathLLBI-exp-RootCuts,FPP-SAA-fpp_base,0,0,-10.16812665,0.3400866778,-1.343e-05,0,0
Expected,0.02,100,case01,FPP-SAA-fpp_base,FPP-Branch-Benders-ProjectedPathLLBI-poly-RootCuts,FPP-SAA,FPP-Branch-Benders-ProjectedPathLLBI-poly-RootCuts,FPP-SAA-fpp_base,0,0,95.1233581,7.173523739,2.576e-05,0,0
Expected,0.02,100,case01,FPP-SAA-fpp_base,FPP-Branch-Benders-RootCuts,FPP-SAA,FPP-Branch-Benders-RootCuts,FPP-SAA-fpp_base,0,0,215.5611104,14.9899564,2.64e-05,0,0
Expected,0.02,100,case01,FPP-SAA-fpp_base,FPP-Branch-Benders-Combinatorial,FPP-SAA,FPP-Branch-Benders-Combinatorial,FPP-SAA-fpp_base,0,0,59.33505925,4.850856448,-0.00021134,0,0
MeanCVaR,0.02,100,case01,FPP-SAA-fpp_base,FPP-Branch-Benders-MeanCVaR-LLBI-RootCuts,FPP-SAA-MeanCVaR,FPP-Branch-Benders-LLBI-RootCuts,FPP-SAA-fpp_base,0.005,0.003968568934,0.36236837,1.000201313,-0.00121548,-0.54,-12.3
MeanCVaR,0.02,100,case01,FPP-SAA-fpp_base,FPP-Branch-Benders-MeanCVaR-ProjectedCoverageLLBI-exp-RootCuts,FPP-SAA-MeanCVaR,FPP-Branch-Benders-ProjectedCoverageLLBI-exp-RootCuts,FPP-SAA-fpp_base,-0.79,-0.6270338916,-1232.846165,0.3150932862,-0.03379422,-1.055,-6.55
MeanCVaR,0.02,100,case01,FPP-SAA-fpp_base,FPP-Branch-Benders-MeanCVaR-ProjectedCoverageLLBI-poly-RootCuts,FPP-SAA-MeanCVaR,FPP-Branch-Benders-ProjectedCoverageLLBI-poly-RootCuts,FPP-SAA-fpp_base,0.005,0.003968568934,1.36501958,1.000758336,-0.00663761,-0.54,-12.3
MeanCVaR,0.02,100,case01,FPP-SAA-fpp_base,FPP-Branch-Benders-MeanCVaR-ProjectedPathLLBI-exp-RootCuts,FPP-SAA-MeanCVaR,FPP-Branch-Benders-ProjectedPathLLBI-exp-RootCuts,FPP-SAA-fpp_base,-0.79,-0.6270338916,-1051.736983,0.4157083494,-0.03379418,-1.055,-6.55
MeanCVaR,0.02,100,case01,FPP-SAA-fpp_base,FPP-Branch-Benders-MeanCVaR-ProjectedPathLLBI-poly-RootCuts,FPP-SAA-MeanCVaR,FPP-Branch-Benders-ProjectedPathLLBI-poly-RootCuts,FPP-SAA-fpp_base,-0.79,-0.6270338916,1.58447575,1.000880254,-0.00945274,-1.055,-6.55
MeanCVaR,0.02,100,case01,FPP-SAA-fpp_base,FPP-Branch-Benders-MeanCVaR-RootCuts,FPP-SAA-MeanCVaR,FPP-Branch-Benders-RootCuts,FPP-SAA-fpp_base,0.775,0.6151281848,0.8330201,1.000462784,0.01395898,-1.785,-5.35
MeanCVaR,0.02,100,case01,FPP-SAA-fpp_base,FPP-Branch-Benders-Combinatorial-MeanCVaR,FPP-SAA-MeanCVaR,FPP-Branch-Benders-Combinatorial,FPP-SAA-fpp_base,0.115,0.09127708548,3.96714315,1.002203943,0.01684054,-3.34,-12.3
CVaR,0.02,100,case02,FPP-SAA-fpp_base,FPP-Branch-Benders-CVaR-LLBI-RootCuts,FPP-SAA-CVaR,FPP-Branch-Benders-LLBI-RootCuts,FPP-SAA-fpp_base,-0.1,-0.06131207848,0.43414615,1.000241189,-0.03945198,3.83,4.15
CVaR,0.02,100,case02,FPP-SAA-fpp_base,FPP-Branch-Benders-CVaR-ProjectedCoverageLLBI-exp-RootCuts,FPP-SAA-CVaR,FPP-Branch-Benders-ProjectedCoverageLLBI-exp-RootCuts,FPP-SAA-fpp_base,-1.1,-0.6744328633,5.69519962,1.003163958,-0.05970221,3.005,10.65
CVaR,0.02,100,case02,FPP-SAA-fpp_base,FPP-Branch-Benders-CVaR-ProjectedCoverageLLBI-poly-RootCuts,FPP-SAA-CVaR,FPP-Branch-Benders-ProjectedCoverageLLBI-poly-RootCuts,FPP-SAA-fpp_base,-0.1,-0.06131207848,0.50878155,1.000282653,-0.03698814,3.83,4.15
CVaR,0.02,100,case02,FPP-SAA-fpp_base,FPP-Branch-Benders-CVaR-ProjectedPathLLBI-exp-RootCuts,FPP-SAA-CVaR,FPP-Branch-Benders-ProjectedPathLLBI-exp-RootCuts,FPP-SAA-fpp_base,-1.1,-0.6744328633,1.05740334,1.000587439,-0.06630993,3.005,10.65
CVaR,0.02,100,case02,FPP-SAA-fpp_base,FPP-Branch-Benders-CVaR-ProjectedPathLLBI-poly-RootCuts,FPP-SAA-CVaR,FPP-Branch-Benders-ProjectedPathLLBI-poly-RootCuts,FPP-SAA-fpp_base,-0.8,-0.4904966278,0.50266376,1.000279254,-0.06297993,2.825,7.1
CVaR,0.02,100,case02,FPP-SAA-fpp_base,FPP-Branch-Benders-CVaR-RootCuts,FPP-SAA-CVaR,FPP-Branch-Benders-RootCuts,FPP-SAA-fpp_base,-0.3,-0.1839362354,0.26338759,1.000146325,-0.02225,5.38,7.9
CVaR,0.02,100,case02,FPP-SAA-fpp_base,FPP-Branch-Benders-Combinatorial-CVaR,FPP-SAA-CVaR,FPP-Branch-Benders-Combinatorial,FPP-SAA-fpp_base,-0.5,-0.3065603924,4.22740986,1.00234853,0.02525402,3.87,12.25
Expected,0.02,100,case02,FPP-SAA-fpp_base,FPP-Branch-Benders-LLBI-RootCuts,FPP-SAA,FPP-Branch-Benders-LLBI-RootCuts,FPP-SAA-fpp_base,0,0,1.2638292,1.207909984,0.00098719,0,0
Expected,0.02,100,case02,FPP-SAA-fpp_base,FPP-Branch-Benders-ProjectedCoverageLLBI-exp-RootCuts,FPP-SAA,FPP-Branch-Benders-ProjectedCoverageLLBI-exp-RootCuts,FPP-SAA-fpp_base,0,0,7.1379911,2.174256471,0.00098984,0,0
Expected,0.02,100,case02,FPP-SAA-fpp_base,FPP-Branch-Benders-ProjectedCoverageLLBI-poly-RootCuts,FPP-SAA,FPP-Branch-Benders-ProjectedCoverageLLBI-poly-RootCuts,FPP-SAA-fpp_base,0,0,-1.61626665,0.7341112443,0.00098719,0,0
Expected,0.02,100,case02,FPP-SAA-fpp_base,FPP-Branch-Benders-ProjectedPathLLBI-exp-RootCuts,FPP-SAA,FPP-Branch-Benders-ProjectedPathLLBI-exp-RootCuts,FPP-SAA-fpp_base,0,0,-0.56947831,0.9063162757,0,0,0
Expected,0.02,100,case02,FPP-SAA-fpp_base,FPP-Branch-Benders-ProjectedPathLLBI-poly-RootCuts,FPP-SAA,FPP-Branch-Benders-ProjectedPathLLBI-poly-RootCuts,FPP-SAA-fpp_base,0,0,0.15361057,1.025270164,0.0009561,0,0
Expected,0.02,100,case02,FPP-SAA-fpp_base,FPP-Branch-Benders-RootCuts,FPP-SAA,FPP-Branch-Benders-RootCuts,FPP-SAA-fpp_base,0,0,2.09275532,1.344274943,0.00099073,0,0
Expected,0.02,100,case02,FPP-SAA-fpp_base,FPP-Branch-Benders-Combinatorial,FPP-SAA,FPP-Branch-Benders-Combinatorial,FPP-SAA-fpp_base,0,0,24.36264601,5.007849592,0,0,0
MeanCVaR,0.02,100,case02,FPP-SAA-fpp_base,FPP-Branch-Benders-MeanCVaR-LLBI-RootCuts,FPP-SAA-MeanCVaR,FPP-Branch-Benders-LLBI-RootCuts,FPP-SAA-fpp_base,0,0,0.38004773,1.000211135,-0.02763279,0,0
MeanCVaR,0.02,100,case02,FPP-SAA-fpp_base,FPP-Branch-Benders-MeanCVaR-ProjectedCoverageLLBI-exp-RootCuts,FPP-SAA-MeanCVaR,FPP-Branch-Benders-ProjectedCoverageLLBI-exp-RootCuts,FPP-SAA-fpp_base,0,0,4.8029991,1.002668305,-0.02949913,0,0
MeanCVaR,0.02,100,case02,FPP-SAA-fpp_base,FPP-Branch-Benders-MeanCVaR-ProjectedCoverageLLBI-poly-RootCuts,FPP-SAA-MeanCVaR,FPP-Branch-Benders-ProjectedCoverageLLBI-poly-RootCuts,FPP-SAA-fpp_base,0,0,0.49843466,1.000276905,-0.02865712,0,0
MeanCVaR,0.02,100,case02,FPP-SAA-fpp_base,FPP-Branch-Benders-MeanCVaR-ProjectedPathLLBI-exp-RootCuts,FPP-SAA-MeanCVaR,FPP-Branch-Benders-ProjectedPathLLBI-exp-RootCuts,FPP-SAA-fpp_base,0,0,-514.2760465,0.7142940279,-0.05503561,0,0
MeanCVaR,0.02,100,case02,FPP-SAA-fpp_base,FPP-Branch-Benders-MeanCVaR-ProjectedPathLLBI-poly-RootCuts,FPP-SAA-MeanCVaR,FPP-Branch-Benders-ProjectedPathLLBI-poly-RootCuts,FPP-SAA-fpp_base,0.085,0.069841009,0.5517982,1.000306551,-0.01872712,-1.695,-0.05
MeanCVaR,0.02,100,case02,FPP-SAA-fpp_base,FPP-Branch-Benders-MeanCVaR-RootCuts,FPP-SAA-MeanCVaR,FPP-Branch-Benders-RootCuts,FPP-SAA-fpp_base,0.79,0.6491105542,0.46650605,1.000259167,0.01596869,-2.435,1.85
MeanCVaR,0.02,100,case02,FPP-SAA-fpp_base,FPP-Branch-Benders-Combinatorial-MeanCVaR,FPP-SAA-MeanCVaR,FPP-Branch-Benders-Combinatorial,FPP-SAA-fpp_base,1.685,1.384495296,4.70843883,1.002615772,0.04735708,-0.565,-0.45
CVaR,0.02,100,case03,FPP-SAA-fpp_base,FPP-Branch-Benders-CVaR-LLBI-RootCuts,FPP-SAA-CVaR,FPP-Branch-Benders-LLBI-RootCuts,FPP-SAA-fpp_base,-2.3,-1.379724055,0.41917463,1.000232872,-0.06010777,-3.365,5.8
CVaR,0.02,100,case03,FPP-SAA-fpp_base,FPP-Branch-Benders-CVaR-ProjectedCoverageLLBI-exp-RootCuts,FPP-SAA-CVaR,FPP-Branch-Benders-ProjectedCoverageLLBI-exp-RootCuts,FPP-SAA-fpp_base,-2.8,-1.679664067,5.20773895,1.002893149,-0.08370813,-2.72,2.45
CVaR,0.02,100,case03,FPP-SAA-fpp_base,FPP-Branch-Benders-CVaR-ProjectedCoverageLLBI-poly-RootCuts,FPP-SAA-CVaR,FPP-Branch-Benders-ProjectedCoverageLLBI-poly-RootCuts,FPP-SAA-fpp_base,-2.3,-1.379724055,0.49461235,1.000274781,-0.05889421,-3.365,5.8
CVaR,0.02,100,case03,FPP-SAA-fpp_base,FPP-Branch-Benders-CVaR-ProjectedPathLLBI-exp-RootCuts,FPP-SAA-CVaR,FPP-Branch-Benders-ProjectedPathLLBI-exp-RootCuts,FPP-SAA-fpp_base,-3.6,-2.159568086,-282.1541111,0.8432498451,-0.12642531,-2.215,-1.45
CVaR,0.02,100,case03,FPP-SAA-fpp_base,FPP-Branch-Benders-CVaR-ProjectedPathLLBI-poly-RootCuts,FPP-SAA-CVaR,FPP-Branch-Benders-ProjectedPathLLBI-poly-RootCuts,FPP-SAA-fpp_base,-1.8,-1.079784043,0.54222415,1.000301232,-0.05337822,-4.575,-1.15
CVaR,0.02,100,case03,FPP-SAA-fpp_base,FPP-Branch-Benders-CVaR-RootCuts,FPP-SAA-CVaR,FPP-Branch-Benders-RootCuts,FPP-SAA-fpp_base,-2.3,-1.379724055,0.94901318,1.000527222,-0.07357342,-3.365,5.8
CVaR,0.02,100,case03,FPP-SAA-fpp_base,FPP-Branch-Benders-Combinatorial-CVaR,FPP-SAA-CVaR,FPP-Branch-Benders-Combinatorial,FPP-SAA-fpp_base,-1.4,-0.8398320336,4.25048189,1.002361347,0.00364851,-3.275,22.9
Expected,0.02,100,case03,FPP-SAA-fpp_base,FPP-Branch-Benders-LLBI-RootCuts,FPP-SAA,FPP-Branch-Benders-LLBI-RootCuts,FPP-SAA-fpp_base,0,0,55.10929812,2.92155743,0.00099598,0,0
Expected,0.02,100,case03,FPP-SAA-fpp_base,FPP-Branch-Benders-ProjectedCoverageLLBI-exp-RootCuts,FPP-SAA,FPP-Branch-Benders-ProjectedCoverageLLBI-exp-RootCuts,FPP-SAA-fpp_base,0,0,-16.12149117,0.4378739668,0.00099791,0,0
Expected,0.02,100,case03,FPP-SAA-fpp_base,FPP-Branch-Benders-ProjectedCoverageLLBI-poly-RootCuts,FPP-SAA,FPP-Branch-Benders-ProjectedCoverageLLBI-poly-RootCuts,FPP-SAA-fpp_base,0,0,27.04582105,1.943036841,0.00099598,0,0
Expected,0.02,100,case03,FPP-SAA-fpp_base,FPP-Branch-Benders-ProjectedPathLLBI-exp-RootCuts,FPP-SAA,FPP-Branch-Benders-ProjectedPathLLBI-exp-RootCuts,FPP-SAA-fpp_base,0,0,-5.21473433,0.8181720356,0.00093828,0,0
Expected,0.02,100,case03,FPP-SAA-fpp_base,FPP-Branch-Benders-ProjectedPathLLBI-poly-RootCuts,FPP-SAA,FPP-Branch-Benders-ProjectedPathLLBI-poly-RootCuts,FPP-SAA-fpp_base,0,0,130.6882976,5.556854793,0.00099882,0,0
Expected,0.02,100,case03,FPP-SAA-fpp_base,FPP-Branch-Benders-RootCuts,FPP-SAA,FPP-Branch-Benders-RootCuts,FPP-SAA-fpp_base,0,0,150.0756455,6.2328551,0.00099993,0,0
Expected,0.02,100,case03,FPP-SAA-fpp_base,FPP-Branch-Benders-Combinatorial,FPP-SAA,FPP-Branch-Benders-Combinatorial,FPP-SAA-fpp_base,0,0,6.20595335,1.216389905,0.00018562,0,0
MeanCVaR,0.02,100,case03,FPP-SAA-fpp_base,FPP-Branch-Benders-MeanCVaR-LLBI-RootCuts,FPP-SAA-MeanCVaR,FPP-Branch-Benders-LLBI-RootCuts,FPP-SAA-fpp_base,0.23,0.184813178,0.9836139,1.000546446,0.00766827,1.815,0.45
MeanCVaR,0.02,100,case03,FPP-SAA-fpp_base,FPP-Branch-Benders-MeanCVaR-ProjectedCoverageLLBI-exp-RootCuts,FPP-SAA-MeanCVaR,FPP-Branch-Benders-ProjectedCoverageLLBI-exp-RootCuts,FPP-SAA-fpp_base,-0.755,-0.6066693451,6.1316002,1.003406406,-0.03770875,0.645,-3.35
MeanCVaR,0.02,100,case03,FPP-SAA-fpp_base,FPP-Branch-Benders-MeanCVaR-ProjectedCoverageLLBI-poly-RootCuts,FPP-SAA-MeanCVaR,FPP-Branch-Benders-ProjectedCoverageLLBI-poly-RootCuts,FPP-SAA-fpp_base,-0.315,-0.2531137003,0.48425435,1.000269027,-0.01267136,1.15,-7.25
MeanCVaR,0.02,100,case03,FPP-SAA-fpp_base,FPP-Branch-Benders-MeanCVaR-ProjectedPathLLBI-exp-RootCuts,FPP-SAA-MeanCVaR,FPP-Branch-Benders-ProjectedPathLLBI-exp-RootCuts,FPP-SAA-fpp_base,-0.755,-0.6066693451,1.12186889,1.000623253,-0.0379561,0.645,-3.35
MeanCVaR,0.02,100,case03,FPP-SAA-fpp_base,FPP-Branch-Benders-MeanCVaR-ProjectedPathLLBI-poly-RootCuts,FPP-SAA-MeanCVaR,FPP-Branch-Benders-ProjectedPathLLBI-poly-RootCuts,FPP-SAA-fpp_base,0.2,0.1607071113,0.57889841,1.000321607,0.00610198,-0.98,-1.85
MeanCVaR,0.02,100,case03,FPP-SAA-fpp_base,FPP-Branch-Benders-MeanCVaR-RootCuts,FPP-SAA-MeanCVaR,FPP-Branch-Benders-RootCuts,FPP-SAA-fpp_base,-0.755,-0.6066693451,0.79023068,1.000439012,-0.00061279,0.645,-3.35
MeanCVaR,0.02,100,case03,FPP-SAA-fpp_base,FPP-Branch-Benders-Combinatorial-MeanCVaR,FPP-SAA-MeanCVaR,FPP-Branch-Benders-Combinatorial,FPP-SAA-fpp_base,1.445,1.161108879,4.10038761,1.002277967,0.03886221,-3.98,2.75
CVaR,0.02,100,case04,FPP-SAA-fpp_base,FPP-Branch-Benders-CVaR-LLBI-RootCuts,FPP-SAA-CVaR,FPP-Branch-Benders-LLBI-RootCuts,FPP-SAA-fpp_base,-2.6,-1.59803319,-84.53781068,0.9530351813,-0.07814007,-1.41,-3.75
CVaR,0.02,100,case04,FPP-SAA-fpp_base,FPP-Branch-Benders-CVaR-ProjectedCoverageLLBI-exp-RootCuts,FPP-SAA-CVaR,FPP-Branch-Benders-ProjectedCoverageLLBI-exp-RootCuts,FPP-SAA-fpp_base,-2.6,-1.59803319,-549.502628,0.6947248679,-0.07813954,-1.41,-3.75
CVaR,0.02,100,case04,FPP-SAA-fpp_base,FPP-Branch-Benders-CVaR-ProjectedCoverageLLBI-poly-RootCuts,FPP-SAA-CVaR,FPP-Branch-Benders-ProjectedCoverageLLBI-poly-RootCuts,FPP-SAA-fpp_base,-2.6,-1.59803319,-1000.871554,0.4439677262,-0.07814007,-1.41,-3.75
CVaR,0.02,100,case04,FPP-SAA-fpp_base,FPP-Branch-Benders-CVaR-ProjectedPathLLBI-exp-RootCuts,FPP-SAA-CVaR,FPP-Branch-Benders-ProjectedPathLLBI-exp-RootCuts,FPP-SAA-fpp_base,-2.6,-1.59803319,-744.5138195,0.5863867742,-0.07814042,-1.41,-3.75
CVaR,0.02,100,case04,FPP-SAA-fpp_base,FPP-Branch-Benders-CVaR-ProjectedPathLLBI-poly-RootCuts,FPP-SAA-CVaR,FPP-Branch-Benders-ProjectedPathLLBI-poly-RootCuts,FPP-SAA-fpp_base,-2.6,-1.59803319,-744.7070642,0.5862794175,-0.07813932,-1.41,-3.75
CVaR,0.02,100,case04,FPP-SAA-fpp_base,FPP-Branch-Benders-CVaR-RootCuts,FPP-SAA-CVaR,FPP-Branch-Benders-RootCuts,FPP-SAA-fpp_base,-1.1,-0.676090965,0.29343513,1.000163017,-0.05253017,-3.7,-18.45
CVaR,0.02,100,case04,FPP-SAA-fpp_base,FPP-Branch-Benders-Combinatorial-CVaR,FPP-SAA-CVaR,FPP-Branch-Benders-Combinatorial,FPP-SAA-fpp_base,1.9,1.167793485,10.32142918,1.00573405,0.03816835,-4.245,-8.45
Expected,0.02,100,case04,FPP-SAA-fpp_base,FPP-Branch-Benders-LLBI-RootCuts,FPP-SAA,FPP-Branch-Benders-LLBI-RootCuts,FPP-SAA-fpp_base,0,0,23.23261178,2.134222343,0.00099502,0,0
Expected,0.02,100,case04,FPP-SAA-fpp_base,FPP-Branch-Benders-ProjectedCoverageLLBI-exp-RootCuts,FPP-SAA,FPP-Branch-Benders-ProjectedCoverageLLBI-exp-RootCuts,FPP-SAA-fpp_base,0,0,-12.7220959,0.3789038633,0.0009235,0,0
Expected,0.02,100,case04,FPP-SAA-fpp_base,FPP-Branch-Benders-ProjectedCoverageLLBI-poly-RootCuts,FPP-SAA,FPP-Branch-Benders-ProjectedCoverageLLBI-poly-RootCuts,FPP-SAA-fpp_base,0,0,15.48464459,1.755964505,0.00099502,0,0
Expected,0.02,100,case04,FPP-SAA-fpp_base,FPP-Branch-Benders-ProjectedPathLLBI-exp-RootCuts,FPP-SAA,FPP-Branch-Benders-ProjectedPathLLBI-exp-RootCuts,FPP-SAA-fpp_base,0,0,-15.16289771,0.2597432638,0.00095146,0,0
Expected,0.02,100,case04,FPP-SAA-fpp_base,FPP-Branch-Benders-ProjectedPathLLBI-poly-RootCuts,FPP-SAA,FPP-Branch-Benders-ProjectedPathLLBI-poly-RootCuts,FPP-SAA-fpp_base,0,0,78.77407859,4.845771661,0.00099454,0,0
Expected,0.02,100,case04,FPP-SAA-fpp_base,FPP-Branch-Benders-RootCuts,FPP-SAA,FPP-Branch-Benders-RootCuts,FPP-SAA-fpp_base,0,0,31.02991657,2.514888856,0.00099698,0,0
Expected,0.02,100,case04,FPP-SAA-fpp_base,FPP-Branch-Benders-Combinatorial,FPP-SAA,FPP-Branch-Benders-Combinatorial,FPP-SAA-fpp_base,0,0,51.70707289,3.524353178,0,0,0
MeanCVaR,0.02,100,case04,FPP-SAA-fpp_base,FPP-Branch-Benders-MeanCVaR-LLBI-RootCuts,FPP-SAA-MeanCVaR,FPP-Branch-Benders-LLBI-RootCuts,FPP-SAA-fpp_base,0,0,0.38060941,1.000211447,0.00465908,0,0
MeanCVaR,0.02,100,case04,FPP-SAA-fpp_base,FPP-Branch-Benders-MeanCVaR-ProjectedCoverageLLBI-exp-RootCuts,FPP-SAA-MeanCVaR,FPP-Branch-Benders-ProjectedCoverageLLBI-exp-RootCuts,FPP-SAA-fpp_base,0,0,-529.6103637,0.7057754681,-0.01367079,0,0
MeanCVaR,0.02,100,case04,FPP-SAA-fpp_base,FPP-Branch-Benders-MeanCVaR-ProjectedCoverageLLBI-poly-RootCuts,FPP-SAA-MeanCVaR,FPP-Branch-Benders-ProjectedCoverageLLBI-poly-RootCuts,FPP-SAA-fpp_base,0,0,0.5373841,1.000298543,0.01291115,0,0
MeanCVaR,0.02,100,case04,FPP-SAA-fpp_base,FPP-Branch-Benders-MeanCVaR-ProjectedPathLLBI-exp-RootCuts,FPP-SAA-MeanCVaR,FPP-Branch-Benders-ProjectedPathLLBI-exp-RootCuts,FPP-SAA-fpp_base,0,0,-1441.458992,0.1991988334,-0.01366959,0,0
MeanCVaR,0.02,100,case04,FPP-SAA-fpp_base,FPP-Branch-Benders-MeanCVaR-ProjectedPathLLBI-poly-RootCuts,FPP-SAA-MeanCVaR,FPP-Branch-Benders-ProjectedPathLLBI-poly-RootCuts,FPP-SAA-fpp_base,0,0,-568.5426482,0.6841466747,-0.01366912,0,0
MeanCVaR,0.02,100,case04,FPP-SAA-fpp_base,FPP-Branch-Benders-MeanCVaR-RootCuts,FPP-SAA-MeanCVaR,FPP-Branch-Benders-RootCuts,FPP-SAA-fpp_base,0.91,0.7455044444,0.47390642,1.000263278,0.02749147,-3.105,-10.95
MeanCVaR,0.02,100,case04,FPP-SAA-fpp_base,FPP-Branch-Benders-Combinatorial-MeanCVaR,FPP-SAA-MeanCVaR,FPP-Branch-Benders-Combinatorial,FPP-SAA-fpp_base,1.96,1.60570188,10.2011928,1.005667263,0.06085349,-1.73,-9.15
CVaR,0.03,100,case00,FPP-SAA-fpp_base,FPP-Branch-Benders-CVaR-LLBI-RootCuts,FPP-SAA-CVaR,FPP-Branch-Benders-LLBI-RootCuts,FPP-SAA-fpp_base,-1.1,-0.9259259259,0.34828288,1.000193485,-0.01210758,0.18,0.75
CVaR,0.03,100,case00,FPP-SAA-fpp_base,FPP-Branch-Benders-CVaR-ProjectedCoverageLLBI-exp-RootCuts,FPP-SAA-CVaR,FPP-Branch-Benders-ProjectedCoverageLLBI-exp-RootCuts,FPP-SAA-fpp_base,-1.2,-1.01010101,2.58668651,1.001437009,-0.05711455,0.89,2.95
CVaR,0.03,100,case00,FPP-SAA-fpp_base,FPP-Branch-Benders-CVaR-ProjectedCoverageLLBI-poly-RootCuts,FPP-SAA-CVaR,FPP-Branch-Benders-ProjectedCoverageLLBI-poly-RootCuts,FPP-SAA-fpp_base,-1.1,-0.9259259259,0.47764574,1.000265352,-0.01796825,0.18,0.75
CVaR,0.03,100,case00,FPP-SAA-fpp_base,FPP-Branch-Benders-CVaR-ProjectedPathLLBI-exp-RootCuts,FPP-SAA-CVaR,FPP-Branch-Benders-ProjectedPathLLBI-exp-RootCuts,FPP-SAA-fpp_base,-1.5,-1.262626263,1.08087085,1.000600467,-0.05072478,1.33,2.9
CVaR,0.03,100,case00,FPP-SAA-fpp_base,FPP-Branch-Benders-CVaR-ProjectedPathLLBI-poly-RootCuts,FPP-SAA-CVaR,FPP-Branch-Benders-ProjectedPathLLBI-poly-RootCuts,FPP-SAA-fpp_base,-0.9,-0.7575757576,0.53789833,1.000298824,-0.01512174,0.185,0.1
CVaR,0.03,100,case00,FPP-SAA-fpp_base,FPP-Branch-Benders-CVaR-RootCuts,FPP-SAA-CVaR,FPP-Branch-Benders-RootCuts,FPP-SAA-fpp_base,1.7,1.430976431,0.48048059,1.000266926,0.03270076,0.135,1.75
CVaR,0.03,100,case00,FPP-SAA-fpp_base,FPP-Branch-Benders-Combinatorial-CVaR,FPP-SAA-CVaR,FPP-Branch-Benders-Combinatorial,FPP-SAA-fpp_base,0.8,0.6734006734,5.80775326,1.003226442,0.0249242,1.97,10.9
Expected,0.03,100,case00,FPP-SAA-fpp_base,FPP-Branch-Benders-LLBI-RootCuts,FPP-SAA,FPP-Branch-Benders-LLBI-RootCuts,FPP-SAA-fpp_base,0,0,1778.679309,82.80144237,0.01020758,0,0
Expected,0.03,100,case00,FPP-SAA-fpp_base,FPP-Branch-Benders-ProjectedCoverageLLBI-exp-RootCuts,FPP-SAA,FPP-Branch-Benders-ProjectedCoverageLLBI-exp-RootCuts,FPP-SAA-fpp_base,0,0,0.30754994,1.014144218,0.00097531,0,0
Expected,0.03,100,case00,FPP-SAA-fpp_base,FPP-Branch-Benders-ProjectedCoverageLLBI-poly-RootCuts,FPP-SAA,FPP-Branch-Benders-ProjectedCoverageLLBI-poly-RootCuts,FPP-SAA-fpp_base,0,0,1779.80596,82.85325707,0.02086278,0,0
Expected,0.03,100,case00,FPP-SAA-fpp_base,FPP-Branch-Benders-ProjectedPathLLBI-exp-RootCuts,FPP-SAA,FPP-Branch-Benders-ProjectedPathLLBI-exp-RootCuts,FPP-SAA-fpp_base,0,0,-6.81336427,0.6866534501,0.0009432,0,0
Expected,0.03,100,case00,FPP-SAA-fpp_base,FPP-Branch-Benders-ProjectedPathLLBI-poly-RootCuts,FPP-SAA,FPP-Branch-Benders-ProjectedPathLLBI-poly-RootCuts,FPP-SAA-fpp_base,0.38,0.6121134021,1778.825073,82.80814606,0.0237102,0.895,2.6
Expected,0.03,100,case00,FPP-SAA-fpp_base,FPP-Branch-Benders-RootCuts,FPP-SAA,FPP-Branch-Benders-RootCuts,FPP-SAA-fpp_base,0.56,0.9020618557,1778.958629,82.8142883,0.03118748,-2.215,-8.35
Expected,0.03,100,case00,FPP-SAA-fpp_base,FPP-Branch-Benders-Combinatorial,FPP-SAA,FPP-Branch-Benders-Combinatorial,FPP-SAA-fpp_base,0,0,247.0933746,12.36382165,0,0,0
MeanCVaR,0.03,100,case00,FPP-SAA-fpp_base,FPP-Branch-Benders-MeanCVaR-LLBI-RootCuts,FPP-SAA-MeanCVaR,FPP-Branch-Benders-LLBI-RootCuts,FPP-SAA-fpp_base,0.195,0.2107994162,0.38028339,1.000211265,0.02578268,-2.72,-3.15
MeanCVaR,0.03,100,case00,FPP-SAA-fpp_base,FPP-Branch-Benders-MeanCVaR-ProjectedCoverageLLBI-exp-RootCuts,FPP-SAA-MeanCVaR,FPP-Branch-Benders-ProjectedCoverageLLBI-exp-RootCuts,FPP-SAA-fpp_base,-1.25,-1.351278309,5.64025528,1.003133418,-0.03783878,-1.475,-2.45
MeanCVaR,0.03,100,case00,FPP-SAA-fpp_base,FPP-Branch-Benders-MeanCVaR-ProjectedCoverageLLBI-poly-RootCuts,FPP-SAA-MeanCVaR,FPP-Branch-Benders-ProjectedCoverageLLBI-poly-RootCuts,FPP-SAA-fpp_base,-0.515,-0.5567266634,1.12406801,1.000624471,0.01832392,-3.205,-1.75
MeanCVaR,0.03,100,case00,FPP-SAA-fpp_base,FPP-Branch-Benders-MeanCVaR-ProjectedPathLLBI-exp-RootCuts,FPP-SAA-MeanCVaR,FPP-Branch-Benders-ProjectedPathLLBI-exp-RootCuts,FPP-SAA-fpp_base,-1.25,-1.351278309,1.08633818,1.00060351,-0.04062452,-1.475,-2.45
MeanCVaR,0.03,100,case00,FPP-SAA-fpp_base,FPP-Branch-Benders-MeanCVaR-ProjectedPathLLBI-poly-RootCuts,FPP-SAA-MeanCVaR,FPP-Branch-Benders-ProjectedPathLLBI-poly-RootCuts,FPP-SAA-fpp_base,0.585,0.6323982487,1.45591347,1.000808826,0.02490921,-2.29,-4.8
MeanCVaR,0.03,100,case00,FPP-SAA-fpp_base,FPP-Branch-Benders-MeanCVaR-RootCuts,FPP-SAA-MeanCVaR,FPP-Branch-Benders-RootCuts,FPP-SAA-fpp_base,1.035,1.11885844,0.43985287,1.000244358,0.04746924,-1.925,-6.2
MeanCVaR,0.03,100,case00,FPP-SAA-fpp_base,FPP-Branch-Benders-Combinatorial-MeanCVaR,FPP-SAA-MeanCVaR,FPP-Branch-Benders-Combinatorial,FPP-SAA-fpp_base,0.02,0.02162045295,16.4015721,1.00911182,0.02289775,-2.285,-0.3
CVaR,0.03,100,case01,FPP-SAA-fpp_base,FPP-Branch-Benders-CVaR-LLBI-RootCuts,FPP-SAA-CVaR,FPP-Branch-Benders-LLBI-RootCuts,FPP-SAA-fpp_base,-0.1,-0.07385524372,0.37121328,1.000206224,-0.00149881,-1.995,5.2
CVaR,0.03,100,case01,FPP-SAA-fpp_base,FPP-Branch-Benders-CVaR-ProjectedCoverageLLBI-exp-RootCuts,FPP-SAA-CVaR,FPP-Branch-Benders-ProjectedCoverageLLBI-exp-RootCuts,FPP-SAA-fpp_base,-1.9,-1.403249631,2.73956827,1.001521943,-0.05405454,4.085,12.15
CVaR,0.03,100,case01,FPP-SAA-fpp_base,FPP-Branch-Benders-CVaR-ProjectedCoverageLLBI-poly-RootCuts,FPP-SAA-CVaR,FPP-Branch-Benders-ProjectedCoverageLLBI-poly-RootCuts,FPP-SAA-fpp_base,1,0.7385524372,0.48690572,1.000270496,0.01121497,-2,5.4
CVaR,0.03,100,case01,FPP-SAA-fpp_base,FPP-Branch-Benders-CVaR-ProjectedPathLLBI-exp-RootCuts,FPP-SAA-CVaR,FPP-Branch-Benders-ProjectedPathLLBI-exp-RootCuts,FPP-SAA-fpp_base,-1.3,-0.9601181684,1.11629676,1.000620149,-0.05189659,-1.69,-5.15
CVaR,0.03,100,case01,FPP-SAA-fpp_base,FPP-Branch-Benders-CVaR-ProjectedPathLLBI-poly-RootCuts,FPP-SAA-CVaR,FPP-Branch-Benders-ProjectedPathLLBI-poly-RootCuts,FPP-SAA-fpp_base,1,0.7385524372,0.52950761,1.000294163,0.00869333,-1.905,-3.6
CVaR,0.03,100,case01,FPP-SAA-fpp_base,FPP-Branch-Benders-CVaR-RootCuts,FPP-SAA-CVaR,FPP-Branch-Benders-RootCuts,FPP-SAA-fpp_base,3.9,2.880354505,0.33461983,1.000185895,0.04490135,-3.33,-4.05
CVaR,0.03,100,case01,FPP-SAA-fpp_base,FPP-Branch-Benders-Combinatorial-CVaR,FPP-SAA-CVaR,FPP-Branch-Benders-Combinatorial,FPP-SAA-fpp_base,1.2,0.8862629247,13.66005562,1.007588721,0.02713976,-0.14,0.8
Expected,0.03,100,case01,FPP-SAA-fpp_base,FPP-Branch-Benders-LLBI-RootCuts,FPP-SAA,FPP-Branch-Benders-LLBI-RootCuts,FPP-SAA-fpp_base,0.86,1.388664621,1758.303334,42.78009285,0.06236493,-1.785,-8.55
Expected,0.03,100,case01,FPP-SAA-fpp_base,FPP-Branch-Benders-ProjectedCoverageLLBI-exp-RootCuts,FPP-SAA,FPP-Branch-Benders-ProjectedCoverageLLBI-exp-RootCuts,FPP-SAA-fpp_base,0,0,37.02973318,1.879885547,0.00099752,0,0
Expected,0.03,100,case01,FPP-SAA-fpp_base,FPP-Branch-Benders-ProjectedCoverageLLBI-poly-RootCuts,FPP-SAA,FPP-Branch-Benders-ProjectedCoverageLLBI-poly-RootCuts,FPP-SAA-fpp_base,0.86,1.388664621,1759.198836,42.80137141,0.06601786,-1.785,-8.55
Expected,0.03,100,case01,FPP-SAA-fpp_base,FPP-Branch-Benders-ProjectedPathLLBI-exp-RootCuts,FPP-SAA,FPP-Branch-Benders-ProjectedPathLLBI-exp-RootCuts,FPP-SAA-fpp_base,0,0,2.18895412,1.052013043,0.00098771,0,0
Expected,0.03,100,case01,FPP-SAA-fpp_base,FPP-Branch-Benders-ProjectedPathLLBI-poly-RootCuts,FPP-SAA,FPP-Branch-Benders-ProjectedPathLLBI-poly-RootCuts,FPP-SAA-fpp_base,0.49,0.7912158889,1758.446486,42.78349437,0.04509106,2.41,2.25
Expected,0.03,100,case01,FPP-SAA-fpp_base,FPP-Branch-Benders-RootCuts,FPP-SAA,FPP-Branch-Benders-RootCuts,FPP-SAA-fpp_base,2.28,3.681575973,1758.450934,42.78360005,0.08139425,0.91,-10.55
Expected,0.03,100,case01,FPP-SAA-fpp_base,FPP-Branch-Benders-Combinatorial,FPP-SAA,FPP-Branch-Benders-Combinatorial,FPP-SAA-fpp_base,0,0,228.1363408,6.420883483,0.00048442,0,0
MeanCVaR,0.03,100,case01,FPP-SAA-fpp_base,FPP-Branch-Benders-MeanCVaR-LLBI-RootCuts,FPP-SAA-MeanCVaR,FPP-Branch-Benders-LLBI-RootCuts,FPP-SAA-fpp_base,0.005,0.0049142464,0.38769957,1.000215384,0.05454253,1.9,5.7
MeanCVaR,0.03,100,case01,FPP-SAA-fpp_base,FPP-Branch-Benders-MeanCVaR-ProjectedCoverageLLBI-exp-RootCuts,FPP-SAA-MeanCVaR,FPP-Branch-Benders-ProjectedCoverageLLBI-exp-RootCuts,FPP-SAA-fpp_base,-0.705,-0.6929087424,2.80545219,1.001558554,0.00205603,5.165,11.35
MeanCVaR,0.03,100,case01,FPP-SAA-fpp_base,FPP-Branch-Benders-MeanCVaR-ProjectedCoverageLLBI-poly-RootCuts,FPP-SAA-MeanCVaR,FPP-Branch-Benders-ProjectedCoverageLLBI-poly-RootCuts,FPP-SAA-fpp_base,-0.825,-0.8108506561,0.48277977,1.000268206,0.04317206,1.85,4
MeanCVaR,0.03,100,case01,FPP-SAA-fpp_base,FPP-Branch-Benders-MeanCVaR-ProjectedPathLLBI-exp-RootCuts,FPP-SAA-MeanCVaR,FPP-Branch-Benders-ProjectedPathLLBI-exp-RootCuts,FPP-SAA-fpp_base,-1.235,-1.213818861,1.20232476,1.000667945,-0.0107691,5.885,17.05
MeanCVaR,0.03,100,case01,FPP-SAA-fpp_base,FPP-Branch-Benders-MeanCVaR-ProjectedPathLLBI-poly-RootCuts,FPP-SAA-MeanCVaR,FPP-Branch-Benders-ProjectedPathLLBI-poly-RootCuts,FPP-SAA-fpp_base,-1.33,-1.307189542,0.51264986,1.0002848,0.04659682,6.38,16.95
MeanCVaR,0.03,100,case01,FPP-SAA-fpp_base,FPP-Branch-Benders-MeanCVaR-RootCuts,FPP-SAA-MeanCVaR,FPP-Branch-Benders-RootCuts,FPP-SAA-fpp_base,2.62,2.575065114,0.50631368,1.00028128,0.09199049,5.565,20.25
MeanCVaR,0.03,100,case01,FPP-SAA-fpp_base,FPP-Branch-Benders-Combinatorial-MeanCVaR,FPP-SAA-MeanCVaR,FPP-Branch-Benders-Combinatorial,FPP-SAA-fpp_base,2.255,2.216325127,14.27116245,1.007928267,0.0573721,2.845,0.7
CVaR,0.03,100,case02,FPP-SAA-fpp_base,FPP-Branch-Benders-CVaR-LLBI-RootCuts,FPP-SAA-CVaR,FPP-Branch-Benders-LLBI-RootCuts,FPP-SAA-fpp_base,-3.5,-2.906976744,0.35347068,1.000196368,-0.02789213,-3.04,-4.8
CVaR,0.03,100,case02,FPP-SAA-fpp_base,FPP-Branch-Benders-CVaR-ProjectedCoverageLLBI-exp-RootCuts,FPP-SAA-CVaR,FPP-Branch-Benders-ProjectedCoverageLLBI-exp-RootCuts,FPP-SAA-fpp_base,-5.2,-4.318936877,2.83062619,1.001572535,-0.06669899,-0.58,-4.75
CVaR,0.03,100,case02,FPP-SAA-fpp_base,FPP-Branch-Benders-CVaR-ProjectedCoverageLLBI-poly-RootCuts,FPP-SAA-CVaR,FPP-Branch-Benders-ProjectedCoverageLLBI-poly-RootCuts,FPP-SAA-fpp_base,-3.5,-2.906976744,0.50565933,1.000280916,-0.02550203,-3.04,-4.8
CVaR,0.03,100,case02,FPP-SAA-fpp_base,FPP-Branch-Benders-CVaR-ProjectedPathLLBI-exp-RootCuts,FPP-SAA-CVaR,FPP-Branch-Benders-ProjectedPathLLBI-exp-RootCuts,FPP-SAA-fpp_base,-5.2,-4.318936877,1.17348979,1.000651924,-0.08201865,-0.58,-4.75
CVaR,0.03,100,case02,FPP-SAA-fpp_base,FPP-Branch-Benders-CVaR-ProjectedPathLLBI-poly-RootCuts,FPP-SAA-CVaR,FPP-Branch-Benders-ProjectedPathLLBI-poly-RootCuts,FPP-SAA-fpp_base,-4.8,-3.986710963,0.52721825,1.000292893,-0.03394658,0.995,-1.25
CVaR,0.03,100,case02,FPP-SAA-fpp_base,FPP-Branch-Benders-CVaR-RootCuts,FPP-SAA-CVaR,FPP-Branch-Benders-RootCuts,FPP-SAA-fpp_base,2.8,2.325581395,0.47708933,1.000265044,0.0393021,-1.275,-1.15
CVaR,0.03,100,case02,FPP-SAA-fpp_base,FPP-Branch-Benders-Combinatorial-CVaR,FPP-SAA-CVaR,FPP-Branch-Benders-Combinatorial,FPP-SAA-fpp_base,-2.8,-2.325581395,5.85145694,1.003250737,0.00211851,2.035,0.8
Expected,0.03,100,case02,FPP-SAA-fpp_base,FPP-Branch-Benders-LLBI-RootCuts,FPP-SAA,FPP-Branch-Benders-LLBI-RootCuts,FPP-SAA-fpp_base,0,0,1746.764869,33.57098115,0.02515167,0,0
Expected,0.03,100,case02,FPP-SAA-fpp_base,FPP-Branch-Benders-ProjectedCoverageLLBI-exp-RootCuts,FPP-SAA,FPP-Branch-Benders-ProjectedCoverageLLBI-exp-RootCuts,FPP-SAA-fpp_base,0,0,-21.11379311,0.6063025027,0.00098648,0,0
Expected,0.03,100,case02,FPP-SAA-fpp_base,FPP-Branch-Benders-ProjectedCoverageLLBI-poly-RootCuts,FPP-SAA,FPP-Branch-Benders-ProjectedCoverageLLBI-poly-RootCuts,FPP-SAA-fpp_base,0,0,1746.919036,33.57385581,0.01822727,0,0
Expected,0.03,100,case02,FPP-SAA-fpp_base,FPP-Branch-Benders-ProjectedPathLLBI-exp-RootCuts,FPP-SAA,FPP-Branch-Benders-ProjectedPathLLBI-exp-RootCuts,FPP-SAA-fpp_base,0,0,-43.42807015,0.19022023,0.0009929,0,0
Expected,0.03,100,case02,FPP-SAA-fpp_base,FPP-Branch-Benders-ProjectedPathLLBI-poly-RootCuts,FPP-SAA,FPP-Branch-Benders-ProjectedPathLLBI-poly-RootCuts,FPP-SAA-fpp_base,0,0,1747.786625,33.59003328,0.01852532,0,0
Expected,0.03,100,case02,FPP-SAA-fpp_base,FPP-Branch-Benders-RootCuts,FPP-SAA,FPP-Branch-Benders-RootCuts,FPP-SAA-fpp_base,0.47,0.7702392658,1746.707149,33.56990487,0.03018286,-3.62,5.65
Expected,0.03,100,case02,FPP-SAA-fpp_base,FPP-Branch-Benders-Combinatorial,FPP-SAA,FPP-Branch-Benders-Combinatorial,FPP-SAA-fpp_base,0,0,397.4622625,8.411264152,0.00070894,0,0
MeanCVaR,0.03,100,case02,FPP-SAA-fpp_base,FPP-Branch-Benders-MeanCVaR-LLBI-RootCuts,FPP-SAA-MeanCVaR,FPP-Branch-Benders-LLBI-RootCuts,FPP-SAA-fpp_base,-1.525,-1.662306518,0.94751425,1.000526392,0.01991422,-2.38,1.5
MeanCVaR,0.03,100,case02,FPP-SAA-fpp_base,FPP-Branch-Benders-MeanCVaR-ProjectedCoverageLLBI-exp-RootCuts,FPP-SAA-MeanCVaR,FPP-Branch-Benders-ProjectedCoverageLLBI-exp-RootCuts,FPP-SAA-fpp_base,-0.86,-0.9374318727,2.6249865,1.001458312,-0.02859552,-0.03,3.7
MeanCVaR,0.03,100,case02,FPP-SAA-fpp_base,FPP-Branch-Benders-MeanCVaR-ProjectedCoverageLLBI-poly-RootCuts,FPP-SAA-MeanCVaR,FPP-Branch-Benders-ProjectedCoverageLLBI-poly-RootCuts,FPP-SAA-fpp_base,-1.525,-1.662306518,1.20374201,1.000668739,0.01858365,-2.38,1.5
MeanCVaR,0.03,100,case02,FPP-SAA-fpp_base,FPP-Branch-Benders-MeanCVaR-ProjectedPathLLBI-exp-RootCuts,FPP-SAA-MeanCVaR,FPP-Branch-Benders-ProjectedPathLLBI-exp-RootCuts,FPP-SAA-fpp_base,-1.525,-1.662306518,2.75000754,1.001527768,-0.03174467,-2.38,1.5
MeanCVaR,0.03,100,case02,FPP-SAA-fpp_base,FPP-Branch-Benders-MeanCVaR-ProjectedPathLLBI-poly-RootCuts,FPP-SAA-MeanCVaR,FPP-Branch-Benders-ProjectedPathLLBI-poly-RootCuts,FPP-SAA-fpp_base,-1.39,-1.515151515,0.55808994,1.000310047,0.01591995,-2.32,-2.1
MeanCVaR,0.03,100,case02,FPP-SAA-fpp_base,FPP-Branch-Benders-MeanCVaR-RootCuts,FPP-SAA-MeanCVaR,FPP-Branch-Benders-RootCuts,FPP-SAA-fpp_base,0.415,0.4523653804,0.273369,1.00015187,0.03646744,4.775,10.35
MeanCVaR,0.03,100,case02,FPP-SAA-fpp_base,FPP-Branch-Benders-Combinatorial-MeanCVaR,FPP-SAA-MeanCVaR,FPP-Branch-Benders-Combinatorial,FPP-SAA-fpp_base,0.235,0.2561587094,13.22047721,1.007344641,0.03304968,-1.145,7.45
CVaR,0.03,100,case03,FPP-SAA-fpp_base,FPP-Branch-Benders-CVaR-LLBI-RootCuts,FPP-SAA-CVaR,FPP-Branch-Benders-LLBI-RootCuts,FPP-SAA-fpp_base,1.6,1.232665639,0.41032066,1.000227953,0.05736321,-2.595,3.1
CVaR,0.03,100,case03,FPP-SAA-fpp_base,FPP-Branch-Benders-CVaR-ProjectedCoverageLLBI-exp-RootCuts,FPP-SAA-CVaR,FPP-Branch-Benders-ProjectedCoverageLLBI-exp-RootCuts,FPP-SAA-fpp_base,-0.4,-0.3081664099,2.79990652,1.001555483,0.00440668,-2.11,-15.05
CVaR,0.03,100,case03,FPP-SAA-fpp_base,FPP-Branch-Benders-CVaR-ProjectedCoverageLLBI-poly-RootCuts,FPP-SAA-CVaR,FPP-Branch-Benders-ProjectedCoverageLLBI-poly-RootCuts,FPP-SAA-fpp_base,1.6,1.232665639,0.48625024,1.000270135,0.05809642,-2.595,3.1
CVaR,0.03,100,case03,FPP-SAA-fpp_base,FPP-Branch-Benders-CVaR-ProjectedPathLLBI-exp-RootCuts,FPP-SAA-CVaR,FPP-Branch-Benders-ProjectedPathLLBI-exp-RootCuts,FPP-SAA-fpp_base,-3.7,-2.850539291,1.20687537,1.000670478,-0.0254374,3.215,11.1
CVaR,0.03,100,case03,FPP-SAA-fpp_base,FPP-Branch-Benders-CVaR-ProjectedPathLLBI-poly-RootCuts,FPP-SAA-CVaR,FPP-Branch-Benders-ProjectedPathLLBI-poly-RootCuts,FPP-SAA-fpp_base,4.4,3.389830508,0.54481944,1.000302674,0.07403792,1.295,8.8
CVaR,0.03,100,case03,FPP-SAA-fpp_base,FPP-Branch-Benders-CVaR-RootCuts,FPP-SAA-CVaR,FPP-Branch-Benders-RootCuts,FPP-SAA-fpp_base,1.1,0.8474576271,0.4792884,1.000266268,0.06156816,4.9,-1.5
CVaR,0.03,100,case03,FPP-SAA-fpp_base,FPP-Branch-Benders-Combinatorial-CVaR,FPP-SAA-CVaR,FPP-Branch-Benders-Combinatorial,FPP-SAA-fpp_base,2.4,1.848998459,14.99742125,1.008331792,0.07859408,6.08,5.3
Expected,0.03,100,case03,FPP-SAA-fpp_base,FPP-Branch-Benders-LLBI-RootCuts,FPP-SAA,FPP-Branch-Benders-LLBI-RootCuts,FPP-SAA-fpp_base,0.71,1.140195921,1647.330118,11.71755646,0.06272972,0.61,0.45
Expected,0.03,100,case03,FPP-SAA-fpp_base,FPP-Branch-Benders-ProjectedCoverageLLBI-exp-RootCuts,FPP-SAA,FPP-Branch-Benders-ProjectedCoverageLLBI-exp-RootCuts,FPP-SAA-fpp_base,0,0,487.1589439,4.169463987,0.0009999,0,0
Expected,0.03,100,case03,FPP-SAA-fpp_base,FPP-Branch-Benders-ProjectedCoverageLLBI-poly-RootCuts,FPP-SAA,FPP-Branch-Benders-ProjectedCoverageLLBI-poly-RootCuts,FPP-SAA-fpp_base,1.28,2.055564477,1647.661833,11.7197146,0.07469673,1.735,7
Expected,0.03,100,case03,FPP-SAA-fpp_base,FPP-Branch-Benders-ProjectedPathLLBI-exp-RootCuts,FPP-SAA,FPP-Branch-Benders-ProjectedPathLLBI-exp-RootCuts,FPP-SAA-fpp_base,0,0,-62.31013692,0.594609239,0.00099841,0,0
Expected,0.03,100,case03,FPP-SAA-fpp_base,FPP-Branch-Benders-ProjectedPathLLBI-poly-RootCuts,FPP-SAA,FPP-Branch-Benders-ProjectedPathLLBI-poly-RootCuts,FPP-SAA-fpp_base,0.83,1.332905091,1646.836567,11.7143454,0.06536306,-1.755,-10
Expected,0.03,100,case03,FPP-SAA-fpp_base,FPP-Branch-Benders-RootCuts,FPP-SAA,FPP-Branch-Benders-RootCuts,FPP-SAA-fpp_base,1.01,1.621968845,1646.786962,11.71402267,0.06399963,0.93,13.9
Expected,0.03,100,case03,FPP-SAA-fpp_base,FPP-Branch-Benders-Combinatorial,FPP-SAA,FPP-Branch-Benders-Combinatorial,FPP-SAA-fpp_base,0,0,981.3615016,7.384753839,0.00094893,0,0
MeanCVaR,0.03,100,case03,FPP-SAA-fpp_base,FPP-Branch-Benders-MeanCVaR-LLBI-RootCuts,FPP-SAA-MeanCVaR,FPP-Branch-Benders-LLBI-RootCuts,FPP-SAA-fpp_base,-0.985,-0.9765044116,0.38067005,1.000211481,0.02416296,2.895,-0.6
MeanCVaR,0.03,100,case03,FPP-SAA-fpp_base,FPP-Branch-Benders-MeanCVaR-ProjectedCoverageLLBI-exp-RootCuts,FPP-SAA-MeanCVaR,FPP-Branch-Benders-ProjectedCoverageLLBI-exp-RootCuts,FPP-SAA-fpp_base,-3.055,-3.028650739,2.82288233,1.001568248,-0.05106446,5.365,12.6
MeanCVaR,0.03,100,case03,FPP-SAA-fpp_base,FPP-Branch-Benders-MeanCVaR-ProjectedCoverageLLBI-poly-RootCuts,FPP-SAA-MeanCVaR,FPP-Branch-Benders-ProjectedCoverageLLBI-poly-RootCuts,FPP-SAA-fpp_base,0.365,0.3618518886,0.4808579,1.00026714,0.02808485,1.905,-4.85
MeanCVaR,0.03,100,case03,FPP-SAA-fpp_base,FPP-Branch-Benders-MeanCVaR-ProjectedPathLLBI-exp-RootCuts,FPP-SAA-MeanCVaR,FPP-Branch-Benders-ProjectedPathLLBI-exp-RootCuts,FPP-SAA-fpp_base,-2.665,-2.642014474,2.93772785,1.00163205,-0.04688186,-1.155,-1
MeanCVaR,0.03,100,case03,FPP-SAA-fpp_base,FPP-Branch-Benders-MeanCVaR-ProjectedPathLLBI-poly-RootCuts,FPP-SAA-MeanCVaR,FPP-Branch-Benders-ProjectedPathLLBI-poly-RootCuts,FPP-SAA-fpp_base,-0.375,-0.3717656389,1.46274065,1.000812623,0.02967,-0.19,1.95
MeanCVaR,0.03,100,case03,FPP-SAA-fpp_base,FPP-Branch-Benders-MeanCVaR-RootCuts,FPP-SAA-MeanCVaR,FPP-Branch-Benders-RootCuts,FPP-SAA-fpp_base,-2.4,-2.379300089,0.67407704,1.000374482,0.00832606,-0.81,1.55
MeanCVaR,0.03,100,case03,FPP-SAA-fpp_base,FPP-Branch-Benders-Combinatorial-MeanCVaR,FPP-SAA-MeanCVaR,FPP-Branch-Benders-Combinatorial,FPP-SAA-fpp_base,1.71,1.695251314,17.60968272,1.00978303,0.03289477,1.4,11.65
CVaR,0.03,100,case04,FPP-SAA-fpp_base,FPP-Branch-Benders-CVaR-LLBI-RootCuts,FPP-SAA-CVaR,FPP-Branch-Benders-LLBI-RootCuts,FPP-SAA-fpp_base,-4.5,-3.422053232,1.00158438,1.000556423,0.02471156,0.505,-5.85
CVaR,0.03,100,case04,FPP-SAA-fpp_base,FPP-Branch-Benders-CVaR-ProjectedCoverageLLBI-exp-RootCuts,FPP-SAA-CVaR,FPP-Branch-Benders-ProjectedCoverageLLBI-exp-RootCuts,FPP-SAA-fpp_base,-8.2,-6.235741445,6.30273553,1.003501436,-0.05555632,-4.465,-13
CVaR,0.03,100,case04,FPP-SAA-fpp_base,FPP-Branch-Benders-CVaR-ProjectedCoverageLLBI-poly-RootCuts,FPP-SAA-CVaR,FPP-Branch-Benders-ProjectedCoverageLLBI-poly-RootCuts,FPP-SAA-fpp_base,-6.5,-4.942965779,0.49831608,1.000276836,-0.00388949,-2.805,-8.85
CVaR,0.03,100,case04,FPP-SAA-fpp_base,FPP-Branch-Benders-CVaR-ProjectedPathLLBI-exp-RootCuts,FPP-SAA-CVaR,FPP-Branch-Benders-ProjectedPathLLBI-exp-RootCuts,FPP-SAA-fpp_base,-4.7,-3.574144487,1.16745664,1.000648572,-0.03858315,-3.885,-15.2
CVaR,0.03,100,case04,FPP-SAA-fpp_base,FPP-Branch-Benders-CVaR-ProjectedPathLLBI-poly-RootCuts,FPP-SAA-CVaR,FPP-Branch-Benders-ProjectedPathLLBI-poly-RootCuts,FPP-SAA-fpp_base,-2.4,-1.825095057,0.51571664,1.000286502,0.02637455,1.825,-5.05
CVaR,0.03,100,case04,FPP-SAA-fpp_base,FPP-Branch-Benders-CVaR-RootCuts,FPP-SAA-CVaR,FPP-Branch-Benders-RootCuts,FPP-SAA-fpp_base,-1.5,-1.140684411,0.84667661,1.000470365,0.05180429,0.82,-0.85
CVaR,0.03,100,case04,FPP-SAA-fpp_base,FPP-Branch-Benders-Combinatorial-CVaR,FPP-SAA-CVaR,FPP-Branch-Benders-Combinatorial,FPP-SAA-fpp_base,-2.7,-2.053231939,16.19877794,1.008999107,0.03271113,-0.735,-7.6
Expected,0.03,100,case04,FPP-SAA-fpp_base,FPP-Branch-Benders-LLBI-RootCuts,FPP-SAA,FPP-Branch-Benders-LLBI-RootCuts,FPP-SAA-fpp_base,0.39,0.6141732283,1653.615174,12.26539991,0.04926196,2.9,12.25
Expected,0.03,100,case04,FPP-SAA-fpp_base,FPP-Branch-Benders-ProjectedCoverageLLBI-exp-RootCuts,FPP-SAA,FPP-Branch-Benders-ProjectedCoverageLLBI-exp-RootCuts,FPP-SAA-fpp_base,0,0,220.1107153,2.499523753,9.446e-05,0,0
Expected,0.03,100,case04,FPP-SAA-fpp_base,FPP-Branch-Benders-ProjectedCoverageLLBI-poly-RootCuts,FPP-SAA,FPP-Branch-Benders-ProjectedCoverageLLBI-poly-RootCuts,FPP-SAA-fpp_base,0.41,0.6456692913,1653.739073,12.26624398,0.05204989,-2.52,-11.3
Expected,0.03,100,case04,FPP-SAA-fpp_base,FPP-Branch-Benders-ProjectedPathLLBI-exp-RootCuts,FPP-SAA,FPP-Branch-Benders-ProjectedPathLLBI-exp-RootCuts,FPP-SAA-fpp_base,0,0,13.77171898,1.093821056,9.398e-05,0,0
Expected,0.03,100,case04,FPP-SAA-fpp_base,FPP-Branch-Benders-ProjectedPathLLBI-poly-RootCuts,FPP-SAA,FPP-Branch-Benders-ProjectedPathLLBI-poly-RootCuts,FPP-SAA-fpp_base,0.58,0.9133858268,1653.781534,12.26653325,0.05644044,1.615,13.8
Expected,0.03,100,case04,FPP-SAA-fpp_base,FPP-Branch-Benders-RootCuts,FPP-SAA,FPP-Branch-Benders-RootCuts,FPP-SAA-fpp_base,0.06,0.09448818898,1654.207579,12.26943572,0.03810333,-0.5,5.5
Expected,0.03,100,case04,FPP-SAA-fpp_base,FPP-Branch-Benders-Combinatorial,FPP-SAA,FPP-Branch-Benders-Combinatorial,FPP-SAA-fpp_base,0,0,1167.390994,8.952954594,8.201e-05,0,0
MeanCVaR,0.03,100,case04,FPP-SAA-fpp_base,FPP-Branch-Benders-MeanCVaR-LLBI-RootCuts,FPP-SAA-MeanCVaR,FPP-Branch-Benders-LLBI-RootCuts,FPP-SAA-fpp_base,1.785,1.822637464,0.35914752,1.000199521,0.07372954,4.345,14.45
MeanCVaR,0.03,100,case04,FPP-SAA-fpp_base,FPP-Branch-Benders-MeanCVaR-ProjectedCoverageLLBI-exp-RootCuts,FPP-SAA-MeanCVaR,FPP-Branch-Benders-ProjectedCoverageLLBI-exp-RootCuts,FPP-SAA-fpp_base,-2.945,-3.007096544,2.70034471,1.001500155,-0.03453643,-1.62,1.3
MeanCVaR,0.03,100,case04,FPP-SAA-fpp_base,FPP-Branch-Benders-MeanCVaR-ProjectedCoverageLLBI-poly-RootCuts,FPP-SAA-MeanCVaR,FPP-Branch-Benders-ProjectedCoverageLLBI-poly-RootCuts,FPP-SAA-fpp_base,0.21,0.2144279369,1.23941898,1.000688549,0.05288714,-0.715,-2.45
MeanCVaR,0.03,100,case04,FPP-SAA-fpp_base,FPP-Branch-Benders-MeanCVaR-ProjectedPathLLBI-exp-RootCuts,FPP-SAA-MeanCVaR,FPP-Branch-Benders-ProjectedPathLLBI-exp-RootCuts,FPP-SAA-fpp_base,-2.945,-3.007096544,2.57021165,1.00142786,-0.03630968,-1.62,1.3
MeanCVaR,0.03,100,case04,FPP-SAA-fpp_base,FPP-Branch-Benders-MeanCVaR-ProjectedPathLLBI-poly-RootCuts,FPP-SAA-MeanCVaR,FPP-Branch-Benders-ProjectedPathLLBI-poly-RootCuts,FPP-SAA-fpp_base,0.71,0.7249706438,0.56417125,1.000313421,0.05520743,1.225,3.6
MeanCVaR,0.03,100,case04,FPP-SAA-fpp_base,FPP-Branch-Benders-MeanCVaR-RootCuts,FPP-SAA-MeanCVaR,FPP-Branch-Benders-RootCuts,FPP-SAA-fpp_base,1.715,1.751161485,0.25624263,1.000142354,0.0723509,4,10.3
MeanCVaR,0.03,100,case04,FPP-SAA-fpp_base,FPP-Branch-Benders-Combinatorial-MeanCVaR,FPP-SAA-MeanCVaR,FPP-Branch-Benders-Combinatorial,FPP-SAA-fpp_base,-0.035,-0.03573798948,17.61173074,1.009784054,0.03499405,3.165,9.25
CVaR,0.01,200,case00,FPP-SAA-fpp_base,FPP-Branch-Benders-CVaR-LLBI-RootCuts,FPP-SAA-CVaR,FPP-Branch-Benders-LLBI-RootCuts,FPP-SAA-fpp_base,0,0,-198.2853206,0.03041519915,0.00020836,0,0
CVaR,0.01,200,case00,FPP-SAA-fpp_base,FPP-Branch-Benders-CVaR-ProjectedCoverageLLBI-exp-RootCuts,FPP-SAA-CVaR,FPP-Branch-Benders-ProjectedCoverageLLBI-exp-RootCuts,FPP-SAA-fpp_base,0,0,-195.1980709,0.04551137661,0.00015789,0,0
CVaR,0.01,200,case00,FPP-SAA-fpp_base,FPP-Branch-Benders-CVaR-ProjectedCoverageLLBI-poly-RootCuts,FPP-SAA-CVaR,FPP-Branch-Benders-ProjectedCoverageLLBI-poly-RootCuts,FPP-SAA-fpp_base,0,0,-197.827204,0.03265531871,0.00020836,0,0
CVaR,0.01,200,case00,FPP-SAA-fpp_base,FPP-Branch-Benders-CVaR-ProjectedPathLLBI-exp-RootCuts,FPP-SAA-CVaR,FPP-Branch-Benders-ProjectedPathLLBI-exp-RootCuts,FPP-SAA-fpp_base,0,0,-185.86941,0.09112709736,-0.0004129,0,0
CVaR,0.01,200,case00,FPP-SAA-fpp_base,FPP-Branch-Benders-CVaR-ProjectedPathLLBI-poly-RootCuts,FPP-SAA-CVaR,FPP-Branch-Benders-ProjectedPathLLBI-poly-RootCuts,FPP-SAA-fpp_base,0,0,-186.6434575,0.08734212353,4.507e-05,0,0
CVaR,0.01,200,case00,FPP-SAA-fpp_base,FPP-Branch-Benders-CVaR-RootCuts,FPP-SAA-CVaR,FPP-Branch-Benders-RootCuts,FPP-SAA-fpp_base,0,0,-195.6840582,0.04313497287,0.00020259,0,0
CVaR,0.01,200,case00,FPP-SAA-fpp_base,FPP-Branch-Benders-Combinatorial-CVaR,FPP-SAA-CVaR,FPP-Branch-Benders-Combinatorial,FPP-SAA-fpp_base,0,0,-144.1932228,0.2949172597,0.00019979,0,0
Expected,0.01,200,case00,FPP-SAA-fpp_base,FPP-Branch-Benders-LLBI-RootCuts,FPP-SAA,FPP-Branch-Benders-LLBI-RootCuts,FPP-SAA-fpp_base,0,0,-8.0983177,0.367776845,-0.00047899,0,0
Expected,0.01,200,case00,FPP-SAA-fpp_base,FPP-Branch-Benders-ProjectedCoverageLLBI-exp-RootCuts,FPP-SAA,FPP-Branch-Benders-ProjectedCoverageLLBI-exp-RootCuts,FPP-SAA-fpp_base,0,0,-5.23007147,0.5916963982,-0.00067727,0,0
Expected,0.01,200,case00,FPP-SAA-fpp_base,FPP-Branch-Benders-ProjectedCoverageLLBI-poly-RootCuts,FPP-SAA,FPP-Branch-Benders-ProjectedCoverageLLBI-poly-RootCuts,FPP-SAA-fpp_base,0,0,-7.74977556,0.3949869915,-0.00047899,0,0
Expected,0.01,200,case00,FPP-SAA-fpp_base,FPP-Branch-Benders-ProjectedPathLLBI-exp-RootCuts,FPP-SAA,FPP-Branch-Benders-ProjectedPathLLBI-exp-RootCuts,FPP-SAA-fpp_base,0,0,-7.80945284,0.3903280784,-0.00067727,0,0
Expected,0.01,200,case00,FPP-SAA-fpp_base,FPP-Branch-Benders-ProjectedPathLLBI-poly-RootCuts,FPP-SAA,FPP-Branch-Benders-ProjectedPathLLBI-poly-RootCuts,FPP-SAA-fpp_base,0,0,-5.42834426,0.5762175477,0.0001051,0,0
Expected,0.01,200,case00,FPP-SAA-fpp_base,FPP-Branch-Benders-RootCuts,FPP-SAA,FPP-Branch-Benders-RootCuts,FPP-SAA-fpp_base,0,0,-5.69897038,0.5550901845,0.00019874,0,0
Expected,0.01,200,case00,FPP-SAA-fpp_base,FPP-Branch-Benders-Combinatorial,FPP-SAA,FPP-Branch-Benders-Combinatorial,FPP-SAA-fpp_base,0,0,13.73510965,2.072278797,-0.00067727,0,0
MeanCVaR,0.01,200,case00,FPP-SAA-fpp_base,FPP-Branch-Benders-MeanCVaR-LLBI-RootCuts,FPP-SAA-MeanCVaR,FPP-Branch-Benders-LLBI-RootCuts,FPP-SAA-fpp_base,0,0,-86.24416339,0.05389119378,0.0008304,0,0
MeanCVaR,0.01,200,case00,FPP-SAA-fpp_base,FPP-Branch-Benders-MeanCVaR-ProjectedCoverageLLBI-exp-RootCuts,FPP-SAA-MeanCVaR,FPP-Branch-Benders-ProjectedCoverageLLBI-exp-RootCuts,FPP-SAA-fpp_base,0,0,-82.65017391,0.09331768901,0.00067096,0,0
MeanCVaR,0.01,200,case00,FPP-SAA-fpp_base,FPP-Branch-Benders-MeanCVaR-ProjectedCoverageLLBI-poly-RootCuts,FPP-SAA-MeanCVaR,FPP-Branch-Benders-ProjectedCoverageLLBI-poly-RootCuts,FPP-SAA-fpp_base,0,0,-85.80544327,0.05870400607,0.0008304,0,0
MeanCVaR,0.01,200,case00,FPP-SAA-fpp_base,FPP-Branch-Benders-MeanCVaR-ProjectedPathLLBI-exp-RootCuts,FPP-SAA-MeanCVaR,FPP-Branch-Benders-ProjectedPathLLBI-exp-RootCuts,FPP-SAA-fpp_base,0,0,-69.79815422,0.2343058849,0.00073637,0,0
MeanCVaR,0.01,200,case00,FPP-SAA-fpp_base,FPP-Branch-Benders-MeanCVaR-ProjectedPathLLBI-poly-RootCuts,FPP-SAA-MeanCVaR,FPP-Branch-Benders-ProjectedPathLLBI-poly-RootCuts,FPP-SAA-fpp_base,0,0,-78.58288199,0.1379363687,0.00091348,0,0
MeanCVaR,0.01,200,case00,FPP-SAA-fpp_base,FPP-Branch-Benders-MeanCVaR-RootCuts,FPP-SAA-MeanCVaR,FPP-Branch-Benders-RootCuts,FPP-SAA-fpp_base,0,0,-86.19563251,0.05442358335,0.00034042,0,0
MeanCVaR,0.01,200,case00,FPP-SAA-fpp_base,FPP-Branch-Benders-Combinatorial-MeanCVaR,FPP-SAA-MeanCVaR,FPP-Branch-Benders-Combinatorial,FPP-SAA-fpp_base,0,0,-55.78055738,0.3880806019,0.00039938,0,0
CVaR,0.01,200,case01,FPP-SAA-fpp_base,FPP-Branch-Benders-CVaR-LLBI-RootCuts,FPP-SAA-CVaR,FPP-Branch-Benders-LLBI-RootCuts,FPP-SAA-fpp_base,0,0,-1334.571988,0.05130185008,2.29e-05,0,0
CVaR,0.01,200,case01,FPP-SAA-fpp_base,FPP-Branch-Benders-CVaR-ProjectedCoverageLLBI-exp-RootCuts,FPP-SAA-CVaR,FPP-Branch-Benders-ProjectedCoverageLLBI-exp-RootCuts,FPP-SAA-fpp_base,0,0,-1375.789684,0.02200170581,2.267e-05,0,0
CVaR,0.01,200,case01,FPP-SAA-fpp_base,FPP-Branch-Benders-CVaR-ProjectedCoverageLLBI-poly-RootCuts,FPP-SAA-CVaR,FPP-Branch-Benders-ProjectedCoverageLLBI-poly-RootCuts,FPP-SAA-fpp_base,0,0,-1380.064885,0.01896262251,2.29e-05,0,0
CVaR,0.01,200,case01,FPP-SAA-fpp_base,FPP-Branch-Benders-CVaR-ProjectedPathLLBI-exp-RootCuts,FPP-SAA-CVaR,FPP-Branch-Benders-ProjectedPathLLBI-exp-RootCuts,FPP-SAA-fpp_base,0,0,-1374.813847,0.02269539198,2.131e-05,0,0
CVaR,0.01,200,case01,FPP-SAA-fpp_base,FPP-Branch-Benders-CVaR-ProjectedPathLLBI-poly-RootCuts,FPP-SAA-CVaR,FPP-Branch-Benders-ProjectedPathLLBI-poly-RootCuts,FPP-SAA-fpp_base,0,0,-1381.996921,0.0175892088,1.914e-05,0,0
CVaR,0.01,200,case01,FPP-SAA-fpp_base,FPP-Branch-Benders-CVaR-RootCuts,FPP-SAA-CVaR,FPP-Branch-Benders-RootCuts,FPP-SAA-fpp_base,0,0,-1384.4605,0.01583794152,1.256e-05,0,0
CVaR,0.01,200,case01,FPP-SAA-fpp_base,FPP-Branch-Benders-Combinatorial-CVaR,FPP-SAA-CVaR,FPP-Branch-Benders-Combinatorial,FPP-SAA-fpp_base,0,0,-927.3123211,0.340807771,-2.707e-05,0,0
Expected,0.01,200,case01,FPP-SAA-fpp_base,FPP-Branch-Benders-LLBI-RootCuts,FPP-SAA,FPP-Branch-Benders-LLBI-RootCuts,FPP-SAA-fpp_base,-0.09,-0.08953887479,-7.78472586,0.4570568698,-0.00017196,-2.18,-2
Expected,0.01,200,case01,FPP-SAA-fpp_base,FPP-Branch-Benders-ProjectedCoverageLLBI-exp-RootCuts,FPP-SAA,FPP-Branch-Benders-ProjectedCoverageLLBI-exp-RootCuts,FPP-SAA-fpp_base,-0.09,-0.08953887479,-5.95590574,0.5846073242,-8.057e-05,-2.18,-2
Expected,0.01,200,case01,FPP-SAA-fpp_base,FPP-Branch-Benders-ProjectedCoverageLLBI-poly-RootCuts,FPP-SAA,FPP-Branch-Benders-ProjectedCoverageLLBI-poly-RootCuts,FPP-SAA-fpp_base,-0.09,-0.08953887479,0.10991349,1.00766588,-0.00017196,-2.18,-2
Expected,0.01,200,case01,FPP-SAA-fpp_base,FPP-Branch-Benders-ProjectedPathLLBI-exp-RootCuts,FPP-SAA,FPP-Branch-Benders-ProjectedPathLLBI-exp-RootCuts,FPP-SAA-fpp_base,-0.09,-0.08953887479,-9.07104699,0.3673428281,-0.00052292,-2.18,-2
Expected,0.01,200,case01,FPP-SAA-fpp_base,FPP-Branch-Benders-ProjectedPathLLBI-poly-RootCuts,FPP-SAA,FPP-Branch-Benders-ProjectedPathLLBI-poly-RootCuts,FPP-SAA-fpp_base,-0.09,-0.08953887479,-8.37554602,0.4158503132,-4.982e-05,-2.18,-2
Expected,0.01,200,case01,FPP-SAA-fpp_base,FPP-Branch-Benders-RootCuts,FPP-SAA,FPP-Branch-Benders-RootCuts,FPP-SAA-fpp_base,-0.09,-0.08953887479,-6.23434011,0.5651880111,-0.00097372,-2.18,-2
Expected,0.01,200,case01,FPP-SAA-fpp_base,FPP-Branch-Benders-Combinatorial,FPP-SAA,FPP-Branch-Benders-Combinatorial,FPP-SAA-fpp_base,-0.09,-0.08953887479,6.211651,1.433229544,-0.00038861,-2.18,-2
MeanCVaR,0.01,200,case01,FPP-SAA-fpp_base,FPP-Branch-Benders-MeanCVaR-LLBI-RootCuts,FPP-SAA-MeanCVaR,FPP-Branch-Benders-LLBI-RootCuts,FPP-SAA-fpp_base,0,0,-195.0348832,0.05436891215,2.64e-05,0,0
MeanCVaR,0.01,200,case01,FPP-SAA-fpp_base,FPP-Branch-Benders-MeanCVaR-ProjectedCoverageLLBI-exp-RootCuts,FPP-SAA-MeanCVaR,FPP-Branch-Benders-ProjectedCoverageLLBI-exp-RootCuts,FPP-SAA-fpp_base,0,0,-194.6301961,0.05633104665,-2.148e-05,0,0
MeanCVaR,0.01,200,case01,FPP-SAA-fpp_base,FPP-Branch-Benders-MeanCVaR-ProjectedCoverageLLBI-poly-RootCuts,FPP-SAA-MeanCVaR,FPP-Branch-Benders-ProjectedCoverageLLBI-poly-RootCuts,FPP-SAA-fpp_base,0,0,-194.0825485,0.05898632856,2.64e-05,0,0
MeanCVaR,0.01,200,case01,FPP-SAA-fpp_base,FPP-Branch-Benders-MeanCVaR-ProjectedPathLLBI-exp-RootCuts,FPP-SAA-MeanCVaR,FPP-Branch-Benders-ProjectedPathLLBI-exp-RootCuts,FPP-SAA-fpp_base,0,0,-195.8716492,0.05031183317,3.904e-05,0,0
MeanCVaR,0.01,200,case01,FPP-SAA-fpp_base,FPP-Branch-Benders-MeanCVaR-ProjectedPathLLBI-poly-RootCuts,FPP-SAA-MeanCVaR,FPP-Branch-Benders-ProjectedPathLLBI-poly-RootCuts,FPP-SAA-fpp_base,0,0,-196.9554655,0.04505692474,-5.57e-06,0,0
MeanCVaR,0.01,200,case01,FPP-SAA-fpp_base,FPP-Branch-Benders-MeanCVaR-RootCuts,FPP-SAA-MeanCVaR,FPP-Branch-Benders-RootCuts,FPP-SAA-fpp_base,0,0,-197.6776956,0.04155517589,1.972e-05,0,0
MeanCVaR,0.01,200,case01,FPP-SAA-fpp_base,FPP-Branch-Benders-Combinatorial-MeanCVaR,FPP-SAA-MeanCVaR,FPP-Branch-Benders-Combinatorial,FPP-SAA-fpp_base,0,0,0.84364633,1.004090439,-5.555e-05,0,0
CVaR,0.01,200,case02,FPP-SAA-fpp_base,FPP-Branch-Benders-CVaR-LLBI-RootCuts,FPP-SAA-CVaR,FPP-Branch-Benders-LLBI-RootCuts,FPP-SAA-fpp_base,0,0,-917.8721899,0.02234816704,0.00011022,0,0
CVaR,0.01,200,case02,FPP-SAA-fpp_base,FPP-Branch-Benders-CVaR-ProjectedCoverageLLBI-exp-RootCuts,FPP-SAA-CVaR,FPP-Branch-Benders-ProjectedCoverageLLBI-exp-RootCuts,FPP-SAA-fpp_base,0,0,-922.7415354,0.0171616884,9.33e-05,0,0
CVaR,0.01,200,case02,FPP-SAA-fpp_base,FPP-Branch-Benders-CVaR-ProjectedCoverageLLBI-poly-RootCuts,FPP-SAA-CVaR,FPP-Branch-Benders-ProjectedCoverageLLBI-poly-RootCuts,FPP-SAA-fpp_base,0,0,-896.7529145,0.04484290931,0.00011022,0,0
CVaR,0.01,200,case02,FPP-SAA-fpp_base,FPP-Branch-Benders-CVaR-ProjectedPathLLBI-exp-RootCuts,FPP-SAA-CVaR,FPP-Branch-Benders-ProjectedPathLLBI-exp-RootCuts,FPP-SAA-fpp_base,0,0,-924.5995879,0.01518262374,0.00010605,0,0
CVaR,0.01,200,case02,FPP-SAA-fpp_base,FPP-Branch-Benders-CVaR-ProjectedPathLLBI-poly-RootCuts,FPP-SAA-CVaR,FPP-Branch-Benders-ProjectedPathLLBI-poly-RootCuts,FPP-SAA-fpp_base,0,0,-926.0147564,0.01367528743,0.00010129,0,0
CVaR,0.01,200,case02,FPP-SAA-fpp_base,FPP-Branch-Benders-CVaR-RootCuts,FPP-SAA-CVaR,FPP-Branch-Benders-RootCuts,FPP-SAA-fpp_base,0,0,-925.4403423,0.01428711228,0.00011242,0,0
CVaR,0.01,200,case02,FPP-SAA-fpp_base,FPP-Branch-Benders-Combinatorial-CVaR,FPP-SAA-CVaR,FPP-Branch-Benders-Combinatorial,FPP-SAA-fpp_base,0,0,-785.546523,0.1632920068,8.228e-05,0,0
Expected,0.01,200,case02,FPP-SAA-fpp_base,FPP-Branch-Benders-LLBI-RootCuts,FPP-SAA,FPP-Branch-Benders-LLBI-RootCuts,FPP-SAA-fpp_base,0,0,-39.76051212,0.1077954856,0.00090213,0,0
Expected,0.01,200,case02,FPP-SAA-fpp_base,FPP-Branch-Benders-ProjectedCoverageLLBI-exp-RootCuts,FPP-SAA,FPP-Branch-Benders-ProjectedCoverageLLBI-exp-RootCuts,FPP-SAA-fpp_base,0,0,-35.49431406,0.2035266763,0,0,0
Expected,0.01,200,case02,FPP-SAA-fpp_base,FPP-Branch-Benders-ProjectedCoverageLLBI-poly-RootCuts,FPP-SAA,FPP-Branch-Benders-ProjectedCoverageLLBI-poly-RootCuts,FPP-SAA-fpp_base,0,0,-32.80694081,0.2638298871,0.00090213,0,0
Expected,0.01,200,case02,FPP-SAA-fpp_base,FPP-Branch-Benders-ProjectedPathLLBI-exp-RootCuts,FPP-SAA,FPP-Branch-Benders-ProjectedPathLLBI-exp-RootCuts,FPP-SAA-fpp_base,0,0,-39.04612114,0.1238260351,0.00055046,0,0
Expected,0.01,200,case02,FPP-SAA-fpp_base,FPP-Branch-Benders-ProjectedPathLLBI-poly-RootCuts,FPP-SAA,FPP-Branch-Benders-ProjectedPathLLBI-poly-RootCuts,FPP-SAA-fpp_base,0,0,-31.76705735,0.2871643129,0.00098994,0,0
Expected,0.01,200,case02,FPP-SAA-fpp_base,FPP-Branch-Benders-RootCuts,FPP-SAA,FPP-Branch-Benders-RootCuts,FPP-SAA-fpp_base,0,0,-37.21815756,0.164844555,0.00092844,0,0
Expected,0.01,200,case02,FPP-SAA-fpp_base,FPP-Branch-Benders-Combinatorial,FPP-SAA,FPP-Branch-Benders-Combinatorial,FPP-SAA-fpp_base,0,0,-34.09112579,0.2350134666,0,0,0
MeanCVaR,0.01,200,case02,FPP-SAA-fpp_base,FPP-Branch-Benders-MeanCVaR-LLBI-RootCuts,FPP-SAA-MeanCVaR,FPP-Branch-Benders-LLBI-RootCuts,FPP-SAA-fpp_base,0,0,-204.8647505,0.1661112274,2.413e-05,0,0
MeanCVaR,0.01,200,case02,FPP-SAA-fpp_base,FPP-Branch-Benders-MeanCVaR-ProjectedCoverageLLBI-exp-RootCuts,FPP-SAA-MeanCVaR,FPP-Branch-Benders-ProjectedCoverageLLBI-exp-RootCuts,FPP-SAA-fpp_base,0,0,-225.634737,0.08156833504,8.68e-06,0,0
MeanCVaR,0.01,200,case02,FPP-SAA-fpp_base,FPP-Branch-Benders-MeanCVaR-ProjectedCoverageLLBI-poly-RootCuts,FPP-SAA-MeanCVaR,FPP-Branch-Benders-ProjectedCoverageLLBI-poly-RootCuts,FPP-SAA-fpp_base,0,0,-195.6824615,0.2034871435,2.413e-05,0,0
MeanCVaR,0.01,200,case02,FPP-SAA-fpp_base,FPP-Branch-Benders-MeanCVaR-ProjectedPathLLBI-exp-RootCuts,FPP-SAA-MeanCVaR,FPP-Branch-Benders-ProjectedPathLLBI-exp-RootCuts,FPP-SAA-fpp_base,0,0,-230.1375652,0.06323986315,3.206e-05,0,0
MeanCVaR,0.01,200,case02,FPP-SAA-fpp_base,FPP-Branch-Benders-MeanCVaR-ProjectedPathLLBI-poly-RootCuts,FPP-SAA-MeanCVaR,FPP-Branch-Benders-ProjectedPathLLBI-poly-RootCuts,FPP-SAA-fpp_base,0,0,-227.9489564,0.07214845415,2.632e-05,0,0
MeanCVaR,0.01,200,case02,FPP-SAA-fpp_base,FPP-Branch-Benders-MeanCVaR-RootCuts,FPP-SAA-MeanCVaR,FPP-Branch-Benders-RootCuts,FPP-SAA-fpp_base,0,0,-227.8506787,0.07254848723,2.908e-05,0,0
MeanCVaR,0.01,200,case02,FPP-SAA-fpp_base,FPP-Branch-Benders-Combinatorial-MeanCVaR,FPP-SAA-MeanCVaR,FPP-Branch-Benders-Combinatorial,FPP-SAA-fpp_base,0,0,-71.4026292,0.7093601966,-2.508e-05,0,0
CVaR,0.01,200,case03,FPP-SAA-fpp_base,FPP-Branch-Benders-CVaR-LLBI-RootCuts,FPP-SAA-CVaR,FPP-Branch-Benders-LLBI-RootCuts,FPP-SAA-fpp_base,0,0,-594.9859755,0.01629371331,-3.26e-06,0,0
CVaR,0.01,200,case03,FPP-SAA-fpp_base,FPP-Branch-Benders-CVaR-ProjectedCoverageLLBI-exp-RootCuts,FPP-SAA-CVaR,FPP-Branch-Benders-ProjectedCoverageLLBI-exp-RootCuts,FPP-SAA-fpp_base,0,0,-586.3921704,0.0305020821,-2.42e-06,0,0
CVaR,0.01,200,case03,FPP-SAA-fpp_base,FPP-Branch-Benders-CVaR-ProjectedCoverageLLBI-poly-RootCuts,FPP-SAA-CVaR,FPP-Branch-Benders-ProjectedCoverageLLBI-poly-RootCuts,FPP-SAA-fpp_base,0,0,-593.7499196,0.0183373177,-3.26e-06,0,0
CVaR,0.01,200,case03,FPP-SAA-fpp_base,FPP-Branch-Benders-CVaR-ProjectedPathLLBI-exp-RootCuts,FPP-SAA-CVaR,FPP-Branch-Benders-ProjectedPathLLBI-exp-RootCuts,FPP-SAA-fpp_base,0,0,-594.4236159,0.0172234776,-4.693e-05,0,0
CVaR,0.01,200,case03,FPP-SAA-fpp_base,FPP-Branch-Benders-CVaR-ProjectedPathLLBI-poly-RootCuts,FPP-SAA-CVaR,FPP-Branch-Benders-ProjectedPathLLBI-poly-RootCuts,FPP-SAA-fpp_base,0,0,-590.0701017,0.02442125942,-1.508e-05,0,0
CVaR,0.01,200,case03,FPP-SAA-fpp_base,FPP-Branch-Benders-CVaR-RootCuts,FPP-SAA-CVaR,FPP-Branch-Benders-RootCuts,FPP-SAA-fpp_base,0,0,-579.2929502,0.04223941344,-2.048e-05,0,0
CVaR,0.01,200,case03,FPP-SAA-fpp_base,FPP-Branch-Benders-Combinatorial-CVaR,FPP-SAA-CVaR,FPP-Branch-Benders-Combinatorial,FPP-SAA-fpp_base,0,0,-411.1188385,0.3202861872,-0.0001293,0,0
Expected,0.01,200,case03,FPP-SAA-fpp_base,FPP-Branch-Benders-LLBI-RootCuts,FPP-SAA,FPP-Branch-Benders-LLBI-RootCuts,FPP-SAA-fpp_base,0,0,-60.85104317,0.1339555296,0.00062986,0,0
Expected,0.01,200,case03,FPP-SAA-fpp_base,FPP-Branch-Benders-ProjectedCoverageLLBI-exp-RootCuts,FPP-SAA,FPP-Branch-Benders-ProjectedCoverageLLBI-exp-RootCuts,FPP-SAA-fpp_base,0,0,-59.19257983,0.1575591185,0.00084444,0,0
Expected,0.01,200,case03,FPP-SAA-fpp_base,FPP-Branch-Benders-ProjectedCoverageLLBI-poly-RootCuts,FPP-SAA,FPP-Branch-Benders-ProjectedCoverageLLBI-poly-RootCuts,FPP-SAA-fpp_base,0,0,-63.42595622,0.09730884137,0.00062986,0,0
Expected,0.01,200,case03,FPP-SAA-fpp_base,FPP-Branch-Benders-ProjectedPathLLBI-exp-RootCuts,FPP-SAA,FPP-Branch-Benders-ProjectedPathLLBI-exp-RootCuts,FPP-SAA-fpp_base,0,0,-61.94806349,0.1183425124,0.00095644,0,0
Expected,0.01,200,case03,FPP-SAA-fpp_base,FPP-Branch-Benders-ProjectedPathLLBI-poly-RootCuts,FPP-SAA,FPP-Branch-Benders-ProjectedPathLLBI-poly-RootCuts,FPP-SAA-fpp_base,0,0,-62.60525816,0.1089891837,0.0002287,0,0
Expected,0.01,200,case03,FPP-SAA-fpp_base,FPP-Branch-Benders-RootCuts,FPP-SAA,FPP-Branch-Benders-RootCuts,FPP-SAA-fpp_base,0,0,-56.59488187,0.1945300862,0.00096951,0,0
Expected,0.01,200,case03,FPP-SAA-fpp_base,FPP-Branch-Benders-Combinatorial,FPP-SAA,FPP-Branch-Benders-Combinatorial,FPP-SAA-fpp_base,0,0,-57.57192877,0.1806245553,0.00043887,0,0
MeanCVaR,0.01,200,case03,FPP-SAA-fpp_base,FPP-Branch-Benders-MeanCVaR-LLBI-RootCuts,FPP-SAA-MeanCVaR,FPP-Branch-Benders-LLBI-RootCuts,FPP-SAA-fpp_base,0,0,-636.9316495,0.02977340426,-1.661e-05,0,0
MeanCVaR,0.01,200,case03,FPP-SAA-fpp_base,FPP-Branch-Benders-MeanCVaR-ProjectedCoverageLLBI-exp-RootCuts,FPP-SAA-MeanCVaR,FPP-Branch-Benders-ProjectedCoverageLLBI-exp-RootCuts,FPP-SAA-fpp_base,0,0,-637.6865026,0.02862355015,-9.1e-07,0,0
MeanCVaR,0.01,200,case03,FPP-SAA-fpp_base,FPP-Branch-Benders-MeanCVaR-ProjectedCoverageLLBI-poly-RootCuts,FPP-SAA-MeanCVaR,FPP-Branch-Benders-ProjectedCoverageLLBI-poly-RootCuts,FPP-SAA-fpp_base,0,0,-635.6125319,0.0317827926,-1.661e-05,0,0
MeanCVaR,0.01,200,case03,FPP-SAA-fpp_base,FPP-Branch-Benders-MeanCVaR-ProjectedPathLLBI-exp-RootCuts,FPP-SAA-MeanCVaR,FPP-Branch-Benders-ProjectedPathLLBI-exp-RootCuts,FPP-SAA-fpp_base,0,0,-645.4662561,0.01677279072,-4.089e-05,0,0
MeanCVaR,0.01,200,case03,FPP-SAA-fpp_base,FPP-Branch-Benders-MeanCVaR-ProjectedPathLLBI-poly-RootCuts,FPP-SAA-MeanCVaR,FPP-Branch-Benders-ProjectedPathLLBI-poly-RootCuts,FPP-SAA-fpp_base,0,0,-644.1209551,0.01882206367,3.653e-05,0,0
MeanCVaR,0.01,200,case03,FPP-SAA-fpp_base,FPP-Branch-Benders-MeanCVaR-RootCuts,FPP-SAA-MeanCVaR,FPP-Branch-Benders-RootCuts,FPP-SAA-fpp_base,0,0,-641.4770589,0.02284946336,2.733e-05,0,0
MeanCVaR,0.01,200,case03,FPP-SAA-fpp_base,FPP-Branch-Benders-Combinatorial-MeanCVaR,FPP-SAA-MeanCVaR,FPP-Branch-Benders-Combinatorial,FPP-SAA-fpp_base,0,0,-513.1380345,0.2183460051,-9.201e-05,0,0
CVaR,0.01,200,case04,FPP-SAA-fpp_base,FPP-Branch-Benders-CVaR-LLBI-RootCuts,FPP-SAA-CVaR,FPP-Branch-Benders-LLBI-RootCuts,FPP-SAA-fpp_base,-0.2,-0.08426374552,-1752.12737,0.02661965946,-0.04121293,0.64,-2.45
CVaR,0.01,200,case04,FPP-SAA-fpp_base,FPP-Branch-Benders-CVaR-ProjectedCoverageLLBI-exp-RootCuts,FPP-SAA-CVaR,FPP-Branch-Benders-ProjectedCoverageLLBI-exp-RootCuts,FPP-SAA-fpp_base,-0.2,-0.08426374552,-1758.850314,0.0228847818,-0.04120751,0.64,-2.45
CVaR,0.01,200,case04,FPP-SAA-fpp_base,FPP-Branch-Benders-CVaR-ProjectedCoverageLLBI-poly-RootCuts,FPP-SAA-CVaR,FPP-Branch-Benders-ProjectedCoverageLLBI-poly-RootCuts,FPP-SAA-fpp_base,-0.2,-0.08426374552,-1752.579637,0.0263684066,-0.04121293,0.64,-2.45
CVaR,0.01,200,case04,FPP-SAA-fpp_base,FPP-Branch-Benders-CVaR-ProjectedPathLLBI-exp-RootCuts,FPP-SAA-CVaR,FPP-Branch-Benders-ProjectedPathLLBI-exp-RootCuts,FPP-SAA-fpp_base,-0.2,-0.08426374552,-1755.683144,0.02464427797,-0.04120461,0.64,-2.45
CVaR,0.01,200,case04,FPP-SAA-fpp_base,FPP-Branch-Benders-CVaR-ProjectedPathLLBI-poly-RootCuts,FPP-SAA-CVaR,FPP-Branch-Benders-ProjectedPathLLBI-poly-RootCuts,FPP-SAA-fpp_base,-0.2,-0.08426374552,-1766.257882,0.01876956656,-0.04120748,0.64,-2.45
CVaR,0.01,200,case04,FPP-SAA-fpp_base,FPP-Branch-Benders-CVaR-RootCuts,FPP-SAA-CVaR,FPP-Branch-Benders-RootCuts,FPP-SAA-fpp_base,-0.2,-0.08426374552,-1733.323485,0.03706600763,-0.04120305,0.64,-2.45
CVaR,0.01,200,case04,FPP-SAA-fpp_base,FPP-Branch-Benders-Combinatorial-CVaR,FPP-SAA-CVaR,FPP-Branch-Benders-Combinatorial,FPP-SAA-fpp_base,-0.2,-0.08426374552,-332.6990398,0.8151717106,-0.04122343,0.64,-2.45
Expected,0.01,200,case04,FPP-SAA-fpp_base,FPP-Branch-Benders-LLBI-RootCuts,FPP-SAA,FPP-Branch-Benders-LLBI-RootCuts,FPP-SAA-fpp_base,-0.065,-0.06250901572,-9.41616848,0.5079643116,-5.804e-05,-1.1,0.5
Expected,0.01,200,case04,FPP-SAA-fpp_base,FPP-Branch-Benders-ProjectedCoverageLLBI-exp-RootCuts,FPP-SAA,FPP-Branch-Benders-ProjectedCoverageLLBI-exp-RootCuts,FPP-SAA-fpp_base,-0.065,-0.06250901572,-4.39268904,0.7704629244,-0.00076452,-1.1,0.5
Expected,0.01,200,case04,FPP-SAA-fpp_base,FPP-Branch-Benders-ProjectedCoverageLLBI-poly-RootCuts,FPP-SAA,FPP-Branch-Benders-ProjectedCoverageLLBI-poly-RootCuts,FPP-SAA-fpp_base,-0.065,-0.06250901572,-9.12285654,0.523291134,-5.804e-05,-1.1,0.5
Expected,0.01,200,case04,FPP-SAA-fpp_base,FPP-Branch-Benders-ProjectedPathLLBI-exp-RootCuts,FPP-SAA,FPP-Branch-Benders-ProjectedPathLLBI-exp-RootCuts,FPP-SAA-fpp_base,-0.065,-0.06250901572,-13.58451235,0.2901502453,-0.00033618,-1.1,0.5
Expected,0.01,200,case04,FPP-SAA-fpp_base,FPP-Branch-Benders-ProjectedPathLLBI-poly-RootCuts,FPP-SAA,FPP-Branch-Benders-ProjectedPathLLBI-poly-RootCuts,FPP-SAA-fpp_base,-0.065,-0.06250901572,-13.16277435,0.312187887,-0.00020106,-1.1,0.5
Expected,0.01,200,case04,FPP-SAA-fpp_base,FPP-Branch-Benders-RootCuts,FPP-SAA,FPP-Branch-Benders-RootCuts,FPP-SAA-fpp_base,-0.065,-0.06250901572,-5.19030192,0.7287841882,-5.109e-05,-1.1,0.5
Expected,0.01,200,case04,FPP-SAA-fpp_base,FPP-Branch-Benders-Combinatorial,FPP-SAA,FPP-Branch-Benders-Combinatorial,FPP-SAA-fpp_base,-0.065,-0.06250901572,-4.9060638,0.7436368641,-0.00054761,-1.1,0.5
MeanCVaR,0.01,200,case04,FPP-SAA-fpp_base,FPP-Branch-Benders-MeanCVaR-LLBI-RootCuts,FPP-SAA-MeanCVaR,FPP-Branch-Benders-LLBI-RootCuts,FPP-SAA-fpp_base,0,0,-1121.525081,0.04728792096,-2.332e-05,0,0
MeanCVaR,0.01,200,case04,FPP-SAA-fpp_base,FPP-Branch-Benders-MeanCVaR-ProjectedCoverageLLBI-exp-RootCuts,FPP-SAA-MeanCVaR,FPP-Branch-Benders-ProjectedCoverageLLBI-exp-RootCuts,FPP-SAA-fpp_base,0,0,-1134.873874,0.03594840118,-1.421e-05,0,0
MeanCVaR,0.01,200,case04,FPP-SAA-fpp_base,FPP-Branch-Benders-MeanCVaR-ProjectedCoverageLLBI-poly-RootCuts,FPP-SAA-MeanCVaR,FPP-Branch-Benders-ProjectedCoverageLLBI-poly-RootCuts,FPP-SAA-fpp_base,0,0,-1141.485928,0.03033159967,-2.332e-05,0,0
MeanCVaR,0.01,200,case04,FPP-SAA-fpp_base,FPP-Branch-Benders-MeanCVaR-ProjectedPathLLBI-exp-RootCuts,FPP-SAA-MeanCVaR,FPP-Branch-Benders-ProjectedPathLLBI-exp-RootCuts,FPP-SAA-fpp_base,0,0,-1152.836912,0.02068917606,-2.179e-05,0,0
MeanCVaR,0.01,200,case04,FPP-SAA-fpp_base,FPP-Branch-Benders-MeanCVaR-ProjectedPathLLBI-poly-RootCuts,FPP-SAA-MeanCVaR,FPP-Branch-Benders-ProjectedPathLLBI-poly-RootCuts,FPP-SAA-fpp_base,0,0,-1159.262414,0.01523084686,-1.296e-05,0,0
MeanCVaR,0.01,200,case04,FPP-SAA-fpp_base,FPP-Branch-Benders-MeanCVaR-RootCuts,FPP-SAA-MeanCVaR,FPP-Branch-Benders-RootCuts,FPP-SAA-fpp_base,0,0,-1152.860339,0.02066927555,3.88e-06,0,0
MeanCVaR,0.01,200,case04,FPP-SAA-fpp_base,FPP-Branch-Benders-Combinatorial-MeanCVaR,FPP-SAA-MeanCVaR,FPP-Branch-Benders-Combinatorial,FPP-SAA-fpp_base,0,0,-413.1824771,0.6490101351,-5.21e-06,0,0
CVaR,0.02,200,case00,FPP-SAA-fpp_base,FPP-Branch-Benders-CVaR-LLBI-RootCuts,FPP-SAA-CVaR,FPP-Branch-Benders-LLBI-RootCuts,FPP-SAA-fpp_base,-2.75,-1.625295508,0.6953092,1.000386262,-0.09242428,-3.705,-13.2
CVaR,0.02,200,case00,FPP-SAA-fpp_base,FPP-Branch-Benders-CVaR-ProjectedCoverageLLBI-exp-RootCuts,FPP-SAA-CVaR,FPP-Branch-Benders-ProjectedCoverageLLBI-exp-RootCuts,FPP-SAA-fpp_base,-2.85,-1.684397163,5.21814788,1.002898816,-0.09912008,1.98,0.7
CVaR,0.02,200,case00,FPP-SAA-fpp_base,FPP-Branch-Benders-CVaR-ProjectedCoverageLLBI-poly-RootCuts,FPP-SAA-CVaR,FPP-Branch-Benders-ProjectedCoverageLLBI-poly-RootCuts,FPP-SAA-fpp_base,-2.75,-1.625295508,0.93804585,1.000521109,-0.08555207,-3.705,-13.2
CVaR,0.02,200,case00,FPP-SAA-fpp_base,FPP-Branch-Benders-CVaR-ProjectedPathLLBI-exp-RootCuts,FPP-SAA-CVaR,FPP-Branch-Benders-ProjectedPathLLBI-exp-RootCuts,FPP-SAA-fpp_base,-2.75,-1.625295508,4.22631523,1.002347827,-0.08948554,-0.77,-3.95
CVaR,0.02,200,case00,FPP-SAA-fpp_base,FPP-Branch-Benders-CVaR-ProjectedPathLLBI-poly-RootCuts,FPP-SAA-CVaR,FPP-Branch-Benders-ProjectedPathLLBI-poly-RootCuts,FPP-SAA-fpp_base,-2.75,-1.625295508,1.07818251,1.000598958,-0.0903789,-1.085,-5.05
CVaR,0.02,200,case00,FPP-SAA-fpp_base,FPP-Branch-Benders-CVaR-RootCuts,FPP-SAA-CVaR,FPP-Branch-Benders-RootCuts,FPP-SAA-fpp_base,-2.85,-1.684397163,1.40206566,1.000778884,-0.0808149,1.98,0.7
CVaR,0.02,200,case00,FPP-SAA-fpp_base,FPP-Branch-Benders-Combinatorial-CVaR,FPP-SAA-CVaR,FPP-Branch-Benders-Combinatorial,FPP-SAA-fpp_base,-2.75,-1.625295508,8.72719111,1.00484818,-0.0257051,-1.085,-5.05
Expected,0.02,200,case00,FPP-SAA-fpp_base,FPP-Branch-Benders-LLBI-RootCuts,FPP-SAA,FPP-Branch-Benders-LLBI-RootCuts,FPP-SAA-fpp_base,0,0,83.88188219,1.337747742,0.000316,0,0
Expected,0.02,200,case00,FPP-SAA-fpp_base,FPP-Branch-Benders-ProjectedCoverageLLBI-exp-RootCuts,FPP-SAA,FPP-Branch-Benders-ProjectedCoverageLLBI-exp-RootCuts,FPP-SAA-fpp_base,0,0,-231.403182,0.06826241786,0.00029893,0,0
Expected,0.02,200,case00,FPP-SAA-fpp_base,FPP-Branch-Benders-ProjectedCoverageLLBI-poly-RootCuts,FPP-SAA,FPP-Branch-Benders-ProjectedCoverageLLBI-poly-RootCuts,FPP-SAA-fpp_base,0,0,-128.4005623,0.4829992032,0.000316,0,0
Expected,0.02,200,case00,FPP-SAA-fpp_base,FPP-Branch-Benders-ProjectedPathLLBI-exp-RootCuts,FPP-SAA,FPP-Branch-Benders-ProjectedPathLLBI-exp-RootCuts,FPP-SAA-fpp_base,0,0,-216.7222528,0.1273747142,0.0002947,0,0
Expected,0.02,200,case00,FPP-SAA-fpp_base,FPP-Branch-Benders-ProjectedPathLLBI-poly-RootCuts,FPP-SAA,FPP-Branch-Benders-ProjectedPathLLBI-poly-RootCuts,FPP-SAA-fpp_base,0,0,-14.1465442,0.9430393879,0.00031742,0,0
Expected,0.02,200,case00,FPP-SAA-fpp_base,FPP-Branch-Benders-RootCuts,FPP-SAA,FPP-Branch-Benders-RootCuts,FPP-SAA-fpp_base,0,0,184.2508503,1.741880212,0.00031418,0,0
Expected,0.02,200,case00,FPP-SAA-fpp_base,FPP-Branch-Benders-Combinatorial,FPP-SAA,FPP-Branch-Benders-Combinatorial,FPP-SAA-fpp_base,0,0,-55.72652833,0.7756188989,0.00015762,0,0
MeanCVaR,0.02,200,case00,FPP-SAA-fpp_base,FPP-Branch-Benders-MeanCVaR-LLBI-RootCuts,FPP-SAA-MeanCVaR,FPP-Branch-Benders-LLBI-RootCuts,FPP-SAA-fpp_base,0.8925,0.7130160379,2.01179112,1.001117601,0.00371732,1.28,6.55
MeanCVaR,0.02,200,case00,FPP-SAA-fpp_base,FPP-Branch-Benders-MeanCVaR-ProjectedCoverageLLBI-exp-RootCuts,FPP-SAA-MeanCVaR,FPP-Branch-Benders-ProjectedCoverageLLBI-exp-RootCuts,FPP-SAA-fpp_base,0.0925,0.07389802073,5.16583205,1.002869752,-0.02404812,2.58,6.75
MeanCVaR,0.02,200,case00,FPP-SAA-fpp_base,FPP-Branch-Benders-MeanCVaR-ProjectedCoverageLLBI-poly-RootCuts,FPP-SAA-MeanCVaR,FPP-Branch-Benders-ProjectedCoverageLLBI-poly-RootCuts,FPP-SAA-fpp_base,0.8925,0.7130160379,2.58263046,1.001434717,0.00338508,1.28,6.55
MeanCVaR,0.02,200,case00,FPP-SAA-fpp_base,FPP-Branch-Benders-MeanCVaR-ProjectedPathLLBI-exp-RootCuts,FPP-SAA-MeanCVaR,FPP-Branch-Benders-ProjectedPathLLBI-exp-RootCuts,FPP-SAA-fpp_base,0,0,4.47888807,1.002488137,-0.0319071,0,0
MeanCVaR,0.02,200,case00,FPP-SAA-fpp_base,FPP-Branch-Benders-MeanCVaR-ProjectedPathLLBI-poly-RootCuts,FPP-SAA-MeanCVaR,FPP-Branch-Benders-ProjectedPathLLBI-poly-RootCuts,FPP-SAA-fpp_base,0,0,1.06331736,1.0005907,-0.01430624,0,0
MeanCVaR,0.02,200,case00,FPP-SAA-fpp_base,FPP-Branch-Benders-MeanCVaR-RootCuts,FPP-SAA-MeanCVaR,FPP-Branch-Benders-RootCuts,FPP-SAA-fpp_base,0.095,0.07589526453,1.35643693,1.000753535,-0.00483474,5.685,13.9
MeanCVaR,0.02,200,case00,FPP-SAA-fpp_base,FPP-Branch-Benders-Combinatorial-MeanCVaR,FPP-SAA-MeanCVaR,FPP-Branch-Benders-Combinatorial,FPP-SAA-fpp_base,3.4675,2.770177156,9.45733487,1.005253791,0.09010306,1.16,5.15
CVaR,0.02,200,case01,FPP-SAA-fpp_base,FPP-Branch-Benders-CVaR-LLBI-RootCuts,FPP-SAA-CVaR,FPP-Branch-Benders-LLBI-RootCuts,FPP-SAA-fpp_base,-3.15,-1.723194748,0.66834749,1.000371287,-0.05648474,-2.22,-6.55
CVaR,0.02,200,case01,FPP-SAA-fpp_base,FPP-Branch-Benders-CVaR-ProjectedCoverageLLBI-exp-RootCuts,FPP-SAA-CVaR,FPP-Branch-Benders-ProjectedCoverageLLBI-exp-RootCuts,FPP-SAA-fpp_base,-5.15,-2.817286652,4.89308942,1.002718255,-0.07663099,1.265,-7.1
CVaR,0.02,200,case01,FPP-SAA-fpp_base,FPP-Branch-Benders-CVaR-ProjectedCoverageLLBI-poly-RootCuts,FPP-SAA-CVaR,FPP-Branch-Benders-ProjectedCoverageLLBI-poly-RootCuts,FPP-SAA-fpp_base,-2.6,-1.422319475,0.97587886,1.000542129,-0.04932894,-1.655,-4.4
CVaR,0.02,200,case01,FPP-SAA-fpp_base,FPP-Branch-Benders-CVaR-ProjectedPathLLBI-exp-RootCuts,FPP-SAA-CVaR,FPP-Branch-Benders-ProjectedPathLLBI-exp-RootCuts,FPP-SAA-fpp_base,-5,-2.735229759,2.00179842,1.001112058,-0.08068042,-0.545,-8.35
CVaR,0.02,200,case01,FPP-SAA-fpp_base,FPP-Branch-Benders-CVaR-ProjectedPathLLBI-poly-RootCuts,FPP-SAA-CVaR,FPP-Branch-Benders-ProjectedPathLLBI-poly-RootCuts,FPP-SAA-fpp_base,-2.5,-1.36761488,0.98004104,1.000544442,-0.05320294,2.435,0.15
CVaR,0.02,200,case01,FPP-SAA-fpp_base,FPP-Branch-Benders-CVaR-RootCuts,FPP-SAA-CVaR,FPP-Branch-Benders-RootCuts,FPP-SAA-fpp_base,-3.75,-2.051422319,0.50934951,1.000282959,-0.05138507,0.21,-6.2
CVaR,0.02,200,case01,FPP-SAA-fpp_base,FPP-Branch-Benders-Combinatorial-CVaR,FPP-SAA-CVaR,FPP-Branch-Benders-Combinatorial,FPP-SAA-fpp_base,-1.75,-0.9573304158,18.36787592,1.010203894,-0.01050516,4.135,1.55
Expected,0.02,200,case01,FPP-SAA-fpp_base,FPP-Branch-Benders-LLBI-RootCuts,FPP-SAA,FPP-Branch-Benders-LLBI-RootCuts,FPP-SAA-fpp_base,0,0,137.2652467,2.046903921,0.00099994,0,0
Expected,0.02,200,case01,FPP-SAA-fpp_base,FPP-Branch-Benders-ProjectedCoverageLLBI-exp-RootCuts,FPP-SAA,FPP-Branch-Benders-ProjectedCoverageLLBI-exp-RootCuts,FPP-SAA-fpp_base,0,0,-93.59467807,0.2861657424,0.00097726,0,0
Expected,0.02,200,case01,FPP-SAA-fpp_base,FPP-Branch-Benders-ProjectedCoverageLLBI-poly-RootCuts,FPP-SAA,FPP-Branch-Benders-ProjectedCoverageLLBI-poly-RootCuts,FPP-SAA-fpp_base,0,0,153.727628,2.17246033,0.00099994,0,0
Expected,0.02,200,case01,FPP-SAA-fpp_base,FPP-Branch-Benders-ProjectedPathLLBI-exp-RootCuts,FPP-SAA,FPP-Branch-Benders-ProjectedPathLLBI-exp-RootCuts,FPP-SAA-fpp_base,0,0,-120.4629973,0.08124461782,0.00088764,0,0
Expected,0.02,200,case01,FPP-SAA-fpp_base,FPP-Branch-Benders-ProjectedPathLLBI-poly-RootCuts,FPP-SAA,FPP-Branch-Benders-ProjectedPathLLBI-poly-RootCuts,FPP-SAA-fpp_base,0,0,197.3091452,2.504850811,0.00099985,0,0
Expected,0.02,200,case01,FPP-SAA-fpp_base,FPP-Branch-Benders-RootCuts,FPP-SAA,FPP-Branch-Benders-RootCuts,FPP-SAA-fpp_base,0,0,330.5146947,3.520791958,0.00099423,0,0
Expected,0.02,200,case01,FPP-SAA-fpp_base,FPP-Branch-Benders-Combinatorial,FPP-SAA,FPP-Branch-Benders-Combinatorial,FPP-SAA-fpp_base,0,0,-6.54189964,0.9501057948,0,0,0
MeanCVaR,0.02,200,case01,FPP-SAA-fpp_base,FPP-Branch-Benders-MeanCVaR-LLBI-RootCuts,FPP-SAA-MeanCVaR,FPP-Branch-Benders-LLBI-RootCuts,FPP-SAA-fpp_base,-2.405,-1.774973246,0.76864082,1.000427016,-0.01750059,2.3,8.5
MeanCVaR,0.02,200,case01,FPP-SAA-fpp_base,FPP-Branch-Benders-MeanCVaR-ProjectedCoverageLLBI-exp-RootCuts,FPP-SAA-MeanCVaR,FPP-Branch-Benders-ProjectedCoverageLLBI-exp-RootCuts,FPP-SAA-fpp_base,-4.415,-3.25842282,5.19721161,1.002887292,-0.06690765,-0.7,-1.75
MeanCVaR,0.02,200,case01,FPP-SAA-fpp_base,FPP-Branch-Benders-MeanCVaR-ProjectedCoverageLLBI-poly-RootCuts,FPP-SAA-MeanCVaR,FPP-Branch-Benders-ProjectedCoverageLLBI-poly-RootCuts,FPP-SAA-fpp_base,-4.1625,-3.07206908,1.0195045,1.000566382,-0.03406968,2.24,2.4
MeanCVaR,0.02,200,case01,FPP-SAA-fpp_base,FPP-Branch-Benders-MeanCVaR-ProjectedPathLLBI-exp-RootCuts,FPP-SAA-MeanCVaR,FPP-Branch-Benders-ProjectedPathLLBI-exp-RootCuts,FPP-SAA-fpp_base,-4.415,-3.25842282,6.12623454,1.003403407,-0.06425416,-0.7,-1.75
MeanCVaR,0.02,200,case01,FPP-SAA-fpp_base,FPP-Branch-Benders-MeanCVaR-ProjectedPathLLBI-poly-RootCuts,FPP-SAA-MeanCVaR,FPP-Branch-Benders-ProjectedPathLLBI-poly-RootCuts,FPP-SAA-fpp_base,-4.1625,-3.07206908,1.06879019,1.000593763,-0.04276754,2.24,2.4
MeanCVaR,0.02,200,case01,FPP-SAA-fpp_base,FPP-Branch-Benders-MeanCVaR-RootCuts,FPP-SAA-MeanCVaR,FPP-Branch-Benders-RootCuts,FPP-SAA-fpp_base,-2.9975,-2.212258755,0.58453787,1.000324738,-0.02489078,0.375,2.7
MeanCVaR,0.02,200,case01,FPP-SAA-fpp_base,FPP-Branch-Benders-Combinatorial-MeanCVaR,FPP-SAA-MeanCVaR,FPP-Branch-Benders-Combinatorial,FPP-SAA-fpp_base,1.16,0.856120152,229.7698563,1.127647808,0.04579849,-1.79,2.65
CVaR,0.02,200,case02,FPP-SAA-fpp_base,FPP-Branch-Benders-CVaR-LLBI-RootCuts,FPP-SAA-CVaR,FPP-Branch-Benders-LLBI-RootCuts,FPP-SAA-fpp_base,-2.85,-1.585535466,0.65386901,1.00036324,-0.05488801,-0.42,-1.1
CVaR,0.02,200,case02,FPP-SAA-fpp_base,FPP-Branch-Benders-CVaR-ProjectedCoverageLLBI-exp-RootCuts,FPP-SAA-CVaR,FPP-Branch-Benders-ProjectedCoverageLLBI-exp-RootCuts,FPP-SAA-fpp_base,-2.85,-1.585535466,4.86127846,1.002700559,-0.06375467,-0.42,-1.1
CVaR,0.02,200,case02,FPP-SAA-fpp_base,FPP-Branch-Benders-CVaR-ProjectedCoverageLLBI-poly-RootCuts,FPP-SAA-CVaR,FPP-Branch-Benders-ProjectedCoverageLLBI-poly-RootCuts,FPP-SAA-fpp_base,-2.85,-1.585535466,2.36164465,1.001311951,-0.05269301,-0.42,-1.1
CVaR,0.02,200,case02,FPP-SAA-fpp_base,FPP-Branch-Benders-CVaR-ProjectedPathLLBI-exp-RootCuts,FPP-SAA-CVaR,FPP-Branch-Benders-ProjectedPathLLBI-exp-RootCuts,FPP-SAA-fpp_base,-2.85,-1.585535466,2.2313589,1.001239575,-0.0706366,-0.42,-1.1
CVaR,0.02,200,case02,FPP-SAA-fpp_base,FPP-Branch-Benders-CVaR-ProjectedPathLLBI-poly-RootCuts,FPP-SAA-CVaR,FPP-Branch-Benders-ProjectedPathLLBI-poly-RootCuts,FPP-SAA-fpp_base,-2.85,-1.585535466,0.93960036,1.000521971,-0.0578329,-0.42,-1.1
CVaR,0.02,200,case02,FPP-SAA-fpp_base,FPP-Branch-Benders-CVaR-RootCuts,FPP-SAA-CVaR,FPP-Branch-Benders-RootCuts,FPP-SAA-fpp_base,3.85,2.1418637,0.49626363,1.000275687,0.01290197,-1.42,12.8
CVaR,0.02,200,case02,FPP-SAA-fpp_base,FPP-Branch-Benders-Combinatorial-CVaR,FPP-SAA-CVaR,FPP-Branch-Benders-Combinatorial,FPP-SAA-fpp_base,3.85,2.1418637,25.06442049,1.0139239,0.04045112,2.245,4.45
Expected,0.02,200,case02,FPP-SAA-fpp_base,FPP-Branch-Benders-LLBI-RootCuts,FPP-SAA,FPP-Branch-Benders-LLBI-RootCuts,FPP-SAA-fpp_base,0,0,-0.57782588,0.9920718957,0.00099811,0,0
Expected,0.02,200,case02,FPP-SAA-fpp_base,FPP-Branch-Benders-ProjectedCoverageLLBI-exp-RootCuts,FPP-SAA,FPP-Branch-Benders-ProjectedCoverageLLBI-exp-RootCuts,FPP-SAA-fpp_base,0,0,-60.49791452,0.1699337203,0.00090252,0,0
Expected,0.02,200,case02,FPP-SAA-fpp_base,FPP-Branch-Benders-ProjectedCoverageLLBI-poly-RootCuts,FPP-SAA,FPP-Branch-Benders-ProjectedCoverageLLBI-poly-RootCuts,FPP-SAA-fpp_base,0,0,62.40153052,1.856184989,0.00099811,0,0
Expected,0.02,200,case02,FPP-SAA-fpp_base,FPP-Branch-Benders-ProjectedPathLLBI-exp-RootCuts,FPP-SAA,FPP-Branch-Benders-ProjectedPathLLBI-exp-RootCuts,FPP-SAA-fpp_base,0,0,-64.0835273,0.1207370449,0.00094075,0,0
Expected,0.02,200,case02,FPP-SAA-fpp_base,FPP-Branch-Benders-ProjectedPathLLBI-poly-RootCuts,FPP-SAA,FPP-Branch-Benders-ProjectedPathLLBI-poly-RootCuts,FPP-SAA-fpp_base,0,0,104.0925416,2.428209706,0.00099571,0,0
Expected,0.02,200,case02,FPP-SAA-fpp_base,FPP-Branch-Benders-RootCuts,FPP-SAA,FPP-Branch-Benders-RootCuts,FPP-SAA-fpp_base,0,0,77.32775893,2.060981452,0.000997,0,0
Expected,0.02,200,case02,FPP-SAA-fpp_base,FPP-Branch-Benders-Combinatorial,FPP-SAA,FPP-Branch-Benders-Combinatorial,FPP-SAA-fpp_base,0,0,55.34491475,1.759364151,0.00080202,0,0
MeanCVaR,0.02,200,case02,FPP-SAA-fpp_base,FPP-Branch-Benders-MeanCVaR-LLBI-RootCuts,FPP-SAA-MeanCVaR,FPP-Branch-Benders-LLBI-RootCuts,FPP-SAA-fpp_base,-2.04,-1.522416463,1.9285397,1.001071364,-0.03410134,1.97,-3.6
MeanCVaR,0.02,200,case02,FPP-SAA-fpp_base,FPP-Branch-Benders-MeanCVaR-ProjectedCoverageLLBI-exp-RootCuts,FPP-SAA-MeanCVaR,FPP-Branch-Benders-ProjectedCoverageLLBI-exp-RootCuts,FPP-SAA-fpp_base,-2.04,-1.522416463,5.01699175,1.002787095,-0.05274801,1.97,-3.6
MeanCVaR,0.02,200,case02,FPP-SAA-fpp_base,FPP-Branch-Benders-MeanCVaR-ProjectedCoverageLLBI-poly-RootCuts,FPP-SAA-MeanCVaR,FPP-Branch-Benders-ProjectedCoverageLLBI-poly-RootCuts,FPP-SAA-fpp_base,-2.04,-1.522416463,0.94321415,1.000523985,-0.03388893,1.97,-3.6
MeanCVaR,0.02,200,case02,FPP-SAA-fpp_base,FPP-Branch-Benders-MeanCVaR-ProjectedPathLLBI-exp-RootCuts,FPP-SAA-MeanCVaR,FPP-Branch-Benders-ProjectedPathLLBI-exp-RootCuts,FPP-SAA-fpp_base,-2.04,-1.522416463,2.23251482,1.001240231,-0.06441098,1.97,-3.6
MeanCVaR,0.02,200,case02,FPP-SAA-fpp_base,FPP-Branch-Benders-MeanCVaR-ProjectedPathLLBI-poly-RootCuts,FPP-SAA-MeanCVaR,FPP-Branch-Benders-ProjectedPathLLBI-poly-RootCuts,FPP-SAA-fpp_base,-2.04,-1.522416463,0.9411969,1.000522864,-0.03578906,1.97,-3.6
MeanCVaR,0.02,200,case02,FPP-SAA-fpp_base,FPP-Branch-Benders-MeanCVaR-RootCuts,FPP-SAA-MeanCVaR,FPP-Branch-Benders-RootCuts,FPP-SAA-fpp_base,-1.0625,-0.7929252411,1.21802367,1.00067665,-0.00827304,1.495,-4.25
MeanCVaR,0.02,200,case02,FPP-SAA-fpp_base,FPP-Branch-Benders-Combinatorial-MeanCVaR,FPP-SAA-MeanCVaR,FPP-Branch-Benders-Combinatorial,FPP-SAA-fpp_base,-1.305,-0.9738987668,10.263777,1.005701847,-0.00291185,1.01,-0.05
CVaR,0.02,200,case03,FPP-SAA-fpp_base,FPP-Branch-Benders-CVaR-LLBI-RootCuts,FPP-SAA-CVaR,FPP-Branch-Benders-LLBI-RootCuts,FPP-SAA-fpp_base,-4,-2.137323003,0.70097879,1.000389424,-0.09049131,-1.925,-5.15
CVaR,0.02,200,case03,FPP-SAA-fpp_base,FPP-Branch-Benders-CVaR-ProjectedCoverageLLBI-exp-RootCuts,FPP-SAA-CVaR,FPP-Branch-Benders-ProjectedCoverageLLBI-exp-RootCuts,FPP-SAA-fpp_base,-4.15,-2.217472616,18.69476564,1.01038576,-0.08305021,-3.565,-11.5
CVaR,0.02,200,case03,FPP-SAA-fpp_base,FPP-Branch-Benders-CVaR-ProjectedCoverageLLBI-poly-RootCuts,FPP-SAA-CVaR,FPP-Branch-Benders-ProjectedCoverageLLBI-poly-RootCuts,FPP-SAA-fpp_base,-4,-2.137323003,1.19703787,1.000665007,-0.07663179,-1.925,-5.15
CVaR,0.02,200,case03,FPP-SAA-fpp_base,FPP-Branch-Benders-CVaR-ProjectedPathLLBI-exp-RootCuts,FPP-SAA-CVaR,FPP-Branch-Benders-ProjectedPathLLBI-exp-RootCuts,FPP-SAA-fpp_base,-5.1,-2.725086829,2.34829852,1.001304583,-0.11096661,-3.86,-15
CVaR,0.02,200,case03,FPP-SAA-fpp_base,FPP-Branch-Benders-CVaR-ProjectedPathLLBI-poly-RootCuts,FPP-SAA-CVaR,FPP-Branch-Benders-ProjectedPathLLBI-poly-RootCuts,FPP-SAA-fpp_base,-3.85,-2.05717339,1.18933556,1.000660728,-0.07598816,-3.325,-5.85
CVaR,0.02,200,case03,FPP-SAA-fpp_base,FPP-Branch-Benders-CVaR-RootCuts,FPP-SAA-CVaR,FPP-Branch-Benders-RootCuts,FPP-SAA-fpp_base,-3.6,-1.923590703,0.58333351,1.000324067,-0.06627343,-2.845,-1.75
CVaR,0.02,200,case03,FPP-SAA-fpp_base,FPP-Branch-Benders-Combinatorial-CVaR,FPP-SAA-CVaR,FPP-Branch-Benders-Combinatorial,FPP-SAA-fpp_base,-0.9,-0.4808976757,9.52701436,1.005292673,-0.00794294,-4.325,-5.05
Expected,0.02,200,case03,FPP-SAA-fpp_base,FPP-Branch-Benders-LLBI-RootCuts,FPP-SAA,FPP-Branch-Benders-LLBI-RootCuts,FPP-SAA-fpp_base,0,0,181.1080087,2.55528428,0.00058819,0,0
Expected,0.02,200,case03,FPP-SAA-fpp_base,FPP-Branch-Benders-ProjectedCoverageLLBI-exp-RootCuts,FPP-SAA,FPP-Branch-Benders-ProjectedCoverageLLBI-exp-RootCuts,FPP-SAA-fpp_base,0,0,-12.72774697,0.8906991197,0.00058566,0,0
Expected,0.02,200,case03,FPP-SAA-fpp_base,FPP-Branch-Benders-ProjectedCoverageLLBI-poly-RootCuts,FPP-SAA,FPP-Branch-Benders-ProjectedCoverageLLBI-poly-RootCuts,FPP-SAA-fpp_base,0,0,208.7972921,2.793068945,0.00058819,0,0
Expected,0.02,200,case03,FPP-SAA-fpp_base,FPP-Branch-Benders-ProjectedPathLLBI-exp-RootCuts,FPP-SAA,FPP-Branch-Benders-ProjectedPathLLBI-exp-RootCuts,FPP-SAA-fpp_base,0,0,-63.92362741,0.4510490534,0.00056579,0,0
Expected,0.02,200,case03,FPP-SAA-fpp_base,FPP-Branch-Benders-ProjectedPathLLBI-poly-RootCuts,FPP-SAA,FPP-Branch-Benders-ProjectedPathLLBI-poly-RootCuts,FPP-SAA-fpp_base,0,0,216.9930317,2.86345073,0.00058808,0,0
Expected,0.02,200,case03,FPP-SAA-fpp_base,FPP-Branch-Benders-RootCuts,FPP-SAA,FPP-Branch-Benders-RootCuts,FPP-SAA-fpp_base,0,0,788.7995001,7.77389957,0.00058477,0,0
Expected,0.02,200,case03,FPP-SAA-fpp_base,FPP-Branch-Benders-Combinatorial,FPP-SAA,FPP-Branch-Benders-Combinatorial,FPP-SAA-fpp_base,0,0,-13.28885507,0.8858805443,-0.00041093,0,0
MeanCVaR,0.02,200,case03,FPP-SAA-fpp_base,FPP-Branch-Benders-MeanCVaR-LLBI-RootCuts,FPP-SAA-MeanCVaR,FPP-Branch-Benders-LLBI-RootCuts,FPP-SAA-fpp_base,-2.7825,-2.022055484,0.78847437,1.000438024,-0.04433936,2.07,-6.8
MeanCVaR,0.02,200,case03,FPP-SAA-fpp_base,FPP-Branch-Benders-MeanCVaR-ProjectedCoverageLLBI-exp-RootCuts,FPP-SAA-MeanCVaR,FPP-Branch-Benders-ProjectedCoverageLLBI-exp-RootCuts,FPP-SAA-fpp_base,-2.8675,-2.083825373,5.93037114,1.003294521,-0.05329933,2.695,-0.8
MeanCVaR,0.02,200,case03,FPP-SAA-fpp_base,FPP-Branch-Benders-MeanCVaR-ProjectedCoverageLLBI-poly-RootCuts,FPP-SAA-MeanCVaR,FPP-Branch-Benders-ProjectedCoverageLLBI-poly-RootCuts,FPP-SAA-fpp_base,-2.7825,-2.022055484,3.48985532,1.001938732,-0.03071552,2.07,-6.8
MeanCVaR,0.02,200,case03,FPP-SAA-fpp_base,FPP-Branch-Benders-MeanCVaR-ProjectedPathLLBI-exp-RootCuts,FPP-SAA-MeanCVaR,FPP-Branch-Benders-ProjectedPathLLBI-exp-RootCuts,FPP-SAA-fpp_base,-2.145,-1.558781316,5.76291314,1.003201493,-0.03326619,-1.805,-12
MeanCVaR,0.02,200,case03,FPP-SAA-fpp_base,FPP-Branch-Benders-MeanCVaR-ProjectedPathLLBI-poly-RootCuts,FPP-SAA-MeanCVaR,FPP-Branch-Benders-ProjectedPathLLBI-poly-RootCuts,FPP-SAA-fpp_base,-2.225,-1.616917683,1.24632841,1.000692377,-0.02250543,-0.655,-12.6
MeanCVaR,0.02,200,case03,FPP-SAA-fpp_base,FPP-Branch-Benders-MeanCVaR-RootCuts,FPP-SAA-MeanCVaR,FPP-Branch-Benders-RootCuts,FPP-SAA-fpp_base,-1.7875,-1.29898443,0.5522765,1.000306808,-0.00595661,0.87,5.85
MeanCVaR,0.02,200,case03,FPP-SAA-fpp_base,FPP-Branch-Benders-Combinatorial-MeanCVaR,FPP-SAA-MeanCVaR,FPP-Branch-Benders-Combinatorial,FPP-SAA-fpp_base,-2.145,-1.558781316,29.99864657,1.01666526,-0.00615123,-1.805,-12
CVaR,0.02,200,case04,FPP-SAA-fpp_base,FPP-Branch-Benders-CVaR-LLBI-RootCuts,FPP-SAA-CVaR,FPP-Branch-Benders-LLBI-RootCuts,FPP-SAA-fpp_base,-3.8,-2.068027211,0.68471665,1.00038038,-0.04747888,-0.415,-9.7
CVaR,0.02,200,case04,FPP-SAA-fpp_base,FPP-Branch-Benders-CVaR-ProjectedCoverageLLBI-exp-RootCuts,FPP-SAA-CVaR,FPP-Branch-Benders-ProjectedCoverageLLBI-exp-RootCuts,FPP-SAA-fpp_base,-5,-2.721088435,5.77966359,1.003210771,-0.06177534,0.675,-12.25
CVaR,0.02,200,case04,FPP-SAA-fpp_base,FPP-Branch-Benders-CVaR-ProjectedCoverageLLBI-poly-RootCuts,FPP-SAA-CVaR,FPP-Branch-Benders-ProjectedCoverageLLBI-poly-RootCuts,FPP-SAA-fpp_base,-4.85,-2.639455782,1.05974243,1.000588718,-0.05257285,0.885,-11.9
CVaR,0.02,200,case04,FPP-SAA-fpp_base,FPP-Branch-Benders-CVaR-ProjectedPathLLBI-exp-RootCuts,FPP-SAA-CVaR,FPP-Branch-Benders-ProjectedPathLLBI-exp-RootCuts,FPP-SAA-fpp_base,-4.9,-2.666666667,2.03205422,1.001128865,-0.08539127,0.42,-12.45
CVaR,0.02,200,case04,FPP-SAA-fpp_base,FPP-Branch-Benders-CVaR-ProjectedPathLLBI-poly-RootCuts,FPP-SAA-CVaR,FPP-Branch-Benders-ProjectedPathLLBI-poly-RootCuts,FPP-SAA-fpp_base,-5.65,-3.074829932,1.1761773,1.000653401,-0.06445372,1.085,-8.25
CVaR,0.02,200,case04,FPP-SAA-fpp_base,FPP-Branch-Benders-CVaR-RootCuts,FPP-SAA-CVaR,FPP-Branch-Benders-RootCuts,FPP-SAA-fpp_base,-3,-1.632653061,0.49635118,1.000275738,-0.0378408,0.73,2.7
CVaR,0.02,200,case04,FPP-SAA-fpp_base,FPP-Branch-Benders-Combinatorial-CVaR,FPP-SAA-CVaR,FPP-Branch-Benders-Combinatorial,FPP-SAA-fpp_base,-3.4,-1.850340136,10.22703648,1.005681416,0.00043379,-0.5,-11.15
Expected,0.02,200,case04,FPP-SAA-fpp_base,FPP-Branch-Benders-LLBI-RootCuts,FPP-SAA,FPP-Branch-Benders-LLBI-RootCuts,FPP-SAA-fpp_base,0,0,730.770736,5.794105087,0.00050198,0,0
Expected,0.02,200,case04,FPP-SAA-fpp_base,FPP-Branch-Benders-ProjectedCoverageLLBI-exp-RootCuts,FPP-SAA,FPP-Branch-Benders-ProjectedCoverageLLBI-exp-RootCuts,FPP-SAA-fpp_base,0,0,-125.7335354,0.1751451558,0.00047924,0,0
Expected,0.02,200,case04,FPP-SAA-fpp_base,FPP-Branch-Benders-ProjectedCoverageLLBI-poly-RootCuts,FPP-SAA,FPP-Branch-Benders-ProjectedCoverageLLBI-poly-RootCuts,FPP-SAA-fpp_base,0,0,172.3184955,2.130468059,0.00050198,0,0
Expected,0.02,200,case04,FPP-SAA-fpp_base,FPP-Branch-Benders-ProjectedPathLLBI-exp-RootCuts,FPP-SAA,FPP-Branch-Benders-ProjectedPathLLBI-exp-RootCuts,FPP-SAA-fpp_base,0,0,-126.6708671,0.1689959402,0.00046867,0,0
Expected,0.02,200,case04,FPP-SAA-fpp_base,FPP-Branch-Benders-ProjectedPathLLBI-poly-RootCuts,FPP-SAA,FPP-Branch-Benders-ProjectedPathLLBI-poly-RootCuts,FPP-SAA-fpp_base,0,0,99.13050855,1.650329921,0.0005025,0,0
Expected,0.02,200,case04,FPP-SAA-fpp_base,FPP-Branch-Benders-RootCuts,FPP-SAA,FPP-Branch-Benders-RootCuts,FPP-SAA-fpp_base,0,0,1392.052121,10.13233635,0.00050249,0,0
Expected,0.02,200,case04,FPP-SAA-fpp_base,FPP-Branch-Benders-Combinatorial,FPP-SAA,FPP-Branch-Benders-Combinatorial,FPP-SAA-fpp_base,0,0,154.0047899,2.010323909,0.00028026,0,0
MeanCVaR,0.02,200,case04,FPP-SAA-fpp_base,FPP-Branch-Benders-MeanCVaR-LLBI-RootCuts,FPP-SAA-MeanCVaR,FPP-Branch-Benders-LLBI-RootCuts,FPP-SAA-fpp_base,-3.5375,-2.577178763,0.83210466,1.000462269,-0.02489967,-4.6,2.3
MeanCVaR,0.02,200,case04,FPP-SAA-fpp_base,FPP-Branch-Benders-MeanCVaR-ProjectedCoverageLLBI-exp-RootCuts,FPP-SAA-MeanCVaR,FPP-Branch-Benders-ProjectedCoverageLLBI-exp-RootCuts,FPP-SAA-fpp_base,-3.945,-2.874055186,5.25074192,1.002917008,-0.05353651,-3.78,2.6
MeanCVaR,0.02,200,case04,FPP-SAA-fpp_base,FPP-Branch-Benders-MeanCVaR-ProjectedCoverageLLBI-poly-RootCuts,FPP-SAA-MeanCVaR,FPP-Branch-Benders-ProjectedCoverageLLBI-poly-RootCuts,FPP-SAA-fpp_base,-3.5375,-2.577178763,1.05294139,1.000584953,-0.04080997,-4.6,2.3
MeanCVaR,0.02,200,case04,FPP-SAA-fpp_base,FPP-Branch-Benders-MeanCVaR-ProjectedPathLLBI-exp-RootCuts,FPP-SAA-MeanCVaR,FPP-Branch-Benders-ProjectedPathLLBI-exp-RootCuts,FPP-SAA-fpp_base,-4.525,-3.296603224,3.03785546,1.001687657,-0.06033143,-4.12,0.6
MeanCVaR,0.02,200,case04,FPP-SAA-fpp_base,FPP-Branch-Benders-MeanCVaR-ProjectedPathLLBI-poly-RootCuts,FPP-SAA-MeanCVaR,FPP-Branch-Benders-ProjectedPathLLBI-poly-RootCuts,FPP-SAA-fpp_base,-3.765,-2.742919588,1.13426456,1.000630132,-0.04008787,-5.33,-1.1
MeanCVaR,0.02,200,case04,FPP-SAA-fpp_base,FPP-Branch-Benders-MeanCVaR-RootCuts,FPP-SAA-MeanCVaR,FPP-Branch-Benders-RootCuts,FPP-SAA-fpp_base,-2.95,-2.149166743,1.27582375,1.000708774,-0.01082361,-1.535,-12.25
MeanCVaR,0.02,200,case04,FPP-SAA-fpp_base,FPP-Branch-Benders-Combinatorial-MeanCVaR,FPP-SAA-MeanCVaR,FPP-Branch-Benders-Combinatorial,FPP-SAA-fpp_base,-2.0225,-1.473454148,650.3338928,1.361287874,0.02824934,-4.835,-1.1
CVaR,0.03,200,case00,FPP-SAA-fpp_base,FPP-Branch-Benders-CVaR-LLBI-RootCuts,FPP-SAA-CVaR,FPP-Branch-Benders-LLBI-RootCuts,FPP-SAA-fpp_base,3.05,2.236070381,2.28552858,1.00126971,0.02857338,-0.415,8.4
CVaR,0.03,200,case00,FPP-SAA-fpp_base,FPP-Branch-Benders-CVaR-ProjectedCoverageLLBI-exp-RootCuts,FPP-SAA-CVaR,FPP-Branch-Benders-ProjectedCoverageLLBI-exp-RootCuts,FPP-SAA-fpp_base,-4.3,-3.152492669,5.68133932,1.003156229,-0.07150092,1.43,10.2
CVaR,0.03,200,case00,FPP-SAA-fpp_base,FPP-Branch-Benders-CVaR-ProjectedCoverageLLBI-poly-RootCuts,FPP-SAA-CVaR,FPP-Branch-Benders-ProjectedCoverageLLBI-poly-RootCuts,FPP-SAA-fpp_base,-0.8,-0.5865102639,2.4853147,1.0013807,0.00453138,2.49,11.1
CVaR,0.03,200,case00,FPP-SAA-fpp_base,FPP-Branch-Benders-CVaR-ProjectedPathLLBI-exp-RootCuts,FPP-SAA-CVaR,FPP-Branch-Benders-ProjectedPathLLBI-exp-RootCuts,FPP-SAA-fpp_base,-4.5,-3.299120235,2.4914925,1.001384132,-0.07006777,-0.71,5.4
CVaR,0.03,200,case00,FPP-SAA-fpp_base,FPP-Branch-Benders-CVaR-ProjectedPathLLBI-poly-RootCuts,FPP-SAA-CVaR,FPP-Branch-Benders-ProjectedPathLLBI-poly-RootCuts,FPP-SAA-fpp_base,-2.5,-1.832844575,0.99035938,1.000550187,-0.02993286,-1.07,1.05
CVaR,0.03,200,case00,FPP-SAA-fpp_base,FPP-Branch-Benders-CVaR-RootCuts,FPP-SAA-CVaR,FPP-Branch-Benders-RootCuts,FPP-SAA-fpp_base,6.15,4.508797654,1.7129624,1.000951625,0.05549418,-2.215,-4.4
CVaR,0.03,200,case00,FPP-SAA-fpp_base,FPP-Branch-Benders-Combinatorial-CVaR,FPP-SAA-CVaR,FPP-Branch-Benders-Combinatorial,FPP-SAA-fpp_base,-4.3,-3.152492669,12.76176182,1.00708971,-0.02621408,1.43,10.2
Expected,0.03,200,case00,FPP-SAA-fpp_base,FPP-Branch-Benders-LLBI-RootCuts,FPP-SAA,FPP-Branch-Benders-LLBI-RootCuts,FPP-SAA-fpp_base,0.225,0.3352704515,1148.973505,2.758164307,0.05021779,-3.19,-4.4
Expected,0.03,200,case00,FPP-SAA-fpp_base,FPP-Branch-Benders-ProjectedCoverageLLBI-exp-RootCuts,FPP-SAA,FPP-Branch-Benders-ProjectedCoverageLLBI-exp-RootCuts,FPP-SAA-fpp_base,0.385,0.5736849948,1161.321242,2.777058869,0.02220403,-0.395,-9.15
Expected,0.03,200,case00,FPP-SAA-fpp_base,FPP-Branch-Benders-ProjectedCoverageLLBI-poly-RootCuts,FPP-SAA,FPP-Branch-Benders-ProjectedCoverageLLBI-poly-RootCuts,FPP-SAA-fpp_base,0.225,0.3352704515,1147.681609,2.756187441,0.05116283,-3.19,-4.4
Expected,0.03,200,case00,FPP-SAA-fpp_base,FPP-Branch-Benders-ProjectedPathLLBI-exp-RootCuts,FPP-SAA,FPP-Branch-Benders-ProjectedPathLLBI-exp-RootCuts,FPP-SAA-fpp_base,0,0,1148.634344,2.75764532,0.00450799,0,0
Expected,0.03,200,case00,FPP-SAA-fpp_base,FPP-Branch-Benders-ProjectedPathLLBI-poly-RootCuts,FPP-SAA,FPP-Branch-Benders-ProjectedPathLLBI-poly-RootCuts,FPP-SAA-fpp_base,0.24,0.3576218149,1149.168259,2.75846232,0.04648299,-0.005,2.6
Expected,0.03,200,case00,FPP-SAA-fpp_base,FPP-Branch-Benders-RootCuts,FPP-SAA,FPP-Branch-Benders-RootCuts,FPP-SAA-fpp_base,1.47,2.190433616,1147.106324,2.755307138,0.06909237,-1.84,-7.5
Expected,0.03,200,case00,FPP-SAA-fpp_base,FPP-Branch-Benders-Combinatorial,FPP-SAA,FPP-Branch-Benders-Combinatorial,FPP-SAA-fpp_base,0.01,0.01490090896,1188.194272,2.818180097,0.00416059,1,1.2
MeanCVaR,0.03,200,case00,FPP-SAA-fpp_base,FPP-Branch-Benders-MeanCVaR-LLBI-RootCuts,FPP-SAA-MeanCVaR,FPP-Branch-Benders-LLBI-RootCuts,FPP-SAA-fpp_base,-4.9325,-4.59371362,1.84748233,1.001026323,-0.01570289,-2.635,-1.5
MeanCVaR,0.03,200,case00,FPP-SAA-fpp_base,FPP-Branch-Benders-MeanCVaR-ProjectedCoverageLLBI-exp-RootCuts,FPP-SAA-MeanCVaR,FPP-Branch-Benders-ProjectedCoverageLLBI-exp-RootCuts,FPP-SAA-fpp_base,-5.95,-5.541327125,5.68586821,1.003158642,-0.06684588,-3.31,-8.3
MeanCVaR,0.03,200,case00,FPP-SAA-fpp_base,FPP-Branch-Benders-MeanCVaR-ProjectedCoverageLLBI-poly-RootCuts,FPP-SAA-MeanCVaR,FPP-Branch-Benders-ProjectedCoverageLLBI-poly-RootCuts,FPP-SAA-fpp_base,-4.9325,-4.59371362,0.93187738,1.000517681,-0.02541238,-2.635,-1.5
MeanCVaR,0.03,200,case00,FPP-SAA-fpp_base,FPP-Branch-Benders-MeanCVaR-ProjectedPathLLBI-exp-RootCuts,FPP-SAA-MeanCVaR,FPP-Branch-Benders-ProjectedPathLLBI-exp-RootCuts,FPP-SAA-fpp_base,-5.95,-5.541327125,2.29677994,1.001275919,-0.0640678,-3.31,-8.3
MeanCVaR,0.03,200,case00,FPP-SAA-fpp_base,FPP-Branch-Benders-MeanCVaR-ProjectedPathLLBI-poly-RootCuts,FPP-SAA-MeanCVaR,FPP-Branch-Benders-ProjectedPathLLBI-poly-RootCuts,FPP-SAA-fpp_base,-4.645,-4.325960419,2.99325566,1.001662828,-0.00939065,-1.36,-3.05
MeanCVaR,0.03,200,case00,FPP-SAA-fpp_base,FPP-Branch-Benders-MeanCVaR-RootCuts,FPP-SAA-MeanCVaR,FPP-Branch-Benders-RootCuts,FPP-SAA-fpp_base,-1.1125,-1.036088475,1.55416992,1.00086338,0.02844753,0.58,3.5
MeanCVaR,0.03,200,case00,FPP-SAA-fpp_base,FPP-Branch-Benders-Combinatorial-MeanCVaR,FPP-SAA-MeanCVaR,FPP-Branch-Benders-Combinatorial,FPP-SAA-fpp_base,-2.635,-2.454016298,12.70036726,1.007055372,-0.00319221,2.085,1.35
CVaR,0.03,200,case01,FPP-SAA-fpp_base,FPP-Branch-Benders-CVaR-LLBI-RootCuts,FPP-SAA-CVaR,FPP-Branch-Benders-LLBI-RootCuts,FPP-SAA-fpp_base,-1.05,-0.6979062812,0.68024805,1.000377886,0.01695109,0.11,-1.9
CVaR,0.03,200,case01,FPP-SAA-fpp_base,FPP-Branch-Benders-CVaR-ProjectedCoverageLLBI-exp-RootCuts,FPP-SAA-CVaR,FPP-Branch-Benders-ProjectedCoverageLLBI-exp-RootCuts,FPP-SAA-fpp_base,-7.2,-4.785643071,6.32833714,1.003515465,-0.07008331,-0.105,-12.15
CVaR,0.03,200,case01,FPP-SAA-fpp_base,FPP-Branch-Benders-CVaR-ProjectedCoverageLLBI-poly-RootCuts,FPP-SAA-CVaR,FPP-Branch-Benders-ProjectedCoverageLLBI-poly-RootCuts,FPP-SAA-fpp_base,-1.05,-0.6979062812,2.61380776,1.001452001,0.01695109,0.11,-1.9
CVaR,0.03,200,case01,FPP-SAA-fpp_base,FPP-Branch-Benders-CVaR-ProjectedPathLLBI-exp-RootCuts,FPP-SAA-CVaR,FPP-Branch-Benders-ProjectedPathLLBI-exp-RootCuts,FPP-SAA-fpp_base,-1.6,-1.063476238,7.40897231,1.00411577,-0.02613112,-4.85,-17
CVaR,0.03,200,case01,FPP-SAA-fpp_base,FPP-Branch-Benders-CVaR-ProjectedPathLLBI-poly-RootCuts,FPP-SAA-CVaR,FPP-Branch-Benders-ProjectedPathLLBI-poly-RootCuts,FPP-SAA-fpp_base,-3.6,-2.392821535,0.98096723,1.000544939,-0.00085014,3.61,4.35
CVaR,0.03,200,case01,FPP-SAA-fpp_base,FPP-Branch-Benders-CVaR-RootCuts,FPP-SAA-CVaR,FPP-Branch-Benders-RootCuts,FPP-SAA-fpp_base,-2.3,-1.528747092,0.44124799,1.000245118,0.00755305,1.39,3.55
CVaR,0.03,200,case01,FPP-SAA-fpp_base,FPP-Branch-Benders-Combinatorial-CVaR,FPP-SAA-CVaR,FPP-Branch-Benders-Combinatorial,FPP-SAA-fpp_base,1.25,0.8308408109,39.35051946,1.021859672,0.02009838,3.51,-3.2
Expected,0.03,200,case01,FPP-SAA-fpp_base,FPP-Branch-Benders-LLBI-RootCuts,FPP-SAA,FPP-Branch-Benders-LLBI-RootCuts,FPP-SAA-fpp_base,1.04,1.556653196,1071.84793,2.470430159,0.08344186,1.625,8.85
Expected,0.03,200,case01,FPP-SAA-fpp_base,FPP-Branch-Benders-ProjectedCoverageLLBI-exp-RootCuts,FPP-SAA,FPP-Branch-Benders-ProjectedCoverageLLBI-exp-RootCuts,FPP-SAA-fpp_base,0.325,0.4864541236,1088.794113,2.493678026,0.04458566,0.15,0.1
Expected,0.03,200,case01,FPP-SAA-fpp_base,FPP-Branch-Benders-ProjectedCoverageLLBI-poly-RootCuts,FPP-SAA,FPP-Branch-Benders-ProjectedCoverageLLBI-poly-RootCuts,FPP-SAA-fpp_base,1.04,1.556653196,1072.386465,2.471168957,0.08896282,1.625,8.85
Expected,0.03,200,case01,FPP-SAA-fpp_base,FPP-Branch-Benders-ProjectedPathLLBI-exp-RootCuts,FPP-SAA,FPP-Branch-Benders-ProjectedPathLLBI-exp-RootCuts,FPP-SAA-fpp_base,0.055,0.08232300554,1073.301974,2.47242491,0.03517319,-1.395,4.8
Expected,0.03,200,case01,FPP-SAA-fpp_base,FPP-Branch-Benders-ProjectedPathLLBI-poly-RootCuts,FPP-SAA,FPP-Branch-Benders-ProjectedPathLLBI-poly-RootCuts,FPP-SAA-fpp_base,0.855,1.279748541,1072.144319,2.470836765,0.08288265,0.495,5.45
Expected,0.03,200,case01,FPP-SAA-fpp_base,FPP-Branch-Benders-RootCuts,FPP-SAA,FPP-Branch-Benders-RootCuts,FPP-SAA-fpp_base,1.82,2.724143092,1071.693729,2.470218617,0.09998401,0.92,3.45
Expected,0.03,200,case01,FPP-SAA-fpp_base,FPP-Branch-Benders-Combinatorial,FPP-SAA,FPP-Branch-Benders-Combinatorial,FPP-SAA-fpp_base,0.95,1.421942823,1109.993813,2.522761144,0.04234612,0.225,6.5
MeanCVaR,0.03,200,case01,FPP-SAA-fpp_base,FPP-Branch-Benders-MeanCVaR-LLBI-RootCuts,FPP-SAA-MeanCVaR,FPP-Branch-Benders-LLBI-RootCuts,FPP-SAA-fpp_base,0.675,0.6142925398,0.86891586,1.000482707,0.03444322,1.915,2.1
MeanCVaR,0.03,200,case01,FPP-SAA-fpp_base,FPP-Branch-Benders-MeanCVaR-ProjectedCoverageLLBI-exp-RootCuts,FPP-SAA-MeanCVaR,FPP-Branch-Benders-ProjectedCoverageLLBI-exp-RootCuts,FPP-SAA-fpp_base,-1.29,-1.173981298,6.29010942,1.003494328,-0.00903485,-0.265,-12.1
MeanCVaR,0.03,200,case01,FPP-SAA-fpp_base,FPP-Branch-Benders-MeanCVaR-ProjectedCoverageLLBI-poly-RootCuts,FPP-SAA-MeanCVaR,FPP-Branch-Benders-ProjectedCoverageLLBI-poly-RootCuts,FPP-SAA-fpp_base,0.6675,0.6074670671,1.05497428,1.000586067,0.03619249,-2.825,-5.65
MeanCVaR,0.03,200,case01,FPP-SAA-fpp_base,FPP-Branch-Benders-MeanCVaR-ProjectedPathLLBI-exp-RootCuts,FPP-SAA-MeanCVaR,FPP-Branch-Benders-ProjectedPathLLBI-exp-RootCuts,FPP-SAA-fpp_base,-2.2525,-2.049916957,6.58653092,1.003658999,-0.01752034,0.035,-6.5
MeanCVaR,0.03,200,case01,FPP-SAA-fpp_base,FPP-Branch-Benders-MeanCVaR-ProjectedPathLLBI-poly-RootCuts,FPP-SAA-MeanCVaR,FPP-Branch-Benders-ProjectedPathLLBI-poly-RootCuts,FPP-SAA-fpp_base,-0.26,-0.2366163857,1.20103075,1.000667206,0.0283649,0.365,-4.3
MeanCVaR,0.03,200,case01,FPP-SAA-fpp_base,FPP-Branch-Benders-MeanCVaR-RootCuts,FPP-SAA-MeanCVaR,FPP-Branch-Benders-RootCuts,FPP-SAA-fpp_base,2.705,2.461720474,0.52767622,1.000293139,0.06501392,2.63,8.35
MeanCVaR,0.03,200,case01,FPP-SAA-fpp_base,FPP-Branch-Benders-Combinatorial-MeanCVaR,FPP-SAA-MeanCVaR,FPP-Branch-Benders-Combinatorial,FPP-SAA-fpp_base,-2.235,-2.033990854,36.10926409,1.020059688,-0.00582772,-1.72,-11.25
CVaR,0.03,200,case02,FPP-SAA-fpp_base,FPP-Branch-Benders-CVaR-LLBI-RootCuts,FPP-SAA-CVaR,FPP-Branch-Benders-LLBI-RootCuts,FPP-SAA-fpp_base,-0.3,-0.2114164905,2.00914538,1.001116175,0.01261552,-1.56,1.45
CVaR,0.03,200,case02,FPP-SAA-fpp_base,FPP-Branch-Benders-CVaR-ProjectedCoverageLLBI-exp-RootCuts,FPP-SAA-CVaR,FPP-Branch-Benders-ProjectedCoverageLLBI-exp-RootCuts,FPP-SAA-fpp_base,-0.65,-0.4580690627,5.57693714,1.003098252,-0.03199289,1.2,5.5
CVaR,0.03,200,case02,FPP-SAA-fpp_base,FPP-Branch-Benders-CVaR-ProjectedCoverageLLBI-poly-RootCuts,FPP-SAA-CVaR,FPP-Branch-Benders-ProjectedCoverageLLBI-poly-RootCuts,FPP-SAA-fpp_base,-0.8,-0.563777308,1.206347,1.000670183,0.00380946,-0.41,3.8
CVaR,0.03,200,case02,FPP-SAA-fpp_base,FPP-Branch-Benders-CVaR-ProjectedPathLLBI-exp-RootCuts,FPP-SAA-CVaR,FPP-Branch-Benders-ProjectedPathLLBI-exp-RootCuts,FPP-SAA-fpp_base,-1.2,-0.8456659619,5.72823925,1.003182308,-0.04949644,-0.585,3.1
CVaR,0.03,200,case02,FPP-SAA-fpp_base,FPP-Branch-Benders-CVaR-ProjectedPathLLBI-poly-RootCuts,FPP-SAA-CVaR,FPP-Branch-Benders-ProjectedPathLLBI-poly-RootCuts,FPP-SAA-fpp_base,-1.55,-1.092318534,2.80924494,1.001560668,-0.00234788,1.405,1.1
CVaR,0.03,200,case02,FPP-SAA-fpp_base,FPP-Branch-Benders-CVaR-RootCuts,FPP-SAA-CVaR,FPP-Branch-Benders-RootCuts,FPP-SAA-fpp_base,-0.3,-0.2114164905,0.66408092,1.000368928,-0.0013912,-0.72,-0.65
CVaR,0.03,200,case02,FPP-SAA-fpp_base,FPP-Branch-Benders-Combinatorial-CVaR,FPP-SAA-CVaR,FPP-Branch-Benders-Combinatorial,FPP-SAA-fpp_base,4.7,3.312191684,34.12979352,1.018960713,0.0352232,0.215,5
Expected,0.03,200,case02,FPP-SAA-fpp_base,FPP-Branch-Benders-LLBI-RootCuts,FPP-SAA,FPP-Branch-Benders-LLBI-RootCuts,FPP-SAA-fpp_base,0.685,1.0075752,1427.087238,4.818343071,0.05230706,-2.4,-3.85
Expected,0.03,200,case02,FPP-SAA-fpp_base,FPP-Branch-Benders-ProjectedCoverageLLBI-exp-RootCuts,FPP-SAA,FPP-Branch-Benders-ProjectedCoverageLLBI-exp-RootCuts,FPP-SAA-fpp_base,0,0,1431.564167,4.830321631,0.01350382,0,0
Expected,0.03,200,case02,FPP-SAA-fpp_base,FPP-Branch-Benders-ProjectedCoverageLLBI-poly-RootCuts,FPP-SAA,FPP-Branch-Benders-ProjectedCoverageLLBI-poly-RootCuts,FPP-SAA-fpp_base,0.685,1.0075752,1427.298297,4.818907786,0.05312887,-2.4,-3.85
Expected,0.03,200,case02,FPP-SAA-fpp_base,FPP-Branch-Benders-ProjectedPathLLBI-exp-RootCuts,FPP-SAA,FPP-Branch-Benders-ProjectedPathLLBI-exp-RootCuts,FPP-SAA-fpp_base,0,0,1428.502054,4.822128582,0.01097902,0,0
Expected,0.03,200,case02,FPP-SAA-fpp_base,FPP-Branch-Benders-ProjectedPathLLBI-poly-RootCuts,FPP-SAA,FPP-Branch-Benders-ProjectedPathLLBI-poly-RootCuts,FPP-SAA-fpp_base,0.305,0.4486283739,1427.334969,4.819005905,0.04643104,-0.275,1.8
Expected,0.03,200,case02,FPP-SAA-fpp_base,FPP-Branch-Benders-RootCuts,FPP-SAA,FPP-Branch-Benders-RootCuts,FPP-SAA-fpp_base,0.455,0.6692652791,1426.874719,4.817774452,0.04838274,-1.79,-0.05
Expected,0.03,200,case02,FPP-SAA-fpp_base,FPP-Branch-Benders-Combinatorial,FPP-SAA,FPP-Branch-Benders-Combinatorial,FPP-SAA-fpp_base,0.525,0.7722291682,1468.411399,4.928910822,0.02335055,-3.31,-11.15
MeanCVaR,0.03,200,case02,FPP-SAA-fpp_base,FPP-Branch-Benders-MeanCVaR-LLBI-RootCuts,FPP-SAA-MeanCVaR,FPP-Branch-Benders-LLBI-RootCuts,FPP-SAA-fpp_base,-2.8275,-2.59314456,1.75317783,1.000973932,0.00401946,-2.38,1.45
MeanCVaR,0.03,200,case02,FPP-SAA-fpp_base,FPP-Branch-Benders-MeanCVaR-ProjectedCoverageLLBI-exp-RootCuts,FPP-SAA-MeanCVaR,FPP-Branch-Benders-ProjectedCoverageLLBI-exp-RootCuts,FPP-SAA-fpp_base,-2.475,-2.269861286,17.99146198,1.00999468,-0.02346535,-3.51,-10.5
MeanCVaR,0.03,200,case02,FPP-SAA-fpp_base,FPP-Branch-Benders-MeanCVaR-ProjectedCoverageLLBI-poly-RootCuts,FPP-SAA-MeanCVaR,FPP-Branch-Benders-ProjectedCoverageLLBI-poly-RootCuts,FPP-SAA-fpp_base,-2.8275,-2.59314456,0.95501942,1.000530536,-0.0053477,-2.38,1.45
MeanCVaR,0.03,200,case02,FPP-SAA-fpp_base,FPP-Branch-Benders-MeanCVaR-ProjectedPathLLBI-exp-RootCuts,FPP-SAA-MeanCVaR,FPP-Branch-Benders-ProjectedPathLLBI-exp-RootCuts,FPP-SAA-fpp_base,-3.385,-3.104436547,2.51132334,1.001395099,-0.03533825,-2.21,-5.8
MeanCVaR,0.03,200,case02,FPP-SAA-fpp_base,FPP-Branch-Benders-MeanCVaR-ProjectedPathLLBI-poly-RootCuts,FPP-SAA-MeanCVaR,FPP-Branch-Benders-ProjectedPathLLBI-poly-RootCuts,FPP-SAA-fpp_base,-3.005,-2.755932592,1.1298707,1.00062767,0.00615442,-2.545,-7.25
MeanCVaR,0.03,200,case02,FPP-SAA-fpp_base,FPP-Branch-Benders-MeanCVaR-RootCuts,FPP-SAA-MeanCVaR,FPP-Branch-Benders-RootCuts,FPP-SAA-fpp_base,-1.325,-1.215178264,1.74999908,1.000972166,0.026396,-4.68,-3.6
MeanCVaR,0.03,200,case02,FPP-SAA-fpp_base,FPP-Branch-Benders-Combinatorial-MeanCVaR,FPP-SAA-MeanCVaR,FPP-Branch-Benders-Combinatorial,FPP-SAA-fpp_base,-2.115,-1.939699645,46.21815967,1.025675275,0.00495246,-2.46,-4
CVaR,0.03,200,case03,FPP-SAA-fpp_base,FPP-Branch-Benders-CVaR-LLBI-RootCuts,FPP-SAA-CVaR,FPP-Branch-Benders-LLBI-RootCuts,FPP-SAA-fpp_base,-9.85,-6.452669505,0.75996264,1.000422196,-0.04491941,-7.27,-22.5
CVaR,0.03,200,case03,FPP-SAA-fpp_base,FPP-Branch-Benders-CVaR-ProjectedCoverageLLBI-exp-RootCuts,FPP-SAA-CVaR,FPP-Branch-Benders-ProjectedCoverageLLBI-exp-RootCuts,FPP-SAA-fpp_base,-5.65,-3.701277432,8.26539218,1.004591826,-0.04374754,-5.375,-23
CVaR,0.03,200,case03,FPP-SAA-fpp_base,FPP-Branch-Benders-CVaR-ProjectedCoverageLLBI-poly-RootCuts,FPP-SAA-CVaR,FPP-Branch-Benders-ProjectedCoverageLLBI-poly-RootCuts,FPP-SAA-fpp_base,-9.85,-6.452669505,1.12835111,1.000626854,-0.05071239,-7.27,-22.5
CVaR,0.03,200,case03,FPP-SAA-fpp_base,FPP-Branch-Benders-CVaR-ProjectedPathLLBI-exp-RootCuts,FPP-SAA-CVaR,FPP-Branch-Benders-ProjectedPathLLBI-exp-RootCuts,FPP-SAA-fpp_base,-10.25,-6.714706846,2.60601791,1.001447769,-0.07500166,-8.195,-25.15
CVaR,0.03,200,case03,FPP-SAA-fpp_base,FPP-Branch-Benders-CVaR-ProjectedPathLLBI-poly-RootCuts,FPP-SAA-CVaR,FPP-Branch-Benders-ProjectedPathLLBI-poly-RootCuts,FPP-SAA-fpp_base,-7,-4.585653456,1.12196155,1.000623304,-0.01867049,-4.455,-28.8
CVaR,0.03,200,case03,FPP-SAA-fpp_base,FPP-Branch-Benders-CVaR-RootCuts,FPP-SAA-CVaR,FPP-Branch-Benders-RootCuts,FPP-SAA-fpp_base,-2.85,-1.86701605,0.6559172,1.000364394,0.01691641,-6.025,-10.3
CVaR,0.03,200,case03,FPP-SAA-fpp_base,FPP-Branch-Benders-Combinatorial-CVaR,FPP-SAA-CVaR,FPP-Branch-Benders-Combinatorial,FPP-SAA-fpp_base,-6.7,-4.38912545,37.06784741,1.020592987,-0.0159801,-3.705,-16.5
Expected,0.03,200,case03,FPP-SAA-fpp_base,FPP-Branch-Benders-LLBI-RootCuts,FPP-SAA,FPP-Branch-Benders-LLBI-RootCuts,FPP-SAA-fpp_base,1.38,2.029262554,257.7743985,1.167048137,0.09204086,2.95,7.65
Expected,0.03,200,case03,FPP-SAA-fpp_base,FPP-Branch-Benders-ProjectedCoverageLLBI-exp-RootCuts,FPP-SAA,FPP-Branch-Benders-ProjectedCoverageLLBI-exp-RootCuts,FPP-SAA-fpp_base,0.14,0.2058672156,262.5972952,1.170173567,0.03119881,-0.9,-0.35
Expected,0.03,200,case03,FPP-SAA-fpp_base,FPP-Branch-Benders-ProjectedCoverageLLBI-poly-RootCuts,FPP-SAA,FPP-Branch-Benders-ProjectedCoverageLLBI-poly-RootCuts,FPP-SAA-fpp_base,0.325,0.4779060363,260.3109673,1.168691935,0.07685994,-0.52,4.85
Expected,0.03,200,case03,FPP-SAA-fpp_base,FPP-Branch-Benders-ProjectedPathLLBI-exp-RootCuts,FPP-SAA,FPP-Branch-Benders-ProjectedPathLLBI-exp-RootCuts,FPP-SAA-fpp_base,0.275,0.4043820307,262.2497288,1.16994833,0.03253327,-0.965,6.1
Expected,0.03,200,case03,FPP-SAA-fpp_base,FPP-Branch-Benders-ProjectedPathLLBI-poly-RootCuts,FPP-SAA,FPP-Branch-Benders-ProjectedPathLLBI-poly-RootCuts,FPP-SAA-fpp_base,0.945,1.389603706,260.1216055,1.168569221,0.08495128,-0.86,2.3
Expected,0.03,200,case03,FPP-SAA-fpp_base,FPP-Branch-Benders-RootCuts,FPP-SAA,FPP-Branch-Benders-RootCuts,FPP-SAA-fpp_base,0.735,1.080802882,258.4741984,1.167501636,0.08812348,-0.845,3.4
Expected,0.03,200,case03,FPP-SAA-fpp_base,FPP-Branch-Benders-Combinatorial,FPP-SAA,FPP-Branch-Benders-Combinatorial,FPP-SAA-fpp_base,0.4,0.5881920447,270.3618756,1.175205327,0.04090023,-0.665,-4.15
MeanCVaR,0.03,200,case03,FPP-SAA-fpp_base,FPP-Branch-Benders-MeanCVaR-LLBI-RootCuts,FPP-SAA-MeanCVaR,FPP-Branch-Benders-LLBI-RootCuts,FPP-SAA-fpp_base,-2.905,-2.604972314,0.6835926,1.000379745,-0.00911246,-0.435,1.6
MeanCVaR,0.03,200,case03,FPP-SAA-fpp_base,FPP-Branch-Benders-MeanCVaR-ProjectedCoverageLLBI-exp-RootCuts,FPP-SAA-MeanCVaR,FPP-Branch-Benders-ProjectedCoverageLLBI-exp-RootCuts,FPP-SAA-fpp_base,-4.6275,-4.149572937,5.89571793,1.003275154,-0.05553653,-3.025,-6.45
MeanCVaR,0.03,200,case03,FPP-SAA-fpp_base,FPP-Branch-Benders-MeanCVaR-ProjectedCoverageLLBI-poly-RootCuts,FPP-SAA-MeanCVaR,FPP-Branch-Benders-ProjectedCoverageLLBI-poly-RootCuts,FPP-SAA-fpp_base,-2.905,-2.604972314,2.57411407,1.001429956,-0.00873119,-0.435,1.6
MeanCVaR,0.03,200,case03,FPP-SAA-fpp_base,FPP-Branch-Benders-MeanCVaR-ProjectedPathLLBI-exp-RootCuts,FPP-SAA-MeanCVaR,FPP-Branch-Benders-ProjectedPathLLBI-exp-RootCuts,FPP-SAA-fpp_base,-4.38,-3.927634676,2.33977187,1.001299776,-0.05805715,-3.455,-10.65
MeanCVaR,0.03,200,case03,FPP-SAA-fpp_base,FPP-Branch-Benders-MeanCVaR-ProjectedPathLLBI-poly-RootCuts,FPP-SAA-MeanCVaR,FPP-Branch-Benders-ProjectedPathLLBI-poly-RootCuts,FPP-SAA-fpp_base,-4.095,-3.672069406,1.08485561,1.000602652,-0.03257451,-5.195,-10.2
MeanCVaR,0.03,200,case03,FPP-SAA-fpp_base,FPP-Branch-Benders-MeanCVaR-RootCuts,FPP-SAA-MeanCVaR,FPP-Branch-Benders-RootCuts,FPP-SAA-fpp_base,1.5925,1.428026991,1.21383493,1.000674302,0.0376824,4.165,4.5
MeanCVaR,0.03,200,case03,FPP-SAA-fpp_base,FPP-Branch-Benders-Combinatorial-MeanCVaR,FPP-SAA-MeanCVaR,FPP-Branch-Benders-Combinatorial,FPP-SAA-fpp_base,-1.625,-1.457170399,42.57903681,1.023653249,-0.0033498,-2.63,-9.35
CVaR,0.03,200,case04,FPP-SAA-fpp_base,FPP-Branch-Benders-CVaR-LLBI-RootCuts,FPP-SAA-CVaR,FPP-Branch-Benders-LLBI-RootCuts,FPP-SAA-fpp_base,-7.25,-4.887091338,2.2711573,1.00126172,-0.05358705,-3.365,-6.4
CVaR,0.03,200,case04,FPP-SAA-fpp_base,FPP-Branch-Benders-CVaR-ProjectedCoverageLLBI-exp-RootCuts,FPP-SAA-CVaR,FPP-Branch-Benders-ProjectedCoverageLLBI-exp-RootCuts,FPP-SAA-fpp_base,-8.6,-5.797101449,14.87177963,1.008261876,-0.08285062,-3.745,-14.85
CVaR,0.03,200,case04,FPP-SAA-fpp_base,FPP-Branch-Benders-CVaR-ProjectedCoverageLLBI-poly-RootCuts,FPP-SAA-CVaR,FPP-Branch-Benders-ProjectedCoverageLLBI-poly-RootCuts,FPP-SAA-fpp_base,-6.1,-4.11189754,3.03667919,1.001686998,-0.03111473,-1.835,-2.3
CVaR,0.03,200,case04,FPP-SAA-fpp_base,FPP-Branch-Benders-CVaR-ProjectedPathLLBI-exp-RootCuts,FPP-SAA-CVaR,FPP-Branch-Benders-ProjectedPathLLBI-exp-RootCuts,FPP-SAA-fpp_base,-8.6,-5.797101449,2.59293776,1.001440482,-0.09447933,-3.745,-14.85
CVaR,0.03,200,case04,FPP-SAA-fpp_base,FPP-Branch-Benders-CVaR-ProjectedPathLLBI-poly-RootCuts,FPP-SAA-CVaR,FPP-Branch-Benders-ProjectedPathLLBI-poly-RootCuts,FPP-SAA-fpp_base,-8.3,-5.59487698,4.1129268,1.002284898,-0.05248524,-1.455,-7.9
CVaR,0.03,200,case04,FPP-SAA-fpp_base,FPP-Branch-Benders-CVaR-RootCuts,FPP-SAA-CVaR,FPP-Branch-Benders-RootCuts,FPP-SAA-fpp_base,-3.4,-2.291877317,0.65166744,1.000362028,-0.0104379,-2.78,-10.65
CVaR,0.03,200,case04,FPP-SAA-fpp_base,FPP-Branch-Benders-Combinatorial-CVaR,FPP-SAA-CVaR,FPP-Branch-Benders-Combinatorial,FPP-SAA-fpp_base,-4,-2.696326255,13.67814646,1.007598765,-0.02548201,-2.405,-6.05
Expected,0.03,200,case04,FPP-SAA-fpp_base,FPP-Branch-Benders-LLBI-RootCuts,FPP-SAA,FPP-Branch-Benders-LLBI-RootCuts,FPP-SAA-fpp_base,1.445,2.107028288,608.414625,1.510259666,0.08499077,-2.61,0.6
Expected,0.03,200,case04,FPP-SAA-fpp_base,FPP-Branch-Benders-ProjectedCoverageLLBI-exp-RootCuts,FPP-SAA,FPP-Branch-Benders-ProjectedCoverageLLBI-exp-RootCuts,FPP-SAA-fpp_base,0.31,0.45202683,622.6938429,1.522235231,0.03942483,-3.135,-7.4
Expected,0.03,200,case04,FPP-SAA-fpp_base,FPP-Branch-Benders-ProjectedCoverageLLBI-poly-RootCuts,FPP-SAA,FPP-Branch-Benders-ProjectedCoverageLLBI-poly-RootCuts,FPP-SAA-fpp_base,0.67,0.9769612132,611.1448578,1.512549433,0.07827811,-1.35,9.2
Expected,0.03,200,case04,FPP-SAA-fpp_base,FPP-Branch-Benders-ProjectedPathLLBI-exp-RootCuts,FPP-SAA,FPP-Branch-Benders-ProjectedPathLLBI-exp-RootCuts,FPP-SAA-fpp_base,0,0,610.0937843,1.511667928,0.02719038,0,0
Expected,0.03,200,case04,FPP-SAA-fpp_base,FPP-Branch-Benders-ProjectedPathLLBI-poly-RootCuts,FPP-SAA,FPP-Branch-Benders-ProjectedPathLLBI-poly-RootCuts,FPP-SAA-fpp_base,1.155,1.684164479,608.9312261,1.510692924,0.08749372,-3.165,-7.35
Expected,0.03,200,case04,FPP-SAA-fpp_base,FPP-Branch-Benders-RootCuts,FPP-SAA,FPP-Branch-Benders-RootCuts,FPP-SAA-fpp_base,1.835,2.675707203,609.7124122,1.511348082,0.10242253,-2.605,-5.7
Expected,0.03,200,case04,FPP-SAA-fpp_base,FPP-Branch-Benders-Combinatorial,FPP-SAA,FPP-Branch-Benders-Combinatorial,FPP-SAA-fpp_base,0.31,0.45202683,652.6789303,1.547382852,0.02126376,-3.135,-7.4
MeanCVaR,0.03,200,case04,FPP-SAA-fpp_base,FPP-Branch-Benders-MeanCVaR-LLBI-RootCuts,FPP-SAA-MeanCVaR,FPP-Branch-Benders-LLBI-RootCuts,FPP-SAA-fpp_base,2.51,2.375038441,0.60188812,1.000334358,0.0407269,0.96,4.4
MeanCVaR,0.03,200,case04,FPP-SAA-fpp_base,FPP-Branch-Benders-MeanCVaR-ProjectedCoverageLLBI-exp-RootCuts,FPP-SAA-MeanCVaR,FPP-Branch-Benders-ProjectedCoverageLLBI-exp-RootCuts,FPP-SAA-fpp_base,-0.39,-0.3690298772,6.10767935,1.003392907,-0.02458967,0.665,3.65
MeanCVaR,0.03,200,case04,FPP-SAA-fpp_base,FPP-Branch-Benders-MeanCVaR-ProjectedCoverageLLBI-poly-RootCuts,FPP-SAA-MeanCVaR,FPP-Branch-Benders-ProjectedCoverageLLBI-poly-RootCuts,FPP-SAA-fpp_base,2.51,2.375038441,0.97595638,1.000542158,0.0407269,0.96,4.4
MeanCVaR,0.03,200,case04,FPP-SAA-fpp_base,FPP-Branch-Benders-MeanCVaR-ProjectedPathLLBI-exp-RootCuts,FPP-SAA-MeanCVaR,FPP-Branch-Benders-ProjectedPathLLBI-exp-RootCuts,FPP-SAA-fpp_base,-0.54,-0.5109644454,2.39647252,1.001331276,-0.04182364,-0.43,2.9
MeanCVaR,0.03,200,case04,FPP-SAA-fpp_base,FPP-Branch-Benders-MeanCVaR-ProjectedPathLLBI-poly-RootCuts,FPP-SAA-MeanCVaR,FPP-Branch-Benders-ProjectedPathLLBI-poly-RootCuts,FPP-SAA-fpp_base,2.405,2.275684243,1.11009249,1.000616673,0.03339874,0.875,4.2
MeanCVaR,0.03,200,case04,FPP-SAA-fpp_base,FPP-Branch-Benders-MeanCVaR-RootCuts,FPP-SAA-MeanCVaR,FPP-Branch-Benders-RootCuts,FPP-SAA-fpp_base,5.61,5.308352849,0.58481286,1.000324872,0.0688177,1.78,5.3
MeanCVaR,0.03,200,case04,FPP-SAA-fpp_base,FPP-Branch-Benders-Combinatorial-MeanCVaR,FPP-SAA-MeanCVaR,FPP-Branch-Benders-Combinatorial,FPP-SAA-fpp_base,3.6925,3.493955953,13.75535658,1.007641306,0.02622098,1.365,6.15
CVaR,0.01,400,case00,FPP-SAA-fpp_base,FPP-Branch-Benders-CVaR-LLBI-RootCuts,FPP-SAA-CVaR,FPP-Branch-Benders-LLBI-RootCuts,FPP-SAA-fpp_base,-4.25,-1.802374894,-1770.321035,0.01658474824,-0.0607214,-0.75,-5.55
CVaR,0.01,400,case00,FPP-SAA-fpp_base,FPP-Branch-Benders-CVaR-ProjectedCoverageLLBI-exp-RootCuts,FPP-SAA-CVaR,FPP-Branch-Benders-ProjectedCoverageLLBI-exp-RootCuts,FPP-SAA-fpp_base,-4.25,-1.802374894,-1759.039035,0.02285191118,-0.06069749,-0.75,-5.55
CVaR,0.01,400,case00,FPP-SAA-fpp_base,FPP-Branch-Benders-CVaR-ProjectedCoverageLLBI-poly-RootCuts,FPP-SAA-CVaR,FPP-Branch-Benders-ProjectedCoverageLLBI-poly-RootCuts,FPP-SAA-fpp_base,-4.25,-1.802374894,-1770.549558,0.01645780334,-0.0607214,-0.75,-5.55
CVaR,0.01,400,case00,FPP-SAA-fpp_base,FPP-Branch-Benders-CVaR-ProjectedPathLLBI-exp-RootCuts,FPP-SAA-CVaR,FPP-Branch-Benders-ProjectedPathLLBI-exp-RootCuts,FPP-SAA-fpp_base,-4.25,-1.802374894,-1765.961408,0.01900652544,-0.06070263,-0.75,-5.55
CVaR,0.01,400,case00,FPP-SAA-fpp_base,FPP-Branch-Benders-CVaR-ProjectedPathLLBI-poly-RootCuts,FPP-SAA-CVaR,FPP-Branch-Benders-ProjectedPathLLBI-poly-RootCuts,FPP-SAA-fpp_base,-4.25,-1.802374894,-1770.513477,0.0164778463,-0.06070111,-0.75,-5.55
CVaR,0.01,400,case00,FPP-SAA-fpp_base,FPP-Branch-Benders-CVaR-RootCuts,FPP-SAA-CVaR,FPP-Branch-Benders-RootCuts,FPP-SAA-fpp_base,-4.25,-1.802374894,-1767.370765,0.01822362613,-0.06070515,-0.75,-5.55
CVaR,0.01,400,case00,FPP-SAA-fpp_base,FPP-Branch-Benders-Combinatorial-CVaR,FPP-SAA-CVaR,FPP-Branch-Benders-Combinatorial,FPP-SAA-fpp_base,-4.25,-1.802374894,-987.234961,0.4515899102,-0.06077123,-0.75,-5.55
Expected,0.01,400,case00,FPP-SAA-fpp_base,FPP-Branch-Benders-LLBI-RootCuts,FPP-SAA,FPP-Branch-Benders-LLBI-RootCuts,FPP-SAA-fpp_base,0,0,-277.7734009,0.04857741967,-0.00020395,0,0
Expected,0.01,400,case00,FPP-SAA-fpp_base,FPP-Branch-Benders-ProjectedCoverageLLBI-exp-RootCuts,FPP-SAA,FPP-Branch-Benders-ProjectedCoverageLLBI-exp-RootCuts,FPP-SAA-fpp_base,0,0,-270.8213159,0.0723895291,0.00022704,0,0
Expected,0.01,400,case00,FPP-SAA-fpp_base,FPP-Branch-Benders-ProjectedCoverageLLBI-poly-RootCuts,FPP-SAA,FPP-Branch-Benders-ProjectedCoverageLLBI-poly-RootCuts,FPP-SAA-fpp_base,0,0,-277.302532,0.05019022828,-0.00020395,0,0
Expected,0.01,400,case00,FPP-SAA-fpp_base,FPP-Branch-Benders-ProjectedPathLLBI-exp-RootCuts,FPP-SAA,FPP-Branch-Benders-ProjectedPathLLBI-exp-RootCuts,FPP-SAA-fpp_base,0,0,-280.7663844,0.0383259267,0.00022789,0,0
Expected,0.01,400,case00,FPP-SAA-fpp_base,FPP-Branch-Benders-ProjectedPathLLBI-poly-RootCuts,FPP-SAA,FPP-Branch-Benders-ProjectedPathLLBI-poly-RootCuts,FPP-SAA-fpp_base,0,0,-277.8399408,0.04834950885,-0.0007278,0,0
Expected,0.01,400,case00,FPP-SAA-fpp_base,FPP-Branch-Benders-RootCuts,FPP-SAA,FPP-Branch-Benders-RootCuts,FPP-SAA-fpp_base,0,0,-227.2330005,0.2216871488,0.00026819,0,0
Expected,0.01,400,case00,FPP-SAA-fpp_base,FPP-Branch-Benders-Combinatorial,FPP-SAA,FPP-Branch-Benders-Combinatorial,FPP-SAA-fpp_base,0,0,-226.357556,0.2246856993,-7.013e-05,0,0
MeanCVaR,0.01,400,case00,FPP-SAA-fpp_base,FPP-Branch-Benders-MeanCVaR-LLBI-RootCuts,FPP-SAA-MeanCVaR,FPP-Branch-Benders-LLBI-RootCuts,FPP-SAA-fpp_base,0,0,-1325.257831,0.02139984973,1.726e-05,0,0
MeanCVaR,0.01,400,case00,FPP-SAA-fpp_base,FPP-Branch-Benders-MeanCVaR-ProjectedCoverageLLBI-exp-RootCuts,FPP-SAA-MeanCVaR,FPP-Branch-Benders-ProjectedCoverageLLBI-exp-RootCuts,FPP-SAA-fpp_base,0,0,-1326.141555,0.02074728801,1.276e-05,0,0
MeanCVaR,0.01,400,case00,FPP-SAA-fpp_base,FPP-Branch-Benders-MeanCVaR-ProjectedCoverageLLBI-poly-RootCuts,FPP-SAA-MeanCVaR,FPP-Branch-Benders-ProjectedCoverageLLBI-poly-RootCuts,FPP-SAA-fpp_base,0,0,-1324.851761,0.02169970083,1.726e-05,0,0
MeanCVaR,0.01,400,case00,FPP-SAA-fpp_base,FPP-Branch-Benders-MeanCVaR-ProjectedPathLLBI-exp-RootCuts,FPP-SAA-MeanCVaR,FPP-Branch-Benders-ProjectedPathLLBI-exp-RootCuts,FPP-SAA-fpp_base,0,0,-1336.461509,0.01312680229,1.782e-05,0,0
MeanCVaR,0.01,400,case00,FPP-SAA-fpp_base,FPP-Branch-Benders-MeanCVaR-ProjectedPathLLBI-poly-RootCuts,FPP-SAA-MeanCVaR,FPP-Branch-Benders-ProjectedPathLLBI-poly-RootCuts,FPP-SAA-fpp_base,0,0,-1335.343888,0.01395207923,1.038e-05,0,0
MeanCVaR,0.01,400,case00,FPP-SAA-fpp_base,FPP-Branch-Benders-MeanCVaR-RootCuts,FPP-SAA-MeanCVaR,FPP-Branch-Benders-RootCuts,FPP-SAA-fpp_base,0,0,-1320.812351,0.02468249217,1.485e-05,0,0
MeanCVaR,0.01,400,case00,FPP-SAA-fpp_base,FPP-Branch-Benders-Combinatorial-MeanCVaR,FPP-SAA-MeanCVaR,FPP-Branch-Benders-Combinatorial,FPP-SAA-fpp_base,0,0,-1081.700049,0.201248387,-4.703e-05,0,0
CVaR,0.01,400,case01,FPP-SAA-fpp_base,FPP-Branch-Benders-CVaR-LLBI-RootCuts,FPP-SAA-CVaR,FPP-Branch-Benders-LLBI-RootCuts,FPP-SAA-fpp_base,-2.675,-1.123005877,-1734.4663,0.03651728773,-0.06026911,-0.37,-2.2
CVaR,0.01,400,case01,FPP-SAA-fpp_base,FPP-Branch-Benders-CVaR-ProjectedCoverageLLBI-exp-RootCuts,FPP-SAA-CVaR,FPP-Branch-Benders-ProjectedCoverageLLBI-exp-RootCuts,FPP-SAA-fpp_base,-2.675,-1.123005877,-1723.481067,0.04261950012,-0.06027835,-0.37,-2.2
CVaR,0.01,400,case01,FPP-SAA-fpp_base,FPP-Branch-Benders-CVaR-ProjectedCoverageLLBI-poly-RootCuts,FPP-SAA-CVaR,FPP-Branch-Benders-ProjectedCoverageLLBI-poly-RootCuts,FPP-SAA-fpp_base,-2.675,-1.123005877,-1700.747288,0.05524794005,-0.06026911,-0.37,-2.2
CVaR,0.01,400,case01,FPP-SAA-fpp_base,FPP-Branch-Benders-CVaR-ProjectedPathLLBI-exp-RootCuts,FPP-SAA-CVaR,FPP-Branch-Benders-ProjectedPathLLBI-exp-RootCuts,FPP-SAA-fpp_base,-2.675,-1.123005877,-1750.152044,0.0278039776,-0.06027928,-0.37,-2.2
CVaR,0.01,400,case01,FPP-SAA-fpp_base,FPP-Branch-Benders-CVaR-ProjectedPathLLBI-poly-RootCuts,FPP-SAA-CVaR,FPP-Branch-Benders-ProjectedPathLLBI-poly-RootCuts,FPP-SAA-fpp_base,-2.675,-1.123005877,-1619.099047,0.1006029112,-0.06026946,-0.37,-2.2
CVaR,0.01,400,case01,FPP-SAA-fpp_base,FPP-Branch-Benders-CVaR-RootCuts,FPP-SAA-CVaR,FPP-Branch-Benders-RootCuts,FPP-SAA-fpp_base,-2.675,-1.123005877,-1588.457966,0.1176237965,-0.06027286,-0.37,-2.2
CVaR,0.01,400,case01,FPP-SAA-fpp_base,FPP-Branch-Benders-Combinatorial-CVaR,FPP-SAA-CVaR,FPP-Branch-Benders-Combinatorial,FPP-SAA-fpp_base,-2.675,-1.123005877,11.04533258,1.006135597,-0.02792395,-0.37,-2.2
Expected,0.01,400,case01,FPP-SAA-fpp_base,FPP-Branch-Benders-LLBI-RootCuts,FPP-SAA,FPP-Branch-Benders-LLBI-RootCuts,FPP-SAA-fpp_base,0,0,-723.761341,0.03013162068,0.00066428,0,0
Expected,0.01,400,case01,FPP-SAA-fpp_base,FPP-Branch-Benders-ProjectedCoverageLLBI-exp-RootCuts,FPP-SAA,FPP-Branch-Benders-ProjectedCoverageLLBI-exp-RootCuts,FPP-SAA-fpp_base,0,0,-727.9296766,0.02454588859,0.00052438,0,0
Expected,0.01,400,case01,FPP-SAA-fpp_base,FPP-Branch-Benders-ProjectedCoverageLLBI-poly-RootCuts,FPP-SAA,FPP-Branch-Benders-ProjectedCoverageLLBI-poly-RootCuts,FPP-SAA-fpp_base,0,0,-738.3840078,0.01053667779,0.00066428,0,0
Expected,0.01,400,case01,FPP-SAA-fpp_base,FPP-Branch-Benders-ProjectedPathLLBI-exp-RootCuts,FPP-SAA,FPP-Branch-Benders-ProjectedPathLLBI-exp-RootCuts,FPP-SAA-fpp_base,0,0,-733.9722287,0.01644863353,0.00063951,0,0
Expected,0.01,400,case01,FPP-SAA-fpp_base,FPP-Branch-Benders-ProjectedPathLLBI-poly-RootCuts,FPP-SAA,FPP-Branch-Benders-ProjectedPathLLBI-poly-RootCuts,FPP-SAA-fpp_base,0,0,-711.2132569,0.04694654188,0.00072554,0,0
Expected,0.01,400,case01,FPP-SAA-fpp_base,FPP-Branch-Benders-RootCuts,FPP-SAA,FPP-Branch-Benders-RootCuts,FPP-SAA-fpp_base,0,0,-699.0959843,0.06318415913,0.00092278,0,0
Expected,0.01,400,case01,FPP-SAA-fpp_base,FPP-Branch-Benders-Combinatorial,FPP-SAA,FPP-Branch-Benders-Combinatorial,FPP-SAA-fpp_base,0,0,-724.4978185,0.02914471217,6.585e-05,0,0
MeanCVaR,0.01,400,case01,FPP-SAA-fpp_base,FPP-Branch-Benders-MeanCVaR-LLBI-RootCuts,FPP-SAA-MeanCVaR,FPP-Branch-Benders-LLBI-RootCuts,FPP-SAA-fpp_base,-15.78875,-8.427239914,-1755.008853,0.02512470677,-0.11988714,-7.345,-24.2
MeanCVaR,0.01,400,case01,FPP-SAA-fpp_base,FPP-Branch-Benders-MeanCVaR-ProjectedCoverageLLBI-exp-RootCuts,FPP-SAA-MeanCVaR,FPP-Branch-Benders-ProjectedCoverageLLBI-exp-RootCuts,FPP-SAA-fpp_base,-15.78875,-8.427239914,-1745.775532,0.03025364778,-0.11988969,-7.345,-24.2
MeanCVaR,0.01,400,case01,FPP-SAA-fpp_base,FPP-Branch-Benders-MeanCVaR-ProjectedCoverageLLBI-poly-RootCuts,FPP-SAA-MeanCVaR,FPP-Branch-Benders-ProjectedCoverageLLBI-poly-RootCuts,FPP-SAA-fpp_base,-15.78875,-8.427239914,-1642.725416,0.08749610089,-0.11988714,-7.345,-24.2
MeanCVaR,0.01,400,case01,FPP-SAA-fpp_base,FPP-Branch-Benders-MeanCVaR-ProjectedPathLLBI-exp-RootCuts,FPP-SAA-MeanCVaR,FPP-Branch-Benders-ProjectedPathLLBI-exp-RootCuts,FPP-SAA-fpp_base,-15.78875,-8.427239914,-1744.820254,0.03078428678,-0.11989452,-7.345,-24.2
MeanCVaR,0.01,400,case01,FPP-SAA-fpp_base,FPP-Branch-Benders-MeanCVaR-ProjectedPathLLBI-poly-RootCuts,FPP-SAA-MeanCVaR,FPP-Branch-Benders-ProjectedPathLLBI-poly-RootCuts,FPP-SAA-fpp_base,-15.78875,-8.427239914,-1759.502544,0.02262854389,-0.11988539,-7.345,-24.2
MeanCVaR,0.01,400,case01,FPP-SAA-fpp_base,FPP-Branch-Benders-MeanCVaR-RootCuts,FPP-SAA-MeanCVaR,FPP-Branch-Benders-RootCuts,FPP-SAA-fpp_base,-15.78875,-8.427239914,-1596.256735,0.1133086023,-0.11988756,-7.345,-24.2
MeanCVaR,0.01,400,case01,FPP-SAA-fpp_base,FPP-Branch-Benders-Combinatorial-MeanCVaR,FPP-SAA-MeanCVaR,FPP-Branch-Benders-Combinatorial,FPP-SAA-fpp_base,-15.78875,-8.427239914,-1216.242267,0.3243996834,-0.11989082,-7.345,-24.2
CVaR,0.01,400,case02,FPP-SAA-fpp_base,FPP-Branch-Benders-CVaR-LLBI-RootCuts,FPP-SAA-CVaR,FPP-Branch-Benders-LLBI-RootCuts,FPP-SAA-fpp_base,-1468,-85.98623517,-1618.173515,0.1011610049,-0.99900337,-27,-62.6
CVaR,0.01,400,case02,FPP-SAA-fpp_base,FPP-Branch-Benders-CVaR-ProjectedCoverageLLBI-exp-RootCuts,FPP-SAA-CVaR,FPP-Branch-Benders-ProjectedCoverageLLBI-exp-RootCuts,FPP-SAA-fpp_base,-1468,-85.98623517,-1758.991369,0.0229415946,-0.99900076,-27,-62.6
CVaR,0.01,400,case02,FPP-SAA-fpp_base,FPP-Branch-Benders-CVaR-ProjectedCoverageLLBI-poly-RootCuts,FPP-SAA-CVaR,FPP-Branch-Benders-ProjectedCoverageLLBI-poly-RootCuts,FPP-SAA-fpp_base,-1468,-85.98623517,-1682.13763,0.06563116852,-0.99900337,-27,-62.6
CVaR,0.01,400,case02,FPP-SAA-fpp_base,FPP-Branch-Benders-CVaR-ProjectedPathLLBI-exp-RootCuts,FPP-SAA-CVaR,FPP-Branch-Benders-ProjectedPathLLBI-exp-RootCuts,FPP-SAA-fpp_base,-1468,-85.98623517,-1745.64646,0.03035422667,-0.99900534,-27,-62.6
CVaR,0.01,400,case02,FPP-SAA-fpp_base,FPP-Branch-Benders-CVaR-ProjectedPathLLBI-poly-RootCuts,FPP-SAA-CVaR,FPP-Branch-Benders-ProjectedPathLLBI-poly-RootCuts,FPP-SAA-fpp_base,-1468,-85.98623517,-1764.135242,0.02008435241,-0.99900783,-27,-62.6
CVaR,0.01,400,case02,FPP-SAA-fpp_base,FPP-Branch-Benders-CVaR-RootCuts,FPP-SAA-CVaR,FPP-Branch-Benders-RootCuts,FPP-SAA-fpp_base,-1468,-85.98623517,-1580.94141,0.1218421417,-0.99900604,-27,-62.6
CVaR,0.01,400,case02,FPP-SAA-fpp_base,FPP-Branch-Benders-Combinatorial-CVaR,FPP-SAA-CVaR,FPP-Branch-Benders-Combinatorial,FPP-SAA-fpp_base,-1466.025,-85.87055206,11.51871914,1.006398247,-0.9814147,-27.29,-58.2
Expected,0.01,400,case02,FPP-SAA-fpp_base,FPP-Branch-Benders-LLBI-RootCuts,FPP-SAA,FPP-Branch-Benders-LLBI-RootCuts,FPP-SAA-fpp_base,0,0,-1067.100908,0.01906100504,0.00098718,0,0
Expected,0.01,400,case02,FPP-SAA-fpp_base,FPP-Branch-Benders-ProjectedCoverageLLBI-exp-RootCuts,FPP-SAA,FPP-Branch-Benders-ProjectedCoverageLLBI-exp-RootCuts,FPP-SAA-fpp_base,0,0,-1070.787147,0.01567240736,0.00095885,0,0
Expected,0.01,400,case02,FPP-SAA-fpp_base,FPP-Branch-Benders-ProjectedCoverageLLBI-poly-RootCuts,FPP-SAA,FPP-Branch-Benders-ProjectedCoverageLLBI-poly-RootCuts,FPP-SAA-fpp_base,0,0,-1052.113453,0.03283831401,0.00098718,0,0
Expected,0.01,400,case02,FPP-SAA-fpp_base,FPP-Branch-Benders-ProjectedPathLLBI-exp-RootCuts,FPP-SAA,FPP-Branch-Benders-ProjectedPathLLBI-exp-RootCuts,FPP-SAA-fpp_base,0,0,-1056.136732,0.02913989041,0.00078845,0,0
Expected,0.01,400,case02,FPP-SAA-fpp_base,FPP-Branch-Benders-ProjectedPathLLBI-poly-RootCuts,FPP-SAA,FPP-Branch-Benders-ProjectedPathLLBI-poly-RootCuts,FPP-SAA-fpp_base,0,0,-1049.536089,0.03520757166,0.0004545,0,0
Expected,0.01,400,case02,FPP-SAA-fpp_base,FPP-Branch-Benders-RootCuts,FPP-SAA,FPP-Branch-Benders-RootCuts,FPP-SAA-fpp_base,0,0,-1015.264495,0.06671194334,0.00098393,0,0
Expected,0.01,400,case02,FPP-SAA-fpp_base,FPP-Branch-Benders-Combinatorial,FPP-SAA,FPP-Branch-Benders-Combinatorial,FPP-SAA-fpp_base,0,0,-1025.95647,0.05688327959,0,0,0
MeanCVaR,0.01,400,case02,FPP-SAA-fpp_base,FPP-Branch-Benders-MeanCVaR-LLBI-RootCuts,FPP-SAA-MeanCVaR,FPP-Branch-Benders-LLBI-RootCuts,FPP-SAA-fpp_base,-1.49125,-0.8483495228,-1694.953752,0.05840861489,-0.03485987,1.67,-2.5
MeanCVaR,0.01,400,case02,FPP-SAA-fpp_base,FPP-Branch-Benders-MeanCVaR-ProjectedCoverageLLBI-exp-RootCuts,FPP-SAA-MeanCVaR,FPP-Branch-Benders-ProjectedCoverageLLBI-exp-RootCuts,FPP-SAA-fpp_base,-1.49125,-0.8483495228,-1726.484174,0.04089263638,-0.03491814,1.67,-2.5
MeanCVaR,0.01,400,case02,FPP-SAA-fpp_base,FPP-Branch-Benders-MeanCVaR-ProjectedCoverageLLBI-poly-RootCuts,FPP-SAA-MeanCVaR,FPP-Branch-Benders-ProjectedCoverageLLBI-poly-RootCuts,FPP-SAA-fpp_base,-1.49125,-0.8483495228,-1710.618249,0.04970657486,-0.03485987,1.67,-2.5
MeanCVaR,0.01,400,case02,FPP-SAA-fpp_base,FPP-Branch-Benders-MeanCVaR-ProjectedPathLLBI-exp-RootCuts,FPP-SAA-MeanCVaR,FPP-Branch-Benders-ProjectedPathLLBI-exp-RootCuts,FPP-SAA-fpp_base,-1.49125,-0.8483495228,-1759.253402,0.02268846858,-0.0348603,1.67,-2.5
MeanCVaR,0.01,400,case02,FPP-SAA-fpp_base,FPP-Branch-Benders-MeanCVaR-ProjectedPathLLBI-poly-RootCuts,FPP-SAA-MeanCVaR,FPP-Branch-Benders-ProjectedPathLLBI-poly-RootCuts,FPP-SAA-fpp_base,-1.49125,-0.8483495228,-1761.945259,0.02119307091,-0.03485779,1.67,-2.5
MeanCVaR,0.01,400,case02,FPP-SAA-fpp_base,FPP-Branch-Benders-MeanCVaR-RootCuts,FPP-SAA-MeanCVaR,FPP-Branch-Benders-RootCuts,FPP-SAA-fpp_base,-1.49125,-0.8483495228,-1759.159358,0.0227407123,-0.03487391,1.67,-2.5
MeanCVaR,0.01,400,case02,FPP-SAA-fpp_base,FPP-Branch-Benders-Combinatorial-MeanCVaR,FPP-SAA-MeanCVaR,FPP-Branch-Benders-Combinatorial,FPP-SAA-fpp_base,-1.49125,-0.8483495228,-1254.08181,0.3033245736,-0.03486607,1.67,-2.5
CVaR,0.01,400,case03,FPP-SAA-fpp_base,FPP-Branch-Benders-CVaR-LLBI-RootCuts,FPP-SAA-CVaR,FPP-Branch-Benders-LLBI-RootCuts,FPP-SAA-fpp_base,-1.35,-0.5693800084,-1784.575101,0.008622260558,-0.02592639,1.13,-0.65
CVaR,0.01,400,case03,FPP-SAA-fpp_base,FPP-Branch-Benders-CVaR-ProjectedCoverageLLBI-exp-RootCuts,FPP-SAA-CVaR,FPP-Branch-Benders-ProjectedCoverageLLBI-exp-RootCuts,FPP-SAA-fpp_base,-1.35,-0.5693800084,-1748.979237,0.02839668582,-0.02591396,1.13,-0.65
CVaR,0.01,400,case03,FPP-SAA-fpp_base,FPP-Branch-Benders-CVaR-ProjectedCoverageLLBI-poly-RootCuts,FPP-SAA-CVaR,FPP-Branch-Benders-ProjectedCoverageLLBI-poly-RootCuts,FPP-SAA-fpp_base,-1.35,-0.5693800084,-1784.116718,0.008876904194,-0.02592639,1.13,-0.65
CVaR,0.01,400,case03,FPP-SAA-fpp_base,FPP-Branch-Benders-CVaR-ProjectedPathLLBI-exp-RootCuts,FPP-SAA-CVaR,FPP-Branch-Benders-ProjectedPathLLBI-exp-RootCuts,FPP-SAA-fpp_base,-1.35,-0.5693800084,-1785.952098,0.007857303094,-0.02599261,1.13,-0.65
CVaR,0.01,400,case03,FPP-SAA-fpp_base,FPP-Branch-Benders-CVaR-ProjectedPathLLBI-poly-RootCuts,FPP-SAA-CVaR,FPP-Branch-Benders-ProjectedPathLLBI-poly-RootCuts,FPP-SAA-fpp_base,-1.35,-0.5693800084,-1771.023406,0.01615057864,-0.02580977,1.13,-0.65
CVaR,0.01,400,case03,FPP-SAA-fpp_base,FPP-Branch-Benders-CVaR-RootCuts,FPP-SAA-CVaR,FPP-Branch-Benders-RootCuts,FPP-SAA-fpp_base,-1.35,-0.5693800084,-1751.71739,0.02687557093,-0.02580608,1.13,-0.65
CVaR,0.01,400,case03,FPP-SAA-fpp_base,FPP-Branch-Benders-Combinatorial-CVaR,FPP-SAA-CVaR,FPP-Branch-Benders-Combinatorial,FPP-SAA-fpp_base,-1.35,-0.5693800084,-1400.447512,0.2220150958,-0.0258225,1.13,-0.65
Expected,0.01,400,case03,FPP-SAA-fpp_base,FPP-Branch-Benders-LLBI-RootCuts,FPP-SAA,FPP-Branch-Benders-LLBI-RootCuts,FPP-SAA-fpp_base,0,0,-328.8339903,0.03812189244,0.00076984,0,0
Expected,0.01,400,case03,FPP-SAA-fpp_base,FPP-Branch-Benders-ProjectedCoverageLLBI-exp-RootCuts,FPP-SAA,FPP-Branch-Benders-ProjectedCoverageLLBI-exp-RootCuts,FPP-SAA-fpp_base,0,0,-298.1166393,0.1279737579,0.0004756,0,0
Expected,0.01,400,case03,FPP-SAA-fpp_base,FPP-Branch-Benders-ProjectedCoverageLLBI-poly-RootCuts,FPP-SAA,FPP-Branch-Benders-ProjectedCoverageLLBI-poly-RootCuts,FPP-SAA-fpp_base,0,0,-321.8767256,0.05847271033,0.00076984,0,0
Expected,0.01,400,case03,FPP-SAA-fpp_base,FPP-Branch-Benders-ProjectedPathLLBI-exp-RootCuts,FPP-SAA,FPP-Branch-Benders-ProjectedPathLLBI-exp-RootCuts,FPP-SAA-fpp_base,0,0,-327.8244004,0.04107506176,0.00080027,0,0
Expected,0.01,400,case03,FPP-SAA-fpp_base,FPP-Branch-Benders-ProjectedPathLLBI-poly-RootCuts,FPP-SAA,FPP-Branch-Benders-ProjectedPathLLBI-poly-RootCuts,FPP-SAA-fpp_base,0,0,-329.3101452,0.03672908323,0.00052751,0,0
Expected,0.01,400,case03,FPP-SAA-fpp_base,FPP-Branch-Benders-RootCuts,FPP-SAA,FPP-Branch-Benders-RootCuts,FPP-SAA-fpp_base,0,0,-324.0726114,0.052049486,0.00091161,0,0
Expected,0.01,400,case03,FPP-SAA-fpp_base,FPP-Branch-Benders-Combinatorial,FPP-SAA,FPP-Branch-Benders-Combinatorial,FPP-SAA-fpp_base,0,0,-312.4679793,0.08599440013,0,0,0
MeanCVaR,0.01,400,case03,FPP-SAA-fpp_base,FPP-Branch-Benders-MeanCVaR-LLBI-RootCuts,FPP-SAA-MeanCVaR,FPP-Branch-Benders-LLBI-RootCuts,FPP-SAA-fpp_base,0,0,-1718.658029,0.02650913344,5.051e-05,0,0
MeanCVaR,0.01,400,case03,FPP-SAA-fpp_base,FPP-Branch-Benders-MeanCVaR-ProjectedCoverageLLBI-exp-RootCuts,FPP-SAA-MeanCVaR,FPP-Branch-Benders-ProjectedCoverageLLBI-exp-RootCuts,FPP-SAA-fpp_base,0,0,-1735.584281,0.01692168146,4.649e-05,0,0
MeanCVaR,0.01,400,case03,FPP-SAA-fpp_base,FPP-Branch-Benders-MeanCVaR-ProjectedCoverageLLBI-poly-RootCuts,FPP-SAA-MeanCVaR,FPP-Branch-Benders-ProjectedCoverageLLBI-poly-RootCuts,FPP-SAA-fpp_base,0,0,-1750.761702,0.008324810614,5.051e-05,0,0
MeanCVaR,0.01,400,case03,FPP-SAA-fpp_base,FPP-Branch-Benders-MeanCVaR-ProjectedPathLLBI-exp-RootCuts,FPP-SAA-MeanCVaR,FPP-Branch-Benders-ProjectedPathLLBI-exp-RootCuts,FPP-SAA-fpp_base,0,0,-1748.242708,0.009751632164,5.141e-05,0,0
MeanCVaR,0.01,400,case03,FPP-SAA-fpp_base,FPP-Branch-Benders-MeanCVaR-ProjectedPathLLBI-poly-RootCuts,FPP-SAA-MeanCVaR,FPP-Branch-Benders-ProjectedPathLLBI-poly-RootCuts,FPP-SAA-fpp_base,0,0,-1701.525701,0.03621331222,4.199e-05,0,0
MeanCVaR,0.01,400,case03,FPP-SAA-fpp_base,FPP-Branch-Benders-MeanCVaR-RootCuts,FPP-SAA-MeanCVaR,FPP-Branch-Benders-RootCuts,FPP-SAA-fpp_base,0,0,-1746.832234,0.01055055942,5.853e-05,0,0
MeanCVaR,0.01,400,case03,FPP-SAA-fpp_base,FPP-Branch-Benders-Combinatorial-MeanCVaR,FPP-SAA-MeanCVaR,FPP-Branch-Benders-Combinatorial,FPP-SAA-fpp_base,0,0,-1331.220591,0.2459633826,6.045e-05,0,0
CVaR,0.01,400,case04,FPP-SAA-fpp_base,FPP-Branch-Benders-CVaR-LLBI-RootCuts,FPP-SAA-CVaR,FPP-Branch-Benders-LLBI-RootCuts,FPP-SAA-fpp_base,-54.05,-18.0331971,-1736.843078,0.03519262768,-0.23570006,-18.42,-44.45
CVaR,0.01,400,case04,FPP-SAA-fpp_base,FPP-Branch-Benders-CVaR-ProjectedCoverageLLBI-exp-RootCuts,FPP-SAA-CVaR,FPP-Branch-Benders-ProjectedCoverageLLBI-exp-RootCuts,FPP-SAA-fpp_base,-54.05,-18.0331971,-1719.355919,0.04490665392,-0.23569752,-18.42,-44.45
CVaR,0.01,400,case04,FPP-SAA-fpp_base,FPP-Branch-Benders-CVaR-ProjectedCoverageLLBI-poly-RootCuts,FPP-SAA-CVaR,FPP-Branch-Benders-ProjectedCoverageLLBI-poly-RootCuts,FPP-SAA-fpp_base,-54.05,-18.0331971,-1705.142622,0.05280206719,-0.23570006,-18.42,-44.45
CVaR,0.01,400,case04,FPP-SAA-fpp_base,FPP-Branch-Benders-CVaR-ProjectedPathLLBI-exp-RootCuts,FPP-SAA-CVaR,FPP-Branch-Benders-ProjectedPathLLBI-exp-RootCuts,FPP-SAA-fpp_base,-54.05,-18.0331971,-1570.351305,0.1276779486,-0.23569728,-18.42,-44.45
CVaR,0.01,400,case04,FPP-SAA-fpp_base,FPP-Branch-Benders-CVaR-ProjectedPathLLBI-poly-RootCuts,FPP-SAA-CVaR,FPP-Branch-Benders-ProjectedPathLLBI-poly-RootCuts,FPP-SAA-fpp_base,-54.05,-18.0331971,-1722.67132,0.04306496611,-0.23570199,-18.42,-44.45
CVaR,0.01,400,case04,FPP-SAA-fpp_base,FPP-Branch-Benders-CVaR-RootCuts,FPP-SAA-CVaR,FPP-Branch-Benders-RootCuts,FPP-SAA-fpp_base,-54.05,-18.0331971,-1737.120887,0.03503830586,-0.23569994,-18.42,-44.45
CVaR,0.01,400,case04,FPP-SAA-fpp_base,FPP-Branch-Benders-Combinatorial-CVaR,FPP-SAA-CVaR,FPP-Branch-Benders-Combinatorial,FPP-SAA-fpp_base,-51.525,-17.1907582,18.64703275,1.010358331,-0.18872526,-20.78,-46.35
Expected,0.01,400,case04,FPP-SAA-fpp_base,FPP-Branch-Benders-LLBI-RootCuts,FPP-SAA,FPP-Branch-Benders-LLBI-RootCuts,FPP-SAA-fpp_base,-0.045,-0.04225550495,-1059.444897,0.01006270223,-8.271e-05,0.5,1.75
Expected,0.01,400,case04,FPP-SAA-fpp_base,FPP-Branch-Benders-ProjectedCoverageLLBI-exp-RootCuts,FPP-SAA,FPP-Branch-Benders-ProjectedCoverageLLBI-exp-RootCuts,FPP-SAA-fpp_base,-0.045,-0.04225550495,-1052.851315,0.0162236952,-0.00074267,0.5,1.75
Expected,0.01,400,case04,FPP-SAA-fpp_base,FPP-Branch-Benders-ProjectedCoverageLLBI-poly-RootCuts,FPP-SAA,FPP-Branch-Benders-ProjectedCoverageLLBI-poly-RootCuts,FPP-SAA-fpp_base,-0.045,-0.04225550495,-1058.548565,0.01090022763,-8.271e-05,0.5,1.75
Expected,0.01,400,case04,FPP-SAA-fpp_base,FPP-Branch-Benders-ProjectedPathLLBI-exp-RootCuts,FPP-SAA,FPP-Branch-Benders-ProjectedPathLLBI-exp-RootCuts,FPP-SAA-fpp_base,-0.045,-0.04225550495,-1029.395101,0.03814100392,0.00022883,0.5,1.75
Expected,0.01,400,case04,FPP-SAA-fpp_base,FPP-Branch-Benders-ProjectedPathLLBI-poly-RootCuts,FPP-SAA,FPP-Branch-Benders-ProjectedPathLLBI-poly-RootCuts,FPP-SAA-fpp_base,-0.045,-0.04225550495,-1060.794894,0.008801275223,0.00020484,0.5,1.75
Expected,0.01,400,case04,FPP-SAA-fpp_base,FPP-Branch-Benders-RootCuts,FPP-SAA,FPP-Branch-Benders-RootCuts,FPP-SAA-fpp_base,-0.045,-0.04225550495,-1030.726459,0.03689699345,-0.00036691,0.5,1.75
Expected,0.01,400,case04,FPP-SAA-fpp_base,FPP-Branch-Benders-Combinatorial,FPP-SAA,FPP-Branch-Benders-Combinatorial,FPP-SAA-fpp_base,0,0,-1002.353152,0.06340879647,0.0002163,0,0
MeanCVaR,0.01,400,case04,FPP-SAA-fpp_base,FPP-Branch-Benders-MeanCVaR-LLBI-RootCuts,FPP-SAA-MeanCVaR,FPP-Branch-Benders-LLBI-RootCuts,FPP-SAA-fpp_base,-1.7075,-0.9511276363,-1750.735943,0.02748897574,-0.03820781,-4.225,-3.95
MeanCVaR,0.01,400,case04,FPP-SAA-fpp_base,FPP-Branch-Benders-MeanCVaR-ProjectedCoverageLLBI-exp-RootCuts,FPP-SAA-MeanCVaR,FPP-Branch-Benders-ProjectedCoverageLLBI-exp-RootCuts,FPP-SAA-fpp_base,-1.7075,-0.9511276363,-1743.544081,0.03148396149,-0.03820639,-4.225,-3.95
MeanCVaR,0.01,400,case04,FPP-SAA-fpp_base,FPP-Branch-Benders-MeanCVaR-ProjectedCoverageLLBI-poly-RootCuts,FPP-SAA-MeanCVaR,FPP-Branch-Benders-ProjectedCoverageLLBI-poly-RootCuts,FPP-SAA-fpp_base,-1.7075,-0.9511276363,-1750.773241,0.02746825724,-0.03820781,-4.225,-3.95
MeanCVaR,0.01,400,case04,FPP-SAA-fpp_base,FPP-Branch-Benders-MeanCVaR-ProjectedPathLLBI-exp-RootCuts,FPP-SAA-MeanCVaR,FPP-Branch-Benders-ProjectedPathLLBI-exp-RootCuts,FPP-SAA-fpp_base,-1.7075,-0.9511276363,-1633.055157,0.09285912069,-0.03820607,-4.225,-3.95
MeanCVaR,0.01,400,case04,FPP-SAA-fpp_base,FPP-Branch-Benders-MeanCVaR-ProjectedPathLLBI-poly-RootCuts,FPP-SAA-MeanCVaR,FPP-Branch-Benders-ProjectedPathLLBI-poly-RootCuts,FPP-SAA-fpp_base,-1.7075,-0.9511276363,-1758.990115,0.02290389061,-0.03820631,-4.225,-3.95
MeanCVaR,0.01,400,case04,FPP-SAA-fpp_base,FPP-Branch-Benders-MeanCVaR-RootCuts,FPP-SAA-MeanCVaR,FPP-Branch-Benders-RootCuts,FPP-SAA-fpp_base,-1.7075,-0.9511276363,-1759.871862,0.02241409193,-0.03820765,-4.225,-3.95
MeanCVaR,0.01,400,case04,FPP-SAA-fpp_base,FPP-Branch-Benders-Combinatorial-MeanCVaR,FPP-SAA-MeanCVaR,FPP-Branch-Benders-Combinatorial,FPP-SAA-fpp_base,0.03625,0.02019231439,28.34515708,1.015745366,0.01475383,-3.53,-3.2
CVaR,0.02,400,case00,FPP-SAA-fpp_base,FPP-Branch-Benders-CVaR-LLBI-RootCuts,FPP-SAA-CVaR,FPP-Branch-Benders-LLBI-RootCuts,FPP-SAA-fpp_base,-85.275,-32.12166871,5.19527278,1.002885917,-0.35133782,-11.685,-39.65
CVaR,0.02,400,case00,FPP-SAA-fpp_base,FPP-Branch-Benders-CVaR-ProjectedCoverageLLBI-exp-RootCuts,FPP-SAA-CVaR,FPP-Branch-Benders-ProjectedCoverageLLBI-exp-RootCuts,FPP-SAA-fpp_base,-85.275,-32.12166871,10.29975778,1.005721402,-0.35696011,-11.685,-39.65
CVaR,0.02,400,case00,FPP-SAA-fpp_base,FPP-Branch-Benders-CVaR-ProjectedCoverageLLBI-poly-RootCuts,FPP-SAA-CVaR,FPP-Branch-Benders-ProjectedCoverageLLBI-poly-RootCuts,FPP-SAA-fpp_base,-85.275,-32.12166871,5.61664796,1.003119986,-0.33539574,-11.685,-39.65
CVaR,0.02,400,case00,FPP-SAA-fpp_base,FPP-Branch-Benders-CVaR-ProjectedPathLLBI-exp-RootCuts,FPP-SAA-CVaR,FPP-Branch-Benders-ProjectedPathLLBI-exp-RootCuts,FPP-SAA-fpp_base,-83.4,-31.41538751,3.31725647,1.001842699,-0.34058999,-12.98,-41.9
CVaR,0.02,400,case00,FPP-SAA-fpp_base,FPP-Branch-Benders-CVaR-ProjectedPathLLBI-poly-RootCuts,FPP-SAA-CVaR,FPP-Branch-Benders-ProjectedPathLLBI-poly-RootCuts,FPP-SAA-fpp_base,-85.275,-32.12166871,6.20569528,1.003447195,-0.34804065,-11.685,-39.65
CVaR,0.02,400,case00,FPP-SAA-fpp_base,FPP-Branch-Benders-CVaR-RootCuts,FPP-SAA-CVaR,FPP-Branch-Benders-RootCuts,FPP-SAA-fpp_base,-83.65,-31.50955834,0.98738056,1.000548479,-0.32618405,-15.245,-42.75
CVaR,0.02,400,case00,FPP-SAA-fpp_base,FPP-Branch-Benders-Combinatorial-CVaR,FPP-SAA-CVaR,FPP-Branch-Benders-Combinatorial,FPP-SAA-fpp_base,-82.45,-31.05753837,38.2831436,1.021265863,-0.30319012,-11.81,-35.8
Expected,0.02,400,case00,FPP-SAA-fpp_base,FPP-Branch-Benders-LLBI-RootCuts,FPP-SAA,FPP-Branch-Benders-LLBI-RootCuts,FPP-SAA-fpp_base,0,0,-106.3919643,0.9054258911,0.00099973,0,0
Expected,0.02,400,case00,FPP-SAA-fpp_base,FPP-Branch-Benders-ProjectedCoverageLLBI-exp-RootCuts,FPP-SAA,FPP-Branch-Benders-ProjectedCoverageLLBI-exp-RootCuts,FPP-SAA-fpp_base,0,0,235.271482,1.209137889,0.00099898,0,0
Expected,0.02,400,case00,FPP-SAA-fpp_base,FPP-Branch-Benders-ProjectedCoverageLLBI-poly-RootCuts,FPP-SAA,FPP-Branch-Benders-ProjectedCoverageLLBI-poly-RootCuts,FPP-SAA-fpp_base,0,0,-852.8516662,0.2418817819,0.00099973,0,0
Expected,0.02,400,case00,FPP-SAA-fpp_base,FPP-Branch-Benders-ProjectedPathLLBI-exp-RootCuts,FPP-SAA,FPP-Branch-Benders-ProjectedPathLLBI-exp-RootCuts,FPP-SAA-fpp_base,0,0,-527.8994484,0.5307388083,0.00099981,0,0
Expected,0.02,400,case00,FPP-SAA-fpp_base,FPP-Branch-Benders-ProjectedPathLLBI-poly-RootCuts,FPP-SAA,FPP-Branch-Benders-ProjectedPathLLBI-poly-RootCuts,FPP-SAA-fpp_base,0,0,121.212652,1.107748537,0.00099949,0,0
Expected,0.02,400,case00,FPP-SAA-fpp_base,FPP-Branch-Benders-RootCuts,FPP-SAA,FPP-Branch-Benders-RootCuts,FPP-SAA-fpp_base,0.0375,0.04461364583,678.0214937,1.602707912,0.01124146,2.29,6.1
Expected,0.02,400,case00,FPP-SAA-fpp_base,FPP-Branch-Benders-Combinatorial,FPP-SAA,FPP-Branch-Benders-Combinatorial,FPP-SAA-fpp_base,0,0,-903.6059547,0.1967652014,0,0,0
MeanCVaR,0.02,400,case00,FPP-SAA-fpp_base,FPP-Branch-Benders-MeanCVaR-LLBI-RootCuts,FPP-SAA-MeanCVaR,FPP-Branch-Benders-LLBI-RootCuts,FPP-SAA-fpp_base,-19.50625,-12.75679122,1.45400273,1.000807742,-0.15514665,-1.25,1.8
MeanCVaR,0.02,400,case00,FPP-SAA-fpp_base,FPP-Branch-Benders-MeanCVaR-ProjectedCoverageLLBI-exp-RootCuts,FPP-SAA-MeanCVaR,FPP-Branch-Benders-ProjectedCoverageLLBI-exp-RootCuts,FPP-SAA-fpp_base,-19.00875,-12.43143378,10.52948891,1.005849444,-0.15222212,-3.99,-7.55
MeanCVaR,0.02,400,case00,FPP-SAA-fpp_base,FPP-Branch-Benders-MeanCVaR-ProjectedCoverageLLBI-poly-RootCuts,FPP-SAA-MeanCVaR,FPP-Branch-Benders-ProjectedCoverageLLBI-poly-RootCuts,FPP-SAA-fpp_base,-19.50625,-12.75679122,2.23762539,1.001243067,-0.1627771,-1.25,1.8
MeanCVaR,0.02,400,case00,FPP-SAA-fpp_base,FPP-Branch-Benders-MeanCVaR-ProjectedPathLLBI-exp-RootCuts,FPP-SAA-MeanCVaR,FPP-Branch-Benders-ProjectedPathLLBI-exp-RootCuts,FPP-SAA-fpp_base,-18.92125,-12.37421011,3.52609322,1.00195885,-0.15863506,0.365,5.25
MeanCVaR,0.02,400,case00,FPP-SAA-fpp_base,FPP-Branch-Benders-MeanCVaR-ProjectedPathLLBI-poly-RootCuts,FPP-SAA-MeanCVaR,FPP-Branch-Benders-ProjectedPathLLBI-poly-RootCuts,FPP-SAA-fpp_base,-19.50625,-12.75679122,6.66411467,1.003702114,-0.15109366,-1.25,1.8
MeanCVaR,0.02,400,case00,FPP-SAA-fpp_base,FPP-Branch-Benders-MeanCVaR-RootCuts,FPP-SAA-MeanCVaR,FPP-Branch-Benders-RootCuts,FPP-SAA-fpp_base,-18.345,-11.99735136,3.01325011,1.00167395,-0.13497185,-0.525,-1.4
MeanCVaR,0.02,400,case00,FPP-SAA-fpp_base,FPP-Branch-Benders-Combinatorial-MeanCVaR,FPP-SAA-MeanCVaR,FPP-Branch-Benders-Combinatorial,FPP-SAA-fpp_base,-17.14375,-11.21175211,789.7515726,1.438730489,-0.09912749,-4.57,-8.05
CVaR,0.02,400,case01,FPP-SAA-fpp_base,FPP-Branch-Benders-CVaR-LLBI-RootCuts,FPP-SAA-CVaR,FPP-Branch-Benders-LLBI-RootCuts,FPP-SAA-fpp_base,-5.475,-2.860127987,1.37034615,1.000761229,-0.05522042,-5.26,-12.5
CVaR,0.02,400,case01,FPP-SAA-fpp_base,FPP-Branch-Benders-CVaR-ProjectedCoverageLLBI-exp-RootCuts,FPP-SAA-CVaR,FPP-Branch-Benders-ProjectedCoverageLLBI-exp-RootCuts,FPP-SAA-fpp_base,-6.3,-3.291106177,10.69088362,1.005938799,-0.07658059,-0.32,-3.35
CVaR,0.02,400,case01,FPP-SAA-fpp_base,FPP-Branch-Benders-CVaR-ProjectedCoverageLLBI-poly-RootCuts,FPP-SAA-CVaR,FPP-Branch-Benders-ProjectedCoverageLLBI-poly-RootCuts,FPP-SAA-fpp_base,-5.475,-2.860127987,2.01981104,1.001122007,-0.06011697,-5.26,-12.5
CVaR,0.02,400,case01,FPP-SAA-fpp_base,FPP-Branch-Benders-CVaR-ProjectedPathLLBI-exp-RootCuts,FPP-SAA-CVaR,FPP-Branch-Benders-ProjectedPathLLBI-exp-RootCuts,FPP-SAA-fpp_base,-4.75,-2.481389578,3.40606516,1.001892073,-0.04977903,-2.775,-2.15
CVaR,0.02,400,case01,FPP-SAA-fpp_base,FPP-Branch-Benders-CVaR-ProjectedPathLLBI-poly-RootCuts,FPP-SAA-CVaR,FPP-Branch-Benders-ProjectedPathLLBI-poly-RootCuts,FPP-SAA-fpp_base,-6.375,-3.330286013,2.24810331,1.001248824,-0.06819034,-5.76,-14.85
CVaR,0.02,400,case01,FPP-SAA-fpp_base,FPP-Branch-Benders-CVaR-RootCuts,FPP-SAA-CVaR,FPP-Branch-Benders-RootCuts,FPP-SAA-fpp_base,-4.15,-2.167950895,1.13025218,1.000627856,-0.03374333,-6.185,-12.4
CVaR,0.02,400,case01,FPP-SAA-fpp_base,FPP-Branch-Benders-Combinatorial-CVaR,FPP-SAA-CVaR,FPP-Branch-Benders-Combinatorial,FPP-SAA-fpp_base,1.55,0.8097165992,279.4430855,1.155230973,0.02480162,-7.66,-10.05
Expected,0.02,400,case01,FPP-SAA-fpp_base,FPP-Branch-Benders-LLBI-RootCuts,FPP-SAA,FPP-Branch-Benders-LLBI-RootCuts,FPP-SAA-fpp_base,0.1475,0.1740156319,925.7666252,2.056948892,0.00904249,-1.565,-0.3
Expected,0.02,400,case01,FPP-SAA-fpp_base,FPP-Branch-Benders-ProjectedCoverageLLBI-exp-RootCuts,FPP-SAA,FPP-Branch-Benders-ProjectedCoverageLLBI-exp-RootCuts,FPP-SAA-fpp_base,0,0,952.1117169,2.087027115,0.00429227,0,0
Expected,0.02,400,case01,FPP-SAA-fpp_base,FPP-Branch-Benders-ProjectedCoverageLLBI-poly-RootCuts,FPP-SAA,FPP-Branch-Benders-ProjectedCoverageLLBI-poly-RootCuts,FPP-SAA-fpp_base,0.2225,0.2624981566,930.2428248,2.062059375,0.01315314,-2.145,-2.3
Expected,0.02,400,case01,FPP-SAA-fpp_base,FPP-Branch-Benders-ProjectedPathLLBI-exp-RootCuts,FPP-SAA,FPP-Branch-Benders-ProjectedPathLLBI-exp-RootCuts,FPP-SAA-fpp_base,0,0,-517.9398958,0.4086673854,0.00099958,0,0
Expected,0.02,400,case01,FPP-SAA-fpp_base,FPP-Branch-Benders-ProjectedPathLLBI-poly-RootCuts,FPP-SAA,FPP-Branch-Benders-ProjectedPathLLBI-poly-RootCuts,FPP-SAA-fpp_base,0.1525,0.1799144669,929.4803365,2.061188841,0.01029522,0.32,0.1
Expected,0.02,400,case01,FPP-SAA-fpp_base,FPP-Branch-Benders-RootCuts,FPP-SAA,FPP-Branch-Benders-RootCuts,FPP-SAA-fpp_base,0.1525,0.1799144669,925.263022,2.056373928,0.01247483,0.32,0.1
Expected,0.02,400,case01,FPP-SAA-fpp_base,FPP-Branch-Benders-Combinatorial,FPP-SAA,FPP-Branch-Benders-Combinatorial,FPP-SAA-fpp_base,0,0,-406.2975944,0.5361295379,0.00083418,0,0
MeanCVaR,0.02,400,case01,FPP-SAA-fpp_base,FPP-Branch-Benders-MeanCVaR-LLBI-RootCuts,FPP-SAA-MeanCVaR,FPP-Branch-Benders-LLBI-RootCuts,FPP-SAA-fpp_base,-0.5125,-0.3749017026,2.96967514,1.001649754,-0.01074808,0.42,-5.6
MeanCVaR,0.02,400,case01,FPP-SAA-fpp_base,FPP-Branch-Benders-MeanCVaR-ProjectedCoverageLLBI-exp-RootCuts,FPP-SAA-MeanCVaR,FPP-Branch-Benders-ProjectedCoverageLLBI-exp-RootCuts,FPP-SAA-fpp_base,0.14375,0.1051553556,11.07579556,1.006152976,-0.01303852,0.16,0.65
MeanCVaR,0.02,400,case01,FPP-SAA-fpp_base,FPP-Branch-Benders-MeanCVaR-ProjectedCoverageLLBI-poly-RootCuts,FPP-SAA-MeanCVaR,FPP-Branch-Benders-ProjectedCoverageLLBI-poly-RootCuts,FPP-SAA-fpp_base,-0.54,-0.3950183793,2.17348874,1.001207446,-0.02005643,1.54,-0.35
MeanCVaR,0.02,400,case01,FPP-SAA-fpp_base,FPP-Branch-Benders-MeanCVaR-ProjectedPathLLBI-exp-RootCuts,FPP-SAA-MeanCVaR,FPP-Branch-Benders-ProjectedPathLLBI-exp-RootCuts,FPP-SAA-fpp_base,-0.29875,-0.2185402608,3.80230463,1.002112308,-0.02071066,0.435,-6.25
MeanCVaR,0.02,400,case01,FPP-SAA-fpp_base,FPP-Branch-Benders-MeanCVaR-ProjectedPathLLBI-poly-RootCuts,FPP-SAA-MeanCVaR,FPP-Branch-Benders-ProjectedPathLLBI-poly-RootCuts,FPP-SAA-fpp_base,-0.5725,-0.4187926336,2.13878045,1.001188164,-0.0220535,1.18,-4.55
MeanCVaR,0.02,400,case01,FPP-SAA-fpp_base,FPP-Branch-Benders-MeanCVaR-RootCuts,FPP-SAA-MeanCVaR,FPP-Branch-Benders-RootCuts,FPP-SAA-fpp_base,-0.33,-0.2414001207,1.15683288,1.000642659,-0.00481995,1.6,-1.1
MeanCVaR,0.02,400,case01,FPP-SAA-fpp_base,FPP-Branch-Benders-Combinatorial-MeanCVaR,FPP-SAA-MeanCVaR,FPP-Branch-Benders-Combinatorial,FPP-SAA-fpp_base,-0.5725,-0.4187926336,19.7909384,1.01099453,-0.0108108,1.18,-4.55
CVaR,0.02,400,case02,FPP-SAA-fpp_base,FPP-Branch-Benders-CVaR-LLBI-RootCuts,FPP-SAA-CVaR,FPP-Branch-Benders-LLBI-RootCuts,FPP-SAA-fpp_base,-71.975,-27.25551453,1.31816542,1.000732265,-0.2740397,-7.045,-34.4
CVaR,0.02,400,case02,FPP-SAA-fpp_base,FPP-Branch-Benders-CVaR-ProjectedCoverageLLBI-exp-RootCuts,FPP-SAA-CVaR,FPP-Branch-Benders-ProjectedCoverageLLBI-exp-RootCuts,FPP-SAA-fpp_base,-73.35,-27.77619994,33.11605061,1.018396577,-0.28146943,-8.385,-27.1
CVaR,0.02,400,case02,FPP-SAA-fpp_base,FPP-Branch-Benders-CVaR-ProjectedCoverageLLBI-poly-RootCuts,FPP-SAA-CVaR,FPP-Branch-Benders-ProjectedCoverageLLBI-poly-RootCuts,FPP-SAA-fpp_base,-71.975,-27.25551453,4.87022448,1.002705499,-0.2727138,-7.045,-34.4
CVaR,0.02,400,case02,FPP-SAA-fpp_base,FPP-Branch-Benders-CVaR-ProjectedPathLLBI-exp-RootCuts,FPP-SAA-CVaR,FPP-Branch-Benders-ProjectedPathLLBI-exp-RootCuts,FPP-SAA-fpp_base,-69.55,-26.33721481,10.1107752,1.005616722,-0.26068265,-9.46,-33.3
CVaR,0.02,400,case02,FPP-SAA-fpp_base,FPP-Branch-Benders-CVaR-ProjectedPathLLBI-poly-RootCuts,FPP-SAA-CVaR,FPP-Branch-Benders-ProjectedPathLLBI-poly-RootCuts,FPP-SAA-fpp_base,-73.725,-27.91820506,6.3130599,1.003507021,-0.28874082,-7.72,-27.8
CVaR,0.02,400,case02,FPP-SAA-fpp_base,FPP-Branch-Benders-CVaR-RootCuts,FPP-SAA-CVaR,FPP-Branch-Benders-RootCuts,FPP-SAA-fpp_base,-71.85,-27.20817949,1.08018871,1.000600065,-0.26754956,-7.3,-33.3
CVaR,0.02,400,case02,FPP-SAA-fpp_base,FPP-Branch-Benders-Combinatorial-CVaR,FPP-SAA-CVaR,FPP-Branch-Benders-Combinatorial,FPP-SAA-fpp_base,-72.825,-27.57739279,22.67804466,1.012598072,-0.25964667,-8.535,-29.7
Expected,0.02,400,case02,FPP-SAA-fpp_base,FPP-Branch-Benders-LLBI-RootCuts,FPP-SAA,FPP-Branch-Benders-LLBI-RootCuts,FPP-SAA-fpp_base,0,0,-462.7797799,0.7141913285,9.554e-05,0,0
Expected,0.02,400,case02,FPP-SAA-fpp_base,FPP-Branch-Benders-ProjectedCoverageLLBI-exp-RootCuts,FPP-SAA,FPP-Branch-Benders-ProjectedCoverageLLBI-exp-RootCuts,FPP-SAA-fpp_base,0.2975,0.3471411902,191.1145019,1.118030615,0.01610363,-0.795,-3.4
Expected,0.02,400,case02,FPP-SAA-fpp_base,FPP-Branch-Benders-ProjectedCoverageLLBI-poly-RootCuts,FPP-SAA,FPP-Branch-Benders-ProjectedCoverageLLBI-poly-RootCuts,FPP-SAA-fpp_base,0,0,-174.9561964,0.8919486109,9.554e-05,0,0
Expected,0.02,400,case02,FPP-SAA-fpp_base,FPP-Branch-Benders-ProjectedPathLLBI-exp-RootCuts,FPP-SAA,FPP-Branch-Benders-ProjectedPathLLBI-exp-RootCuts,FPP-SAA-fpp_base,0.0225,0.02625437573,184.0562219,1.113671484,0.01076361,0.055,1.4
Expected,0.02,400,case02,FPP-SAA-fpp_base,FPP-Branch-Benders-ProjectedPathLLBI-poly-RootCuts,FPP-SAA,FPP-Branch-Benders-ProjectedPathLLBI-poly-RootCuts,FPP-SAA-fpp_base,0,0,-420.4549772,0.7403307497,9.385e-05,0,0
Expected,0.02,400,case02,FPP-SAA-fpp_base,FPP-Branch-Benders-RootCuts,FPP-SAA,FPP-Branch-Benders-RootCuts,FPP-SAA-fpp_base,0,0,-503.3298724,0.6891479524,9.532e-05,0,0
Expected,0.02,400,case02,FPP-SAA-fpp_base,FPP-Branch-Benders-Combinatorial,FPP-SAA,FPP-Branch-Benders-Combinatorial,FPP-SAA-fpp_base,0.0225,0.02625437573,1020.905375,1.630502069,0.01805357,0.055,1.4
MeanCVaR,0.02,400,case02,FPP-SAA-fpp_base,FPP-Branch-Benders-MeanCVaR-LLBI-RootCuts,FPP-SAA-MeanCVaR,FPP-Branch-Benders-LLBI-RootCuts,FPP-SAA-fpp_base,-14.1025,-9.080592066,1.21414727,1.000674416,-0.10759145,-3.955,1
MeanCVaR,0.02,400,case02,FPP-SAA-fpp_base,FPP-Branch-Benders-MeanCVaR-ProjectedCoverageLLBI-exp-RootCuts,FPP-SAA-MeanCVaR,FPP-Branch-Benders-ProjectedCoverageLLBI-exp-RootCuts,FPP-SAA-fpp_base,-14.1025,-9.080592066,11.1985901,1.006220422,-0.11514053,-3.955,1
MeanCVaR,0.02,400,case02,FPP-SAA-fpp_base,FPP-Branch-Benders-MeanCVaR-ProjectedCoverageLLBI-poly-RootCuts,FPP-SAA-MeanCVaR,FPP-Branch-Benders-ProjectedCoverageLLBI-poly-RootCuts,FPP-SAA-fpp_base,-14.1025,-9.080592066,1.81357167,1.001007375,-0.10984681,-3.955,1
MeanCVaR,0.02,400,case02,FPP-SAA-fpp_base,FPP-Branch-Benders-MeanCVaR-ProjectedPathLLBI-exp-RootCuts,FPP-SAA-MeanCVaR,FPP-Branch-Benders-ProjectedPathLLBI-exp-RootCuts,FPP-SAA-fpp_base,-13.56875,-8.736910731,3.73846954,1.002076588,-0.10906638,0.47,2.55
MeanCVaR,0.02,400,case02,FPP-SAA-fpp_base,FPP-Branch-Benders-MeanCVaR-ProjectedPathLLBI-poly-RootCuts,FPP-SAA-MeanCVaR,FPP-Branch-Benders-ProjectedPathLLBI-poly-RootCuts,FPP-SAA-fpp_base,-14.1025,-9.080592066,1.90519937,1.001058271,-0.10669102,-3.955,1
MeanCVaR,0.02,400,case02,FPP-SAA-fpp_base,FPP-Branch-Benders-MeanCVaR-RootCuts,FPP-SAA-MeanCVaR,FPP-Branch-Benders-RootCuts,FPP-SAA-fpp_base,-11.24,-7.237429875,0.91171866,1.000506428,-0.07790375,-1.805,7.5
MeanCVaR,0.02,400,case02,FPP-SAA-fpp_base,FPP-Branch-Benders-Combinatorial-MeanCVaR,FPP-SAA-MeanCVaR,FPP-Branch-Benders-Combinatorial,FPP-SAA-fpp_base,-10.44125,-6.723115186,21.10613365,1.011723713,-0.07385117,0.17,8.3
CVaR,0.02,400,case03,FPP-SAA-fpp_base,FPP-Branch-Benders-CVaR-LLBI-RootCuts,FPP-SAA-CVaR,FPP-Branch-Benders-LLBI-RootCuts,FPP-SAA-fpp_base,-5.25,-2.696456086,1.47432221,1.000818981,-0.06412676,1.315,3.3
CVaR,0.02,400,case03,FPP-SAA-fpp_base,FPP-Branch-Benders-CVaR-ProjectedCoverageLLBI-exp-RootCuts,FPP-SAA-CVaR,FPP-Branch-Benders-ProjectedCoverageLLBI-exp-RootCuts,FPP-SAA-fpp_base,-3.9,-2.003081664,11.27411311,1.006262734,-0.06163996,1.22,7
CVaR,0.02,400,case03,FPP-SAA-fpp_base,FPP-Branch-Benders-CVaR-ProjectedCoverageLLBI-poly-RootCuts,FPP-SAA-CVaR,FPP-Branch-Benders-ProjectedCoverageLLBI-poly-RootCuts,FPP-SAA-fpp_base,-5.25,-2.696456086,5.70801112,1.003170782,-0.06418105,1.315,3.3
CVaR,0.02,400,case03,FPP-SAA-fpp_base,FPP-Branch-Benders-CVaR-ProjectedPathLLBI-exp-RootCuts,FPP-SAA-CVaR,FPP-Branch-Benders-ProjectedPathLLBI-exp-RootCuts,FPP-SAA-fpp_base,-4.575,-2.349768875,8.18465725,1.004546551,-0.07391408,0.39,1.45
CVaR,0.02,400,case03,FPP-SAA-fpp_base,FPP-Branch-Benders-CVaR-ProjectedPathLLBI-poly-RootCuts,FPP-SAA-CVaR,FPP-Branch-Benders-ProjectedPathLLBI-poly-RootCuts,FPP-SAA-fpp_base,-5.25,-2.696456086,2.10917391,1.001171639,-0.077678,1.315,3.3
CVaR,0.02,400,case03,FPP-SAA-fpp_base,FPP-Branch-Benders-CVaR-RootCuts,FPP-SAA-CVaR,FPP-Branch-Benders-RootCuts,FPP-SAA-fpp_base,-3.825,-1.964560863,3.49252038,1.001940084,-0.04818489,1.355,3.5
CVaR,0.02,400,case03,FPP-SAA-fpp_base,FPP-Branch-Benders-Combinatorial-CVaR,FPP-SAA-CVaR,FPP-Branch-Benders-Combinatorial,FPP-SAA-fpp_base,-1.3,-0.667693888,33.37429181,1.018539312,-0.01541212,-0.575,-5.3
Expected,0.02,400,case03,FPP-SAA-fpp_base,FPP-Branch-Benders-LLBI-RootCuts,FPP-SAA,FPP-Branch-Benders-LLBI-RootCuts,FPP-SAA-fpp_base,-0.5725,-0.6635757751,1.368104,1.00076,-0.0084114,1.94,-0.15
Expected,0.02,400,case03,FPP-SAA-fpp_base,FPP-Branch-Benders-ProjectedCoverageLLBI-exp-RootCuts,FPP-SAA,FPP-Branch-Benders-ProjectedCoverageLLBI-exp-RootCuts,FPP-SAA-fpp_base,-0.6475,-0.7505070994,-1140.648809,0.3663546972,-0.01876806,2.735,-1.1
Expected,0.02,400,case03,FPP-SAA-fpp_base,FPP-Branch-Benders-ProjectedCoverageLLBI-poly-RootCuts,FPP-SAA,FPP-Branch-Benders-ProjectedCoverageLLBI-poly-RootCuts,FPP-SAA-fpp_base,-0.6475,-0.7505070994,2.18137741,1.001211784,-0.01511287,2.735,-1.1
Expected,0.02,400,case03,FPP-SAA-fpp_base,FPP-Branch-Benders-ProjectedPathLLBI-exp-RootCuts,FPP-SAA,FPP-Branch-Benders-ProjectedPathLLBI-exp-RootCuts,FPP-SAA-fpp_base,-0.6475,-0.7505070994,2.72344032,1.001512907,-0.01584117,2.735,-1.1
Expected,0.02,400,case03,FPP-SAA-fpp_base,FPP-Branch-Benders-ProjectedPathLLBI-poly-RootCuts,FPP-SAA,FPP-Branch-Benders-ProjectedPathLLBI-poly-RootCuts,FPP-SAA-fpp_base,-0.6475,-0.7505070994,-172.9811207,0.9039067294,-0.01876165,2.735,-1.1
Expected,0.02,400,case03,FPP-SAA-fpp_base,FPP-Branch-Benders-RootCuts,FPP-SAA,FPP-Branch-Benders-RootCuts,FPP-SAA-fpp_base,-0.4,-0.4636337294,1.11133124,1.000617359,-0.0054558,3.11,4.7
Expected,0.02,400,case03,FPP-SAA-fpp_base,FPP-Branch-Benders-Combinatorial,FPP-SAA,FPP-Branch-Benders-Combinatorial,FPP-SAA-fpp_base,-0.6475,-0.7505070994,-906.8830733,0.4962146147,-0.01887019,2.735,-1.1
MeanCVaR,0.02,400,case03,FPP-SAA-fpp_base,FPP-Branch-Benders-MeanCVaR-LLBI-RootCuts,FPP-SAA-MeanCVaR,FPP-Branch-Benders-LLBI-RootCuts,FPP-SAA-fpp_base,-0.83,-0.5896823353,4.8246919,1.002680272,-0.03420115,-1.27,0.75
MeanCVaR,0.02,400,case03,FPP-SAA-fpp_base,FPP-Branch-Benders-MeanCVaR-ProjectedCoverageLLBI-exp-RootCuts,FPP-SAA-MeanCVaR,FPP-Branch-Benders-ProjectedCoverageLLBI-exp-RootCuts,FPP-SAA-fpp_base,-0.6675,-0.4742324805,11.69986667,1.006499654,-0.02581175,-1.03,4
MeanCVaR,0.02,400,case03,FPP-SAA-fpp_base,FPP-Branch-Benders-MeanCVaR-ProjectedCoverageLLBI-poly-RootCuts,FPP-SAA-MeanCVaR,FPP-Branch-Benders-ProjectedCoverageLLBI-poly-RootCuts,FPP-SAA-fpp_base,-0.83,-0.5896823353,2.06027783,1.001144551,-0.02453767,-1.27,0.75
MeanCVaR,0.02,400,case03,FPP-SAA-fpp_base,FPP-Branch-Benders-MeanCVaR-ProjectedPathLLBI-exp-RootCuts,FPP-SAA-MeanCVaR,FPP-Branch-Benders-ProjectedPathLLBI-exp-RootCuts,FPP-SAA-fpp_base,-0.6675,-0.4742324805,10.91021294,1.006060976,-0.02226292,-1.03,4
MeanCVaR,0.02,400,case03,FPP-SAA-fpp_base,FPP-Branch-Benders-MeanCVaR-ProjectedPathLLBI-poly-RootCuts,FPP-SAA-MeanCVaR,FPP-Branch-Benders-ProjectedPathLLBI-poly-RootCuts,FPP-SAA-fpp_base,-0.83,-0.5896823353,2.23024731,1.001238974,-0.0339977,-1.27,0.75
MeanCVaR,0.02,400,case03,FPP-SAA-fpp_base,FPP-Branch-Benders-MeanCVaR-RootCuts,FPP-SAA-MeanCVaR,FPP-Branch-Benders-RootCuts,FPP-SAA-fpp_base,0.01625,0.01154498548,3.8650413,1.002147155,-0.01436931,-0.89,7.45
MeanCVaR,0.02,400,case03,FPP-SAA-fpp_base,FPP-Branch-Benders-Combinatorial-MeanCVaR,FPP-SAA-MeanCVaR,FPP-Branch-Benders-Combinatorial,FPP-SAA-fpp_base,6.115,4.344466844,231.682373,1.128707049,0.05380705,-2.145,9.9
CVaR,0.02,400,case04,FPP-SAA-fpp_base,FPP-Branch-Benders-CVaR-LLBI-RootCuts,FPP-SAA-CVaR,FPP-Branch-Benders-LLBI-RootCuts,FPP-SAA-fpp_base,-1560.025,-88.98030772,1.45344629,1.000807441,-0.81387972,-35.35,-89.1
CVaR,0.02,400,case04,FPP-SAA-fpp_base,FPP-Branch-Benders-CVaR-ProjectedCoverageLLBI-exp-RootCuts,FPP-SAA-CVaR,FPP-Branch-Benders-ProjectedCoverageLLBI-exp-RootCuts,FPP-SAA-fpp_base,-1560.025,-88.98030772,43.28689733,1.024047401,-0.80862542,-35.35,-89.1
CVaR,0.02,400,case04,FPP-SAA-fpp_base,FPP-Branch-Benders-CVaR-ProjectedCoverageLLBI-poly-RootCuts,FPP-SAA-CVaR,FPP-Branch-Benders-ProjectedCoverageLLBI-poly-RootCuts,FPP-SAA-fpp_base,-1560.025,-88.98030772,6.12293963,1.003401509,-0.80839651,-35.35,-89.1
CVaR,0.02,400,case04,FPP-SAA-fpp_base,FPP-Branch-Benders-CVaR-ProjectedPathLLBI-exp-RootCuts,FPP-SAA-CVaR,FPP-Branch-Benders-ProjectedPathLLBI-exp-RootCuts,FPP-SAA-fpp_base,-1560.025,-88.98030772,6.15700452,1.003420434,-0.81483554,-35.35,-89.1
CVaR,0.02,400,case04,FPP-SAA-fpp_base,FPP-Branch-Benders-CVaR-ProjectedPathLLBI-poly-RootCuts,FPP-SAA-CVaR,FPP-Branch-Benders-ProjectedPathLLBI-poly-RootCuts,FPP-SAA-fpp_base,-1560.625,-89.01453037,8.15126362,1.004528315,-0.81286387,-38.285,-92
CVaR,0.02,400,case04,FPP-SAA-fpp_base,FPP-Branch-Benders-CVaR-RootCuts,FPP-SAA-CVaR,FPP-Branch-Benders-RootCuts,FPP-SAA-fpp_base,-1555.8,-88.73932325,4.10963852,1.002283049,-0.77880337,-36.465,-87.15
CVaR,0.02,400,case04,FPP-SAA-fpp_base,FPP-Branch-Benders-Combinatorial-CVaR,FPP-SAA-CVaR,FPP-Branch-Benders-Combinatorial,FPP-SAA-fpp_base,-1553.025,-88.58104351,23.62138995,1.013122517,-0.76222094,-42.475,-103.7
Expected,0.02,400,case04,FPP-SAA-fpp_base,FPP-Branch-Benders-LLBI-RootCuts,FPP-SAA,FPP-Branch-Benders-LLBI-RootCuts,FPP-SAA-fpp_base,0,0,247.2957928,1.159111138,0.01556556,0,0
Expected,0.02,400,case04,FPP-SAA-fpp_base,FPP-Branch-Benders-ProjectedCoverageLLBI-exp-RootCuts,FPP-SAA,FPP-Branch-Benders-ProjectedCoverageLLBI-exp-RootCuts,FPP-SAA-fpp_base,0.3625,0.4150684147,275.6386617,1.177347057,0.0289955,-0.825,3.85
Expected,0.02,400,case04,FPP-SAA-fpp_base,FPP-Branch-Benders-ProjectedCoverageLLBI-poly-RootCuts,FPP-SAA,FPP-Branch-Benders-ProjectedCoverageLLBI-poly-RootCuts,FPP-SAA-fpp_base,0,0,247.9964063,1.159561915,0.01544966,0,0
Expected,0.02,400,case04,FPP-SAA-fpp_base,FPP-Branch-Benders-ProjectedPathLLBI-exp-RootCuts,FPP-SAA,FPP-Branch-Benders-ProjectedPathLLBI-exp-RootCuts,FPP-SAA-fpp_base,0,0,249.3510495,1.160433498,0.01581002,0,0
Expected,0.02,400,case04,FPP-SAA-fpp_base,FPP-Branch-Benders-ProjectedPathLLBI-poly-RootCuts,FPP-SAA,FPP-Branch-Benders-ProjectedPathLLBI-poly-RootCuts,FPP-SAA-fpp_base,0.1975,0.2261407225,248.0746517,1.159612259,0.01681668,-1.29,-5.25
Expected,0.02,400,case04,FPP-SAA-fpp_base,FPP-Branch-Benders-RootCuts,FPP-SAA,FPP-Branch-Benders-RootCuts,FPP-SAA-fpp_base,0.3575,0.4093433331,247.1828971,1.1590385,0.02475034,-0.66,0.55
Expected,0.02,400,case04,FPP-SAA-fpp_base,FPP-Branch-Benders-Combinatorial,FPP-SAA,FPP-Branch-Benders-Combinatorial,FPP-SAA-fpp_base,0,0,-815.8483528,0.4750797898,-0.00017474,0,0
MeanCVaR,0.02,400,case04,FPP-SAA-fpp_base,FPP-Branch-Benders-MeanCVaR-LLBI-RootCuts,FPP-SAA-MeanCVaR,FPP-Branch-Benders-LLBI-RootCuts,FPP-SAA-fpp_base,-4.48375,-3.065707155,1.40521565,1.000780607,-0.05123748,-6.275,-16
MeanCVaR,0.02,400,case04,FPP-SAA-fpp_base,FPP-Branch-Benders-MeanCVaR-ProjectedCoverageLLBI-exp-RootCuts,FPP-SAA-MeanCVaR,FPP-Branch-Benders-ProjectedCoverageLLBI-exp-RootCuts,FPP-SAA-fpp_base,-3.64625,-2.49307716,12.48945228,1.006937978,-0.05211471,-4.77,-14.45
MeanCVaR,0.02,400,case04,FPP-SAA-fpp_base,FPP-Branch-Benders-MeanCVaR-ProjectedCoverageLLBI-poly-RootCuts,FPP-SAA-MeanCVaR,FPP-Branch-Benders-ProjectedCoverageLLBI-poly-RootCuts,FPP-SAA-fpp_base,-4.48375,-3.065707155,6.41416501,1.003563113,-0.04857877,-6.275,-16
MeanCVaR,0.02,400,case04,FPP-SAA-fpp_base,FPP-Branch-Benders-MeanCVaR-ProjectedPathLLBI-exp-RootCuts,FPP-SAA-MeanCVaR,FPP-Branch-Benders-ProjectedPathLLBI-exp-RootCuts,FPP-SAA-fpp_base,-4.55,-3.111004752,8.2983406,1.004609786,-0.05817539,-6.015,-13.8
MeanCVaR,0.02,400,case04,FPP-SAA-fpp_base,FPP-Branch-Benders-MeanCVaR-ProjectedPathLLBI-poly-RootCuts,FPP-SAA-MeanCVaR,FPP-Branch-Benders-ProjectedPathLLBI-poly-RootCuts,FPP-SAA-fpp_base,-4.48375,-3.065707155,6.16727522,1.003425964,-0.05049192,-6.275,-16
MeanCVaR,0.02,400,case04,FPP-SAA-fpp_base,FPP-Branch-Benders-MeanCVaR-RootCuts,FPP-SAA-MeanCVaR,FPP-Branch-Benders-RootCuts,FPP-SAA-fpp_base,-4.48375,-3.065707155,3.53952542,1.001966231,-0.05190529,-6.275,-16
MeanCVaR,0.02,400,case04,FPP-SAA-fpp_base,FPP-Branch-Benders-Combinatorial-MeanCVaR,FPP-SAA-MeanCVaR,FPP-Branch-Benders-Combinatorial,FPP-SAA-fpp_base,-2.38125,-1.628149465,23.24702969,1.012913887,-0.0255816,-5.355,-15.15
CVaR,0.03,400,case00,FPP-SAA-fpp_base,FPP-Branch-Benders-CVaR-LLBI-RootCuts,FPP-SAA-CVaR,FPP-Branch-Benders-LLBI-RootCuts,FPP-SAA-fpp_base,-3.075,-2.021031876,4.2689971,1.002371296,-0.01571692,2.04,-1.05
CVaR,0.03,400,case00,FPP-SAA-fpp_base,FPP-Branch-Benders-CVaR-ProjectedCoverageLLBI-exp-RootCuts,FPP-SAA-CVaR,FPP-Branch-Benders-ProjectedCoverageLLBI-exp-RootCuts,FPP-SAA-fpp_base,-3.75,-2.46467302,11.76236676,1.006533631,-0.02702953,0.69,-9.55
CVaR,0.03,400,case00,FPP-SAA-fpp_base,FPP-Branch-Benders-CVaR-ProjectedCoverageLLBI-poly-RootCuts,FPP-SAA-CVaR,FPP-Branch-Benders-ProjectedCoverageLLBI-poly-RootCuts,FPP-SAA-fpp_base,-3.95,-2.596122248,5.93178508,1.003294923,-0.01605651,1.245,0.8
CVaR,0.03,400,case00,FPP-SAA-fpp_base,FPP-Branch-Benders-CVaR-ProjectedPathLLBI-exp-RootCuts,FPP-SAA-CVaR,FPP-Branch-Benders-ProjectedPathLLBI-exp-RootCuts,FPP-SAA-fpp_base,1.55,1.018731515,3.34023537,1.001855397,0.0010796,0.415,-5.35
CVaR,0.03,400,case00,FPP-SAA-fpp_base,FPP-Branch-Benders-CVaR-ProjectedPathLLBI-poly-RootCuts,FPP-SAA-CVaR,FPP-Branch-Benders-ProjectedPathLLBI-poly-RootCuts,FPP-SAA-fpp_base,-4.3,-2.826158396,2.08903524,1.001160394,-0.02456362,-1.54,-10.5
CVaR,0.03,400,case00,FPP-SAA-fpp_base,FPP-Branch-Benders-CVaR-RootCuts,FPP-SAA-CVaR,FPP-Branch-Benders-RootCuts,FPP-SAA-fpp_base,3.25,2.136049951,3.17380876,1.001762953,0.03183741,1.015,2.4
CVaR,0.03,400,case00,FPP-SAA-fpp_base,FPP-Branch-Benders-Combinatorial-CVaR,FPP-SAA-CVaR,FPP-Branch-Benders-Combinatorial,FPP-SAA-fpp_base,-1.65,-1.084456129,42.89856908,1.023828828,-0.0034798,-1.27,3.25
Expected,0.03,400,case00,FPP-SAA-fpp_base,FPP-Branch-Benders-LLBI-RootCuts,FPP-SAA,FPP-Branch-Benders-LLBI-RootCuts,FPP-SAA-fpp_base,0.3625,0.512512371,1.48581774,1.000825402,0.03302617,1.04,2.65
Expected,0.03,400,case00,FPP-SAA-fpp_base,FPP-Branch-Benders-ProjectedCoverageLLBI-exp-RootCuts,FPP-SAA,FPP-Branch-Benders-ProjectedCoverageLLBI-exp-RootCuts,FPP-SAA-fpp_base,-0.36,-0.5089778029,12.87355889,1.007151528,0.01657611,1.32,1.9
Expected,0.03,400,case00,FPP-SAA-fpp_base,FPP-Branch-Benders-ProjectedCoverageLLBI-poly-RootCuts,FPP-SAA,FPP-Branch-Benders-ProjectedCoverageLLBI-poly-RootCuts,FPP-SAA-fpp_base,0.3625,0.512512371,7.14202637,1.003967543,0.03447073,1.04,2.65
Expected,0.03,400,case00,FPP-SAA-fpp_base,FPP-Branch-Benders-ProjectedPathLLBI-exp-RootCuts,FPP-SAA,FPP-Branch-Benders-ProjectedPathLLBI-exp-RootCuts,FPP-SAA-fpp_base,0.2625,0.371129648,6.71868614,1.003732369,0.03345382,2.665,9.7
Expected,0.03,400,case00,FPP-SAA-fpp_base,FPP-Branch-Benders-ProjectedPathLLBI-poly-RootCuts,FPP-SAA,FPP-Branch-Benders-ProjectedPathLLBI-poly-RootCuts,FPP-SAA-fpp_base,0.6075,0.8589000424,7.62667131,1.004236773,0.04193292,3.1,9.85
Expected,0.03,400,case00,FPP-SAA-fpp_base,FPP-Branch-Benders-RootCuts,FPP-SAA,FPP-Branch-Benders-RootCuts,FPP-SAA-fpp_base,0.3975,0.561996324,1.29481402,1.000719296,0.03478546,-0.205,-4.45
Expected,0.03,400,case00,FPP-SAA-fpp_base,FPP-Branch-Benders-Combinatorial,FPP-SAA,FPP-Branch-Benders-Combinatorial,FPP-SAA-fpp_base,-0.4825,-0.6821716386,118.5153784,1.06583774,-0.00068538,1.1,5
MeanCVaR,0.03,400,case00,FPP-SAA-fpp_base,FPP-Branch-Benders-MeanCVaR-LLBI-RootCuts,FPP-SAA-MeanCVaR,FPP-Branch-Benders-LLBI-RootCuts,FPP-SAA-fpp_base,0.3425,0.3002838449,4.97500607,1.002763697,0.02246461,4.925,-2.2
MeanCVaR,0.03,400,case00,FPP-SAA-fpp_base,FPP-Branch-Benders-MeanCVaR-ProjectedCoverageLLBI-exp-RootCuts,FPP-SAA-MeanCVaR,FPP-Branch-Benders-ProjectedCoverageLLBI-exp-RootCuts,FPP-SAA-fpp_base,-2.45375,-2.151303605,12.99962029,1.007221502,-0.01546866,4.505,6.4
MeanCVaR,0.03,400,case00,FPP-SAA-fpp_base,FPP-Branch-Benders-MeanCVaR-ProjectedCoverageLLBI-poly-RootCuts,FPP-SAA-MeanCVaR,FPP-Branch-Benders-ProjectedCoverageLLBI-poly-RootCuts,FPP-SAA-fpp_base,0.3425,0.3002838449,6.56645885,1.003647775,0.02310156,4.925,-2.2
MeanCVaR,0.03,400,case00,FPP-SAA-fpp_base,FPP-Branch-Benders-MeanCVaR-ProjectedPathLLBI-exp-RootCuts,FPP-SAA-MeanCVaR,FPP-Branch-Benders-ProjectedPathLLBI-exp-RootCuts,FPP-SAA-fpp_base,-3.4925,-3.062018477,14.77105329,1.008205561,-0.02593872,3.51,7.25
MeanCVaR,0.03,400,case00,FPP-SAA-fpp_base,FPP-Branch-Benders-MeanCVaR-ProjectedPathLLBI-poly-RootCuts,FPP-SAA-MeanCVaR,FPP-Branch-Benders-ProjectedPathLLBI-poly-RootCuts,FPP-SAA-fpp_base,-3.4925,-3.062018477,9.41784356,1.005231766,-0.01151674,3.51,7.25
MeanCVaR,0.03,400,case00,FPP-SAA-fpp_base,FPP-Branch-Benders-MeanCVaR-RootCuts,FPP-SAA-MeanCVaR,FPP-Branch-Benders-RootCuts,FPP-SAA-fpp_base,-2.28,-1.998969829,1.16155753,1.000645264,0.00338333,2.595,3.2
MeanCVaR,0.03,400,case00,FPP-SAA-fpp_base,FPP-Branch-Benders-Combinatorial-MeanCVaR,FPP-SAA-MeanCVaR,FPP-Branch-Benders-Combinatorial,FPP-SAA-fpp_base,-0.66,-0.5786491611,504.9943165,1.280532595,0.00421761,0.34,6.9
CVaR,0.03,400,case01,FPP-SAA-fpp_base,FPP-Branch-Benders-CVaR-LLBI-RootCuts,FPP-SAA-CVaR,FPP-Branch-Benders-LLBI-RootCuts,FPP-SAA-fpp_base,-105.25,-41.11328125,1.38805003,1.000771089,-0.33286267,-7.255,-19.95
CVaR,0.03,400,case01,FPP-SAA-fpp_base,FPP-Branch-Benders-CVaR-ProjectedCoverageLLBI-exp-RootCuts,FPP-SAA-CVaR,FPP-Branch-Benders-ProjectedCoverageLLBI-exp-RootCuts,FPP-SAA-fpp_base,-103.075,-40.26367187,13.34334658,1.00741249,-0.33113208,-7.245,-19.4
CVaR,0.03,400,case01,FPP-SAA-fpp_base,FPP-Branch-Benders-CVaR-ProjectedCoverageLLBI-poly-RootCuts,FPP-SAA-CVaR,FPP-Branch-Benders-ProjectedCoverageLLBI-poly-RootCuts,FPP-SAA-fpp_base,-105.25,-41.11328125,6.01382504,1.003340797,-0.33429979,-7.255,-19.95
CVaR,0.03,400,case01,FPP-SAA-fpp_base,FPP-Branch-Benders-CVaR-ProjectedPathLLBI-exp-RootCuts,FPP-SAA-CVaR,FPP-Branch-Benders-ProjectedPathLLBI-exp-RootCuts,FPP-SAA-fpp_base,-103.05,-40.25390625,6.44189024,1.003578596,-0.33370084,-5.205,-0.4
CVaR,0.03,400,case01,FPP-SAA-fpp_base,FPP-Branch-Benders-CVaR-ProjectedPathLLBI-poly-RootCuts,FPP-SAA-CVaR,FPP-Branch-Benders-ProjectedPathLLBI-poly-RootCuts,FPP-SAA-fpp_base,-104.55,-40.83984375,7.94087785,1.004411313,-0.33448464,-3.62,2.15
CVaR,0.03,400,case01,FPP-SAA-fpp_base,FPP-Branch-Benders-CVaR-RootCuts,FPP-SAA-CVaR,FPP-Branch-Benders-RootCuts,FPP-SAA-fpp_base,-102.4,-40,1.99863971,1.001110283,-0.31056331,-7.785,-15.95
CVaR,0.03,400,case01,FPP-SAA-fpp_base,FPP-Branch-Benders-Combinatorial-CVaR,FPP-SAA-CVaR,FPP-Branch-Benders-Combinatorial,FPP-SAA-fpp_base,-100.025,-39.07226562,47.08088532,1.026154351,-0.3181058,-5.22,-3.4
Expected,0.03,400,case01,FPP-SAA-fpp_base,FPP-Branch-Benders-LLBI-RootCuts,FPP-SAA,FPP-Branch-Benders-LLBI-RootCuts,FPP-SAA-fpp_base,-0.445,-0.6148531952,4.4406884,1.002466838,0.02682822,1.685,1.8
Expected,0.03,400,case01,FPP-SAA-fpp_base,FPP-Branch-Benders-ProjectedCoverageLLBI-exp-RootCuts,FPP-SAA,FPP-Branch-Benders-ProjectedCoverageLLBI-exp-RootCuts,FPP-SAA-fpp_base,0.115,0.1588946459,11.74487668,1.006524374,0.02962271,-2.025,-12.9
Expected,0.03,400,case01,FPP-SAA-fpp_base,FPP-Branch-Benders-ProjectedCoverageLLBI-poly-RootCuts,FPP-SAA,FPP-Branch-Benders-ProjectedCoverageLLBI-poly-RootCuts,FPP-SAA-fpp_base,-0.7075,-0.9775474957,2.12755136,1.001181872,0.02301391,0.82,-1.15
Expected,0.03,400,case01,FPP-SAA-fpp_base,FPP-Branch-Benders-ProjectedPathLLBI-exp-RootCuts,FPP-SAA,FPP-Branch-Benders-ProjectedPathLLBI-exp-RootCuts,FPP-SAA-fpp_base,-0.6025,-0.8324697755,5.17424221,1.002874333,0.0242283,-3.21,-2.7
Expected,0.03,400,case01,FPP-SAA-fpp_base,FPP-Branch-Benders-ProjectedPathLLBI-poly-RootCuts,FPP-SAA,FPP-Branch-Benders-ProjectedPathLLBI-poly-RootCuts,FPP-SAA-fpp_base,-0.61,-0.8428324698,9.66038768,1.005366423,0.02618529,-3.12,0.45
Expected,0.03,400,case01,FPP-SAA-fpp_base,FPP-Branch-Benders-RootCuts,FPP-SAA,FPP-Branch-Benders-RootCuts,FPP-SAA-fpp_base,-0.6175,-0.8531951641,1.11287891,1.000618213,0.01593363,-3.36,-4.8
Expected,0.03,400,case01,FPP-SAA-fpp_base,FPP-Branch-Benders-Combinatorial,FPP-SAA,FPP-Branch-Benders-Combinatorial,FPP-SAA-fpp_base,-1.3425,-1.85492228,97.43879329,1.054128038,-0.02015128,-2.155,-10.85
MeanCVaR,0.03,400,case01,FPP-SAA-fpp_base,FPP-Branch-Benders-MeanCVaR-LLBI-RootCuts,FPP-SAA-MeanCVaR,FPP-Branch-Benders-LLBI-RootCuts,FPP-SAA-fpp_base,-17.56125,-13.22582467,3.69680785,1.00205358,-0.08572973,-2.34,-15.8
MeanCVaR,0.03,400,case01,FPP-SAA-fpp_base,FPP-Branch-Benders-MeanCVaR-ProjectedCoverageLLBI-exp-RootCuts,FPP-SAA-MeanCVaR,FPP-Branch-Benders-ProjectedCoverageLLBI-exp-RootCuts,FPP-SAA-fpp_base,-21.09125,-15.88435758,12.22061906,1.006788563,-0.12849443,-4.795,-25.05
MeanCVaR,0.03,400,case01,FPP-SAA-fpp_base,FPP-Branch-Benders-MeanCVaR-ProjectedCoverageLLBI-poly-RootCuts,FPP-SAA-MeanCVaR,FPP-Branch-Benders-ProjectedCoverageLLBI-poly-RootCuts,FPP-SAA-fpp_base,-20.5625,-15.48614249,2.00428154,1.00111338,-0.11271553,-2.435,-20.7
MeanCVaR,0.03,400,case01,FPP-SAA-fpp_base,FPP-Branch-Benders-MeanCVaR-ProjectedPathLLBI-exp-RootCuts,FPP-SAA-MeanCVaR,FPP-Branch-Benders-ProjectedPathLLBI-exp-RootCuts,FPP-SAA-fpp_base,-19.49125,-14.67935683,6.13563925,1.003408352,-0.12152127,-4.59,-27.35
MeanCVaR,0.03,400,case01,FPP-SAA-fpp_base,FPP-Branch-Benders-MeanCVaR-ProjectedPathLLBI-poly-RootCuts,FPP-SAA-MeanCVaR,FPP-Branch-Benders-ProjectedPathLLBI-poly-RootCuts,FPP-SAA-fpp_base,-21.09125,-15.88435758,2.92841687,1.001626738,-0.12589613,-4.795,-25.05
MeanCVaR,0.03,400,case01,FPP-SAA-fpp_base,FPP-Branch-Benders-MeanCVaR-RootCuts,FPP-SAA-MeanCVaR,FPP-Branch-Benders-RootCuts,FPP-SAA-fpp_base,-16.43875,-12.38044133,1.35431338,1.000752322,-0.08406166,-3.63,-29.2
MeanCVaR,0.03,400,case01,FPP-SAA-fpp_base,FPP-Branch-Benders-Combinatorial-MeanCVaR,FPP-SAA-MeanCVaR,FPP-Branch-Benders-Combinatorial,FPP-SAA-fpp_base,-18.58,-13.99307125,49.17948887,1.027319243,-0.11550399,-1.54,-15.35
CVaR,0.03,400,case02,FPP-SAA-fpp_base,FPP-Branch-Benders-CVaR-LLBI-RootCuts,FPP-SAA-CVaR,FPP-Branch-Benders-LLBI-RootCuts,FPP-SAA-fpp_base,-1550.8,-90.83613999,1.21566839,1.000675257,-0.73014679,-40.655,-103.45
CVaR,0.03,400,case02,FPP-SAA-fpp_base,FPP-Branch-Benders-CVaR-ProjectedCoverageLLBI-exp-RootCuts,FPP-SAA-CVaR,FPP-Branch-Benders-ProjectedCoverageLLBI-exp-RootCuts,FPP-SAA-fpp_base,-1550.075,-90.79367404,19.61888308,1.010897535,-0.74217728,-42.62,-113.9
CVaR,0.03,400,case02,FPP-SAA-fpp_base,FPP-Branch-Benders-CVaR-ProjectedCoverageLLBI-poly-RootCuts,FPP-SAA-CVaR,FPP-Branch-Benders-ProjectedCoverageLLBI-poly-RootCuts,FPP-SAA-fpp_base,-1551.35,-90.86835554,2.44920756,1.001360441,-0.73208577,-40.985,-102.75
CVaR,0.03,400,case02,FPP-SAA-fpp_base,FPP-Branch-Benders-CVaR-ProjectedPathLLBI-exp-RootCuts,FPP-SAA-CVaR,FPP-Branch-Benders-ProjectedPathLLBI-exp-RootCuts,FPP-SAA-fpp_base,-1547.8,-90.6604188,3.13452789,1.00174111,-0.72473452,-42.73,-110.4
CVaR,0.03,400,case02,FPP-SAA-fpp_base,FPP-Branch-Benders-CVaR-ProjectedPathLLBI-poly-RootCuts,FPP-SAA-CVaR,FPP-Branch-Benders-ProjectedPathLLBI-poly-RootCuts,FPP-SAA-fpp_base,-1551.7,-90.88885635,7.70288012,1.004278654,-0.7407167,-40.505,-106.95
CVaR,0.03,400,case02,FPP-SAA-fpp_base,FPP-Branch-Benders-CVaR-RootCuts,FPP-SAA-CVaR,FPP-Branch-Benders-RootCuts,FPP-SAA-fpp_base,-1546.65,-90.59305901,1.18961869,1.000660787,-0.70200237,-40.75,-96.65
CVaR,0.03,400,case02,FPP-SAA-fpp_base,FPP-Branch-Benders-Combinatorial-CVaR,FPP-SAA-CVaR,FPP-Branch-Benders-Combinatorial,FPP-SAA-fpp_base,-1533.2,-89.80524235,539.15531,1.299480031,-0.64068034,-46.705,-121.1
Expected,0.03,400,case02,FPP-SAA-fpp_base,FPP-Branch-Benders-LLBI-RootCuts,FPP-SAA,FPP-Branch-Benders-LLBI-RootCuts,FPP-SAA-fpp_base,0.065,0.08979140765,4.99797914,1.002776439,0.04027165,2.555,19.15
Expected,0.03,400,case02,FPP-SAA-fpp_base,FPP-Branch-Benders-ProjectedCoverageLLBI-exp-RootCuts,FPP-SAA,FPP-Branch-Benders-ProjectedCoverageLLBI-exp-RootCuts,FPP-SAA-fpp_base,0.69,0.9531703274,21.52434251,1.011957036,0.05861967,4.51,24.15
Expected,0.03,400,case02,FPP-SAA-fpp_base,FPP-Branch-Benders-ProjectedCoverageLLBI-poly-RootCuts,FPP-SAA,FPP-Branch-Benders-ProjectedCoverageLLBI-poly-RootCuts,FPP-SAA-fpp_base,0.065,0.08979140765,5.99306936,1.003329223,0.0377249,2.555,19.15
Expected,0.03,400,case02,FPP-SAA-fpp_base,FPP-Branch-Benders-ProjectedPathLLBI-exp-RootCuts,FPP-SAA,FPP-Branch-Benders-ProjectedPathLLBI-exp-RootCuts,FPP-SAA-fpp_base,-0.2975,-0.4109683658,3.05020483,1.001694426,0.02990555,3.545,15.95
Expected,0.03,400,case02,FPP-SAA-fpp_base,FPP-Branch-Benders-ProjectedPathLLBI-poly-RootCuts,FPP-SAA,FPP-Branch-Benders-ProjectedPathLLBI-poly-RootCuts,FPP-SAA-fpp_base,0.0725,0.1001519547,2.98096931,1.001655965,0.03982643,3.695,11.75
Expected,0.03,400,case02,FPP-SAA-fpp_base,FPP-Branch-Benders-RootCuts,FPP-SAA,FPP-Branch-Benders-RootCuts,FPP-SAA-fpp_base,0.2625,0.3626191463,1.23672401,1.000687015,0.05289293,7.02,23.9
Expected,0.03,400,case02,FPP-SAA-fpp_base,FPP-Branch-Benders-Combinatorial,FPP-SAA,FPP-Branch-Benders-Combinatorial,FPP-SAA-fpp_base,-0.5425,-0.7494129023,77.89854697,1.043273597,0.0035727,1.55,3.95
MeanCVaR,0.03,400,case02,FPP-SAA-fpp_base,FPP-Branch-Benders-MeanCVaR-LLBI-RootCuts,FPP-SAA-MeanCVaR,FPP-Branch-Benders-LLBI-RootCuts,FPP-SAA-fpp_base,-19.86375,-14.71429762,3.48027904,1.001933295,-0.11630316,-10.82,-24.05
MeanCVaR,0.03,400,case02,FPP-SAA-fpp_base,FPP-Branch-Benders-MeanCVaR-ProjectedCoverageLLBI-exp-RootCuts,FPP-SAA-MeanCVaR,FPP-Branch-Benders-ProjectedCoverageLLBI-exp-RootCuts,FPP-SAA-fpp_base,-16.60875,-12.30311953,40.0135927,1.022227551,-0.10044418,-9.385,-27.4
MeanCVaR,0.03,400,case02,FPP-SAA-fpp_base,FPP-Branch-Benders-MeanCVaR-ProjectedCoverageLLBI-poly-RootCuts,FPP-SAA-MeanCVaR,FPP-Branch-Benders-ProjectedCoverageLLBI-poly-RootCuts,FPP-SAA-fpp_base,-18.1775,-13.46518885,3.51388642,1.001951964,-0.09894798,-8.455,-25.65
MeanCVaR,0.03,400,case02,FPP-SAA-fpp_base,FPP-Branch-Benders-MeanCVaR-ProjectedPathLLBI-exp-RootCuts,FPP-SAA-MeanCVaR,FPP-Branch-Benders-ProjectedPathLLBI-exp-RootCuts,FPP-SAA-fpp_base,-20.3525,-15.07634471,9.79964459,1.005443703,-0.12567514,-10.035,-26.2
MeanCVaR,0.03,400,case02,FPP-SAA-fpp_base,FPP-Branch-Benders-MeanCVaR-ProjectedPathLLBI-poly-RootCuts,FPP-SAA-MeanCVaR,FPP-Branch-Benders-ProjectedPathLLBI-poly-RootCuts,FPP-SAA-fpp_base,-19.3725,-14.35039862,2.37237494,1.001317854,-0.10989644,-9.745,-25
MeanCVaR,0.03,400,case02,FPP-SAA-fpp_base,FPP-Branch-Benders-MeanCVaR-RootCuts,FPP-SAA-MeanCVaR,FPP-Branch-Benders-RootCuts,FPP-SAA-fpp_base,-16.37,-12.12626277,4.87145685,1.002706094,-0.07543672,-9.4,-16.8
MeanCVaR,0.03,400,case02,FPP-SAA-fpp_base,FPP-Branch-Benders-Combinatorial-MeanCVaR,FPP-SAA-MeanCVaR,FPP-Branch-Benders-Combinatorial,FPP-SAA-fpp_base,-12.99375,-9.625267369,88.67913651,1.049261262,-0.08730117,-7.155,-10
CVaR,0.03,400,case03,FPP-SAA-fpp_base,FPP-Branch-Benders-CVaR-LLBI-RootCuts,FPP-SAA-CVaR,FPP-Branch-Benders-LLBI-RootCuts,FPP-SAA-fpp_base,-92,-37.24696356,6.3635063,1.003535074,-0.29758527,-4.245,-27.95
CVaR,0.03,400,case03,FPP-SAA-fpp_base,FPP-Branch-Benders-CVaR-ProjectedCoverageLLBI-exp-RootCuts,FPP-SAA-CVaR,FPP-Branch-Benders-ProjectedCoverageLLBI-exp-RootCuts,FPP-SAA-fpp_base,-91.525,-37.05465587,18.58494941,1.010324365,-0.29979596,-4.85,-30.75
CVaR,0.03,400,case03,FPP-SAA-fpp_base,FPP-Branch-Benders-CVaR-ProjectedCoverageLLBI-poly-RootCuts,FPP-SAA-CVaR,FPP-Branch-Benders-ProjectedCoverageLLBI-poly-RootCuts,FPP-SAA-fpp_base,-92.875,-37.60121457,2.54412747,1.001413321,-0.30210297,-4.79,-28.35
CVaR,0.03,400,case03,FPP-SAA-fpp_base,FPP-Branch-Benders-CVaR-ProjectedPathLLBI-exp-RootCuts,FPP-SAA-CVaR,FPP-Branch-Benders-ProjectedPathLLBI-exp-RootCuts,FPP-SAA-fpp_base,-90.525,-36.64979757,11.89946337,1.006610425,-0.28587171,-8.555,-32.05
CVaR,0.03,400,case03,FPP-SAA-fpp_base,FPP-Branch-Benders-CVaR-ProjectedPathLLBI-poly-RootCuts,FPP-SAA-CVaR,FPP-Branch-Benders-ProjectedPathLLBI-poly-RootCuts,FPP-SAA-fpp_base,-91.6,-37.08502024,6.93611572,1.003853171,-0.29837923,-3.37,-23.25
CVaR,0.03,400,case03,FPP-SAA-fpp_base,FPP-Branch-Benders-CVaR-RootCuts,FPP-SAA-CVaR,FPP-Branch-Benders-RootCuts,FPP-SAA-fpp_base,-88.125,-35.67813765,3.66599238,1.002036543,-0.26756448,-2.69,-21.6
CVaR,0.03,400,case03,FPP-SAA-fpp_base,FPP-Branch-Benders-Combinatorial-CVaR,FPP-SAA-CVaR,FPP-Branch-Benders-Combinatorial,FPP-SAA-fpp_base,-90.1,-36.47773279,28.97339821,1.016095386,-0.28782709,-4.825,-26.7
Expected,0.03,400,case03,FPP-SAA-fpp_base,FPP-Branch-Benders-LLBI-RootCuts,FPP-SAA,FPP-Branch-Benders-LLBI-RootCuts,FPP-SAA-fpp_base,-0.66,-0.9103448276,5.95253884,1.003306692,0.04344274,3.7,12.3
Expected,0.03,400,case03,FPP-SAA-fpp_base,FPP-Branch-Benders-ProjectedCoverageLLBI-exp-RootCuts,FPP-SAA,FPP-Branch-Benders-ProjectedCoverageLLBI-exp-RootCuts,FPP-SAA-fpp_base,-0.4925,-0.6793103448,18.74987553,1.010415734,0.03596847,3.66,7
Expected,0.03,400,case03,FPP-SAA-fpp_base,FPP-Branch-Benders-ProjectedCoverageLLBI-poly-RootCuts,FPP-SAA,FPP-Branch-Benders-ProjectedCoverageLLBI-poly-RootCuts,FPP-SAA-fpp_base,-0.66,-0.9103448276,2.3713007,1.00131728,0.03791992,3.7,12.3
Expected,0.03,400,case03,FPP-SAA-fpp_base,FPP-Branch-Benders-ProjectedPathLLBI-exp-RootCuts,FPP-SAA,FPP-Branch-Benders-ProjectedPathLLBI-exp-RootCuts,FPP-SAA-fpp_base,-0.7675,-1.05862069,3.04184339,1.001689773,0.02785145,5.805,20.2
Expected,0.03,400,case03,FPP-SAA-fpp_base,FPP-Branch-Benders-ProjectedPathLLBI-poly-RootCuts,FPP-SAA,FPP-Branch-Benders-ProjectedPathLLBI-poly-RootCuts,FPP-SAA-fpp_base,-0.6275,-0.8655172414,3.80633659,1.002114456,0.03580963,6.65,23.25
Expected,0.03,400,case03,FPP-SAA-fpp_base,FPP-Branch-Benders-RootCuts,FPP-SAA,FPP-Branch-Benders-RootCuts,FPP-SAA-fpp_base,-0.4475,-0.6172413793,1.17054771,1.00065025,0.03147018,2.08,9.75
Expected,0.03,400,case03,FPP-SAA-fpp_base,FPP-Branch-Benders-Combinatorial,FPP-SAA,FPP-Branch-Benders-Combinatorial,FPP-SAA-fpp_base,-1.0225,-1.410344828,30.04234711,1.016688809,-0.00854925,2.965,16.75
MeanCVaR,0.03,400,case03,FPP-SAA-fpp_base,FPP-Branch-Benders-MeanCVaR-LLBI-RootCuts,FPP-SAA-MeanCVaR,FPP-Branch-Benders-LLBI-RootCuts,FPP-SAA-fpp_base,-835.77,-87.93436776,4.34953263,1.00241627,-0.73703349,-39.43,-102
MeanCVaR,0.03,400,case03,FPP-SAA-fpp_base,FPP-Branch-Benders-MeanCVaR-ProjectedCoverageLLBI-exp-RootCuts,FPP-SAA-MeanCVaR,FPP-Branch-Benders-ProjectedCoverageLLBI-exp-RootCuts,FPP-SAA-fpp_base,-833.03125,-87.64621402,41.99541356,1.023329463,-0.7190009,-35.845,-97.8
MeanCVaR,0.03,400,case03,FPP-SAA-fpp_base,FPP-Branch-Benders-MeanCVaR-ProjectedCoverageLLBI-poly-RootCuts,FPP-SAA-MeanCVaR,FPP-Branch-Benders-ProjectedCoverageLLBI-poly-RootCuts,FPP-SAA-fpp_base,-833.10625,-87.65410504,7.68439628,1.004268867,-0.71047995,-41.12,-110.75
MeanCVaR,0.03,400,case03,FPP-SAA-fpp_base,FPP-Branch-Benders-MeanCVaR-ProjectedPathLLBI-exp-RootCuts,FPP-SAA-MeanCVaR,FPP-Branch-Benders-ProjectedPathLLBI-exp-RootCuts,FPP-SAA-fpp_base,-833.07,-87.65029105,11.53403721,1.006407435,-0.71663748,-38.58,-103.8
MeanCVaR,0.03,400,case03,FPP-SAA-fpp_base,FPP-Branch-Benders-MeanCVaR-ProjectedPathLLBI-poly-RootCuts,FPP-SAA-MeanCVaR,FPP-Branch-Benders-ProjectedPathLLBI-poly-RootCuts,FPP-SAA-fpp_base,-834.6375,-87.81521336,2.53406649,1.001407735,-0.72616906,-39.63,-105.55
MeanCVaR,0.03,400,case03,FPP-SAA-fpp_base,FPP-Branch-Benders-MeanCVaR-RootCuts,FPP-SAA-MeanCVaR,FPP-Branch-Benders-RootCuts,FPP-SAA-fpp_base,-832.54625,-87.59518543,4.50812707,1.002504373,-0.70136168,-42.095,-105.15
MeanCVaR,0.03,400,case03,FPP-SAA-fpp_base,FPP-Branch-Benders-Combinatorial-MeanCVaR,FPP-SAA-MeanCVaR,FPP-Branch-Benders-Combinatorial,FPP-SAA-fpp_base,-835.2175,-87.87623725,29.18657686,1.016213846,-0.74078454,-38.88,-100.85
CVaR,0.03,400,case04,FPP-SAA-fpp_base,FPP-Branch-Benders-CVaR-LLBI-RootCuts,FPP-SAA-CVaR,FPP-Branch-Benders-LLBI-RootCuts,FPP-SAA-fpp_base,-91.55,-36.73756019,6.71921134,1.003732363,-0.27543931,-14.035,-38.5
CVaR,0.03,400,case04,FPP-SAA-fpp_base,FPP-Branch-Benders-CVaR-ProjectedCoverageLLBI-exp-RootCuts,FPP-SAA-CVaR,FPP-Branch-Benders-ProjectedCoverageLLBI-exp-RootCuts,FPP-SAA-fpp_base,-95.925,-38.49317817,11.38312312,1.006323055,-0.32070824,-14.085,-35.65
CVaR,0.03,400,case04,FPP-SAA-fpp_base,FPP-Branch-Benders-CVaR-ProjectedCoverageLLBI-poly-RootCuts,FPP-SAA-CVaR,FPP-Branch-Benders-ProjectedCoverageLLBI-poly-RootCuts,FPP-SAA-fpp_base,-93,-37.31942215,3.41995397,1.001899703,-0.28899884,-14.59,-37.15
CVaR,0.03,400,case04,FPP-SAA-fpp_base,FPP-Branch-Benders-CVaR-ProjectedPathLLBI-exp-RootCuts,FPP-SAA-CVaR,FPP-Branch-Benders-ProjectedPathLLBI-exp-RootCuts,FPP-SAA-fpp_base,-88.4,-35.47351525,3.08042905,1.001711105,-0.28363589,-9.045,-25.8
CVaR,0.03,400,case04,FPP-SAA-fpp_base,FPP-Branch-Benders-CVaR-ProjectedPathLLBI-poly-RootCuts,FPP-SAA-CVaR,FPP-Branch-Benders-ProjectedPathLLBI-poly-RootCuts,FPP-SAA-fpp_base,-95,-38.12199037,2.56160014,1.001422908,-0.31299968,-16.505,-41.35
CVaR,0.03,400,case04,FPP-SAA-fpp_base,FPP-Branch-Benders-CVaR-RootCuts,FPP-SAA-CVaR,FPP-Branch-Benders-RootCuts,FPP-SAA-fpp_base,-88.1,-35.35313002,3.11781263,1.001731871,-0.26509043,-12.55,-33.7
CVaR,0.03,400,case04,FPP-SAA-fpp_base,FPP-Branch-Benders-Combinatorial-CVaR,FPP-SAA-CVaR,FPP-Branch-Benders-Combinatorial,FPP-SAA-fpp_base,-90.2,-36.19582665,29.13207228,1.016182176,-0.29041014,-16.17,-40.55
Expected,0.03,400,case04,FPP-SAA-fpp_base,FPP-Branch-Benders-LLBI-RootCuts,FPP-SAA,FPP-Branch-Benders-LLBI-RootCuts,FPP-SAA-fpp_base,0.85,1.166741018,4.07190065,1.002262024,0.05095291,1.8,2.15
Expected,0.03,400,case04,FPP-SAA-fpp_base,FPP-Branch-Benders-ProjectedCoverageLLBI-exp-RootCuts,FPP-SAA,FPP-Branch-Benders-ProjectedCoverageLLBI-exp-RootCuts,FPP-SAA-fpp_base,0.51,0.7000446107,31.37816556,1.017431214,0.05181961,3.72,3.5
Expected,0.03,400,case04,FPP-SAA-fpp_base,FPP-Branch-Benders-ProjectedCoverageLLBI-poly-RootCuts,FPP-SAA,FPP-Branch-Benders-ProjectedCoverageLLBI-poly-RootCuts,FPP-SAA-fpp_base,0.85,1.166741018,2.36682556,1.00131482,0.04876557,1.8,2.15
Expected,0.03,400,case04,FPP-SAA-fpp_base,FPP-Branch-Benders-ProjectedPathLLBI-exp-RootCuts,FPP-SAA,FPP-Branch-Benders-ProjectedPathLLBI-exp-RootCuts,FPP-SAA-fpp_base,1.38,1.894238358,2.98428804,1.001657833,0.05332738,4.98,16.5
Expected,0.03,400,case04,FPP-SAA-fpp_base,FPP-Branch-Benders-ProjectedPathLLBI-poly-RootCuts,FPP-SAA,FPP-Branch-Benders-ProjectedPathLLBI-poly-RootCuts,FPP-SAA-fpp_base,1.315,1.805016986,7.29365617,1.004051775,0.05253152,1.34,2.5
Expected,0.03,400,case04,FPP-SAA-fpp_base,FPP-Branch-Benders-RootCuts,FPP-SAA,FPP-Branch-Benders-RootCuts,FPP-SAA-fpp_base,0.485,0.6657286984,1.18771239,1.000659799,0.05536499,1.09,-1.25
Expected,0.03,400,case04,FPP-SAA-fpp_base,FPP-Branch-Benders-Combinatorial,FPP-SAA,FPP-Branch-Benders-Combinatorial,FPP-SAA-fpp_base,0.42,0.5765073264,27.59812742,1.015331325,0.01158216,3.05,9.65
MeanCVaR,0.03,400,case04,FPP-SAA-fpp_base,FPP-Branch-Benders-MeanCVaR-LLBI-RootCuts,FPP-SAA-MeanCVaR,FPP-Branch-Benders-LLBI-RootCuts,FPP-SAA-fpp_base,-29.2925,-20.07160477,2.82630869,1.001570078,-0.16382549,-17.85,-37.55
MeanCVaR,0.03,400,case04,FPP-SAA-fpp_base,FPP-Branch-Benders-MeanCVaR-ProjectedCoverageLLBI-exp-RootCuts,FPP-SAA-MeanCVaR,FPP-Branch-Benders-ProjectedCoverageLLBI-exp-RootCuts,FPP-SAA-fpp_base,-27.6925,-18.97526381,11.84126895,1.006578092,-0.15582793,-12.765,-27.15
MeanCVaR,0.03,400,case04,FPP-SAA-fpp_base,FPP-Branch-Benders-MeanCVaR-ProjectedCoverageLLBI-poly-RootCuts,FPP-SAA-MeanCVaR,FPP-Branch-Benders-ProjectedCoverageLLBI-poly-RootCuts,FPP-SAA-fpp_base,-30.065,-20.60093189,3.80779332,1.002115315,-0.17017442,-17.925,-40.4
MeanCVaR,0.03,400,case04,FPP-SAA-fpp_base,FPP-Branch-Benders-MeanCVaR-ProjectedPathLLBI-exp-RootCuts,FPP-SAA-MeanCVaR,FPP-Branch-Benders-ProjectedPathLLBI-exp-RootCuts,FPP-SAA-fpp_base,-29.4825,-20.20179526,3.05744358,1.001698479,-0.17478938,-19.08,-41.05
MeanCVaR,0.03,400,case04,FPP-SAA-fpp_base,FPP-Branch-Benders-MeanCVaR-ProjectedPathLLBI-poly-RootCuts,FPP-SAA-MeanCVaR,FPP-Branch-Benders-ProjectedPathLLBI-poly-RootCuts,FPP-SAA-fpp_base,-28.80375,-19.73670687,2.59672591,1.00144254,-0.1568307,-17.755,-40.6
MeanCVaR,0.03,400,case04,FPP-SAA-fpp_base,FPP-Branch-Benders-MeanCVaR-RootCuts,FPP-SAA-MeanCVaR,FPP-Branch-Benders-RootCuts,FPP-SAA-fpp_base,-28.87125,-19.78295875,1.34512105,1.000747245,-0.15088497,-17.315,-38.45
MeanCVaR,0.03,400,case04,FPP-SAA-fpp_base,FPP-Branch-Benders-Combinatorial-MeanCVaR,FPP-SAA-MeanCVaR,FPP-Branch-Benders-Combinatorial,FPP-SAA-fpp_base,-28.89875,-19.80180211,28.77928697,1.015987543,-0.17297493,-18.565,-43.05
CVaR,0.01,800,case00,FPP-SAA-fpp_base,FPP-Branch-Benders-CVaR-LLBI-RootCuts,FPP-SAA-CVaR,FPP-Branch-Benders-LLBI-RootCuts,FPP-SAA-fpp_base,-1472.5625,-85.99344492,-1531.91756,0.1491590673,-0.99900455,-33.69,-58.3
CVaR,0.01,800,case00,FPP-SAA-fpp_base,FPP-Branch-Benders-CVaR-ProjectedCoverageLLBI-exp-RootCuts,FPP-SAA-CVaR,FPP-Branch-Benders-ProjectedCoverageLLBI-exp-RootCuts,FPP-SAA-fpp_base,-1472.5625,-85.99344492,-1655.710933,0.08040310294,-0.99900395,-33.69,-58.3
CVaR,0.01,800,case00,FPP-SAA-fpp_base,FPP-Branch-Benders-CVaR-ProjectedCoverageLLBI-poly-RootCuts,FPP-SAA-CVaR,FPP-Branch-Benders-ProjectedCoverageLLBI-poly-RootCuts,FPP-SAA-fpp_base,-1472.5625,-85.99344492,-1702.657153,0.05432874629,-0.99900455,-33.69,-58.3
CVaR,0.01,800,case00,FPP-SAA-fpp_base,FPP-Branch-Benders-CVaR-ProjectedPathLLBI-exp-RootCuts,FPP-SAA-CVaR,FPP-Branch-Benders-ProjectedPathLLBI-exp-RootCuts,FPP-SAA-fpp_base,-1472.5625,-85.99344492,-1661.509008,0.07718279957,-0.99900547,-33.69,-58.3
CVaR,0.01,800,case00,FPP-SAA-fpp_base,FPP-Branch-Benders-CVaR-ProjectedPathLLBI-poly-RootCuts,FPP-SAA-CVaR,FPP-Branch-Benders-ProjectedPathLLBI-poly-RootCuts,FPP-SAA-fpp_base,-1472.5625,-85.99344492,-1508.346527,0.1622506332,-0.99900221,-33.69,-58.3
CVaR,0.01,800,case00,FPP-SAA-fpp_base,FPP-Branch-Benders-CVaR-RootCuts,FPP-SAA-CVaR,FPP-Branch-Benders-RootCuts,FPP-SAA-fpp_base,-1472.5625,-85.99344492,-1673.902574,0.07029930058,-0.99900318,-33.69,-58.3
CVaR,0.01,800,case00,FPP-SAA-fpp_base,FPP-Branch-Benders-Combinatorial-CVaR,FPP-SAA-CVaR,FPP-Branch-Benders-Combinatorial,FPP-SAA-fpp_base,-1472.5625,-85.99344492,-559.5738332,0.6892076085,-0.999031,-33.69,-58.3
Expected,0.01,800,case00,FPP-SAA-fpp_base,FPP-Branch-Benders-LLBI-RootCuts,FPP-SAA,FPP-Branch-Benders-LLBI-RootCuts,FPP-SAA-fpp_base,-31.85375,-23.44924682,-1752.466911,0.02662402905,-0.99168476,-33.69,-58.3
Expected,0.01,800,case00,FPP-SAA-fpp_base,FPP-Branch-Benders-ProjectedCoverageLLBI-exp-RootCuts,FPP-SAA,FPP-Branch-Benders-ProjectedCoverageLLBI-exp-RootCuts,FPP-SAA-fpp_base,-31.85375,-23.44924682,-1750.577922,0.02767323341,-0.99263847,-33.69,-58.3
Expected,0.01,800,case00,FPP-SAA-fpp_base,FPP-Branch-Benders-ProjectedCoverageLLBI-poly-RootCuts,FPP-SAA,FPP-Branch-Benders-ProjectedCoverageLLBI-poly-RootCuts,FPP-SAA-fpp_base,-31.85375,-23.44924682,-1777.470889,0.01273602248,-0.99168476,-33.69,-58.3
Expected,0.01,800,case00,FPP-SAA-fpp_base,FPP-Branch-Benders-ProjectedPathLLBI-exp-RootCuts,FPP-SAA,FPP-Branch-Benders-ProjectedPathLLBI-exp-RootCuts,FPP-SAA-fpp_base,-31.85375,-23.44924682,-1745.848191,0.03030027672,-0.99164735,-33.69,-58.3
Expected,0.01,800,case00,FPP-SAA-fpp_base,FPP-Branch-Benders-ProjectedPathLLBI-poly-RootCuts,FPP-SAA,FPP-Branch-Benders-ProjectedPathLLBI-poly-RootCuts,FPP-SAA-fpp_base,-31.85375,-23.44924682,-1779.533797,0.0115902176,-0.99202976,-33.69,-58.3
Expected,0.01,800,case00,FPP-SAA-fpp_base,FPP-Branch-Benders-RootCuts,FPP-SAA,FPP-Branch-Benders-RootCuts,FPP-SAA-fpp_base,-31.85375,-23.44924682,-1763.584265,0.02044909605,-0.99164223,-33.69,-58.3
Expected,0.01,800,case00,FPP-SAA-fpp_base,FPP-Branch-Benders-Combinatorial,FPP-SAA,FPP-Branch-Benders-Combinatorial,FPP-SAA-fpp_base,-31.85375,-23.44924682,-1750.245462,0.02785789258,-0.99182762,-33.69,-58.3
MeanCVaR,0.01,800,case00,FPP-SAA-fpp_base,FPP-Branch-Benders-MeanCVaR-LLBI-RootCuts,FPP-SAA-MeanCVaR,FPP-Branch-Benders-LLBI-RootCuts,FPP-SAA-fpp_base,-752.208125,-81.39662912,-1776.069655,0.0135129237,-0.99846009,-33.69,-58.3
MeanCVaR,0.01,800,case00,FPP-SAA-fpp_base,FPP-Branch-Benders-MeanCVaR-ProjectedCoverageLLBI-exp-RootCuts,FPP-SAA-MeanCVaR,FPP-Branch-Benders-ProjectedCoverageLLBI-exp-RootCuts,FPP-SAA-fpp_base,-752.208125,-81.39662912,-1753.815322,0.02587370705,-0.9984799,-33.69,-58.3
MeanCVaR,0.01,800,case00,FPP-SAA-fpp_base,FPP-Branch-Benders-MeanCVaR-ProjectedCoverageLLBI-poly-RootCuts,FPP-SAA-MeanCVaR,FPP-Branch-Benders-ProjectedCoverageLLBI-poly-RootCuts,FPP-SAA-fpp_base,-752.208125,-81.39662912,-1774.229317,0.0145351075,-0.99846009,-33.69,-58.3
MeanCVaR,0.01,800,case00,FPP-SAA-fpp_base,FPP-Branch-Benders-MeanCVaR-ProjectedPathLLBI-exp-RootCuts,FPP-SAA-MeanCVaR,FPP-Branch-Benders-ProjectedPathLLBI-exp-RootCuts,FPP-SAA-fpp_base,-752.208125,-81.39662912,-1770.254245,0.0167429925,-0.99847242,-33.69,-58.3
MeanCVaR,0.01,800,case00,FPP-SAA-fpp_base,FPP-Branch-Benders-MeanCVaR-ProjectedPathLLBI-poly-RootCuts,FPP-SAA-MeanCVaR,FPP-Branch-Benders-ProjectedPathLLBI-poly-RootCuts,FPP-SAA-fpp_base,-752.208125,-81.39662912,-1768.353393,0.01779878786,-0.99846618,-33.69,-58.3
MeanCVaR,0.01,800,case00,FPP-SAA-fpp_base,FPP-Branch-Benders-MeanCVaR-RootCuts,FPP-SAA-MeanCVaR,FPP-Branch-Benders-RootCuts,FPP-SAA-fpp_base,-752.208125,-81.39662912,-1778.448085,0.01219186644,-0.99847037,-33.69,-58.3
MeanCVaR,0.01,800,case00,FPP-SAA-fpp_base,FPP-Branch-Benders-Combinatorial-MeanCVaR,FPP-SAA-MeanCVaR,FPP-Branch-Benders-Combinatorial,FPP-SAA-fpp_base,-752.208125,-81.39662912,-1606.794257,0.1075340067,-0.99852806,-33.69,-58.3
CVaR,0.01,800,case01,FPP-SAA-fpp_base,FPP-Branch-Benders-CVaR-LLBI-RootCuts,FPP-SAA-CVaR,FPP-Branch-Benders-LLBI-RootCuts,FPP-SAA-fpp_base,-1487.825,-86.00082369,-1557.401403,0.1350398561,-0.99900318,-27.86,-68.25
CVaR,0.01,800,case01,FPP-SAA-fpp_base,FPP-Branch-Benders-CVaR-ProjectedCoverageLLBI-exp-RootCuts,FPP-SAA-CVaR,FPP-Branch-Benders-ProjectedCoverageLLBI-exp-RootCuts,FPP-SAA-fpp_base,-1487.825,-86.00082369,-1510.624083,0.1610193607,-0.99900941,-27.86,-68.25
CVaR,0.01,800,case01,FPP-SAA-fpp_base,FPP-Branch-Benders-CVaR-ProjectedCoverageLLBI-poly-RootCuts,FPP-SAA-CVaR,FPP-Branch-Benders-ProjectedCoverageLLBI-poly-RootCuts,FPP-SAA-fpp_base,-1487.825,-86.00082369,-1525.671802,0.1526620569,-0.99900318,-27.86,-68.25
CVaR,0.01,800,case01,FPP-SAA-fpp_base,FPP-Branch-Benders-CVaR-ProjectedPathLLBI-exp-RootCuts,FPP-SAA-CVaR,FPP-Branch-Benders-ProjectedPathLLBI-exp-RootCuts,FPP-SAA-fpp_base,-1487.825,-86.00082369,-1670.150518,0.07242048856,-0.99900023,-27.86,-68.25
CVaR,0.01,800,case01,FPP-SAA-fpp_base,FPP-Branch-Benders-CVaR-ProjectedPathLLBI-poly-RootCuts,FPP-SAA-CVaR,FPP-Branch-Benders-ProjectedPathLLBI-poly-RootCuts,FPP-SAA-fpp_base,-1487.825,-86.00082369,-1620.280744,0.1001175015,-0.99900084,-27.86,-68.25
CVaR,0.01,800,case01,FPP-SAA-fpp_base,FPP-Branch-Benders-CVaR-RootCuts,FPP-SAA-CVaR,FPP-Branch-Benders-RootCuts,FPP-SAA-fpp_base,-1487.825,-86.00082369,-1661.546208,0.07719920842,-0.99900089,-27.86,-68.25
CVaR,0.01,800,case01,FPP-SAA-fpp_base,FPP-Branch-Benders-Combinatorial-CVaR,FPP-SAA-CVaR,FPP-Branch-Benders-Combinatorial,FPP-SAA-fpp_base,-1487.825,-86.00082369,30.4905315,1.016934038,-0.99363274,-27.86,-68.25
Expected,0.01,800,case01,FPP-SAA-fpp_base,FPP-Branch-Benders-LLBI-RootCuts,FPP-SAA,FPP-Branch-Benders-LLBI-RootCuts,FPP-SAA-fpp_base,-32.7125,-23.77340322,-1771.235551,0.0160595483,-0.99175181,-30.06,-59.55
Expected,0.01,800,case01,FPP-SAA-fpp_base,FPP-Branch-Benders-ProjectedCoverageLLBI-exp-RootCuts,FPP-SAA,FPP-Branch-Benders-ProjectedCoverageLLBI-exp-RootCuts,FPP-SAA-fpp_base,-32.7125,-23.77340322,-1743.829802,0.03128373744,-0.99178105,-30.06,-59.55
Expected,0.01,800,case01,FPP-SAA-fpp_base,FPP-Branch-Benders-ProjectedCoverageLLBI-poly-RootCuts,FPP-SAA,FPP-Branch-Benders-ProjectedCoverageLLBI-poly-RootCuts,FPP-SAA-fpp_base,-32.7125,-23.77340322,-1693.54697,0.05921639274,-0.99175181,-30.06,-59.55
Expected,0.01,800,case01,FPP-SAA-fpp_base,FPP-Branch-Benders-ProjectedPathLLBI-exp-RootCuts,FPP-SAA,FPP-Branch-Benders-ProjectedPathLLBI-exp-RootCuts,FPP-SAA-fpp_base,-32.7125,-23.77340322,-1756.369084,0.02431803131,-0.99180996,-30.06,-59.55
Expected,0.01,800,case01,FPP-SAA-fpp_base,FPP-Branch-Benders-ProjectedPathLLBI-poly-RootCuts,FPP-SAA,FPP-Branch-Benders-ProjectedPathLLBI-poly-RootCuts,FPP-SAA-fpp_base,-32.7125,-23.77340322,-1770.942106,0.01622256014,-0.99225701,-30.06,-59.55
Expected,0.01,800,case01,FPP-SAA-fpp_base,FPP-Branch-Benders-RootCuts,FPP-SAA,FPP-Branch-Benders-RootCuts,FPP-SAA-fpp_base,-32.7125,-23.77340322,-1770.068528,0.01670784211,-0.99194342,-30.06,-59.55
Expected,0.01,800,case01,FPP-SAA-fpp_base,FPP-Branch-Benders-Combinatorial,FPP-SAA,FPP-Branch-Benders-Combinatorial,FPP-SAA-fpp_base,-32.7125,-23.77340322,-1686.173273,0.06331256126,-0.99273262,-30.06,-59.55
MeanCVaR,0.01,800,case01,FPP-SAA-fpp_base,FPP-Branch-Benders-MeanCVaR-LLBI-RootCuts,FPP-SAA-MeanCVaR,FPP-Branch-Benders-LLBI-RootCuts,FPP-SAA-fpp_base,-759.328125,-81.31532818,-1617.794709,0.1013659441,-0.99846573,-27.155,-64.45
MeanCVaR,0.01,800,case01,FPP-SAA-fpp_base,FPP-Branch-Benders-MeanCVaR-ProjectedCoverageLLBI-exp-RootCuts,FPP-SAA-MeanCVaR,FPP-Branch-Benders-ProjectedCoverageLLBI-exp-RootCuts,FPP-SAA-fpp_base,-759.328125,-81.31532818,-1743.007736,0.03181404743,-0.99846527,-27.155,-64.45
MeanCVaR,0.01,800,case01,FPP-SAA-fpp_base,FPP-Branch-Benders-MeanCVaR-ProjectedCoverageLLBI-poly-RootCuts,FPP-SAA-MeanCVaR,FPP-Branch-Benders-ProjectedCoverageLLBI-poly-RootCuts,FPP-SAA-fpp_base,-759.328125,-81.31532818,-1562.224846,0.1322332543,-0.99846573,-27.155,-64.45
MeanCVaR,0.01,800,case01,FPP-SAA-fpp_base,FPP-Branch-Benders-MeanCVaR-ProjectedPathLLBI-exp-RootCuts,FPP-SAA-MeanCVaR,FPP-Branch-Benders-ProjectedPathLLBI-exp-RootCuts,FPP-SAA-fpp_base,-759.328125,-81.31532818,-1754.820342,0.02525251606,-0.99847326,-27.155,-64.45
MeanCVaR,0.01,800,case01,FPP-SAA-fpp_base,FPP-Branch-Benders-MeanCVaR-ProjectedPathLLBI-poly-RootCuts,FPP-SAA-MeanCVaR,FPP-Branch-Benders-ProjectedPathLLBI-poly-RootCuts,FPP-SAA-fpp_base,-759.328125,-81.31532818,-1621.969312,0.09904708303,-0.99846497,-27.155,-64.45
MeanCVaR,0.01,800,case01,FPP-SAA-fpp_base,FPP-Branch-Benders-MeanCVaR-RootCuts,FPP-SAA-MeanCVaR,FPP-Branch-Benders-RootCuts,FPP-SAA-fpp_base,-759.328125,-81.31532818,-1736.836017,0.03524224278,-0.99846733,-27.155,-64.45
MeanCVaR,0.01,800,case01,FPP-SAA-fpp_base,FPP-Branch-Benders-Combinatorial-MeanCVaR,FPP-SAA-MeanCVaR,FPP-Branch-Benders-Combinatorial,FPP-SAA-fpp_base,-759.328125,-81.31532818,-763.4693282,0.5759168111,-0.99855842,-27.155,-64.45
CVaR,0.01,800,case02,FPP-SAA-fpp_base,FPP-Branch-Benders-CVaR-LLBI-RootCuts,FPP-SAA-CVaR,FPP-Branch-Benders-LLBI-RootCuts,FPP-SAA-fpp_base,-1471.4,-85.92430381,-1507.496138,0.1626967747,-0.99900177,-26.17,-59.35
CVaR,0.01,800,case02,FPP-SAA-fpp_base,FPP-Branch-Benders-CVaR-ProjectedCoverageLLBI-exp-RootCuts,FPP-SAA-CVaR,FPP-Branch-Benders-ProjectedCoverageLLBI-exp-RootCuts,FPP-SAA-fpp_base,-1471.4,-85.92430381,-1685.894203,0.06360977111,-0.99900639,-26.17,-59.35
CVaR,0.01,800,case02,FPP-SAA-fpp_base,FPP-Branch-Benders-CVaR-ProjectedCoverageLLBI-poly-RootCuts,FPP-SAA-CVaR,FPP-Branch-Benders-ProjectedCoverageLLBI-poly-RootCuts,FPP-SAA-fpp_base,-1471.4,-85.92430381,-1679.274195,0.0672866989,-0.99900177,-26.17,-59.35
CVaR,0.01,800,case02,FPP-SAA-fpp_base,FPP-Branch-Benders-CVaR-ProjectedPathLLBI-exp-RootCuts,FPP-SAA-CVaR,FPP-Branch-Benders-ProjectedPathLLBI-exp-RootCuts,FPP-SAA-fpp_base,-1471.4,-85.92430381,-1696.31728,0.05782051877,-0.99900348,-26.17,-59.35
CVaR,0.01,800,case02,FPP-SAA-fpp_base,FPP-Branch-Benders-CVaR-ProjectedPathLLBI-poly-RootCuts,FPP-SAA-CVaR,FPP-Branch-Benders-ProjectedPathLLBI-poly-RootCuts,FPP-SAA-fpp_base,-1471.4,-85.92430381,-1603.730695,0.1092455568,-0.99900849,-26.17,-59.35
CVaR,0.01,800,case02,FPP-SAA-fpp_base,FPP-Branch-Benders-CVaR-RootCuts,FPP-SAA-CVaR,FPP-Branch-Benders-RootCuts,FPP-SAA-fpp_base,-1471.4,-85.92430381,-1459.18402,0.1895306029,-0.99900168,-26.17,-59.35
CVaR,0.01,800,case02,FPP-SAA-fpp_base,FPP-Branch-Benders-Combinatorial-CVaR,FPP-SAA-CVaR,FPP-Branch-Benders-Combinatorial,FPP-SAA-fpp_base,-1471.4,-85.92430381,-658.3816527,0.6343174173,-0.99904601,-26.17,-59.35
Expected,0.01,800,case02,FPP-SAA-fpp_base,FPP-Branch-Benders-LLBI-RootCuts,FPP-SAA,FPP-Branch-Benders-LLBI-RootCuts,FPP-SAA-fpp_base,0,0,-1410.43774,0.01589216592,0.00052445,0,0
Expected,0.01,800,case02,FPP-SAA-fpp_base,FPP-Branch-Benders-ProjectedCoverageLLBI-exp-RootCuts,FPP-SAA,FPP-Branch-Benders-ProjectedCoverageLLBI-exp-RootCuts,FPP-SAA-fpp_base,0,0,-1389.954657,0.03018387256,0.00075569,0,0
Expected,0.01,800,case02,FPP-SAA-fpp_base,FPP-Branch-Benders-ProjectedCoverageLLBI-poly-RootCuts,FPP-SAA,FPP-Branch-Benders-ProjectedCoverageLLBI-poly-RootCuts,FPP-SAA-fpp_base,0,0,-1412.175354,0.01467977665,0.00052445,0,0
Expected,0.01,800,case02,FPP-SAA-fpp_base,FPP-Branch-Benders-ProjectedPathLLBI-exp-RootCuts,FPP-SAA,FPP-Branch-Benders-ProjectedPathLLBI-exp-RootCuts,FPP-SAA-fpp_base,0,0,-1405.224145,0.01952985893,-5.85e-05,0,0
Expected,0.01,800,case02,FPP-SAA-fpp_base,FPP-Branch-Benders-ProjectedPathLLBI-poly-RootCuts,FPP-SAA,FPP-Branch-Benders-ProjectedPathLLBI-poly-RootCuts,FPP-SAA-fpp_base,0,0,-1412.393794,0.01452736417,0.00079856,0,0
Expected,0.01,800,case02,FPP-SAA-fpp_base,FPP-Branch-Benders-RootCuts,FPP-SAA,FPP-Branch-Benders-RootCuts,FPP-SAA-fpp_base,0,0,-1387.805764,0.03168322407,0.00076944,0,0
Expected,0.01,800,case02,FPP-SAA-fpp_base,FPP-Branch-Benders-Combinatorial,FPP-SAA,FPP-Branch-Benders-Combinatorial,FPP-SAA-fpp_base,0,0,-1392.393493,0.02848221826,0.00074037,0,0
MeanCVaR,0.01,800,case02,FPP-SAA-fpp_base,FPP-Branch-Benders-MeanCVaR-LLBI-RootCuts,FPP-SAA-MeanCVaR,FPP-Branch-Benders-LLBI-RootCuts,FPP-SAA-fpp_base,-750.531875,-81.20963952,-1732.654861,0.03766884484,-0.99846251,-30.495,-61.85
MeanCVaR,0.01,800,case02,FPP-SAA-fpp_base,FPP-Branch-Benders-MeanCVaR-ProjectedCoverageLLBI-exp-RootCuts,FPP-SAA-MeanCVaR,FPP-Branch-Benders-ProjectedCoverageLLBI-exp-RootCuts,FPP-SAA-fpp_base,-750.531875,-81.20963952,-1708.558863,0.05105196591,-0.99846405,-30.495,-61.85
MeanCVaR,0.01,800,case02,FPP-SAA-fpp_base,FPP-Branch-Benders-MeanCVaR-ProjectedCoverageLLBI-poly-RootCuts,FPP-SAA-MeanCVaR,FPP-Branch-Benders-ProjectedCoverageLLBI-poly-RootCuts,FPP-SAA-fpp_base,-750.531875,-81.20963952,-1727.683523,0.04042996799,-0.99846251,-30.495,-61.85
MeanCVaR,0.01,800,case02,FPP-SAA-fpp_base,FPP-Branch-Benders-MeanCVaR-ProjectedPathLLBI-exp-RootCuts,FPP-SAA-MeanCVaR,FPP-Branch-Benders-ProjectedPathLLBI-exp-RootCuts,FPP-SAA-fpp_base,-750.531875,-81.20963952,-1748.34227,0.02895592544,-0.99847575,-30.495,-61.85
MeanCVaR,0.01,800,case02,FPP-SAA-fpp_base,FPP-Branch-Benders-MeanCVaR-ProjectedPathLLBI-poly-RootCuts,FPP-SAA-MeanCVaR,FPP-Branch-Benders-ProjectedPathLLBI-poly-RootCuts,FPP-SAA-fpp_base,-750.531875,-81.20963952,-1672.406144,0.07113149123,-0.99846352,-30.495,-61.85
MeanCVaR,0.01,800,case02,FPP-SAA-fpp_base,FPP-Branch-Benders-MeanCVaR-RootCuts,FPP-SAA-MeanCVaR,FPP-Branch-Benders-RootCuts,FPP-SAA-fpp_base,-750.531875,-81.20963952,-1598.529766,0.1121630562,-0.99846954,-30.495,-61.85
MeanCVaR,0.01,800,case02,FPP-SAA-fpp_base,FPP-Branch-Benders-Combinatorial-MeanCVaR,FPP-SAA-MeanCVaR,FPP-Branch-Benders-Combinatorial,FPP-SAA-fpp_base,-750.31125,-81.18576728,354.7974931,1.197057527,-0.96372434,-32.115,-59
CVaR,0.01,800,case03,FPP-SAA-fpp_base,FPP-Branch-Benders-CVaR-LLBI-RootCuts,FPP-SAA-CVaR,FPP-Branch-Benders-LLBI-RootCuts,FPP-SAA-fpp_base,-1472.675,-85.93791031,-1583.277538,0.1206724072,-0.99900477,-26.735,-60.8
CVaR,0.01,800,case03,FPP-SAA-fpp_base,FPP-Branch-Benders-CVaR-ProjectedCoverageLLBI-exp-RootCuts,FPP-SAA-CVaR,FPP-Branch-Benders-ProjectedCoverageLLBI-exp-RootCuts,FPP-SAA-fpp_base,-1472.675,-85.93791031,-1554.95582,0.1364018464,-0.99900187,-26.735,-60.8
CVaR,0.01,800,case03,FPP-SAA-fpp_base,FPP-Branch-Benders-CVaR-ProjectedCoverageLLBI-poly-RootCuts,FPP-SAA-CVaR,FPP-Branch-Benders-ProjectedCoverageLLBI-poly-RootCuts,FPP-SAA-fpp_base,-1472.675,-85.93791031,-1567.375511,0.1295041446,-0.99900477,-26.735,-60.8
CVaR,0.01,800,case03,FPP-SAA-fpp_base,FPP-Branch-Benders-CVaR-ProjectedPathLLBI-exp-RootCuts,FPP-SAA-CVaR,FPP-Branch-Benders-ProjectedPathLLBI-exp-RootCuts,FPP-SAA-fpp_base,-1472.675,-85.93791031,-1664.600669,0.07550681155,-0.99900011,-26.735,-60.8
CVaR,0.01,800,case03,FPP-SAA-fpp_base,FPP-Branch-Benders-CVaR-ProjectedPathLLBI-poly-RootCuts,FPP-SAA-CVaR,FPP-Branch-Benders-ProjectedPathLLBI-poly-RootCuts,FPP-SAA-fpp_base,-1472.675,-85.93791031,-1379.736052,0.2337161663,-0.99900198,-26.735,-60.8
CVaR,0.01,800,case03,FPP-SAA-fpp_base,FPP-Branch-Benders-CVaR-RootCuts,FPP-SAA-CVaR,FPP-Branch-Benders-RootCuts,FPP-SAA-fpp_base,-1472.675,-85.93791031,-1564.141477,0.1313002765,-0.99900051,-26.735,-60.8
CVaR,0.01,800,case03,FPP-SAA-fpp_base,FPP-Branch-Benders-Combinatorial-CVaR,FPP-SAA-CVaR,FPP-Branch-Benders-Combinatorial,FPP-SAA-fpp_base,-1472.675,-85.93791031,36.18481076,1.020096478,-0.98196637,-26.735,-60.8
Expected,0.01,800,case03,FPP-SAA-fpp_base,FPP-Branch-Benders-LLBI-RootCuts,FPP-SAA,FPP-Branch-Benders-LLBI-RootCuts,FPP-SAA-fpp_base,-32.195,-23.67888795,-1771.474319,0.01589182875,-0.99177981,-32.325,-63.65
Expected,0.01,800,case03,FPP-SAA-fpp_base,FPP-Branch-Benders-ProjectedCoverageLLBI-exp-RootCuts,FPP-SAA,FPP-Branch-Benders-ProjectedCoverageLLBI-exp-RootCuts,FPP-SAA-fpp_base,-32.195,-23.67888795,-1716.093124,0.04665777643,-0.99165314,-32.325,-63.65
Expected,0.01,800,case03,FPP-SAA-fpp_base,FPP-Branch-Benders-ProjectedCoverageLLBI-poly-RootCuts,FPP-SAA,FPP-Branch-Benders-ProjectedCoverageLLBI-poly-RootCuts,FPP-SAA-fpp_base,-32.195,-23.67888795,-1765.92896,0.01897244487,-0.99177981,-32.325,-63.65
Expected,0.01,800,case03,FPP-SAA-fpp_base,FPP-Branch-Benders-ProjectedPathLLBI-exp-RootCuts,FPP-SAA,FPP-Branch-Benders-ProjectedPathLLBI-exp-RootCuts,FPP-SAA-fpp_base,-32.195,-23.67888795,-1768.927347,0.01730674944,-0.99174626,-32.325,-63.65
Expected,0.01,800,case03,FPP-SAA-fpp_base,FPP-Branch-Benders-ProjectedPathLLBI-poly-RootCuts,FPP-SAA,FPP-Branch-Benders-ProjectedPathLLBI-poly-RootCuts,FPP-SAA-fpp_base,-32.195,-23.67888795,-1770.444435,0.01646396068,-0.99181261,-32.325,-63.65
Expected,0.01,800,case03,FPP-SAA-fpp_base,FPP-Branch-Benders-RootCuts,FPP-SAA,FPP-Branch-Benders-RootCuts,FPP-SAA-fpp_base,-32.195,-23.67888795,-1756.512982,0.02420330873,-0.99165152,-32.325,-63.65
Expected,0.01,800,case03,FPP-SAA-fpp_base,FPP-Branch-Benders-Combinatorial,FPP-SAA,FPP-Branch-Benders-Combinatorial,FPP-SAA-fpp_base,-32.195,-23.67888795,-1756.407385,0.0242619712,-0.99207901,-32.325,-63.65
MeanCVaR,0.01,800,case03,FPP-SAA-fpp_base,FPP-Branch-Benders-MeanCVaR-LLBI-RootCuts,FPP-SAA-MeanCVaR,FPP-Branch-Benders-LLBI-RootCuts,FPP-SAA-fpp_base,-751.62625,-81.27380563,-1745.879439,0.03030531804,-0.99846342,-31.58,-57.1
MeanCVaR,0.01,800,case03,FPP-SAA-fpp_base,FPP-Branch-Benders-MeanCVaR-ProjectedCoverageLLBI-exp-RootCuts,FPP-SAA-MeanCVaR,FPP-Branch-Benders-ProjectedCoverageLLBI-exp-RootCuts,FPP-SAA-fpp_base,-751.62625,-81.27380563,-1742.581138,0.03213725693,-0.99846273,-31.58,-57.1
MeanCVaR,0.01,800,case03,FPP-SAA-fpp_base,FPP-Branch-Benders-MeanCVaR-ProjectedCoverageLLBI-poly-RootCuts,FPP-SAA-MeanCVaR,FPP-Branch-Benders-ProjectedCoverageLLBI-poly-RootCuts,FPP-SAA-fpp_base,-751.62625,-81.27380563,-1752.254199,0.02676465493,-0.99846342,-31.58,-57.1
MeanCVaR,0.01,800,case03,FPP-SAA-fpp_base,FPP-Branch-Benders-MeanCVaR-ProjectedPathLLBI-exp-RootCuts,FPP-SAA-MeanCVaR,FPP-Branch-Benders-ProjectedPathLLBI-exp-RootCuts,FPP-SAA-fpp_base,-751.62625,-81.27380563,-1741.422635,0.03278071196,-0.9985272,-31.58,-57.1
MeanCVaR,0.01,800,case03,FPP-SAA-fpp_base,FPP-Branch-Benders-MeanCVaR-ProjectedPathLLBI-poly-RootCuts,FPP-SAA-MeanCVaR,FPP-Branch-Benders-ProjectedPathLLBI-poly-RootCuts,FPP-SAA-fpp_base,-751.62625,-81.27380563,-1633.927282,0.09248567737,-0.99846099,-31.58,-57.1
MeanCVaR,0.01,800,case03,FPP-SAA-fpp_base,FPP-Branch-Benders-MeanCVaR-RootCuts,FPP-SAA-MeanCVaR,FPP-Branch-Benders-RootCuts,FPP-SAA-fpp_base,-751.62625,-81.27380563,-1722.1559,0.04348182351,-0.99846715,-31.58,-57.1
MeanCVaR,0.01,800,case03,FPP-SAA-fpp_base,FPP-Branch-Benders-Combinatorial-MeanCVaR,FPP-SAA-MeanCVaR,FPP-Branch-Benders-Combinatorial,FPP-SAA-fpp_base,-751.62625,-81.27380563,-1135.263592,0.3694529856,-0.998511,-31.58,-57.1
CVaR,0.01,800,case04,FPP-SAA-fpp_base,FPP-Branch-Benders-CVaR-LLBI-RootCuts,FPP-SAA-CVaR,FPP-Branch-Benders-LLBI-RootCuts,FPP-SAA-fpp_base,-1491.0375,-86.03235508,-1659.043926,0.07855442157,-0.99900359,-26.59,-64.5
CVaR,0.01,800,case04,FPP-SAA-fpp_base,FPP-Branch-Benders-CVaR-ProjectedCoverageLLBI-exp-RootCuts,FPP-SAA-CVaR,FPP-Branch-Benders-ProjectedCoverageLLBI-exp-RootCuts,FPP-SAA-fpp_base,-1491.0375,-86.03235508,-1664.884263,0.07531065436,-0.999,-26.59,-64.5
CVaR,0.01,800,case04,FPP-SAA-fpp_base,FPP-Branch-Benders-CVaR-ProjectedCoverageLLBI-poly-RootCuts,FPP-SAA-CVaR,FPP-Branch-Benders-ProjectedCoverageLLBI-poly-RootCuts,FPP-SAA-fpp_base,-1491.0375,-86.03235508,-1660.671933,0.07765021434,-0.99900359,-26.59,-64.5
CVaR,0.01,800,case04,FPP-SAA-fpp_base,FPP-Branch-Benders-CVaR-ProjectedPathLLBI-exp-RootCuts,FPP-SAA-CVaR,FPP-Branch-Benders-ProjectedPathLLBI-exp-RootCuts,FPP-SAA-fpp_base,-1491.0375,-86.03235508,-1621.743063,0.09927160395,-0.99900289,-26.59,-64.5
CVaR,0.01,800,case04,FPP-SAA-fpp_base,FPP-Branch-Benders-CVaR-ProjectedPathLLBI-poly-RootCuts,FPP-SAA-CVaR,FPP-Branch-Benders-ProjectedPathLLBI-poly-RootCuts,FPP-SAA-fpp_base,-1491.0375,-86.03235508,-1718.456612,0.04555616509,-0.99900071,-26.59,-64.5
CVaR,0.01,800,case04,FPP-SAA-fpp_base,FPP-Branch-Benders-CVaR-RootCuts,FPP-SAA-CVaR,FPP-Branch-Benders-RootCuts,FPP-SAA-fpp_base,-1491.0375,-86.03235508,-1615.379703,0.1028058621,-0.99900272,-26.59,-64.5
CVaR,0.01,800,case04,FPP-SAA-fpp_base,FPP-Branch-Benders-Combinatorial-CVaR,FPP-SAA-CVaR,FPP-Branch-Benders-Combinatorial,FPP-SAA-fpp_base,-1490.2625,-85.98763785,39.95840658,1.022193202,-0.97639681,-28.78,-59
Expected,0.01,800,case04,FPP-SAA-fpp_base,FPP-Branch-Benders-LLBI-RootCuts,FPP-SAA,FPP-Branch-Benders-LLBI-RootCuts,FPP-SAA-fpp_base,-32.905,-23.85954735,-1770.039118,0.01684022825,-0.99230141,-31.185,-62
Expected,0.01,800,case04,FPP-SAA-fpp_base,FPP-Branch-Benders-ProjectedCoverageLLBI-exp-RootCuts,FPP-SAA,FPP-Branch-Benders-ProjectedCoverageLLBI-exp-RootCuts,FPP-SAA-fpp_base,-32.905,-23.85954735,-1750.279431,0.02781565159,-0.99191599,-31.185,-62
Expected,0.01,800,case04,FPP-SAA-fpp_base,FPP-Branch-Benders-ProjectedCoverageLLBI-poly-RootCuts,FPP-SAA,FPP-Branch-Benders-ProjectedCoverageLLBI-poly-RootCuts,FPP-SAA-fpp_base,-32.905,-23.85954735,-1776.644098,0.01317152357,-0.99230141,-31.185,-62
Expected,0.01,800,case04,FPP-SAA-fpp_base,FPP-Branch-Benders-ProjectedPathLLBI-exp-RootCuts,FPP-SAA,FPP-Branch-Benders-ProjectedPathLLBI-exp-RootCuts,FPP-SAA-fpp_base,-32.905,-23.85954735,-1748.415711,0.02885084619,-0.99196395,-31.185,-62
Expected,0.01,800,case04,FPP-SAA-fpp_base,FPP-Branch-Benders-ProjectedPathLLBI-poly-RootCuts,FPP-SAA,FPP-Branch-Benders-ProjectedPathLLBI-poly-RootCuts,FPP-SAA-fpp_base,-32.905,-23.85954735,-1754.379277,0.02553841161,-0.99244519,-31.185,-62
Expected,0.01,800,case04,FPP-SAA-fpp_base,FPP-Branch-Benders-RootCuts,FPP-SAA,FPP-Branch-Benders-RootCuts,FPP-SAA-fpp_base,-32.905,-23.85954735,-1770.321666,0.01668328816,-0.99177552,-31.185,-62
Expected,0.01,800,case04,FPP-SAA-fpp_base,FPP-Branch-Benders-Combinatorial,FPP-SAA,FPP-Branch-Benders-Combinatorial,FPP-SAA-fpp_base,-32.905,-23.85954735,-1755.244565,0.02505779155,-0.99274896,-31.185,-62
MeanCVaR,0.01,800,case04,FPP-SAA-fpp_base,FPP-Branch-Benders-MeanCVaR-LLBI-RootCuts,FPP-SAA-MeanCVaR,FPP-Branch-Benders-LLBI-RootCuts,FPP-SAA-fpp_base,-760.793125,-81.32372718,-1662.226623,0.0766468519,-0.9984805,-28.78,-59
MeanCVaR,0.01,800,case04,FPP-SAA-fpp_base,FPP-Branch-Benders-MeanCVaR-ProjectedCoverageLLBI-exp-RootCuts,FPP-SAA-MeanCVaR,FPP-Branch-Benders-ProjectedCoverageLLBI-exp-RootCuts,FPP-SAA-fpp_base,-760.793125,-81.32372718,-1654.72753,0.08081253578,-0.99847472,-28.78,-59
MeanCVaR,0.01,800,case04,FPP-SAA-fpp_base,FPP-Branch-Benders-MeanCVaR-ProjectedCoverageLLBI-poly-RootCuts,FPP-SAA-MeanCVaR,FPP-Branch-Benders-ProjectedCoverageLLBI-poly-RootCuts,FPP-SAA-fpp_base,-760.793125,-81.32372718,-1724.033208,0.04231380466,-0.9984805,-28.78,-59
MeanCVaR,0.01,800,case04,FPP-SAA-fpp_base,FPP-Branch-Benders-MeanCVaR-ProjectedPathLLBI-exp-RootCuts,FPP-SAA-MeanCVaR,FPP-Branch-Benders-ProjectedPathLLBI-exp-RootCuts,FPP-SAA-fpp_base,-760.793125,-81.32372718,-1728.764065,0.03968585275,-0.9984676,-28.78,-59
MeanCVaR,0.01,800,case04,FPP-SAA-fpp_base,FPP-Branch-Benders-MeanCVaR-ProjectedPathLLBI-poly-RootCuts,FPP-SAA-MeanCVaR,FPP-Branch-Benders-ProjectedPathLLBI-poly-RootCuts,FPP-SAA-fpp_base,-760.793125,-81.32372718,-1756.991506,0.02400574258,-0.9984784,-28.78,-59
MeanCVaR,0.01,800,case04,FPP-SAA-fpp_base,FPP-Branch-Benders-MeanCVaR-RootCuts,FPP-SAA-MeanCVaR,FPP-Branch-Benders-RootCuts,FPP-SAA-fpp_base,-760.793125,-81.32372718,-1683.316414,0.06493164727,-0.99846721,-28.78,-59
MeanCVaR,0.01,800,case04,FPP-SAA-fpp_base,FPP-Branch-Benders-Combinatorial-MeanCVaR,FPP-SAA-MeanCVaR,FPP-Branch-Benders-Combinatorial,FPP-SAA-fpp_base,-760.793125,-81.32372718,-1291.265362,0.2827127657,-0.99849507,-28.78,-59
CVaR,0.02,800,case00,FPP-SAA-fpp_base,FPP-Branch-Benders-CVaR-LLBI-RootCuts,FPP-SAA-CVaR,FPP-Branch-Benders-LLBI-RootCuts,FPP-SAA-fpp_base,-1519.1125,-88.71183199,10.75092029,1.005971855,-0.90746089,-51.905,-102.9
CVaR,0.02,800,case00,FPP-SAA-fpp_base,FPP-Branch-Benders-CVaR-ProjectedCoverageLLBI-exp-RootCuts,FPP-SAA-CVaR,FPP-Branch-Benders-ProjectedCoverageLLBI-exp-RootCuts,FPP-SAA-fpp_base,-1519.0375,-88.70745221,18.83255002,1.01046099,-0.91060718,-49.31,-98.65
CVaR,0.02,800,case00,FPP-SAA-fpp_base,FPP-Branch-Benders-CVaR-ProjectedCoverageLLBI-poly-RootCuts,FPP-SAA-CVaR,FPP-Branch-Benders-ProjectedCoverageLLBI-poly-RootCuts,FPP-SAA-fpp_base,-1519.6125,-88.74103056,10.71335113,1.005950987,-0.90255529,-50.995,-107.95
CVaR,0.02,800,case00,FPP-SAA-fpp_base,FPP-Branch-Benders-CVaR-ProjectedPathLLBI-exp-RootCuts,FPP-SAA-CVaR,FPP-Branch-Benders-ProjectedPathLLBI-exp-RootCuts,FPP-SAA-fpp_base,-1519.95,-88.7607396,7.87766252,1.004375836,-0.91294736,-50.185,-105.3
CVaR,0.02,800,case00,FPP-SAA-fpp_base,FPP-Branch-Benders-CVaR-ProjectedPathLLBI-poly-RootCuts,FPP-SAA-CVaR,FPP-Branch-Benders-ProjectedPathLLBI-poly-RootCuts,FPP-SAA-fpp_base,-1521.475,-88.84979525,4.7197744,1.002621711,-0.92608434,-50.915,-101.8
CVaR,0.02,800,case00,FPP-SAA-fpp_base,FPP-Branch-Benders-CVaR-RootCuts,FPP-SAA-CVaR,FPP-Branch-Benders-RootCuts,FPP-SAA-fpp_base,-1518.2125,-88.65927456,2.40622219,1.001336594,-0.89653192,-49.52,-100.7
CVaR,0.02,800,case00,FPP-SAA-fpp_base,FPP-Branch-Benders-Combinatorial-CVaR,FPP-SAA-CVaR,FPP-Branch-Benders-Combinatorial,FPP-SAA-fpp_base,-1519.0375,-88.70745221,97.35601568,1.054078723,-0.88803175,-49.31,-98.65
Expected,0.02,800,case00,FPP-SAA-fpp_base,FPP-Branch-Benders-LLBI-RootCuts,FPP-SAA,FPP-Branch-Benders-LLBI-RootCuts,FPP-SAA-fpp_base,-49.855,-36.70092847,9.50103663,1.005277332,-0.96954489,-50.855,-92.65
Expected,0.02,800,case00,FPP-SAA-fpp_base,FPP-Branch-Benders-ProjectedCoverageLLBI-exp-RootCuts,FPP-SAA,FPP-Branch-Benders-ProjectedCoverageLLBI-exp-RootCuts,FPP-SAA-fpp_base,-50.0975,-36.87944568,58.12073651,1.03228305,-0.96331331,-51.96,-94.85
Expected,0.02,800,case00,FPP-SAA-fpp_base,FPP-Branch-Benders-ProjectedCoverageLLBI-poly-RootCuts,FPP-SAA,FPP-Branch-Benders-ProjectedCoverageLLBI-poly-RootCuts,FPP-SAA-fpp_base,-50.19875,-36.95398121,4.27184008,1.002372785,-0.98044019,-52.12,-95.35
Expected,0.02,800,case00,FPP-SAA-fpp_base,FPP-Branch-Benders-ProjectedPathLLBI-exp-RootCuts,FPP-SAA,FPP-Branch-Benders-ProjectedPathLLBI-exp-RootCuts,FPP-SAA-fpp_base,-50.19875,-36.95398121,10.84128865,1.006021773,-0.96724553,-52.12,-95.35
Expected,0.02,800,case00,FPP-SAA-fpp_base,FPP-Branch-Benders-ProjectedPathLLBI-poly-RootCuts,FPP-SAA,FPP-Branch-Benders-ProjectedPathLLBI-poly-RootCuts,FPP-SAA-fpp_base,-50.16875,-36.93189661,15.29781565,1.008497142,-0.97824561,-52.405,-95.75
Expected,0.02,800,case00,FPP-SAA-fpp_base,FPP-Branch-Benders-RootCuts,FPP-SAA,FPP-Branch-Benders-RootCuts,FPP-SAA-fpp_base,-50.19875,-36.95398121,4.22840835,1.002348661,-0.97536733,-52.12,-95.35
Expected,0.02,800,case00,FPP-SAA-fpp_base,FPP-Branch-Benders-Combinatorial,FPP-SAA,FPP-Branch-Benders-Combinatorial,FPP-SAA-fpp_base,-50.19875,-36.95398121,-614.3661483,0.6587515141,-0.99167692,-52.12,-95.35
MeanCVaR,0.02,800,case00,FPP-SAA-fpp_base,FPP-Branch-Benders-MeanCVaR-LLBI-RootCuts,FPP-SAA-MeanCVaR,FPP-Branch-Benders-LLBI-RootCuts,FPP-SAA-fpp_base,-785.45125,-84.99387598,3.28232874,1.001823322,-0.94807989,-50.915,-101.8
MeanCVaR,0.02,800,case00,FPP-SAA-fpp_base,FPP-Branch-Benders-MeanCVaR-ProjectedCoverageLLBI-exp-RootCuts,FPP-SAA-MeanCVaR,FPP-Branch-Benders-ProjectedCoverageLLBI-exp-RootCuts,FPP-SAA-fpp_base,-784.114375,-84.8492124,21.38342349,1.011878417,-0.93594345,-50.045,-103.75
MeanCVaR,0.02,800,case00,FPP-SAA-fpp_base,FPP-Branch-Benders-MeanCVaR-ProjectedCoverageLLBI-poly-RootCuts,FPP-SAA-MeanCVaR,FPP-Branch-Benders-ProjectedCoverageLLBI-poly-RootCuts,FPP-SAA-fpp_base,-785.45125,-84.99387598,4.32242085,1.00240109,-0.95038147,-50.915,-101.8
MeanCVaR,0.02,800,case00,FPP-SAA-fpp_base,FPP-Branch-Benders-MeanCVaR-ProjectedPathLLBI-exp-RootCuts,FPP-SAA-MeanCVaR,FPP-Branch-Benders-ProjectedPathLLBI-exp-RootCuts,FPP-SAA-fpp_base,-784.6125,-84.90311463,4.09993611,1.0022775,-0.94030119,-50.035,-106.15
MeanCVaR,0.02,800,case00,FPP-SAA-fpp_base,FPP-Branch-Benders-MeanCVaR-ProjectedPathLLBI-poly-RootCuts,FPP-SAA-MeanCVaR,FPP-Branch-Benders-ProjectedPathLLBI-poly-RootCuts,FPP-SAA-fpp_base,-785.224375,-84.96932578,4.61315442,1.002562591,-0.94514335,-50.1,-101.5
MeanCVaR,0.02,800,case00,FPP-SAA-fpp_base,FPP-Branch-Benders-MeanCVaR-RootCuts,FPP-SAA-MeanCVaR,FPP-Branch-Benders-RootCuts,FPP-SAA-fpp_base,-783.51875,-84.78475967,5.58731095,1.003103732,-0.92058925,-48.585,-100.35
MeanCVaR,0.02,800,case00,FPP-SAA-fpp_base,FPP-Branch-Benders-Combinatorial-MeanCVaR,FPP-SAA-MeanCVaR,FPP-Branch-Benders-Combinatorial,FPP-SAA-fpp_base,-783.666875,-84.80078831,96.23450538,1.053457931,-0.92474029,-51.585,-104.75
CVaR,0.02,800,case01,FPP-SAA-fpp_base,FPP-Branch-Benders-CVaR-LLBI-RootCuts,FPP-SAA-CVaR,FPP-Branch-Benders-LLBI-RootCuts,FPP-SAA-fpp_base,-1535.225,-88.74068829,4.67849468,1.002598485,-0.90801286,-48.23,-112
CVaR,0.02,800,case01,FPP-SAA-fpp_base,FPP-Branch-Benders-CVaR-ProjectedCoverageLLBI-exp-RootCuts,FPP-SAA-CVaR,FPP-Branch-Benders-ProjectedCoverageLLBI-exp-RootCuts,FPP-SAA-fpp_base,-1536.1875,-88.79632373,20.44716771,1.011356572,-0.90872735,-47.975,-106
CVaR,0.02,800,case01,FPP-SAA-fpp_base,FPP-Branch-Benders-CVaR-ProjectedCoverageLLBI-poly-RootCuts,FPP-SAA-CVaR,FPP-Branch-Benders-ProjectedCoverageLLBI-poly-RootCuts,FPP-SAA-fpp_base,-1536.0625,-88.78909834,4.37457107,1.002429683,-0.91636047,-47.92,-105.55
CVaR,0.02,800,case01,FPP-SAA-fpp_base,FPP-Branch-Benders-CVaR-ProjectedPathLLBI-exp-RootCuts,FPP-SAA-CVaR,FPP-Branch-Benders-ProjectedPathLLBI-exp-RootCuts,FPP-SAA-fpp_base,-1535.475,-88.75513905,8.97410837,1.004984314,-0.91025398,-48.415,-109.65
CVaR,0.02,800,case01,FPP-SAA-fpp_base,FPP-Branch-Benders-CVaR-ProjectedPathLLBI-poly-RootCuts,FPP-SAA-CVaR,FPP-Branch-Benders-ProjectedPathLLBI-poly-RootCuts,FPP-SAA-fpp_base,-1537.15,-88.85195916,4.43490223,1.002463191,-0.92864244,-48.445,-101.25
CVaR,0.02,800,case01,FPP-SAA-fpp_base,FPP-Branch-Benders-CVaR-RootCuts,FPP-SAA-CVaR,FPP-Branch-Benders-RootCuts,FPP-SAA-fpp_base,-1533.4875,-88.64025549,3.60208306,1.002000635,-0.8889205,-43.585,-104.35
CVaR,0.02,800,case01,FPP-SAA-fpp_base,FPP-Branch-Benders-Combinatorial-CVaR,FPP-SAA-CVaR,FPP-Branch-Benders-Combinatorial,FPP-SAA-fpp_base,-1533.8375,-88.66048656,42.18811663,1.023431724,-0.89640524,-45.485,-102.85
Expected,0.02,800,case01,FPP-SAA-fpp_base,FPP-Branch-Benders-LLBI-RootCuts,FPP-SAA,FPP-Branch-Benders-LLBI-RootCuts,FPP-SAA-fpp_base,-50.57875,-36.75747858,5.40817482,1.003004288,-0.96710384,-47.9,-97.7
Expected,0.02,800,case01,FPP-SAA-fpp_base,FPP-Branch-Benders-ProjectedCoverageLLBI-exp-RootCuts,FPP-SAA,FPP-Branch-Benders-ProjectedCoverageLLBI-exp-RootCuts,FPP-SAA-fpp_base,-50.45125,-36.66481954,19.08043903,1.01059935,-0.95742284,-47.755,-102.15
Expected,0.02,800,case01,FPP-SAA-fpp_base,FPP-Branch-Benders-ProjectedCoverageLLBI-poly-RootCuts,FPP-SAA,FPP-Branch-Benders-ProjectedCoverageLLBI-poly-RootCuts,FPP-SAA-fpp_base,-50.84375,-36.95006404,4.66663914,1.002592359,-0.97241301,-47.365,-100.15
Expected,0.02,800,case01,FPP-SAA-fpp_base,FPP-Branch-Benders-ProjectedPathLLBI-exp-RootCuts,FPP-SAA,FPP-Branch-Benders-ProjectedPathLLBI-exp-RootCuts,FPP-SAA-fpp_base,-51.235,-37.23440012,4.26513996,1.002369322,-0.97094349,-48.375,-103.5
Expected,0.02,800,case01,FPP-SAA-fpp_base,FPP-Branch-Benders-ProjectedPathLLBI-poly-RootCuts,FPP-SAA,FPP-Branch-Benders-ProjectedPathLLBI-poly-RootCuts,FPP-SAA-fpp_base,-50.87125,-36.97004933,13.04066875,1.007244205,-0.96586814,-47.815,-105.2
Expected,0.02,800,case01,FPP-SAA-fpp_base,FPP-Branch-Benders-RootCuts,FPP-SAA,FPP-Branch-Benders-RootCuts,FPP-SAA-fpp_base,-50.82125,-36.93371245,4.14049047,1.002300078,-0.96030885,-48.55,-104.55
Expected,0.02,800,case01,FPP-SAA-fpp_base,FPP-Branch-Benders-Combinatorial,FPP-SAA,FPP-Branch-Benders-Combinatorial,FPP-SAA-fpp_base,-51.235,-37.23440012,-1033.567378,0.4258443258,-0.99173281,-48.375,-103.5
MeanCVaR,0.02,800,case01,FPP-SAA-fpp_base,FPP-Branch-Benders-MeanCVaR-LLBI-RootCuts,FPP-SAA-MeanCVaR,FPP-Branch-Benders-LLBI-RootCuts,FPP-SAA-fpp_base,-790.816875,-84.68741194,5.51457723,1.003063329,-0.92606352,-45.055,-103.55
MeanCVaR,0.02,800,case01,FPP-SAA-fpp_base,FPP-Branch-Benders-MeanCVaR-ProjectedCoverageLLBI-exp-RootCuts,FPP-SAA-MeanCVaR,FPP-Branch-Benders-ProjectedCoverageLLBI-exp-RootCuts,FPP-SAA-fpp_base,-791.961875,-84.8100283,21.18379631,1.011767529,-0.9339004,-48.155,-102.8
MeanCVaR,0.02,800,case01,FPP-SAA-fpp_base,FPP-Branch-Benders-MeanCVaR-ProjectedCoverageLLBI-poly-RootCuts,FPP-SAA-MeanCVaR,FPP-Branch-Benders-ProjectedCoverageLLBI-poly-RootCuts,FPP-SAA-fpp_base,-790.816875,-84.68741194,4.22229276,1.00234547,-0.92343104,-45.055,-103.55
MeanCVaR,0.02,800,case01,FPP-SAA-fpp_base,FPP-Branch-Benders-MeanCVaR-ProjectedPathLLBI-exp-RootCuts,FPP-SAA-MeanCVaR,FPP-Branch-Benders-ProjectedPathLLBI-exp-RootCuts,FPP-SAA-fpp_base,-791.103125,-84.71806603,13.47918696,1.007487644,-0.92399275,-47.915,-104.35
MeanCVaR,0.02,800,case01,FPP-SAA-fpp_base,FPP-Branch-Benders-MeanCVaR-ProjectedPathLLBI-poly-RootCuts,FPP-SAA-MeanCVaR,FPP-Branch-Benders-ProjectedPathLLBI-poly-RootCuts,FPP-SAA-fpp_base,-792.136875,-84.8287688,4.96963684,1.002760617,-0.93634401,-48.045,-108.2
MeanCVaR,0.02,800,case01,FPP-SAA-fpp_base,FPP-Branch-Benders-MeanCVaR-RootCuts,FPP-SAA-MeanCVaR,FPP-Branch-Benders-RootCuts,FPP-SAA-fpp_base,-791.58625,-84.76980318,4.05468443,1.002252364,-0.91916695,-47.29,-108.3
MeanCVaR,0.02,800,case01,FPP-SAA-fpp_base,FPP-Branch-Benders-Combinatorial-MeanCVaR,FPP-SAA-MeanCVaR,FPP-Branch-Benders-Combinatorial,FPP-SAA-fpp_base,-792.58875,-84.87715942,50.07150775,1.027814557,-0.93747507,-46.775,-104.2
CVaR,0.02,800,case02,FPP-SAA-fpp_base,FPP-Branch-Benders-CVaR-LLBI-RootCuts,FPP-SAA-CVaR,FPP-Branch-Benders-LLBI-RootCuts,FPP-SAA-fpp_base,-1518.7625,-88.69009818,5.31991246,1.002955116,-0.91842821,-48.405,-107.6
CVaR,0.02,800,case02,FPP-SAA-fpp_base,FPP-Branch-Benders-CVaR-ProjectedCoverageLLBI-exp-RootCuts,FPP-SAA-CVaR,FPP-Branch-Benders-ProjectedCoverageLLBI-exp-RootCuts,FPP-SAA-fpp_base,-1515.3875,-88.49301069,62.99156893,1.034990681,-0.89179286,-46.86,-99.65
CVaR,0.02,800,case02,FPP-SAA-fpp_base,FPP-Branch-Benders-CVaR-ProjectedCoverageLLBI-poly-RootCuts,FPP-SAA-CVaR,FPP-Branch-Benders-ProjectedCoverageLLBI-poly-RootCuts,FPP-SAA-fpp_base,-1518.7625,-88.69009818,4.36686764,1.002425716,-0.91842821,-48.405,-107.6
CVaR,0.02,800,case02,FPP-SAA-fpp_base,FPP-Branch-Benders-CVaR-ProjectedPathLLBI-exp-RootCuts,FPP-SAA-CVaR,FPP-Branch-Benders-ProjectedPathLLBI-exp-RootCuts,FPP-SAA-fpp_base,-1518.7625,-88.69009818,6.12515426,1.003402413,-0.91823429,-48.405,-107.6
CVaR,0.02,800,case02,FPP-SAA-fpp_base,FPP-Branch-Benders-CVaR-ProjectedPathLLBI-poly-RootCuts,FPP-SAA-CVaR,FPP-Branch-Benders-ProjectedPathLLBI-poly-RootCuts,FPP-SAA-fpp_base,-1516.9375,-88.58352495,4.83475051,1.002685617,-0.90298882,-48.435,-105.2
CVaR,0.02,800,case02,FPP-SAA-fpp_base,FPP-Branch-Benders-CVaR-RootCuts,FPP-SAA-CVaR,FPP-Branch-Benders-RootCuts,FPP-SAA-fpp_base,-1517.5,-88.61637286,4.30988963,1.002394066,-0.89642139,-48.245,-105.4
CVaR,0.02,800,case02,FPP-SAA-fpp_base,FPP-Branch-Benders-Combinatorial-CVaR,FPP-SAA-CVaR,FPP-Branch-Benders-Combinatorial,FPP-SAA-fpp_base,-1506.4125,-87.96890397,140.8539783,1.078241847,-0.82988754,-51.715,-95
Expected,0.02,800,case02,FPP-SAA-fpp_base,FPP-Branch-Benders-LLBI-RootCuts,FPP-SAA,FPP-Branch-Benders-LLBI-RootCuts,FPP-SAA-fpp_base,-50.29625,-36.99783918,5.66997134,1.003149063,-0.98080435,-51.195,-103.15
Expected,0.02,800,case02,FPP-SAA-fpp_base,FPP-Branch-Benders-ProjectedCoverageLLBI-exp-RootCuts,FPP-SAA,FPP-Branch-Benders-ProjectedCoverageLLBI-exp-RootCuts,FPP-SAA-fpp_base,-50.08375,-36.84152453,64.62607677,1.035892881,-0.96573252,-50.44,-96.4
Expected,0.02,800,case02,FPP-SAA-fpp_base,FPP-Branch-Benders-ProjectedCoverageLLBI-poly-RootCuts,FPP-SAA,FPP-Branch-Benders-ProjectedCoverageLLBI-poly-RootCuts,FPP-SAA-fpp_base,-50.24,-36.95646177,4.30642885,1.002391761,-0.97716296,-50.68,-101.9
Expected,0.02,800,case02,FPP-SAA-fpp_base,FPP-Branch-Benders-ProjectedPathLLBI-exp-RootCuts,FPP-SAA,FPP-Branch-Benders-ProjectedPathLLBI-exp-RootCuts,FPP-SAA-fpp_base,-49.9475,-36.74129925,8.40448182,1.004667792,-0.96375783,-50.21,-101.5
Expected,0.02,800,case02,FPP-SAA-fpp_base,FPP-Branch-Benders-ProjectedPathLLBI-poly-RootCuts,FPP-SAA,FPP-Branch-Benders-ProjectedPathLLBI-poly-RootCuts,FPP-SAA-fpp_base,-50.29625,-36.99783918,4.55053855,1.002527338,-0.98650294,-51.195,-103.15
Expected,0.02,800,case02,FPP-SAA-fpp_base,FPP-Branch-Benders-RootCuts,FPP-SAA,FPP-Branch-Benders-RootCuts,FPP-SAA-fpp_base,-50.09875,-36.8525585,3.97676405,1.002208668,-0.97113704,-51.74,-109.7
Expected,0.02,800,case02,FPP-SAA-fpp_base,FPP-Branch-Benders-Combinatorial,FPP-SAA,FPP-Branch-Benders-Combinatorial,FPP-SAA-fpp_base,-50.345,-37.0336996,-340.0640318,0.8111307615,-0.99178998,-51.15,-105.85
MeanCVaR,0.02,800,case02,FPP-SAA-fpp_base,FPP-Branch-Benders-MeanCVaR-LLBI-RootCuts,FPP-SAA-MeanCVaR,FPP-Branch-Benders-LLBI-RootCuts,FPP-SAA-fpp_base,-783.454375,-84.77194572,10.44857245,1.005803128,-0.93314453,-48.405,-107.6
MeanCVaR,0.02,800,case02,FPP-SAA-fpp_base,FPP-Branch-Benders-MeanCVaR-ProjectedCoverageLLBI-exp-RootCuts,FPP-SAA-MeanCVaR,FPP-Branch-Benders-ProjectedCoverageLLBI-exp-RootCuts,FPP-SAA-fpp_base,-783.454375,-84.77194572,50.86815775,1.028252131,-0.93493616,-48.405,-107.6
MeanCVaR,0.02,800,case02,FPP-SAA-fpp_base,FPP-Branch-Benders-MeanCVaR-ProjectedCoverageLLBI-poly-RootCuts,FPP-SAA-MeanCVaR,FPP-Branch-Benders-ProjectedCoverageLLBI-poly-RootCuts,FPP-SAA-fpp_base,-783.454375,-84.77194572,13.81641293,1.007673624,-0.93257706,-48.405,-107.6
MeanCVaR,0.02,800,case02,FPP-SAA-fpp_base,FPP-Branch-Benders-MeanCVaR-ProjectedPathLLBI-exp-RootCuts,FPP-SAA-MeanCVaR,FPP-Branch-Benders-ProjectedPathLLBI-exp-RootCuts,FPP-SAA-fpp_base,-783.645,-84.79257188,3.77055658,1.002094164,-0.94348543,-48.135,-103.45
MeanCVaR,0.02,800,case02,FPP-SAA-fpp_base,FPP-Branch-Benders-MeanCVaR-ProjectedPathLLBI-poly-RootCuts,FPP-SAA-MeanCVaR,FPP-Branch-Benders-ProjectedPathLLBI-poly-RootCuts,FPP-SAA-fpp_base,-783.454375,-84.77194572,7.34967071,1.004082001,-0.93889659,-48.405,-107.6
MeanCVaR,0.02,800,case02,FPP-SAA-fpp_base,FPP-Branch-Benders-MeanCVaR-RootCuts,FPP-SAA-MeanCVaR,FPP-Branch-Benders-RootCuts,FPP-SAA-fpp_base,-781.765,-84.58915064,3.79665788,1.002108661,-0.91457105,-47.78,-104.9
MeanCVaR,0.02,800,case02,FPP-SAA-fpp_base,FPP-Branch-Benders-Combinatorial-MeanCVaR,FPP-SAA-MeanCVaR,FPP-Branch-Benders-Combinatorial,FPP-SAA-fpp_base,-783.645,-84.79257188,79.78681958,1.044313531,-0.93759617,-48.135,-103.45
CVaR,0.02,800,case03,FPP-SAA-fpp_base,FPP-Branch-Benders-CVaR-LLBI-RootCuts,FPP-SAA-CVaR,FPP-Branch-Benders-LLBI-RootCuts,FPP-SAA-fpp_base,-1520.7125,-88.74113734,4.81089957,1.002671839,-0.92351537,-40.5,-90.45
CVaR,0.02,800,case03,FPP-SAA-fpp_base,FPP-Branch-Benders-CVaR-ProjectedCoverageLLBI-exp-RootCuts,FPP-SAA-CVaR,FPP-Branch-Benders-ProjectedCoverageLLBI-exp-RootCuts,FPP-SAA-fpp_base,-1520.225,-88.71268929,27.69746996,1.015382402,-0.91401038,-39.85,-92.15
CVaR,0.02,800,case03,FPP-SAA-fpp_base,FPP-Branch-Benders-CVaR-ProjectedCoverageLLBI-poly-RootCuts,FPP-SAA-CVaR,FPP-Branch-Benders-ProjectedCoverageLLBI-poly-RootCuts,FPP-SAA-fpp_base,-1520.7125,-88.74113734,12.11748244,1.006729711,-0.92532618,-40.5,-90.45
CVaR,0.02,800,case03,FPP-SAA-fpp_base,FPP-Branch-Benders-CVaR-ProjectedPathLLBI-exp-RootCuts,FPP-SAA-CVaR,FPP-Branch-Benders-ProjectedPathLLBI-exp-RootCuts,FPP-SAA-fpp_base,-1517.8875,-88.57628454,3.80060797,1.002110752,-0.9071399,-40.73,-89.9
CVaR,0.02,800,case03,FPP-SAA-fpp_base,FPP-Branch-Benders-CVaR-ProjectedPathLLBI-poly-RootCuts,FPP-SAA-CVaR,FPP-Branch-Benders-ProjectedPathLLBI-poly-RootCuts,FPP-SAA-fpp_base,-1520.65,-88.73749015,4.33714389,1.002408729,-0.92202679,-40.27,-89.6
CVaR,0.02,800,case03,FPP-SAA-fpp_base,FPP-Branch-Benders-CVaR-RootCuts,FPP-SAA-CVaR,FPP-Branch-Benders-RootCuts,FPP-SAA-fpp_base,-1515.725,-88.45009191,3.96161838,1.002200172,-0.87954852,-38.59,-92.05
CVaR,0.02,800,case03,FPP-SAA-fpp_base,FPP-Branch-Benders-Combinatorial-CVaR,FPP-SAA-CVaR,FPP-Branch-Benders-Combinatorial,FPP-SAA-fpp_base,-1517.5625,-88.55731917,41.21435882,1.022889304,-0.89295997,-38.86,-80.35
Expected,0.02,800,case03,FPP-SAA-fpp_base,FPP-Branch-Benders-LLBI-RootCuts,FPP-SAA,FPP-Branch-Benders-LLBI-RootCuts,FPP-SAA-fpp_base,-49.75125,-36.6073728,3.8584108,1.002143047,-0.9731492,-42.39,-83.05
Expected,0.02,800,case03,FPP-SAA-fpp_base,FPP-Branch-Benders-ProjectedCoverageLLBI-exp-RootCuts,FPP-SAA,FPP-Branch-Benders-ProjectedCoverageLLBI-exp-RootCuts,FPP-SAA-fpp_base,-49.47875,-36.40686509,24.16338011,1.013420876,-0.95155426,-42.73,-86.35
Expected,0.02,800,case03,FPP-SAA-fpp_base,FPP-Branch-Benders-ProjectedCoverageLLBI-poly-RootCuts,FPP-SAA,FPP-Branch-Benders-ProjectedCoverageLLBI-poly-RootCuts,FPP-SAA-fpp_base,-49.75125,-36.6073728,4.41403685,1.002451654,-0.97172643,-42.39,-83.05
Expected,0.02,800,case03,FPP-SAA-fpp_base,FPP-Branch-Benders-ProjectedPathLLBI-exp-RootCuts,FPP-SAA,FPP-Branch-Benders-ProjectedPathLLBI-exp-RootCuts,FPP-SAA-fpp_base,-49.525,-36.44089621,7.74514712,1.004301826,-0.96347412,-43.115,-89.9
Expected,0.02,800,case03,FPP-SAA-fpp_base,FPP-Branch-Benders-ProjectedPathLLBI-poly-RootCuts,FPP-SAA,FPP-Branch-Benders-ProjectedPathLLBI-poly-RootCuts,FPP-SAA-fpp_base,-49.915,-36.72786137,4.45663521,1.002475314,-0.97649647,-42.39,-83.05
Expected,0.02,800,case03,FPP-SAA-fpp_base,FPP-Branch-Benders-RootCuts,FPP-SAA,FPP-Branch-Benders-RootCuts,FPP-SAA-fpp_base,-49.915,-36.72786137,3.31703844,1.001842357,-0.97672503,-42.39,-83.05
Expected,0.02,800,case03,FPP-SAA-fpp_base,FPP-Branch-Benders-Combinatorial,FPP-SAA,FPP-Branch-Benders-Combinatorial,FPP-SAA-fpp_base,-50.25375,-36.97711637,-1302.166452,0.2767479558,-0.99264192,-42.855,-87.5
MeanCVaR,0.02,800,case03,FPP-SAA-fpp_base,FPP-Branch-Benders-MeanCVaR-LLBI-RootCuts,FPP-SAA-MeanCVaR,FPP-Branch-Benders-LLBI-RootCuts,FPP-SAA-fpp_base,-783.985,-84.77552709,3.27855825,1.001821122,-0.93681655,-40.66,-85.4
MeanCVaR,0.02,800,case03,FPP-SAA-fpp_base,FPP-Branch-Benders-MeanCVaR-ProjectedCoverageLLBI-exp-RootCuts,FPP-SAA-MeanCVaR,FPP-Branch-Benders-ProjectedCoverageLLBI-exp-RootCuts,FPP-SAA-fpp_base,-784.4525,-84.82607979,21.25009701,1.011803668,-0.94774702,-40.5,-90.45
MeanCVaR,0.02,800,case03,FPP-SAA-fpp_base,FPP-Branch-Benders-MeanCVaR-ProjectedCoverageLLBI-poly-RootCuts,FPP-SAA-MeanCVaR,FPP-Branch-Benders-ProjectedCoverageLLBI-poly-RootCuts,FPP-SAA-fpp_base,-784.463125,-84.82722871,15.36020606,1.008532045,-0.94368004,-39.84,-79.35
MeanCVaR,0.02,800,case03,FPP-SAA-fpp_base,FPP-Branch-Benders-MeanCVaR-ProjectedPathLLBI-exp-RootCuts,FPP-SAA-MeanCVaR,FPP-Branch-Benders-ProjectedPathLLBI-exp-RootCuts,FPP-SAA-fpp_base,-784.4525,-84.82607979,4.23377183,1.002351709,-0.94630423,-40.5,-90.45
MeanCVaR,0.02,800,case03,FPP-SAA-fpp_base,FPP-Branch-Benders-MeanCVaR-ProjectedPathLLBI-poly-RootCuts,FPP-SAA-MeanCVaR,FPP-Branch-Benders-ProjectedPathLLBI-poly-RootCuts,FPP-SAA-fpp_base,-784.44875,-84.82567428,12.38435657,1.006879067,-0.94301187,-42.415,-95.15
MeanCVaR,0.02,800,case03,FPP-SAA-fpp_base,FPP-Branch-Benders-MeanCVaR-RootCuts,FPP-SAA-MeanCVaR,FPP-Branch-Benders-RootCuts,FPP-SAA-fpp_base,-784.44875,-84.82567428,3.61431195,1.002007621,-0.93848397,-42.415,-95.15
MeanCVaR,0.02,800,case03,FPP-SAA-fpp_base,FPP-Branch-Benders-Combinatorial-MeanCVaR,FPP-SAA-MeanCVaR,FPP-Branch-Benders-Combinatorial,FPP-SAA-fpp_base,-784.475,-84.8285128,64.03127379,1.035567081,-0.9408918,-41.93,-89.05
CVaR,0.02,800,case04,FPP-SAA-fpp_base,FPP-Branch-Benders-CVaR-LLBI-RootCuts,FPP-SAA-CVaR,FPP-Branch-Benders-LLBI-RootCuts,FPP-SAA-fpp_base,-1538.5375,-88.77308888,10.28906909,1.005714722,-0.91011946,-43.155,-102.05
CVaR,0.02,800,case04,FPP-SAA-fpp_base,FPP-Branch-Benders-CVaR-ProjectedCoverageLLBI-exp-RootCuts,FPP-SAA-CVaR,FPP-Branch-Benders-ProjectedCoverageLLBI-exp-RootCuts,FPP-SAA-fpp_base,-1538.675,-88.78102258,23.87616369,1.013261223,-0.91071565,-45.755,-102.6
CVaR,0.02,800,case04,FPP-SAA-fpp_base,FPP-Branch-Benders-CVaR-ProjectedCoverageLLBI-poly-RootCuts,FPP-SAA-CVaR,FPP-Branch-Benders-ProjectedCoverageLLBI-poly-RootCuts,FPP-SAA-fpp_base,-1538.5375,-88.77308888,4.17195135,1.002317172,-0.90536696,-43.155,-102.05
CVaR,0.02,800,case04,FPP-SAA-fpp_base,FPP-Branch-Benders-CVaR-ProjectedPathLLBI-exp-RootCuts,FPP-SAA-CVaR,FPP-Branch-Benders-ProjectedPathLLBI-exp-RootCuts,FPP-SAA-fpp_base,-1536.45,-88.65264084,5.29280488,1.002939713,-0.90175977,-42.16,-97
CVaR,0.02,800,case04,FPP-SAA-fpp_base,FPP-Branch-Benders-CVaR-ProjectedPathLLBI-poly-RootCuts,FPP-SAA-CVaR,FPP-Branch-Benders-ProjectedPathLLBI-poly-RootCuts,FPP-SAA-fpp_base,-1538.675,-88.78102258,4.75430837,1.002640623,-0.91223463,-45.755,-102.6
CVaR,0.02,800,case04,FPP-SAA-fpp_base,FPP-Branch-Benders-CVaR-RootCuts,FPP-SAA-CVaR,FPP-Branch-Benders-RootCuts,FPP-SAA-fpp_base,-1536.9875,-88.68365441,3.97226402,1.002206262,-0.89121881,-46.135,-107.25
CVaR,0.02,800,case04,FPP-SAA-fpp_base,FPP-Branch-Benders-Combinatorial-CVaR,FPP-SAA-CVaR,FPP-Branch-Benders-Combinatorial,FPP-SAA-fpp_base,-1537.45,-88.7103405,78.91368449,1.043829986,-0.89736092,-46.125,-107.4
Expected,0.02,800,case04,FPP-SAA-fpp_base,FPP-Branch-Benders-LLBI-RootCuts,FPP-SAA,FPP-Branch-Benders-LLBI-RootCuts,FPP-SAA-fpp_base,-51.16875,-37.10266566,3.02601094,1.001680722,-0.98017061,-48.64,-101.5
Expected,0.02,800,case04,FPP-SAA-fpp_base,FPP-Branch-Benders-ProjectedCoverageLLBI-exp-RootCuts,FPP-SAA,FPP-Branch-Benders-ProjectedCoverageLLBI-exp-RootCuts,FPP-SAA-fpp_base,-51.08125,-37.03921906,20.96870107,1.011646537,-0.9715091,-48.375,-103.8
Expected,0.02,800,case04,FPP-SAA-fpp_base,FPP-Branch-Benders-ProjectedCoverageLLBI-poly-RootCuts,FPP-SAA,FPP-Branch-Benders-ProjectedCoverageLLBI-poly-RootCuts,FPP-SAA-fpp_base,-51.16875,-37.10266566,4.27894981,1.002376635,-0.98001183,-48.64,-101.5
Expected,0.02,800,case04,FPP-SAA-fpp_base,FPP-Branch-Benders-ProjectedPathLLBI-exp-RootCuts,FPP-SAA,FPP-Branch-Benders-ProjectedPathLLBI-exp-RootCuts,FPP-SAA-fpp_base,-51.16875,-37.10266566,3.92102571,1.002177835,-0.9721485,-48.64,-101.5
Expected,0.02,800,case04,FPP-SAA-fpp_base,FPP-Branch-Benders-ProjectedPathLLBI-poly-RootCuts,FPP-SAA,FPP-Branch-Benders-ProjectedPathLLBI-poly-RootCuts,FPP-SAA-fpp_base,-51.025,-36.99843196,4.54621427,1.00252508,-0.9786526,-48.25,-102.6
Expected,0.02,800,case04,FPP-SAA-fpp_base,FPP-Branch-Benders-RootCuts,FPP-SAA,FPP-Branch-Benders-RootCuts,FPP-SAA-fpp_base,-50.625,-36.70839036,4.13415529,1.002296212,-0.96367309,-49.475,-108.4
Expected,0.02,800,case04,FPP-SAA-fpp_base,FPP-Branch-Benders-Combinatorial,FPP-SAA,FPP-Branch-Benders-Combinatorial,FPP-SAA-fpp_base,-51.16875,-37.10266566,30.99425163,1.017214976,-0.99178058,-48.64,-101.5
MeanCVaR,0.02,800,case04,FPP-SAA-fpp_base,FPP-Branch-Benders-MeanCVaR-LLBI-RootCuts,FPP-SAA-MeanCVaR,FPP-Branch-Benders-LLBI-RootCuts,FPP-SAA-fpp_base,-794.215,-84.89630343,2.96675101,1.001647711,-0.93849198,-45.195,-101.2
MeanCVaR,0.02,800,case04,FPP-SAA-fpp_base,FPP-Branch-Benders-MeanCVaR-ProjectedCoverageLLBI-exp-RootCuts,FPP-SAA-MeanCVaR,FPP-Branch-Benders-ProjectedCoverageLLBI-exp-RootCuts,FPP-SAA-fpp_base,-794.279375,-84.90318469,54.20472374,1.030104901,-0.9319552,-45.755,-102.6
MeanCVaR,0.02,800,case04,FPP-SAA-fpp_base,FPP-Branch-Benders-MeanCVaR-ProjectedCoverageLLBI-poly-RootCuts,FPP-SAA-MeanCVaR,FPP-Branch-Benders-ProjectedCoverageLLBI-poly-RootCuts,FPP-SAA-fpp_base,-794.09125,-84.88307538,12.34525303,1.006856462,-0.93102595,-44.295,-99.05
MeanCVaR,0.02,800,case04,FPP-SAA-fpp_base,FPP-Branch-Benders-MeanCVaR-ProjectedPathLLBI-exp-RootCuts,FPP-SAA-MeanCVaR,FPP-Branch-Benders-ProjectedPathLLBI-exp-RootCuts,FPP-SAA-fpp_base,-794.279375,-84.90318469,3.66709532,1.002036678,-0.94333438,-45.755,-102.6
MeanCVaR,0.02,800,case04,FPP-SAA-fpp_base,FPP-Branch-Benders-MeanCVaR-ProjectedPathLLBI-poly-RootCuts,FPP-SAA-MeanCVaR,FPP-Branch-Benders-ProjectedPathLLBI-poly-RootCuts,FPP-SAA-fpp_base,-794.279375,-84.90318469,15.87335998,1.008815946,-0.93956636,-45.755,-102.6
MeanCVaR,0.02,800,case04,FPP-SAA-fpp_base,FPP-Branch-Benders-MeanCVaR-RootCuts,FPP-SAA-MeanCVaR,FPP-Branch-Benders-RootCuts,FPP-SAA-fpp_base,-793.390625,-84.80818322,2.14146309,1.001189353,-0.92520155,-44.47,-96.4
MeanCVaR,0.02,800,case04,FPP-SAA-fpp_base,FPP-Branch-Benders-Combinatorial-MeanCVaR,FPP-SAA-MeanCVaR,FPP-Branch-Benders-Combinatorial,FPP-SAA-fpp_base,-787.568125,-84.18579668,222.2221898,1.123420554,-0.87493451,-49.045,-101.9
CVaR,0.03,800,case00,FPP-SAA-fpp_base,FPP-Branch-Benders-CVaR-LLBI-RootCuts,FPP-SAA-CVaR,FPP-Branch-Benders-LLBI-RootCuts,FPP-SAA-fpp_base,-1553.2125,-90.70317461,9.02911044,1.005012563,-0.79941222,-50.8,-111.95
CVaR,0.03,800,case00,FPP-SAA-fpp_base,FPP-Branch-Benders-CVaR-ProjectedCoverageLLBI-exp-RootCuts,FPP-SAA-CVaR,FPP-Branch-Benders-ProjectedCoverageLLBI-exp-RootCuts,FPP-SAA-fpp_base,-1554.1625,-90.7586519,44.24828605,1.024564693,-0.81420201,-49.78,-117.8
CVaR,0.03,800,case00,FPP-SAA-fpp_base,FPP-Branch-Benders-CVaR-ProjectedCoverageLLBI-poly-RootCuts,FPP-SAA-CVaR,FPP-Branch-Benders-ProjectedCoverageLLBI-poly-RootCuts,FPP-SAA-fpp_base,-1553.2125,-90.70317461,3.16780825,1.001758627,-0.80472565,-50.8,-111.95
CVaR,0.03,800,case00,FPP-SAA-fpp_base,FPP-Branch-Benders-CVaR-ProjectedPathLLBI-exp-RootCuts,FPP-SAA-CVaR,FPP-Branch-Benders-ProjectedPathLLBI-exp-RootCuts,FPP-SAA-fpp_base,-1551.3,-90.59149008,3.294932,1.001829201,-0.8006907,-51.135,-117.65
CVaR,0.03,800,case00,FPP-SAA-fpp_base,FPP-Branch-Benders-CVaR-ProjectedPathLLBI-poly-RootCuts,FPP-SAA-CVaR,FPP-Branch-Benders-ProjectedPathLLBI-poly-RootCuts,FPP-SAA-fpp_base,-1553.5875,-90.72507354,3.39676039,1.001885731,-0.80774672,-50.02,-116.05
CVaR,0.03,800,case00,FPP-SAA-fpp_base,FPP-Branch-Benders-CVaR-RootCuts,FPP-SAA-CVaR,FPP-Branch-Benders-RootCuts,FPP-SAA-fpp_base,-1552.875,-90.68346558,9.25730375,1.005139246,-0.79179293,-46.685,-109.45
CVaR,0.03,800,case00,FPP-SAA-fpp_base,FPP-Branch-Benders-Combinatorial-CVaR,FPP-SAA-CVaR,FPP-Branch-Benders-Combinatorial,FPP-SAA-fpp_base,-1553.7125,-90.73237319,54.16649412,1.030070843,-0.82645215,-51.78,-115.4
Expected,0.03,800,case00,FPP-SAA-fpp_base,FPP-Branch-Benders-LLBI-RootCuts,FPP-SAA,FPP-Branch-Benders-LLBI-RootCuts,FPP-SAA-fpp_base,-62.175,-45.79773129,11.89109095,1.006605612,-0.89979349,-52.165,-111.25
Expected,0.03,800,case00,FPP-SAA-fpp_base,FPP-Branch-Benders-ProjectedCoverageLLBI-exp-RootCuts,FPP-SAA,FPP-Branch-Benders-ProjectedCoverageLLBI-exp-RootCuts,FPP-SAA-fpp_base,-62.905,-46.3354449,23.18452368,1.012879218,-0.9071386,-51.66,-106.15
Expected,0.03,800,case00,FPP-SAA-fpp_base,FPP-Branch-Benders-ProjectedCoverageLLBI-poly-RootCuts,FPP-SAA,FPP-Branch-Benders-ProjectedCoverageLLBI-poly-RootCuts,FPP-SAA-fpp_base,-62.175,-45.79773129,4.48192019,1.002489748,-0.89685497,-52.165,-111.25
Expected,0.03,800,case00,FPP-SAA-fpp_base,FPP-Branch-Benders-ProjectedPathLLBI-exp-RootCuts,FPP-SAA,FPP-Branch-Benders-ProjectedPathLLBI-exp-RootCuts,FPP-SAA-fpp_base,-62.9625,-46.37779906,9.76372444,1.00542384,-0.89058846,-53.275,-114.25
Expected,0.03,800,case00,FPP-SAA-fpp_base,FPP-Branch-Benders-ProjectedPathLLBI-poly-RootCuts,FPP-SAA,FPP-Branch-Benders-ProjectedPathLLBI-poly-RootCuts,FPP-SAA-fpp_base,-62.87875,-46.31610931,4.3623804,1.002423343,-0.91305317,-50.315,-99.8
Expected,0.03,800,case00,FPP-SAA-fpp_base,FPP-Branch-Benders-RootCuts,FPP-SAA,FPP-Branch-Benders-RootCuts,FPP-SAA-fpp_base,-62.965,-46.37964054,2.71276748,1.001506968,-0.89291432,-53.12,-110.35
Expected,0.03,800,case00,FPP-SAA-fpp_base,FPP-Branch-Benders-Combinatorial,FPP-SAA,FPP-Branch-Benders-Combinatorial,FPP-SAA-fpp_base,-63.34375,-46.65862552,50.41873298,1.028008075,-0.94548232,-51.745,-111.2
MeanCVaR,0.03,800,case00,FPP-SAA-fpp_base,FPP-Branch-Benders-MeanCVaR-LLBI-RootCuts,FPP-SAA-MeanCVaR,FPP-Branch-Benders-LLBI-RootCuts,FPP-SAA-fpp_base,-807.328125,-87.36501869,3.31236389,1.001840008,-0.83959836,-54.635,-119.4
MeanCVaR,0.03,800,case00,FPP-SAA-fpp_base,FPP-Branch-Benders-MeanCVaR-ProjectedCoverageLLBI-exp-RootCuts,FPP-SAA-MeanCVaR,FPP-Branch-Benders-ProjectedCoverageLLBI-exp-RootCuts,FPP-SAA-fpp_base,-807.670625,-87.40208233,38.39168557,1.021326467,-0.84468255,-53.74,-121.4
MeanCVaR,0.03,800,case00,FPP-SAA-fpp_base,FPP-Branch-Benders-MeanCVaR-ProjectedCoverageLLBI-poly-RootCuts,FPP-SAA-MeanCVaR,FPP-Branch-Benders-ProjectedCoverageLLBI-poly-RootCuts,FPP-SAA-fpp_base,-807.328125,-87.36501869,4.2237365,1.002346273,-0.84921017,-54.635,-119.4
MeanCVaR,0.03,800,case00,FPP-SAA-fpp_base,FPP-Branch-Benders-MeanCVaR-ProjectedPathLLBI-exp-RootCuts,FPP-SAA-MeanCVaR,FPP-Branch-Benders-ProjectedPathLLBI-exp-RootCuts,FPP-SAA-fpp_base,-805.9175,-87.21236789,7.73626532,1.004297472,-0.83779705,-51.435,-112.55
MeanCVaR,0.03,800,case00,FPP-SAA-fpp_base,FPP-Branch-Benders-MeanCVaR-ProjectedPathLLBI-poly-RootCuts,FPP-SAA-MeanCVaR,FPP-Branch-Benders-ProjectedPathLLBI-poly-RootCuts,FPP-SAA-fpp_base,-805.884375,-87.20878327,12.7479035,1.007081423,-0.83788945,-50.73,-109.5
MeanCVaR,0.03,800,case00,FPP-SAA-fpp_base,FPP-Branch-Benders-MeanCVaR-RootCuts,FPP-SAA-MeanCVaR,FPP-Branch-Benders-RootCuts,FPP-SAA-fpp_base,-805.134375,-87.12762202,9.53278935,1.005295436,-0.81912867,-52.75,-119.3
MeanCVaR,0.03,800,case00,FPP-SAA-fpp_base,FPP-Branch-Benders-Combinatorial-MeanCVaR,FPP-SAA-MeanCVaR,FPP-Branch-Benders-Combinatorial,FPP-SAA-fpp_base,-805.420625,-87.15859856,70.23886189,1.039017479,-0.83764955,-49.81,-118
CVaR,0.03,800,case01,FPP-SAA-fpp_base,FPP-Branch-Benders-CVaR-LLBI-RootCuts,FPP-SAA-CVaR,FPP-Branch-Benders-LLBI-RootCuts,FPP-SAA-fpp_base,-1567.45,-90.60339159,9.35988327,1.005198468,-0.78604262,-50.715,-116
CVaR,0.03,800,case01,FPP-SAA-fpp_base,FPP-Branch-Benders-CVaR-ProjectedCoverageLLBI-exp-RootCuts,FPP-SAA-CVaR,FPP-Branch-Benders-ProjectedCoverageLLBI-exp-RootCuts,FPP-SAA-fpp_base,-1568.6375,-90.67203272,22.14325128,1.012298336,-0.79882542,-49.675,-119.15
CVaR,0.03,800,case01,FPP-SAA-fpp_base,FPP-Branch-Benders-CVaR-ProjectedCoverageLLBI-poly-RootCuts,FPP-SAA-CVaR,FPP-Branch-Benders-ProjectedCoverageLLBI-poly-RootCuts,FPP-SAA-fpp_base,-1569.8,-90.73922876,4.47685061,1.002486438,-0.80596286,-51.5,-117.4
CVaR,0.03,800,case01,FPP-SAA-fpp_base,FPP-Branch-Benders-CVaR-ProjectedPathLLBI-exp-RootCuts,FPP-SAA-CVaR,FPP-Branch-Benders-ProjectedPathLLBI-exp-RootCuts,FPP-SAA-fpp_base,-1568.15,-90.64385373,8.73914024,1.004853708,-0.79473417,-49.6,-118.25
CVaR,0.03,800,case01,FPP-SAA-fpp_base,FPP-Branch-Benders-CVaR-ProjectedPathLLBI-poly-RootCuts,FPP-SAA-CVaR,FPP-Branch-Benders-ProjectedPathLLBI-poly-RootCuts,FPP-SAA-fpp_base,-1567.7125,-90.61856489,4.53014502,1.002516037,-0.79655751,-48.65,-106.6
CVaR,0.03,800,case01,FPP-SAA-fpp_base,FPP-Branch-Benders-CVaR-RootCuts,FPP-SAA-CVaR,FPP-Branch-Benders-RootCuts,FPP-SAA-fpp_base,-1566.3625,-90.54053078,2.04974149,1.001138424,-0.77319286,-49.53,-109.25
CVaR,0.03,800,case01,FPP-SAA-fpp_base,FPP-Branch-Benders-Combinatorial-CVaR,FPP-SAA-CVaR,FPP-Branch-Benders-Combinatorial,FPP-SAA-fpp_base,-1565.6125,-90.49717849,87.4091795,1.048546958,-0.79564929,-47.735,-120.85
Expected,0.03,800,case01,FPP-SAA-fpp_base,FPP-Branch-Benders-LLBI-RootCuts,FPP-SAA,FPP-Branch-Benders-LLBI-RootCuts,FPP-SAA-fpp_base,-64.275,-46.74290493,2.96667977,1.001647678,-0.90074507,-52.85,-117.65
Expected,0.03,800,case01,FPP-SAA-fpp_base,FPP-Branch-Benders-ProjectedCoverageLLBI-exp-RootCuts,FPP-SAA,FPP-Branch-Benders-ProjectedCoverageLLBI-exp-RootCuts,FPP-SAA-fpp_base,-64.225,-46.70654328,23.08199754,1.012819618,-0.89783432,-52.58,-119.1
Expected,0.03,800,case01,FPP-SAA-fpp_base,FPP-Branch-Benders-ProjectedCoverageLLBI-poly-RootCuts,FPP-SAA,FPP-Branch-Benders-ProjectedCoverageLLBI-poly-RootCuts,FPP-SAA-fpp_base,-64.275,-46.74290493,4.39663787,1.002441869,-0.8979433,-52.85,-117.65
Expected,0.03,800,case01,FPP-SAA-fpp_base,FPP-Branch-Benders-ProjectedPathLLBI-exp-RootCuts,FPP-SAA,FPP-Branch-Benders-ProjectedPathLLBI-exp-RootCuts,FPP-SAA-fpp_base,-64.48125,-46.89289675,8.67430747,1.004817664,-0.89927027,-50.98,-117.4
Expected,0.03,800,case01,FPP-SAA-fpp_base,FPP-Branch-Benders-ProjectedPathLLBI-poly-RootCuts,FPP-SAA,FPP-Branch-Benders-ProjectedPathLLBI-poly-RootCuts,FPP-SAA-fpp_base,-64.59875,-46.97834664,17.17155795,1.009536991,-0.90296059,-51.265,-114.7
Expected,0.03,800,case01,FPP-SAA-fpp_base,FPP-Branch-Benders-RootCuts,FPP-SAA,FPP-Branch-Benders-RootCuts,FPP-SAA-fpp_base,-63.97375,-46.52382597,3.38579946,1.001880455,-0.88883883,-51.215,-115.55
Expected,0.03,800,case01,FPP-SAA-fpp_base,FPP-Branch-Benders-Combinatorial,FPP-SAA,FPP-Branch-Benders-Combinatorial,FPP-SAA-fpp_base,-64.63625,-47.00561788,53.15113577,1.029519856,-0.94518322,-51.77,-114.6
MeanCVaR,0.03,800,case01,FPP-SAA-fpp_base,FPP-Branch-Benders-MeanCVaR-LLBI-RootCuts,FPP-SAA-MeanCVaR,FPP-Branch-Benders-LLBI-RootCuts,FPP-SAA-fpp_base,-814.89875,-87.27068519,9.76401434,1.005423262,-0.82676894,-49.705,-113.6
MeanCVaR,0.03,800,case01,FPP-SAA-fpp_base,FPP-Branch-Benders-MeanCVaR-ProjectedCoverageLLBI-exp-RootCuts,FPP-SAA-MeanCVaR,FPP-Branch-Benders-ProjectedCoverageLLBI-exp-RootCuts,FPP-SAA-fpp_base,-815.643125,-87.35040321,28.79936294,1.015996134,-0.83822785,-51.115,-119.65
MeanCVaR,0.03,800,case01,FPP-SAA-fpp_base,FPP-Branch-Benders-MeanCVaR-ProjectedCoverageLLBI-poly-RootCuts,FPP-SAA-MeanCVaR,FPP-Branch-Benders-ProjectedCoverageLLBI-poly-RootCuts,FPP-SAA-fpp_base,-814.903125,-87.27115372,4.09233183,1.002273019,-0.83081657,-50.895,-111.45
MeanCVaR,0.03,800,case01,FPP-SAA-fpp_base,FPP-Branch-Benders-MeanCVaR-ProjectedPathLLBI-exp-RootCuts,FPP-SAA-MeanCVaR,FPP-Branch-Benders-ProjectedPathLLBI-exp-RootCuts,FPP-SAA-fpp_base,-814.315625,-87.20823606,3.67854537,1.002043188,-0.83380719,-48.46,-112.75
MeanCVaR,0.03,800,case01,FPP-SAA-fpp_base,FPP-Branch-Benders-MeanCVaR-ProjectedPathLLBI-poly-RootCuts,FPP-SAA-MeanCVaR,FPP-Branch-Benders-ProjectedPathLLBI-poly-RootCuts,FPP-SAA-fpp_base,-816.095625,-87.3988632,4.54873667,1.002526521,-0.84714743,-51.75,-110.85
MeanCVaR,0.03,800,case01,FPP-SAA-fpp_base,FPP-Branch-Benders-MeanCVaR-RootCuts,FPP-SAA-MeanCVaR,FPP-Branch-Benders-RootCuts,FPP-SAA-fpp_base,-815.975,-87.385945,8.37377826,1.004651078,-0.83601482,-51.055,-119.95
MeanCVaR,0.03,800,case01,FPP-SAA-fpp_base,FPP-Branch-Benders-Combinatorial-MeanCVaR,FPP-SAA-MeanCVaR,FPP-Branch-Benders-Combinatorial,FPP-SAA-fpp_base,-816.7475,-87.46867503,40.5786713,1.022538758,-0.86620129,-50.62,-122.95
CVaR,0.03,800,case02,FPP-SAA-fpp_base,FPP-Branch-Benders-CVaR-LLBI-RootCuts,FPP-SAA-CVaR,FPP-Branch-Benders-LLBI-RootCuts,FPP-SAA-fpp_base,-1552.1125,-90.63761451,2.62764846,1.001459403,-0.80387261,-45.315,-108.8
CVaR,0.03,800,case02,FPP-SAA-fpp_base,FPP-Branch-Benders-CVaR-ProjectedCoverageLLBI-exp-RootCuts,FPP-SAA-CVaR,FPP-Branch-Benders-ProjectedCoverageLLBI-exp-RootCuts,FPP-SAA-fpp_base,-1552.025,-90.63250484,41.54640264,1.023074991,-0.81012612,-46.465,-117.2
CVaR,0.03,800,case02,FPP-SAA-fpp_base,FPP-Branch-Benders-CVaR-ProjectedCoverageLLBI-poly-RootCuts,FPP-SAA-CVaR,FPP-Branch-Benders-ProjectedCoverageLLBI-poly-RootCuts,FPP-SAA-fpp_base,-1550.7375,-90.55731961,13.15765113,1.007307797,-0.79248128,-45.315,-109.25
CVaR,0.03,800,case02,FPP-SAA-fpp_base,FPP-Branch-Benders-CVaR-ProjectedPathLLBI-exp-RootCuts,FPP-SAA-CVaR,FPP-Branch-Benders-ProjectedPathLLBI-exp-RootCuts,FPP-SAA-fpp_base,-1550.65,-90.55220993,5.84684477,1.003247354,-0.80403652,-46.57,-113.5
CVaR,0.03,800,case02,FPP-SAA-fpp_base,FPP-Branch-Benders-CVaR-ProjectedPathLLBI-poly-RootCuts,FPP-SAA-CVaR,FPP-Branch-Benders-ProjectedPathLLBI-poly-RootCuts,FPP-SAA-fpp_base,-1552.7875,-90.67703201,4.24628304,1.002358398,-0.8106502,-47.735,-115
CVaR,0.03,800,case02,FPP-SAA-fpp_base,FPP-Branch-Benders-CVaR-RootCuts,FPP-SAA-CVaR,FPP-Branch-Benders-RootCuts,FPP-SAA-fpp_base,-1548.825,-90.4456367,2.09226882,1.001162052,-0.77917611,-47.4,-116
CVaR,0.03,800,case02,FPP-SAA-fpp_base,FPP-Branch-Benders-Combinatorial-CVaR,FPP-SAA-CVaR,FPP-Branch-Benders-Combinatorial,FPP-SAA-fpp_base,-1544.1125,-90.17044418,123.5939326,1.068644424,-0.76776254,-48.44,-106.7
Expected,0.03,800,case02,FPP-SAA-fpp_base,FPP-Branch-Benders-LLBI-RootCuts,FPP-SAA,FPP-Branch-Benders-LLBI-RootCuts,FPP-SAA-fpp_base,-63.44125,-46.71452897,3.39235547,1.001884453,-0.91333515,-48.15,-111.95
Expected,0.03,800,case02,FPP-SAA-fpp_base,FPP-Branch-Benders-ProjectedCoverageLLBI-exp-RootCuts,FPP-SAA,FPP-Branch-Benders-ProjectedCoverageLLBI-exp-RootCuts,FPP-SAA-fpp_base,-62.8975,-46.31414239,53.51456044,1.029727327,-0.8787827,-46.495,-106
Expected,0.03,800,case02,FPP-SAA-fpp_base,FPP-Branch-Benders-ProjectedCoverageLLBI-poly-RootCuts,FPP-SAA,FPP-Branch-Benders-ProjectedCoverageLLBI-poly-RootCuts,FPP-SAA-fpp_base,-63.28,-46.59579364,4.63282328,1.002573532,-0.9093716,-47.91,-104.4
Expected,0.03,800,case02,FPP-SAA-fpp_base,FPP-Branch-Benders-ProjectedPathLLBI-exp-RootCuts,FPP-SAA,FPP-Branch-Benders-ProjectedPathLLBI-exp-RootCuts,FPP-SAA-fpp_base,-63.02875,-46.41078743,9.70651669,1.005391968,-0.90795883,-47.06,-103.95
Expected,0.03,800,case02,FPP-SAA-fpp_base,FPP-Branch-Benders-ProjectedPathLLBI-poly-RootCuts,FPP-SAA,FPP-Branch-Benders-ProjectedPathLLBI-poly-RootCuts,FPP-SAA-fpp_base,-62.47875,-46.0057987,5.07117127,1.002817035,-0.89858279,-46.06,-103.05
Expected,0.03,800,case02,FPP-SAA-fpp_base,FPP-Branch-Benders-RootCuts,FPP-SAA,FPP-Branch-Benders-RootCuts,FPP-SAA-fpp_base,-62.62625,-46.11440931,2.52553908,1.001402936,-0.90326583,-48.85,-113.7
Expected,0.03,800,case02,FPP-SAA-fpp_base,FPP-Branch-Benders-Combinatorial,FPP-SAA,FPP-Branch-Benders-Combinatorial,FPP-SAA-fpp_base,-63.31,-46.61788393,234.2554485,1.130128851,-0.93484259,-48.44,-106.7
MeanCVaR,0.03,800,case02,FPP-SAA-fpp_base,FPP-Branch-Benders-MeanCVaR-LLBI-RootCuts,FPP-SAA-MeanCVaR,FPP-Branch-Benders-LLBI-RootCuts,FPP-SAA-fpp_base,-805.151875,-87.12615693,8.24689713,1.004581199,-0.82532379,-47.745,-108.8
MeanCVaR,0.03,800,case02,FPP-SAA-fpp_base,FPP-Branch-Benders-MeanCVaR-ProjectedCoverageLLBI-exp-RootCuts,FPP-SAA-MeanCVaR,FPP-Branch-Benders-ProjectedCoverageLLBI-exp-RootCuts,FPP-SAA-fpp_base,-804.915,-87.10052448,22.67712315,1.012597273,-0.82947387,-46.86,-109
MeanCVaR,0.03,800,case02,FPP-SAA-fpp_base,FPP-Branch-Benders-MeanCVaR-ProjectedCoverageLLBI-poly-RootCuts,FPP-SAA-MeanCVaR,FPP-Branch-Benders-ProjectedCoverageLLBI-poly-RootCuts,FPP-SAA-fpp_base,-805.151875,-87.12615693,4.37897572,1.002432546,-0.83200752,-47.745,-108.8
MeanCVaR,0.03,800,case02,FPP-SAA-fpp_base,FPP-Branch-Benders-MeanCVaR-ProjectedPathLLBI-exp-RootCuts,FPP-SAA-MeanCVaR,FPP-Branch-Benders-ProjectedPathLLBI-exp-RootCuts,FPP-SAA-fpp_base,-806.654375,-87.28874371,7.9505035,1.004416551,-0.84708793,-47.155,-108.25
MeanCVaR,0.03,800,case02,FPP-SAA-fpp_base,FPP-Branch-Benders-MeanCVaR-ProjectedPathLLBI-poly-RootCuts,FPP-SAA-MeanCVaR,FPP-Branch-Benders-ProjectedPathLLBI-poly-RootCuts,FPP-SAA-fpp_base,-804.670625,-87.07408046,6.17947198,1.003432732,-0.82356152,-42.645,-102.3
MeanCVaR,0.03,800,case02,FPP-SAA-fpp_base,FPP-Branch-Benders-MeanCVaR-RootCuts,FPP-SAA-MeanCVaR,FPP-Branch-Benders-RootCuts,FPP-SAA-fpp_base,-805.133125,-87.12412797,2.6676338,1.001481886,-0.82145807,-43.105,-106.75
MeanCVaR,0.03,800,case02,FPP-SAA-fpp_base,FPP-Branch-Benders-Combinatorial-MeanCVaR,FPP-SAA-MeanCVaR,FPP-Branch-Benders-Combinatorial,FPP-SAA-fpp_base,-805.319375,-87.14428224,44.10641412,1.024501368,-0.85741102,-46.165,-112.85
CVaR,0.03,800,case03,FPP-SAA-fpp_base,FPP-Branch-Benders-CVaR-LLBI-RootCuts,FPP-SAA-CVaR,FPP-Branch-Benders-LLBI-RootCuts,FPP-SAA-fpp_base,-1553.35,-90.64569778,3.11986129,1.001732756,-0.8089547,-52.67,-116.85
CVaR,0.03,800,case03,FPP-SAA-fpp_base,FPP-Branch-Benders-CVaR-ProjectedCoverageLLBI-exp-RootCuts,FPP-SAA-CVaR,FPP-Branch-Benders-ProjectedCoverageLLBI-exp-RootCuts,FPP-SAA-fpp_base,-1550.5125,-90.48011554,44.19889659,1.024547857,-0.78943141,-49.14,-102.9
CVaR,0.03,800,case03,FPP-SAA-fpp_base,FPP-Branch-Benders-CVaR-ProjectedCoverageLLBI-poly-RootCuts,FPP-SAA-CVaR,FPP-Branch-Benders-ProjectedCoverageLLBI-poly-RootCuts,FPP-SAA-fpp_base,-1554,-90.68362851,4.85851399,1.002698396,-0.81216091,-51.33,-115.1
CVaR,0.03,800,case03,FPP-SAA-fpp_base,FPP-Branch-Benders-CVaR-ProjectedPathLLBI-exp-RootCuts,FPP-SAA-CVaR,FPP-Branch-Benders-ProjectedPathLLBI-exp-RootCuts,FPP-SAA-fpp_base,-1552.4,-90.59026055,6.58773519,1.003658797,-0.80522805,-51.345,-110.9
CVaR,0.03,800,case03,FPP-SAA-fpp_base,FPP-Branch-Benders-CVaR-ProjectedPathLLBI-poly-RootCuts,FPP-SAA-CVaR,FPP-Branch-Benders-ProjectedPathLLBI-poly-RootCuts,FPP-SAA-fpp_base,-1553.6625,-90.66393371,3.91279329,1.002173147,-0.81010358,-53.33,-120.05
CVaR,0.03,800,case03,FPP-SAA-fpp_base,FPP-Branch-Benders-CVaR-RootCuts,FPP-SAA-CVaR,FPP-Branch-Benders-RootCuts,FPP-SAA-fpp_base,-1551.65,-90.54649432,1.92956208,1.00107167,-0.78975546,-52.835,-115.5
CVaR,0.03,800,case03,FPP-SAA-fpp_base,FPP-Branch-Benders-Combinatorial-CVaR,FPP-SAA-CVaR,FPP-Branch-Benders-Combinatorial,FPP-SAA-fpp_base,-1552.1375,-90.57494237,30.36053291,1.016862095,-0.81367476,-50.805,-115.05
Expected,0.03,800,case03,FPP-SAA-fpp_base,FPP-Branch-Benders-LLBI-RootCuts,FPP-SAA,FPP-Branch-Benders-LLBI-RootCuts,FPP-SAA-fpp_base,-63.02,-46.38171815,3.03517996,1.001685828,-0.91713191,-55.475,-115.9
Expected,0.03,800,case03,FPP-SAA-fpp_base,FPP-Branch-Benders-ProjectedCoverageLLBI-exp-RootCuts,FPP-SAA,FPP-Branch-Benders-ProjectedCoverageLLBI-exp-RootCuts,FPP-SAA-fpp_base,-61.93125,-45.58041546,19.95233283,1.011082108,-0.89290054,-52.52,-115.25
Expected,0.03,800,case03,FPP-SAA-fpp_base,FPP-Branch-Benders-ProjectedCoverageLLBI-poly-RootCuts,FPP-SAA,FPP-Branch-Benders-ProjectedCoverageLLBI-poly-RootCuts,FPP-SAA-fpp_base,-63.02,-46.38171815,4.10641832,1.002280825,-0.91697329,-55.475,-115.9
Expected,0.03,800,case03,FPP-SAA-fpp_base,FPP-Branch-Benders-ProjectedPathLLBI-exp-RootCuts,FPP-SAA,FPP-Branch-Benders-ProjectedPathLLBI-exp-RootCuts,FPP-SAA-fpp_base,-62.69,-46.1388434,5.67559138,1.003152389,-0.89989051,-51.69,-111.3
Expected,0.03,800,case03,FPP-SAA-fpp_base,FPP-Branch-Benders-ProjectedPathLLBI-poly-RootCuts,FPP-SAA,FPP-Branch-Benders-ProjectedPathLLBI-poly-RootCuts,FPP-SAA-fpp_base,-62.5375,-46.02660583,4.37655363,1.002430866,-0.90724858,-53.985,-115
Expected,0.03,800,case03,FPP-SAA-fpp_base,FPP-Branch-Benders-RootCuts,FPP-SAA,FPP-Branch-Benders-RootCuts,FPP-SAA-fpp_base,-62.75125,-46.18392243,9.34678256,1.005191476,-0.89195001,-55.16,-110.8
Expected,0.03,800,case03,FPP-SAA-fpp_base,FPP-Branch-Benders-Combinatorial,FPP-SAA,FPP-Branch-Benders-Combinatorial,FPP-SAA-fpp_base,-63.6,-46.80858893,35.03079438,1.019457126,-0.95488538,-55.08,-115.8
MeanCVaR,0.03,800,case03,FPP-SAA-fpp_base,FPP-Branch-Benders-MeanCVaR-LLBI-RootCuts,FPP-SAA-MeanCVaR,FPP-Branch-Benders-LLBI-RootCuts,FPP-SAA-fpp_base,-806.6775,-87.23089338,2.92720339,1.001625868,-0.83514928,-53.84,-119.5
MeanCVaR,0.03,800,case03,FPP-SAA-fpp_base,FPP-Branch-Benders-MeanCVaR-ProjectedCoverageLLBI-exp-RootCuts,FPP-SAA-MeanCVaR,FPP-Branch-Benders-ProjectedCoverageLLBI-exp-RootCuts,FPP-SAA-fpp_base,-807.366875,-87.30543965,32.1981451,1.017883946,-0.84902658,-51.285,-109.4
MeanCVaR,0.03,800,case03,FPP-SAA-fpp_base,FPP-Branch-Benders-MeanCVaR-ProjectedCoverageLLBI-poly-RootCuts,FPP-SAA-MeanCVaR,FPP-Branch-Benders-ProjectedCoverageLLBI-poly-RootCuts,FPP-SAA-fpp_base,-806.21375,-87.1807453,4.05100169,1.002250064,-0.83861135,-54.76,-120.1
MeanCVaR,0.03,800,case03,FPP-SAA-fpp_base,FPP-Branch-Benders-MeanCVaR-ProjectedPathLLBI-exp-RootCuts,FPP-SAA-MeanCVaR,FPP-Branch-Benders-ProjectedPathLLBI-exp-RootCuts,FPP-SAA-fpp_base,-806.746875,-87.23839532,3.3658965,1.001869534,-0.84610542,-51.335,-116.15
MeanCVaR,0.03,800,case03,FPP-SAA-fpp_base,FPP-Branch-Benders-MeanCVaR-ProjectedPathLLBI-poly-RootCuts,FPP-SAA-MeanCVaR,FPP-Branch-Benders-ProjectedPathLLBI-poly-RootCuts,FPP-SAA-fpp_base,-805.92125,-87.14911551,3.68425349,1.00204636,-0.8295451,-53.095,-118.85
MeanCVaR,0.03,800,case03,FPP-SAA-fpp_base,FPP-Branch-Benders-MeanCVaR-RootCuts,FPP-SAA-MeanCVaR,FPP-Branch-Benders-RootCuts,FPP-SAA-fpp_base,-806.045,-87.16249735,2.62391491,1.001457412,-0.83117005,-50.69,-115.05
MeanCVaR,0.03,800,case03,FPP-SAA-fpp_base,FPP-Branch-Benders-Combinatorial-MeanCVaR,FPP-SAA-MeanCVaR,FPP-Branch-Benders-Combinatorial,FPP-SAA-fpp_base,-805.60625,-87.11505267,157.8460009,1.087673043,-0.84118479,-55.08,-115.8
CVaR,0.03,800,case04,FPP-SAA-fpp_base,FPP-Branch-Benders-CVaR-LLBI-RootCuts,FPP-SAA-CVaR,FPP-Branch-Benders-LLBI-RootCuts,FPP-SAA-fpp_base,-1571.325,-90.66491644,3.06611564,1.001702873,-0.79422893,-47.83,-122.75
CVaR,0.03,800,case04,FPP-SAA-fpp_base,FPP-Branch-Benders-CVaR-ProjectedCoverageLLBI-exp-RootCuts,FPP-SAA-CVaR,FPP-Branch-Benders-ProjectedCoverageLLBI-exp-RootCuts,FPP-SAA-fpp_base,-1570.025,-90.58990689,9.35570378,1.005196013,-0.79331007,-45.695,-112.75
CVaR,0.03,800,case04,FPP-SAA-fpp_base,FPP-Branch-Benders-CVaR-ProjectedCoverageLLBI-poly-RootCuts,FPP-SAA-CVaR,FPP-Branch-Benders-ProjectedCoverageLLBI-poly-RootCuts,FPP-SAA-fpp_base,-1572.25,-90.71828863,3.46639295,1.001925181,-0.80082527,-48.4,-124.2
CVaR,0.03,800,case04,FPP-SAA-fpp_base,FPP-Branch-Benders-CVaR-ProjectedPathLLBI-exp-RootCuts,FPP-SAA-CVaR,FPP-Branch-Benders-ProjectedPathLLBI-exp-RootCuts,FPP-SAA-fpp_base,-1571.05,-90.64904904,0.90002449,1.00049986,-0.80155029,-45.11,-121.1
CVaR,0.03,800,case04,FPP-SAA-fpp_base,FPP-Branch-Benders-CVaR-ProjectedPathLLBI-poly-RootCuts,FPP-SAA-CVaR,FPP-Branch-Benders-ProjectedPathLLBI-poly-RootCuts,FPP-SAA-fpp_base,-1572.025,-90.7053062,3.04392522,1.001690549,-0.80431921,-50.405,-121.75
CVaR,0.03,800,case04,FPP-SAA-fpp_base,FPP-Branch-Benders-CVaR-RootCuts,FPP-SAA-CVaR,FPP-Branch-Benders-RootCuts,FPP-SAA-fpp_base,-1569.475,-90.55817207,4.53875172,1.002520753,-0.77548638,-49.77,-126.6
CVaR,0.03,800,case04,FPP-SAA-fpp_base,FPP-Branch-Benders-Combinatorial-CVaR,FPP-SAA-CVaR,FPP-Branch-Benders-Combinatorial,FPP-SAA-fpp_base,-1561.6,-90.10378726,36.11267667,1.020056423,-0.74862603,-51.425,-111.65
Expected,0.03,800,case04,FPP-SAA-fpp_base,FPP-Branch-Benders-LLBI-RootCuts,FPP-SAA,FPP-Branch-Benders-LLBI-RootCuts,FPP-SAA-fpp_base,-14.18125,-16.06667422,3.80592479,1.002114333,-0.12042201,-10.025,-43
Expected,0.03,800,case04,FPP-SAA-fpp_base,FPP-Branch-Benders-ProjectedCoverageLLBI-exp-RootCuts,FPP-SAA,FPP-Branch-Benders-ProjectedCoverageLLBI-exp-RootCuts,FPP-SAA-fpp_base,-14.1925,-16.07941993,11.33019663,1.006294346,-0.12279849,-8.105,-47.05
Expected,0.03,800,case04,FPP-SAA-fpp_base,FPP-Branch-Benders-ProjectedCoverageLLBI-poly-RootCuts,FPP-SAA,FPP-Branch-Benders-ProjectedCoverageLLBI-poly-RootCuts,FPP-SAA-fpp_base,-14.24625,-16.14031609,4.60704227,1.002559383,-0.12577004,-9.375,-39.55
Expected,0.03,800,case04,FPP-SAA-fpp_base,FPP-Branch-Benders-ProjectedPathLLBI-exp-RootCuts,FPP-SAA,FPP-Branch-Benders-ProjectedPathLLBI-exp-RootCuts,FPP-SAA-fpp_base,-14.99,-16.98294907,1.30914157,1.000727277,-0.14295393,-8.515,-44.1
Expected,0.03,800,case04,FPP-SAA-fpp_base,FPP-Branch-Benders-ProjectedPathLLBI-poly-RootCuts,FPP-SAA,FPP-Branch-Benders-ProjectedPathLLBI-poly-RootCuts,FPP-SAA-fpp_base,-15.305,-17.33982892,6.054646,1.003363581,-0.14167774,-10.185,-41.95
Expected,0.03,800,case04,FPP-SAA-fpp_base,FPP-Branch-Benders-RootCuts,FPP-SAA,FPP-Branch-Benders-RootCuts,FPP-SAA-fpp_base,-14.08875,-15.96187617,7.49368841,1.004163023,-0.11096462,-8.925,-36.95
Expected,0.03,800,case04,FPP-SAA-fpp_base,FPP-Branch-Benders-Combinatorial,FPP-SAA,FPP-Branch-Benders-Combinatorial,FPP-SAA-fpp_base,-14.86,-16.83566533,192.4934126,1.106937257,-0.15801342,-10.45,-38
MeanCVaR,0.03,800,case04,FPP-SAA-fpp_base,FPP-Branch-Benders-MeanCVaR-LLBI-RootCuts,FPP-SAA-MeanCVaR,FPP-Branch-Benders-LLBI-RootCuts,FPP-SAA-fpp_base,-816.3025,-87.2618576,7.15540797,1.003974851,-0.82794589,-48.77,-106.8
MeanCVaR,0.03,800,case04,FPP-SAA-fpp_base,FPP-Branch-Benders-MeanCVaR-ProjectedCoverageLLBI-exp-RootCuts,FPP-SAA-MeanCVaR,FPP-Branch-Benders-ProjectedCoverageLLBI-exp-RootCuts,FPP-SAA-fpp_base,-817.1325,-87.3505837,6.0523285,1.003362087,-0.83868796,-49.315,-119.8
MeanCVaR,0.03,800,case04,FPP-SAA-fpp_base,FPP-Branch-Benders-MeanCVaR-ProjectedCoverageLLBI-poly-RootCuts,FPP-SAA-MeanCVaR,FPP-Branch-Benders-ProjectedCoverageLLBI-poly-RootCuts,FPP-SAA-fpp_base,-816.3025,-87.2618576,3.44220818,1.001912157,-0.83465949,-48.77,-106.8
MeanCVaR,0.03,800,case04,FPP-SAA-fpp_base,FPP-Branch-Benders-MeanCVaR-ProjectedPathLLBI-exp-RootCuts,FPP-SAA-MeanCVaR,FPP-Branch-Benders-ProjectedPathLLBI-exp-RootCuts,FPP-SAA-fpp_base,-815.5825,-87.18489037,1.30949235,1.000727427,-0.83249003,-46.37,-116.05
MeanCVaR,0.03,800,case04,FPP-SAA-fpp_base,FPP-Branch-Benders-MeanCVaR-ProjectedPathLLBI-poly-RootCuts,FPP-SAA-MeanCVaR,FPP-Branch-Benders-ProjectedPathLLBI-poly-RootCuts,FPP-SAA-fpp_base,-816.1925,-87.25009871,2.7173402,1.001509491,-0.83557935,-50.225,-124.1
MeanCVaR,0.03,800,case04,FPP-SAA-fpp_base,FPP-Branch-Benders-MeanCVaR-RootCuts,FPP-SAA-MeanCVaR,FPP-Branch-Benders-RootCuts,FPP-SAA-fpp_base,-814.240625,-87.04144538,7.01978755,1.003899513,-0.80987401,-45.035,-115.25
MeanCVaR,0.03,800,case04,FPP-SAA-fpp_base,FPP-Branch-Benders-Combinatorial-MeanCVaR,FPP-SAA-MeanCVaR,FPP-Branch-Benders-Combinatorial,FPP-SAA-fpp_base,-813.004375,-86.90929159,131.4652764,1.073029358,-0.81687777,-51.425,-111.65
