experiment_id,run_id,case_id,landscape,instance_name,instance_group,method,objective_type,risk_measure,alpha,cvar_beta,cvar_lambda,seed,train_count,test_count,train_graph_rt_ratio,train_graph_adag_ratio,train_graph_gdg_ratio,train_graph_nfr_ratio,train_graph_empty_ratio,test_graph_rt_ratio,test_graph_adag_ratio,test_graph_gdg_ratio,test_graph_nfr_ratio,test_graph_empty_ratio,instance_graph_rt_ratio,instance_graph_adag_ratio,instance_graph_gdg_ratio,instance_graph_nfr_ratio,instance_graph_empty_ratio,time_limit_sec,threads,solver_status,termination_reason,has_incumbent,objective_value,best_bound,mip_gap,runtime_sec,wall_time_sec,num_nodes,num_iterations,lp_relaxation_value,lp_relaxation_value_initial,lp_relaxation_value_final,lp_relaxation_improvement_abs,lp_relaxation_improvement_pct,uses_llbi,uses_root_cuts,uses_coverage_llbi,uses_path_llbi,uses_projected_coverage_llbi,uses_projected_path_llbi,uses_projected_llbi_poly,uses_projected_llbi_exp,uses_combinatorial_benders,uses_global_dominance,uses_conditional_zero_benefit_fixing,benders_lazy_cuts_added,root_user_cuts_added,llbi_cuts_added,coverage_llbi_cuts_added,path_llbi_cuts_added,projected_llbi_cuts_added,projected_llbi_total_nonzeros,combinatorial_benders_cuts_added,dominator_cuts_added,separator_cuts_added,global_dominance_candidates_removed,conditional_zero_benefit_fixings_attempted,conditional_zero_benefit_fixings_applied,num_variables,num_constraints,num_binary_variables,num_continuous_variables,train_expected_burned_area,test_expected_burned_area,train_cvar_burned_area,test_cvar_burned_area,train_worst10_burned_area,test_worst10_burned_area,train_eval_runtime_sec,test_eval_runtime_sec,paired_reburn_train_expected_burned_area,paired_reburn_train_cvar_burned_area,paired_reburn_train_worst10_burned_area,paired_reburn_train_eval_runtime_sec
fpp_new_instances_scaling,,case00,new20x20,new20x20,shortest_path,FPP-Branch-Benders-CVaR-LLBI-RootCuts,cvar,cvar,0.01,0.9,1.0,20260629,100,1000,0.110000,0.870000,0.000000,0.000000,0.020000,0.134000,0.850000,0.000000,0.000000,0.016000,0.110000,0.870000,0.000000,0.000000,0.020000,1800,1,Optimal,,1,268.20000000,267.94038200,0.00096800,13.30071135,17.048356,3854,56248,,,,0.00000000,0.00000000,1,1,0,0,0,0,0,0,0,0,0,725,,100,0,0,0,0,0,0,0,0,0,0,601,990,,,142.46000000,148.56900000,,,268.20000000,283.63000000,0.01231782,0.12529025,,,,
fpp_new_instances_scaling,,case00,new20x20,new20x20,shortest_path,FPP-Branch-Benders-CVaR-ProjectedCoverageLLBI-exp-RootCuts,cvar,cvar,0.01,0.9,1.0,20260629,100,1000,0.110000,0.870000,0.000000,0.000000,0.020000,0.134000,0.850000,0.000000,0.000000,0.016000,0.110000,0.870000,0.000000,0.000000,0.020000,1800,1,Optimal,,1,268.20000000,267.93322834,0.00099467,9.98810343,13.909725,1932,29752,0.00000000,0.00000000,228.72144551,228.72144551,22872.14455078,1,1,1,0,1,0,0,1,0,0,0,281,,0,340,0,340,96079,0,0,0,0,0,0,601,791,,,142.46000000,148.56900000,,,268.20000000,283.63000000,0.01334755,0.12438911,,,,
fpp_new_instances_scaling,,case00,new20x20,new20x20,shortest_path,FPP-Branch-Benders-CVaR-ProjectedPathLLBI-exp-RootCuts,cvar,cvar,0.01,0.9,1.0,20260629,100,1000,0.110000,0.870000,0.000000,0.000000,0.020000,0.134000,0.850000,0.000000,0.000000,0.016000,0.110000,0.870000,0.000000,0.000000,0.020000,1800,1,Optimal,,1,268.20000000,267.96731050,0.00086760,6.74275254,11.239792,1242,19906,0.00000000,0.00000000,234.77500529,234.77500529,23477.50052943,1,1,0,1,0,1,0,1,0,0,0,123,,0,0,439,439,123770,0,0,0,0,0,0,601,665,,,142.46000000,148.56900000,,,268.20000000,283.63000000,0.01306764,0.13179311,,,,
fpp_new_instances_scaling,,case00,new20x20,new20x20,shortest_path,FPP-Branch-Benders-CVaR-RootCuts,cvar,cvar,0.01,0.9,1.0,20260629,100,1000,0.110000,0.870000,0.000000,0.000000,0.020000,0.134000,0.850000,0.000000,0.000000,0.016000,0.110000,0.870000,0.000000,0.000000,0.020000,1800,1,Optimal,,1,268.20000000,267.93916146,0.00097255,9.45815808,13.424202,2552,36296,,,,0.00000000,0.00000000,0,1,0,0,0,0,0,0,0,0,0,1428,,0,0,0,0,0,0,0,0,0,0,0,601,1597,,,142.46000000,148.56900000,,,268.20000000,283.63000000,0.01587911,0.12580305,,,,
fpp_new_instances_scaling,,case00,new20x20,new20x20,shortest_path,FPP-Branch-Benders-Combinatorial-CVaR,cvar,cvar,0.01,0.9,1.0,20260629,100,1000,0.110000,0.870000,0.000000,0.000000,0.020000,0.134000,0.850000,0.000000,0.000000,0.016000,0.110000,0.870000,0.000000,0.000000,0.020000,1800,1,Optimal,,1,268.20000000,268.20000000,0.00000000,47.71728614,51.524649,370,14509,,,,0.00000000,0.00000000,0,0,0,0,0,0,0,0,1,0,0,101,0,0,0,0,0,0,4124,0,0,0,0,0,601,4225,,,142.46000000,148.56900000,,,268.20000000,283.63000000,0.01160541,0.11796476,,,,
fpp_new_instances_scaling,,case00,new20x20,new20x20,shortest_path,FPP-SAA-CVaR,cvar,cvar,0.01,0.9,1.0,20260629,100,1000,0.110000,0.870000,0.000000,0.000000,0.020000,0.134000,0.850000,0.000000,0.000000,0.016000,0.110000,0.870000,0.000000,0.000000,0.020000,1800,1,Optimal,,1,268.20000000,267.96516487,0.00087560,541.45382108,545.404414,562,0,,,,0.00000000,0.00000000,0,0,0,0,0,0,0,0,0,0,0,0,0,0,0,0,0,0,0,0,0,0,0,0,40501,26888,,,142.46000000,148.56900000,,,268.20000000,283.63000000,0.01190210,0.12622516,,,,
fpp_new_instances_scaling,,case00,new20x20,new20x20,shortest_path,FPP-Branch-Benders-LLBI-RootCuts,expected,expected,0.01,0.9,1.0,20260629,100,1000,0.110000,0.870000,0.000000,0.000000,0.020000,0.134000,0.850000,0.000000,0.000000,0.016000,0.110000,0.870000,0.000000,0.000000,0.020000,1800,1,Optimal,,1,128.61000000,128.61000000,0.00000000,2.43144748,5.592900,187,4418,,,,0.00000000,0.00000000,1,1,0,0,0,0,0,0,0,0,0,692,,100,0,0,0,0,0,0,0,0,0,0,500,864,,,128.61000000,138.30200000,,,272.10000000,290.09000000,0.00876641,0.08607983,,,,
fpp_new_instances_scaling,,case00,new20x20,new20x20,shortest_path,FPP-Branch-Benders-ProjectedCoverageLLBI-exp-RootCuts,expected,expected,0.01,0.9,1.0,20260629,100,1000,0.110000,0.870000,0.000000,0.000000,0.020000,0.134000,0.850000,0.000000,0.000000,0.016000,0.110000,0.870000,0.000000,0.000000,0.020000,1800,1,Optimal,,1,128.61000000,128.57568100,0.00026685,3.28967840,6.566044,58,3213,0.00000000,0.00000000,124.58000000,124.58000000,12458.00000000,1,1,1,0,1,0,0,1,0,0,0,361,,0,500,0,500,125039,0,0,0,0,0,0,500,933,,,128.61000000,138.30200000,,,272.10000000,290.09000000,0.00821123,0.09656952,,,,
fpp_new_instances_scaling,,case00,new20x20,new20x20,shortest_path,FPP-Branch-Benders-ProjectedPathLLBI-exp-RootCuts,expected,expected,0.01,0.9,1.0,20260629,100,1000,0.110000,0.870000,0.000000,0.000000,0.020000,0.134000,0.850000,0.000000,0.000000,0.016000,0.110000,0.870000,0.000000,0.000000,0.020000,1800,1,Optimal,,1,128.61000000,128.61000000,0.00000000,0.81270167,4.098902,6,1153,0.00000000,0.00000000,128.11000000,128.11000000,12811.00000000,1,1,0,1,0,1,0,1,0,0,0,0,,0,0,545,545,135544,0,0,0,0,0,0,500,546,,,128.61000000,138.30200000,,,272.10000000,290.09000000,0.00684520,0.09562839,,,,
fpp_new_instances_scaling,,case00,new20x20,new20x20,shortest_path,FPP-Branch-Benders-RootCuts,expected,expected,0.01,0.9,1.0,20260629,100,1000,0.110000,0.870000,0.000000,0.000000,0.020000,0.134000,0.850000,0.000000,0.000000,0.016000,0.110000,0.870000,0.000000,0.000000,0.020000,1800,1,Optimal,,1,128.61000000,128.50352290,0.00082791,2.95028894,6.030885,230,3560,,,,0.00000000,0.00000000,0,1,0,0,0,0,0,0,0,0,0,1606,,0,0,0,0,0,0,0,0,0,0,0,500,1679,,,128.61000000,138.30200000,,,272.10000000,290.09000000,0.00866331,0.09278079,,,,
fpp_new_instances_scaling,,case00,new20x20,new20x20,shortest_path,FPP-Branch-Benders-Combinatorial,expected,expected,0.01,0.9,1.0,20260629,100,1000,0.110000,0.870000,0.000000,0.000000,0.020000,0.134000,0.850000,0.000000,0.000000,0.016000,0.110000,0.870000,0.000000,0.000000,0.020000,1800,1,Optimal,,1,128.61000000,128.61000000,0.00000000,8.84779969,12.804863,3,3703,,,,0.00000000,0.00000000,0,0,0,0,0,0,0,0,1,0,0,420,0,0,0,0,0,0,4040,0,0,0,0,0,500,4041,,,128.61000000,138.30200000,,,272.10000000,290.09000000,0.01149861,0.11963469,,,,
fpp_new_instances_scaling,,case00,new20x20,new20x20,shortest_path,FPP-SAA,expected,expected,0.01,0.9,1.0,20260629,100,1000,0.110000,0.870000,0.000000,0.000000,0.020000,0.134000,0.850000,0.000000,0.000000,0.016000,0.110000,0.870000,0.000000,0.000000,0.020000,1800,1,Optimal,,1,128.61000000,128.61000000,0.00000000,16.26206618,19.152873,0,0,,,,0.00000000,0.00000000,0,0,0,0,0,0,0,0,0,0,0,0,0,0,0,0,0,0,0,0,0,0,0,0,40400,26788,,,128.61000000,138.30200000,,,272.10000000,290.09000000,0.00901472,0.08758611,,,,
fpp_new_instances_scaling,,case00,new20x20,new20x20,shortest_path,FPP-Branch-Benders-MeanCVaR-LLBI-RootCuts,mean_cvar,mean-cvar,0.01,0.9,0.5,20260629,100,1000,0.110000,0.870000,0.000000,0.000000,0.020000,0.134000,0.850000,0.000000,0.000000,0.016000,0.110000,0.870000,0.000000,0.000000,0.020000,1800,1,Optimal,,1,199.54500000,199.34752745,0.00098961,5.19538990,9.424316,1218,33422,,,,0.00000000,0.00000000,1,1,0,0,0,0,0,0,0,0,0,593,,100,0,0,0,0,0,0,0,0,0,0,601,867,,,128.79000000,136.95000000,,,270.30000000,287.97000000,0.05425430,0.11918605,,,,
fpp_new_instances_scaling,,case00,new20x20,new20x20,shortest_path,FPP-Branch-Benders-MeanCVaR-ProjectedCoverageLLBI-exp-RootCuts,mean_cvar,mean-cvar,0.01,0.9,0.5,20260629,100,1000,0.110000,0.870000,0.000000,0.000000,0.020000,0.134000,0.850000,0.000000,0.000000,0.016000,0.110000,0.870000,0.000000,0.000000,0.020000,1800,1,Optimal,,1,199.54500000,199.40654175,0.00069387,4.63084722,8.412680,554,16371,0.00000000,0.00000000,180.06087647,180.06087647,18006.08764729,1,1,1,0,1,0,0,1,0,0,0,208,,0,428,0,428,110168,0,0,0,0,0,0,601,809,,,128.79000000,136.95000000,,,270.30000000,287.97000000,0.01113530,0.08890633,,,,
fpp_new_instances_scaling,,case00,new20x20,new20x20,shortest_path,FPP-Branch-Benders-MeanCVaR-ProjectedPathLLBI-exp-RootCuts,mean_cvar,mean-cvar,0.01,0.9,0.5,20260629,100,1000,0.110000,0.870000,0.000000,0.000000,0.020000,0.134000,0.850000,0.000000,0.000000,0.016000,0.110000,0.870000,0.000000,0.000000,0.020000,1800,1,Optimal,,1,199.54500000,199.34753681,0.00098957,2.54553420,6.613182,284,9777,0.00000000,0.00000000,185.01474271,185.01474271,18501.47427139,1,1,0,1,0,1,0,1,0,0,0,18,,0,0,472,472,126787,0,0,0,0,0,0,601,608,,,128.79000000,136.95000000,,,270.30000000,287.97000000,0.01160095,0.11469212,,,,
fpp_new_instances_scaling,,case00,new20x20,new20x20,shortest_path,FPP-Branch-Benders-MeanCVaR-RootCuts,mean_cvar,mean-cvar,0.01,0.9,0.5,20260629,100,1000,0.110000,0.870000,0.000000,0.000000,0.020000,0.134000,0.850000,0.000000,0.000000,0.016000,0.110000,0.870000,0.000000,0.000000,0.020000,1800,1,Optimal,,1,199.54500000,199.34793463,0.00098757,3.45335893,6.471182,923,17118,,,,0.00000000,0.00000000,0,1,0,0,0,0,0,0,0,0,0,1422,,0,0,0,0,0,0,0,0,0,0,0,601,1593,,,128.79000000,136.95000000,,,270.30000000,287.97000000,0.00821463,0.09169523,,,,
fpp_new_instances_scaling,,case00,new20x20,new20x20,shortest_path,FPP-Branch-Benders-Combinatorial-MeanCVaR,mean_cvar,mean-cvar,0.01,0.9,0.5,20260629,100,1000,0.110000,0.870000,0.000000,0.000000,0.020000,0.134000,0.850000,0.000000,0.000000,0.016000,0.110000,0.870000,0.000000,0.000000,0.020000,1800,1,Optimal,,1,199.54500000,199.54500000,0.00000000,24.13564249,27.838318,80,16074,,,,0.00000000,0.00000000,0,0,0,0,0,0,0,0,1,0,0,164,0,0,0,0,0,0,6382,0,0,0,0,0,601,6483,,,128.79000000,136.95000000,,,270.30000000,287.97000000,0.01148432,0.12001629,,,,
fpp_new_instances_scaling,,case00,new20x20,new20x20,shortest_path,FPP-SAA-MeanCVaR,mean_cvar,mean-cvar,0.01,0.9,0.5,20260629,100,1000,0.110000,0.870000,0.000000,0.000000,0.020000,0.134000,0.850000,0.000000,0.000000,0.016000,0.110000,0.870000,0.000000,0.000000,0.020000,1800,1,Optimal,,1,199.54500000,199.54500000,0.00000000,172.30132065,176.266578,81,0,,,,0.00000000,0.00000000,0,0,0,0,0,0,0,0,0,0,0,0,0,0,0,0,0,0,0,0,0,0,0,0,40501,26888,,,128.79000000,136.95000000,,,270.30000000,287.97000000,0.01525113,0.11981100,,,,
fpp_new_instances_scaling,,case01,new20x20,new20x20,shortest_path,FPP-Branch-Benders-CVaR-LLBI-RootCuts,cvar,cvar,0.01,0.9,1.0,20261629,100,1000,0.130000,0.860000,0.000000,0.000000,0.010000,0.134000,0.850000,0.000000,0.000000,0.016000,0.130000,0.860000,0.000000,0.000000,0.010000,1800,1,Optimal,,1,256.10000000,255.84621477,0.00099096,6.97251450,11.154286,2567,37389,,,,0.00000000,0.00000000,1,1,0,0,0,0,0,0,0,0,0,444,,100,0,0,0,0,0,0,0,0,0,0,601,714,,,128.02000000,134.13900000,,,256.10000000,274.84000000,0.01158908,0.11465591,,,,
fpp_new_instances_scaling,,case01,new20x20,new20x20,shortest_path,FPP-Branch-Benders-CVaR-ProjectedCoverageLLBI-exp-RootCuts,cvar,cvar,0.01,0.9,1.0,20261629,100,1000,0.130000,0.860000,0.000000,0.000000,0.010000,0.134000,0.850000,0.000000,0.000000,0.016000,0.130000,0.860000,0.000000,0.000000,0.010000,1800,1,Optimal,,1,256.10000000,255.85325347,0.00096348,8.83776020,11.800334,1512,29195,0.00000000,0.00000000,225.36956913,225.36956913,22536.95691271,1,1,1,0,1,0,0,1,0,0,0,330,,0,372,0,372,96646,0,0,0,0,0,0,601,874,,,128.02000000,134.13900000,,,256.10000000,274.84000000,0.00820129,0.09304675,,,,
fpp_new_instances_scaling,,case01,new20x20,new20x20,shortest_path,FPP-Branch-Benders-CVaR-ProjectedPathLLBI-exp-RootCuts,cvar,cvar,0.01,0.9,1.0,20261629,100,1000,0.130000,0.860000,0.000000,0.000000,0.010000,0.134000,0.850000,0.000000,0.000000,0.016000,0.130000,0.860000,0.000000,0.000000,0.010000,1800,1,Optimal,,1,256.10000000,255.96237137,0.00053740,4.58398055,8.595561,779,14697,0.00000000,0.00000000,232.89039895,232.89039895,23289.03989540,1,1,0,1,0,1,0,1,0,0,0,102,,0,0,386,386,99080,0,0,0,0,0,0,601,591,,,128.02000000,134.13900000,,,256.10000000,274.84000000,0.01119637,0.11606316,,,,
fpp_new_instances_scaling,,case01,new20x20,new20x20,shortest_path,FPP-Branch-Benders-CVaR-RootCuts,cvar,cvar,0.01,0.9,1.0,20261629,100,1000,0.130000,0.860000,0.000000,0.000000,0.010000,0.134000,0.850000,0.000000,0.000000,0.016000,0.130000,0.860000,0.000000,0.000000,0.010000,1800,1,Optimal,,1,256.10000000,255.85563142,0.00095419,8.51802701,12.600926,2811,43488,,,,0.00000000,0.00000000,0,1,0,0,0,0,0,0,0,0,0,1386,,0,0,0,0,0,0,0,0,0,0,0,601,1556,,,128.02000000,134.13900000,,,256.10000000,274.84000000,0.01088704,0.12178381,,,,
fpp_new_instances_scaling,,case01,new20x20,new20x20,shortest_path,FPP-Branch-Benders-Combinatorial-CVaR,cvar,cvar,0.01,0.9,1.0,20261629,100,1000,0.130000,0.860000,0.000000,0.000000,0.010000,0.134000,0.850000,0.000000,0.000000,0.016000,0.130000,0.860000,0.000000,0.000000,0.010000,1800,1,Optimal,,1,256.10000000,256.02456893,0.00029454,33.08679118,36.886256,272,13259,,,,0.00000000,0.00000000,0,0,0,0,0,0,0,0,1,0,0,179,0,0,0,0,0,0,3461,0,0,0,0,0,601,3562,,,128.02000000,134.13900000,,,256.10000000,274.84000000,0.01086242,0.10082621,,,,
fpp_new_instances_scaling,,case01,new20x20,new20x20,shortest_path,FPP-SAA-CVaR,cvar,cvar,0.01,0.9,1.0,20261629,100,1000,0.130000,0.860000,0.000000,0.000000,0.010000,0.134000,0.850000,0.000000,0.000000,0.016000,0.130000,0.860000,0.000000,0.000000,0.010000,1800,1,Optimal,,1,256.10000000,255.85099356,0.00097230,311.08121728,314.953988,429,0,,,,0.00000000,0.00000000,0,0,0,0,0,0,0,0,0,0,0,0,0,0,0,0,0,0,0,0,0,0,0,0,40501,26046,,,128.02000000,134.13900000,,,256.10000000,274.84000000,0.01164116,0.11636823,,,,
fpp_new_instances_scaling,,case01,new20x20,new20x20,shortest_path,FPP-Branch-Benders-LLBI-RootCuts,expected,expected,0.01,0.9,1.0,20261629,100,1000,0.130000,0.860000,0.000000,0.000000,0.010000,0.134000,0.850000,0.000000,0.000000,0.016000,0.130000,0.860000,0.000000,0.000000,0.010000,1800,1,Optimal,,1,125.37000000,125.33261412,0.00029820,2.18568719,5.212718,283,6815,,,,0.00000000,0.00000000,1,1,0,0,0,0,0,0,0,0,0,858,,100,0,0,0,0,0,0,0,0,0,0,500,1034,,,125.37000000,135.06000000,,,265.20000000,271.71000000,0.00720388,0.09062924,,,,
fpp_new_instances_scaling,,case01,new20x20,new20x20,shortest_path,FPP-Branch-Benders-ProjectedCoverageLLBI-exp-RootCuts,expected,expected,0.01,0.9,1.0,20261629,100,1000,0.130000,0.860000,0.000000,0.000000,0.010000,0.134000,0.850000,0.000000,0.000000,0.016000,0.130000,0.860000,0.000000,0.000000,0.010000,1800,1,Optimal,,1,125.37000000,125.34407303,0.00020680,3.26758434,6.438667,80,3156,0.00000000,0.00000000,119.46000000,119.46000000,11946.00000000,1,1,1,0,1,0,0,1,0,0,0,437,,0,405,0,405,94862,0,0,0,0,0,0,500,917,,,125.37000000,135.06000000,,,265.20000000,271.71000000,0.00876363,0.09525739,,,,
fpp_new_instances_scaling,,case01,new20x20,new20x20,shortest_path,FPP-Branch-Benders-ProjectedPathLLBI-exp-RootCuts,expected,expected,0.01,0.9,1.0,20261629,100,1000,0.130000,0.860000,0.000000,0.000000,0.010000,0.134000,0.850000,0.000000,0.000000,0.016000,0.130000,0.860000,0.000000,0.000000,0.010000,1800,1,Optimal,,1,125.37000000,125.37000000,0.00000000,0.95526815,3.734034,12,915,0.00000000,0.00000000,124.44666667,124.44666667,12444.66666667,1,1,0,1,0,1,0,1,0,0,0,0,,0,0,517,517,120322,0,0,0,0,0,0,500,518,,,125.37000000,135.06000000,,,265.20000000,271.71000000,0.00676995,0.09347645,,,,
fpp_new_instances_scaling,,case01,new20x20,new20x20,shortest_path,FPP-Branch-Benders-RootCuts,expected,expected,0.01,0.9,1.0,20261629,100,1000,0.130000,0.860000,0.000000,0.000000,0.010000,0.134000,0.850000,0.000000,0.000000,0.016000,0.130000,0.860000,0.000000,0.000000,0.010000,1800,1,Optimal,,1,125.37000000,125.37000000,0.00000000,3.05492902,6.245234,171,2611,,,,0.00000000,0.00000000,0,1,0,0,0,0,0,0,0,0,0,1601,,0,0,0,0,0,0,0,0,0,0,0,500,1675,,,125.37000000,135.06000000,,,265.20000000,271.71000000,0.00854714,0.09079849,,,,
fpp_new_instances_scaling,,case01,new20x20,new20x20,shortest_path,FPP-Branch-Benders-Combinatorial,expected,expected,0.01,0.9,1.0,20261629,100,1000,0.130000,0.860000,0.000000,0.000000,0.010000,0.134000,0.850000,0.000000,0.000000,0.016000,0.130000,0.860000,0.000000,0.000000,0.010000,1800,1,Optimal,,1,125.37000000,125.37000000,0.00000000,6.96445834,10.952796,7,2362,,,,0.00000000,0.00000000,0,0,0,0,0,0,0,0,1,0,0,416,0,0,0,0,0,0,2499,0,0,0,0,0,500,2500,,,125.37000000,135.06000000,,,265.20000000,271.71000000,0.01180331,0.11903689,,,,
fpp_new_instances_scaling,,case01,new20x20,new20x20,shortest_path,FPP-SAA,expected,expected,0.01,0.9,1.0,20261629,100,1000,0.130000,0.860000,0.000000,0.000000,0.010000,0.134000,0.850000,0.000000,0.000000,0.016000,0.130000,0.860000,0.000000,0.000000,0.010000,1800,1,Optimal,,1,125.37000000,125.25000000,0.00095717,14.60130835,17.599979,0,0,,,,0.00000000,0.00000000,0,0,0,0,0,0,0,0,0,0,0,0,0,0,0,0,0,0,0,0,0,0,0,0,40400,25946,,,125.37000000,135.06000000,,,265.20000000,271.71000000,0.00825950,0.08976536,,,,
fpp_new_instances_scaling,,case01,new20x20,new20x20,shortest_path,FPP-Branch-Benders-MeanCVaR-LLBI-RootCuts,mean_cvar,mean-cvar,0.01,0.9,0.5,20261629,100,1000,0.130000,0.860000,0.000000,0.000000,0.010000,0.134000,0.850000,0.000000,0.000000,0.016000,0.130000,0.860000,0.000000,0.000000,0.010000,1800,1,Optimal,,1,192.06000000,191.87074784,0.00098538,5.99524401,10.114176,1040,25767,,,,0.00000000,0.00000000,1,1,0,0,0,0,0,0,0,0,0,841,,100,0,0,0,0,0,0,0,0,0,0,601,1119,,,128.02000000,134.13900000,,,256.10000000,274.84000000,0.01105180,0.11522021,,,,
fpp_new_instances_scaling,,case01,new20x20,new20x20,shortest_path,FPP-Branch-Benders-MeanCVaR-ProjectedCoverageLLBI-exp-RootCuts,mean_cvar,mean-cvar,0.01,0.9,0.5,20261629,100,1000,0.130000,0.860000,0.000000,0.000000,0.010000,0.134000,0.850000,0.000000,0.000000,0.016000,0.130000,0.860000,0.000000,0.000000,0.010000,1800,1,Optimal,,1,192.06000000,191.95376110,0.00055315,6.11997774,10.259003,363,12228,0.00000000,0.00000000,179.64785259,179.64785259,17964.78525944,1,1,1,0,1,0,0,1,0,0,0,495,,0,448,0,448,110543,0,0,0,0,0,0,601,1117,,,128.02000000,134.13900000,,,256.10000000,274.84000000,0.01082663,0.11997076,,,,
fpp_new_instances_scaling,,case01,new20x20,new20x20,shortest_path,FPP-Branch-Benders-MeanCVaR-ProjectedPathLLBI-exp-RootCuts,mean_cvar,mean-cvar,0.01,0.9,0.5,20261629,100,1000,0.130000,0.860000,0.000000,0.000000,0.010000,0.134000,0.850000,0.000000,0.000000,0.016000,0.130000,0.860000,0.000000,0.000000,0.010000,1800,1,Optimal,,1,192.06000000,192.06000000,0.00000000,2.41017581,6.111316,131,5045,0.00000000,0.00000000,184.54890912,184.54890912,18454.89091153,1,1,0,1,0,1,0,1,0,0,0,27,,0,0,483,483,119228,0,0,0,0,0,0,601,611,,,128.02000000,134.13900000,,,256.10000000,274.84000000,0.01050518,0.12525428,,,,
fpp_new_instances_scaling,,case01,new20x20,new20x20,shortest_path,FPP-Branch-Benders-MeanCVaR-RootCuts,mean_cvar,mean-cvar,0.01,0.9,0.5,20261629,100,1000,0.130000,0.860000,0.000000,0.000000,0.010000,0.134000,0.850000,0.000000,0.000000,0.016000,0.130000,0.860000,0.000000,0.000000,0.010000,1800,1,Optimal,,1,192.06000000,191.89600886,0.00085385,5.62831442,9.618640,825,17732,,,,0.00000000,0.00000000,0,1,0,0,0,0,0,0,0,0,0,1712,,0,0,0,0,0,0,0,0,0,0,0,601,1886,,,128.02000000,134.13900000,,,256.10000000,274.84000000,0.01433854,0.12546321,,,,
fpp_new_instances_scaling,,case01,new20x20,new20x20,shortest_path,FPP-Branch-Benders-Combinatorial-MeanCVaR,mean_cvar,mean-cvar,0.01,0.9,0.5,20261629,100,1000,0.130000,0.860000,0.000000,0.000000,0.010000,0.134000,0.850000,0.000000,0.000000,0.016000,0.130000,0.860000,0.000000,0.000000,0.010000,1800,1,Optimal,,1,192.06000000,192.06000000,0.00000000,20.88849453,25.226476,46,11691,,,,0.00000000,0.00000000,0,0,0,0,0,0,0,0,1,0,0,174,0,0,0,0,0,0,6028,0,0,0,0,0,601,6129,,,128.02000000,134.13900000,,,256.10000000,274.84000000,0.01199511,0.12006090,,,,
fpp_new_instances_scaling,,case01,new20x20,new20x20,shortest_path,FPP-SAA-MeanCVaR,mean_cvar,mean-cvar,0.01,0.9,0.5,20261629,100,1000,0.130000,0.860000,0.000000,0.000000,0.010000,0.134000,0.850000,0.000000,0.000000,0.016000,0.130000,0.860000,0.000000,0.000000,0.010000,1800,1,Optimal,,1,192.06000000,192.06000000,0.00000000,96.62298385,100.659832,62,0,,,,0.00000000,0.00000000,0,0,0,0,0,0,0,0,0,0,0,0,0,0,0,0,0,0,0,0,0,0,0,0,40501,26046,,,128.02000000,134.13900000,,,256.10000000,274.84000000,0.01183703,0.12153810,,,,
fpp_new_instances_scaling,,case02,new20x20,new20x20,shortest_path,FPP-Branch-Benders-CVaR-LLBI-RootCuts,cvar,cvar,0.01,0.9,1.0,20262629,100,1000,0.110000,0.890000,0.000000,0.000000,0.000000,0.134000,0.850000,0.000000,0.000000,0.016000,0.110000,0.890000,0.000000,0.000000,0.000000,1800,1,Optimal,,1,230.30000000,230.30000000,0.00000000,1.84501271,5.952759,64,1593,,,,0.00000000,0.00000000,1,1,0,0,0,0,0,0,0,0,0,184,,100,0,0,0,0,0,0,0,0,0,0,601,453,,,133.80000000,136.65300000,,,230.30000000,267.37000000,0.01170887,0.11663971,,,,
fpp_new_instances_scaling,,case02,new20x20,new20x20,shortest_path,FPP-Branch-Benders-CVaR-ProjectedCoverageLLBI-exp-RootCuts,cvar,cvar,0.01,0.9,1.0,20262629,100,1000,0.110000,0.890000,0.000000,0.000000,0.000000,0.134000,0.850000,0.000000,0.000000,0.016000,0.110000,0.890000,0.000000,0.000000,0.000000,1800,1,Optimal,,1,230.30000000,230.30000000,0.00000000,4.95812987,9.003628,21,1760,0.00000000,0.00000000,220.27182678,220.27182678,22027.18267808,1,1,1,0,1,0,0,1,0,0,0,164,,0,475,0,475,129853,0,0,0,0,0,0,601,796,,,133.80000000,136.65300000,,,230.30000000,267.37000000,0.01167579,0.11949781,,,,
fpp_new_instances_scaling,,case02,new20x20,new20x20,shortest_path,FPP-Branch-Benders-CVaR-ProjectedPathLLBI-exp-RootCuts,cvar,cvar,0.01,0.9,1.0,20262629,100,1000,0.110000,0.890000,0.000000,0.000000,0.000000,0.134000,0.850000,0.000000,0.000000,0.016000,0.110000,0.890000,0.000000,0.000000,0.000000,1800,1,Optimal,,1,230.30000000,230.30000000,0.00000000,2.77613564,6.814278,15,1711,0.00000000,0.00000000,222.68185827,222.68185827,22268.18582689,1,1,0,1,0,1,0,1,0,0,0,18,,0,0,546,546,152203,0,0,0,0,0,0,601,679,,,133.80000000,136.65300000,,,230.30000000,267.37000000,0.01124550,0.11598955,,,,
fpp_new_instances_scaling,,case02,new20x20,new20x20,shortest_path,FPP-Branch-Benders-CVaR-RootCuts,cvar,cvar,0.01,0.9,1.0,20262629,100,1000,0.110000,0.890000,0.000000,0.000000,0.000000,0.134000,0.850000,0.000000,0.000000,0.016000,0.110000,0.890000,0.000000,0.000000,0.000000,1800,1,Optimal,,1,230.30000000,230.22895107,0.00030851,2.18929404,6.135141,59,1254,,,,0.00000000,0.00000000,0,1,0,0,0,0,0,0,0,0,0,1020,,0,0,0,0,0,0,0,0,0,0,0,601,1186,,,133.80000000,136.65300000,,,230.30000000,267.37000000,0.00875481,0.11583071,,,,
fpp_new_instances_scaling,,case02,new20x20,new20x20,shortest_path,FPP-Branch-Benders-Combinatorial-CVaR,cvar,cvar,0.01,0.9,1.0,20262629,100,1000,0.110000,0.890000,0.000000,0.000000,0.000000,0.134000,0.850000,0.000000,0.000000,0.016000,0.110000,0.890000,0.000000,0.000000,0.000000,1800,1,Optimal,,1,230.30000000,230.08980745,0.00091269,10.55141906,14.487256,12,3541,,,,0.00000000,0.00000000,0,0,0,0,0,0,0,0,1,0,0,77,0,0,0,0,0,0,2364,0,0,0,0,0,601,2465,,,133.80000000,136.65300000,,,230.30000000,267.37000000,0.01159204,0.11789389,,,,
fpp_new_instances_scaling,,case02,new20x20,new20x20,shortest_path,FPP-SAA-CVaR,cvar,cvar,0.01,0.9,1.0,20262629,100,1000,0.110000,0.890000,0.000000,0.000000,0.000000,0.134000,0.850000,0.000000,0.000000,0.016000,0.110000,0.890000,0.000000,0.000000,0.000000,1800,1,Optimal,,1,230.30000000,230.30000000,0.00000000,118.88468530,122.901350,14,0,,,,0.00000000,0.00000000,0,0,0,0,0,0,0,0,0,0,0,0,0,0,0,0,0,0,0,0,0,0,0,0,40501,28937,,,133.80000000,136.65300000,,,230.30000000,267.37000000,0.01588518,0.11982755,,,,
fpp_new_instances_scaling,,case02,new20x20,new20x20,shortest_path,FPP-Branch-Benders-LLBI-RootCuts,expected,expected,0.01,0.9,1.0,20262629,100,1000,0.110000,0.890000,0.000000,0.000000,0.000000,0.134000,0.850000,0.000000,0.000000,0.016000,0.110000,0.890000,0.000000,0.000000,0.000000,1800,1,Optimal,,1,129.97000000,129.90788223,0.00047794,1.63124283,4.077899,43,1020,,,,0.00000000,0.00000000,1,1,0,0,0,0,0,0,0,0,0,355,,100,0,0,0,0,0,0,0,0,0,0,500,534,,,129.97000000,137.10800000,,,279.30000000,288.94000000,0.00919038,0.06497239,,,,
fpp_new_instances_scaling,,case02,new20x20,new20x20,shortest_path,FPP-Branch-Benders-ProjectedCoverageLLBI-exp-RootCuts,expected,expected,0.01,0.9,1.0,20262629,100,1000,0.110000,0.890000,0.000000,0.000000,0.000000,0.134000,0.850000,0.000000,0.000000,0.016000,0.110000,0.890000,0.000000,0.000000,0.000000,1800,1,Optimal,,1,129.97000000,129.84360995,0.00097246,3.48165255,6.731339,8,1342,0.00000000,0.00000000,127.83250000,127.83250000,12783.25000000,1,1,1,0,1,0,0,1,0,0,0,244,,0,508,0,508,122572,0,0,0,0,0,0,500,831,,,129.97000000,137.10800000,,,279.30000000,288.94000000,0.00895642,0.09366210,,,,
fpp_new_instances_scaling,,case02,new20x20,new20x20,shortest_path,FPP-Branch-Benders-ProjectedPathLLBI-exp-RootCuts,expected,expected,0.01,0.9,1.0,20262629,100,1000,0.110000,0.890000,0.000000,0.000000,0.000000,0.134000,0.850000,0.000000,0.000000,0.016000,0.110000,0.890000,0.000000,0.000000,0.000000,1800,1,Optimal,,1,129.97000000,129.97000000,0.00000000,0.97386826,4.112314,3,770,0.00000000,0.00000000,129.58400000,129.58400000,12958.40000000,1,1,0,1,0,1,0,1,0,0,0,20,,0,0,491,491,118257,0,0,0,0,0,0,500,512,,,129.97000000,137.10800000,,,279.30000000,288.94000000,0.00912253,0.08992439,,,,
fpp_new_instances_scaling,,case02,new20x20,new20x20,shortest_path,FPP-Branch-Benders-RootCuts,expected,expected,0.01,0.9,1.0,20262629,100,1000,0.110000,0.890000,0.000000,0.000000,0.000000,0.134000,0.850000,0.000000,0.000000,0.016000,0.110000,0.890000,0.000000,0.000000,0.000000,1800,1,Optimal,,1,129.97000000,129.97000000,0.00000000,2.48977414,4.921357,88,1094,,,,0.00000000,0.00000000,0,1,0,0,0,0,0,0,0,0,0,1236,,0,0,0,0,0,0,0,0,0,0,0,500,1312,,,129.97000000,137.10800000,,,279.30000000,288.94000000,0.00929283,0.06468999,,,,
fpp_new_instances_scaling,,case02,new20x20,new20x20,shortest_path,FPP-Branch-Benders-Combinatorial,expected,expected,0.01,0.9,1.0,20262629,100,1000,0.110000,0.890000,0.000000,0.000000,0.000000,0.134000,0.850000,0.000000,0.000000,0.016000,0.110000,0.890000,0.000000,0.000000,0.000000,1800,1,Optimal,,1,129.97000000,129.94142347,0.00021987,4.69103693,8.278165,3,1620,,,,0.00000000,0.00000000,0,0,0,0,0,0,0,0,1,0,0,150,0,0,0,0,0,0,1843,0,0,0,0,0,500,1844,,,129.97000000,137.10800000,,,279.30000000,288.94000000,0.00943181,0.11017404,,,,
fpp_new_instances_scaling,,case02,new20x20,new20x20,shortest_path,FPP-SAA,expected,expected,0.01,0.9,1.0,20262629,100,1000,0.110000,0.890000,0.000000,0.000000,0.000000,0.134000,0.850000,0.000000,0.000000,0.016000,0.110000,0.890000,0.000000,0.000000,0.000000,1800,1,Optimal,,1,129.97000000,129.97000000,0.00000000,12.92163415,16.151547,0,0,,,,0.00000000,0.00000000,0,0,0,0,0,0,0,0,0,0,0,0,0,0,0,0,0,0,0,0,0,0,0,0,40400,28837,,,129.97000000,137.10800000,,,279.30000000,288.94000000,0.00968967,0.09873753,,,,
fpp_new_instances_scaling,,case02,new20x20,new20x20,shortest_path,FPP-Branch-Benders-MeanCVaR-LLBI-RootCuts,mean_cvar,mean-cvar,0.01,0.9,0.5,20262629,100,1000,0.110000,0.890000,0.000000,0.000000,0.000000,0.134000,0.850000,0.000000,0.000000,0.016000,0.110000,0.890000,0.000000,0.000000,0.000000,1800,1,Optimal,,1,182.05000000,182.05000000,0.00000000,1.29286992,4.653580,40,1942,,,,0.00000000,0.00000000,1,1,0,0,0,0,0,0,0,0,0,229,,100,0,0,0,0,0,0,0,0,0,0,601,508,,,133.80000000,136.65300000,,,230.30000000,267.37000000,0.01023653,0.09224235,,,,
fpp_new_instances_scaling,,case02,new20x20,new20x20,shortest_path,FPP-Branch-Benders-MeanCVaR-ProjectedCoverageLLBI-exp-RootCuts,mean_cvar,mean-cvar,0.01,0.9,0.5,20262629,100,1000,0.110000,0.890000,0.000000,0.000000,0.000000,0.134000,0.850000,0.000000,0.000000,0.016000,0.110000,0.890000,0.000000,0.000000,0.000000,1800,1,Optimal,,1,182.05000000,182.05000000,0.00000000,4.61011401,8.636921,14,1775,0.00000000,0.00000000,176.45261897,176.45261897,17645.26189748,1,1,1,0,1,0,0,1,0,0,0,208,,0,437,0,437,110804,0,0,0,0,0,0,601,824,,,133.80000000,136.65300000,,,230.30000000,267.37000000,0.01141645,0.11433177,,,,
fpp_new_instances_scaling,,case02,new20x20,new20x20,shortest_path,FPP-Branch-Benders-MeanCVaR-ProjectedPathLLBI-exp-RootCuts,mean_cvar,mean-cvar,0.01,0.9,0.5,20262629,100,1000,0.110000,0.890000,0.000000,0.000000,0.000000,0.134000,0.850000,0.000000,0.000000,0.016000,0.110000,0.890000,0.000000,0.000000,0.000000,1800,1,Optimal,,1,182.05000000,182.05000000,0.00000000,2.13197303,5.597028,7,1601,0.00000000,0.00000000,178.89777043,178.89777043,17889.77704313,1,1,0,1,0,1,0,1,0,0,0,8,,0,0,523,523,135610,0,0,0,0,0,0,601,632,,,133.80000000,136.65300000,,,230.30000000,267.37000000,0.01138557,0.09997113,,,,
fpp_new_instances_scaling,,case02,new20x20,new20x20,shortest_path,FPP-Branch-Benders-MeanCVaR-RootCuts,mean_cvar,mean-cvar,0.01,0.9,0.5,20262629,100,1000,0.110000,0.890000,0.000000,0.000000,0.000000,0.134000,0.850000,0.000000,0.000000,0.016000,0.110000,0.890000,0.000000,0.000000,0.000000,1800,1,Optimal,,1,182.05000000,182.05000000,0.00000000,2.33871985,6.376554,49,1280,,,,0.00000000,0.00000000,0,1,0,0,0,0,0,0,0,0,0,1022,,0,0,0,0,0,0,0,0,0,0,0,601,1197,,,133.80000000,136.65300000,,,230.30000000,267.37000000,0.01125075,0.11547977,,,,
fpp_new_instances_scaling,,case02,new20x20,new20x20,shortest_path,FPP-Branch-Benders-Combinatorial-MeanCVaR,mean_cvar,mean-cvar,0.01,0.9,0.5,20262629,100,1000,0.110000,0.890000,0.000000,0.000000,0.000000,0.134000,0.850000,0.000000,0.000000,0.016000,0.110000,0.890000,0.000000,0.000000,0.000000,1800,1,Feasible,,1,204.63500000,175.47769146,0.14248447,1803.13803251,1806.623542,0,2168,,,,0.00000000,0.00000000,0,0,0,0,0,0,0,0,1,0,0,90,0,0,0,0,0,0,1568620,0,0,0,0,0,601,1568721,,,129.97000000,137.10800000,,,279.30000000,288.94000000,0.01006025,0.12113843,,,,
fpp_new_instances_scaling,,case02,new20x20,new20x20,shortest_path,FPP-SAA-MeanCVaR,mean_cvar,mean-cvar,0.01,0.9,0.5,20262629,100,1000,0.110000,0.890000,0.000000,0.000000,0.000000,0.134000,0.850000,0.000000,0.000000,0.016000,0.110000,0.890000,0.000000,0.000000,0.000000,1800,1,Optimal,,1,182.05000000,182.05000000,0.00000000,67.28094659,70.356462,7,0,,,,0.00000000,0.00000000,0,0,0,0,0,0,0,0,0,0,0,0,0,0,0,0,0,0,0,0,0,0,0,0,40501,28937,,,133.80000000,136.65300000,,,230.30000000,267.37000000,0.00981886,0.09060262,,,,
fpp_new_instances_scaling,,case03,new20x20,new20x20,shortest_path,FPP-Branch-Benders-CVaR-LLBI-RootCuts,cvar,cvar,0.01,0.9,1.0,20263629,100,1000,0.180000,0.820000,0.000000,0.000000,0.000000,0.134000,0.850000,0.000000,0.000000,0.016000,0.180000,0.820000,0.000000,0.000000,0.000000,1800,1,Optimal,,1,241.10000000,240.86305467,0.00098277,3.25668944,6.996003,543,9136,,,,0.00000000,0.00000000,1,1,0,0,0,0,0,0,0,0,0,237,,100,0,0,0,0,0,0,0,0,0,0,601,508,,,126.39000000,135.73900000,,,241.10000000,266.77000000,0.00814765,0.11292252,,,,
fpp_new_instances_scaling,,case03,new20x20,new20x20,shortest_path,FPP-Branch-Benders-CVaR-ProjectedCoverageLLBI-exp-RootCuts,cvar,cvar,0.01,0.9,1.0,20263629,100,1000,0.180000,0.820000,0.000000,0.000000,0.000000,0.134000,0.850000,0.000000,0.000000,0.016000,0.180000,0.820000,0.000000,0.000000,0.000000,1800,1,Optimal,,1,241.10000000,240.95022355,0.00062122,4.21319036,7.368186,285,6155,0.00000000,0.00000000,216.44208545,216.44208545,21644.20854525,1,1,1,0,1,0,0,1,0,0,0,164,,0,363,0,363,92768,0,0,0,0,0,0,601,694,,,126.39000000,135.73900000,,,241.10000000,266.77000000,0.00958045,0.09828189,,,,
fpp_new_instances_scaling,,case03,new20x20,new20x20,shortest_path,FPP-Branch-Benders-CVaR-ProjectedPathLLBI-exp-RootCuts,cvar,cvar,0.01,0.9,1.0,20263629,100,1000,0.180000,0.820000,0.000000,0.000000,0.000000,0.134000,0.850000,0.000000,0.000000,0.016000,0.180000,0.820000,0.000000,0.000000,0.000000,1800,1,Optimal,,1,241.10000000,240.87171021,0.00094687,3.08220617,7.050976,229,5724,0.00000000,0.00000000,222.56588416,222.56588416,22256.58841562,1,1,0,1,0,1,0,1,0,0,0,11,,0,0,381,381,98311,0,0,0,0,0,0,601,500,,,126.39000000,135.73900000,,,241.10000000,266.77000000,0.01125210,0.11626115,,,,
fpp_new_instances_scaling,,case03,new20x20,new20x20,shortest_path,FPP-Branch-Benders-CVaR-RootCuts,cvar,cvar,0.01,0.9,1.0,20263629,100,1000,0.180000,0.820000,0.000000,0.000000,0.000000,0.134000,0.850000,0.000000,0.000000,0.016000,0.180000,0.820000,0.000000,0.000000,0.000000,1800,1,Optimal,,1,241.10000000,240.95138462,0.00061641,2.64953486,5.429792,346,5758,,,,0.00000000,0.00000000,0,1,0,0,0,0,0,0,0,0,0,1107,,0,0,0,0,0,0,0,0,0,0,0,601,1281,,,126.39000000,135.73900000,,,241.10000000,266.77000000,0.01096284,0.08763615,,,,
fpp_new_instances_scaling,,case03,new20x20,new20x20,shortest_path,FPP-Branch-Benders-Combinatorial-CVaR,cvar,cvar,0.01,0.9,1.0,20263629,100,1000,0.180000,0.820000,0.000000,0.000000,0.000000,0.134000,0.850000,0.000000,0.000000,0.016000,0.180000,0.820000,0.000000,0.000000,0.000000,1800,1,Optimal,,1,241.10000000,241.10000000,0.00000000,14.56676196,18.463601,79,4706,,,,0.00000000,0.00000000,0,0,0,0,0,0,0,0,1,0,0,143,0,0,0,0,0,0,1741,0,0,0,0,0,601,1842,,,126.39000000,135.73900000,,,241.10000000,266.77000000,0.01331109,0.11893771,,,,
fpp_new_instances_scaling,,case03,new20x20,new20x20,shortest_path,FPP-SAA-CVaR,cvar,cvar,0.01,0.9,1.0,20263629,100,1000,0.180000,0.820000,0.000000,0.000000,0.000000,0.134000,0.850000,0.000000,0.000000,0.016000,0.180000,0.820000,0.000000,0.000000,0.000000,1800,1,Optimal,,1,241.10000000,240.99696997,0.00042733,192.51178430,195.355923,155,0,,,,0.00000000,0.00000000,0,0,0,0,0,0,0,0,0,0,0,0,0,0,0,0,0,0,0,0,0,0,0,0,40501,26715,,,126.39000000,135.73900000,,,241.10000000,266.77000000,0.01502398,0.08936017,,,,
fpp_new_instances_scaling,,case03,new20x20,new20x20,shortest_path,FPP-Branch-Benders-LLBI-RootCuts,expected,expected,0.01,0.9,1.0,20263629,100,1000,0.180000,0.820000,0.000000,0.000000,0.000000,0.134000,0.850000,0.000000,0.000000,0.016000,0.180000,0.820000,0.000000,0.000000,0.000000,1800,1,Optimal,,1,122.02000000,122.02000000,0.00000000,2.00581402,5.139164,154,3451,,,,0.00000000,0.00000000,1,1,0,0,0,0,0,0,0,0,0,626,,100,0,0,0,0,0,0,0,0,0,0,500,805,,,122.02000000,134.34900000,,,272.40000000,288.23000000,0.00691176,0.09283664,,,,
fpp_new_instances_scaling,,case03,new20x20,new20x20,shortest_path,FPP-Branch-Benders-ProjectedCoverageLLBI-exp-RootCuts,expected,expected,0.01,0.9,1.0,20263629,100,1000,0.180000,0.820000,0.000000,0.000000,0.000000,0.134000,0.850000,0.000000,0.000000,0.016000,0.180000,0.820000,0.000000,0.000000,0.000000,1800,1,Optimal,,1,122.02000000,122.02000000,0.00000000,3.54175076,6.673769,86,4268,0.00000000,0.00000000,115.45500000,115.45500000,11545.50000000,1,1,1,0,1,0,0,1,0,0,0,344,,0,504,0,504,115395,0,0,0,0,0,0,500,922,,,122.02000000,134.34900000,,,272.40000000,288.23000000,0.00898781,0.09439436,,,,
fpp_new_instances_scaling,,case03,new20x20,new20x20,shortest_path,FPP-Branch-Benders-ProjectedPathLLBI-exp-RootCuts,expected,expected,0.01,0.9,1.0,20263629,100,1000,0.180000,0.820000,0.000000,0.000000,0.000000,0.134000,0.850000,0.000000,0.000000,0.016000,0.180000,0.820000,0.000000,0.000000,0.000000,1800,1,Optimal,,1,122.02000000,121.99691570,0.00018918,1.80786920,5.786059,28,1840,0.00000000,0.00000000,118.93500000,118.93500000,11893.50000000,1,1,0,1,0,1,0,1,0,0,0,21,,0,0,449,449,105730,0,0,0,0,0,0,500,471,,,122.02000000,134.34900000,,,272.40000000,288.23000000,0.01026851,0.11524274,,,,
fpp_new_instances_scaling,,case03,new20x20,new20x20,shortest_path,FPP-Branch-Benders-RootCuts,expected,expected,0.01,0.9,1.0,20263629,100,1000,0.180000,0.820000,0.000000,0.000000,0.000000,0.134000,0.850000,0.000000,0.000000,0.016000,0.180000,0.820000,0.000000,0.000000,0.000000,1800,1,Optimal,,1,122.02000000,121.92944846,0.00074210,3.06666401,5.824454,208,3347,,,,0.00000000,0.00000000,0,1,0,0,0,0,0,0,0,0,0,1414,,0,0,0,0,0,0,0,0,0,0,0,500,1493,,,122.02000000,134.34900000,,,272.40000000,288.23000000,0.00856217,0.09719944,,,,
fpp_new_instances_scaling,,case03,new20x20,new20x20,shortest_path,FPP-Branch-Benders-Combinatorial,expected,expected,0.01,0.9,1.0,20263629,100,1000,0.180000,0.820000,0.000000,0.000000,0.000000,0.134000,0.850000,0.000000,0.000000,0.016000,0.180000,0.820000,0.000000,0.000000,0.000000,1800,1,Optimal,,1,122.02000000,121.98000000,0.00032782,5.83186079,9.434900,5,2001,,,,0.00000000,0.00000000,0,0,0,0,0,0,0,0,1,0,0,170,0,0,0,0,0,0,1644,0,0,0,0,0,500,1645,,,122.02000000,134.34900000,,,272.40000000,288.23000000,0.01009233,0.10128939,,,,
fpp_new_instances_scaling,,case03,new20x20,new20x20,shortest_path,FPP-SAA,expected,expected,0.01,0.9,1.0,20263629,100,1000,0.180000,0.820000,0.000000,0.000000,0.000000,0.134000,0.850000,0.000000,0.000000,0.016000,0.180000,0.820000,0.000000,0.000000,0.000000,1800,1,Optimal,,1,122.02000000,122.02000000,0.00000000,19.37089578,22.565075,11,0,,,,0.00000000,0.00000000,0,0,0,0,0,0,0,0,0,0,0,0,0,0,0,0,0,0,0,0,0,0,0,0,40400,26615,,,122.02000000,134.34900000,,,272.40000000,288.23000000,0.00899047,0.09497701,,,,
fpp_new_instances_scaling,,case03,new20x20,new20x20,shortest_path,FPP-Branch-Benders-MeanCVaR-LLBI-RootCuts,mean_cvar,mean-cvar,0.01,0.9,0.5,20263629,100,1000,0.180000,0.820000,0.000000,0.000000,0.000000,0.134000,0.850000,0.000000,0.000000,0.016000,0.180000,0.820000,0.000000,0.000000,0.000000,1800,1,Optimal,,1,183.74500000,183.56401507,0.00098498,2.92714262,6.496718,362,9456,,,,0.00000000,0.00000000,1,1,0,0,0,0,0,0,0,0,0,481,,100,0,0,0,0,0,0,0,0,0,0,601,761,,,126.39000000,135.73900000,,,241.10000000,266.77000000,0.00849523,0.10551880,,,,
fpp_new_instances_scaling,,case03,new20x20,new20x20,shortest_path,FPP-Branch-Benders-MeanCVaR-ProjectedCoverageLLBI-exp-RootCuts,mean_cvar,mean-cvar,0.01,0.9,0.5,20263629,100,1000,0.180000,0.820000,0.000000,0.000000,0.000000,0.134000,0.850000,0.000000,0.000000,0.016000,0.180000,0.820000,0.000000,0.000000,0.000000,1800,1,Optimal,,1,183.74500000,183.66608616,0.00042947,4.90858976,8.134505,86,4744,0.00000000,0.00000000,172.29193297,172.29193297,17229.19329737,1,1,1,0,1,0,0,1,0,0,0,256,,0,415,0,415,104503,0,0,0,0,0,0,601,847,,,126.39000000,135.73900000,,,241.10000000,266.77000000,0.01204187,0.08827606,,,,
fpp_new_instances_scaling,,case03,new20x20,new20x20,shortest_path,FPP-Branch-Benders-MeanCVaR-ProjectedPathLLBI-exp-RootCuts,mean_cvar,mean-cvar,0.01,0.9,0.5,20263629,100,1000,0.180000,0.820000,0.000000,0.000000,0.000000,0.134000,0.850000,0.000000,0.000000,0.016000,0.180000,0.820000,0.000000,0.000000,0.000000,1800,1,Optimal,,1,183.74500000,183.74500000,0.00000000,1.79176829,5.529368,60,2897,0.00000000,0.00000000,175.72292898,175.72292898,17572.29289813,1,1,0,1,0,1,0,1,0,0,0,3,,0,0,394,394,95880,0,0,0,0,0,0,601,498,,,126.39000000,135.73900000,,,241.10000000,266.77000000,0.01104794,0.09097992,,,,
fpp_new_instances_scaling,,case03,new20x20,new20x20,shortest_path,FPP-Branch-Benders-MeanCVaR-RootCuts,mean_cvar,mean-cvar,0.01,0.9,0.5,20263629,100,1000,0.180000,0.820000,0.000000,0.000000,0.000000,0.134000,0.850000,0.000000,0.000000,0.016000,0.180000,0.820000,0.000000,0.000000,0.000000,1800,1,Optimal,,1,183.74500000,183.74500000,0.00000000,2.58221491,6.483518,313,7278,,,,0.00000000,0.00000000,0,1,0,0,0,0,0,0,0,0,0,1123,,0,0,0,0,0,0,0,0,0,0,0,601,1297,,,126.39000000,135.73900000,,,241.10000000,266.77000000,0.01432354,0.11291583,,,,
fpp_new_instances_scaling,,case03,new20x20,new20x20,shortest_path,FPP-Branch-Benders-Combinatorial-MeanCVaR,mean_cvar,mean-cvar,0.01,0.9,0.5,20263629,100,1000,0.180000,0.820000,0.000000,0.000000,0.000000,0.134000,0.850000,0.000000,0.000000,0.016000,0.180000,0.820000,0.000000,0.000000,0.000000,1800,1,Optimal,,1,183.74500000,183.74500000,0.00000000,14.10856090,18.123606,29,7532,,,,0.00000000,0.00000000,0,0,0,0,0,0,0,0,1,0,0,172,0,0,0,0,0,0,3537,0,0,0,0,0,601,3638,,,126.39000000,135.73900000,,,241.10000000,266.77000000,0.02027504,0.11826040,,,,
fpp_new_instances_scaling,,case03,new20x20,new20x20,shortest_path,FPP-SAA-MeanCVaR,mean_cvar,mean-cvar,0.01,0.9,0.5,20263629,100,1000,0.180000,0.820000,0.000000,0.000000,0.000000,0.134000,0.850000,0.000000,0.000000,0.016000,0.180000,0.820000,0.000000,0.000000,0.000000,1800,1,Optimal,,1,183.74500000,183.73436788,0.00005786,117.78942898,121.450238,59,0,,,,0.00000000,0.00000000,0,0,0,0,0,0,0,0,0,0,0,0,0,0,0,0,0,0,0,0,0,0,0,0,40501,26715,,,126.39000000,135.73900000,,,241.10000000,266.77000000,0.01146410,0.11492399,,,,
fpp_new_instances_scaling,,case04,new20x20,new20x20,shortest_path,FPP-Branch-Benders-CVaR-LLBI-RootCuts,cvar,cvar,0.01,0.9,1.0,20264629,100,1000,0.150000,0.840000,0.000000,0.000000,0.010000,0.134000,0.850000,0.000000,0.000000,0.016000,0.150000,0.840000,0.000000,0.000000,0.010000,1800,1,Optimal,,1,254.60000000,254.34811258,0.00098935,7.84490132,11.516760,1637,30147,,,,0.00000000,0.00000000,1,1,0,0,0,0,0,0,0,0,0,469,,100,0,0,0,0,0,0,0,0,0,0,601,743,,,146.54000000,141.90800000,,,254.60000000,266.26000000,0.01276526,0.11987793,,,,
fpp_new_instances_scaling,,case04,new20x20,new20x20,shortest_path,FPP-Branch-Benders-CVaR-ProjectedCoverageLLBI-exp-RootCuts,cvar,cvar,0.01,0.9,1.0,20264629,100,1000,0.150000,0.840000,0.000000,0.000000,0.010000,0.134000,0.850000,0.000000,0.000000,0.016000,0.150000,0.840000,0.000000,0.000000,0.010000,1800,1,Optimal,,1,254.60000000,254.60000000,0.00000000,9.07488518,13.517453,1291,25905,0.00000000,0.00000000,217.92472273,217.92472273,21792.47227319,1,1,1,0,1,0,0,1,0,0,0,232,,0,466,0,466,131912,0,0,0,0,0,0,601,864,,,146.54000000,141.90800000,,,254.60000000,266.26000000,0.01385758,0.13221898,,,,
fpp_new_instances_scaling,,case04,new20x20,new20x20,shortest_path,FPP-Branch-Benders-CVaR-ProjectedPathLLBI-exp-RootCuts,cvar,cvar,0.01,0.9,1.0,20264629,100,1000,0.150000,0.840000,0.000000,0.000000,0.010000,0.134000,0.850000,0.000000,0.000000,0.016000,0.150000,0.840000,0.000000,0.000000,0.010000,1800,1,Optimal,,1,254.60000000,254.40979897,0.00074706,6.45352728,10.673632,799,16474,0.00000000,0.00000000,228.37925657,228.37925657,22837.92565691,1,1,0,1,0,1,0,1,0,0,0,114,,0,0,469,469,136033,0,0,0,0,0,0,601,689,,,146.54000000,141.90800000,,,254.60000000,266.26000000,0.01523526,0.12613051,,,,
fpp_new_instances_scaling,,case04,new20x20,new20x20,shortest_path,FPP-Branch-Benders-CVaR-RootCuts,cvar,cvar,0.01,0.9,1.0,20264629,100,1000,0.150000,0.840000,0.000000,0.000000,0.010000,0.134000,0.850000,0.000000,0.000000,0.016000,0.150000,0.840000,0.000000,0.000000,0.010000,1800,1,Optimal,,1,254.60000000,254.34821336,0.00098895,6.19144024,10.654522,1302,23539,,,,0.00000000,0.00000000,0,1,0,0,0,0,0,0,0,0,0,1325,,0,0,0,0,0,0,0,0,0,0,0,601,1500,,,146.54000000,141.90800000,,,254.60000000,266.26000000,0.01329837,0.13070029,,,,
fpp_new_instances_scaling,,case04,new20x20,new20x20,shortest_path,FPP-Branch-Benders-Combinatorial-CVaR,cvar,cvar,0.01,0.9,1.0,20264629,100,1000,0.150000,0.840000,0.000000,0.000000,0.010000,0.134000,0.850000,0.000000,0.000000,0.016000,0.150000,0.840000,0.000000,0.000000,0.010000,1800,1,Optimal,,1,254.60000000,254.60000000,0.00000000,30.94658986,35.044893,137,13747,,,,0.00000000,0.00000000,0,0,0,0,0,0,0,0,1,0,0,187,0,0,0,0,0,0,5068,0,0,0,0,0,601,5169,,,146.54000000,141.90800000,,,254.60000000,266.26000000,0.01283380,0.12063213,,,,
fpp_new_instances_scaling,,case04,new20x20,new20x20,shortest_path,FPP-SAA-CVaR,cvar,cvar,0.01,0.9,1.0,20264629,100,1000,0.150000,0.840000,0.000000,0.000000,0.010000,0.134000,0.850000,0.000000,0.000000,0.016000,0.150000,0.840000,0.000000,0.000000,0.010000,1800,1,Optimal,,1,254.60000000,254.51044750,0.00035174,476.90632287,480.758220,331,0,,,,0.00000000,0.00000000,0,0,0,0,0,0,0,0,0,0,0,0,0,0,0,0,0,0,0,0,0,0,0,0,40501,30378,,,146.54000000,141.90800000,,,254.60000000,266.26000000,0.01646166,0.10750338,,,,
fpp_new_instances_scaling,,case04,new20x20,new20x20,shortest_path,FPP-Branch-Benders-LLBI-RootCuts,expected,expected,0.01,0.9,1.0,20264629,100,1000,0.150000,0.840000,0.000000,0.000000,0.010000,0.134000,0.850000,0.000000,0.000000,0.016000,0.150000,0.840000,0.000000,0.000000,0.010000,1800,1,Optimal,,1,126.80000000,126.80000000,0.00000000,1.86355755,5.379425,45,1546,,,,0.00000000,0.00000000,1,1,0,0,0,0,0,0,0,0,0,528,,100,0,0,0,0,0,0,0,0,0,0,500,706,,,126.80000000,134.12200000,,,282.00000000,286.43000000,0.00998616,0.10390569,,,,
fpp_new_instances_scaling,,case04,new20x20,new20x20,shortest_path,FPP-Branch-Benders-ProjectedCoverageLLBI-exp-RootCuts,expected,expected,0.01,0.9,1.0,20264629,100,1000,0.150000,0.840000,0.000000,0.000000,0.010000,0.134000,0.850000,0.000000,0.000000,0.016000,0.150000,0.840000,0.000000,0.000000,0.010000,1800,1,Optimal,,1,126.80000000,126.72025942,0.00062887,3.20287476,6.404135,0,1026,0.00000000,0.00000000,123.67444444,123.67444444,12367.44444444,1,1,1,0,1,0,0,1,0,0,0,97,,0,573,0,573,141912,0,0,0,0,0,0,500,744,,,126.80000000,134.12200000,,,282.00000000,286.43000000,0.00903644,0.09516963,,,,
fpp_new_instances_scaling,,case04,new20x20,new20x20,shortest_path,FPP-Branch-Benders-ProjectedPathLLBI-exp-RootCuts,expected,expected,0.01,0.9,1.0,20264629,100,1000,0.150000,0.840000,0.000000,0.000000,0.010000,0.134000,0.850000,0.000000,0.000000,0.016000,0.150000,0.840000,0.000000,0.000000,0.010000,1800,1,Optimal,,1,126.80000000,126.80000000,0.00000000,0.80192815,4.074932,0,203,0.00000000,0.00000000,126.80000000,126.80000000,12680.00000000,1,1,0,1,0,1,0,1,0,0,0,0,,0,0,455,455,112288,0,0,0,0,0,0,500,456,,,126.80000000,134.12200000,,,282.00000000,286.43000000,0.01318332,0.09398258,,,,
fpp_new_instances_scaling,,case04,new20x20,new20x20,shortest_path,FPP-Branch-Benders-RootCuts,expected,expected,0.01,0.9,1.0,20264629,100,1000,0.150000,0.840000,0.000000,0.000000,0.010000,0.134000,0.850000,0.000000,0.000000,0.016000,0.150000,0.840000,0.000000,0.000000,0.010000,1800,1,Optimal,,1,126.80000000,126.74767097,0.00041269,2.80404251,6.018317,40,913,,,,0.00000000,0.00000000,0,1,0,0,0,0,0,0,0,0,0,1385,,0,0,0,0,0,0,0,0,0,0,0,500,1463,,,126.80000000,134.12200000,,,282.00000000,286.43000000,0.00870712,0.09713422,,,,
fpp_new_instances_scaling,,case04,new20x20,new20x20,shortest_path,FPP-Branch-Benders-Combinatorial,expected,expected,0.01,0.9,1.0,20264629,100,1000,0.150000,0.840000,0.000000,0.000000,0.010000,0.134000,0.850000,0.000000,0.000000,0.016000,0.150000,0.840000,0.000000,0.000000,0.010000,1800,1,Optimal,,1,126.80000000,126.74149716,0.00046138,5.72884080,9.715789,0,2234,,,,0.00000000,0.00000000,0,0,0,0,0,0,0,0,1,0,0,120,0,0,0,0,0,0,2426,0,0,0,0,0,500,2427,,,126.80000000,134.12200000,,,282.00000000,286.43000000,0.01114024,0.11717843,,,,
fpp_new_instances_scaling,,case04,new20x20,new20x20,shortest_path,FPP-SAA,expected,expected,0.01,0.9,1.0,20264629,100,1000,0.150000,0.840000,0.000000,0.000000,0.010000,0.134000,0.850000,0.000000,0.000000,0.016000,0.150000,0.840000,0.000000,0.000000,0.010000,1800,1,Optimal,,1,126.80000000,126.80000000,0.00000000,14.55156302,17.586713,0,0,,,,0.00000000,0.00000000,0,0,0,0,0,0,0,0,0,0,0,0,0,0,0,0,0,0,0,0,0,0,0,0,40400,30278,,,126.80000000,134.12200000,,,282.00000000,286.43000000,0.00885079,0.07161340,,,,
fpp_new_instances_scaling,,case04,new20x20,new20x20,shortest_path,FPP-Branch-Benders-MeanCVaR-LLBI-RootCuts,mean_cvar,mean-cvar,0.01,0.9,0.5,20264629,100,1000,0.150000,0.840000,0.000000,0.000000,0.010000,0.134000,0.850000,0.000000,0.000000,0.016000,0.150000,0.840000,0.000000,0.000000,0.010000,1800,1,Optimal,,1,199.51500000,199.32797754,0.00093739,10.55983716,14.836956,1428,40427,,,,0.00000000,0.00000000,1,1,0,0,0,0,0,0,0,0,0,1014,,100,0,0,0,0,0,0,0,0,0,0,601,1295,,,133.93000000,136.66100000,,,265.10000000,284.70000000,0.01184582,0.12255496,,,,
fpp_new_instances_scaling,,case04,new20x20,new20x20,shortest_path,FPP-Branch-Benders-MeanCVaR-ProjectedCoverageLLBI-exp-RootCuts,mean_cvar,mean-cvar,0.01,0.9,0.5,20264629,100,1000,0.150000,0.840000,0.000000,0.000000,0.010000,0.134000,0.850000,0.000000,0.000000,0.016000,0.150000,0.840000,0.000000,0.000000,0.010000,1800,1,Optimal,,1,199.51500000,199.33257699,0.00091433,11.18301016,15.318583,1190,38280,0.00000000,0.00000000,177.16232915,177.16232915,17716.23291477,1,1,1,0,1,0,0,1,0,0,0,702,,0,414,0,414,109200,0,0,0,0,0,0,601,1293,,,133.93000000,136.66100000,,,265.10000000,284.70000000,0.01589136,0.11347970,,,,
fpp_new_instances_scaling,,case04,new20x20,new20x20,shortest_path,FPP-Branch-Benders-MeanCVaR-ProjectedPathLLBI-exp-RootCuts,mean_cvar,mean-cvar,0.01,0.9,0.5,20264629,100,1000,0.150000,0.840000,0.000000,0.000000,0.010000,0.134000,0.850000,0.000000,0.000000,0.016000,0.150000,0.840000,0.000000,0.000000,0.010000,1800,1,Optimal,,1,199.51500000,199.31592795,0.00099778,4.04330904,8.255581,468,13697,0.00000000,0.00000000,184.21363446,184.21363446,18421.36344569,1,1,0,1,0,1,0,1,0,0,0,131,,0,0,506,506,133464,0,0,0,0,0,0,601,757,,,133.93000000,136.66100000,,,265.10000000,284.70000000,0.01778685,0.12100087,,,,
fpp_new_instances_scaling,,case04,new20x20,new20x20,shortest_path,FPP-Branch-Benders-MeanCVaR-RootCuts,mean_cvar,mean-cvar,0.01,0.9,0.5,20264629,100,1000,0.150000,0.840000,0.000000,0.000000,0.010000,0.134000,0.850000,0.000000,0.000000,0.016000,0.150000,0.840000,0.000000,0.000000,0.010000,1800,1,Optimal,,1,199.51500000,199.31820412,0.00098637,10.42131523,14.616455,1682,47222,,,,0.00000000,0.00000000,0,1,0,0,0,0,0,0,0,0,0,1922,,0,0,0,0,0,0,0,0,0,0,0,601,2098,,,133.93000000,136.66100000,,,265.10000000,284.70000000,0.01237392,0.12114137,,,,
fpp_new_instances_scaling,,case04,new20x20,new20x20,shortest_path,FPP-Branch-Benders-Combinatorial-MeanCVaR,mean_cvar,mean-cvar,0.01,0.9,0.5,20264629,100,1000,0.150000,0.840000,0.000000,0.000000,0.010000,0.134000,0.850000,0.000000,0.000000,0.016000,0.150000,0.840000,0.000000,0.000000,0.010000,1800,1,Optimal,,1,199.51500000,199.51500000,0.00000000,36.62528440,40.479357,168,23058,,,,0.00000000,0.00000000,0,0,0,0,0,0,0,0,1,0,0,196,0,0,0,0,0,0,7676,0,0,0,0,0,601,7777,,,133.93000000,136.66100000,,,265.10000000,284.70000000,0.01133786,0.11775159,,,,
fpp_new_instances_scaling,,case04,new20x20,new20x20,shortest_path,FPP-SAA-MeanCVaR,mean_cvar,mean-cvar,0.01,0.9,0.5,20264629,100,1000,0.150000,0.840000,0.000000,0.000000,0.010000,0.134000,0.850000,0.000000,0.000000,0.016000,0.150000,0.840000,0.000000,0.000000,0.010000,1800,1,Optimal,,1,199.51500000,199.43938764,0.00037898,205.62734651,209.583592,122,0,,,,0.00000000,0.00000000,0,0,0,0,0,0,0,0,0,0,0,0,0,0,0,0,0,0,0,0,0,0,0,0,40501,30378,,,133.93000000,136.66100000,,,265.10000000,284.70000000,0.01535600,0.11819165,,,,
fpp_new_instances_scaling,,case00,new20x20,new20x20,shortest_path,FPP-Branch-Benders-CVaR-LLBI-RootCuts,cvar,cvar,0.02,0.9,1.0,20260629,100,1000,0.110000,0.870000,0.000000,0.000000,0.020000,0.134000,0.850000,0.000000,0.000000,0.016000,0.110000,0.870000,0.000000,0.000000,0.020000,1800,1,Feasible,,1,181.70000000,175.66681875,0.03320408,1800.31172306,1804.565471,194285,4012424,,,,0.00000000,0.00000000,1,1,0,0,0,0,0,0,0,0,0,5089,,100,0,0,0,0,0,0,0,0,0,0,601,5362,,,97.96000000,105.61100000,,,181.70000000,205.52000000,0.00961166,0.09995207,,,,
fpp_new_instances_scaling,,case00,new20x20,new20x20,shortest_path,FPP-Branch-Benders-CVaR-ProjectedCoverageLLBI-exp-RootCuts,cvar,cvar,0.02,0.9,1.0,20260629,100,1000,0.110000,0.870000,0.000000,0.000000,0.020000,0.134000,0.850000,0.000000,0.000000,0.016000,0.110000,0.870000,0.000000,0.000000,0.020000,1800,1,Optimal,,1,181.70000000,181.51888083,0.00099680,1000.71872231,1004.801592,116128,1991183,0.00000000,0.00000000,153.97902185,153.97902185,15397.90218543,1,1,1,0,1,0,0,1,0,0,0,1565,,0,771,0,771,175334,0,0,0,0,0,0,601,2510,,,97.96000000,105.61100000,,,181.70000000,205.52000000,0.00856100,0.09351593,,,,
fpp_new_instances_scaling,,case00,new20x20,new20x20,shortest_path,FPP-Branch-Benders-CVaR-ProjectedPathLLBI-exp-RootCuts,cvar,cvar,0.02,0.9,1.0,20260629,100,1000,0.110000,0.870000,0.000000,0.000000,0.020000,0.134000,0.850000,0.000000,0.000000,0.016000,0.110000,0.870000,0.000000,0.000000,0.020000,1800,1,Optimal,,1,181.70000000,181.51868386,0.00099789,155.24468452,159.132920,36512,613979,0.00000000,0.00000000,158.24648666,158.24648666,15824.64866641,1,1,0,1,0,1,0,1,0,0,0,280,,0,0,830,830,188894,0,0,0,0,0,0,601,1213,,,97.96000000,105.61100000,,,181.70000000,205.52000000,0.00919842,0.09693795,,,,
fpp_new_instances_scaling,,case00,new20x20,new20x20,shortest_path,FPP-Branch-Benders-CVaR-RootCuts,cvar,cvar,0.02,0.9,1.0,20260629,100,1000,0.110000,0.870000,0.000000,0.000000,0.020000,0.134000,0.850000,0.000000,0.000000,0.016000,0.110000,0.870000,0.000000,0.000000,0.020000,1800,1,Feasible,,1,187.30000000,168.77145985,0.09892440,1800.23277435,1804.297634,126225,2708678,,,,0.00000000,0.00000000,0,1,0,0,0,0,0,0,0,0,0,7814,,0,0,0,0,0,0,0,0,0,0,0,601,7984,,,99.39000000,106.78900000,,,187.30000000,206.58000000,0.00932413,0.09550946,,,,
fpp_new_instances_scaling,,case00,new20x20,new20x20,shortest_path,FPP-Branch-Benders-Combinatorial-CVaR,cvar,cvar,0.02,0.9,1.0,20260629,100,1000,0.110000,0.870000,0.000000,0.000000,0.020000,0.134000,0.850000,0.000000,0.000000,0.016000,0.110000,0.870000,0.000000,0.000000,0.020000,1800,1,Optimal,,1,181.70000000,181.52281997,0.00097512,1210.52436302,1214.236566,1948,197000,,,,0.00000000,0.00000000,0,0,0,0,0,0,0,0,1,0,0,608,0,0,0,0,0,0,31761,0,0,0,0,0,601,31862,,,97.96000000,105.61100000,,,181.70000000,205.52000000,0.01401277,0.08805392,,,,
fpp_new_instances_scaling,,case00,new20x20,new20x20,shortest_path,FPP-SAA-CVaR,cvar,cvar,0.02,0.9,1.0,20260629,100,1000,0.110000,0.870000,0.000000,0.000000,0.020000,0.134000,0.850000,0.000000,0.000000,0.016000,0.110000,0.870000,0.000000,0.000000,0.020000,1800,1,Feasible,,1,181.70000000,176.74526010,0.02726879,1800.01965438,1803.993144,1169,0,,,,0.00000000,0.00000000,0,0,0,0,0,0,0,0,0,0,0,0,0,0,0,0,0,0,0,0,0,0,0,0,40501,26888,,,97.96000000,105.61100000,,,181.70000000,205.52000000,0.00883767,0.09696869,,,,
fpp_new_instances_scaling,,case00,new20x20,new20x20,shortest_path,FPP-Branch-Benders-LLBI-RootCuts,expected,expected,0.02,0.9,1.0,20260629,100,1000,0.110000,0.870000,0.000000,0.000000,0.020000,0.134000,0.850000,0.000000,0.000000,0.016000,0.110000,0.870000,0.000000,0.000000,0.020000,1800,1,Optimal,,1,88.92000000,88.83314585,0.00097677,171.72094122,175.960610,9862,447657,,,,0.00000000,0.00000000,1,1,0,0,0,0,0,0,0,0,0,5798,,100,0,0,0,0,0,0,0,0,0,0,500,5974,,,88.92000000,93.84800000,,,216.30000000,215.31000000,0.00834122,0.08840049,,,,
fpp_new_instances_scaling,,case00,new20x20,new20x20,shortest_path,FPP-Branch-Benders-ProjectedCoverageLLBI-exp-RootCuts,expected,expected,0.02,0.9,1.0,20260629,100,1000,0.110000,0.870000,0.000000,0.000000,0.020000,0.134000,0.850000,0.000000,0.000000,0.016000,0.110000,0.870000,0.000000,0.000000,0.020000,1800,1,Optimal,,1,88.92000000,88.85419106,0.00074009,7.38218739,11.569935,187,10505,0.00000000,0.00000000,84.47066667,84.47066667,8447.06666667,1,1,1,0,1,0,0,1,0,0,0,374,,0,662,0,662,126879,0,0,0,0,0,0,500,1110,,,88.92000000,93.84800000,,,216.30000000,215.31000000,0.00834542,0.08811026,,,,
fpp_new_instances_scaling,,case00,new20x20,new20x20,shortest_path,FPP-Branch-Benders-ProjectedPathLLBI-exp-RootCuts,expected,expected,0.02,0.9,1.0,20260629,100,1000,0.110000,0.870000,0.000000,0.000000,0.020000,0.134000,0.850000,0.000000,0.000000,0.016000,0.110000,0.870000,0.000000,0.000000,0.020000,1800,1,Optimal,,1,88.92000000,88.91267378,0.00008239,3.26213863,7.359276,32,2091,0.00000000,0.00000000,87.64500000,87.64500000,8764.50000000,1,1,0,1,0,1,0,1,0,0,0,146,,0,0,633,633,121347,0,0,0,0,0,0,500,780,,,88.92000000,93.84800000,,,216.30000000,215.31000000,0.01138898,0.08605045,,,,
fpp_new_instances_scaling,,case00,new20x20,new20x20,shortest_path,FPP-Branch-Benders-RootCuts,expected,expected,0.02,0.9,1.0,20260629,100,1000,0.110000,0.870000,0.000000,0.000000,0.020000,0.134000,0.850000,0.000000,0.000000,0.016000,0.110000,0.870000,0.000000,0.000000,0.020000,1800,1,Optimal,,1,88.92000000,88.83111747,0.00099958,87.83517779,91.798450,7449,188280,,,,0.00000000,0.00000000,0,1,0,0,0,0,0,0,0,0,0,6893,,0,0,0,0,0,0,0,0,0,0,0,500,6968,,,88.92000000,93.84800000,,,216.30000000,215.31000000,0.00781480,0.08758706,,,,
fpp_new_instances_scaling,,case00,new20x20,new20x20,shortest_path,FPP-Branch-Benders-Combinatorial,expected,expected,0.02,0.9,1.0,20260629,100,1000,0.110000,0.870000,0.000000,0.000000,0.020000,0.134000,0.850000,0.000000,0.000000,0.016000,0.110000,0.870000,0.000000,0.000000,0.020000,1800,1,Optimal,,1,88.92000000,88.90857490,0.00012849,15.19399434,19.037530,9,9054,,,,0.00000000,0.00000000,0,0,0,0,0,0,0,0,1,0,0,190,0,0,0,0,0,0,7377,0,0,0,0,0,500,7378,,,88.92000000,93.84800000,,,216.30000000,215.31000000,0.00856152,0.08986425,,,,
fpp_new_instances_scaling,,case00,new20x20,new20x20,shortest_path,FPP-SAA,expected,expected,0.02,0.9,1.0,20260629,100,1000,0.110000,0.870000,0.000000,0.000000,0.020000,0.134000,0.850000,0.000000,0.000000,0.016000,0.110000,0.870000,0.000000,0.000000,0.020000,1800,1,Optimal,,1,88.92000000,88.83762673,0.00092638,17.48367310,20.536750,0,0,,,,0.00000000,0.00000000,0,0,0,0,0,0,0,0,0,0,0,0,0,0,0,0,0,0,0,0,0,0,0,0,40400,26788,,,88.92000000,93.84800000,,,216.30000000,215.31000000,0.00604259,0.06618604,,,,
fpp_new_instances_scaling,,case00,new20x20,new20x20,shortest_path,FPP-Branch-Benders-MeanCVaR-LLBI-RootCuts,mean_cvar,mean-cvar,0.02,0.9,0.5,20260629,100,1000,0.110000,0.870000,0.000000,0.000000,0.020000,0.134000,0.850000,0.000000,0.000000,0.016000,0.110000,0.870000,0.000000,0.000000,0.020000,1800,1,Feasible,,1,139.98000000,133.05840557,0.04944702,1800.30991208,1804.296149,80119,2972371,,,,0.00000000,0.00000000,1,1,0,0,0,0,0,0,0,0,0,11027,,100,0,0,0,0,0,0,0,0,0,0,601,11304,,,97.56000000,105.98100000,,,182.40000000,204.20000000,0.01012927,0.09022738,,,,
fpp_new_instances_scaling,,case00,new20x20,new20x20,shortest_path,FPP-Branch-Benders-MeanCVaR-ProjectedCoverageLLBI-exp-RootCuts,mean_cvar,mean-cvar,0.02,0.9,0.5,20260629,100,1000,0.110000,0.870000,0.000000,0.000000,0.020000,0.134000,0.850000,0.000000,0.000000,0.016000,0.110000,0.870000,0.000000,0.000000,0.020000,1800,1,Optimal,,1,139.83000000,139.69104236,0.00099376,617.81672321,621.866558,54483,1557508,0.00000000,0.00000000,122.81827227,122.81827227,12281.82722670,1,1,1,0,1,0,0,1,0,0,0,2747,,0,711,0,711,147390,0,0,0,0,0,0,601,3634,,,97.96000000,105.61100000,,,181.70000000,205.52000000,0.00868001,0.09977807,,,,
fpp_new_instances_scaling,,case00,new20x20,new20x20,shortest_path,FPP-Branch-Benders-MeanCVaR-ProjectedPathLLBI-exp-RootCuts,mean_cvar,mean-cvar,0.02,0.9,0.5,20260629,100,1000,0.110000,0.870000,0.000000,0.000000,0.020000,0.134000,0.850000,0.000000,0.000000,0.016000,0.110000,0.870000,0.000000,0.000000,0.020000,1800,1,Optimal,,1,139.83000000,139.69023871,0.00099951,104.29012233,108.243387,19439,516378,0.00000000,0.00000000,126.36551706,126.36551706,12636.55170565,1,1,0,1,0,1,0,1,0,0,0,810,,0,0,765,765,164839,0,0,0,0,0,0,601,1678,,,97.96000000,105.61100000,,,181.70000000,205.52000000,0.00893423,0.09752037,,,,
fpp_new_instances_scaling,,case00,new20x20,new20x20,shortest_path,FPP-Branch-Benders-MeanCVaR-RootCuts,mean_cvar,mean-cvar,0.02,0.9,0.5,20260629,100,1000,0.110000,0.870000,0.000000,0.000000,0.020000,0.134000,0.850000,0.000000,0.000000,0.016000,0.110000,0.870000,0.000000,0.000000,0.020000,1800,1,Feasible,,1,140.79000000,132.52161059,0.05872853,1800.14325008,1804.179277,74812,3070536,,,,0.00000000,0.00000000,0,1,0,0,0,0,0,0,0,0,0,12355,,0,0,0,0,0,0,0,0,0,0,0,601,12530,,,96.08000000,103.48900000,,,185.50000000,200.24000000,0.01265203,0.09309352,,,,
fpp_new_instances_scaling,,case00,new20x20,new20x20,shortest_path,FPP-Branch-Benders-Combinatorial-MeanCVaR,mean_cvar,mean-cvar,0.02,0.9,0.5,20260629,100,1000,0.110000,0.870000,0.000000,0.000000,0.020000,0.134000,0.850000,0.000000,0.000000,0.016000,0.110000,0.870000,0.000000,0.000000,0.020000,1800,1,Optimal,,1,139.83000000,139.71102225,0.00085087,1509.15733282,1513.228759,869,318890,,,,0.00000000,0.00000000,0,0,0,0,0,0,0,0,1,0,0,512,0,0,0,0,0,0,62002,0,0,0,0,0,601,62103,,,97.96000000,105.61100000,,,181.70000000,205.52000000,0.00930773,0.09567036,,,,
fpp_new_instances_scaling,,case00,new20x20,new20x20,shortest_path,FPP-SAA-MeanCVaR,mean_cvar,mean-cvar,0.02,0.9,0.5,20260629,100,1000,0.110000,0.870000,0.000000,0.000000,0.020000,0.134000,0.850000,0.000000,0.000000,0.016000,0.110000,0.870000,0.000000,0.000000,0.020000,1800,1,Optimal,,1,139.83000000,139.69373748,0.00097449,570.45683067,573.337026,1027,0,,,,0.00000000,0.00000000,0,0,0,0,0,0,0,0,0,0,0,0,0,0,0,0,0,0,0,0,0,0,0,0,40501,26888,,,97.96000000,105.61100000,,,181.70000000,205.52000000,0.00765587,0.07361188,,,,
fpp_new_instances_scaling,,case01,new20x20,new20x20,shortest_path,FPP-Branch-Benders-CVaR-LLBI-RootCuts,cvar,cvar,0.02,0.9,1.0,20261629,100,1000,0.130000,0.860000,0.000000,0.000000,0.010000,0.134000,0.850000,0.000000,0.000000,0.016000,0.130000,0.860000,0.000000,0.000000,0.010000,1800,1,Feasible,,1,178.50000000,177.03173767,0.00822556,1800.29196662,1804.775771,365629,5435860,,,,0.00000000,0.00000000,1,1,0,0,0,0,0,0,0,0,0,3507,,100,0,0,0,0,0,0,0,0,0,0,601,3776,,,98.44000000,105.39500000,,,178.50000000,204.03000000,0.00910569,0.09441505,,,,
fpp_new_instances_scaling,,case01,new20x20,new20x20,shortest_path,FPP-Branch-Benders-CVaR-ProjectedCoverageLLBI-exp-RootCuts,cvar,cvar,0.02,0.9,1.0,20261629,100,1000,0.130000,0.860000,0.000000,0.000000,0.010000,0.134000,0.850000,0.000000,0.000000,0.016000,0.130000,0.860000,0.000000,0.000000,0.010000,1800,1,Optimal,,1,178.50000000,178.32178823,0.00099839,274.20317525,278.269923,50846,931392,0.00000000,0.00000000,149.68067571,149.68067571,14968.06757096,1,1,1,0,1,0,0,1,0,0,0,1045,,0,804,0,804,179947,0,0,0,0,0,0,601,2019,,,98.44000000,105.39500000,,,178.50000000,204.03000000,0.00915616,0.09502476,,,,
fpp_new_instances_scaling,,case01,new20x20,new20x20,shortest_path,FPP-Branch-Benders-CVaR-ProjectedPathLLBI-exp-RootCuts,cvar,cvar,0.02,0.9,1.0,20261629,100,1000,0.130000,0.860000,0.000000,0.000000,0.010000,0.134000,0.850000,0.000000,0.000000,0.016000,0.130000,0.860000,0.000000,0.000000,0.010000,1800,1,Optimal,,1,178.50000000,178.32330456,0.00098989,69.01893694,72.825758,16312,311775,0.00000000,0.00000000,155.78465134,155.78465134,15578.46513440,1,1,0,1,0,1,0,1,0,0,0,222,,0,0,841,841,186343,0,0,0,0,0,0,601,1176,,,98.44000000,105.39500000,,,178.50000000,204.03000000,0.01122433,0.09389710,,,,
fpp_new_instances_scaling,,case01,new20x20,new20x20,shortest_path,FPP-Branch-Benders-CVaR-RootCuts,cvar,cvar,0.02,0.9,1.0,20261629,100,1000,0.130000,0.860000,0.000000,0.000000,0.010000,0.134000,0.850000,0.000000,0.000000,0.016000,0.130000,0.860000,0.000000,0.000000,0.010000,1800,1,Feasible,,1,179.60000000,170.54133107,0.05043802,1800.16831186,1804.675820,236146,4013357,,,,0.00000000,0.00000000,0,1,0,0,0,0,0,0,0,0,0,6237,,0,0,0,0,0,0,0,0,0,0,0,601,6407,,,99.15000000,107.17800000,,,179.60000000,208.04000000,0.00735749,0.10308355,,,,
fpp_new_instances_scaling,,case01,new20x20,new20x20,shortest_path,FPP-Branch-Benders-Combinatorial-CVaR,cvar,cvar,0.02,0.9,1.0,20261629,100,1000,0.130000,0.860000,0.000000,0.000000,0.010000,0.134000,0.850000,0.000000,0.000000,0.016000,0.130000,0.860000,0.000000,0.000000,0.010000,1800,1,Optimal,,1,178.50000000,178.32258744,0.00099391,535.67946574,539.569302,1416,129438,,,,0.00000000,0.00000000,0,0,0,0,0,0,0,0,1,0,0,335,0,0,0,0,0,0,23679,0,0,0,0,0,601,23780,,,98.44000000,105.39500000,,,178.50000000,204.03000000,0.01080971,0.09204830,,,,
fpp_new_instances_scaling,,case01,new20x20,new20x20,shortest_path,FPP-SAA-CVaR,cvar,cvar,0.02,0.9,1.0,20261629,100,1000,0.130000,0.860000,0.000000,0.000000,0.010000,0.134000,0.850000,0.000000,0.000000,0.016000,0.130000,0.860000,0.000000,0.000000,0.010000,1800,1,Optimal,,1,178.50000000,178.33016633,0.00095145,1379.78256109,1383.261800,1641,0,,,,0.00000000,0.00000000,0,0,0,0,0,0,0,0,0,0,0,0,0,0,0,0,0,0,0,0,0,0,0,0,40501,26046,,,98.44000000,105.39500000,,,178.50000000,204.03000000,0.01269550,0.09686204,,,,
fpp_new_instances_scaling,,case01,new20x20,new20x20,shortest_path,FPP-Branch-Benders-LLBI-RootCuts,expected,expected,0.02,0.9,1.0,20261629,100,1000,0.130000,0.860000,0.000000,0.000000,0.010000,0.134000,0.850000,0.000000,0.000000,0.016000,0.130000,0.860000,0.000000,0.000000,0.010000,1800,1,Optimal,,1,86.35000000,86.26423268,0.00099325,53.60228821,57.618112,10073,270829,,,,0.00000000,0.00000000,1,1,0,0,0,0,0,0,0,0,0,3210,,100,0,0,0,0,0,0,0,0,0,0,500,3388,,,86.35000000,93.99200000,,,198.20000000,214.01000000,0.00772525,0.08413281,,,,
fpp_new_instances_scaling,,case01,new20x20,new20x20,shortest_path,FPP-Branch-Benders-ProjectedCoverageLLBI-exp-RootCuts,expected,expected,0.02,0.9,1.0,20261629,100,1000,0.130000,0.860000,0.000000,0.000000,0.010000,0.134000,0.850000,0.000000,0.000000,0.016000,0.130000,0.860000,0.000000,0.000000,0.010000,1800,1,Optimal,,1,86.35000000,86.27134399,0.00091090,5.24507370,9.308959,49,3356,0.00000000,0.00000000,82.95250000,82.95250000,8295.25000000,1,1,1,0,1,0,0,1,0,0,0,145,,0,692,0,692,128055,0,0,0,0,0,0,500,914,,,86.35000000,93.99200000,,,198.20000000,214.01000000,0.00731055,0.08669727,,,,
fpp_new_instances_scaling,,case01,new20x20,new20x20,shortest_path,FPP-Branch-Benders-ProjectedPathLLBI-exp-RootCuts,expected,expected,0.02,0.9,1.0,20261629,100,1000,0.130000,0.860000,0.000000,0.000000,0.010000,0.134000,0.850000,0.000000,0.000000,0.016000,0.130000,0.860000,0.000000,0.000000,0.010000,1800,1,Optimal,,1,86.35000000,86.35000000,0.00000000,2.65856525,6.769069,19,1908,0.00000000,0.00000000,85.65250000,85.65250000,8565.25000000,1,1,0,1,0,1,0,1,0,0,0,34,,0,0,682,682,124387,0,0,0,0,0,0,500,717,,,86.35000000,93.99200000,,,198.20000000,214.01000000,0.01061738,0.08602556,,,,
fpp_new_instances_scaling,,case01,new20x20,new20x20,shortest_path,FPP-Branch-Benders-RootCuts,expected,expected,0.02,0.9,1.0,20261629,100,1000,0.130000,0.860000,0.000000,0.000000,0.010000,0.134000,0.850000,0.000000,0.000000,0.016000,0.130000,0.860000,0.000000,0.000000,0.010000,1800,1,Optimal,,1,86.35000000,86.26426519,0.00099288,29.19531897,33.153495,5854,118292,,,,0.00000000,0.00000000,0,1,0,0,0,0,0,0,0,0,0,4663,,0,0,0,0,0,0,0,0,0,0,0,500,4740,,,86.35000000,93.99200000,,,198.20000000,214.01000000,0.00984921,0.08105590,,,,
fpp_new_instances_scaling,,case01,new20x20,new20x20,shortest_path,FPP-Branch-Benders-Combinatorial,expected,expected,0.02,0.9,1.0,20261629,100,1000,0.130000,0.860000,0.000000,0.000000,0.010000,0.134000,0.850000,0.000000,0.000000,0.016000,0.130000,0.860000,0.000000,0.000000,0.010000,1800,1,Optimal,,1,86.35000000,86.35000000,0.00000000,14.29337153,18.456992,17,9786,,,,0.00000000,0.00000000,0,0,0,0,0,0,0,0,1,0,0,284,0,0,0,0,0,0,8005,0,0,0,0,0,500,8006,,,86.35000000,93.99200000,,,198.20000000,214.01000000,0.00845278,0.08737536,,,,
fpp_new_instances_scaling,,case01,new20x20,new20x20,shortest_path,FPP-SAA,expected,expected,0.02,0.9,1.0,20261629,100,1000,0.130000,0.860000,0.000000,0.000000,0.010000,0.134000,0.850000,0.000000,0.000000,0.016000,0.130000,0.860000,0.000000,0.000000,0.010000,1800,1,Optimal,,1,86.35000000,86.35000000,0.00000000,10.25457459,13.451306,0,0,,,,0.00000000,0.00000000,0,0,0,0,0,0,0,0,0,0,0,0,0,0,0,0,0,0,0,0,0,0,0,0,40400,25946,,,86.35000000,93.99200000,,,198.20000000,214.01000000,0.00660776,0.07576181,,,,
fpp_new_instances_scaling,,case01,new20x20,new20x20,shortest_path,FPP-Branch-Benders-MeanCVaR-LLBI-RootCuts,mean_cvar,mean-cvar,0.02,0.9,0.5,20261629,100,1000,0.130000,0.860000,0.000000,0.000000,0.010000,0.134000,0.850000,0.000000,0.000000,0.016000,0.130000,0.860000,0.000000,0.000000,0.010000,1800,1,Feasible,,1,138.77000000,132.04186484,0.04848408,1800.28862973,1803.781857,97099,3699301,,,,0.00000000,0.00000000,1,1,0,0,0,0,0,0,0,0,0,7585,,100,0,0,0,0,0,0,0,0,0,0,601,7863,,,91.14000000,100.49900000,,,186.40000000,213.29000000,0.00836061,0.08252534,,,,
fpp_new_instances_scaling,,case01,new20x20,new20x20,shortest_path,FPP-Branch-Benders-MeanCVaR-ProjectedCoverageLLBI-exp-RootCuts,mean_cvar,mean-cvar,0.02,0.9,0.5,20261629,100,1000,0.130000,0.860000,0.000000,0.000000,0.010000,0.134000,0.850000,0.000000,0.000000,0.016000,0.130000,0.860000,0.000000,0.000000,0.010000,1800,1,Optimal,,1,136.94000000,136.80707976,0.00097065,106.89467534,110.757247,13397,506624,0.00000000,0.00000000,121.80688647,121.80688647,12180.68864658,1,1,1,0,1,0,0,1,0,0,0,1500,,0,687,0,687,141117,0,0,0,0,0,0,601,2364,,,89.18000000,101.07500000,,,184.70000000,216.96000000,0.00802618,0.09122831,,,,
fpp_new_instances_scaling,,case01,new20x20,new20x20,shortest_path,FPP-Branch-Benders-MeanCVaR-ProjectedPathLLBI-exp-RootCuts,mean_cvar,mean-cvar,0.02,0.9,0.5,20261629,100,1000,0.130000,0.860000,0.000000,0.000000,0.010000,0.134000,0.850000,0.000000,0.000000,0.016000,0.130000,0.860000,0.000000,0.000000,0.010000,1800,1,Optimal,,1,136.94000000,136.80417173,0.00099188,38.36171224,41.924394,5253,174351,0.00000000,0.00000000,125.72246829,125.72246829,12572.24682886,1,1,0,1,0,1,0,1,0,0,0,760,,0,0,668,668,141404,0,0,0,0,0,0,601,1533,,,89.18000000,101.07500000,,,184.70000000,216.96000000,0.00648354,0.08238952,,,,
fpp_new_instances_scaling,,case01,new20x20,new20x20,shortest_path,FPP-Branch-Benders-MeanCVaR-RootCuts,mean_cvar,mean-cvar,0.02,0.9,0.5,20261629,100,1000,0.130000,0.860000,0.000000,0.000000,0.010000,0.134000,0.850000,0.000000,0.000000,0.016000,0.130000,0.860000,0.000000,0.000000,0.010000,1800,1,Feasible,,1,136.94000000,134.43444831,0.01829671,1800.22662181,1804.273234,83457,3282148,,,,0.00000000,0.00000000,0,1,0,0,0,0,0,0,0,0,0,7712,,0,0,0,0,0,0,0,0,0,0,0,601,7888,,,89.18000000,101.07500000,,,184.70000000,216.96000000,0.00920364,0.09128896,,,,
fpp_new_instances_scaling,,case01,new20x20,new20x20,shortest_path,FPP-Branch-Benders-Combinatorial-MeanCVaR,mean_cvar,mean-cvar,0.02,0.9,0.5,20261629,100,1000,0.130000,0.860000,0.000000,0.000000,0.010000,0.134000,0.850000,0.000000,0.000000,0.016000,0.130000,0.860000,0.000000,0.000000,0.010000,1800,1,Optimal,,1,136.94000000,136.84768057,0.00067416,403.90638071,406.933819,562,160431,,,,0.00000000,0.00000000,0,0,0,0,0,0,0,0,1,0,0,395,0,0,0,0,0,0,33680,0,0,0,0,0,601,33781,,,89.18000000,101.07500000,,,184.70000000,216.96000000,0.01004130,0.07002288,,,,
fpp_new_instances_scaling,,case01,new20x20,new20x20,shortest_path,FPP-SAA-MeanCVaR,mean_cvar,mean-cvar,0.02,0.9,0.5,20261629,100,1000,0.130000,0.860000,0.000000,0.000000,0.010000,0.134000,0.850000,0.000000,0.000000,0.016000,0.130000,0.860000,0.000000,0.000000,0.010000,1800,1,Optimal,,1,136.94000000,136.82553712,0.00083586,409.90080324,413.750530,454,0,,,,0.00000000,0.00000000,0,0,0,0,0,0,0,0,0,0,0,0,0,0,0,0,0,0,0,0,0,0,0,0,40501,26046,,,89.18000000,101.07500000,,,184.70000000,216.96000000,0.00850521,0.08667257,,,,
fpp_new_instances_scaling,,case02,new20x20,new20x20,shortest_path,FPP-Branch-Benders-CVaR-LLBI-RootCuts,cvar,cvar,0.02,0.9,1.0,20262629,100,1000,0.110000,0.890000,0.000000,0.000000,0.000000,0.134000,0.850000,0.000000,0.000000,0.016000,0.110000,0.890000,0.000000,0.000000,0.000000,1800,1,Feasible,,1,167.90000000,166.17412991,0.01027915,1800.33086037,1804.754539,495635,6606068,,,,0.00000000,0.00000000,1,1,0,0,0,0,0,0,0,0,0,1967,,100,0,0,0,0,0,0,0,0,0,0,601,2242,,,103.17000000,104.22700000,,,167.90000000,206.47000000,0.00936973,0.09307622,,,,
fpp_new_instances_scaling,,case02,new20x20,new20x20,shortest_path,FPP-Branch-Benders-CVaR-ProjectedCoverageLLBI-exp-RootCuts,cvar,cvar,0.02,0.9,1.0,20262629,100,1000,0.110000,0.890000,0.000000,0.000000,0.000000,0.134000,0.850000,0.000000,0.000000,0.016000,0.110000,0.890000,0.000000,0.000000,0.000000,1800,1,Optimal,,1,167.90000000,167.73224998,0.00099911,101.74825733,105.423889,20879,368947,0.00000000,0.00000000,145.56839090,145.56839090,14556.83908976,1,1,1,0,1,0,0,1,0,0,0,267,,0,830,0,830,191187,0,0,0,0,0,0,601,1253,,,103.17000000,104.22700000,,,167.90000000,206.47000000,0.01209991,0.09136291,,,,
fpp_new_instances_scaling,,case02,new20x20,new20x20,shortest_path,FPP-Branch-Benders-CVaR-ProjectedPathLLBI-exp-RootCuts,cvar,cvar,0.02,0.9,1.0,20262629,100,1000,0.110000,0.890000,0.000000,0.000000,0.000000,0.134000,0.850000,0.000000,0.000000,0.016000,0.110000,0.890000,0.000000,0.000000,0.000000,1800,1,Optimal,,1,167.90000000,167.73331983,0.00099273,42.64389323,46.885002,8600,171137,0.00000000,0.00000000,148.64770488,148.64770488,14864.77048836,1,1,0,1,0,1,0,1,0,0,0,119,,0,0,945,945,221772,0,0,0,0,0,0,601,1174,,,103.17000000,104.22700000,,,167.90000000,206.47000000,0.02459506,0.09695509,,,,
fpp_new_instances_scaling,,case02,new20x20,new20x20,shortest_path,FPP-Branch-Benders-CVaR-RootCuts,cvar,cvar,0.02,0.9,1.0,20262629,100,1000,0.110000,0.890000,0.000000,0.000000,0.000000,0.134000,0.850000,0.000000,0.000000,0.016000,0.110000,0.890000,0.000000,0.000000,0.000000,1800,1,Feasible,,1,168.80000000,162.34510651,0.03823989,1800.21739421,1804.892368,356430,4932941,,,,0.00000000,0.00000000,0,1,0,0,0,0,0,0,0,0,0,4585,,0,0,0,0,0,0,0,0,0,0,0,601,4755,,,103.04000000,104.16500000,,,168.80000000,206.33000000,0.00959219,0.09989007,,,,
fpp_new_instances_scaling,,case02,new20x20,new20x20,shortest_path,FPP-Branch-Benders-Combinatorial-CVaR,cvar,cvar,0.02,0.9,1.0,20262629,100,1000,0.110000,0.890000,0.000000,0.000000,0.000000,0.134000,0.850000,0.000000,0.000000,0.016000,0.110000,0.890000,0.000000,0.000000,0.000000,1800,1,Feasible,,1,184.20000000,148.64818359,0.19300660,1806.44240942,1810.315199,0,4784,,,,0.00000000,0.00000000,0,0,0,0,0,0,0,0,1,0,0,170,0,0,0,0,0,0,245172,0,0,0,0,0,601,245273,,,90.06000000,96.93600000,,,184.20000000,217.66000000,0.01058413,0.08846530,,,,
fpp_new_instances_scaling,,case02,new20x20,new20x20,shortest_path,FPP-SAA-CVaR,cvar,cvar,0.02,0.9,1.0,20262629,100,1000,0.110000,0.890000,0.000000,0.000000,0.000000,0.134000,0.850000,0.000000,0.000000,0.016000,0.110000,0.890000,0.000000,0.000000,0.000000,1800,1,Feasible,,1,173.20000000,158.95744492,0.08223184,1800.01105147,1803.930039,671,0,,,,0.00000000,0.00000000,0,0,0,0,0,0,0,0,0,0,0,0,0,0,0,0,0,0,0,0,0,0,0,0,40501,28937,,,103.29000000,103.26400000,,,173.20000000,205.42000000,0.00966703,0.09206199,,,,
fpp_new_instances_scaling,,case02,new20x20,new20x20,shortest_path,FPP-Branch-Benders-LLBI-RootCuts,expected,expected,0.02,0.9,1.0,20262629,100,1000,0.110000,0.890000,0.000000,0.000000,0.000000,0.134000,0.850000,0.000000,0.000000,0.016000,0.110000,0.890000,0.000000,0.000000,0.000000,1800,1,Optimal,,1,89.89000000,89.80192678,0.00097979,45.25850565,49.493840,6719,209044,,,,0.00000000,0.00000000,1,1,0,0,0,0,0,0,0,0,0,3697,,100,0,0,0,0,0,0,0,0,0,0,500,3877,,,89.89000000,98.58500000,,,195.00000000,222.53000000,0.00982692,0.09057230,,,,
fpp_new_instances_scaling,,case02,new20x20,new20x20,shortest_path,FPP-Branch-Benders-ProjectedCoverageLLBI-exp-RootCuts,expected,expected,0.02,0.9,1.0,20262629,100,1000,0.110000,0.890000,0.000000,0.000000,0.000000,0.134000,0.850000,0.000000,0.000000,0.016000,0.110000,0.890000,0.000000,0.000000,0.000000,1800,1,Optimal,,1,89.89000000,89.80114927,0.00098844,6.72275911,10.866573,40,3866,0.00000000,0.00000000,87.62300000,87.62300000,8762.30000000,1,1,1,0,1,0,0,1,0,0,0,389,,0,735,0,735,139858,0,0,0,0,0,0,500,1200,,,89.89000000,98.58500000,,,195.00000000,222.53000000,0.00811180,0.09784182,,,,
fpp_new_instances_scaling,,case02,new20x20,new20x20,shortest_path,FPP-Branch-Benders-ProjectedPathLLBI-exp-RootCuts,expected,expected,0.02,0.9,1.0,20262629,100,1000,0.110000,0.890000,0.000000,0.000000,0.000000,0.134000,0.850000,0.000000,0.000000,0.016000,0.110000,0.890000,0.000000,0.000000,0.000000,1800,1,Optimal,,1,89.89000000,89.89000000,0.00000000,1.93951020,5.216085,9,1478,0.00000000,0.00000000,89.27000000,89.27000000,8927.00000000,1,1,0,1,0,1,0,1,0,0,0,47,,0,0,608,608,120860,0,0,0,0,0,0,500,656,,,89.89000000,98.58500000,,,195.00000000,222.53000000,0.00653946,0.07028044,,,,
fpp_new_instances_scaling,,case02,new20x20,new20x20,shortest_path,FPP-Branch-Benders-RootCuts,expected,expected,0.02,0.9,1.0,20262629,100,1000,0.110000,0.890000,0.000000,0.000000,0.000000,0.134000,0.850000,0.000000,0.000000,0.016000,0.110000,0.890000,0.000000,0.000000,0.000000,1800,1,Optimal,,1,89.89000000,89.80012640,0.00099982,49.16584182,53.128851,9369,180502,,,,0.00000000,0.00000000,0,1,0,0,0,0,0,0,0,0,0,4511,,0,0,0,0,0,0,0,0,0,0,0,500,4588,,,89.89000000,98.58500000,,,195.00000000,222.53000000,0.00813632,0.09088949,,,,
fpp_new_instances_scaling,,case02,new20x20,new20x20,shortest_path,FPP-Branch-Benders-Combinatorial,expected,expected,0.02,0.9,1.0,20262629,100,1000,0.110000,0.890000,0.000000,0.000000,0.000000,0.134000,0.850000,0.000000,0.000000,0.016000,0.110000,0.890000,0.000000,0.000000,0.000000,1800,1,Optimal,,1,89.89000000,89.89000000,0.00000000,15.94207547,20.273879,5,6933,,,,0.00000000,0.00000000,0,0,0,0,0,0,0,0,1,0,0,251,0,0,0,0,0,0,6618,0,0,0,0,0,500,6619,,,89.89000000,98.58500000,,,195.00000000,222.53000000,0.00874495,0.09477738,,,,
fpp_new_instances_scaling,,case02,new20x20,new20x20,shortest_path,FPP-SAA,expected,expected,0.02,0.9,1.0,20262629,100,1000,0.110000,0.890000,0.000000,0.000000,0.000000,0.134000,0.850000,0.000000,0.000000,0.016000,0.110000,0.890000,0.000000,0.000000,0.000000,1800,1,Optimal,,1,89.89000000,89.86090580,0.00032366,16.22195851,19.452618,0,0,,,,0.00000000,0.00000000,0,0,0,0,0,0,0,0,0,0,0,0,0,0,0,0,0,0,0,0,0,0,0,0,40400,28837,,,89.89000000,98.58500000,,,195.00000000,222.53000000,0.00674929,0.07297965,,,,
fpp_new_instances_scaling,,case02,new20x20,new20x20,shortest_path,FPP-Branch-Benders-MeanCVaR-LLBI-RootCuts,mean_cvar,mean-cvar,0.02,0.9,0.5,20262629,100,1000,0.110000,0.890000,0.000000,0.000000,0.000000,0.134000,0.850000,0.000000,0.000000,0.016000,0.110000,0.890000,0.000000,0.000000,0.000000,1800,1,Optimal,,1,133.73000000,133.59631174,0.00099969,1069.07914711,1073.070660,146628,3934647,,,,0.00000000,0.00000000,1,1,0,0,0,0,0,0,0,0,0,5375,,100,0,0,0,0,0,0,0,0,0,0,601,5655,,,90.76000000,97.04900000,,,176.70000000,213.26000000,0.01254239,0.09034173,,,,
fpp_new_instances_scaling,,case02,new20x20,new20x20,shortest_path,FPP-Branch-Benders-MeanCVaR-ProjectedCoverageLLBI-exp-RootCuts,mean_cvar,mean-cvar,0.02,0.9,0.5,20262629,100,1000,0.110000,0.890000,0.000000,0.000000,0.000000,0.134000,0.850000,0.000000,0.000000,0.016000,0.110000,0.890000,0.000000,0.000000,0.000000,1800,1,Optimal,,1,133.73000000,133.59689072,0.00099536,57.08009234,60.418840,8559,257185,0.00000000,0.00000000,120.84665823,120.84665823,12084.66582322,1,1,1,0,1,0,0,1,0,0,0,1014,,0,757,0,757,159750,0,0,0,0,0,0,601,1951,,,90.76000000,97.04900000,,,176.70000000,213.26000000,0.00700170,0.07108605,,,,
fpp_new_instances_scaling,,case02,new20x20,new20x20,shortest_path,FPP-Branch-Benders-MeanCVaR-ProjectedPathLLBI-exp-RootCuts,mean_cvar,mean-cvar,0.02,0.9,0.5,20262629,100,1000,0.110000,0.890000,0.000000,0.000000,0.000000,0.134000,0.850000,0.000000,0.000000,0.016000,0.110000,0.890000,0.000000,0.000000,0.000000,1800,1,Optimal,,1,133.73000000,133.59969607,0.00097438,12.26650116,16.219968,3083,106451,0.00000000,0.00000000,123.51307228,123.51307228,12351.30722805,1,1,0,1,0,1,0,1,0,0,0,119,,0,0,712,712,151817,0,0,0,0,0,0,601,937,,,90.76000000,97.04900000,,,176.70000000,213.26000000,0.01326097,0.08866426,,,,
fpp_new_instances_scaling,,case02,new20x20,new20x20,shortest_path,FPP-Branch-Benders-MeanCVaR-RootCuts,mean_cvar,mean-cvar,0.02,0.9,0.5,20262629,100,1000,0.110000,0.890000,0.000000,0.000000,0.000000,0.134000,0.850000,0.000000,0.000000,0.016000,0.110000,0.890000,0.000000,0.000000,0.000000,1800,1,Feasible,,1,133.73000000,130.87425688,0.02135454,1800.13768289,1804.303502,175584,4792943,,,,0.00000000,0.00000000,0,1,0,0,0,0,0,0,0,0,0,7911,,0,0,0,0,0,0,0,0,0,0,0,601,8092,,,90.76000000,97.04900000,,,176.70000000,213.26000000,0.00849137,0.08873685,,,,
fpp_new_instances_scaling,,case02,new20x20,new20x20,shortest_path,FPP-Branch-Benders-Combinatorial-MeanCVaR,mean_cvar,mean-cvar,0.02,0.9,0.5,20262629,100,1000,0.110000,0.890000,0.000000,0.000000,0.000000,0.134000,0.850000,0.000000,0.000000,0.016000,0.110000,0.890000,0.000000,0.000000,0.000000,1800,1,Optimal,,1,133.73000000,133.60559922,0.00093024,168.62291067,172.431112,395,93764,,,,0.00000000,0.00000000,0,0,0,0,0,0,0,0,1,0,0,275,0,0,0,0,0,0,24820,0,0,0,0,0,601,24921,,,90.76000000,97.04900000,,,176.70000000,213.26000000,0.00875379,0.08285023,,,,
fpp_new_instances_scaling,,case02,new20x20,new20x20,shortest_path,FPP-SAA-MeanCVaR,mean_cvar,mean-cvar,0.02,0.9,0.5,20262629,100,1000,0.110000,0.890000,0.000000,0.000000,0.000000,0.134000,0.850000,0.000000,0.000000,0.016000,0.110000,0.890000,0.000000,0.000000,0.000000,1800,1,Optimal,,1,133.73000000,133.63985500,0.00067408,376.59033443,380.420631,658,0,,,,0.00000000,0.00000000,0,0,0,0,0,0,0,0,0,0,0,0,0,0,0,0,0,0,0,0,0,0,0,0,40501,28937,,,90.76000000,97.04900000,,,176.70000000,213.26000000,0.00837384,0.09087710,,,,
fpp_new_instances_scaling,,case03,new20x20,new20x20,shortest_path,FPP-Branch-Benders-CVaR-LLBI-RootCuts,cvar,cvar,0.02,0.9,1.0,20263629,100,1000,0.180000,0.820000,0.000000,0.000000,0.000000,0.134000,0.850000,0.000000,0.000000,0.016000,0.180000,0.820000,0.000000,0.000000,0.000000,1800,1,Optimal,,1,169.80000000,169.63080772,0.00099642,727.93626840,731.544136,161855,2562883,,,,0.00000000,0.00000000,1,1,0,0,0,0,0,0,0,0,0,2687,,100,0,0,0,0,0,0,0,0,0,0,601,2958,,,92.61000000,97.90500000,,,169.80000000,197.83000000,0.00836093,0.09026755,,,,
fpp_new_instances_scaling,,case03,new20x20,new20x20,shortest_path,FPP-Branch-Benders-CVaR-ProjectedCoverageLLBI-exp-RootCuts,cvar,cvar,0.02,0.9,1.0,20263629,100,1000,0.180000,0.820000,0.000000,0.000000,0.000000,0.134000,0.850000,0.000000,0.000000,0.016000,0.180000,0.820000,0.000000,0.000000,0.000000,1800,1,Optimal,,1,169.80000000,169.63057397,0.00099780,125.67981726,129.537234,26870,446117,0.00000000,0.00000000,146.38005525,146.38005525,14638.00552529,1,1,1,0,1,0,0,1,0,0,0,531,,0,786,0,786,165057,0,0,0,0,0,0,601,1483,,,92.61000000,97.90500000,,,169.80000000,197.83000000,0.00835670,0.08481109,,,,
fpp_new_instances_scaling,,case03,new20x20,new20x20,shortest_path,FPP-Branch-Benders-CVaR-ProjectedPathLLBI-exp-RootCuts,cvar,cvar,0.02,0.9,1.0,20263629,100,1000,0.180000,0.820000,0.000000,0.000000,0.000000,0.134000,0.850000,0.000000,0.000000,0.016000,0.180000,0.820000,0.000000,0.000000,0.000000,1800,1,Optimal,,1,169.80000000,169.63068671,0.00099713,31.03346971,34.302518,8121,198253,0.00000000,0.00000000,151.74675959,151.74675959,15174.67595863,1,1,0,1,0,1,0,1,0,0,0,154,,0,0,859,859,181002,0,0,0,0,0,0,601,1117,,,92.61000000,97.90500000,,,169.80000000,197.83000000,0.00646202,0.08517599,,,,
fpp_new_instances_scaling,,case03,new20x20,new20x20,shortest_path,FPP-Branch-Benders-CVaR-RootCuts,cvar,cvar,0.02,0.9,1.0,20263629,100,1000,0.180000,0.820000,0.000000,0.000000,0.000000,0.134000,0.850000,0.000000,0.000000,0.016000,0.180000,0.820000,0.000000,0.000000,0.000000,1800,1,Feasible,,1,169.80000000,164.67324503,0.03019290,1800.22514708,1804.325275,192861,3910165,,,,0.00000000,0.00000000,0,1,0,0,0,0,0,0,0,0,0,4166,,0,0,0,0,0,0,0,0,0,0,0,601,4339,,,92.61000000,97.90500000,,,169.80000000,197.83000000,0.00844717,0.09205760,,,,
fpp_new_instances_scaling,,case03,new20x20,new20x20,shortest_path,FPP-Branch-Benders-Combinatorial-CVaR,cvar,cvar,0.02,0.9,1.0,20263629,100,1000,0.180000,0.820000,0.000000,0.000000,0.000000,0.134000,0.850000,0.000000,0.000000,0.016000,0.180000,0.820000,0.000000,0.000000,0.000000,1800,1,Optimal,,1,169.80000000,169.64293336,0.00092501,901.90769559,905.973244,1512,183304,,,,0.00000000,0.00000000,0,0,0,0,0,0,0,0,1,0,0,270,0,0,0,0,0,0,29725,0,0,0,0,0,601,29826,,,92.61000000,97.90500000,,,169.80000000,197.83000000,0.01829757,0.09591722,,,,
fpp_new_instances_scaling,,case03,new20x20,new20x20,shortest_path,FPP-SAA-CVaR,cvar,cvar,0.02,0.9,1.0,20263629,100,1000,0.180000,0.820000,0.000000,0.000000,0.000000,0.134000,0.850000,0.000000,0.000000,0.016000,0.180000,0.820000,0.000000,0.000000,0.000000,1800,1,Optimal,,1,169.80000000,169.70984802,0.00053093,963.92769435,968.059062,753,0,,,,0.00000000,0.00000000,0,0,0,0,0,0,0,0,0,0,0,0,0,0,0,0,0,0,0,0,0,0,0,0,40501,26715,,,92.61000000,97.90500000,,,169.80000000,197.83000000,0.01261250,0.09395007,,,,
fpp_new_instances_scaling,,case03,new20x20,new20x20,shortest_path,FPP-Branch-Benders-LLBI-RootCuts,expected,expected,0.02,0.9,1.0,20263629,100,1000,0.180000,0.820000,0.000000,0.000000,0.000000,0.134000,0.850000,0.000000,0.000000,0.016000,0.180000,0.820000,0.000000,0.000000,0.000000,1800,1,Optimal,,1,81.12000000,81.04636913,0.00090768,19.49172005,23.745653,1912,76587,,,,0.00000000,0.00000000,1,1,0,0,0,0,0,0,0,0,0,1673,,100,0,0,0,0,0,0,0,0,0,0,500,1850,,,81.12000000,91.06100000,,,187.50000000,209.87000000,0.00795755,0.08958210,,,,
fpp_new_instances_scaling,,case03,new20x20,new20x20,shortest_path,FPP-Branch-Benders-ProjectedCoverageLLBI-exp-RootCuts,expected,expected,0.02,0.9,1.0,20263629,100,1000,0.180000,0.820000,0.000000,0.000000,0.000000,0.134000,0.850000,0.000000,0.000000,0.016000,0.180000,0.820000,0.000000,0.000000,0.000000,1800,1,Optimal,,1,81.12000000,81.06914236,0.00062694,5.45477660,9.526141,61,4514,0.00000000,0.00000000,78.36774194,78.36774194,7836.77419355,1,1,1,0,1,0,0,1,0,0,0,306,,0,673,0,673,113584,0,0,0,0,0,0,500,1058,,,81.12000000,91.06100000,,,187.50000000,209.87000000,0.00761032,0.07827173,,,,
fpp_new_instances_scaling,,case03,new20x20,new20x20,shortest_path,FPP-Branch-Benders-ProjectedPathLLBI-exp-RootCuts,expected,expected,0.02,0.9,1.0,20263629,100,1000,0.180000,0.820000,0.000000,0.000000,0.000000,0.134000,0.850000,0.000000,0.000000,0.016000,0.180000,0.820000,0.000000,0.000000,0.000000,1800,1,Optimal,,1,81.12000000,81.12000000,0.00000000,1.08488392,5.182298,0,326,0.00000000,0.00000000,81.12000000,81.12000000,8112.00000000,1,1,0,1,0,1,0,1,0,0,0,0,,0,0,591,591,103982,0,0,0,0,0,0,500,592,,,81.12000000,91.06100000,,,187.50000000,209.87000000,0.00759016,0.09993957,,,,
fpp_new_instances_scaling,,case03,new20x20,new20x20,shortest_path,FPP-Branch-Benders-RootCuts,expected,expected,0.02,0.9,1.0,20263629,100,1000,0.180000,0.820000,0.000000,0.000000,0.000000,0.134000,0.850000,0.000000,0.000000,0.016000,0.180000,0.820000,0.000000,0.000000,0.000000,1800,1,Optimal,,1,81.12000000,81.03958764,0.00099128,16.95842317,20.300599,5135,101585,,,,0.00000000,0.00000000,0,1,0,0,0,0,0,0,0,0,0,3586,,0,0,0,0,0,0,0,0,0,0,0,500,3666,,,81.12000000,91.06100000,,,187.50000000,209.87000000,0.00614328,0.07050890,,,,
fpp_new_instances_scaling,,case03,new20x20,new20x20,shortest_path,FPP-Branch-Benders-Combinatorial,expected,expected,0.02,0.9,1.0,20263629,100,1000,0.180000,0.820000,0.000000,0.000000,0.000000,0.134000,0.850000,0.000000,0.000000,0.016000,0.180000,0.820000,0.000000,0.000000,0.000000,1800,1,Optimal,,1,81.12000000,81.04023041,0.00098335,9.97154870,13.838228,0,6200,,,,0.00000000,0.00000000,0,0,0,0,0,0,0,0,1,0,0,90,0,0,0,0,0,0,5600,0,0,0,0,0,500,5601,,,81.12000000,91.06100000,,,187.50000000,209.87000000,0.00731800,0.08111559,,,,
fpp_new_instances_scaling,,case03,new20x20,new20x20,shortest_path,FPP-SAA,expected,expected,0.02,0.9,1.0,20263629,100,1000,0.180000,0.820000,0.000000,0.000000,0.000000,0.134000,0.850000,0.000000,0.000000,0.016000,0.180000,0.820000,0.000000,0.000000,0.000000,1800,1,Optimal,,1,81.12000000,81.12000000,0.00000000,7.61516326,10.684227,0,0,,,,0.00000000,0.00000000,0,0,0,0,0,0,0,0,0,0,0,0,0,0,0,0,0,0,0,0,0,0,0,0,40400,26615,,,81.12000000,91.06100000,,,187.50000000,209.87000000,0.00531073,0.05119578,,,,
fpp_new_instances_scaling,,case03,new20x20,new20x20,shortest_path,FPP-Branch-Benders-MeanCVaR-LLBI-RootCuts,mean_cvar,mean-cvar,0.02,0.9,0.5,20263629,100,1000,0.180000,0.820000,0.000000,0.000000,0.000000,0.134000,0.850000,0.000000,0.000000,0.016000,0.180000,0.820000,0.000000,0.000000,0.000000,1800,1,Optimal,,1,130.24000000,130.10991293,0.00099883,1335.57893288,1340.052329,121637,3514933,,,,0.00000000,0.00000000,1,1,0,0,0,0,0,0,0,0,0,7469,,100,0,0,0,0,0,0,0,0,0,0,601,7747,,,84.18000000,93.91500000,,,176.30000000,201.08000000,0.00758476,0.08969264,,,,
fpp_new_instances_scaling,,case03,new20x20,new20x20,shortest_path,FPP-Branch-Benders-MeanCVaR-ProjectedCoverageLLBI-exp-RootCuts,mean_cvar,mean-cvar,0.02,0.9,0.5,20263629,100,1000,0.180000,0.820000,0.000000,0.000000,0.000000,0.134000,0.850000,0.000000,0.000000,0.016000,0.180000,0.820000,0.000000,0.000000,0.000000,1800,1,Optimal,,1,130.24000000,130.11021260,0.00099652,100.34414702,104.246690,10602,347583,0.00000000,0.00000000,117.10036558,117.10036558,11710.03655804,1,1,1,0,1,0,0,1,0,0,0,2079,,0,794,0,794,152383,0,0,0,0,0,0,601,3053,,,84.18000000,93.91500000,,,176.30000000,201.08000000,0.00601865,0.08861024,,,,
fpp_new_instances_scaling,,case03,new20x20,new20x20,shortest_path,FPP-Branch-Benders-MeanCVaR-ProjectedPathLLBI-exp-RootCuts,mean_cvar,mean-cvar,0.02,0.9,0.5,20263629,100,1000,0.180000,0.820000,0.000000,0.000000,0.000000,0.134000,0.850000,0.000000,0.000000,0.016000,0.180000,0.820000,0.000000,0.000000,0.000000,1800,1,Optimal,,1,130.24000000,130.11489655,0.00096056,29.42280174,32.716662,4827,191610,0.00000000,0.00000000,120.98122080,120.98122080,12098.12208021,1,1,0,1,0,1,0,1,0,0,0,530,,0,0,747,747,145130,0,0,0,0,0,0,601,1378,,,84.18000000,93.91500000,,,176.30000000,201.08000000,0.01123155,0.06739984,,,,
fpp_new_instances_scaling,,case03,new20x20,new20x20,shortest_path,FPP-Branch-Benders-MeanCVaR-RootCuts,mean_cvar,mean-cvar,0.02,0.9,0.5,20263629,100,1000,0.180000,0.820000,0.000000,0.000000,0.000000,0.134000,0.850000,0.000000,0.000000,0.016000,0.180000,0.820000,0.000000,0.000000,0.000000,1800,1,Feasible,,1,130.24000000,129.62360360,0.00473277,1800.19977997,1804.324180,158380,4866690,,,,0.00000000,0.00000000,0,1,0,0,0,0,0,0,0,0,0,9508,,0,0,0,0,0,0,0,0,0,0,0,601,9686,,,84.18000000,93.91500000,,,176.30000000,201.08000000,0.00734410,0.10037244,,,,
fpp_new_instances_scaling,,case03,new20x20,new20x20,shortest_path,FPP-Branch-Benders-Combinatorial-MeanCVaR,mean_cvar,mean-cvar,0.02,0.9,0.5,20263629,100,1000,0.180000,0.820000,0.000000,0.000000,0.000000,0.134000,0.850000,0.000000,0.000000,0.016000,0.180000,0.820000,0.000000,0.000000,0.000000,1800,1,Optimal,,1,130.24000000,130.13769992,0.00078547,175.67062043,179.136952,344,107875,,,,0.00000000,0.00000000,0,0,0,0,0,0,0,0,1,0,0,343,0,0,0,0,0,0,25265,0,0,0,0,0,601,25366,,,84.18000000,93.91500000,,,176.30000000,201.08000000,0.00796440,0.08433640,,,,
fpp_new_instances_scaling,,case03,new20x20,new20x20,shortest_path,FPP-SAA-MeanCVaR,mean_cvar,mean-cvar,0.02,0.9,0.5,20263629,100,1000,0.180000,0.820000,0.000000,0.000000,0.000000,0.134000,0.850000,0.000000,0.000000,0.016000,0.180000,0.820000,0.000000,0.000000,0.000000,1800,1,Optimal,,1,130.24000000,130.13221033,0.00082762,243.02773100,246.932439,310,0,,,,0.00000000,0.00000000,0,0,0,0,0,0,0,0,0,0,0,0,0,0,0,0,0,0,0,0,0,0,0,0,40501,26715,,,84.18000000,93.91500000,,,176.30000000,201.08000000,0.00798487,0.08874848,,,,
fpp_new_instances_scaling,,case04,new20x20,new20x20,shortest_path,FPP-Branch-Benders-CVaR-LLBI-RootCuts,cvar,cvar,0.02,0.9,1.0,20264629,100,1000,0.150000,0.840000,0.000000,0.000000,0.010000,0.134000,0.850000,0.000000,0.000000,0.016000,0.150000,0.840000,0.000000,0.000000,0.010000,1800,1,Feasible,,1,184.10000000,164.35442940,0.10725459,1800.31496137,1804.614733,147571,2607036,,,,0.00000000,0.00000000,1,1,0,0,0,0,0,0,0,0,0,5706,,100,0,0,0,0,0,0,0,0,0,0,601,5980,,,100.82000000,104.42400000,,,184.10000000,217.95000000,0.00930524,0.09505458,,,,
fpp_new_instances_scaling,,case04,new20x20,new20x20,shortest_path,FPP-Branch-Benders-CVaR-ProjectedCoverageLLBI-exp-RootCuts,cvar,cvar,0.02,0.9,1.0,20264629,100,1000,0.150000,0.840000,0.000000,0.000000,0.010000,0.134000,0.850000,0.000000,0.000000,0.016000,0.150000,0.840000,0.000000,0.000000,0.010000,1800,1,Feasible,,1,182.40000000,172.28201840,0.05547139,1804.00927605,1807.940322,186537,3555022,0.00000000,0.00000000,145.76214394,145.76214394,14576.21439421,1,1,1,0,1,0,0,1,0,0,0,2135,,0,792,0,792,182928,0,0,0,0,0,0,601,3099,,,107.84000000,109.60500000,,,182.40000000,227.81000000,0.01007503,0.10622380,,,,
fpp_new_instances_scaling,,case04,new20x20,new20x20,shortest_path,FPP-Branch-Benders-CVaR-ProjectedPathLLBI-exp-RootCuts,cvar,cvar,0.02,0.9,1.0,20264629,100,1000,0.150000,0.840000,0.000000,0.000000,0.010000,0.134000,0.850000,0.000000,0.000000,0.016000,0.150000,0.840000,0.000000,0.000000,0.010000,1800,1,Feasible,,1,181.80000000,177.91869702,0.02134930,1801.48384784,1805.776193,255054,4334677,0.00000000,0.00000000,149.41433150,149.41433150,14941.43315018,1,1,0,1,0,1,0,1,0,0,0,1075,,0,0,901,901,205053,0,0,0,0,0,0,601,2078,,,109.33000000,105.84900000,,,181.80000000,206.17000000,0.01375515,0.09363374,,,,
fpp_new_instances_scaling,,case04,new20x20,new20x20,shortest_path,FPP-Branch-Benders-CVaR-RootCuts,cvar,cvar,0.02,0.9,1.0,20264629,100,1000,0.150000,0.840000,0.000000,0.000000,0.010000,0.134000,0.850000,0.000000,0.000000,0.016000,0.150000,0.840000,0.000000,0.000000,0.010000,1800,1,Feasible,,1,186.40000000,162.17298107,0.12997328,1800.22505643,1804.532202,84129,1539256,,,,0.00000000,0.00000000,0,1,0,0,0,0,0,0,0,0,0,5609,,0,0,0,0,0,0,0,0,0,0,0,601,5783,,,100.46000000,96.64400000,,,186.40000000,194.98000000,0.00955112,0.08959756,,,,
fpp_new_instances_scaling,,case04,new20x20,new20x20,shortest_path,FPP-Branch-Benders-Combinatorial-CVaR,cvar,cvar,0.02,0.9,1.0,20264629,100,1000,0.150000,0.840000,0.000000,0.000000,0.010000,0.134000,0.850000,0.000000,0.000000,0.016000,0.150000,0.840000,0.000000,0.000000,0.010000,1800,1,Feasible,,1,182.40000000,167.12429824,0.08374836,1806.47923368,1810.619729,1423,270224,,,,0.00000000,0.00000000,0,0,0,0,0,0,0,0,1,0,0,318,0,0,0,0,0,0,59059,0,0,0,0,0,601,59160,,,107.84000000,109.60500000,,,182.40000000,227.81000000,0.01046729,0.10280488,,,,
fpp_new_instances_scaling,,case04,new20x20,new20x20,shortest_path,FPP-SAA-CVaR,cvar,cvar,0.02,0.9,1.0,20264629,100,1000,0.150000,0.840000,0.000000,0.000000,0.010000,0.134000,0.850000,0.000000,0.000000,0.016000,0.150000,0.840000,0.000000,0.000000,0.010000,1800,1,Feasible,,1,183.90000000,161.65572777,0.12095852,1800.03568853,1804.180160,442,0,,,,0.00000000,0.00000000,0,0,0,0,0,0,0,0,0,0,0,0,0,0,0,0,0,0,0,0,0,0,0,0,40501,30378,,,100.23000000,98.60200000,,,183.90000000,199.04000000,0.01364474,0.09099583,,,,
fpp_new_instances_scaling,,case04,new20x20,new20x20,shortest_path,FPP-Branch-Benders-LLBI-RootCuts,expected,expected,0.02,0.9,1.0,20264629,100,1000,0.150000,0.840000,0.000000,0.000000,0.010000,0.134000,0.850000,0.000000,0.000000,0.016000,0.150000,0.840000,0.000000,0.000000,0.010000,1800,1,Optimal,,1,90.41000000,90.32065176,0.00098826,191.18686043,195.328335,10520,397979,,,,0.00000000,0.00000000,1,1,0,0,0,0,0,0,0,0,0,5764,,100,0,0,0,0,0,0,0,0,0,0,500,5944,,,90.41000000,97.27400000,,,206.50000000,220.71000000,0.01182726,0.08304978,,,,
fpp_new_instances_scaling,,case04,new20x20,new20x20,shortest_path,FPP-Branch-Benders-ProjectedCoverageLLBI-exp-RootCuts,expected,expected,0.02,0.9,1.0,20264629,100,1000,0.150000,0.840000,0.000000,0.000000,0.010000,0.134000,0.850000,0.000000,0.000000,0.016000,0.150000,0.840000,0.000000,0.000000,0.010000,1800,1,Optimal,,1,90.41000000,90.32022379,0.00099299,10.34784822,14.402796,685,32528,0.00000000,0.00000000,84.89651515,84.89651515,8489.65151515,1,1,1,0,1,0,0,1,0,0,0,618,,0,721,0,721,135031,0,0,0,0,0,0,500,1416,,,90.41000000,97.27400000,,,206.50000000,220.71000000,0.00864394,0.08949949,,,,
fpp_new_instances_scaling,,case04,new20x20,new20x20,shortest_path,FPP-Branch-Benders-ProjectedPathLLBI-exp-RootCuts,expected,expected,0.02,0.9,1.0,20264629,100,1000,0.150000,0.840000,0.000000,0.000000,0.010000,0.134000,0.850000,0.000000,0.000000,0.016000,0.150000,0.840000,0.000000,0.000000,0.010000,1800,1,Optimal,,1,90.41000000,90.33096376,0.00087420,2.67666365,6.821064,21,1911,0.00000000,0.00000000,88.82000000,88.82000000,8882.00000000,1,1,0,1,0,1,0,1,0,0,0,122,,0,0,766,766,146052,0,0,0,0,0,0,500,889,,,90.41000000,97.27400000,,,206.50000000,220.71000000,0.00828181,0.08832902,,,,
fpp_new_instances_scaling,,case04,new20x20,new20x20,shortest_path,FPP-Branch-Benders-RootCuts,expected,expected,0.02,0.9,1.0,20264629,100,1000,0.150000,0.840000,0.000000,0.000000,0.010000,0.134000,0.850000,0.000000,0.000000,0.016000,0.150000,0.840000,0.000000,0.000000,0.010000,1800,1,Optimal,,1,90.41000000,90.31959579,0.00099994,135.88018530,139.776873,12716,330711,,,,0.00000000,0.00000000,0,1,0,0,0,0,0,0,0,0,0,7110,,0,0,0,0,0,0,0,0,0,0,0,500,7190,,,90.41000000,97.27400000,,,206.50000000,220.71000000,0.00829134,0.08602146,,,,
fpp_new_instances_scaling,,case04,new20x20,new20x20,shortest_path,FPP-Branch-Benders-Combinatorial,expected,expected,0.02,0.9,1.0,20264629,100,1000,0.150000,0.840000,0.000000,0.000000,0.010000,0.134000,0.850000,0.000000,0.000000,0.016000,0.150000,0.840000,0.000000,0.000000,0.010000,1800,1,Optimal,,1,90.41000000,90.41000000,0.00000000,21.15766502,25.134578,27,14898,,,,0.00000000,0.00000000,0,0,0,0,0,0,0,0,1,0,0,190,0,0,0,0,0,0,11076,0,0,0,0,0,500,11077,,,90.41000000,97.27400000,,,206.50000000,220.71000000,0.00862904,0.08892054,,,,
fpp_new_instances_scaling,,case04,new20x20,new20x20,shortest_path,FPP-SAA,expected,expected,0.02,0.9,1.0,20264629,100,1000,0.150000,0.840000,0.000000,0.000000,0.010000,0.134000,0.850000,0.000000,0.000000,0.016000,0.150000,0.840000,0.000000,0.000000,0.010000,1800,1,Optimal,,1,90.41000000,90.32741935,0.00091340,16.31527691,18.520565,0,0,,,,0.00000000,0.00000000,0,0,0,0,0,0,0,0,0,0,0,0,0,0,0,0,0,0,0,0,0,0,0,0,40400,30278,,,90.41000000,97.27400000,,,206.50000000,220.71000000,0.00482370,0.04687721,,,,
fpp_new_instances_scaling,,case04,new20x20,new20x20,shortest_path,FPP-Branch-Benders-MeanCVaR-LLBI-RootCuts,mean_cvar,mean-cvar,0.02,0.9,0.5,20264629,100,1000,0.150000,0.840000,0.000000,0.000000,0.010000,0.134000,0.850000,0.000000,0.000000,0.016000,0.150000,0.840000,0.000000,0.000000,0.010000,1800,1,Feasible,,1,142.37500000,130.21032733,0.08544107,1800.31840323,1804.384671,55470,2767935,,,,0.00000000,0.00000000,1,1,0,0,0,0,0,0,0,0,0,15134,,100,0,0,0,0,0,0,0,0,0,0,601,15412,,,96.95000000,98.13500000,,,187.80000000,210.05000000,0.00878817,0.08494211,,,,
fpp_new_instances_scaling,,case04,new20x20,new20x20,shortest_path,FPP-Branch-Benders-MeanCVaR-ProjectedCoverageLLBI-exp-RootCuts,mean_cvar,mean-cvar,0.02,0.9,0.5,20264629,100,1000,0.150000,0.840000,0.000000,0.000000,0.010000,0.134000,0.850000,0.000000,0.000000,0.016000,0.150000,0.840000,0.000000,0.000000,0.010000,1800,1,Feasible,,1,141.36000000,140.71316590,0.00457579,1804.17344768,1807.304986,125343,4438644,0.00000000,0.00000000,121.50638410,121.50638410,12150.63841028,1,1,1,0,1,0,0,1,0,0,0,9149,,0,830,0,830,170176,0,0,0,0,0,0,601,10159,,,97.42000000,101.69400000,,,185.30000000,218.02000000,0.00662583,0.07495388,,,,
fpp_new_instances_scaling,,case04,new20x20,new20x20,shortest_path,FPP-Branch-Benders-MeanCVaR-ProjectedPathLLBI-exp-RootCuts,mean_cvar,mean-cvar,0.02,0.9,0.5,20264629,100,1000,0.150000,0.840000,0.000000,0.000000,0.010000,0.134000,0.850000,0.000000,0.000000,0.016000,0.150000,0.840000,0.000000,0.000000,0.010000,1800,1,Optimal,,1,141.36000000,141.21895060,0.00099780,683.71002567,686.473742,75623,2306478,0.00000000,0.00000000,124.66463815,124.66463815,12466.46381502,1,1,0,1,0,1,0,1,0,0,0,2187,,0,0,791,791,170072,0,0,0,0,0,0,601,3101,,,97.42000000,101.69400000,,,185.30000000,218.02000000,0.00647948,0.06616438,,,,
fpp_new_instances_scaling,,case04,new20x20,new20x20,shortest_path,FPP-Branch-Benders-MeanCVaR-RootCuts,mean_cvar,mean-cvar,0.02,0.9,0.5,20264629,100,1000,0.150000,0.840000,0.000000,0.000000,0.010000,0.134000,0.850000,0.000000,0.000000,0.016000,0.150000,0.840000,0.000000,0.000000,0.010000,1800,1,Feasible,,1,141.78500000,128.23766335,0.09554845,1800.25037159,1804.302782,44827,2062710,,,,0.00000000,0.00000000,0,1,0,0,0,0,0,0,0,0,0,15861,,0,0,0,0,0,0,0,0,0,0,0,601,16041,,,99.57000000,98.32200000,,,184.00000000,193.01000000,0.00871503,0.08661415,,,,
fpp_new_instances_scaling,,case04,new20x20,new20x20,shortest_path,FPP-Branch-Benders-Combinatorial-MeanCVaR,mean_cvar,mean-cvar,0.02,0.9,0.5,20264629,100,1000,0.150000,0.840000,0.000000,0.000000,0.010000,0.134000,0.850000,0.000000,0.000000,0.016000,0.150000,0.840000,0.000000,0.000000,0.010000,1800,1,Feasible,,1,141.65000000,137.08784259,0.03220725,1804.20358767,1806.706429,1496,500613,,,,0.00000000,0.00000000,0,0,0,0,0,0,0,0,1,0,0,417,0,0,0,0,0,0,73795,0,0,0,0,0,601,73896,,,94.80000000,96.31900000,,,188.50000000,206.25000000,0.00601442,0.05450932,,,,
fpp_new_instances_scaling,,case04,new20x20,new20x20,shortest_path,FPP-SAA-MeanCVaR,mean_cvar,mean-cvar,0.02,0.9,0.5,20264629,100,1000,0.150000,0.840000,0.000000,0.000000,0.010000,0.134000,0.850000,0.000000,0.000000,0.016000,0.150000,0.840000,0.000000,0.000000,0.010000,1800,1,Feasible,,1,141.36000000,139.39197735,0.01392206,1800.01253799,1804.064590,1910,0,,,,0.00000000,0.00000000,0,0,0,0,0,0,0,0,0,0,0,0,0,0,0,0,0,0,0,0,0,0,0,0,40501,30378,,,97.42000000,101.69400000,,,185.30000000,218.02000000,0.00921863,0.09382226,,,,
fpp_new_instances_scaling,,case00,new20x20,new20x20,shortest_path,FPP-Branch-Benders-CVaR-LLBI-RootCuts,cvar,cvar,0.03,0.9,1.0,20260629,100,1000,0.110000,0.870000,0.000000,0.000000,0.020000,0.134000,0.850000,0.000000,0.000000,0.016000,0.110000,0.870000,0.000000,0.000000,0.020000,1800,1,Feasible,,1,142.70000000,111.41232041,0.21925494,1800.34157046,1804.452930,70941,1598288,,,,0.00000000,0.00000000,1,1,0,0,0,0,0,0,0,0,0,8593,,100,0,0,0,0,0,0,0,0,0,0,601,8862,,,78.17000000,86.72100000,,,142.70000000,169.90000000,0.00711592,0.08067130,,,,
fpp_new_instances_scaling,,case00,new20x20,new20x20,shortest_path,FPP-Branch-Benders-CVaR-ProjectedCoverageLLBI-exp-RootCuts,cvar,cvar,0.03,0.9,1.0,20260629,100,1000,0.110000,0.870000,0.000000,0.000000,0.020000,0.134000,0.850000,0.000000,0.000000,0.016000,0.110000,0.870000,0.000000,0.000000,0.020000,1800,1,Feasible,,1,136.70000000,127.61382505,0.06646800,1806.07189522,1810.290993,215517,4664168,0.00000000,0.00000000,113.29787147,113.29787147,11329.78714701,1,1,1,0,1,0,0,1,0,0,0,2028,,0,1076,0,1076,198672,0,0,0,0,0,0,601,3275,,,74.02000000,82.38200000,,,136.70000000,163.67000000,0.00686434,0.07387653,,,,
fpp_new_instances_scaling,,case00,new20x20,new20x20,shortest_path,FPP-Branch-Benders-CVaR-ProjectedPathLLBI-exp-RootCuts,cvar,cvar,0.03,0.9,1.0,20260629,100,1000,0.110000,0.870000,0.000000,0.000000,0.020000,0.134000,0.850000,0.000000,0.000000,0.016000,0.110000,0.870000,0.000000,0.000000,0.020000,1800,1,Feasible,,1,136.70000000,132.31152309,0.03210298,1801.47287002,1805.660070,200604,4063995,0.00000000,0.00000000,116.95602434,116.95602434,11695.60243394,1,1,0,1,0,1,0,1,0,0,0,218,,0,0,999,999,187546,0,0,0,0,0,0,601,1329,,,74.02000000,82.38200000,,,136.70000000,163.67000000,0.00752248,0.07482233,,,,
fpp_new_instances_scaling,,case00,new20x20,new20x20,shortest_path,FPP-Branch-Benders-CVaR-RootCuts,cvar,cvar,0.03,0.9,1.0,20260629,100,1000,0.110000,0.870000,0.000000,0.000000,0.020000,0.134000,0.850000,0.000000,0.000000,0.016000,0.110000,0.870000,0.000000,0.000000,0.020000,1800,1,Feasible,,1,148.20000000,112.79320661,0.23891224,1800.22709505,1804.383939,44004,1066983,,,,0.00000000,0.00000000,0,1,0,0,0,0,0,0,0,0,0,8336,,0,0,0,0,0,0,0,0,0,0,0,601,8503,,,77.78000000,81.94300000,,,148.20000000,160.10000000,0.00584729,0.08037459,,,,
fpp_new_instances_scaling,,case00,new20x20,new20x20,shortest_path,FPP-Branch-Benders-Combinatorial-CVaR,cvar,cvar,0.03,0.9,1.0,20260629,100,1000,0.110000,0.870000,0.000000,0.000000,0.020000,0.134000,0.850000,0.000000,0.000000,0.016000,0.110000,0.870000,0.000000,0.000000,0.020000,1800,1,Feasible,,1,138.60000000,127.01162570,0.08361020,1807.77338112,1811.524606,936,260257,,,,0.00000000,0.00000000,0,0,0,0,0,0,0,0,1,0,0,298,0,0,0,0,0,0,51803,0,0,0,0,0,601,51904,,,74.77000000,82.39000000,,,138.60000000,165.50000000,0.00656077,0.07307899,,,,
fpp_new_instances_scaling,,case00,new20x20,new20x20,shortest_path,FPP-SAA-CVaR,cvar,cvar,0.03,0.9,1.0,20260629,100,1000,0.110000,0.870000,0.000000,0.000000,0.020000,0.134000,0.850000,0.000000,0.000000,0.016000,0.110000,0.870000,0.000000,0.000000,0.020000,1800,1,Feasible,,1,138.40000000,126.83766045,0.08354292,1800.01245994,1803.867561,649,0,,,,0.00000000,0.00000000,0,0,0,0,0,0,0,0,0,0,0,0,0,0,0,0,0,0,0,0,0,0,0,0,40501,26888,,,74.04000000,80.94000000,,,138.40000000,152.93000000,0.01005287,0.07780374,,,,
fpp_new_instances_scaling,,case00,new20x20,new20x20,shortest_path,FPP-Branch-Benders-LLBI-RootCuts,expected,expected,0.03,0.9,1.0,20260629,100,1000,0.110000,0.870000,0.000000,0.000000,0.020000,0.134000,0.850000,0.000000,0.000000,0.016000,0.110000,0.870000,0.000000,0.000000,0.020000,1800,1,Feasible,,1,71.51000000,64.13082198,0.10319085,1800.31092393,1804.409177,15277,1160650,,,,0.00000000,0.00000000,1,1,0,0,0,0,0,0,0,0,0,12828,,100,0,0,0,0,0,0,0,0,0,0,500,13008,,,71.51000000,78.56900000,,,167.60000000,172.12000000,0.00621122,0.08074473,,,,
fpp_new_instances_scaling,,case00,new20x20,new20x20,shortest_path,FPP-Branch-Benders-ProjectedCoverageLLBI-exp-RootCuts,expected,expected,0.03,0.9,1.0,20260629,100,1000,0.110000,0.870000,0.000000,0.000000,0.020000,0.134000,0.850000,0.000000,0.000000,0.016000,0.110000,0.870000,0.000000,0.000000,0.020000,1800,1,Optimal,,1,69.90000000,69.83076213,0.00099053,64.76864606,68.107963,5258,278448,0.00000000,0.00000000,64.95000000,64.95000000,6495.00000000,1,1,1,0,1,0,0,1,0,0,0,1858,,0,785,0,785,119823,0,0,0,0,0,0,500,2716,,,69.90000000,75.87300000,,,150.70000000,157.93000000,0.00676823,0.05701799,,,,
fpp_new_instances_scaling,,case00,new20x20,new20x20,shortest_path,FPP-Branch-Benders-ProjectedPathLLBI-exp-RootCuts,expected,expected,0.03,0.9,1.0,20260629,100,1000,0.110000,0.870000,0.000000,0.000000,0.020000,0.134000,0.850000,0.000000,0.000000,0.016000,0.110000,0.870000,0.000000,0.000000,0.020000,1800,1,Optimal,,1,69.90000000,69.84041800,0.00085239,6.62522072,9.808578,371,24977,0.00000000,0.00000000,67.75500000,67.75500000,6775.50000000,1,1,0,1,0,1,0,1,0,0,0,198,,0,0,800,800,125896,0,0,0,0,0,0,500,999,,,69.90000000,75.87300000,,,150.70000000,157.93000000,0.00532680,0.07082998,,,,
fpp_new_instances_scaling,,case00,new20x20,new20x20,shortest_path,FPP-Branch-Benders-RootCuts,expected,expected,0.03,0.9,1.0,20260629,100,1000,0.110000,0.870000,0.000000,0.000000,0.020000,0.134000,0.850000,0.000000,0.000000,0.016000,0.110000,0.870000,0.000000,0.000000,0.020000,1800,1,Feasible,,1,71.50000000,64.39845478,0.09932231,1800.19620345,1804.165330,28701,1158649,,,,0.00000000,0.00000000,0,1,0,0,0,0,0,0,0,0,0,22438,,0,0,0,0,0,0,0,0,0,0,0,500,22518,,,71.50000000,76.64700000,,,160.90000000,163.94000000,0.01035858,0.06969566,,,,
fpp_new_instances_scaling,,case00,new20x20,new20x20,shortest_path,FPP-Branch-Benders-Combinatorial,expected,expected,0.03,0.9,1.0,20260629,100,1000,0.110000,0.870000,0.000000,0.000000,0.020000,0.134000,0.850000,0.000000,0.000000,0.016000,0.110000,0.870000,0.000000,0.000000,0.020000,1800,1,Feasible,,1,69.90000000,67.74706314,0.03080024,1807.45822302,1811.245006,0,23196,,,,0.00000000,0.00000000,0,0,0,0,0,0,0,0,1,0,0,170,0,0,0,0,0,0,3036925,0,0,0,0,0,500,3036926,,,69.90000000,75.87300000,,,150.70000000,157.93000000,0.00654173,0.07102053,,,,
fpp_new_instances_scaling,,case00,new20x20,new20x20,shortest_path,FPP-SAA,expected,expected,0.03,0.9,1.0,20260629,100,1000,0.110000,0.870000,0.000000,0.000000,0.020000,0.134000,0.850000,0.000000,0.000000,0.016000,0.110000,0.870000,0.000000,0.000000,0.020000,1800,1,Optimal,,1,69.90000000,69.90000000,0.00000000,16.75885003,19.757010,11,0,,,,0.00000000,0.00000000,0,0,0,0,0,0,0,0,0,0,0,0,0,0,0,0,0,0,0,0,0,0,0,0,40400,26788,,,69.90000000,75.87300000,,,150.70000000,157.93000000,0.00476934,0.05189771,,,,
fpp_new_instances_scaling,,case00,new20x20,new20x20,shortest_path,FPP-Branch-Benders-MeanCVaR-LLBI-RootCuts,mean_cvar,mean-cvar,0.03,0.9,0.5,20260629,100,1000,0.110000,0.870000,0.000000,0.000000,0.020000,0.134000,0.850000,0.000000,0.000000,0.016000,0.110000,0.870000,0.000000,0.000000,0.020000,1800,1,Feasible,,1,109.45000000,91.21652486,0.16659182,1800.19196739,1802.835974,57881,2556198,,,,0.00000000,0.00000000,1,1,0,0,0,0,0,0,0,0,0,15386,,100,0,0,0,0,0,0,0,0,0,0,601,15661,,,73.10000000,81.01400000,,,145.80000000,165.80000000,0.00440077,0.04989375,,,,
fpp_new_instances_scaling,,case00,new20x20,new20x20,shortest_path,FPP-Branch-Benders-MeanCVaR-ProjectedCoverageLLBI-exp-RootCuts,mean_cvar,mean-cvar,0.03,0.9,0.5,20260629,100,1000,0.110000,0.870000,0.000000,0.000000,0.020000,0.134000,0.850000,0.000000,0.000000,0.016000,0.110000,0.870000,0.000000,0.000000,0.020000,1800,1,Feasible,,1,105.36000000,104.27634882,0.01028522,1804.72502262,1807.363510,368057,11267910,0.00000000,0.00000000,92.37582552,92.37582552,9237.58255191,1,1,1,0,1,0,0,1,0,0,0,3870,,0,973,0,973,169319,0,0,0,0,0,0,601,5017,,,74.02000000,82.38200000,,,136.70000000,163.67000000,0.00454990,0.04740466,,,,
fpp_new_instances_scaling,,case00,new20x20,new20x20,shortest_path,FPP-Branch-Benders-MeanCVaR-ProjectedPathLLBI-exp-RootCuts,mean_cvar,mean-cvar,0.03,0.9,0.5,20260629,100,1000,0.110000,0.870000,0.000000,0.000000,0.020000,0.134000,0.850000,0.000000,0.000000,0.016000,0.110000,0.870000,0.000000,0.000000,0.020000,1800,1,Optimal,,1,105.36000000,105.25470935,0.00099934,140.75269831,143.198928,52579,1456888,0.00000000,0.00000000,95.57237565,95.57237565,9557.23756485,1,1,0,1,0,1,0,1,0,0,0,307,,0,0,948,948,169637,0,0,0,0,0,0,601,1367,,,73.52000000,82.50600000,,,137.20000000,164.81000000,0.00457324,0.04958001,,,,
fpp_new_instances_scaling,,case00,new20x20,new20x20,shortest_path,FPP-Branch-Benders-MeanCVaR-RootCuts,mean_cvar,mean-cvar,0.03,0.9,0.5,20260629,100,1000,0.110000,0.870000,0.000000,0.000000,0.020000,0.134000,0.850000,0.000000,0.000000,0.016000,0.110000,0.870000,0.000000,0.000000,0.020000,1800,1,Feasible,,1,108.05000000,90.89018365,0.15881366,1800.21793216,1803.088542,25429,1324005,,,,0.00000000,0.00000000,0,1,0,0,0,0,0,0,0,0,0,13956,,0,0,0,0,0,0,0,0,0,0,0,601,14135,,,74.20000000,80.44300000,,,141.90000000,156.02000000,0.00648151,0.05722623,,,,
fpp_new_instances_scaling,,case00,new20x20,new20x20,shortest_path,FPP-Branch-Benders-Combinatorial-MeanCVaR,mean_cvar,mean-cvar,0.03,0.9,0.5,20260629,100,1000,0.110000,0.870000,0.000000,0.000000,0.020000,0.134000,0.850000,0.000000,0.000000,0.016000,0.110000,0.870000,0.000000,0.000000,0.020000,1800,1,Optimal,,1,105.36000000,105.27378899,0.00081825,1382.85719298,1384.996494,1079,571529,,,,0.00000000,0.00000000,0,0,0,0,0,0,0,0,1,0,0,594,0,0,0,0,0,0,86397,0,0,0,0,0,601,86498,,,73.52000000,82.50600000,,,137.20000000,164.81000000,0.00393252,0.04237110,,,,
fpp_new_instances_scaling,,case00,new20x20,new20x20,shortest_path,FPP-SAA-MeanCVaR,mean_cvar,mean-cvar,0.03,0.9,0.5,20260629,100,1000,0.110000,0.870000,0.000000,0.000000,0.020000,0.134000,0.850000,0.000000,0.000000,0.016000,0.110000,0.870000,0.000000,0.000000,0.020000,1800,1,Optimal,,1,105.36000000,105.26092740,0.00094032,457.57584739,461.335477,825,0,,,,0.00000000,0.00000000,0,0,0,0,0,0,0,0,0,0,0,0,0,0,0,0,0,0,0,0,0,0,0,0,40501,26888,,,74.02000000,82.38200000,,,136.70000000,163.67000000,0.00675889,0.07766410,,,,
fpp_new_instances_scaling,,case01,new20x20,new20x20,shortest_path,FPP-Branch-Benders-CVaR-LLBI-RootCuts,cvar,cvar,0.03,0.9,1.0,20261629,100,1000,0.130000,0.860000,0.000000,0.000000,0.010000,0.134000,0.850000,0.000000,0.000000,0.016000,0.130000,0.860000,0.000000,0.000000,0.010000,1800,1,Feasible,,1,142.00000000,110.80535198,0.21968062,1800.29797069,1804.330788,93554,2262056,,,,0.00000000,0.00000000,1,1,0,0,0,0,0,0,0,0,0,5550,,100,0,0,0,0,0,0,0,0,0,0,601,5827,,,81.98000000,85.89700000,,,142.00000000,161.57000000,0.00810031,0.08598782,,,,
fpp_new_instances_scaling,,case01,new20x20,new20x20,shortest_path,FPP-Branch-Benders-CVaR-ProjectedCoverageLLBI-exp-RootCuts,cvar,cvar,0.03,0.9,1.0,20261629,100,1000,0.130000,0.860000,0.000000,0.000000,0.010000,0.134000,0.850000,0.000000,0.000000,0.016000,0.130000,0.860000,0.000000,0.000000,0.010000,1800,1,Feasible,,1,135.50000000,123.82987913,0.08612635,1804.86408546,1809.118714,140668,3469276,0.00000000,0.00000000,110.12124993,110.12124993,11012.12499283,1,1,1,0,1,0,0,1,0,0,0,2000,,0,1033,0,1033,184762,0,0,0,0,0,0,601,3200,,,75.73000000,78.13800000,,,135.50000000,157.32000000,0.00769046,0.07675343,,,,
fpp_new_instances_scaling,,case01,new20x20,new20x20,shortest_path,FPP-Branch-Benders-CVaR-ProjectedPathLLBI-exp-RootCuts,cvar,cvar,0.03,0.9,1.0,20261629,100,1000,0.130000,0.860000,0.000000,0.000000,0.010000,0.134000,0.850000,0.000000,0.000000,0.016000,0.130000,0.860000,0.000000,0.000000,0.010000,1800,1,Feasible,,1,134.00000000,129.11213937,0.03647657,1801.78368223,1806.015316,190580,4115158,0.00000000,0.00000000,115.84287711,115.84287711,11584.28771094,1,1,0,1,0,1,0,1,0,0,0,452,,0,0,1215,1215,218239,0,0,0,0,0,0,601,1769,,,75.86000000,79.49500000,,,134.00000000,157.40000000,0.00718212,0.07554560,,,,
fpp_new_instances_scaling,,case01,new20x20,new20x20,shortest_path,FPP-Branch-Benders-CVaR-RootCuts,cvar,cvar,0.03,0.9,1.0,20261629,100,1000,0.130000,0.860000,0.000000,0.000000,0.010000,0.134000,0.850000,0.000000,0.000000,0.016000,0.130000,0.860000,0.000000,0.000000,0.010000,1800,1,Feasible,,1,141.50000000,110.90164390,0.21624280,1800.22274073,1804.180052,68005,1875059,,,,0.00000000,0.00000000,0,1,0,0,0,0,0,0,0,0,0,9044,,0,0,0,0,0,0,0,0,0,0,0,601,9216,,,80.63000000,84.85200000,,,141.50000000,178.62000000,0.00813973,0.07792366,,,,
fpp_new_instances_scaling,,case01,new20x20,new20x20,shortest_path,FPP-Branch-Benders-Combinatorial-CVaR,cvar,cvar,0.03,0.9,1.0,20261629,100,1000,0.130000,0.860000,0.000000,0.000000,0.010000,0.134000,0.850000,0.000000,0.000000,0.016000,0.130000,0.860000,0.000000,0.000000,0.010000,1800,1,Feasible,,1,137.00000000,123.57846454,0.09796741,1807.06200033,1811.097201,829,307064,,,,0.00000000,0.00000000,0,0,0,0,0,0,0,0,1,0,0,946,0,0,0,0,0,0,65967,0,0,0,0,0,601,66068,,,76.19000000,77.00100000,,,137.00000000,148.52000000,0.00753400,0.07556643,,,,
fpp_new_instances_scaling,,case01,new20x20,new20x20,shortest_path,FPP-SAA-CVaR,cvar,cvar,0.03,0.9,1.0,20261629,100,1000,0.130000,0.860000,0.000000,0.000000,0.010000,0.134000,0.850000,0.000000,0.000000,0.016000,0.130000,0.860000,0.000000,0.000000,0.010000,1800,1,Feasible,,1,136.70000000,124.42674245,0.08978243,1800.02166057,1803.821443,838,0,,,,0.00000000,0.00000000,0,0,0,0,0,0,0,0,0,0,0,0,0,0,0,0,0,0,0,0,0,0,0,0,40501,26046,,,80.19000000,83.69700000,,,136.70000000,168.97000000,0.00823906,0.08647075,,,,
fpp_new_instances_scaling,,case01,new20x20,new20x20,shortest_path,FPP-Branch-Benders-LLBI-RootCuts,expected,expected,0.03,0.9,1.0,20261629,100,1000,0.130000,0.860000,0.000000,0.000000,0.010000,0.134000,0.850000,0.000000,0.000000,0.016000,0.130000,0.860000,0.000000,0.000000,0.010000,1800,1,Feasible,,1,70.30000000,64.35839755,0.08451782,1800.30712678,1804.483137,20053,968130,,,,0.00000000,0.00000000,1,1,0,0,0,0,0,0,0,0,0,14537,,100,0,0,0,0,0,0,0,0,0,0,500,14719,,,70.30000000,75.32600000,,,144.20000000,155.55000000,0.00658669,0.07072873,,,,
fpp_new_instances_scaling,,case01,new20x20,new20x20,shortest_path,FPP-Branch-Benders-ProjectedCoverageLLBI-exp-RootCuts,expected,expected,0.03,0.9,1.0,20261629,100,1000,0.130000,0.860000,0.000000,0.000000,0.010000,0.134000,0.850000,0.000000,0.000000,0.016000,0.130000,0.860000,0.000000,0.000000,0.010000,1800,1,Optimal,,1,69.07000000,69.00096119,0.00099955,65.68233510,69.647182,4912,209663,0.00000000,0.00000000,65.65500000,65.65500000,6565.50000000,1,1,1,0,1,0,0,1,0,0,0,2146,,0,923,0,923,133811,0,0,0,0,0,0,500,3148,,,69.07000000,76.20500000,,,146.90000000,167.55000000,0.01055907,0.07349895,,,,
fpp_new_instances_scaling,,case01,new20x20,new20x20,shortest_path,FPP-Branch-Benders-ProjectedPathLLBI-exp-RootCuts,expected,expected,0.03,0.9,1.0,20261629,100,1000,0.130000,0.860000,0.000000,0.000000,0.010000,0.134000,0.850000,0.000000,0.000000,0.016000,0.130000,0.860000,0.000000,0.000000,0.010000,1800,1,Optimal,,1,69.07000000,69.02770395,0.00061237,6.32067102,10.356619,338,24139,0.00000000,0.00000000,67.63855556,67.63855556,6763.85555556,1,1,0,1,0,1,0,1,0,0,0,80,,0,0,943,943,137547,0,0,0,0,0,0,500,1024,,,69.07000000,76.20500000,,,146.90000000,167.55000000,0.00662308,0.07323354,,,,
fpp_new_instances_scaling,,case01,new20x20,new20x20,shortest_path,FPP-Branch-Benders-RootCuts,expected,expected,0.03,0.9,1.0,20261629,100,1000,0.130000,0.860000,0.000000,0.000000,0.010000,0.134000,0.850000,0.000000,0.000000,0.016000,0.130000,0.860000,0.000000,0.000000,0.010000,1800,1,Feasible,,1,70.27000000,64.19577281,0.08644126,1800.18900943,1804.263543,31949,1324267,,,,0.00000000,0.00000000,0,1,0,0,0,0,0,0,0,0,0,19531,,0,0,0,0,0,0,0,0,0,0,0,500,19611,,,70.27000000,74.62100000,,,150.40000000,159.99000000,0.00663840,0.06995461,,,,
fpp_new_instances_scaling,,case01,new20x20,new20x20,shortest_path,FPP-Branch-Benders-Combinatorial,expected,expected,0.03,0.9,1.0,20261629,100,1000,0.130000,0.860000,0.000000,0.000000,0.010000,0.134000,0.850000,0.000000,0.000000,0.016000,0.130000,0.860000,0.000000,0.000000,0.010000,1800,1,Optimal,,1,69.07000000,69.02664137,0.00062775,53.26486468,57.223009,120,71542,,,,0.00000000,0.00000000,0,0,0,0,0,0,0,0,1,0,0,454,0,0,0,0,0,0,26095,0,0,0,0,0,500,26096,,,69.07000000,76.20500000,,,146.90000000,167.55000000,0.00713417,0.07522284,,,,
fpp_new_instances_scaling,,case01,new20x20,new20x20,shortest_path,FPP-SAA,expected,expected,0.03,0.9,1.0,20261629,100,1000,0.130000,0.860000,0.000000,0.000000,0.010000,0.134000,0.850000,0.000000,0.000000,0.016000,0.130000,0.860000,0.000000,0.000000,0.010000,1800,1,Optimal,,1,69.07000000,69.01090909,0.00085552,22.30508839,25.325840,16,0,,,,0.00000000,0.00000000,0,0,0,0,0,0,0,0,0,0,0,0,0,0,0,0,0,0,0,0,0,0,0,0,40400,25946,,,69.07000000,76.20500000,,,146.90000000,167.55000000,0.00564754,0.05836032,,,,
fpp_new_instances_scaling,,case01,new20x20,new20x20,shortest_path,FPP-Branch-Benders-MeanCVaR-LLBI-RootCuts,mean_cvar,mean-cvar,0.03,0.9,0.5,20261629,100,1000,0.130000,0.860000,0.000000,0.000000,0.010000,0.134000,0.850000,0.000000,0.000000,0.016000,0.130000,0.860000,0.000000,0.000000,0.010000,1800,1,Feasible,,1,106.45000000,91.36882267,0.14167381,1800.32215458,1804.778280,27414,1331349,,,,0.00000000,0.00000000,1,1,0,0,0,0,0,0,0,0,0,13504,,100,0,0,0,0,0,0,0,0,0,0,601,13788,,,71.70000000,79.35000000,,,141.20000000,164.91000000,0.00696111,0.08094877,,,,
fpp_new_instances_scaling,,case01,new20x20,new20x20,shortest_path,FPP-Branch-Benders-MeanCVaR-ProjectedCoverageLLBI-exp-RootCuts,mean_cvar,mean-cvar,0.03,0.9,0.5,20261629,100,1000,0.130000,0.860000,0.000000,0.000000,0.010000,0.134000,0.850000,0.000000,0.000000,0.016000,0.130000,0.860000,0.000000,0.000000,0.010000,1800,1,Feasible,,1,104.68500000,101.74831339,0.02805260,1802.73828470,1805.498072,193381,6656381,0.00000000,0.00000000,91.23837262,91.23837262,9123.83726186,1,1,1,0,1,0,0,1,0,0,0,2514,,0,913,0,913,145335,0,0,0,0,0,0,601,3604,,,70.17000000,74.62100000,,,139.20000000,152.80000000,0.00488344,0.04898641,,,,
fpp_new_instances_scaling,,case01,new20x20,new20x20,shortest_path,FPP-Branch-Benders-MeanCVaR-ProjectedPathLLBI-exp-RootCuts,mean_cvar,mean-cvar,0.03,0.9,0.5,20261629,100,1000,0.130000,0.860000,0.000000,0.000000,0.010000,0.134000,0.850000,0.000000,0.000000,0.016000,0.130000,0.860000,0.000000,0.000000,0.010000,1800,1,Optimal,,1,104.68500000,104.58040649,0.00099913,237.84339629,240.352232,68699,2139055,0.00000000,0.00000000,94.72072852,94.72072852,9472.07285247,1,1,0,1,0,1,0,1,0,0,0,665,,0,0,980,980,161672,0,0,0,0,0,0,601,1775,,,70.27000000,74.52900000,,,139.10000000,152.36000000,0.00489198,0.04928254,,,,
fpp_new_instances_scaling,,case01,new20x20,new20x20,shortest_path,FPP-Branch-Benders-MeanCVaR-RootCuts,mean_cvar,mean-cvar,0.03,0.9,0.5,20261629,100,1000,0.130000,0.860000,0.000000,0.000000,0.010000,0.134000,0.850000,0.000000,0.000000,0.016000,0.130000,0.860000,0.000000,0.000000,0.010000,1800,1,Feasible,,1,105.23000000,90.12285796,0.14356307,1800.21764068,1803.825838,51744,2319848,,,,0.00000000,0.00000000,0,1,0,0,0,0,0,0,0,0,0,13935,,0,0,0,0,0,0,0,0,0,0,0,601,14119,,,71.06000000,75.94900000,,,139.40000000,153.89000000,0.00649987,0.06435859,,,,
fpp_new_instances_scaling,,case01,new20x20,new20x20,shortest_path,FPP-Branch-Benders-Combinatorial-MeanCVaR,mean_cvar,mean-cvar,0.03,0.9,0.5,20261629,100,1000,0.130000,0.860000,0.000000,0.000000,0.010000,0.134000,0.850000,0.000000,0.000000,0.016000,0.130000,0.860000,0.000000,0.000000,0.010000,1800,1,Feasible,,1,108.66000000,93.40176314,0.14042184,1803.99235217,1806.485398,0,35164,,,,0.00000000,0.00000000,0,0,0,0,0,0,0,0,1,0,0,270,0,0,0,0,0,0,5335040,0,0,0,0,0,601,5335141,,,70.22000000,75.87000000,,,147.10000000,158.51000000,0.00426073,0.04664656,,,,
fpp_new_instances_scaling,,case01,new20x20,new20x20,shortest_path,FPP-SAA-MeanCVaR,mean_cvar,mean-cvar,0.03,0.9,0.5,20261629,100,1000,0.130000,0.860000,0.000000,0.000000,0.010000,0.134000,0.850000,0.000000,0.000000,0.016000,0.130000,0.860000,0.000000,0.000000,0.010000,1800,1,Optimal,,1,104.68500000,104.58267500,0.00097746,567.57147532,571.293704,1536,0,,,,0.00000000,0.00000000,0,0,0,0,0,0,0,0,0,0,0,0,0,0,0,0,0,0,0,0,0,0,0,0,40501,26046,,,70.27000000,74.52900000,,,139.10000000,152.36000000,0.00626267,0.06615377,,,,
fpp_new_instances_scaling,,case02,new20x20,new20x20,shortest_path,FPP-Branch-Benders-CVaR-LLBI-RootCuts,cvar,cvar,0.03,0.9,1.0,20262629,100,1000,0.110000,0.890000,0.000000,0.000000,0.000000,0.134000,0.850000,0.000000,0.000000,0.016000,0.110000,0.890000,0.000000,0.000000,0.000000,1800,1,Feasible,,1,129.40000000,106.56384031,0.17647728,1800.30309715,1804.344959,139094,3193737,,,,0.00000000,0.00000000,1,1,0,0,0,0,0,0,0,0,0,4178,,100,0,0,0,0,0,0,0,0,0,0,601,4456,,,79.39000000,82.45200000,,,129.40000000,167.55000000,0.00902242,0.07791605,,,,
fpp_new_instances_scaling,,case02,new20x20,new20x20,shortest_path,FPP-Branch-Benders-CVaR-ProjectedCoverageLLBI-exp-RootCuts,cvar,cvar,0.03,0.9,1.0,20262629,100,1000,0.110000,0.890000,0.000000,0.000000,0.000000,0.134000,0.850000,0.000000,0.000000,0.016000,0.110000,0.890000,0.000000,0.000000,0.000000,1800,1,Feasible,,1,126.10000000,118.85738990,0.05743545,1805.37799799,1809.430418,159819,3540590,0.00000000,0.00000000,105.31279369,105.31279369,10531.27936872,1,1,1,0,1,0,0,1,0,0,0,568,,0,1069,0,1069,194702,0,0,0,0,0,0,601,1797,,,78.97000000,82.39900000,,,126.10000000,162.91000000,0.00780219,0.07849565,,,,
fpp_new_instances_scaling,,case02,new20x20,new20x20,shortest_path,FPP-Branch-Benders-CVaR-ProjectedPathLLBI-exp-RootCuts,cvar,cvar,0.03,0.9,1.0,20262629,100,1000,0.110000,0.890000,0.000000,0.000000,0.000000,0.134000,0.850000,0.000000,0.000000,0.016000,0.110000,0.890000,0.000000,0.000000,0.000000,1800,1,Feasible,,1,126.10000000,123.26606814,0.02247369,1801.22695834,1805.938842,326862,5946491,0.00000000,0.00000000,108.06941510,108.06941510,10806.94150965,1,1,0,1,0,1,0,1,0,0,0,375,,0,0,860,860,158198,0,0,0,0,0,0,601,1349,,,78.97000000,82.39900000,,,126.10000000,162.91000000,0.00793944,0.08283238,,,,
fpp_new_instances_scaling,,case02,new20x20,new20x20,shortest_path,FPP-Branch-Benders-CVaR-RootCuts,cvar,cvar,0.03,0.9,1.0,20262629,100,1000,0.110000,0.890000,0.000000,0.000000,0.000000,0.134000,0.850000,0.000000,0.000000,0.016000,0.110000,0.890000,0.000000,0.000000,0.000000,1800,1,Feasible,,1,130.80000000,105.43970219,0.19388607,1800.23020370,1804.364203,79197,1666143,,,,0.00000000,0.00000000,0,1,0,0,0,0,0,0,0,0,0,4694,,0,0,0,0,0,0,0,0,0,0,0,601,4868,,,83.29000000,84.85100000,,,130.80000000,167.43000000,0.00761314,0.07907159,,,,
fpp_new_instances_scaling,,case02,new20x20,new20x20,shortest_path,FPP-Branch-Benders-Combinatorial-CVaR,cvar,cvar,0.03,0.9,1.0,20262629,100,1000,0.110000,0.890000,0.000000,0.000000,0.000000,0.134000,0.850000,0.000000,0.000000,0.016000,0.110000,0.890000,0.000000,0.000000,0.000000,1800,1,Feasible,,1,126.10000000,117.99109133,0.06430538,1806.01813758,1809.802375,966,288330,,,,0.00000000,0.00000000,0,0,0,0,0,0,0,0,1,0,0,113,0,0,0,0,0,0,44730,0,0,0,0,0,601,44831,,,78.97000000,82.39900000,,,126.10000000,162.91000000,0.00720941,0.07687515,,,,
fpp_new_instances_scaling,,case02,new20x20,new20x20,shortest_path,FPP-SAA-CVaR,cvar,cvar,0.03,0.9,1.0,20262629,100,1000,0.110000,0.890000,0.000000,0.000000,0.000000,0.134000,0.850000,0.000000,0.000000,0.016000,0.110000,0.890000,0.000000,0.000000,0.000000,1800,1,Feasible,,1,127.90000000,117.04863590,0.08484257,1800.03456188,1804.231285,628,0,,,,0.00000000,0.00000000,0,0,0,0,0,0,0,0,0,0,0,0,0,0,0,0,0,0,0,0,0,0,0,0,40501,28937,,,80.47000000,80.36800000,,,127.90000000,146.22000000,0.00803950,0.08126979,,,,
fpp_new_instances_scaling,,case02,new20x20,new20x20,shortest_path,FPP-Branch-Benders-LLBI-RootCuts,expected,expected,0.03,0.9,1.0,20262629,100,1000,0.110000,0.890000,0.000000,0.000000,0.000000,0.134000,0.850000,0.000000,0.000000,0.016000,0.110000,0.890000,0.000000,0.000000,0.000000,1800,1,Feasible,,1,72.27000000,66.63340240,0.07799360,1800.31373472,1804.378136,23899,1200482,,,,0.00000000,0.00000000,1,1,0,0,0,0,0,0,0,0,0,14108,,100,0,0,0,0,0,0,0,0,0,0,500,14292,,,72.27000000,75.33700000,,,138.80000000,160.88000000,0.00697246,0.07227673,,,,
fpp_new_instances_scaling,,case02,new20x20,new20x20,shortest_path,FPP-Branch-Benders-ProjectedCoverageLLBI-exp-RootCuts,expected,expected,0.03,0.9,1.0,20262629,100,1000,0.110000,0.890000,0.000000,0.000000,0.000000,0.134000,0.850000,0.000000,0.000000,0.016000,0.110000,0.890000,0.000000,0.000000,0.000000,1800,1,Optimal,,1,71.28000000,71.20887460,0.00099783,39.30972534,43.108045,4844,240143,0.00000000,0.00000000,68.00250000,68.00250000,6800.25000000,1,1,1,0,1,0,0,1,0,0,0,1453,,0,827,0,827,130733,0,0,0,0,0,0,500,2360,,,71.28000000,76.11500000,,,135.70000000,164.89000000,0.01044187,0.07194381,,,,
fpp_new_instances_scaling,,case02,new20x20,new20x20,shortest_path,FPP-Branch-Benders-ProjectedPathLLBI-exp-RootCuts,expected,expected,0.03,0.9,1.0,20262629,100,1000,0.110000,0.890000,0.000000,0.000000,0.000000,0.134000,0.850000,0.000000,0.000000,0.016000,0.110000,0.890000,0.000000,0.000000,0.000000,1800,1,Optimal,,1,71.28000000,71.21652414,0.00089051,3.11719938,6.621131,84,8680,0.00000000,0.00000000,70.24769231,70.24769231,7024.76923077,1,1,0,1,0,1,0,1,0,0,0,41,,0,0,843,843,135770,0,0,0,0,0,0,500,885,,,71.28000000,76.11500000,,,135.70000000,164.89000000,0.00693279,0.07970490,,,,
fpp_new_instances_scaling,,case02,new20x20,new20x20,shortest_path,FPP-Branch-Benders-RootCuts,expected,expected,0.03,0.9,1.0,20262629,100,1000,0.110000,0.890000,0.000000,0.000000,0.000000,0.134000,0.850000,0.000000,0.000000,0.016000,0.110000,0.890000,0.000000,0.000000,0.000000,1800,1,Feasible,,1,73.03000000,66.26742295,0.09259999,1800.24888371,1803.842898,23932,1065215,,,,0.00000000,0.00000000,0,1,0,0,0,0,0,0,0,0,0,18416,,0,0,0,0,0,0,0,0,0,0,0,500,18498,,,73.03000000,78.59600000,,,143.20000000,167.57000000,0.00669812,0.05956316,,,,
fpp_new_instances_scaling,,case02,new20x20,new20x20,shortest_path,FPP-Branch-Benders-Combinatorial,expected,expected,0.03,0.9,1.0,20262629,100,1000,0.110000,0.890000,0.000000,0.000000,0.000000,0.134000,0.850000,0.000000,0.000000,0.016000,0.110000,0.890000,0.000000,0.000000,0.000000,1800,1,Optimal,,1,71.28000000,71.28000000,0.00000000,23.01963553,27.056942,25,17835,,,,0.00000000,0.00000000,0,0,0,0,0,0,0,0,1,0,0,160,0,0,0,0,0,0,9982,0,0,0,0,0,500,9983,,,71.28000000,76.11500000,,,135.70000000,164.89000000,0.00746777,0.07760774,,,,
fpp_new_instances_scaling,,case02,new20x20,new20x20,shortest_path,FPP-SAA,expected,expected,0.03,0.9,1.0,20262629,100,1000,0.110000,0.890000,0.000000,0.000000,0.000000,0.134000,0.850000,0.000000,0.000000,0.016000,0.110000,0.890000,0.000000,0.000000,0.000000,1800,1,Optimal,,1,71.28000000,71.21041956,0.00097616,15.70497190,18.259083,0,0,,,,0.00000000,0.00000000,0,0,0,0,0,0,0,0,0,0,0,0,0,0,0,0,0,0,0,0,0,0,0,0,40400,28837,,,71.28000000,76.11500000,,,135.70000000,164.89000000,0.00519146,0.03615290,,,,
fpp_new_instances_scaling,,case02,new20x20,new20x20,shortest_path,FPP-Branch-Benders-MeanCVaR-LLBI-RootCuts,mean_cvar,mean-cvar,0.03,0.9,0.5,20262629,100,1000,0.110000,0.890000,0.000000,0.000000,0.000000,0.134000,0.850000,0.000000,0.000000,0.016000,0.110000,0.890000,0.000000,0.000000,0.000000,1800,1,Feasible,,1,103.98500000,87.18414087,0.16157003,1800.31318379,1803.035840,44245,1782202,,,,0.00000000,0.00000000,1,1,0,0,0,0,0,0,0,0,0,14947,,100,0,0,0,0,0,0,0,0,0,0,601,15229,,,74.37000000,76.48000000,,,133.60000000,153.53000000,0.00534670,0.05456712,,,,
fpp_new_instances_scaling,,case02,new20x20,new20x20,shortest_path,FPP-Branch-Benders-MeanCVaR-ProjectedCoverageLLBI-exp-RootCuts,mean_cvar,mean-cvar,0.03,0.9,0.5,20262629,100,1000,0.110000,0.890000,0.000000,0.000000,0.000000,0.134000,0.850000,0.000000,0.000000,0.016000,0.110000,0.890000,0.000000,0.000000,0.000000,1800,1,Optimal,,1,99.59000000,99.49042584,0.00099984,287.88655810,290.547029,65148,2010027,0.00000000,0.00000000,89.27583145,89.27583145,8927.58314477,1,1,1,0,1,0,0,1,0,0,0,951,,0,901,0,901,152771,0,0,0,0,0,0,601,2030,,,72.48000000,77.38600000,,,126.70000000,162.82000000,0.00525383,0.05610019,,,,
fpp_new_instances_scaling,,case02,new20x20,new20x20,shortest_path,FPP-Branch-Benders-MeanCVaR-ProjectedPathLLBI-exp-RootCuts,mean_cvar,mean-cvar,0.03,0.9,0.5,20262629,100,1000,0.110000,0.890000,0.000000,0.000000,0.000000,0.134000,0.850000,0.000000,0.000000,0.016000,0.110000,0.890000,0.000000,0.000000,0.000000,1800,1,Optimal,,1,99.59000000,99.49084152,0.00099567,31.64842234,34.247166,10724,442252,0.00000000,0.00000000,91.95596414,91.95596414,9195.59641405,1,1,0,1,0,1,0,1,0,0,0,143,,0,0,857,857,147958,0,0,0,0,0,0,601,1101,,,72.48000000,77.38600000,,,126.70000000,162.82000000,0.00506515,0.05385193,,,,
fpp_new_instances_scaling,,case02,new20x20,new20x20,shortest_path,FPP-Branch-Benders-MeanCVaR-RootCuts,mean_cvar,mean-cvar,0.03,0.9,0.5,20262629,100,1000,0.110000,0.890000,0.000000,0.000000,0.000000,0.134000,0.850000,0.000000,0.000000,0.016000,0.110000,0.890000,0.000000,0.000000,0.000000,1800,1,Feasible,,1,101.02000000,88.15575680,0.12734353,1800.22732497,1804.577732,69053,2426826,,,,0.00000000,0.00000000,0,1,0,0,0,0,0,0,0,0,0,10276,,0,0,0,0,0,0,0,0,0,0,0,601,10458,,,73.74000000,79.62900000,,,128.30000000,160.50000000,0.00718867,0.07817969,,,,
fpp_new_instances_scaling,,case02,new20x20,new20x20,shortest_path,FPP-Branch-Benders-Combinatorial-MeanCVaR,mean_cvar,mean-cvar,0.03,0.9,0.5,20262629,100,1000,0.110000,0.890000,0.000000,0.000000,0.000000,0.134000,0.850000,0.000000,0.000000,0.016000,0.110000,0.890000,0.000000,0.000000,0.000000,1800,1,Feasible,,1,103.19500000,91.11153646,0.11709350,1803.51323075,1805.879334,0,15013,,,,0.00000000,0.00000000,0,0,0,0,0,0,0,0,1,0,0,80,0,0,0,0,0,0,4388370,0,0,0,0,0,601,4388471,,,71.29000000,76.01300000,,,135.10000000,164.21000000,0.00444238,0.04703517,,,,
fpp_new_instances_scaling,,case02,new20x20,new20x20,shortest_path,FPP-SAA-MeanCVaR,mean_cvar,mean-cvar,0.03,0.9,0.5,20262629,100,1000,0.110000,0.890000,0.000000,0.000000,0.000000,0.134000,0.850000,0.000000,0.000000,0.016000,0.110000,0.890000,0.000000,0.000000,0.000000,1800,1,Optimal,,1,99.59000000,99.56722474,0.00022869,601.93810719,605.712289,592,0,,,,0.00000000,0.00000000,0,0,0,0,0,0,0,0,0,0,0,0,0,0,0,0,0,0,0,0,0,0,0,0,40501,28937,,,72.48000000,77.38600000,,,126.70000000,162.82000000,0.00652444,0.07137991,,,,
fpp_new_instances_scaling,,case03,new20x20,new20x20,shortest_path,FPP-Branch-Benders-CVaR-LLBI-RootCuts,cvar,cvar,0.03,0.9,1.0,20263629,100,1000,0.180000,0.820000,0.000000,0.000000,0.000000,0.134000,0.850000,0.000000,0.000000,0.016000,0.180000,0.820000,0.000000,0.000000,0.000000,1800,1,Feasible,,1,137.60000000,106.21356099,0.22809912,1800.29951862,1803.715372,76996,1782630,,,,0.00000000,0.00000000,1,1,0,0,0,0,0,0,0,0,0,8598,,100,0,0,0,0,0,0,0,0,0,0,601,8871,,,77.07000000,80.78600000,,,137.60000000,159.16000000,0.00718313,0.05984014,,,,
fpp_new_instances_scaling,,case03,new20x20,new20x20,shortest_path,FPP-Branch-Benders-CVaR-ProjectedCoverageLLBI-exp-RootCuts,cvar,cvar,0.03,0.9,1.0,20263629,100,1000,0.180000,0.820000,0.000000,0.000000,0.000000,0.134000,0.850000,0.000000,0.000000,0.016000,0.180000,0.820000,0.000000,0.000000,0.000000,1800,1,Feasible,,1,131.30000000,122.07267565,0.07027665,1805.77586738,1809.719445,182321,4333253,0.00000000,0.00000000,107.74134814,107.74134814,10774.13481371,1,1,1,0,1,0,0,1,0,0,0,1543,,0,1196,0,1196,216132,0,0,0,0,0,0,601,2914,,,75.74000000,79.30500000,,,131.30000000,156.24000000,0.00593076,0.07477548,,,,
fpp_new_instances_scaling,,case03,new20x20,new20x20,shortest_path,FPP-Branch-Benders-CVaR-ProjectedPathLLBI-exp-RootCuts,cvar,cvar,0.03,0.9,1.0,20263629,100,1000,0.180000,0.820000,0.000000,0.000000,0.000000,0.134000,0.850000,0.000000,0.000000,0.016000,0.180000,0.820000,0.000000,0.000000,0.000000,1800,1,Feasible,,1,131.10000000,127.48168016,0.02759969,1802.19852991,1805.673516,258392,5911874,0.00000000,0.00000000,113.23705334,113.23705334,11323.70533367,1,1,0,1,0,1,0,1,0,0,0,200,,0,0,1293,1293,229982,0,0,0,0,0,0,601,1596,,,73.45000000,76.02000000,,,131.10000000,147.57000000,0.00705936,0.07109928,,,,
fpp_new_instances_scaling,,case03,new20x20,new20x20,shortest_path,FPP-Branch-Benders-CVaR-RootCuts,cvar,cvar,0.03,0.9,1.0,20263629,100,1000,0.180000,0.820000,0.000000,0.000000,0.000000,0.134000,0.850000,0.000000,0.000000,0.016000,0.180000,0.820000,0.000000,0.000000,0.000000,1800,1,Feasible,,1,137.90000000,106.51856958,0.22756657,1800.20074305,1804.566572,66926,1607741,,,,0.00000000,0.00000000,0,1,0,0,0,0,0,0,0,0,0,11137,,0,0,0,0,0,0,0,0,0,0,0,601,11308,,,76.71000000,77.92300000,,,137.90000000,150.32000000,0.00759546,0.08102834,,,,
fpp_new_instances_scaling,,case03,new20x20,new20x20,shortest_path,FPP-Branch-Benders-Combinatorial-CVaR,cvar,cvar,0.03,0.9,1.0,20263629,100,1000,0.180000,0.820000,0.000000,0.000000,0.000000,0.134000,0.850000,0.000000,0.000000,0.016000,0.180000,0.820000,0.000000,0.000000,0.000000,1800,1,Feasible,,1,132.30000000,120.27762566,0.09087207,1804.73199952,1808.613729,817,290848,,,,0.00000000,0.00000000,0,0,0,0,0,0,0,0,1,0,0,3419,0,0,0,0,0,0,54082,0,0,0,0,0,601,54183,,,73.61000000,75.85600000,,,132.30000000,147.00000000,0.00674177,0.07192714,,,,
fpp_new_instances_scaling,,case03,new20x20,new20x20,shortest_path,FPP-SAA-CVaR,cvar,cvar,0.03,0.9,1.0,20263629,100,1000,0.180000,0.820000,0.000000,0.000000,0.000000,0.134000,0.850000,0.000000,0.000000,0.016000,0.180000,0.820000,0.000000,0.000000,0.000000,1800,1,Feasible,,1,136.60000000,121.77179445,0.10855202,1800.03399489,1803.038551,1000,0,,,,0.00000000,0.00000000,0,0,0,0,0,0,0,0,0,0,0,0,0,0,0,0,0,0,0,0,0,0,0,0,40501,26715,,,70.66000000,74.91900000,,,136.60000000,153.68000000,0.00726656,0.05835245,,,,
fpp_new_instances_scaling,,case03,new20x20,new20x20,shortest_path,FPP-Branch-Benders-LLBI-RootCuts,expected,expected,0.03,0.9,1.0,20263629,100,1000,0.180000,0.820000,0.000000,0.000000,0.000000,0.134000,0.850000,0.000000,0.000000,0.016000,0.180000,0.820000,0.000000,0.000000,0.000000,1800,1,Feasible,,1,66.99000000,60.23267831,0.10087060,1800.31227046,1804.476954,31347,1690053,,,,0.00000000,0.00000000,1,1,0,0,0,0,0,0,0,0,0,17095,,100,0,0,0,0,0,0,0,0,0,0,500,17276,,,66.99000000,75.08300000,,,149.90000000,167.56000000,0.00670858,0.07877721,,,,
fpp_new_instances_scaling,,case03,new20x20,new20x20,shortest_path,FPP-Branch-Benders-ProjectedCoverageLLBI-exp-RootCuts,expected,expected,0.03,0.9,1.0,20263629,100,1000,0.180000,0.820000,0.000000,0.000000,0.000000,0.134000,0.850000,0.000000,0.000000,0.016000,0.180000,0.820000,0.000000,0.000000,0.000000,1800,1,Optimal,,1,65.53000000,65.48047334,0.00075579,12.93424488,16.844707,910,47183,0.00000000,0.00000000,62.78000000,62.78000000,6278.00000000,1,1,1,0,1,0,0,1,0,0,0,434,,0,863,0,863,123716,0,0,0,0,0,0,500,1377,,,65.53000000,77.08100000,,,154.30000000,178.28000000,0.00662782,0.07196831,,,,
fpp_new_instances_scaling,,case03,new20x20,new20x20,shortest_path,FPP-Branch-Benders-ProjectedPathLLBI-exp-RootCuts,expected,expected,0.03,0.9,1.0,20263629,100,1000,0.180000,0.820000,0.000000,0.000000,0.000000,0.134000,0.850000,0.000000,0.000000,0.016000,0.180000,0.820000,0.000000,0.000000,0.000000,1800,1,Optimal,,1,65.53000000,65.49892851,0.00047416,3.30452864,7.140535,57,6821,0.00000000,0.00000000,64.52507353,64.52507353,6452.50735294,1,1,0,1,0,1,0,1,0,0,0,89,,0,0,855,855,126125,0,0,0,0,0,0,500,946,,,65.53000000,77.08100000,,,154.30000000,178.28000000,0.00521612,0.07089160,,,,
fpp_new_instances_scaling,,case03,new20x20,new20x20,shortest_path,FPP-Branch-Benders-RootCuts,expected,expected,0.03,0.9,1.0,20263629,100,1000,0.180000,0.820000,0.000000,0.000000,0.000000,0.134000,0.850000,0.000000,0.000000,0.016000,0.180000,0.820000,0.000000,0.000000,0.000000,1800,1,Feasible,,1,66.86000000,61.13222070,0.08566825,1800.17937008,1804.583363,25984,1145281,,,,0.00000000,0.00000000,0,1,0,0,0,0,0,0,0,0,0,13359,,0,0,0,0,0,0,0,0,0,0,0,500,13438,,,66.86000000,77.47300000,,,147.30000000,169.40000000,0.00663958,0.07741052,,,,
fpp_new_instances_scaling,,case03,new20x20,new20x20,shortest_path,FPP-Branch-Benders-Combinatorial,expected,expected,0.03,0.9,1.0,20263629,100,1000,0.180000,0.820000,0.000000,0.000000,0.000000,0.134000,0.850000,0.000000,0.000000,0.016000,0.180000,0.820000,0.000000,0.000000,0.000000,1800,1,Optimal,,1,65.53000000,65.53000000,0.00000000,22.70804610,26.567393,11,22942,,,,0.00000000,0.00000000,0,0,0,0,0,0,0,0,1,0,0,150,0,0,0,0,0,0,15566,0,0,0,0,0,500,15567,,,65.53000000,77.08100000,,,154.30000000,178.28000000,0.00645490,0.07296411,,,,
fpp_new_instances_scaling,,case03,new20x20,new20x20,shortest_path,FPP-SAA,expected,expected,0.03,0.9,1.0,20263629,100,1000,0.180000,0.820000,0.000000,0.000000,0.000000,0.134000,0.850000,0.000000,0.000000,0.016000,0.180000,0.820000,0.000000,0.000000,0.000000,1800,1,Optimal,,1,65.53000000,65.51333333,0.00025434,16.03375745,19.082758,11,0,,,,0.00000000,0.00000000,0,0,0,0,0,0,0,0,0,0,0,0,0,0,0,0,0,0,0,0,0,0,0,0,40400,26615,,,65.53000000,77.08100000,,,154.30000000,178.28000000,0.00449417,0.05735686,,,,
fpp_new_instances_scaling,,case03,new20x20,new20x20,shortest_path,FPP-Branch-Benders-MeanCVaR-LLBI-RootCuts,mean_cvar,mean-cvar,0.03,0.9,0.5,20263629,100,1000,0.180000,0.820000,0.000000,0.000000,0.000000,0.134000,0.850000,0.000000,0.000000,0.016000,0.180000,0.820000,0.000000,0.000000,0.000000,1800,1,Feasible,,1,105.81500000,87.06313712,0.17721365,1800.29878748,1804.591907,31583,1619697,,,,0.00000000,0.00000000,1,1,0,0,0,0,0,0,0,0,0,11656,,100,0,0,0,0,0,0,0,0,0,0,601,11936,,,72.23000000,75.97600000,,,139.40000000,158.29000000,0.00692757,0.07219030,,,,
fpp_new_instances_scaling,,case03,new20x20,new20x20,shortest_path,FPP-Branch-Benders-MeanCVaR-ProjectedCoverageLLBI-exp-RootCuts,mean_cvar,mean-cvar,0.03,0.9,0.5,20263629,100,1000,0.180000,0.820000,0.000000,0.000000,0.000000,0.134000,0.850000,0.000000,0.000000,0.016000,0.180000,0.820000,0.000000,0.000000,0.000000,1800,1,Feasible,,1,101.35000000,98.69697628,0.02617685,1803.43001929,1806.211408,183698,6677541,0.00000000,0.00000000,89.12370510,89.12370510,8912.37051002,1,1,1,0,1,0,0,1,0,0,0,5543,,0,1058,0,1058,172403,0,0,0,0,0,0,601,6781,,,68.20000000,75.42300000,,,134.50000000,156.12000000,0.00429255,0.04867922,,,,
fpp_new_instances_scaling,,case03,new20x20,new20x20,shortest_path,FPP-Branch-Benders-MeanCVaR-ProjectedPathLLBI-exp-RootCuts,mean_cvar,mean-cvar,0.03,0.9,0.5,20263629,100,1000,0.180000,0.820000,0.000000,0.000000,0.000000,0.134000,0.850000,0.000000,0.000000,0.016000,0.180000,0.820000,0.000000,0.000000,0.000000,1800,1,Optimal,,1,100.85000000,100.74924887,0.00099902,217.11694495,219.675656,58119,1801447,0.00000000,0.00000000,92.70119194,92.70119194,9270.11919359,1,1,0,1,0,1,0,1,0,0,0,456,,0,0,1058,1058,172320,0,0,0,0,0,0,601,1651,,,67.50000000,74.27600000,,,134.20000000,151.68000000,0.00443357,0.04962188,,,,
fpp_new_instances_scaling,,case03,new20x20,new20x20,shortest_path,FPP-Branch-Benders-MeanCVaR-RootCuts,mean_cvar,mean-cvar,0.03,0.9,0.5,20263629,100,1000,0.180000,0.820000,0.000000,0.000000,0.000000,0.134000,0.850000,0.000000,0.000000,0.016000,0.180000,0.820000,0.000000,0.000000,0.000000,1800,1,Feasible,,1,105.13000000,86.59191717,0.17633485,1800.21829166,1804.142839,35428,1673646,,,,0.00000000,0.00000000,0,1,0,0,0,0,0,0,0,0,0,19917,,0,0,0,0,0,0,0,0,0,0,0,601,20100,,,67.96000000,75.98600000,,,142.30000000,164.83000000,0.00691944,0.06894212,,,,
fpp_new_instances_scaling,,case03,new20x20,new20x20,shortest_path,FPP-Branch-Benders-Combinatorial-MeanCVaR,mean_cvar,mean-cvar,0.03,0.9,0.5,20263629,100,1000,0.180000,0.820000,0.000000,0.000000,0.000000,0.134000,0.850000,0.000000,0.000000,0.016000,0.180000,0.820000,0.000000,0.000000,0.000000,1800,1,Feasible,,1,109.91500000,92.00878137,0.16290969,1804.58993932,1807.685068,0,30419,,,,0.00000000,0.00000000,0,0,0,0,0,0,0,0,1,0,0,580,0,0,0,0,0,0,2874720,0,0,0,0,0,601,2874821,,,65.53000000,77.08100000,,,154.30000000,178.28000000,0.00555707,0.05943510,,,,
fpp_new_instances_scaling,,case03,new20x20,new20x20,shortest_path,FPP-SAA-MeanCVaR,mean_cvar,mean-cvar,0.03,0.9,0.5,20263629,100,1000,0.180000,0.820000,0.000000,0.000000,0.000000,0.134000,0.850000,0.000000,0.000000,0.016000,0.180000,0.820000,0.000000,0.000000,0.000000,1800,1,Optimal,,1,100.85000000,100.75476385,0.00094433,525.79843905,528.413787,1237,0,,,,0.00000000,0.00000000,0,0,0,0,0,0,0,0,0,0,0,0,0,0,0,0,0,0,0,0,0,0,0,0,40501,26715,,,67.50000000,74.27600000,,,134.20000000,151.68000000,0.00625899,0.05327405,,,,
fpp_new_instances_scaling,,case04,new20x20,new20x20,shortest_path,FPP-Branch-Benders-CVaR-LLBI-RootCuts,cvar,cvar,0.03,0.9,1.0,20264629,100,1000,0.150000,0.840000,0.000000,0.000000,0.010000,0.134000,0.850000,0.000000,0.000000,0.016000,0.150000,0.840000,0.000000,0.000000,0.010000,1800,1,Feasible,,1,146.70000000,109.54433740,0.25327650,1800.32973884,1803.887578,64646,1495515,,,,0.00000000,0.00000000,1,1,0,0,0,0,0,0,0,0,0,8366,,100,0,0,0,0,0,0,0,0,0,0,601,8645,,,85.85000000,88.20900000,,,146.70000000,177.96000000,0.00839411,0.06567184,,,,
fpp_new_instances_scaling,,case04,new20x20,new20x20,shortest_path,FPP-Branch-Benders-CVaR-ProjectedCoverageLLBI-exp-RootCuts,cvar,cvar,0.03,0.9,1.0,20264629,100,1000,0.150000,0.840000,0.000000,0.000000,0.010000,0.134000,0.850000,0.000000,0.000000,0.016000,0.150000,0.840000,0.000000,0.000000,0.010000,1800,1,Feasible,,1,134.80000000,125.27915973,0.07062938,1805.13896279,1809.482109,250096,4988101,0.00000000,0.00000000,110.05972190,110.05972190,11005.97219035,1,1,1,0,1,0,0,1,0,0,0,1189,,0,1047,0,1047,198105,0,0,0,0,0,0,601,2406,,,78.69000000,82.87200000,,,134.80000000,174.41000000,0.00735457,0.07812275,,,,
fpp_new_instances_scaling,,case04,new20x20,new20x20,shortest_path,FPP-Branch-Benders-CVaR-ProjectedPathLLBI-exp-RootCuts,cvar,cvar,0.03,0.9,1.0,20264629,100,1000,0.150000,0.840000,0.000000,0.000000,0.010000,0.134000,0.850000,0.000000,0.000000,0.016000,0.150000,0.840000,0.000000,0.000000,0.010000,1800,1,Feasible,,1,134.80000000,127.53999579,0.05385760,1801.72447646,1805.980435,201109,4326029,0.00000000,0.00000000,114.39814692,114.39814692,11439.81469181,1,1,0,1,0,1,0,1,0,0,0,377,,0,0,1088,1088,199546,0,0,0,0,0,0,601,1568,,,78.69000000,82.87200000,,,134.80000000,174.41000000,0.00780822,0.08305799,,,,
fpp_new_instances_scaling,,case04,new20x20,new20x20,shortest_path,FPP-Branch-Benders-CVaR-RootCuts,cvar,cvar,0.03,0.9,1.0,20264629,100,1000,0.150000,0.840000,0.000000,0.000000,0.010000,0.134000,0.850000,0.000000,0.000000,0.016000,0.150000,0.840000,0.000000,0.000000,0.010000,1800,1,Feasible,,1,142.10000000,108.99814447,0.23294761,1800.14392367,1804.185092,67104,1976590,,,,0.00000000,0.00000000,0,1,0,0,0,0,0,0,0,0,0,8943,,0,0,0,0,0,0,0,0,0,0,0,601,9119,,,82.38000000,84.72200000,,,142.10000000,174.87000000,0.00780363,0.07526976,,,,
fpp_new_instances_scaling,,case04,new20x20,new20x20,shortest_path,FPP-Branch-Benders-Combinatorial-CVaR,cvar,cvar,0.03,0.9,1.0,20264629,100,1000,0.150000,0.840000,0.000000,0.000000,0.010000,0.134000,0.850000,0.000000,0.000000,0.016000,0.150000,0.840000,0.000000,0.000000,0.010000,1800,1,Feasible,,1,136.70000000,122.74094071,0.10211455,1807.72901570,1811.878566,635,237769,,,,0.00000000,0.00000000,0,0,0,0,0,0,0,0,1,0,0,1439,0,0,0,0,0,0,52721,0,0,0,0,0,601,52822,,,81.59000000,81.48200000,,,136.70000000,162.93000000,0.00819026,0.08195535,,,,
fpp_new_instances_scaling,,case04,new20x20,new20x20,shortest_path,FPP-SAA-CVaR,cvar,cvar,0.03,0.9,1.0,20264629,100,1000,0.150000,0.840000,0.000000,0.000000,0.010000,0.134000,0.850000,0.000000,0.000000,0.016000,0.150000,0.840000,0.000000,0.000000,0.010000,1800,1,Feasible,,1,136.10000000,121.50382158,0.10724598,1800.01244532,1803.987612,509,0,,,,0.00000000,0.00000000,0,0,0,0,0,0,0,0,0,0,0,0,0,0,0,0,0,0,0,0,0,0,0,0,40501,30378,,,81.09000000,81.67200000,,,136.10000000,162.99000000,0.00784171,0.07733672,,,,
fpp_new_instances_scaling,,case04,new20x20,new20x20,shortest_path,FPP-Branch-Benders-LLBI-RootCuts,expected,expected,0.03,0.9,1.0,20264629,100,1000,0.150000,0.840000,0.000000,0.000000,0.010000,0.134000,0.850000,0.000000,0.000000,0.016000,0.150000,0.840000,0.000000,0.000000,0.010000,1800,1,Feasible,,1,74.11000000,62.99731235,0.14994856,1800.44052213,1804.926066,13734,1027173,,,,0.00000000,0.00000000,1,1,0,0,0,0,0,0,0,0,0,14215,,100,0,0,0,0,0,0,0,0,0,0,500,14396,,,74.11000000,76.81500000,,,171.80000000,170.64000000,0.00741815,0.07707897,,,,
fpp_new_instances_scaling,,case04,new20x20,new20x20,shortest_path,FPP-Branch-Benders-ProjectedCoverageLLBI-exp-RootCuts,expected,expected,0.03,0.9,1.0,20264629,100,1000,0.150000,0.840000,0.000000,0.000000,0.010000,0.134000,0.850000,0.000000,0.000000,0.016000,0.150000,0.840000,0.000000,0.000000,0.010000,1800,1,Optimal,,1,71.89000000,71.81826175,0.00099789,274.46839042,278.322630,17675,695368,0.00000000,0.00000000,66.78774579,66.78774579,6678.77457932,1,1,1,0,1,0,0,1,0,0,0,2955,,0,835,0,835,130644,0,0,0,0,0,0,500,3869,,,71.89000000,76.66700000,,,158.60000000,173.17000000,0.00716416,0.07836142,,,,
fpp_new_instances_scaling,,case04,new20x20,new20x20,shortest_path,FPP-Branch-Benders-ProjectedPathLLBI-exp-RootCuts,expected,expected,0.03,0.9,1.0,20264629,100,1000,0.150000,0.840000,0.000000,0.000000,0.010000,0.134000,0.850000,0.000000,0.000000,0.016000,0.150000,0.840000,0.000000,0.000000,0.010000,1800,1,Optimal,,1,71.89000000,71.82179021,0.00094881,9.13095253,13.155951,1063,56328,0.00000000,0.00000000,69.57538462,69.57538462,6957.53846154,1,1,0,1,0,1,0,1,0,0,0,184,,0,0,940,940,150806,0,0,0,0,0,0,500,1125,,,71.89000000,76.66700000,,,158.60000000,173.17000000,0.00691800,0.07186110,,,,
fpp_new_instances_scaling,,case04,new20x20,new20x20,shortest_path,FPP-Branch-Benders-RootCuts,expected,expected,0.03,0.9,1.0,20264629,100,1000,0.150000,0.840000,0.000000,0.000000,0.010000,0.134000,0.850000,0.000000,0.000000,0.016000,0.150000,0.840000,0.000000,0.000000,0.010000,1800,1,Feasible,,1,73.69000000,63.36834614,0.14006858,1800.23578196,1804.414501,10633,589182,,,,0.00000000,0.00000000,0,1,0,0,0,0,0,0,0,0,0,24733,,0,0,0,0,0,0,0,0,0,0,0,500,24815,,,73.69000000,80.64100000,,,160.50000000,178.39000000,0.00717858,0.07598880,,,,
fpp_new_instances_scaling,,case04,new20x20,new20x20,shortest_path,FPP-Branch-Benders-Combinatorial,expected,expected,0.03,0.9,1.0,20264629,100,1000,0.150000,0.840000,0.000000,0.000000,0.010000,0.134000,0.850000,0.000000,0.000000,0.016000,0.150000,0.840000,0.000000,0.000000,0.010000,1800,1,Optimal,,1,71.89000000,71.89000000,0.00000000,55.39698663,59.216863,53,53375,,,,0.00000000,0.00000000,0,0,0,0,0,0,0,0,1,0,0,437,0,0,0,0,0,0,35682,0,0,0,0,0,500,35683,,,71.89000000,76.66700000,,,158.60000000,173.17000000,0.00685331,0.07165947,,,,
fpp_new_instances_scaling,,case04,new20x20,new20x20,shortest_path,FPP-SAA,expected,expected,0.03,0.9,1.0,20264629,100,1000,0.150000,0.840000,0.000000,0.000000,0.010000,0.134000,0.850000,0.000000,0.000000,0.016000,0.150000,0.840000,0.000000,0.000000,0.010000,1800,1,Optimal,,1,71.89000000,71.83500000,0.00076506,22.25451602,25.328233,25,0,,,,0.00000000,0.00000000,0,0,0,0,0,0,0,0,0,0,0,0,0,0,0,0,0,0,0,0,0,0,0,0,40400,30278,,,71.89000000,76.66700000,,,158.60000000,173.17000000,0.00584284,0.05547857,,,,
fpp_new_instances_scaling,,case04,new20x20,new20x20,shortest_path,FPP-Branch-Benders-MeanCVaR-LLBI-RootCuts,mean_cvar,mean-cvar,0.03,0.9,0.5,20264629,100,1000,0.150000,0.840000,0.000000,0.000000,0.010000,0.134000,0.850000,0.000000,0.000000,0.016000,0.150000,0.840000,0.000000,0.000000,0.010000,1800,1,Feasible,,1,112.39500000,90.29145412,0.19665951,1800.18205135,1802.838035,39782,2041457,,,,0.00000000,0.00000000,1,1,0,0,0,0,0,0,0,0,0,17676,,100,0,0,0,0,0,0,0,0,0,0,601,17959,,,77.09000000,79.37000000,,,147.70000000,167.20000000,0.00542846,0.05592883,,,,
fpp_new_instances_scaling,,case04,new20x20,new20x20,shortest_path,FPP-Branch-Benders-MeanCVaR-ProjectedCoverageLLBI-exp-RootCuts,mean_cvar,mean-cvar,0.03,0.9,0.5,20264629,100,1000,0.150000,0.840000,0.000000,0.000000,0.010000,0.134000,0.850000,0.000000,0.000000,0.016000,0.150000,0.840000,0.000000,0.000000,0.010000,1800,1,Feasible,,1,106.57000000,102.84652025,0.03493929,1803.51561079,1806.148789,197172,7290624,0.00000000,0.00000000,92.93221040,92.93221040,9293.22103989,1,1,1,0,1,0,0,1,0,0,0,3698,,0,988,0,988,172571,0,0,0,0,0,0,601,4865,,,78.24000000,81.83700000,,,134.90000000,170.42000000,0.00484528,0.04856785,,,,
fpp_new_instances_scaling,,case04,new20x20,new20x20,shortest_path,FPP-Branch-Benders-MeanCVaR-ProjectedPathLLBI-exp-RootCuts,mean_cvar,mean-cvar,0.03,0.9,0.5,20264629,100,1000,0.150000,0.840000,0.000000,0.000000,0.010000,0.134000,0.850000,0.000000,0.000000,0.016000,0.150000,0.840000,0.000000,0.000000,0.010000,1800,1,Optimal,,1,106.57000000,106.46343705,0.00099993,562.54625558,565.031594,194757,5889808,0.00000000,0.00000000,95.62215978,95.62215978,9562.21597824,1,1,0,1,0,1,0,1,0,0,0,789,,0,0,1086,1086,191161,0,0,0,0,0,0,601,1990,,,78.24000000,81.83700000,,,134.90000000,170.42000000,0.00657587,0.04637874,,,,
fpp_new_instances_scaling,,case04,new20x20,new20x20,shortest_path,FPP-Branch-Benders-MeanCVaR-RootCuts,mean_cvar,mean-cvar,0.03,0.9,0.5,20264629,100,1000,0.150000,0.840000,0.000000,0.000000,0.010000,0.134000,0.850000,0.000000,0.000000,0.016000,0.150000,0.840000,0.000000,0.000000,0.010000,1800,1,Feasible,,1,110.43000000,90.22321543,0.18298275,1800.22344791,1803.000888,35819,1657436,,,,0.00000000,0.00000000,0,1,0,0,0,0,0,0,0,0,0,19152,,0,0,0,0,0,0,0,0,0,0,0,601,19333,,,77.86000000,77.08100000,,,143.00000000,161.33000000,0.00547146,0.05431124,,,,
fpp_new_instances_scaling,,case04,new20x20,new20x20,shortest_path,FPP-Branch-Benders-Combinatorial-MeanCVaR,mean_cvar,mean-cvar,0.03,0.9,0.5,20264629,100,1000,0.150000,0.840000,0.000000,0.000000,0.010000,0.134000,0.850000,0.000000,0.000000,0.016000,0.150000,0.840000,0.000000,0.000000,0.010000,1800,1,Feasible,,1,106.57000000,104.43959949,0.01999062,1803.60077200,1805.813927,1232,784132,,,,0.00000000,0.00000000,0,0,0,0,0,0,0,0,1,0,0,381,0,0,0,0,0,0,116922,0,0,0,0,0,601,117023,,,78.24000000,81.83700000,,,134.90000000,170.42000000,0.00437380,0.04744319,,,,
fpp_new_instances_scaling,,case04,new20x20,new20x20,shortest_path,FPP-SAA-MeanCVaR,mean_cvar,mean-cvar,0.03,0.9,0.5,20264629,100,1000,0.150000,0.840000,0.000000,0.000000,0.010000,0.134000,0.850000,0.000000,0.000000,0.016000,0.150000,0.840000,0.000000,0.000000,0.010000,1800,1,Optimal,,1,106.57000000,106.46789502,0.00095810,1113.83625635,1117.676978,2167,0,,,,0.00000000,0.00000000,0,0,0,0,0,0,0,0,0,0,0,0,0,0,0,0,0,0,0,0,0,0,0,0,40501,30378,,,78.24000000,81.83700000,,,134.90000000,170.42000000,0.00743262,0.07507363,,,,
fpp_new_instances_scaling,,case00,new20x20,new20x20,shortest_path,FPP-Branch-Benders-CVaR-LLBI-RootCuts,cvar,cvar,0.01,0.9,1.0,20260729,200,1000,0.135000,0.860000,0.000000,0.000000,0.005000,0.134000,0.850000,0.000000,0.000000,0.016000,0.135000,0.860000,0.000000,0.000000,0.005000,1800,1,Optimal,,1,254.20000000,253.97430818,0.00088785,7.40595096,11.508400,1316,33603,,,,0.00000000,0.00000000,1,1,0,0,0,0,0,0,0,0,0,530,,200,0,0,0,0,0,0,0,0,0,0,801,1061,,,127.59000000,138.17700000,,,254.20000000,273.82000000,0.02884899,0.11698325,,,,
fpp_new_instances_scaling,,case00,new20x20,new20x20,shortest_path,FPP-Branch-Benders-CVaR-ProjectedCoverageLLBI-exp-RootCuts,cvar,cvar,0.01,0.9,1.0,20260729,200,1000,0.135000,0.860000,0.000000,0.000000,0.005000,0.134000,0.850000,0.000000,0.000000,0.016000,0.135000,0.860000,0.000000,0.000000,0.005000,1800,1,Optimal,,1,254.20000000,253.99758920,0.00079627,14.61037713,18.981348,1033,29548,0.00000000,0.00000000,224.61352036,224.61352036,22461.35203571,1,1,1,0,1,0,0,1,0,0,0,478,,0,696,0,696,180026,0,0,0,0,0,0,801,1500,,,127.59000000,138.17700000,,,254.20000000,273.82000000,0.02299673,0.11905286,,,,
fpp_new_instances_scaling,,case00,new20x20,new20x20,shortest_path,FPP-Branch-Benders-CVaR-ProjectedPathLLBI-exp-RootCuts,cvar,cvar,0.01,0.9,1.0,20260729,200,1000,0.135000,0.860000,0.000000,0.000000,0.005000,0.134000,0.850000,0.000000,0.000000,0.016000,0.135000,0.860000,0.000000,0.000000,0.005000,1800,1,Optimal,,1,254.20000000,254.20000000,0.00000000,8.47582494,12.903631,477,16436,0.00000000,0.00000000,232.93779492,232.93779492,23293.77949171,1,1,0,1,0,1,0,1,0,0,0,552,,0,0,872,872,236486,0,0,0,0,0,0,801,1630,,,127.59000000,138.17700000,,,254.20000000,273.82000000,0.02215080,0.12046896,,,,
fpp_new_instances_scaling,,case00,new20x20,new20x20,shortest_path,FPP-Branch-Benders-CVaR-RootCuts,cvar,cvar,0.01,0.9,1.0,20260729,200,1000,0.135000,0.860000,0.000000,0.000000,0.005000,0.134000,0.850000,0.000000,0.000000,0.016000,0.135000,0.860000,0.000000,0.000000,0.005000,1800,1,Optimal,,1,254.20000000,253.98641064,0.00084024,6.89986462,11.452294,1147,25086,,,,0.00000000,0.00000000,0,1,0,0,0,0,0,0,0,0,0,2037,,0,0,0,0,0,0,0,0,0,0,0,801,2367,,,127.59000000,138.17700000,,,254.20000000,273.82000000,0.02161957,0.11835997,,,,
fpp_new_instances_scaling,,case00,new20x20,new20x20,shortest_path,FPP-Branch-Benders-Combinatorial-CVaR,cvar,cvar,0.01,0.9,1.0,20260729,200,1000,0.135000,0.860000,0.000000,0.000000,0.005000,0.134000,0.850000,0.000000,0.000000,0.016000,0.135000,0.860000,0.000000,0.000000,0.005000,1800,1,Optimal,,1,254.20000000,254.02611945,0.00068403,58.25942335,62.652655,240,18968,,,,0.00000000,0.00000000,0,0,0,0,0,0,0,0,1,0,0,315,0,0,0,0,0,0,6006,0,0,0,0,0,801,6207,,,127.59000000,138.17700000,,,254.20000000,273.82000000,0.02613478,0.12733581,,,,
fpp_new_instances_scaling,,case00,new20x20,new20x20,shortest_path,FPP-SAA-CVaR,cvar,cvar,0.01,0.9,1.0,20260729,200,1000,0.135000,0.860000,0.000000,0.000000,0.005000,0.134000,0.850000,0.000000,0.000000,0.016000,0.135000,0.860000,0.000000,0.000000,0.005000,1800,1,Optimal,,1,254.20000000,254.20000000,0.00000000,734.01879779,738.352073,220,0,,,,0.00000000,0.00000000,0,0,0,0,0,0,0,0,0,0,0,0,0,0,0,0,0,0,0,0,0,0,0,0,80601,52493,,,127.59000000,138.17700000,,,254.20000000,273.82000000,0.02365491,0.12426817,,,,
fpp_new_instances_scaling,,case00,new20x20,new20x20,shortest_path,FPP-Branch-Benders-LLBI-RootCuts,expected,expected,0.01,0.9,1.0,20260729,200,1000,0.135000,0.860000,0.000000,0.000000,0.005000,0.134000,0.850000,0.000000,0.000000,0.016000,0.135000,0.860000,0.000000,0.000000,0.005000,1800,1,Optimal,,1,116.10000000,116.10000000,0.00000000,4.08321579,8.561027,45,2241,,,,0.00000000,0.00000000,1,1,0,0,0,0,0,0,0,0,0,665,,200,0,0,0,0,0,0,0,0,0,0,600,1009,,,116.10000000,132.88100000,,,277.00000000,286.20000000,0.02113886,0.11820536,,,,
fpp_new_instances_scaling,,case00,new20x20,new20x20,shortest_path,FPP-Branch-Benders-ProjectedCoverageLLBI-exp-RootCuts,expected,expected,0.01,0.9,1.0,20260729,200,1000,0.135000,0.860000,0.000000,0.000000,0.005000,0.134000,0.850000,0.000000,0.000000,0.016000,0.135000,0.860000,0.000000,0.000000,0.005000,1800,1,Optimal,,1,116.10000000,116.08418948,0.00013618,7.84930281,12.212274,0,591,0.00000000,0.00000000,114.18750000,114.18750000,11418.75000000,1,1,1,0,1,0,0,1,0,0,0,520,,0,853,0,853,192951,0,0,0,0,0,0,600,1520,,,116.10000000,132.88100000,,,277.00000000,286.20000000,0.01874384,0.11257722,,,,
fpp_new_instances_scaling,,case00,new20x20,new20x20,shortest_path,FPP-Branch-Benders-ProjectedPathLLBI-exp-RootCuts,expected,expected,0.01,0.9,1.0,20260729,200,1000,0.135000,0.860000,0.000000,0.000000,0.005000,0.134000,0.850000,0.000000,0.000000,0.016000,0.135000,0.860000,0.000000,0.000000,0.005000,1800,1,Optimal,,1,116.10000000,116.10000000,0.00000000,2.30235076,6.292141,0,322,0.00000000,0.00000000,116.10000000,116.10000000,11610.00000000,1,1,0,1,0,1,0,1,0,0,0,385,,0,0,840,840,197620,0,0,0,0,0,0,600,1226,,,116.10000000,132.88100000,,,277.00000000,286.20000000,0.01823124,0.08877424,,,,
fpp_new_instances_scaling,,case00,new20x20,new20x20,shortest_path,FPP-Branch-Benders-RootCuts,expected,expected,0.01,0.9,1.0,20260729,200,1000,0.135000,0.860000,0.000000,0.000000,0.005000,0.134000,0.850000,0.000000,0.000000,0.016000,0.135000,0.860000,0.000000,0.000000,0.005000,1800,1,Optimal,,1,116.10000000,116.10000000,0.00000000,6.38686979,10.111806,52,1381,,,,0.00000000,0.00000000,0,1,0,0,0,0,0,0,0,0,0,2724,,0,0,0,0,0,0,0,0,0,0,0,600,2865,,,116.10000000,132.88100000,,,277.00000000,286.20000000,0.02060073,0.08445678,,,,
fpp_new_instances_scaling,,case00,new20x20,new20x20,shortest_path,FPP-Branch-Benders-Combinatorial,expected,expected,0.01,0.9,1.0,20260729,200,1000,0.135000,0.860000,0.000000,0.000000,0.005000,0.134000,0.850000,0.000000,0.000000,0.016000,0.135000,0.860000,0.000000,0.000000,0.005000,1800,1,Optimal,,1,116.10000000,116.08265506,0.00014940,11.99649359,16.794688,0,2515,,,,0.00000000,0.00000000,0,0,0,0,0,0,0,0,1,0,0,380,0,0,0,0,0,0,3799,0,0,0,0,0,600,3800,,,116.10000000,132.88100000,,,277.00000000,286.20000000,0.02147163,0.24349250,,,,
fpp_new_instances_scaling,,case00,new20x20,new20x20,shortest_path,FPP-SAA,expected,expected,0.01,0.9,1.0,20260729,200,1000,0.135000,0.860000,0.000000,0.000000,0.005000,0.134000,0.850000,0.000000,0.000000,0.016000,0.135000,0.860000,0.000000,0.000000,0.005000,1800,1,Optimal,,1,116.10000000,116.10000000,0.00000000,40.38657243,43.994207,0,0,,,,0.00000000,0.00000000,0,0,0,0,0,0,0,0,0,0,0,0,0,0,0,0,0,0,0,0,0,0,0,0,80400,52293,,,116.10000000,132.88100000,,,277.00000000,286.20000000,0.01451777,0.10293981,,,,
fpp_new_instances_scaling,,case00,new20x20,new20x20,shortest_path,FPP-Branch-Benders-MeanCVaR-LLBI-RootCuts,mean_cvar,mean-cvar,0.01,0.9,0.5,20260729,200,1000,0.135000,0.860000,0.000000,0.000000,0.005000,0.134000,0.850000,0.000000,0.000000,0.016000,0.135000,0.860000,0.000000,0.000000,0.005000,1800,1,Optimal,,1,189.05000000,188.91650203,0.00070615,8.78511639,13.255492,965,41754,,,,0.00000000,0.00000000,1,1,0,0,0,0,0,0,0,0,0,960,,200,0,0,0,0,0,0,0,0,0,0,801,1504,,,121.60000000,135.06000000,,,256.50000000,271.71000000,0.02077177,0.11512692,,,,
fpp_new_instances_scaling,,case00,new20x20,new20x20,shortest_path,FPP-Branch-Benders-MeanCVaR-ProjectedCoverageLLBI-exp-RootCuts,mean_cvar,mean-cvar,0.01,0.9,0.5,20260729,200,1000,0.135000,0.860000,0.000000,0.000000,0.005000,0.134000,0.850000,0.000000,0.000000,0.016000,0.135000,0.860000,0.000000,0.000000,0.005000,1800,1,Optimal,,1,189.05000000,189.05000000,0.00000000,13.36965133,16.924322,429,24308,0.00000000,0.00000000,175.20146555,175.20146555,17520.14655525,1,1,1,0,1,0,0,1,0,0,0,1197,,0,741,0,741,183791,0,0,0,0,0,0,801,2285,,,121.60000000,135.06000000,,,256.50000000,271.71000000,0.01679495,0.11803156,,,,
fpp_new_instances_scaling,,case00,new20x20,new20x20,shortest_path,FPP-Branch-Benders-MeanCVaR-ProjectedPathLLBI-exp-RootCuts,mean_cvar,mean-cvar,0.01,0.9,0.5,20260729,200,1000,0.135000,0.860000,0.000000,0.000000,0.005000,0.134000,0.850000,0.000000,0.000000,0.016000,0.135000,0.860000,0.000000,0.000000,0.005000,1800,1,Optimal,,1,189.05000000,188.89603079,0.00081444,6.80982594,11.338416,287,14691,0.00000000,0.00000000,178.60898087,178.60898087,17860.89808732,1,1,0,1,0,1,0,1,0,0,0,401,,0,0,815,815,204541,0,0,0,0,0,0,801,1417,,,121.60000000,135.06000000,,,256.50000000,271.71000000,0.02188302,0.11890625,,,,
fpp_new_instances_scaling,,case00,new20x20,new20x20,shortest_path,FPP-Branch-Benders-MeanCVaR-RootCuts,mean_cvar,mean-cvar,0.01,0.9,0.5,20260729,200,1000,0.135000,0.860000,0.000000,0.000000,0.005000,0.134000,0.850000,0.000000,0.000000,0.016000,0.135000,0.860000,0.000000,0.000000,0.005000,1800,1,Optimal,,1,189.05000000,188.88126061,0.00089256,10.00497362,14.850202,1319,44305,,,,0.00000000,0.00000000,0,1,0,0,0,0,0,0,0,0,0,2912,,0,0,0,0,0,0,0,0,0,0,0,801,3255,,,121.60000000,135.06000000,,,256.50000000,271.71000000,0.04464197,0.12497308,,,,
fpp_new_instances_scaling,,case00,new20x20,new20x20,shortest_path,FPP-Branch-Benders-Combinatorial-MeanCVaR,mean_cvar,mean-cvar,0.01,0.9,0.5,20260729,200,1000,0.135000,0.860000,0.000000,0.000000,0.005000,0.134000,0.850000,0.000000,0.000000,0.016000,0.135000,0.860000,0.000000,0.000000,0.005000,1800,1,Optimal,,1,189.05000000,188.92138462,0.00068032,36.67155147,39.972897,79,21529,,,,0.00000000,0.00000000,0,0,0,0,0,0,0,0,1,0,0,301,0,0,0,0,0,0,10005,0,0,0,0,0,801,10206,,,121.60000000,135.06000000,,,256.50000000,271.71000000,0.02232607,0.12126305,,,,
fpp_new_instances_scaling,,case00,new20x20,new20x20,shortest_path,FPP-SAA-MeanCVaR,mean_cvar,mean-cvar,0.01,0.9,0.5,20260729,200,1000,0.135000,0.860000,0.000000,0.000000,0.005000,0.134000,0.850000,0.000000,0.000000,0.016000,0.135000,0.860000,0.000000,0.000000,0.005000,1800,1,Optimal,,1,189.05000000,189.05000000,0.00000000,621.85398326,626.258488,101,0,,,,0.00000000,0.00000000,0,0,0,0,0,0,0,0,0,0,0,0,0,0,0,0,0,0,0,0,0,0,0,0,80601,52493,,,121.60000000,135.06000000,,,256.50000000,271.71000000,0.02577608,0.12186967,,,,
fpp_new_instances_scaling,,case01,new20x20,new20x20,shortest_path,FPP-Branch-Benders-CVaR-LLBI-RootCuts,cvar,cvar,0.01,0.9,1.0,20261729,200,1000,0.125000,0.860000,0.000000,0.000000,0.015000,0.134000,0.850000,0.000000,0.000000,0.016000,0.125000,0.860000,0.000000,0.000000,0.015000,1800,1,Optimal,,1,272.80000000,272.54451687,0.00093652,23.53802864,27.875210,3562,94699,,,,0.00000000,0.00000000,1,1,0,0,0,0,0,0,0,0,0,1443,,200,0,0,0,0,0,0,0,0,0,0,801,1987,,,145.08000000,135.73900000,,,272.80000000,266.77000000,0.03438877,0.08869146,,,,
fpp_new_instances_scaling,,case01,new20x20,new20x20,shortest_path,FPP-Branch-Benders-CVaR-ProjectedCoverageLLBI-exp-RootCuts,cvar,cvar,0.01,0.9,1.0,20261729,200,1000,0.125000,0.860000,0.000000,0.000000,0.015000,0.134000,0.850000,0.000000,0.000000,0.016000,0.125000,0.860000,0.000000,0.000000,0.015000,1800,1,Optimal,,1,272.80000000,272.53471404,0.00097246,24.10498049,28.642468,2078,66575,0.00000000,0.00000000,235.00844658,235.00844658,23500.84465838,1,1,1,0,1,0,0,1,0,0,0,772,,0,747,0,747,208369,0,0,0,0,0,0,801,1857,,,145.08000000,135.73900000,,,272.80000000,266.77000000,0.02502781,0.12088084,,,,
fpp_new_instances_scaling,,case01,new20x20,new20x20,shortest_path,FPP-Branch-Benders-CVaR-ProjectedPathLLBI-exp-RootCuts,cvar,cvar,0.01,0.9,1.0,20261729,200,1000,0.125000,0.860000,0.000000,0.000000,0.015000,0.134000,0.850000,0.000000,0.000000,0.016000,0.125000,0.860000,0.000000,0.000000,0.015000,1800,1,Optimal,,1,272.80000000,272.53724450,0.00096318,15.99009016,21.090218,1069,36250,0.00000000,0.00000000,242.06869506,242.06869506,24206.86950618,1,1,0,1,0,1,0,1,0,0,0,319,,0,0,1009,1009,294632,0,0,0,0,0,0,801,1534,,,145.08000000,135.73900000,,,272.80000000,266.77000000,0.05426586,0.12544597,,,,
fpp_new_instances_scaling,,case01,new20x20,new20x20,shortest_path,FPP-Branch-Benders-CVaR-RootCuts,cvar,cvar,0.01,0.9,1.0,20261729,200,1000,0.125000,0.860000,0.000000,0.000000,0.015000,0.134000,0.850000,0.000000,0.000000,0.016000,0.125000,0.860000,0.000000,0.000000,0.015000,1800,1,Optimal,,1,272.80000000,272.52925623,0.00099246,29.13089974,33.767401,3223,79367,,,,0.00000000,0.00000000,0,1,0,0,0,0,0,0,0,0,0,4025,,0,0,0,0,0,0,0,0,0,0,0,801,4358,,,145.08000000,135.73900000,,,272.80000000,266.77000000,0.02947573,0.12013370,,,,
fpp_new_instances_scaling,,case01,new20x20,new20x20,shortest_path,FPP-Branch-Benders-Combinatorial-CVaR,cvar,cvar,0.01,0.9,1.0,20261729,200,1000,0.125000,0.860000,0.000000,0.000000,0.015000,0.134000,0.850000,0.000000,0.000000,0.016000,0.125000,0.860000,0.000000,0.000000,0.015000,1800,1,Optimal,,1,272.80000000,272.80000000,0.00000000,96.14813006,100.890979,311,25736,,,,0.00000000,0.00000000,0,0,0,0,0,0,0,0,1,0,0,222,0,0,0,0,0,0,7382,0,0,0,0,0,801,7583,,,145.08000000,135.73900000,,,272.80000000,266.77000000,0.02670183,0.12331779,,,,
fpp_new_instances_scaling,,case01,new20x20,new20x20,shortest_path,FPP-SAA-CVaR,cvar,cvar,0.01,0.9,1.0,20261729,200,1000,0.125000,0.860000,0.000000,0.000000,0.015000,0.134000,0.850000,0.000000,0.000000,0.016000,0.125000,0.860000,0.000000,0.000000,0.015000,1800,1,Feasible,,1,281.60000000,256.46599194,0.08925429,1800.02953511,1804.521156,145,0,,,,0.00000000,0.00000000,0,0,0,0,0,0,0,0,0,0,0,0,0,0,0,0,0,0,0,0,0,0,0,0,80601,59384,,,153.87500000,143.13300000,,,281.60000000,273.72000000,0.02114393,0.11806394,,,,
fpp_new_instances_scaling,,case01,new20x20,new20x20,shortest_path,FPP-Branch-Benders-LLBI-RootCuts,expected,expected,0.01,0.9,1.0,20261729,200,1000,0.125000,0.860000,0.000000,0.000000,0.015000,0.134000,0.850000,0.000000,0.000000,0.016000,0.125000,0.860000,0.000000,0.000000,0.015000,1800,1,Optimal,,1,140.62000000,140.62000000,0.00000000,6.99104214,11.695370,218,10050,,,,0.00000000,0.00000000,1,1,0,0,0,0,0,0,0,0,0,1540,,200,0,0,0,0,0,0,0,0,0,0,600,1895,,,140.62000000,134.12200000,,,293.05000000,286.43000000,0.02627374,0.11208800,,,,
fpp_new_instances_scaling,,case01,new20x20,new20x20,shortest_path,FPP-Branch-Benders-ProjectedCoverageLLBI-exp-RootCuts,expected,expected,0.01,0.9,1.0,20261729,200,1000,0.125000,0.860000,0.000000,0.000000,0.015000,0.134000,0.850000,0.000000,0.000000,0.016000,0.125000,0.860000,0.000000,0.000000,0.015000,1800,1,Optimal,,1,140.62000000,140.62000000,0.00000000,11.49905573,16.152690,43,4003,0.00000000,0.00000000,134.68000000,134.68000000,13468.00000000,1,1,1,0,1,0,0,1,0,0,0,914,,0,916,0,916,233283,0,0,0,0,0,0,600,1988,,,140.62000000,134.12200000,,,293.05000000,286.43000000,0.02348308,0.11256847,,,,
fpp_new_instances_scaling,,case01,new20x20,new20x20,shortest_path,FPP-Branch-Benders-ProjectedPathLLBI-exp-RootCuts,expected,expected,0.01,0.9,1.0,20261729,200,1000,0.125000,0.860000,0.000000,0.000000,0.015000,0.134000,0.850000,0.000000,0.000000,0.016000,0.125000,0.860000,0.000000,0.000000,0.015000,1800,1,Optimal,,1,140.62000000,140.62000000,0.00000000,5.53235187,10.747206,9,2201,0.00000000,0.00000000,138.84166667,138.84166667,13884.16666667,1,1,0,1,0,1,0,1,0,0,0,435,,0,0,991,991,262662,0,0,0,0,0,0,600,1427,,,140.62000000,134.12200000,,,293.05000000,286.43000000,0.02512131,0.12458658,,,,
fpp_new_instances_scaling,,case01,new20x20,new20x20,shortest_path,FPP-Branch-Benders-RootCuts,expected,expected,0.01,0.9,1.0,20261729,200,1000,0.125000,0.860000,0.000000,0.000000,0.015000,0.134000,0.850000,0.000000,0.000000,0.016000,0.125000,0.860000,0.000000,0.000000,0.015000,1800,1,Optimal,,1,140.62000000,140.49820403,0.00086614,9.20302904,13.899758,175,5206,,,,0.00000000,0.00000000,0,1,0,0,0,0,0,0,0,0,0,3621,,0,0,0,0,0,0,0,0,0,0,0,600,3770,,,140.62000000,134.12200000,,,293.05000000,286.43000000,0.02368217,0.11702042,,,,
fpp_new_instances_scaling,,case01,new20x20,new20x20,shortest_path,FPP-Branch-Benders-Combinatorial,expected,expected,0.01,0.9,1.0,20261729,200,1000,0.125000,0.860000,0.000000,0.000000,0.015000,0.134000,0.850000,0.000000,0.000000,0.016000,0.125000,0.860000,0.000000,0.000000,0.015000,1800,1,Optimal,,1,140.62000000,140.62000000,0.00000000,16.43161171,20.965772,5,4479,,,,0.00000000,0.00000000,0,0,0,0,0,0,0,0,1,0,0,660,0,0,0,0,0,0,5860,0,0,0,0,0,600,5861,,,140.62000000,134.12200000,,,293.05000000,286.43000000,0.02458467,0.11511890,,,,
fpp_new_instances_scaling,,case01,new20x20,new20x20,shortest_path,FPP-SAA,expected,expected,0.01,0.9,1.0,20261729,200,1000,0.125000,0.860000,0.000000,0.000000,0.015000,0.134000,0.850000,0.000000,0.000000,0.016000,0.125000,0.860000,0.000000,0.000000,0.015000,1800,1,Optimal,,1,140.62000000,140.62000000,0.00000000,106.16377617,110.278863,3,0,,,,0.00000000,0.00000000,0,0,0,0,0,0,0,0,0,0,0,0,0,0,0,0,0,0,0,0,0,0,0,0,80400,59184,,,140.62000000,134.12200000,,,293.05000000,286.43000000,0.02381440,0.11377284,,,,
fpp_new_instances_scaling,,case01,new20x20,new20x20,shortest_path,FPP-Branch-Benders-MeanCVaR-LLBI-RootCuts,mean_cvar,mean-cvar,0.01,0.9,0.5,20261729,200,1000,0.125000,0.860000,0.000000,0.000000,0.015000,0.134000,0.850000,0.000000,0.000000,0.016000,0.125000,0.860000,0.000000,0.000000,0.015000,1800,1,Optimal,,1,208.94000000,208.73144506,0.00099816,16.83808206,21.540663,1230,66396,,,,0.00000000,0.00000000,1,1,0,0,0,0,0,0,0,0,0,1686,,200,0,0,0,0,0,0,0,0,0,0,801,2245,,,145.08000000,135.73900000,,,272.80000000,266.77000000,0.02625448,0.11770179,,,,
fpp_new_instances_scaling,,case01,new20x20,new20x20,shortest_path,FPP-Branch-Benders-MeanCVaR-ProjectedCoverageLLBI-exp-RootCuts,mean_cvar,mean-cvar,0.01,0.9,0.5,20261729,200,1000,0.125000,0.860000,0.000000,0.000000,0.015000,0.134000,0.850000,0.000000,0.000000,0.016000,0.125000,0.860000,0.000000,0.000000,0.015000,1800,1,Optimal,,1,208.94000000,208.82894473,0.00053152,14.06265026,18.633235,825,49119,0.00000000,0.00000000,190.08123618,190.08123618,19008.12361767,1,1,1,0,1,0,0,1,0,0,0,526,,0,839,0,839,226780,0,0,0,0,0,0,801,1723,,,145.08000000,135.73900000,,,272.80000000,266.77000000,0.02470943,0.12802148,,,,
fpp_new_instances_scaling,,case01,new20x20,new20x20,shortest_path,FPP-Branch-Benders-MeanCVaR-ProjectedPathLLBI-exp-RootCuts,mean_cvar,mean-cvar,0.01,0.9,0.5,20261729,200,1000,0.125000,0.860000,0.000000,0.000000,0.015000,0.134000,0.850000,0.000000,0.000000,0.016000,0.125000,0.860000,0.000000,0.000000,0.015000,1800,1,Optimal,,1,208.94000000,208.79355127,0.00070091,8.80251748,12.585138,256,21305,0.00000000,0.00000000,194.17906979,194.17906979,19417.90697907,1,1,0,1,0,1,0,1,0,0,0,324,,0,0,1055,1055,295041,0,0,0,0,0,0,801,1580,,,145.08000000,135.73900000,,,272.80000000,266.77000000,0.02932799,0.09247203,,,,
fpp_new_instances_scaling,,case01,new20x20,new20x20,shortest_path,FPP-Branch-Benders-MeanCVaR-RootCuts,mean_cvar,mean-cvar,0.01,0.9,0.5,20261729,200,1000,0.125000,0.860000,0.000000,0.000000,0.015000,0.134000,0.850000,0.000000,0.000000,0.016000,0.125000,0.860000,0.000000,0.000000,0.015000,1800,1,Optimal,,1,208.94000000,208.74079820,0.00095339,24.42337184,29.131149,2262,97184,,,,0.00000000,0.00000000,0,1,0,0,0,0,0,0,0,0,0,4668,,0,0,0,0,0,0,0,0,0,0,0,801,5022,,,145.08000000,135.73900000,,,272.80000000,266.77000000,0.03085395,0.11817108,,,,
fpp_new_instances_scaling,,case01,new20x20,new20x20,shortest_path,FPP-Branch-Benders-Combinatorial-MeanCVaR,mean_cvar,mean-cvar,0.01,0.9,0.5,20261729,200,1000,0.125000,0.860000,0.000000,0.000000,0.015000,0.134000,0.850000,0.000000,0.000000,0.016000,0.125000,0.860000,0.000000,0.000000,0.015000,1800,1,Optimal,,1,208.94000000,208.76431036,0.00084086,83.10275396,87.558646,147,46248,,,,0.00000000,0.00000000,0,0,0,0,0,0,0,0,1,0,0,498,0,0,0,0,0,0,14712,0,0,0,0,0,801,14913,,,145.08000000,135.73900000,,,272.80000000,266.77000000,0.02466563,0.11656143,,,,
fpp_new_instances_scaling,,case01,new20x20,new20x20,shortest_path,FPP-SAA-MeanCVaR,mean_cvar,mean-cvar,0.01,0.9,0.5,20261729,200,1000,0.125000,0.860000,0.000000,0.000000,0.015000,0.134000,0.850000,0.000000,0.000000,0.016000,0.125000,0.860000,0.000000,0.000000,0.015000,1800,1,Optimal,,1,208.94000000,208.82702240,0.00054072,1221.08431970,1225.801337,156,0,,,,0.00000000,0.00000000,0,0,0,0,0,0,0,0,0,0,0,0,0,0,0,0,0,0,0,0,0,0,0,0,80601,59384,,,145.08000000,135.73900000,,,272.80000000,266.77000000,0.02667773,0.12349713,,,,
fpp_new_instances_scaling,,case02,new20x20,new20x20,shortest_path,FPP-Branch-Benders-CVaR-LLBI-RootCuts,cvar,cvar,0.01,0.9,1.0,20262729,200,1000,0.120000,0.860000,0.000000,0.000000,0.020000,0.134000,0.850000,0.000000,0.000000,0.016000,0.120000,0.860000,0.000000,0.000000,0.020000,1800,1,Optimal,,1,257.00000000,256.85002298,0.00058357,10.96255111,15.290740,1755,53739,,,,0.00000000,0.00000000,1,1,0,0,0,0,0,0,0,0,0,837,,200,0,0,0,0,0,0,0,0,0,0,801,1376,,,147.49500000,142.66300000,,,257.00000000,265.53000000,0.02426126,0.12002665,,,,
fpp_new_instances_scaling,,case02,new20x20,new20x20,shortest_path,FPP-Branch-Benders-CVaR-ProjectedCoverageLLBI-exp-RootCuts,cvar,cvar,0.01,0.9,1.0,20262729,200,1000,0.120000,0.860000,0.000000,0.000000,0.020000,0.134000,0.850000,0.000000,0.000000,0.016000,0.120000,0.860000,0.000000,0.000000,0.020000,1800,1,Optimal,,1,257.00000000,256.77158010,0.00088879,18.91131182,23.621164,1320,43604,0.00000000,0.00000000,217.93749404,217.93749404,21793.74940402,1,1,1,0,1,0,0,1,0,0,0,960,,0,772,0,772,202356,0,0,0,0,0,0,801,2067,,,147.49500000,142.66300000,,,257.00000000,265.53000000,0.02711069,0.13533004,,,,
fpp_new_instances_scaling,,case02,new20x20,new20x20,shortest_path,FPP-Branch-Benders-CVaR-ProjectedPathLLBI-exp-RootCuts,cvar,cvar,0.01,0.9,1.0,20262729,200,1000,0.120000,0.860000,0.000000,0.000000,0.020000,0.134000,0.850000,0.000000,0.000000,0.016000,0.120000,0.860000,0.000000,0.000000,0.020000,1800,1,Optimal,,1,257.00000000,256.76697312,0.00090672,10.83039675,15.253564,847,27145,0.00000000,0.00000000,225.78225400,225.78225400,22578.22539950,1,1,0,1,0,1,0,1,0,0,0,543,,0,0,814,814,220386,0,0,0,0,0,0,801,1563,,,147.49500000,142.66300000,,,257.00000000,265.53000000,0.02537317,0.12544069,,,,
fpp_new_instances_scaling,,case02,new20x20,new20x20,shortest_path,FPP-Branch-Benders-CVaR-RootCuts,cvar,cvar,0.01,0.9,1.0,20262729,200,1000,0.120000,0.860000,0.000000,0.000000,0.020000,0.134000,0.850000,0.000000,0.000000,0.016000,0.120000,0.860000,0.000000,0.000000,0.020000,1800,1,Optimal,,1,257.00000000,256.75304577,0.00096091,27.04170770,31.724332,3371,81454,,,,0.00000000,0.00000000,0,1,0,0,0,0,0,0,0,0,0,3562,,0,0,0,0,0,0,0,0,0,0,0,801,3905,,,140.56500000,141.22700000,,,257.00000000,267.82000000,0.02569871,0.13006334,,,,
fpp_new_instances_scaling,,case02,new20x20,new20x20,shortest_path,FPP-Branch-Benders-Combinatorial-CVaR,cvar,cvar,0.01,0.9,1.0,20262729,200,1000,0.120000,0.860000,0.000000,0.000000,0.020000,0.134000,0.850000,0.000000,0.000000,0.016000,0.120000,0.860000,0.000000,0.000000,0.020000,1800,1,Optimal,,1,257.00000000,257.00000000,0.00000000,75.87758029,80.217395,293,24316,,,,0.00000000,0.00000000,0,0,0,0,0,0,0,0,1,0,0,228,0,0,0,0,0,0,6474,0,0,0,0,0,801,6675,,,147.49500000,142.66300000,,,257.00000000,265.53000000,0.02221313,0.12247812,,,,
fpp_new_instances_scaling,,case02,new20x20,new20x20,shortest_path,FPP-SAA-CVaR,cvar,cvar,0.01,0.9,1.0,20262729,200,1000,0.120000,0.860000,0.000000,0.000000,0.020000,0.134000,0.850000,0.000000,0.000000,0.016000,0.120000,0.860000,0.000000,0.000000,0.020000,1800,1,Feasible,,1,257.00000000,249.96270734,0.02738246,1800.03176358,1804.003907,309,0,,,,0.00000000,0.00000000,0,0,0,0,0,0,0,0,0,0,0,0,0,0,0,0,0,0,0,0,0,0,0,0,80601,56594,,,147.49500000,142.66300000,,,257.00000000,265.53000000,0.02928709,0.12037982,,,,
fpp_new_instances_scaling,,case02,new20x20,new20x20,shortest_path,FPP-Branch-Benders-LLBI-RootCuts,expected,expected,0.01,0.9,1.0,20262729,200,1000,0.120000,0.860000,0.000000,0.000000,0.020000,0.134000,0.850000,0.000000,0.000000,0.016000,0.120000,0.860000,0.000000,0.000000,0.020000,1800,1,Optimal,,1,132.28000000,132.28000000,0.00000000,6.49654174,11.210076,121,4991,,,,0.00000000,0.00000000,1,1,0,0,0,0,0,0,0,0,0,1215,,200,0,0,0,0,0,0,0,0,0,0,600,1570,,,132.28000000,132.88100000,,,275.55000000,286.20000000,0.02281013,0.11578379,,,,
fpp_new_instances_scaling,,case02,new20x20,new20x20,shortest_path,FPP-Branch-Benders-ProjectedCoverageLLBI-exp-RootCuts,expected,expected,0.01,0.9,1.0,20262729,200,1000,0.120000,0.860000,0.000000,0.000000,0.020000,0.134000,0.850000,0.000000,0.000000,0.016000,0.120000,0.860000,0.000000,0.000000,0.020000,1800,1,Optimal,,1,132.28000000,132.22339072,0.00042795,13.61475999,18.172585,34,4370,0.00000000,0.00000000,127.39750000,127.39750000,12739.75000000,1,1,1,0,1,0,0,1,0,0,0,1349,,0,855,0,855,201717,0,0,0,0,0,0,600,2353,,,132.28000000,132.88100000,,,275.55000000,286.20000000,0.02413836,0.11530338,,,,
fpp_new_instances_scaling,,case02,new20x20,new20x20,shortest_path,FPP-Branch-Benders-ProjectedPathLLBI-exp-RootCuts,expected,expected,0.01,0.9,1.0,20262729,200,1000,0.120000,0.860000,0.000000,0.000000,0.020000,0.134000,0.850000,0.000000,0.000000,0.016000,0.120000,0.860000,0.000000,0.000000,0.020000,1800,1,Optimal,,1,132.28000000,132.21405150,0.00049855,5.24611218,10.018847,10,2049,0.00000000,0.00000000,130.08125000,130.08125000,13008.12500000,1,1,0,1,0,1,0,1,0,0,0,545,,0,0,854,854,204355,0,0,0,0,0,0,600,1400,,,132.28000000,132.88100000,,,275.55000000,286.20000000,0.02276946,0.12196229,,,,
fpp_new_instances_scaling,,case02,new20x20,new20x20,shortest_path,FPP-Branch-Benders-RootCuts,expected,expected,0.01,0.9,1.0,20262729,200,1000,0.120000,0.860000,0.000000,0.000000,0.020000,0.134000,0.850000,0.000000,0.000000,0.016000,0.120000,0.860000,0.000000,0.000000,0.020000,1800,1,Optimal,,1,132.28000000,132.14860073,0.00099334,7.65831612,12.038496,261,8124,,,,0.00000000,0.00000000,0,1,0,0,0,0,0,0,0,0,0,3636,,0,0,0,0,0,0,0,0,0,0,0,600,3789,,,132.28000000,132.88100000,,,275.55000000,286.20000000,0.02277849,0.11397294,,,,
fpp_new_instances_scaling,,case02,new20x20,new20x20,shortest_path,FPP-Branch-Benders-Combinatorial,expected,expected,0.01,0.9,1.0,20262729,200,1000,0.120000,0.860000,0.000000,0.000000,0.020000,0.134000,0.850000,0.000000,0.000000,0.016000,0.120000,0.860000,0.000000,0.000000,0.020000,1800,1,Optimal,,1,132.28000000,132.28000000,0.00000000,11.57441252,16.019986,7,2855,,,,0.00000000,0.00000000,0,0,0,0,0,0,0,0,1,0,0,353,0,0,0,0,0,0,3375,0,0,0,0,0,600,3376,,,132.28000000,132.88100000,,,275.55000000,286.20000000,0.02317603,0.11449969,,,,
fpp_new_instances_scaling,,case02,new20x20,new20x20,shortest_path,FPP-SAA,expected,expected,0.01,0.9,1.0,20262729,200,1000,0.120000,0.860000,0.000000,0.000000,0.020000,0.134000,0.850000,0.000000,0.000000,0.016000,0.120000,0.860000,0.000000,0.000000,0.020000,1800,1,Optimal,,1,132.28000000,132.28000000,0.00000000,130.73477373,134.506686,3,0,,,,0.00000000,0.00000000,0,0,0,0,0,0,0,0,0,0,0,0,0,0,0,0,0,0,0,0,0,0,0,0,80400,56394,,,132.28000000,132.88100000,,,275.55000000,286.20000000,0.02754780,0.09737522,,,,
fpp_new_instances_scaling,,case02,new20x20,new20x20,shortest_path,FPP-Branch-Benders-MeanCVaR-LLBI-RootCuts,mean_cvar,mean-cvar,0.01,0.9,0.5,20262729,200,1000,0.120000,0.860000,0.000000,0.000000,0.020000,0.134000,0.850000,0.000000,0.000000,0.016000,0.120000,0.860000,0.000000,0.000000,0.020000,1800,1,Optimal,,1,197.32500000,197.13503667,0.00096269,10.88786220,15.263128,1109,48431,,,,0.00000000,0.00000000,1,1,0,0,0,0,0,0,0,0,0,1017,,200,0,0,0,0,0,0,0,0,0,0,801,1570,,,135.85000000,133.69200000,,,258.80000000,269.46000000,0.01883570,0.09130496,,,,
fpp_new_instances_scaling,,case02,new20x20,new20x20,shortest_path,FPP-Branch-Benders-MeanCVaR-ProjectedCoverageLLBI-exp-RootCuts,mean_cvar,mean-cvar,0.01,0.9,0.5,20262729,200,1000,0.120000,0.860000,0.000000,0.000000,0.020000,0.134000,0.850000,0.000000,0.000000,0.016000,0.120000,0.860000,0.000000,0.000000,0.020000,1800,1,Optimal,,1,197.32500000,197.12851166,0.00099576,17.15352855,20.786244,833,41166,0.00000000,0.00000000,176.19006297,176.19006297,17619.00629745,1,1,1,0,1,0,0,1,0,0,0,1656,,0,725,0,725,184252,0,0,0,0,0,0,801,2734,,,135.85000000,133.69200000,,,258.80000000,269.46000000,0.01930203,0.09634680,,,,
fpp_new_instances_scaling,,case02,new20x20,new20x20,shortest_path,FPP-Branch-Benders-MeanCVaR-ProjectedPathLLBI-exp-RootCuts,mean_cvar,mean-cvar,0.01,0.9,0.5,20262729,200,1000,0.120000,0.860000,0.000000,0.000000,0.020000,0.134000,0.850000,0.000000,0.000000,0.016000,0.120000,0.860000,0.000000,0.000000,0.020000,1800,1,Optimal,,1,197.32500000,197.32500000,0.00000000,10.45267157,14.960408,423,22873,0.00000000,0.00000000,181.37596982,181.37596982,18137.59698198,1,1,0,1,0,1,0,1,0,0,0,939,,0,0,823,823,217025,0,0,0,0,0,0,801,1963,,,135.85000000,133.69200000,,,258.80000000,269.46000000,0.02264869,0.11702885,,,,
fpp_new_instances_scaling,,case02,new20x20,new20x20,shortest_path,FPP-Branch-Benders-MeanCVaR-RootCuts,mean_cvar,mean-cvar,0.01,0.9,0.5,20262729,200,1000,0.120000,0.860000,0.000000,0.000000,0.020000,0.134000,0.850000,0.000000,0.000000,0.016000,0.120000,0.860000,0.000000,0.000000,0.020000,1800,1,Optimal,,1,197.32500000,197.15006893,0.00088651,16.57293474,21.008539,1527,61016,,,,0.00000000,0.00000000,0,1,0,0,0,0,0,0,0,0,0,3145,,0,0,0,0,0,0,0,0,0,0,0,801,3498,,,135.85000000,133.69200000,,,258.80000000,269.46000000,0.02444473,0.11557209,,,,
fpp_new_instances_scaling,,case02,new20x20,new20x20,shortest_path,FPP-Branch-Benders-Combinatorial-MeanCVaR,mean_cvar,mean-cvar,0.01,0.9,0.5,20262729,200,1000,0.120000,0.860000,0.000000,0.000000,0.020000,0.134000,0.850000,0.000000,0.000000,0.016000,0.120000,0.860000,0.000000,0.000000,0.020000,1800,1,Optimal,,1,197.32500000,197.32500000,0.00000000,54.37166070,58.716813,118,36192,,,,0.00000000,0.00000000,0,0,0,0,0,0,0,0,1,0,0,508,0,0,0,0,0,0,10308,0,0,0,0,0,801,10509,,,135.85000000,133.69200000,,,258.80000000,269.46000000,0.02528379,0.11331948,,,,
fpp_new_instances_scaling,,case02,new20x20,new20x20,shortest_path,FPP-SAA-MeanCVaR,mean_cvar,mean-cvar,0.01,0.9,0.5,20262729,200,1000,0.120000,0.860000,0.000000,0.000000,0.020000,0.134000,0.850000,0.000000,0.000000,0.016000,0.120000,0.860000,0.000000,0.000000,0.020000,1800,1,Optimal,,1,197.32500000,197.32500000,0.00000000,957.05129635,961.841003,185,0,,,,0.00000000,0.00000000,0,0,0,0,0,0,0,0,0,0,0,0,0,0,0,0,0,0,0,0,0,0,0,0,80601,56594,,,135.85000000,133.69200000,,,258.80000000,269.46000000,0.02514507,0.12580556,,,,
fpp_new_instances_scaling,,case03,new20x20,new20x20,shortest_path,FPP-Branch-Benders-CVaR-LLBI-RootCuts,cvar,cvar,0.01,0.9,1.0,20263729,200,1000,0.095000,0.895000,0.000000,0.000000,0.010000,0.134000,0.850000,0.000000,0.000000,0.016000,0.095000,0.895000,0.000000,0.000000,0.010000,1800,1,Optimal,,1,257.75000000,257.51469447,0.00091292,12.70004493,17.124279,927,33986,,,,0.00000000,0.00000000,1,1,0,0,0,0,0,0,0,0,0,1059,,200,0,0,0,0,0,0,0,0,0,0,801,1611,,,149.52500000,143.59600000,,,257.75000000,270.62000000,0.03123238,0.12297651,,,,
fpp_new_instances_scaling,,case03,new20x20,new20x20,shortest_path,FPP-Branch-Benders-CVaR-ProjectedCoverageLLBI-exp-RootCuts,cvar,cvar,0.01,0.9,1.0,20263729,200,1000,0.095000,0.895000,0.000000,0.000000,0.010000,0.134000,0.850000,0.000000,0.000000,0.016000,0.095000,0.895000,0.000000,0.000000,0.010000,1800,1,Optimal,,1,257.75000000,257.73685455,0.00005100,14.39114843,18.982109,528,21887,0.00000000,0.00000000,228.63993389,228.63993389,22863.99338910,1,1,1,0,1,0,0,1,0,0,0,740,,0,927,0,927,258204,0,0,0,0,0,0,801,2009,,,149.52500000,143.59600000,,,257.75000000,270.62000000,0.02783827,0.12234361,,,,
fpp_new_instances_scaling,,case03,new20x20,new20x20,shortest_path,FPP-Branch-Benders-CVaR-ProjectedPathLLBI-exp-RootCuts,cvar,cvar,0.01,0.9,1.0,20263729,200,1000,0.095000,0.895000,0.000000,0.000000,0.010000,0.134000,0.850000,0.000000,0.000000,0.016000,0.095000,0.895000,0.000000,0.000000,0.010000,1800,1,Optimal,,1,257.75000000,257.51167397,0.00092464,9.99216232,14.659166,370,14985,0.00000000,0.00000000,234.26690830,234.26690830,23426.69082985,1,1,0,1,0,1,0,1,0,0,0,607,,0,0,1014,1014,287539,0,0,0,0,0,0,801,1831,,,149.52500000,143.59600000,,,257.75000000,270.62000000,0.02570155,0.12180862,,,,
fpp_new_instances_scaling,,case03,new20x20,new20x20,shortest_path,FPP-Branch-Benders-CVaR-RootCuts,cvar,cvar,0.01,0.9,1.0,20263729,200,1000,0.095000,0.895000,0.000000,0.000000,0.010000,0.134000,0.850000,0.000000,0.000000,0.016000,0.095000,0.895000,0.000000,0.000000,0.010000,1800,1,Optimal,,1,257.75000000,257.49889245,0.00097423,10.80510929,15.427020,1507,38143,,,,0.00000000,0.00000000,0,1,0,0,0,0,0,0,0,0,0,2372,,0,0,0,0,0,0,0,0,0,0,0,801,2702,,,149.52500000,143.59600000,,,257.75000000,270.62000000,0.02491046,0.12211223,,,,
fpp_new_instances_scaling,,case03,new20x20,new20x20,shortest_path,FPP-Branch-Benders-Combinatorial-CVaR,cvar,cvar,0.01,0.9,1.0,20263729,200,1000,0.095000,0.895000,0.000000,0.000000,0.010000,0.134000,0.850000,0.000000,0.000000,0.016000,0.095000,0.895000,0.000000,0.000000,0.010000,1800,1,Optimal,,1,257.75000000,257.67774229,0.00028034,72.22931520,76.673110,203,23304,,,,0.00000000,0.00000000,0,0,0,0,0,0,0,0,1,0,0,234,0,0,0,0,0,0,7018,0,0,0,0,0,801,7219,,,149.52500000,143.59600000,,,257.75000000,270.62000000,0.02500404,0.12903363,,,,
fpp_new_instances_scaling,,case03,new20x20,new20x20,shortest_path,FPP-SAA-CVaR,cvar,cvar,0.01,0.9,1.0,20263729,200,1000,0.095000,0.895000,0.000000,0.000000,0.010000,0.134000,0.850000,0.000000,0.000000,0.016000,0.095000,0.895000,0.000000,0.000000,0.010000,1800,1,Optimal,,1,257.75000000,257.75000000,0.00000000,1022.10548208,1026.530087,121,0,,,,0.00000000,0.00000000,0,0,0,0,0,0,0,0,0,0,0,0,0,0,0,0,0,0,0,0,0,0,0,0,80601,59084,,,149.52500000,143.59600000,,,257.75000000,270.62000000,0.02572827,0.12785131,,,,
fpp_new_instances_scaling,,case03,new20x20,new20x20,shortest_path,FPP-Branch-Benders-LLBI-RootCuts,expected,expected,0.01,0.9,1.0,20263729,200,1000,0.095000,0.895000,0.000000,0.000000,0.010000,0.134000,0.850000,0.000000,0.000000,0.016000,0.095000,0.895000,0.000000,0.000000,0.010000,1800,1,Optimal,,1,139.48500000,139.48500000,0.00000000,8.92123023,13.052939,397,20400,,,,0.00000000,0.00000000,1,1,0,0,0,0,0,0,0,0,0,2117,,200,0,0,0,0,0,0,0,0,0,0,600,2480,,,139.48500000,134.08000000,,,285.60000000,286.73000000,0.01908982,0.11004637,,,,
fpp_new_instances_scaling,,case03,new20x20,new20x20,shortest_path,FPP-Branch-Benders-ProjectedCoverageLLBI-exp-RootCuts,expected,expected,0.01,0.9,1.0,20263729,200,1000,0.095000,0.895000,0.000000,0.000000,0.010000,0.134000,0.850000,0.000000,0.000000,0.016000,0.095000,0.895000,0.000000,0.000000,0.010000,1800,1,Optimal,,1,139.48500000,139.48500000,0.00000000,13.61647489,18.053371,101,8362,0.00000000,0.00000000,131.36666667,131.36666667,13136.66666667,1,1,1,0,1,0,0,1,0,0,0,1471,,0,963,0,963,228951,0,0,0,0,0,0,600,2596,,,139.48500000,134.08000000,,,285.60000000,286.73000000,0.02364162,0.10548483,,,,
fpp_new_instances_scaling,,case03,new20x20,new20x20,shortest_path,FPP-Branch-Benders-ProjectedPathLLBI-exp-RootCuts,expected,expected,0.01,0.9,1.0,20263729,200,1000,0.095000,0.895000,0.000000,0.000000,0.010000,0.134000,0.850000,0.000000,0.000000,0.016000,0.095000,0.895000,0.000000,0.000000,0.010000,1800,1,Optimal,,1,139.48500000,139.38768365,0.00069768,6.59406727,11.080031,41,3672,0.00000000,0.00000000,137.00500000,137.00500000,13700.50000000,1,1,0,1,0,1,0,1,0,0,0,591,,0,0,938,938,238280,0,0,0,0,0,0,600,1530,,,139.48500000,134.08000000,,,285.60000000,286.73000000,0.02360852,0.11452145,,,,
fpp_new_instances_scaling,,case03,new20x20,new20x20,shortest_path,FPP-Branch-Benders-RootCuts,expected,expected,0.01,0.9,1.0,20263729,200,1000,0.095000,0.895000,0.000000,0.000000,0.010000,0.134000,0.850000,0.000000,0.000000,0.016000,0.095000,0.895000,0.000000,0.000000,0.010000,1800,1,Optimal,,1,139.48500000,139.39259267,0.00066249,11.11862145,15.746517,283,10389,,,,0.00000000,0.00000000,0,1,0,0,0,0,0,0,0,0,0,4030,,0,0,0,0,0,0,0,0,0,0,0,600,4187,,,139.48500000,134.08000000,,,285.60000000,286.73000000,0.02300142,0.11434453,,,,
fpp_new_instances_scaling,,case03,new20x20,new20x20,shortest_path,FPP-Branch-Benders-Combinatorial,expected,expected,0.01,0.9,1.0,20263729,200,1000,0.095000,0.895000,0.000000,0.000000,0.010000,0.134000,0.850000,0.000000,0.000000,0.016000,0.095000,0.895000,0.000000,0.000000,0.010000,1800,1,Optimal,,1,139.48500000,139.48500000,0.00000000,16.34760492,20.591351,11,4948,,,,0.00000000,0.00000000,0,0,0,0,0,0,0,0,1,0,0,949,0,0,0,0,0,0,6230,0,0,0,0,0,600,6231,,,139.48500000,134.08000000,,,285.60000000,286.73000000,0.02358575,0.11011264,,,,
fpp_new_instances_scaling,,case03,new20x20,new20x20,shortest_path,FPP-SAA,expected,expected,0.01,0.9,1.0,20263729,200,1000,0.095000,0.895000,0.000000,0.000000,0.010000,0.134000,0.850000,0.000000,0.000000,0.016000,0.095000,0.895000,0.000000,0.000000,0.010000,1800,1,Optimal,,1,139.48500000,139.48500000,0.00000000,206.70659672,211.129424,5,0,,,,0.00000000,0.00000000,0,0,0,0,0,0,0,0,0,0,0,0,0,0,0,0,0,0,0,0,0,0,0,0,80400,58884,,,139.48500000,134.08000000,,,285.60000000,286.73000000,0.02372733,0.11529478,,,,
fpp_new_instances_scaling,,case03,new20x20,new20x20,shortest_path,FPP-Branch-Benders-MeanCVaR-LLBI-RootCuts,mean_cvar,mean-cvar,0.01,0.9,0.5,20263729,200,1000,0.095000,0.895000,0.000000,0.000000,0.010000,0.134000,0.850000,0.000000,0.000000,0.016000,0.095000,0.895000,0.000000,0.000000,0.010000,1800,1,Optimal,,1,201.56750000,201.40417781,0.00081026,13.18056009,17.661022,746,40800,,,,0.00000000,0.00000000,1,1,0,0,0,0,0,0,0,0,0,1505,,200,0,0,0,0,0,0,0,0,0,0,801,2067,,,142.43500000,135.73900000,,,260.70000000,266.77000000,0.02892599,0.11335145,,,,
fpp_new_instances_scaling,,case03,new20x20,new20x20,shortest_path,FPP-Branch-Benders-MeanCVaR-ProjectedCoverageLLBI-exp-RootCuts,mean_cvar,mean-cvar,0.01,0.9,0.5,20263729,200,1000,0.095000,0.895000,0.000000,0.000000,0.010000,0.134000,0.850000,0.000000,0.000000,0.016000,0.095000,0.895000,0.000000,0.000000,0.010000,1800,1,Optimal,,1,201.56750000,201.41256358,0.00076866,17.20970506,22.265493,480,26625,0.00000000,0.00000000,185.49744126,185.49744126,18549.74412635,1,1,1,0,1,0,0,1,0,0,0,1210,,0,870,0,870,229331,0,0,0,0,0,0,801,2441,,,142.43500000,135.73900000,,,260.70000000,266.77000000,0.02632645,0.12584060,,,,
fpp_new_instances_scaling,,case03,new20x20,new20x20,shortest_path,FPP-Branch-Benders-MeanCVaR-ProjectedPathLLBI-exp-RootCuts,mean_cvar,mean-cvar,0.01,0.9,0.5,20263729,200,1000,0.095000,0.895000,0.000000,0.000000,0.010000,0.134000,0.850000,0.000000,0.000000,0.016000,0.095000,0.895000,0.000000,0.000000,0.010000,1800,1,Optimal,,1,201.56750000,201.56750000,0.00000000,8.61611356,13.604429,211,13749,0.00000000,0.00000000,189.82094405,189.82094405,18982.09440530,1,1,0,1,0,1,0,1,0,0,0,595,,0,0,948,948,257542,0,0,0,0,0,0,801,1748,,,142.43500000,135.73900000,,,260.70000000,266.77000000,0.02583824,0.13001879,,,,
fpp_new_instances_scaling,,case03,new20x20,new20x20,shortest_path,FPP-Branch-Benders-MeanCVaR-RootCuts,mean_cvar,mean-cvar,0.01,0.9,0.5,20263729,200,1000,0.095000,0.895000,0.000000,0.000000,0.010000,0.134000,0.850000,0.000000,0.000000,0.016000,0.095000,0.895000,0.000000,0.000000,0.010000,1800,1,Optimal,,1,201.56750000,201.37710328,0.00094458,15.25908444,20.076654,973,43396,,,,0.00000000,0.00000000,0,1,0,0,0,0,0,0,0,0,0,3285,,0,0,0,0,0,0,0,0,0,0,0,801,3634,,,142.43500000,135.73900000,,,260.70000000,266.77000000,0.02602064,0.12496394,,,,
fpp_new_instances_scaling,,case03,new20x20,new20x20,shortest_path,FPP-Branch-Benders-Combinatorial-MeanCVaR,mean_cvar,mean-cvar,0.01,0.9,0.5,20263729,200,1000,0.095000,0.895000,0.000000,0.000000,0.010000,0.134000,0.850000,0.000000,0.000000,0.016000,0.095000,0.895000,0.000000,0.000000,0.010000,1800,1,Optimal,,1,201.56750000,201.54304571,0.00012132,51.99101844,56.381608,91,31253,,,,0.00000000,0.00000000,0,0,0,0,0,0,0,0,1,0,0,473,0,0,0,0,0,0,12832,0,0,0,0,0,801,13033,,,142.43500000,135.73900000,,,260.70000000,266.77000000,0.02916824,0.12088767,,,,
fpp_new_instances_scaling,,case03,new20x20,new20x20,shortest_path,FPP-SAA-MeanCVaR,mean_cvar,mean-cvar,0.01,0.9,0.5,20263729,200,1000,0.095000,0.895000,0.000000,0.000000,0.010000,0.134000,0.850000,0.000000,0.000000,0.016000,0.095000,0.895000,0.000000,0.000000,0.010000,1800,1,Optimal,,1,201.56750000,201.56750000,0.00000000,912.82232326,917.209609,70,0,,,,0.00000000,0.00000000,0,0,0,0,0,0,0,0,0,0,0,0,0,0,0,0,0,0,0,0,0,0,0,0,80601,59084,,,142.43500000,135.73900000,,,260.70000000,266.77000000,0.02429487,0.12055402,,,,
fpp_new_instances_scaling,,case04,new20x20,new20x20,shortest_path,FPP-Branch-Benders-CVaR-LLBI-RootCuts,cvar,cvar,0.01,0.9,1.0,20264729,200,1000,0.090000,0.905000,0.000000,0.000000,0.005000,0.134000,0.850000,0.000000,0.000000,0.016000,0.090000,0.905000,0.000000,0.000000,0.005000,1800,1,Optimal,,1,269.40000000,269.14725282,0.00093819,22.11825994,26.821738,3109,83619,,,,0.00000000,0.00000000,1,1,0,0,0,0,0,0,0,0,0,1414,,200,0,0,0,0,0,0,0,0,0,0,801,1961,,,135.95000000,136.04700000,,,269.40000000,277.79000000,0.02321474,0.11515256,,,,
fpp_new_instances_scaling,,case04,new20x20,new20x20,shortest_path,FPP-Branch-Benders-CVaR-ProjectedCoverageLLBI-exp-RootCuts,cvar,cvar,0.01,0.9,1.0,20264729,200,1000,0.090000,0.905000,0.000000,0.000000,0.005000,0.134000,0.850000,0.000000,0.000000,0.016000,0.090000,0.905000,0.000000,0.000000,0.005000,1800,1,Optimal,,1,269.40000000,269.13425926,0.00098642,49.56328341,54.225801,3718,116251,0.00000000,0.00000000,228.91119027,228.91119027,22891.11902678,1,1,1,0,1,0,0,1,0,0,0,1926,,0,829,0,829,231629,0,0,0,0,0,0,801,3100,,,135.95000000,136.04700000,,,269.40000000,277.79000000,0.02287230,0.11554055,,,,
fpp_new_instances_scaling,,case04,new20x20,new20x20,shortest_path,FPP-Branch-Benders-CVaR-ProjectedPathLLBI-exp-RootCuts,cvar,cvar,0.01,0.9,1.0,20264729,200,1000,0.090000,0.905000,0.000000,0.000000,0.005000,0.134000,0.850000,0.000000,0.000000,0.016000,0.090000,0.905000,0.000000,0.000000,0.005000,1800,1,Optimal,,1,269.40000000,269.18329164,0.00080441,15.58657880,20.077479,1838,57382,0.00000000,0.00000000,237.00691249,237.00691249,23700.69124905,1,1,0,1,0,1,0,1,0,0,0,448,,0,0,930,930,268706,0,0,0,0,0,0,801,1586,,,135.95000000,136.04700000,,,269.40000000,277.79000000,0.02407736,0.11962243,,,,
fpp_new_instances_scaling,,case04,new20x20,new20x20,shortest_path,FPP-Branch-Benders-CVaR-RootCuts,cvar,cvar,0.01,0.9,1.0,20264729,200,1000,0.090000,0.905000,0.000000,0.000000,0.005000,0.134000,0.850000,0.000000,0.000000,0.016000,0.090000,0.905000,0.000000,0.000000,0.005000,1800,1,Optimal,,1,269.40000000,269.14021161,0.00096432,34.87090361,39.274621,4068,104793,,,,0.00000000,0.00000000,0,1,0,0,0,0,0,0,0,0,0,4426,,0,0,0,0,0,0,0,0,0,0,0,801,4771,,,135.95000000,136.04700000,,,269.40000000,277.79000000,0.02810245,0.11881172,,,,
fpp_new_instances_scaling,,case04,new20x20,new20x20,shortest_path,FPP-Branch-Benders-Combinatorial-CVaR,cvar,cvar,0.01,0.9,1.0,20264729,200,1000,0.090000,0.905000,0.000000,0.000000,0.005000,0.134000,0.850000,0.000000,0.000000,0.016000,0.090000,0.905000,0.000000,0.000000,0.005000,1800,1,Optimal,,1,269.40000000,269.14661354,0.00094056,157.22389469,161.497447,503,39894,,,,0.00000000,0.00000000,0,0,0,0,0,0,0,0,1,0,0,350,0,0,0,0,0,0,9797,0,0,0,0,0,801,9998,,,135.95000000,136.04700000,,,269.40000000,277.79000000,0.02450603,0.11564774,,,,
fpp_new_instances_scaling,,case04,new20x20,new20x20,shortest_path,FPP-SAA-CVaR,cvar,cvar,0.01,0.9,1.0,20264729,200,1000,0.090000,0.905000,0.000000,0.000000,0.005000,0.134000,0.850000,0.000000,0.000000,0.016000,0.090000,0.905000,0.000000,0.000000,0.005000,1800,1,Feasible,,1,270.45000000,257.12815679,0.04925806,1800.02745183,1804.463203,266,0,,,,0.00000000,0.00000000,0,0,0,0,0,0,0,0,0,0,0,0,0,0,0,0,0,0,0,0,0,0,0,0,80601,56789,,,132.91500000,135.06000000,,,270.45000000,271.71000000,0.02721159,0.11643644,,,,
fpp_new_instances_scaling,,case04,new20x20,new20x20,shortest_path,FPP-Branch-Benders-LLBI-RootCuts,expected,expected,0.01,0.9,1.0,20264729,200,1000,0.090000,0.905000,0.000000,0.000000,0.005000,0.134000,0.850000,0.000000,0.000000,0.016000,0.090000,0.905000,0.000000,0.000000,0.005000,1800,1,Optimal,,1,130.02000000,129.89615501,0.00095251,6.51970372,10.868478,144,5918,,,,0.00000000,0.00000000,1,1,0,0,0,0,0,0,0,0,0,1272,,200,0,0,0,0,0,0,0,0,0,0,600,1631,,,130.02000000,132.92300000,,,285.80000000,285.97000000,0.02205576,0.11456524,,,,
fpp_new_instances_scaling,,case04,new20x20,new20x20,shortest_path,FPP-Branch-Benders-ProjectedCoverageLLBI-exp-RootCuts,expected,expected,0.01,0.9,1.0,20264729,200,1000,0.090000,0.905000,0.000000,0.000000,0.005000,0.134000,0.850000,0.000000,0.000000,0.016000,0.090000,0.905000,0.000000,0.000000,0.005000,1800,1,Optimal,,1,130.02000000,130.02000000,0.00000000,11.87509870,16.429039,15,2780,0.00000000,0.00000000,124.90000000,124.90000000,12490.00000000,1,1,1,0,1,0,0,1,0,0,0,1059,,0,961,0,961,233794,0,0,0,0,0,0,600,2177,,,130.02000000,132.92300000,,,285.80000000,285.97000000,0.02417150,0.11218951,,,,
fpp_new_instances_scaling,,case04,new20x20,new20x20,shortest_path,FPP-Branch-Benders-ProjectedPathLLBI-exp-RootCuts,expected,expected,0.01,0.9,1.0,20264729,200,1000,0.090000,0.905000,0.000000,0.000000,0.005000,0.134000,0.850000,0.000000,0.000000,0.016000,0.090000,0.905000,0.000000,0.000000,0.005000,1800,1,Optimal,,1,130.02000000,129.96604671,0.00041496,5.82156234,10.351137,12,2174,0.00000000,0.00000000,129.22833333,129.22833333,12922.83333333,1,1,0,1,0,1,0,1,0,0,0,498,,0,0,913,913,228435,0,0,0,0,0,0,600,1412,,,130.02000000,132.92300000,,,285.80000000,285.97000000,0.03057310,0.11092421,,,,
fpp_new_instances_scaling,,case04,new20x20,new20x20,shortest_path,FPP-Branch-Benders-RootCuts,expected,expected,0.01,0.9,1.0,20264729,200,1000,0.090000,0.905000,0.000000,0.000000,0.005000,0.134000,0.850000,0.000000,0.000000,0.016000,0.090000,0.905000,0.000000,0.000000,0.005000,1800,1,Optimal,,1,130.02000000,129.97486440,0.00034714,7.35850541,11.377378,168,4840,,,,0.00000000,0.00000000,0,1,0,0,0,0,0,0,0,0,0,3200,,0,0,0,0,0,0,0,0,0,0,0,600,3354,,,130.02000000,132.92300000,,,285.80000000,285.97000000,0.02554525,0.08647754,,,,
fpp_new_instances_scaling,,case04,new20x20,new20x20,shortest_path,FPP-Branch-Benders-Combinatorial,expected,expected,0.01,0.9,1.0,20264729,200,1000,0.090000,0.905000,0.000000,0.000000,0.005000,0.134000,0.850000,0.000000,0.000000,0.016000,0.090000,0.905000,0.000000,0.000000,0.005000,1800,1,Optimal,,1,130.02000000,130.02000000,0.00000000,15.49141150,20.000468,3,4549,,,,0.00000000,0.00000000,0,0,0,0,0,0,0,0,1,0,0,420,0,0,0,0,0,0,6016,0,0,0,0,0,600,6017,,,130.02000000,132.92300000,,,285.80000000,285.97000000,0.02159178,0.12249672,,,,
fpp_new_instances_scaling,,case04,new20x20,new20x20,shortest_path,FPP-SAA,expected,expected,0.01,0.9,1.0,20264729,200,1000,0.090000,0.905000,0.000000,0.000000,0.005000,0.134000,0.850000,0.000000,0.000000,0.016000,0.090000,0.905000,0.000000,0.000000,0.005000,1800,1,Optimal,,1,130.02000000,130.02000000,0.00000000,118.89096924,123.082052,0,0,,,,0.00000000,0.00000000,0,0,0,0,0,0,0,0,0,0,0,0,0,0,0,0,0,0,0,0,0,0,0,0,80400,56589,,,130.02000000,132.92300000,,,285.80000000,285.97000000,0.02401342,0.10181075,,,,
fpp_new_instances_scaling,,case04,new20x20,new20x20,shortest_path,FPP-Branch-Benders-MeanCVaR-LLBI-RootCuts,mean_cvar,mean-cvar,0.01,0.9,0.5,20264729,200,1000,0.090000,0.905000,0.000000,0.000000,0.005000,0.134000,0.850000,0.000000,0.000000,0.016000,0.090000,0.905000,0.000000,0.000000,0.005000,1800,1,Optimal,,1,201.68250000,201.50818722,0.00086429,10.30235784,14.506435,2011,82374,,,,0.00000000,0.00000000,1,1,0,0,0,0,0,0,0,0,0,1263,,200,0,0,0,0,0,0,0,0,0,0,801,1818,,,132.91500000,135.06000000,,,270.45000000,271.71000000,0.01629487,0.12062607,,,,
fpp_new_instances_scaling,,case04,new20x20,new20x20,shortest_path,FPP-Branch-Benders-MeanCVaR-ProjectedCoverageLLBI-exp-RootCuts,mean_cvar,mean-cvar,0.01,0.9,0.5,20264729,200,1000,0.090000,0.905000,0.000000,0.000000,0.005000,0.134000,0.850000,0.000000,0.000000,0.016000,0.090000,0.905000,0.000000,0.000000,0.005000,1800,1,Optimal,,1,201.68250000,201.67577218,0.00003336,19.10645660,23.560738,924,62086,0.00000000,0.00000000,182.90353462,182.90353462,18290.35346248,1,1,1,0,1,0,0,1,0,0,0,1620,,0,876,0,876,235638,0,0,0,0,0,0,801,2852,,,132.91500000,135.06000000,,,270.45000000,271.71000000,0.03312116,0.12423724,,,,
fpp_new_instances_scaling,,case04,new20x20,new20x20,shortest_path,FPP-Branch-Benders-MeanCVaR-ProjectedPathLLBI-exp-RootCuts,mean_cvar,mean-cvar,0.01,0.9,0.5,20264729,200,1000,0.090000,0.905000,0.000000,0.000000,0.005000,0.134000,0.850000,0.000000,0.000000,0.016000,0.090000,0.905000,0.000000,0.000000,0.005000,1800,1,Optimal,,1,201.68250000,201.49385618,0.00093535,8.23235368,12.703578,388,23594,0.00000000,0.00000000,188.12290019,188.12290019,18812.29001877,1,1,0,1,0,1,0,1,0,0,0,669,,0,0,1005,1005,273928,0,0,0,0,0,0,801,1877,,,132.91500000,135.06000000,,,270.45000000,271.71000000,0.02445656,0.11688007,,,,
fpp_new_instances_scaling,,case04,new20x20,new20x20,shortest_path,FPP-Branch-Benders-MeanCVaR-RootCuts,mean_cvar,mean-cvar,0.01,0.9,0.5,20264729,200,1000,0.090000,0.905000,0.000000,0.000000,0.005000,0.134000,0.850000,0.000000,0.000000,0.016000,0.090000,0.905000,0.000000,0.000000,0.005000,1800,1,Optimal,,1,201.68250000,201.48181171,0.00099507,14.45777173,19.145260,2220,82509,,,,0.00000000,0.00000000,0,1,0,0,0,0,0,0,0,0,0,2895,,0,0,0,0,0,0,0,0,0,0,0,801,3250,,,132.91500000,135.06000000,,,270.45000000,271.71000000,0.02320156,0.11736787,,,,
fpp_new_instances_scaling,,case04,new20x20,new20x20,shortest_path,FPP-Branch-Benders-Combinatorial-MeanCVaR,mean_cvar,mean-cvar,0.01,0.9,0.5,20264729,200,1000,0.090000,0.905000,0.000000,0.000000,0.005000,0.134000,0.850000,0.000000,0.000000,0.016000,0.090000,0.905000,0.000000,0.000000,0.005000,1800,1,Optimal,,1,201.68250000,201.68250000,0.00000000,45.71434624,50.046443,68,27165,,,,0.00000000,0.00000000,0,0,0,0,0,0,0,0,1,0,0,257,0,0,0,0,0,0,10690,0,0,0,0,0,801,10891,,,132.91500000,135.06000000,,,270.45000000,271.71000000,0.02230565,0.11253231,,,,
fpp_new_instances_scaling,,case04,new20x20,new20x20,shortest_path,FPP-SAA-MeanCVaR,mean_cvar,mean-cvar,0.01,0.9,0.5,20264729,200,1000,0.090000,0.905000,0.000000,0.000000,0.005000,0.134000,0.850000,0.000000,0.000000,0.016000,0.090000,0.905000,0.000000,0.000000,0.005000,1800,1,Optimal,,1,201.68250000,201.49216802,0.00094372,813.45220887,818.169723,85,0,,,,0.00000000,0.00000000,0,0,0,0,0,0,0,0,0,0,0,0,0,0,0,0,0,0,0,0,0,0,0,0,80601,56789,,,132.91500000,135.06000000,,,270.45000000,271.71000000,0.02400564,0.12853514,,,,
fpp_new_instances_scaling,,case00,new20x20,new20x20,shortest_path,FPP-Branch-Benders-CVaR-LLBI-RootCuts,cvar,cvar,0.02,0.9,1.0,20260729,200,1000,0.135000,0.860000,0.000000,0.000000,0.005000,0.134000,0.850000,0.000000,0.000000,0.016000,0.135000,0.860000,0.000000,0.000000,0.005000,1800,1,Feasible,,1,179.25000000,164.14469758,0.08859135,1800.60425053,1805.509415,70140,2560158,,,,0.00000000,0.00000000,1,1,0,0,0,0,0,0,0,0,0,10962,,200,0,0,0,0,0,0,0,0,0,0,801,11503,,,88.29000000,95.64300000,,,179.25000000,191.08000000,0.01714917,0.09397761,,,,
fpp_new_instances_scaling,,case00,new20x20,new20x20,shortest_path,FPP-Branch-Benders-CVaR-ProjectedCoverageLLBI-exp-RootCuts,cvar,cvar,0.02,0.9,1.0,20260729,200,1000,0.135000,0.860000,0.000000,0.000000,0.005000,0.134000,0.850000,0.000000,0.000000,0.016000,0.135000,0.860000,0.000000,0.000000,0.005000,1800,1,Feasible,,1,177.25000000,175.52263848,0.00974534,1809.47880969,1813.866440,113420,4263424,0.00000000,0.00000000,149.73316706,149.73316706,14973.31670611,1,1,1,0,1,0,0,1,0,0,0,4330,,0,1544,0,1544,326550,0,0,0,0,0,0,801,6190,,,94.89000000,104.06200000,,,177.25000000,197.49000000,0.02166097,0.08828425,,,,
fpp_new_instances_scaling,,case00,new20x20,new20x20,shortest_path,FPP-Branch-Benders-CVaR-ProjectedPathLLBI-exp-RootCuts,cvar,cvar,0.02,0.9,1.0,20260729,200,1000,0.135000,0.860000,0.000000,0.000000,0.005000,0.134000,0.850000,0.000000,0.000000,0.016000,0.135000,0.860000,0.000000,0.000000,0.005000,1800,1,Optimal,,1,177.25000000,177.07300508,0.00099856,436.78608130,441.795665,44301,1181753,0.00000000,0.00000000,155.93628890,155.93628890,15593.62888996,1,1,0,1,0,1,0,1,0,0,0,2098,,0,0,1476,1476,311435,0,0,0,0,0,0,801,3781,,,94.89000000,104.06200000,,,177.25000000,197.49000000,0.01886685,0.10184320,,,,
fpp_new_instances_scaling,,case00,new20x20,new20x20,shortest_path,FPP-Branch-Benders-CVaR-RootCuts,cvar,cvar,0.02,0.9,1.0,20260729,200,1000,0.135000,0.860000,0.000000,0.000000,0.005000,0.134000,0.850000,0.000000,0.000000,0.016000,0.135000,0.860000,0.000000,0.000000,0.005000,1800,1,Feasible,,1,177.35000000,164.08956369,0.07476987,1800.43182836,1804.792218,60428,2313253,,,,0.00000000,0.00000000,0,1,0,0,0,0,0,0,0,0,0,13427,,0,0,0,0,0,0,0,0,0,0,0,801,13762,,,87.91000000,96.11700000,,,177.35000000,199.38000000,0.01741021,0.07729599,,,,
fpp_new_instances_scaling,,case00,new20x20,new20x20,shortest_path,FPP-Branch-Benders-Combinatorial-CVaR,cvar,cvar,0.02,0.9,1.0,20260729,200,1000,0.135000,0.860000,0.000000,0.000000,0.005000,0.134000,0.850000,0.000000,0.000000,0.016000,0.135000,0.860000,0.000000,0.000000,0.005000,1800,1,Optimal,,1,177.25000000,177.07546379,0.00098469,1525.73898521,1530.035086,2541,293811,,,,0.00000000,0.00000000,0,0,0,0,0,0,0,0,1,0,0,434,0,0,0,0,0,0,36844,0,0,0,0,0,801,37045,,,94.89000000,104.06200000,,,177.25000000,197.49000000,0.01767821,0.08945113,,,,
fpp_new_instances_scaling,,case00,new20x20,new20x20,shortest_path,FPP-SAA-CVaR,cvar,cvar,0.02,0.9,1.0,20260729,200,1000,0.135000,0.860000,0.000000,0.000000,0.005000,0.134000,0.850000,0.000000,0.000000,0.016000,0.135000,0.860000,0.000000,0.000000,0.005000,1800,1,Feasible,,1,181.20000000,161.09586417,0.11094998,1800.05917647,1804.092292,146,0,,,,0.00000000,0.00000000,0,0,0,0,0,0,0,0,0,0,0,0,0,0,0,0,0,0,0,0,0,0,0,0,80601,52493,,,94.02500000,101.80400000,,,181.20000000,195.08000000,0.01783623,0.09431037,,,,
fpp_new_instances_scaling,,case00,new20x20,new20x20,shortest_path,FPP-Branch-Benders-LLBI-RootCuts,expected,expected,0.02,0.9,1.0,20260729,200,1000,0.135000,0.860000,0.000000,0.000000,0.005000,0.134000,0.850000,0.000000,0.000000,0.016000,0.135000,0.860000,0.000000,0.000000,0.005000,1800,1,Optimal,,1,81.55000000,81.46848681,0.00099955,486.75988169,491.187926,27200,1066637,,,,0.00000000,0.00000000,1,1,0,0,0,0,0,0,0,0,0,8289,,200,0,0,0,0,0,0,0,0,0,0,600,8636,,,81.55000000,91.50300000,,,191.00000000,207.05000000,0.01611855,0.09005462,,,,
fpp_new_instances_scaling,,case00,new20x20,new20x20,shortest_path,FPP-Branch-Benders-ProjectedCoverageLLBI-exp-RootCuts,expected,expected,0.02,0.9,1.0,20260729,200,1000,0.135000,0.860000,0.000000,0.000000,0.005000,0.134000,0.850000,0.000000,0.000000,0.016000,0.135000,0.860000,0.000000,0.000000,0.005000,1800,1,Optimal,,1,81.55000000,81.46883648,0.00099526,14.20992314,18.660761,166,16989,0.00000000,0.00000000,77.90625000,77.90625000,7790.62500000,1,1,1,0,1,0,0,1,0,0,0,1044,,0,1172,0,1172,195942,0,0,0,0,0,0,600,2364,,,81.55000000,91.50300000,,,191.00000000,207.05000000,0.01526231,0.08546615,,,,
fpp_new_instances_scaling,,case00,new20x20,new20x20,shortest_path,FPP-Branch-Benders-ProjectedPathLLBI-exp-RootCuts,expected,expected,0.02,0.9,1.0,20260729,200,1000,0.135000,0.860000,0.000000,0.000000,0.005000,0.134000,0.850000,0.000000,0.000000,0.016000,0.135000,0.860000,0.000000,0.000000,0.005000,1800,1,Optimal,,1,81.55000000,81.51570577,0.00042053,5.96420192,10.111349,36,3459,0.00000000,0.00000000,80.29250000,80.29250000,8029.25000000,1,1,0,1,0,1,0,1,0,0,0,643,,0,0,1101,1101,184878,0,0,0,0,0,0,600,1745,,,81.55000000,91.50300000,,,191.00000000,207.05000000,0.01643147,0.09053938,,,,
fpp_new_instances_scaling,,case00,new20x20,new20x20,shortest_path,FPP-Branch-Benders-RootCuts,expected,expected,0.02,0.9,1.0,20260729,200,1000,0.135000,0.860000,0.000000,0.000000,0.005000,0.134000,0.850000,0.000000,0.000000,0.016000,0.135000,0.860000,0.000000,0.000000,0.005000,1800,1,Optimal,,1,81.55000000,81.46867598,0.00099723,275.04924222,279.238977,12920,517336,,,,0.00000000,0.00000000,0,1,0,0,0,0,0,0,0,0,0,11655,,0,0,0,0,0,0,0,0,0,0,0,600,11802,,,81.55000000,91.50300000,,,191.00000000,207.05000000,0.01548394,0.07143336,,,,
fpp_new_instances_scaling,,case00,new20x20,new20x20,shortest_path,FPP-Branch-Benders-Combinatorial,expected,expected,0.02,0.9,1.0,20260729,200,1000,0.135000,0.860000,0.000000,0.000000,0.005000,0.134000,0.850000,0.000000,0.000000,0.016000,0.135000,0.860000,0.000000,0.000000,0.005000,1800,1,Optimal,,1,81.55000000,81.55000000,0.00000000,16.69544741,20.566342,11,8805,,,,0.00000000,0.00000000,0,0,0,0,0,0,0,0,1,0,0,180,0,0,0,0,0,0,5915,0,0,0,0,0,600,5916,,,81.55000000,91.50300000,,,191.00000000,207.05000000,0.01585755,0.07793988,,,,
fpp_new_instances_scaling,,case00,new20x20,new20x20,shortest_path,FPP-SAA,expected,expected,0.02,0.9,1.0,20260729,200,1000,0.135000,0.860000,0.000000,0.000000,0.005000,0.134000,0.850000,0.000000,0.000000,0.016000,0.135000,0.860000,0.000000,0.000000,0.005000,1800,1,Optimal,,1,81.55000000,81.55000000,0.00000000,61.69955040,66.082966,5,0,,,,0.00000000,0.00000000,0,0,0,0,0,0,0,0,0,0,0,0,0,0,0,0,0,0,0,0,0,0,0,0,80400,52293,,,81.55000000,91.50300000,,,191.00000000,207.05000000,0.01565969,0.08850522,,,,
fpp_new_instances_scaling,,case00,new20x20,new20x20,shortest_path,FPP-Branch-Benders-MeanCVaR-LLBI-RootCuts,mean_cvar,mean-cvar,0.02,0.9,0.5,20260729,200,1000,0.135000,0.860000,0.000000,0.000000,0.005000,0.134000,0.850000,0.000000,0.000000,0.016000,0.135000,0.860000,0.000000,0.000000,0.005000,1800,1,Feasible,,1,132.93750000,125.67884066,0.05460204,1800.59144168,1805.296645,28075,1803795,,,,0.00000000,0.00000000,1,1,0,0,0,0,0,0,0,0,0,13759,,200,0,0,0,0,0,0,0,0,0,0,801,14308,,,85.92500000,95.23400000,,,179.95000000,199.24000000,0.01529882,0.08296427,,,,
fpp_new_instances_scaling,,case00,new20x20,new20x20,shortest_path,FPP-Branch-Benders-MeanCVaR-ProjectedCoverageLLBI-exp-RootCuts,mean_cvar,mean-cvar,0.02,0.9,0.5,20260729,200,1000,0.135000,0.860000,0.000000,0.000000,0.005000,0.134000,0.850000,0.000000,0.000000,0.016000,0.135000,0.860000,0.000000,0.000000,0.005000,1800,1,Optimal,,1,131.43750000,131.30688502,0.00099374,185.75483995,188.814465,10351,665206,0.00000000,0.00000000,118.10040932,118.10040932,11810.04093221,1,1,1,0,1,0,0,1,0,0,0,6097,,0,1232,0,1232,241884,0,0,0,0,0,0,801,7678,,,85.32500000,95.14000000,,,177.55000000,199.26000000,0.01177750,0.06491102,,,,
fpp_new_instances_scaling,,case00,new20x20,new20x20,shortest_path,FPP-Branch-Benders-MeanCVaR-ProjectedPathLLBI-exp-RootCuts,mean_cvar,mean-cvar,0.02,0.9,0.5,20260729,200,1000,0.135000,0.860000,0.000000,0.000000,0.005000,0.134000,0.850000,0.000000,0.000000,0.016000,0.135000,0.860000,0.000000,0.000000,0.005000,1800,1,Optimal,,1,131.43750000,131.31320639,0.00094565,39.10647119,42.297275,4309,241395,0.00000000,0.00000000,122.00695075,122.00695075,12200.69507540,1,1,0,1,0,1,0,1,0,0,0,1127,,0,0,1366,1366,271154,0,0,0,0,0,0,801,2753,,,85.32500000,95.14000000,,,177.55000000,199.26000000,0.01166599,0.06746732,,,,
fpp_new_instances_scaling,,case00,new20x20,new20x20,shortest_path,FPP-Branch-Benders-MeanCVaR-RootCuts,mean_cvar,mean-cvar,0.02,0.9,0.5,20260729,200,1000,0.135000,0.860000,0.000000,0.000000,0.005000,0.134000,0.850000,0.000000,0.000000,0.016000,0.135000,0.860000,0.000000,0.000000,0.005000,1800,1,Feasible,,1,131.55750000,127.47442510,0.03103643,1800.35067788,1804.988375,47108,3033784,,,,0.00000000,0.00000000,0,1,0,0,0,0,0,0,0,0,0,11761,,0,0,0,0,0,0,0,0,0,0,0,801,12107,,,85.06500000,95.10500000,,,178.05000000,199.55000000,0.01632078,0.08137003,,,,
fpp_new_instances_scaling,,case00,new20x20,new20x20,shortest_path,FPP-Branch-Benders-Combinatorial-MeanCVaR,mean_cvar,mean-cvar,0.02,0.9,0.5,20260729,200,1000,0.135000,0.860000,0.000000,0.000000,0.005000,0.134000,0.850000,0.000000,0.000000,0.016000,0.135000,0.860000,0.000000,0.000000,0.005000,1800,1,Optimal,,1,131.43750000,131.31873212,0.00090361,536.35360104,540.654935,569,217786,,,,0.00000000,0.00000000,0,0,0,0,0,0,0,0,1,0,0,420,0,0,0,0,0,0,49707,0,0,0,0,0,801,49908,,,85.32500000,95.14000000,,,177.55000000,199.26000000,0.01659115,0.09057807,,,,
fpp_new_instances_scaling,,case00,new20x20,new20x20,shortest_path,FPP-SAA-MeanCVaR,mean_cvar,mean-cvar,0.02,0.9,0.5,20260729,200,1000,0.135000,0.860000,0.000000,0.000000,0.005000,0.134000,0.850000,0.000000,0.000000,0.016000,0.135000,0.860000,0.000000,0.000000,0.005000,1800,1,Optimal,,1,131.43750000,131.35289094,0.00064372,787.87408241,792.183367,306,0,,,,0.00000000,0.00000000,0,0,0,0,0,0,0,0,0,0,0,0,0,0,0,0,0,0,0,0,0,0,0,0,80601,52493,,,85.32500000,95.14000000,,,177.55000000,199.26000000,0.01562741,0.08376633,,,,
fpp_new_instances_scaling,,case01,new20x20,new20x20,shortest_path,FPP-Branch-Benders-CVaR-LLBI-RootCuts,cvar,cvar,0.02,0.9,1.0,20261729,200,1000,0.125000,0.860000,0.000000,0.000000,0.015000,0.134000,0.850000,0.000000,0.000000,0.016000,0.125000,0.860000,0.000000,0.000000,0.015000,1800,1,Feasible,,1,187.80000000,178.29286509,0.05062372,1800.47300169,1804.638291,111424,3428673,,,,0.00000000,0.00000000,1,1,0,0,0,0,0,0,0,0,0,7888,,200,0,0,0,0,0,0,0,0,0,0,801,8443,,,101.78500000,98.86800000,,,187.80000000,197.32000000,0.01947647,0.09042068,,,,
fpp_new_instances_scaling,,case01,new20x20,new20x20,shortest_path,FPP-Branch-Benders-CVaR-ProjectedCoverageLLBI-exp-RootCuts,cvar,cvar,0.02,0.9,1.0,20261729,200,1000,0.125000,0.860000,0.000000,0.000000,0.015000,0.134000,0.850000,0.000000,0.000000,0.016000,0.125000,0.860000,0.000000,0.000000,0.015000,1800,1,Optimal,,1,187.20000000,187.01316189,0.00099807,1449.97623494,1454.624590,127416,3821337,0.00000000,0.00000000,155.21232983,155.21232983,15521.23298257,1,1,1,0,1,0,0,1,0,0,0,2568,,0,1268,0,1268,290241,0,0,0,0,0,0,801,4170,,,101.08000000,98.35300000,,,187.20000000,196.47000000,0.01793968,0.09343021,,,,
fpp_new_instances_scaling,,case01,new20x20,new20x20,shortest_path,FPP-Branch-Benders-CVaR-ProjectedPathLLBI-exp-RootCuts,cvar,cvar,0.02,0.9,1.0,20261729,200,1000,0.125000,0.860000,0.000000,0.000000,0.015000,0.134000,0.850000,0.000000,0.000000,0.016000,0.125000,0.860000,0.000000,0.000000,0.015000,1800,1,Optimal,,1,187.20000000,187.01308219,0.00099849,421.63577519,426.297657,38675,1125498,0.00000000,0.00000000,161.48296963,161.48296963,16148.29696294,1,1,0,1,0,1,0,1,0,0,0,870,,0,0,1410,1410,327755,0,0,0,0,0,0,801,2482,,,101.08000000,98.35300000,,,187.20000000,196.47000000,0.01841028,0.08833861,,,,
fpp_new_instances_scaling,,case01,new20x20,new20x20,shortest_path,FPP-Branch-Benders-CVaR-RootCuts,cvar,cvar,0.02,0.9,1.0,20261729,200,1000,0.125000,0.860000,0.000000,0.000000,0.015000,0.134000,0.850000,0.000000,0.000000,0.016000,0.125000,0.860000,0.000000,0.000000,0.015000,1800,1,Feasible,,1,188.40000000,172.72071979,0.08322336,1800.30310410,1803.709698,93340,3343207,,,,0.00000000,0.00000000,0,1,0,0,0,0,0,0,0,0,0,10789,,0,0,0,0,0,0,0,0,0,0,0,801,11132,,,101.12500000,98.73200000,,,188.40000000,196.22000000,0.01495980,0.10254080,,,,
fpp_new_instances_scaling,,case01,new20x20,new20x20,shortest_path,FPP-Branch-Benders-Combinatorial-CVaR,cvar,cvar,0.02,0.9,1.0,20261729,200,1000,0.125000,0.860000,0.000000,0.000000,0.015000,0.134000,0.850000,0.000000,0.000000,0.016000,0.125000,0.860000,0.000000,0.000000,0.015000,1800,1,Feasible,,1,188.60000000,179.91944086,0.04602629,1813.64675341,1817.967449,1276,250960,,,,0.00000000,0.00000000,0,0,0,0,0,0,0,0,1,0,0,1630,0,0,0,0,0,0,43713,0,0,0,0,0,801,43914,,,102.98000000,99.53100000,,,188.60000000,196.13000000,0.01847809,0.08927130,,,,
fpp_new_instances_scaling,,case01,new20x20,new20x20,shortest_path,FPP-SAA-CVaR,cvar,cvar,0.02,0.9,1.0,20261729,200,1000,0.125000,0.860000,0.000000,0.000000,0.015000,0.134000,0.850000,0.000000,0.000000,0.016000,0.125000,0.860000,0.000000,0.000000,0.015000,1800,1,Feasible,,1,188.00000000,166.44526181,0.11465286,1800.06818791,1804.936508,60,0,,,,0.00000000,0.00000000,0,0,0,0,0,0,0,0,0,0,0,0,0,0,0,0,0,0,0,0,0,0,0,0,80601,59384,,,101.78500000,98.86800000,,,187.80000000,197.32000000,0.01961237,0.09912333,,,,
fpp_new_instances_scaling,,case01,new20x20,new20x20,shortest_path,FPP-Branch-Benders-LLBI-RootCuts,expected,expected,0.02,0.9,1.0,20261729,200,1000,0.125000,0.860000,0.000000,0.000000,0.015000,0.134000,0.850000,0.000000,0.000000,0.016000,0.125000,0.860000,0.000000,0.000000,0.015000,1800,1,Optimal,,1,97.57000000,97.47243404,0.00099996,426.08129045,430.886318,12596,798210,,,,0.00000000,0.00000000,1,1,0,0,0,0,0,0,0,0,0,10065,,200,0,0,0,0,0,0,0,0,0,0,600,10429,,,97.57000000,90.86300000,,,214.95000000,202.71000000,0.01860598,0.08349606,,,,
fpp_new_instances_scaling,,case01,new20x20,new20x20,shortest_path,FPP-Branch-Benders-ProjectedCoverageLLBI-exp-RootCuts,expected,expected,0.02,0.9,1.0,20261729,200,1000,0.125000,0.860000,0.000000,0.000000,0.015000,0.134000,0.850000,0.000000,0.000000,0.016000,0.125000,0.860000,0.000000,0.000000,0.015000,1800,1,Optimal,,1,97.57000000,97.50632927,0.00065256,27.52054357,32.223073,703,68190,0.00000000,0.00000000,91.41250000,91.41250000,9141.25000000,1,1,1,0,1,0,0,1,0,0,0,2335,,0,1234,0,1234,229447,0,0,0,0,0,0,600,3723,,,97.57000000,90.86300000,,,214.95000000,202.71000000,0.01660952,0.08557731,,,,
fpp_new_instances_scaling,,case01,new20x20,new20x20,shortest_path,FPP-Branch-Benders-ProjectedPathLLBI-exp-RootCuts,expected,expected,0.02,0.9,1.0,20261729,200,1000,0.125000,0.860000,0.000000,0.000000,0.015000,0.134000,0.850000,0.000000,0.000000,0.016000,0.125000,0.860000,0.000000,0.000000,0.015000,1800,1,Optimal,,1,97.57000000,97.55987956,0.00010372,8.10076186,12.421865,92,9424,0.00000000,0.00000000,93.87500000,93.87500000,9387.50000000,1,1,0,1,0,1,0,1,0,0,0,755,,0,0,1349,1349,257270,0,0,0,0,0,0,600,2105,,,97.57000000,90.86300000,,,214.95000000,202.71000000,0.01730354,0.09188229,,,,
fpp_new_instances_scaling,,case01,new20x20,new20x20,shortest_path,FPP-Branch-Benders-RootCuts,expected,expected,0.02,0.9,1.0,20261729,200,1000,0.125000,0.860000,0.000000,0.000000,0.015000,0.134000,0.850000,0.000000,0.000000,0.016000,0.125000,0.860000,0.000000,0.000000,0.015000,1800,1,Optimal,,1,97.57000000,97.47267711,0.00099747,338.98680772,342.893549,10938,545930,,,,0.00000000,0.00000000,0,1,0,0,0,0,0,0,0,0,0,14595,,0,0,0,0,0,0,0,0,0,0,0,600,14753,,,97.57000000,90.86300000,,,214.95000000,202.71000000,0.01793299,0.07854713,,,,
fpp_new_instances_scaling,,case01,new20x20,new20x20,shortest_path,FPP-Branch-Benders-Combinatorial,expected,expected,0.02,0.9,1.0,20261729,200,1000,0.125000,0.860000,0.000000,0.000000,0.015000,0.134000,0.850000,0.000000,0.000000,0.016000,0.125000,0.860000,0.000000,0.000000,0.015000,1800,1,Optimal,,1,97.57000000,97.57000000,0.00000000,28.53072571,31.844640,63,25434,,,,0.00000000,0.00000000,0,0,0,0,0,0,0,0,1,0,0,340,0,0,0,0,0,0,11761,0,0,0,0,0,600,11762,,,97.57000000,90.86300000,,,214.95000000,202.71000000,0.01730419,0.06826701,,,,
fpp_new_instances_scaling,,case01,new20x20,new20x20,shortest_path,FPP-SAA,expected,expected,0.02,0.9,1.0,20261729,200,1000,0.125000,0.860000,0.000000,0.000000,0.015000,0.134000,0.850000,0.000000,0.000000,0.016000,0.125000,0.860000,0.000000,0.000000,0.015000,1800,1,Optimal,,1,97.57000000,97.57000000,0.00000000,152.04463842,156.443805,13,0,,,,0.00000000,0.00000000,0,0,0,0,0,0,0,0,0,0,0,0,0,0,0,0,0,0,0,0,0,0,0,0,80400,59184,,,97.57000000,90.86300000,,,214.95000000,202.71000000,0.01972956,0.08192788,,,,
fpp_new_instances_scaling,,case01,new20x20,new20x20,shortest_path,FPP-Branch-Benders-MeanCVaR-LLBI-RootCuts,mean_cvar,mean-cvar,0.02,0.9,0.5,20261729,200,1000,0.125000,0.860000,0.000000,0.000000,0.015000,0.134000,0.850000,0.000000,0.000000,0.016000,0.125000,0.860000,0.000000,0.000000,0.015000,1800,1,Feasible,,1,144.79250000,137.94104752,0.04731911,1800.58172213,1805.255003,56181,3212127,,,,0.00000000,0.00000000,1,1,0,0,0,0,0,0,0,0,0,15939,,200,0,0,0,0,0,0,0,0,0,0,801,16501,,,101.78500000,98.86800000,,,187.80000000,197.32000000,0.01850774,0.08617723,,,,
fpp_new_instances_scaling,,case01,new20x20,new20x20,shortest_path,FPP-Branch-Benders-MeanCVaR-ProjectedCoverageLLBI-exp-RootCuts,mean_cvar,mean-cvar,0.02,0.9,0.5,20261729,200,1000,0.125000,0.860000,0.000000,0.000000,0.015000,0.134000,0.850000,0.000000,0.000000,0.016000,0.125000,0.860000,0.000000,0.000000,0.015000,1800,1,Optimal,,1,144.14000000,143.99609793,0.00099835,193.96117001,197.074027,18371,852368,0.00000000,0.00000000,127.78146441,127.78146441,12778.14644135,1,1,1,0,1,0,0,1,0,0,0,2573,,0,1329,0,1329,282178,0,0,0,0,0,0,801,4253,,,101.08000000,98.35300000,,,187.20000000,196.47000000,0.01316044,0.06510738,,,,
fpp_new_instances_scaling,,case01,new20x20,new20x20,shortest_path,FPP-Branch-Benders-MeanCVaR-ProjectedPathLLBI-exp-RootCuts,mean_cvar,mean-cvar,0.02,0.9,0.5,20261729,200,1000,0.125000,0.860000,0.000000,0.000000,0.015000,0.134000,0.850000,0.000000,0.000000,0.016000,0.125000,0.860000,0.000000,0.000000,0.015000,1800,1,Optimal,,1,144.14000000,143.99599864,0.00099904,62.99266833,66.556972,5856,390838,0.00000000,0.00000000,131.85296003,131.85296003,13185.29600308,1,1,0,1,0,1,0,1,0,0,0,1113,,0,0,1501,1501,326164,0,0,0,0,0,0,801,2815,,,101.08000000,98.35300000,,,187.20000000,196.47000000,0.01382687,0.06361524,,,,
fpp_new_instances_scaling,,case01,new20x20,new20x20,shortest_path,FPP-Branch-Benders-MeanCVaR-RootCuts,mean_cvar,mean-cvar,0.02,0.9,0.5,20261729,200,1000,0.125000,0.860000,0.000000,0.000000,0.015000,0.134000,0.850000,0.000000,0.000000,0.016000,0.125000,0.860000,0.000000,0.000000,0.015000,1800,1,Feasible,,1,146.52000000,135.34086936,0.07629764,1800.32693214,1805.266366,33731,1986166,,,,0.00000000,0.00000000,0,1,0,0,0,0,0,0,0,0,0,19891,,0,0,0,0,0,0,0,0,0,0,0,801,20250,,,101.04000000,97.76400000,,,192.00000000,192.15000000,0.01819780,0.09261245,,,,
fpp_new_instances_scaling,,case01,new20x20,new20x20,shortest_path,FPP-Branch-Benders-Combinatorial-MeanCVaR,mean_cvar,mean-cvar,0.02,0.9,0.5,20261729,200,1000,0.125000,0.860000,0.000000,0.000000,0.015000,0.134000,0.850000,0.000000,0.000000,0.016000,0.125000,0.860000,0.000000,0.000000,0.015000,1800,1,Optimal,,1,144.14000000,144.05060880,0.00062017,579.14441909,581.976609,365,252070,,,,0.00000000,0.00000000,0,0,0,0,0,0,0,0,1,0,0,456,0,0,0,0,0,0,56166,0,0,0,0,0,801,56367,,,101.08000000,98.35300000,,,187.20000000,196.47000000,0.01358776,0.06569744,,,,
fpp_new_instances_scaling,,case01,new20x20,new20x20,shortest_path,FPP-SAA-MeanCVaR,mean_cvar,mean-cvar,0.02,0.9,0.5,20261729,200,1000,0.125000,0.860000,0.000000,0.000000,0.015000,0.134000,0.850000,0.000000,0.000000,0.016000,0.125000,0.860000,0.000000,0.000000,0.015000,1800,1,Feasible,,1,144.79250000,138.70347040,0.04205349,1800.02303679,1804.388676,181,0,,,,0.00000000,0.00000000,0,0,0,0,0,0,0,0,0,0,0,0,0,0,0,0,0,0,0,0,0,0,0,0,80601,59384,,,101.78500000,98.86800000,,,187.80000000,197.32000000,0.02079820,0.09135938,,,,
fpp_new_instances_scaling,,case02,new20x20,new20x20,shortest_path,FPP-Branch-Benders-CVaR-LLBI-RootCuts,cvar,cvar,0.02,0.9,1.0,20262729,200,1000,0.120000,0.860000,0.000000,0.000000,0.020000,0.134000,0.850000,0.000000,0.000000,0.016000,0.120000,0.860000,0.000000,0.000000,0.020000,1800,1,Feasible,,1,173.55000000,171.49537832,0.01183879,1800.59474149,1805.780093,159125,4455892,,,,0.00000000,0.00000000,1,1,0,0,0,0,0,0,0,0,0,5676,,200,0,0,0,0,0,0,0,0,0,0,801,6215,,,95.82500000,95.16700000,,,173.55000000,189.30000000,0.01770187,0.09169920,,,,
fpp_new_instances_scaling,,case02,new20x20,new20x20,shortest_path,FPP-Branch-Benders-CVaR-ProjectedCoverageLLBI-exp-RootCuts,cvar,cvar,0.02,0.9,1.0,20262729,200,1000,0.120000,0.860000,0.000000,0.000000,0.020000,0.134000,0.850000,0.000000,0.000000,0.016000,0.120000,0.860000,0.000000,0.000000,0.020000,1800,1,Optimal,,1,173.55000000,173.37652950,0.00099954,590.11027372,594.390948,39998,1291246,0.00000000,0.00000000,148.00725875,148.00725875,14800.72587487,1,1,1,0,1,0,0,1,0,0,0,2929,,0,1171,0,1171,252537,0,0,0,0,0,0,801,4436,,,95.82500000,95.16700000,,,173.55000000,189.30000000,0.02032419,0.07179432,,,,
fpp_new_instances_scaling,,case02,new20x20,new20x20,shortest_path,FPP-Branch-Benders-CVaR-ProjectedPathLLBI-exp-RootCuts,cvar,cvar,0.02,0.9,1.0,20262729,200,1000,0.120000,0.860000,0.000000,0.000000,0.020000,0.134000,0.850000,0.000000,0.000000,0.016000,0.120000,0.860000,0.000000,0.000000,0.020000,1800,1,Optimal,,1,173.55000000,173.37907012,0.00098490,109.11126651,113.753259,13460,407103,0.00000000,0.00000000,152.87225953,152.87225953,15287.22595350,1,1,0,1,0,1,0,1,0,0,0,857,,0,0,1504,1504,320843,0,0,0,0,0,0,801,2572,,,95.82500000,95.16700000,,,173.55000000,189.30000000,0.01871299,0.08985088,,,,
fpp_new_instances_scaling,,case02,new20x20,new20x20,shortest_path,FPP-Branch-Benders-CVaR-RootCuts,cvar,cvar,0.02,0.9,1.0,20262729,200,1000,0.120000,0.860000,0.000000,0.000000,0.020000,0.134000,0.850000,0.000000,0.000000,0.016000,0.120000,0.860000,0.000000,0.000000,0.020000,1800,1,Feasible,,1,175.30000000,164.88273003,0.05942538,1800.43745614,1805.088196,113957,3080768,,,,0.00000000,0.00000000,0,1,0,0,0,0,0,0,0,0,0,9700,,0,0,0,0,0,0,0,0,0,0,0,801,10045,,,95.12000000,95.44500000,,,175.30000000,192.00000000,0.01777116,0.08726661,,,,
fpp_new_instances_scaling,,case02,new20x20,new20x20,shortest_path,FPP-Branch-Benders-Combinatorial-CVaR,cvar,cvar,0.02,0.9,1.0,20262729,200,1000,0.120000,0.860000,0.000000,0.000000,0.020000,0.134000,0.850000,0.000000,0.000000,0.016000,0.120000,0.860000,0.000000,0.000000,0.020000,1800,1,Optimal,,1,173.55000000,173.39412400,0.00089816,437.07112720,441.382685,788,135372,,,,0.00000000,0.00000000,0,0,0,0,0,0,0,0,1,0,0,373,0,0,0,0,0,0,21734,0,0,0,0,0,801,21935,,,95.82500000,95.16700000,,,173.55000000,189.30000000,0.01735532,0.08703623,,,,
fpp_new_instances_scaling,,case02,new20x20,new20x20,shortest_path,FPP-SAA-CVaR,cvar,cvar,0.02,0.9,1.0,20262729,200,1000,0.120000,0.860000,0.000000,0.000000,0.020000,0.134000,0.850000,0.000000,0.000000,0.016000,0.120000,0.860000,0.000000,0.000000,0.020000,1800,1,Feasible,,1,173.55000000,162.58019443,0.06320833,1800.05722047,1804.687883,114,0,,,,0.00000000,0.00000000,0,0,0,0,0,0,0,0,0,0,0,0,0,0,0,0,0,0,0,0,0,0,0,0,80601,56594,,,95.82500000,95.16700000,,,173.55000000,189.30000000,0.01813508,0.09260563,,,,
fpp_new_instances_scaling,,case02,new20x20,new20x20,shortest_path,FPP-Branch-Benders-LLBI-RootCuts,expected,expected,0.02,0.9,1.0,20262729,200,1000,0.120000,0.860000,0.000000,0.000000,0.020000,0.134000,0.850000,0.000000,0.000000,0.016000,0.120000,0.860000,0.000000,0.000000,0.020000,1800,1,Optimal,,1,90.91500000,90.82417194,0.00099904,185.71249360,190.395790,8215,480106,,,,0.00000000,0.00000000,1,1,0,0,0,0,0,0,0,0,0,7618,,200,0,0,0,0,0,0,0,0,0,0,600,7975,,,90.91500000,90.96900000,,,195.50000000,209.56000000,0.01637348,0.08228899,,,,
fpp_new_instances_scaling,,case02,new20x20,new20x20,shortest_path,FPP-Branch-Benders-ProjectedCoverageLLBI-exp-RootCuts,expected,expected,0.02,0.9,1.0,20262729,200,1000,0.120000,0.860000,0.000000,0.000000,0.020000,0.134000,0.850000,0.000000,0.000000,0.016000,0.120000,0.860000,0.000000,0.000000,0.020000,1800,1,Optimal,,1,90.91500000,90.84149273,0.00080853,15.64660573,20.191607,285,24961,0.00000000,0.00000000,86.35000000,86.35000000,8635.00000000,1,1,1,0,1,0,0,1,0,0,0,1295,,0,1110,0,1110,192890,0,0,0,0,0,0,600,2559,,,90.91500000,90.96900000,,,195.50000000,209.56000000,0.01677434,0.08072843,,,,
fpp_new_instances_scaling,,case02,new20x20,new20x20,shortest_path,FPP-Branch-Benders-ProjectedPathLLBI-exp-RootCuts,expected,expected,0.02,0.9,1.0,20262729,200,1000,0.120000,0.860000,0.000000,0.000000,0.020000,0.134000,0.850000,0.000000,0.000000,0.016000,0.120000,0.860000,0.000000,0.000000,0.020000,1800,1,Optimal,,1,90.91500000,90.84508959,0.00076896,6.04718451,10.264338,35,5224,0.00000000,0.00000000,88.51250000,88.51250000,8851.25000000,1,1,0,1,0,1,0,1,0,0,0,605,,0,0,1121,1121,205575,0,0,0,0,0,0,600,1727,,,90.91500000,90.96900000,,,195.50000000,209.56000000,0.01711936,0.09898895,,,,
fpp_new_instances_scaling,,case02,new20x20,new20x20,shortest_path,FPP-Branch-Benders-RootCuts,expected,expected,0.02,0.9,1.0,20262729,200,1000,0.120000,0.860000,0.000000,0.000000,0.020000,0.134000,0.850000,0.000000,0.000000,0.016000,0.120000,0.860000,0.000000,0.000000,0.020000,1800,1,Optimal,,1,90.91500000,90.82431024,0.00099752,149.10857828,153.821428,9160,330525,,,,0.00000000,0.00000000,0,1,0,0,0,0,0,0,0,0,0,13016,,0,0,0,0,0,0,0,0,0,0,0,600,13168,,,90.91500000,90.96900000,,,195.50000000,209.56000000,0.01637006,0.08379666,,,,
fpp_new_instances_scaling,,case02,new20x20,new20x20,shortest_path,FPP-Branch-Benders-Combinatorial,expected,expected,0.02,0.9,1.0,20262729,200,1000,0.120000,0.860000,0.000000,0.000000,0.020000,0.134000,0.850000,0.000000,0.000000,0.016000,0.120000,0.860000,0.000000,0.000000,0.020000,1800,1,Optimal,,1,90.91500000,90.91500000,0.00000000,23.87659697,27.954482,19,14309,,,,0.00000000,0.00000000,0,0,0,0,0,0,0,0,1,0,0,220,0,0,0,0,0,0,9820,0,0,0,0,0,600,9821,,,90.91500000,90.96900000,,,195.50000000,209.56000000,0.01946268,0.08559281,,,,
fpp_new_instances_scaling,,case02,new20x20,new20x20,shortest_path,FPP-SAA,expected,expected,0.02,0.9,1.0,20262729,200,1000,0.120000,0.860000,0.000000,0.000000,0.020000,0.134000,0.850000,0.000000,0.000000,0.016000,0.120000,0.860000,0.000000,0.000000,0.020000,1800,1,Optimal,,1,90.91500000,90.91500000,0.00000000,103.48586423,107.639339,3,0,,,,0.00000000,0.00000000,0,0,0,0,0,0,0,0,0,0,0,0,0,0,0,0,0,0,0,0,0,0,0,0,80400,56394,,,90.91500000,90.96900000,,,195.50000000,209.56000000,0.01632572,0.08160488,,,,
fpp_new_instances_scaling,,case02,new20x20,new20x20,shortest_path,FPP-Branch-Benders-MeanCVaR-LLBI-RootCuts,mean_cvar,mean-cvar,0.02,0.9,0.5,20262729,200,1000,0.120000,0.860000,0.000000,0.000000,0.020000,0.134000,0.850000,0.000000,0.000000,0.016000,0.120000,0.860000,0.000000,0.000000,0.020000,1800,1,Feasible,,1,134.68750000,131.94272332,0.02037885,1800.42968270,1805.502300,85520,3935738,,,,0.00000000,0.00000000,1,1,0,0,0,0,0,0,0,0,0,11440,,200,0,0,0,0,0,0,0,0,0,0,801,12002,,,95.82500000,95.16700000,,,173.55000000,189.30000000,0.01880859,0.08770935,,,,
fpp_new_instances_scaling,,case02,new20x20,new20x20,shortest_path,FPP-Branch-Benders-MeanCVaR-ProjectedCoverageLLBI-exp-RootCuts,mean_cvar,mean-cvar,0.02,0.9,0.5,20262729,200,1000,0.120000,0.860000,0.000000,0.000000,0.020000,0.134000,0.850000,0.000000,0.000000,0.016000,0.120000,0.860000,0.000000,0.000000,0.020000,1800,1,Optimal,,1,134.68750000,134.55344906,0.00099527,141.17918758,145.973961,10606,480091,0.00000000,0.00000000,121.55961049,121.55961049,12155.96104854,1,1,1,0,1,0,0,1,0,0,0,2629,,0,1087,0,1087,217669,0,0,0,0,0,0,801,4067,,,95.82500000,95.16700000,,,173.55000000,189.30000000,0.02126317,0.09319592,,,,
fpp_new_instances_scaling,,case02,new20x20,new20x20,shortest_path,FPP-Branch-Benders-MeanCVaR-ProjectedPathLLBI-exp-RootCuts,mean_cvar,mean-cvar,0.02,0.9,0.5,20262729,200,1000,0.120000,0.860000,0.000000,0.000000,0.020000,0.134000,0.850000,0.000000,0.000000,0.016000,0.120000,0.860000,0.000000,0.000000,0.020000,1800,1,Optimal,,1,134.68750000,134.55590949,0.00097701,30.57258510,34.367581,2938,217726,0.00000000,0.00000000,124.95232031,124.95232031,12495.23203129,1,1,0,1,0,1,0,1,0,0,0,981,,0,0,1355,1355,277531,0,0,0,0,0,0,801,2539,,,95.82500000,95.16700000,,,173.55000000,189.30000000,0.01748891,0.08782313,,,,
fpp_new_instances_scaling,,case02,new20x20,new20x20,shortest_path,FPP-Branch-Benders-MeanCVaR-RootCuts,mean_cvar,mean-cvar,0.02,0.9,0.5,20262729,200,1000,0.120000,0.860000,0.000000,0.000000,0.020000,0.134000,0.850000,0.000000,0.000000,0.016000,0.120000,0.860000,0.000000,0.000000,0.020000,1800,1,Feasible,,1,135.44000000,130.41085638,0.03713189,1800.27259755,1803.741755,48464,3018530,,,,0.00000000,0.00000000,0,1,0,0,0,0,0,0,0,0,0,17642,,0,0,0,0,0,0,0,0,0,0,0,801,17999,,,95.33000000,93.91700000,,,175.55000000,188.27000000,0.01722697,0.06936468,,,,
fpp_new_instances_scaling,,case02,new20x20,new20x20,shortest_path,FPP-Branch-Benders-Combinatorial-MeanCVaR,mean_cvar,mean-cvar,0.02,0.9,0.5,20262729,200,1000,0.120000,0.860000,0.000000,0.000000,0.020000,0.134000,0.850000,0.000000,0.000000,0.016000,0.120000,0.860000,0.000000,0.000000,0.020000,1800,1,Optimal,,1,134.68750000,134.60449842,0.00061625,210.10809394,213.086669,147,103914,,,,0.00000000,0.00000000,0,0,0,0,0,0,0,0,1,0,0,410,0,0,0,0,0,0,30097,0,0,0,0,0,801,30298,,,95.82500000,95.16700000,,,173.55000000,189.30000000,0.01403256,0.07017667,,,,
fpp_new_instances_scaling,,case02,new20x20,new20x20,shortest_path,FPP-SAA-MeanCVaR,mean_cvar,mean-cvar,0.02,0.9,0.5,20262729,200,1000,0.120000,0.860000,0.000000,0.000000,0.020000,0.134000,0.850000,0.000000,0.000000,0.016000,0.120000,0.860000,0.000000,0.000000,0.020000,1800,1,Optimal,,1,134.68750000,134.68750000,0.00000000,1246.16036700,1250.480172,192,0,,,,0.00000000,0.00000000,0,0,0,0,0,0,0,0,0,0,0,0,0,0,0,0,0,0,0,0,0,0,0,0,80601,56594,,,95.82500000,95.16700000,,,173.55000000,189.30000000,0.01805737,0.08605640,,,,
fpp_new_instances_scaling,,case03,new20x20,new20x20,shortest_path,FPP-Branch-Benders-CVaR-LLBI-RootCuts,cvar,cvar,0.02,0.9,1.0,20263729,200,1000,0.095000,0.895000,0.000000,0.000000,0.010000,0.134000,0.850000,0.000000,0.000000,0.016000,0.095000,0.895000,0.000000,0.000000,0.010000,1800,1,Feasible,,1,185.75000000,168.09893001,0.09502595,1800.62586712,1804.541692,44619,1670260,,,,0.00000000,0.00000000,1,1,0,0,0,0,0,0,0,0,0,8076,,200,0,0,0,0,0,0,0,0,0,0,801,8629,,,100.48000000,95.21900000,,,185.75000000,195.50000000,0.01873744,0.06808659,,,,
fpp_new_instances_scaling,,case03,new20x20,new20x20,shortest_path,FPP-Branch-Benders-CVaR-ProjectedCoverageLLBI-exp-RootCuts,cvar,cvar,0.02,0.9,1.0,20263729,200,1000,0.095000,0.895000,0.000000,0.000000,0.010000,0.134000,0.850000,0.000000,0.000000,0.016000,0.095000,0.895000,0.000000,0.000000,0.010000,1800,1,Feasible,,1,184.50000000,175.47579639,0.04891167,1811.87131183,1816.684405,75096,2668250,0.00000000,0.00000000,155.10653413,155.10653413,15510.65341267,1,1,1,0,1,0,0,1,0,0,0,4757,,0,1753,0,1753,383892,0,0,0,0,0,0,801,6847,,,104.21000000,98.12000000,,,184.50000000,195.46000000,0.01920982,0.09045378,,,,
fpp_new_instances_scaling,,case03,new20x20,new20x20,shortest_path,FPP-Branch-Benders-CVaR-ProjectedPathLLBI-exp-RootCuts,cvar,cvar,0.02,0.9,1.0,20263729,200,1000,0.095000,0.895000,0.000000,0.000000,0.010000,0.134000,0.850000,0.000000,0.000000,0.016000,0.095000,0.895000,0.000000,0.000000,0.010000,1800,1,Optimal,,1,184.05000000,183.86631011,0.00099804,1274.43104146,1279.344865,103171,3293746,0.00000000,0.00000000,158.42573098,158.42573098,15842.57309751,1,1,0,1,0,1,0,1,0,0,0,1692,,0,0,1918,1918,429198,0,0,0,0,0,0,801,3832,,,102.09000000,96.07600000,,,184.05000000,190.93000000,0.01921284,0.09314331,,,,
fpp_new_instances_scaling,,case03,new20x20,new20x20,shortest_path,FPP-Branch-Benders-CVaR-RootCuts,cvar,cvar,0.02,0.9,1.0,20263729,200,1000,0.095000,0.895000,0.000000,0.000000,0.010000,0.134000,0.850000,0.000000,0.000000,0.016000,0.095000,0.895000,0.000000,0.000000,0.010000,1800,1,Feasible,,1,184.80000000,166.33294223,0.09992997,1800.45505721,1805.315564,59964,2440543,,,,0.00000000,0.00000000,0,1,0,0,0,0,0,0,0,0,0,11834,,0,0,0,0,0,0,0,0,0,0,0,801,12182,,,104.56000000,98.45300000,,,184.80000000,199.29000000,0.01919031,0.08945323,,,,
fpp_new_instances_scaling,,case03,new20x20,new20x20,shortest_path,FPP-Branch-Benders-Combinatorial-CVaR,cvar,cvar,0.02,0.9,1.0,20263729,200,1000,0.095000,0.895000,0.000000,0.000000,0.010000,0.134000,0.850000,0.000000,0.000000,0.016000,0.095000,0.895000,0.000000,0.000000,0.010000,1800,1,Feasible,,1,184.75000000,177.04017775,0.04173111,1811.58176591,1815.377257,1391,285066,,,,0.00000000,0.00000000,0,0,0,0,0,0,0,0,1,0,0,376,0,0,0,0,0,0,46230,0,0,0,0,0,801,46431,,,104.59000000,98.20700000,,,184.75000000,195.52000000,0.01523591,0.09442408,,,,
fpp_new_instances_scaling,,case03,new20x20,new20x20,shortest_path,FPP-SAA-CVaR,cvar,cvar,0.02,0.9,1.0,20263729,200,1000,0.095000,0.895000,0.000000,0.000000,0.010000,0.134000,0.850000,0.000000,0.000000,0.016000,0.095000,0.895000,0.000000,0.000000,0.010000,1800,1,Feasible,,1,196.70000000,164.57954004,0.16329670,1800.06208042,1803.679811,86,0,,,,0.00000000,0.00000000,0,0,0,0,0,0,0,0,0,0,0,0,0,0,0,0,0,0,0,0,0,0,0,0,80601,59084,,,114.35000000,106.78400000,,,196.70000000,202.71000000,0.02344241,0.08015210,,,,
fpp_new_instances_scaling,,case03,new20x20,new20x20,shortest_path,FPP-Branch-Benders-LLBI-RootCuts,expected,expected,0.02,0.9,1.0,20263729,200,1000,0.095000,0.895000,0.000000,0.000000,0.010000,0.134000,0.850000,0.000000,0.000000,0.016000,0.095000,0.895000,0.000000,0.000000,0.010000,1800,1,Optimal,,1,93.41000000,93.31674782,0.00099831,197.41472775,201.555363,10059,517615,,,,0.00000000,0.00000000,1,1,0,0,0,0,0,0,0,0,0,7979,,200,0,0,0,0,0,0,0,0,0,0,600,8347,,,93.41000000,92.01500000,,,201.65000000,204.99000000,0.01665628,0.06595081,,,,
fpp_new_instances_scaling,,case03,new20x20,new20x20,shortest_path,FPP-Branch-Benders-ProjectedCoverageLLBI-exp-RootCuts,expected,expected,0.02,0.9,1.0,20263729,200,1000,0.095000,0.895000,0.000000,0.000000,0.010000,0.134000,0.850000,0.000000,0.000000,0.016000,0.095000,0.895000,0.000000,0.000000,0.010000,1800,1,Optimal,,1,93.41000000,93.32539133,0.00090578,22.45875426,26.342087,337,33917,0.00000000,0.00000000,88.65750000,88.65750000,8865.75000000,1,1,1,0,1,0,0,1,0,0,0,2166,,0,1240,0,1240,216442,0,0,0,0,0,0,600,3567,,,93.41000000,92.01500000,,,201.65000000,204.99000000,0.01448505,0.08119056,,,,
fpp_new_instances_scaling,,case03,new20x20,new20x20,shortest_path,FPP-Branch-Benders-ProjectedPathLLBI-exp-RootCuts,expected,expected,0.02,0.9,1.0,20263729,200,1000,0.095000,0.895000,0.000000,0.000000,0.010000,0.134000,0.850000,0.000000,0.000000,0.016000,0.095000,0.895000,0.000000,0.000000,0.010000,1800,1,Optimal,,1,93.41000000,93.38393729,0.00027901,10.22381433,14.842608,37,6299,0.00000000,0.00000000,91.85166667,91.85166667,9185.16666667,1,1,0,1,0,1,0,1,0,0,0,800,,0,0,1477,1477,266642,0,0,0,0,0,0,600,2278,,,93.41000000,92.01500000,,,201.65000000,204.99000000,0.01804403,0.08341296,,,,
fpp_new_instances_scaling,,case03,new20x20,new20x20,shortest_path,FPP-Branch-Benders-RootCuts,expected,expected,0.02,0.9,1.0,20263729,200,1000,0.095000,0.895000,0.000000,0.000000,0.010000,0.134000,0.850000,0.000000,0.000000,0.016000,0.095000,0.895000,0.000000,0.000000,0.010000,1800,1,Optimal,,1,93.41000000,93.31662557,0.00099962,273.98975316,278.476985,12485,499292,,,,0.00000000,0.00000000,0,1,0,0,0,0,0,0,0,0,0,10648,,0,0,0,0,0,0,0,0,0,0,0,600,10816,,,93.41000000,92.01500000,,,201.65000000,204.99000000,0.01712561,0.08464534,,,,
fpp_new_instances_scaling,,case03,new20x20,new20x20,shortest_path,FPP-Branch-Benders-Combinatorial,expected,expected,0.02,0.9,1.0,20263729,200,1000,0.095000,0.895000,0.000000,0.000000,0.010000,0.134000,0.850000,0.000000,0.000000,0.016000,0.095000,0.895000,0.000000,0.000000,0.010000,1800,1,Optimal,,1,93.41000000,93.41000000,0.00000000,35.02092069,39.708307,17,15738,,,,0.00000000,0.00000000,0,0,0,0,0,0,0,0,1,0,0,620,0,0,0,0,0,0,18546,0,0,0,0,0,600,18547,,,93.41000000,92.01500000,,,201.65000000,204.99000000,0.01786117,0.08709452,,,,
fpp_new_instances_scaling,,case03,new20x20,new20x20,shortest_path,FPP-SAA,expected,expected,0.02,0.9,1.0,20263729,200,1000,0.095000,0.895000,0.000000,0.000000,0.010000,0.134000,0.850000,0.000000,0.000000,0.016000,0.095000,0.895000,0.000000,0.000000,0.010000,1800,1,Optimal,,1,93.41000000,93.41000000,0.00000000,89.99838861,93.996409,5,0,,,,0.00000000,0.00000000,0,0,0,0,0,0,0,0,0,0,0,0,0,0,0,0,0,0,0,0,0,0,0,0,80400,58884,,,93.41000000,92.01500000,,,201.65000000,204.99000000,0.01826337,0.08105566,,,,
fpp_new_instances_scaling,,case03,new20x20,new20x20,shortest_path,FPP-Branch-Benders-MeanCVaR-LLBI-RootCuts,mean_cvar,mean-cvar,0.02,0.9,0.5,20263729,200,1000,0.095000,0.895000,0.000000,0.000000,0.010000,0.134000,0.850000,0.000000,0.000000,0.016000,0.095000,0.895000,0.000000,0.000000,0.010000,1800,1,Feasible,,1,143.11500000,133.42291995,0.06772232,1800.39765373,1804.810884,45519,2664627,,,,0.00000000,0.00000000,1,1,0,0,0,0,0,0,0,0,0,16636,,200,0,0,0,0,0,0,0,0,0,0,801,17204,,,100.48000000,95.21900000,,,185.75000000,195.50000000,0.01730548,0.08387931,,,,
fpp_new_instances_scaling,,case03,new20x20,new20x20,shortest_path,FPP-Branch-Benders-MeanCVaR-ProjectedCoverageLLBI-exp-RootCuts,mean_cvar,mean-cvar,0.02,0.9,0.5,20263729,200,1000,0.095000,0.895000,0.000000,0.000000,0.010000,0.134000,0.850000,0.000000,0.000000,0.016000,0.095000,0.895000,0.000000,0.000000,0.010000,1800,1,Optimal,,1,142.27750000,142.13524659,0.00099983,916.32165450,920.878681,29595,1578900,0.00000000,0.00000000,127.13252489,127.13252489,12713.25248893,1,1,1,0,1,0,0,1,0,0,0,6716,,0,1502,0,1502,301608,0,0,0,0,0,0,801,8578,,,100.30500000,94.50400000,,,184.25000000,189.41000000,0.01740412,0.08504505,,,,
fpp_new_instances_scaling,,case03,new20x20,new20x20,shortest_path,FPP-Branch-Benders-MeanCVaR-ProjectedPathLLBI-exp-RootCuts,mean_cvar,mean-cvar,0.02,0.9,0.5,20263729,200,1000,0.095000,0.895000,0.000000,0.000000,0.010000,0.134000,0.850000,0.000000,0.000000,0.016000,0.095000,0.895000,0.000000,0.000000,0.010000,1800,1,Optimal,,1,142.27750000,142.13568880,0.00099672,144.11050426,147.264693,10817,518627,0.00000000,0.00000000,130.32815409,130.32815409,13032.81540859,1,1,0,1,0,1,0,1,0,0,0,1905,,0,0,1811,1811,376468,0,0,0,0,0,0,801,3917,,,100.30500000,94.50400000,,,184.25000000,189.41000000,0.01284009,0.06153187,,,,
fpp_new_instances_scaling,,case03,new20x20,new20x20,shortest_path,FPP-Branch-Benders-MeanCVaR-RootCuts,mean_cvar,mean-cvar,0.02,0.9,0.5,20263729,200,1000,0.095000,0.895000,0.000000,0.000000,0.010000,0.134000,0.850000,0.000000,0.000000,0.016000,0.095000,0.895000,0.000000,0.000000,0.010000,1800,1,Feasible,,1,144.22250000,135.72383200,0.05892748,1800.45062433,1803.745784,34226,2175402,,,,0.00000000,0.00000000,0,1,0,0,0,0,0,0,0,0,0,15582,,0,0,0,0,0,0,0,0,0,0,0,801,15950,,,96.59500000,94.53900000,,,191.85000000,200.55000000,0.01311112,0.06158654,,,,
fpp_new_instances_scaling,,case03,new20x20,new20x20,shortest_path,FPP-Branch-Benders-Combinatorial-MeanCVaR,mean_cvar,mean-cvar,0.02,0.9,0.5,20263729,200,1000,0.095000,0.895000,0.000000,0.000000,0.010000,0.134000,0.850000,0.000000,0.000000,0.016000,0.095000,0.895000,0.000000,0.000000,0.010000,1800,1,Optimal,,1,142.27750000,142.14191077,0.00095299,397.30411372,400.766780,319,192148,,,,0.00000000,0.00000000,0,0,0,0,0,0,0,0,1,0,0,960,0,0,0,0,0,0,56944,0,0,0,0,0,801,57145,,,100.30500000,94.50400000,,,184.25000000,189.41000000,0.01481009,0.08277381,,,,
fpp_new_instances_scaling,,case03,new20x20,new20x20,shortest_path,FPP-SAA-MeanCVaR,mean_cvar,mean-cvar,0.02,0.9,0.5,20263729,200,1000,0.095000,0.895000,0.000000,0.000000,0.010000,0.134000,0.850000,0.000000,0.000000,0.016000,0.095000,0.895000,0.000000,0.000000,0.010000,1800,1,Feasible,,1,142.71250000,139.25932874,0.02419670,1800.02666720,1804.328446,274,0,,,,0.00000000,0.00000000,0,0,0,0,0,0,0,0,0,0,0,0,0,0,0,0,0,0,0,0,0,0,0,0,80601,59084,,,101.22500000,95.45900000,,,184.20000000,190.67000000,0.01699807,0.08411364,,,,
fpp_new_instances_scaling,,case04,new20x20,new20x20,shortest_path,FPP-Branch-Benders-CVaR-LLBI-RootCuts,cvar,cvar,0.02,0.9,1.0,20264729,200,1000,0.090000,0.905000,0.000000,0.000000,0.005000,0.134000,0.850000,0.000000,0.000000,0.016000,0.090000,0.905000,0.000000,0.000000,0.005000,1800,1,Feasible,,1,183.70000000,172.32257250,0.06193483,1800.75630563,1805.663152,124627,4114919,,,,0.00000000,0.00000000,1,1,0,0,0,0,0,0,0,0,0,7648,,200,0,0,0,0,0,0,0,0,0,0,801,8198,,,94.05000000,94.94700000,,,183.70000000,189.67000000,0.01728284,0.09005537,,,,
fpp_new_instances_scaling,,case04,new20x20,new20x20,shortest_path,FPP-Branch-Benders-CVaR-ProjectedCoverageLLBI-exp-RootCuts,cvar,cvar,0.02,0.9,1.0,20264729,200,1000,0.090000,0.905000,0.000000,0.000000,0.005000,0.134000,0.850000,0.000000,0.000000,0.016000,0.090000,0.905000,0.000000,0.000000,0.005000,1800,1,Feasible,,1,182.40000000,178.00772762,0.02408044,1812.22715262,1816.113657,98059,3885303,0.00000000,0.00000000,152.59862207,152.59862207,15259.86220744,1,1,1,0,1,0,0,1,0,0,0,4305,,0,1932,0,1932,412295,0,0,0,0,0,0,801,6566,,,97.52500000,99.43200000,,,182.40000000,195.95000000,0.01654277,0.09360821,,,,
fpp_new_instances_scaling,,case04,new20x20,new20x20,shortest_path,FPP-Branch-Benders-CVaR-ProjectedPathLLBI-exp-RootCuts,cvar,cvar,0.02,0.9,1.0,20264729,200,1000,0.090000,0.905000,0.000000,0.000000,0.005000,0.134000,0.850000,0.000000,0.000000,0.016000,0.090000,0.905000,0.000000,0.000000,0.005000,1800,1,Optimal,,1,182.40000000,182.21779972,0.00099891,482.65076271,487.193686,49124,1497953,0.00000000,0.00000000,159.50791158,159.50791158,15950.79115801,1,1,0,1,0,1,0,1,0,0,0,1187,,0,0,1814,1814,395316,0,0,0,0,0,0,801,3216,,,95.78000000,98.78500000,,,182.40000000,195.98000000,0.02033560,0.08660268,,,,
fpp_new_instances_scaling,,case04,new20x20,new20x20,shortest_path,FPP-Branch-Benders-CVaR-RootCuts,cvar,cvar,0.02,0.9,1.0,20264729,200,1000,0.090000,0.905000,0.000000,0.000000,0.005000,0.134000,0.850000,0.000000,0.000000,0.016000,0.090000,0.905000,0.000000,0.000000,0.005000,1800,1,Feasible,,1,184.65000000,168.90127194,0.08528962,1800.43344121,1804.401632,74439,3267775,,,,0.00000000,0.00000000,0,1,0,0,0,0,0,0,0,0,0,12435,,0,0,0,0,0,0,0,0,0,0,0,801,12783,,,94.21000000,95.00400000,,,184.65000000,189.58000000,0.01407140,0.06817307,,,,
fpp_new_instances_scaling,,case04,new20x20,new20x20,shortest_path,FPP-Branch-Benders-Combinatorial-CVaR,cvar,cvar,0.02,0.9,1.0,20264729,200,1000,0.090000,0.905000,0.000000,0.000000,0.005000,0.134000,0.850000,0.000000,0.000000,0.016000,0.090000,0.905000,0.000000,0.000000,0.005000,1800,1,Optimal,,1,182.40000000,182.23722944,0.00089238,1747.71773767,1751.562805,2050,323638,,,,0.00000000,0.00000000,0,0,0,0,0,0,0,0,1,0,0,2303,0,0,0,0,0,0,47492,0,0,0,0,0,801,47693,,,97.52500000,99.43200000,,,182.40000000,195.95000000,0.01763489,0.08701725,,,,
fpp_new_instances_scaling,,case04,new20x20,new20x20,shortest_path,FPP-SAA-CVaR,cvar,cvar,0.02,0.9,1.0,20264729,200,1000,0.090000,0.905000,0.000000,0.000000,0.005000,0.134000,0.850000,0.000000,0.000000,0.016000,0.090000,0.905000,0.000000,0.000000,0.005000,1800,1,Feasible,,1,182.40000000,165.02130216,0.09527795,1800.06059661,1804.616277,83,0,,,,0.00000000,0.00000000,0,0,0,0,0,0,0,0,0,0,0,0,0,0,0,0,0,0,0,0,0,0,0,0,80601,56789,,,95.78000000,98.78500000,,,182.40000000,195.98000000,0.02196945,0.09120347,,,,
fpp_new_instances_scaling,,case04,new20x20,new20x20,shortest_path,FPP-Branch-Benders-LLBI-RootCuts,expected,expected,0.02,0.9,1.0,20264729,200,1000,0.090000,0.905000,0.000000,0.000000,0.005000,0.134000,0.850000,0.000000,0.000000,0.016000,0.090000,0.905000,0.000000,0.000000,0.005000,1800,1,Optimal,,1,90.47500000,90.38470571,0.00099800,550.51624760,555.465008,17798,1017564,,,,0.00000000,0.00000000,1,1,0,0,0,0,0,0,0,0,0,10631,,200,0,0,0,0,0,0,0,0,0,0,600,10995,,,90.47500000,93.98500000,,,196.00000000,201.43000000,0.01970776,0.09401837,,,,
fpp_new_instances_scaling,,case04,new20x20,new20x20,shortest_path,FPP-Branch-Benders-ProjectedCoverageLLBI-exp-RootCuts,expected,expected,0.02,0.9,1.0,20264729,200,1000,0.090000,0.905000,0.000000,0.000000,0.005000,0.134000,0.850000,0.000000,0.000000,0.016000,0.090000,0.905000,0.000000,0.000000,0.005000,1800,1,Optimal,,1,90.47500000,90.38761908,0.00096580,21.72648000,26.134422,798,64385,0.00000000,0.00000000,84.53750000,84.53750000,8453.75000000,1,1,1,0,1,0,0,1,0,0,0,1976,,0,1236,0,1236,215344,0,0,0,0,0,0,600,3368,,,90.47500000,93.98500000,,,196.00000000,201.43000000,0.02071861,0.08671639,,,,
fpp_new_instances_scaling,,case04,new20x20,new20x20,shortest_path,FPP-Branch-Benders-ProjectedPathLLBI-exp-RootCuts,expected,expected,0.02,0.9,1.0,20264729,200,1000,0.090000,0.905000,0.000000,0.000000,0.005000,0.134000,0.850000,0.000000,0.000000,0.016000,0.090000,0.905000,0.000000,0.000000,0.005000,1800,1,Optimal,,1,90.47500000,90.44556558,0.00032533,8.31490947,12.806636,68,8308,0.00000000,0.00000000,87.91500000,87.91500000,8791.50000000,1,1,0,1,0,1,0,1,0,0,0,708,,0,0,1420,1420,248862,0,0,0,0,0,0,600,2129,,,90.47500000,93.98500000,,,196.00000000,201.43000000,0.02097326,0.08714920,,,,
fpp_new_instances_scaling,,case04,new20x20,new20x20,shortest_path,FPP-Branch-Benders-RootCuts,expected,expected,0.02,0.9,1.0,20264729,200,1000,0.090000,0.905000,0.000000,0.000000,0.005000,0.134000,0.850000,0.000000,0.000000,0.016000,0.090000,0.905000,0.000000,0.000000,0.005000,1800,1,Optimal,,1,90.47500000,90.38465226,0.00099859,325.71011753,330.534409,15314,555198,,,,0.00000000,0.00000000,0,1,0,0,0,0,0,0,0,0,0,12117,,0,0,0,0,0,0,0,0,0,0,0,600,12276,,,90.47500000,93.98500000,,,196.00000000,201.43000000,0.02087012,0.08878357,,,,
fpp_new_instances_scaling,,case04,new20x20,new20x20,shortest_path,FPP-Branch-Benders-Combinatorial,expected,expected,0.02,0.9,1.0,20264729,200,1000,0.090000,0.905000,0.000000,0.000000,0.005000,0.134000,0.850000,0.000000,0.000000,0.016000,0.090000,0.905000,0.000000,0.000000,0.005000,1800,1,Optimal,,1,90.47500000,90.47500000,0.00000000,26.32412831,30.806346,41,15418,,,,0.00000000,0.00000000,0,0,0,0,0,0,0,0,1,0,0,480,0,0,0,0,0,0,9471,0,0,0,0,0,600,9472,,,90.47500000,93.98500000,,,196.00000000,201.43000000,0.01757718,0.09145621,,,,
fpp_new_instances_scaling,,case04,new20x20,new20x20,shortest_path,FPP-SAA,expected,expected,0.02,0.9,1.0,20264729,200,1000,0.090000,0.905000,0.000000,0.000000,0.005000,0.134000,0.850000,0.000000,0.000000,0.016000,0.090000,0.905000,0.000000,0.000000,0.005000,1800,1,Optimal,,1,90.47500000,90.47500000,0.00000000,114.46718161,119.026417,11,0,,,,0.00000000,0.00000000,0,0,0,0,0,0,0,0,0,0,0,0,0,0,0,0,0,0,0,0,0,0,0,0,80400,56589,,,90.47500000,93.98500000,,,196.00000000,201.43000000,0.01702947,0.09094368,,,,
fpp_new_instances_scaling,,case04,new20x20,new20x20,shortest_path,FPP-Branch-Benders-MeanCVaR-LLBI-RootCuts,mean_cvar,mean-cvar,0.02,0.9,0.5,20264729,200,1000,0.090000,0.905000,0.000000,0.000000,0.005000,0.134000,0.850000,0.000000,0.000000,0.016000,0.090000,0.905000,0.000000,0.000000,0.005000,1800,1,Feasible,,1,139.09000000,130.75318045,0.05993831,1800.64744298,1805.803072,47860,2928992,,,,0.00000000,0.00000000,1,1,0,0,0,0,0,0,0,0,0,14264,,200,0,0,0,0,0,0,0,0,0,0,801,14826,,,95.78000000,98.78500000,,,182.40000000,195.98000000,0.01793024,0.09458477,,,,
fpp_new_instances_scaling,,case04,new20x20,new20x20,shortest_path,FPP-Branch-Benders-MeanCVaR-ProjectedCoverageLLBI-exp-RootCuts,mean_cvar,mean-cvar,0.02,0.9,0.5,20264729,200,1000,0.090000,0.905000,0.000000,0.000000,0.005000,0.134000,0.850000,0.000000,0.000000,0.016000,0.090000,0.905000,0.000000,0.000000,0.005000,1800,1,Optimal,,1,138.87500000,138.73675831,0.00099544,355.46768841,358.455466,25963,1329858,0.00000000,0.00000000,123.04664404,123.04664404,12304.66440444,1,1,1,0,1,0,0,1,0,0,0,4712,,0,1508,0,1508,291889,0,0,0,0,0,0,801,6572,,,94.05000000,94.94700000,,,183.70000000,189.67000000,0.01238477,0.06435483,,,,
fpp_new_instances_scaling,,case04,new20x20,new20x20,shortest_path,FPP-Branch-Benders-MeanCVaR-ProjectedPathLLBI-exp-RootCuts,mean_cvar,mean-cvar,0.02,0.9,0.5,20264729,200,1000,0.090000,0.905000,0.000000,0.000000,0.005000,0.134000,0.850000,0.000000,0.000000,0.016000,0.090000,0.905000,0.000000,0.000000,0.005000,1800,1,Optimal,,1,138.87500000,138.73739740,0.00099084,89.21919308,93.837535,7348,412741,0.00000000,0.00000000,127.51847594,127.51847594,12751.84759398,1,1,0,1,0,1,0,1,0,0,0,1348,,0,0,1667,1667,334644,0,0,0,0,0,0,801,3216,,,94.05000000,94.94700000,,,183.70000000,189.67000000,0.01741104,0.08974754,,,,
fpp_new_instances_scaling,,case04,new20x20,new20x20,shortest_path,FPP-Branch-Benders-MeanCVaR-RootCuts,mean_cvar,mean-cvar,0.02,0.9,0.5,20264729,200,1000,0.090000,0.905000,0.000000,0.000000,0.005000,0.134000,0.850000,0.000000,0.000000,0.016000,0.090000,0.905000,0.000000,0.000000,0.005000,1800,1,Feasible,,1,139.62500000,129.66088683,0.07136339,1800.38654124,1805.237229,36060,2229914,,,,0.00000000,0.00000000,0,1,0,0,0,0,0,0,0,0,0,18895,,0,0,0,0,0,0,0,0,0,0,0,801,19254,,,96.55000000,98.77900000,,,182.70000000,193.54000000,0.01844604,0.09480974,,,,
fpp_new_instances_scaling,,case04,new20x20,new20x20,shortest_path,FPP-Branch-Benders-Combinatorial-MeanCVaR,mean_cvar,mean-cvar,0.02,0.9,0.5,20264729,200,1000,0.090000,0.905000,0.000000,0.000000,0.005000,0.134000,0.850000,0.000000,0.000000,0.016000,0.090000,0.905000,0.000000,0.000000,0.005000,1800,1,Optimal,,1,138.87500000,138.82839792,0.00033557,519.26774336,523.499959,410,238266,,,,0.00000000,0.00000000,0,0,0,0,0,0,0,0,1,0,0,1055,0,0,0,0,0,0,54750,0,0,0,0,0,801,54951,,,94.05000000,94.94700000,,,183.70000000,189.67000000,0.01478088,0.08611436,,,,
fpp_new_instances_scaling,,case04,new20x20,new20x20,shortest_path,FPP-SAA-MeanCVaR,mean_cvar,mean-cvar,0.02,0.9,0.5,20264729,200,1000,0.090000,0.905000,0.000000,0.000000,0.005000,0.134000,0.850000,0.000000,0.000000,0.016000,0.090000,0.905000,0.000000,0.000000,0.005000,1800,1,Feasible,,1,138.87500000,137.57629370,0.00935162,1800.04935917,1804.616680,304,0,,,,0.00000000,0.00000000,0,0,0,0,0,0,0,0,0,0,0,0,0,0,0,0,0,0,0,0,0,0,0,0,80601,56789,,,94.05000000,94.94700000,,,183.70000000,189.67000000,0.01838352,0.08954685,,,,
fpp_new_instances_scaling,,case00,new20x20,new20x20,shortest_path,FPP-Branch-Benders-CVaR-LLBI-RootCuts,cvar,cvar,0.03,0.9,1.0,20260729,200,1000,0.135000,0.860000,0.000000,0.000000,0.005000,0.134000,0.850000,0.000000,0.000000,0.016000,0.135000,0.860000,0.000000,0.000000,0.005000,1800,1,Feasible,,1,139.25000000,112.83230530,0.18971415,1800.39279018,1804.825543,40005,1648998,,,,0.00000000,0.00000000,1,1,0,0,0,0,0,0,0,0,0,13354,,200,0,0,0,0,0,0,0,0,0,0,801,13898,,,69.84500000,76.66100000,,,139.25000000,159.97000000,0.01339095,0.07230276,,,,
fpp_new_instances_scaling,,case00,new20x20,new20x20,shortest_path,FPP-Branch-Benders-CVaR-ProjectedCoverageLLBI-exp-RootCuts,cvar,cvar,0.03,0.9,1.0,20260729,200,1000,0.135000,0.860000,0.000000,0.000000,0.005000,0.134000,0.850000,0.000000,0.000000,0.016000,0.135000,0.860000,0.000000,0.000000,0.005000,1800,1,Feasible,,1,136.85000000,125.30210972,0.08438356,1808.66662922,1811.678896,70875,2827961,0.00000000,0.00000000,113.51198621,113.51198621,11351.19862139,1,1,1,0,1,0,0,1,0,0,0,5150,,0,1701,0,1701,292924,0,0,0,0,0,0,801,7190,,,76.29000000,80.83500000,,,136.85000000,150.51000000,0.01266164,0.05808668,,,,
fpp_new_instances_scaling,,case00,new20x20,new20x20,shortest_path,FPP-Branch-Benders-CVaR-ProjectedPathLLBI-exp-RootCuts,cvar,cvar,0.03,0.9,1.0,20260729,200,1000,0.135000,0.860000,0.000000,0.000000,0.005000,0.134000,0.850000,0.000000,0.000000,0.016000,0.135000,0.860000,0.000000,0.000000,0.005000,1800,1,Feasible,,1,135.35000000,131.80894117,0.02616224,1802.52722117,1807.324290,156786,5781247,0.00000000,0.00000000,118.56623031,118.56623031,11856.62303079,1,1,0,1,0,1,0,1,0,0,0,1825,,0,0,1734,1734,297736,0,0,0,0,0,0,801,3769,,,69.30500000,75.92800000,,,135.35000000,154.96000000,0.01561731,0.07239281,,,,
fpp_new_instances_scaling,,case00,new20x20,new20x20,shortest_path,FPP-Branch-Benders-CVaR-RootCuts,cvar,cvar,0.03,0.9,1.0,20260729,200,1000,0.135000,0.860000,0.000000,0.000000,0.005000,0.134000,0.850000,0.000000,0.000000,0.016000,0.135000,0.860000,0.000000,0.000000,0.005000,1800,1,Feasible,,1,142.50000000,112.15670841,0.21293538,1800.45174192,1805.088031,17490,783150,,,,0.00000000,0.00000000,0,1,0,0,0,0,0,0,0,0,0,12911,,0,0,0,0,0,0,0,0,0,0,0,801,13251,,,72.19000000,78.20900000,,,142.50000000,152.73000000,0.01342496,0.07488892,,,,
fpp_new_instances_scaling,,case00,new20x20,new20x20,shortest_path,FPP-Branch-Benders-Combinatorial-CVaR,cvar,cvar,0.03,0.9,1.0,20260729,200,1000,0.135000,0.860000,0.000000,0.000000,0.005000,0.134000,0.850000,0.000000,0.000000,0.016000,0.135000,0.860000,0.000000,0.000000,0.005000,1800,1,Feasible,,1,136.60000000,126.85303778,0.07135404,1808.81488149,1813.198569,920,305505,,,,0.00000000,0.00000000,0,0,0,0,0,0,0,0,1,0,0,820,0,0,0,0,0,0,48032,0,0,0,0,0,801,48233,,,71.20500000,76.91000000,,,136.60000000,150.10000000,0.01410408,0.07604434,,,,
fpp_new_instances_scaling,,case00,new20x20,new20x20,shortest_path,FPP-SAA-CVaR,cvar,cvar,0.03,0.9,1.0,20260729,200,1000,0.135000,0.860000,0.000000,0.000000,0.005000,0.134000,0.850000,0.000000,0.000000,0.016000,0.135000,0.860000,0.000000,0.000000,0.005000,1800,1,Feasible,,1,139.15000000,121.85978373,0.12425596,1800.06101618,1804.840635,155,0,,,,0.00000000,0.00000000,0,0,0,0,0,0,0,0,0,0,0,0,0,0,0,0,0,0,0,0,0,0,0,0,80601,52493,,,75.63000000,81.74500000,,,139.15000000,155.24000000,0.01533245,0.08361513,,,,
fpp_new_instances_scaling,,case00,new20x20,new20x20,shortest_path,FPP-Branch-Benders-LLBI-RootCuts,expected,expected,0.03,0.9,1.0,20260729,200,1000,0.135000,0.860000,0.000000,0.000000,0.005000,0.134000,0.850000,0.000000,0.000000,0.016000,0.135000,0.860000,0.000000,0.000000,0.005000,1800,1,Feasible,,1,67.65500000,59.79215230,0.11621976,1800.62581404,1804.601271,8771,761962,,,,0.00000000,0.00000000,1,1,0,0,0,0,0,0,0,0,0,23708,,200,0,0,0,0,0,0,0,0,0,0,600,24061,,,67.65500000,74.38800000,,,150.90000000,154.75000000,0.01344882,0.07050092,,,,
fpp_new_instances_scaling,,case00,new20x20,new20x20,shortest_path,FPP-Branch-Benders-ProjectedCoverageLLBI-exp-RootCuts,expected,expected,0.03,0.9,1.0,20260729,200,1000,0.135000,0.860000,0.000000,0.000000,0.005000,0.134000,0.850000,0.000000,0.000000,0.016000,0.135000,0.860000,0.000000,0.000000,0.005000,1800,1,Optimal,,1,66.02000000,65.95407153,0.00099861,300.48016412,305.062177,10474,619996,0.00000000,0.00000000,62.21943966,62.21943966,6221.94396552,1,1,1,0,1,0,0,1,0,0,0,6402,,0,1547,0,1547,222751,0,0,0,0,0,0,600,8094,,,66.02000000,74.49700000,,,147.10000000,157.95000000,0.01276336,0.07112619,,,,
fpp_new_instances_scaling,,case00,new20x20,new20x20,shortest_path,FPP-Branch-Benders-ProjectedPathLLBI-exp-RootCuts,expected,expected,0.03,0.9,1.0,20260729,200,1000,0.135000,0.860000,0.000000,0.000000,0.005000,0.134000,0.850000,0.000000,0.000000,0.016000,0.135000,0.860000,0.000000,0.000000,0.005000,1800,1,Optimal,,1,66.02000000,65.96141638,0.00088736,15.54100906,19.669702,360,38437,0.00000000,0.00000000,64.63083333,64.63083333,6463.08333333,1,1,0,1,0,1,0,1,0,0,0,942,,0,0,1657,1657,241712,0,0,0,0,0,0,600,2600,,,66.02000000,74.49700000,,,147.10000000,157.95000000,0.01292440,0.07278786,,,,
fpp_new_instances_scaling,,case00,new20x20,new20x20,shortest_path,FPP-Branch-Benders-RootCuts,expected,expected,0.03,0.9,1.0,20260729,200,1000,0.135000,0.860000,0.000000,0.000000,0.005000,0.134000,0.850000,0.000000,0.000000,0.016000,0.135000,0.860000,0.000000,0.000000,0.005000,1800,1,Feasible,,1,66.83000000,59.73668054,0.10613975,1800.47012918,1805.083187,9474,650723,,,,0.00000000,0.00000000,0,1,0,0,0,0,0,0,0,0,0,28089,,0,0,0,0,0,0,0,0,0,0,0,600,28239,,,66.83000000,75.83600000,,,157.15000000,170.08000000,0.01364823,0.07627593,,,,
fpp_new_instances_scaling,,case00,new20x20,new20x20,shortest_path,FPP-Branch-Benders-Combinatorial,expected,expected,0.03,0.9,1.0,20260729,200,1000,0.135000,0.860000,0.000000,0.000000,0.005000,0.134000,0.850000,0.000000,0.000000,0.016000,0.135000,0.860000,0.000000,0.000000,0.005000,1800,1,Optimal,,1,66.02000000,65.96904939,0.00077175,51.87307928,55.992177,73,43855,,,,0.00000000,0.00000000,0,0,0,0,0,0,0,0,1,0,0,520,0,0,0,0,0,0,29617,0,0,0,0,0,600,29618,,,66.02000000,74.49700000,,,147.10000000,157.95000000,0.01255600,0.06988259,,,,
fpp_new_instances_scaling,,case00,new20x20,new20x20,shortest_path,FPP-SAA,expected,expected,0.03,0.9,1.0,20260729,200,1000,0.135000,0.860000,0.000000,0.000000,0.005000,0.134000,0.850000,0.000000,0.000000,0.016000,0.135000,0.860000,0.000000,0.000000,0.005000,1800,1,Optimal,,1,66.02000000,65.95750000,0.00094668,96.32876723,100.486428,32,0,,,,0.00000000,0.00000000,0,0,0,0,0,0,0,0,0,0,0,0,0,0,0,0,0,0,0,0,0,0,0,0,80400,52293,,,66.02000000,74.49700000,,,147.10000000,157.95000000,0.01286122,0.07279234,,,,
fpp_new_instances_scaling,,case00,new20x20,new20x20,shortest_path,FPP-Branch-Benders-MeanCVaR-LLBI-RootCuts,mean_cvar,mean-cvar,0.03,0.9,0.5,20260729,200,1000,0.135000,0.860000,0.000000,0.000000,0.005000,0.134000,0.850000,0.000000,0.000000,0.016000,0.135000,0.860000,0.000000,0.000000,0.005000,1800,1,Feasible,,1,106.28500000,89.25201572,0.16025765,1800.42935757,1803.164350,22680,1830681,,,,0.00000000,0.00000000,1,1,0,0,0,0,0,0,0,0,0,20768,,200,0,0,0,0,0,0,0,0,0,0,801,21320,,,69.92000000,76.37500000,,,142.65000000,161.17000000,0.00757769,0.04380177,,,,
fpp_new_instances_scaling,,case00,new20x20,new20x20,shortest_path,FPP-Branch-Benders-MeanCVaR-ProjectedCoverageLLBI-exp-RootCuts,mean_cvar,mean-cvar,0.03,0.9,0.5,20260729,200,1000,0.135000,0.860000,0.000000,0.000000,0.005000,0.134000,0.850000,0.000000,0.000000,0.016000,0.135000,0.860000,0.000000,0.000000,0.005000,1800,1,Feasible,,1,102.08250000,100.60963653,0.01442817,1806.39951135,1808.771480,168215,9680430,0.00000000,0.00000000,91.19844827,91.19844827,9119.84482659,1,1,1,0,1,0,0,1,0,0,0,6528,,0,1622,0,1622,255695,0,0,0,0,0,0,801,8510,,,68.61500000,75.83200000,,,135.55000000,154.66000000,0.00629883,0.03548941,,,,
fpp_new_instances_scaling,,case00,new20x20,new20x20,shortest_path,FPP-Branch-Benders-MeanCVaR-ProjectedPathLLBI-exp-RootCuts,mean_cvar,mean-cvar,0.03,0.9,0.5,20260729,200,1000,0.135000,0.860000,0.000000,0.000000,0.005000,0.134000,0.850000,0.000000,0.000000,0.016000,0.135000,0.860000,0.000000,0.000000,0.005000,1800,1,Optimal,,1,102.08250000,101.98044906,0.00099969,158.41291121,160.580865,37596,1896876,0.00000000,0.00000000,94.68151348,94.68151348,9468.15134752,1,1,0,1,0,1,0,1,0,0,0,994,,0,0,1743,1743,279941,0,0,0,0,0,0,801,2951,,,68.61500000,75.83200000,,,135.55000000,154.66000000,0.00700514,0.03366538,,,,
fpp_new_instances_scaling,,case00,new20x20,new20x20,shortest_path,FPP-Branch-Benders-MeanCVaR-RootCuts,mean_cvar,mean-cvar,0.03,0.9,0.5,20260729,200,1000,0.135000,0.860000,0.000000,0.000000,0.005000,0.134000,0.850000,0.000000,0.000000,0.016000,0.135000,0.860000,0.000000,0.000000,0.005000,1800,1,Feasible,,1,103.19750000,89.18015456,0.13583028,1800.41605403,1803.292008,31310,2481262,,,,0.00000000,0.00000000,0,1,0,0,0,0,0,0,0,0,0,30069,,0,0,0,0,0,0,0,0,0,0,0,801,30423,,,68.39500000,75.20700000,,,138.00000000,151.36000000,0.00782855,0.04290555,,,,
fpp_new_instances_scaling,,case00,new20x20,new20x20,shortest_path,FPP-Branch-Benders-Combinatorial-MeanCVaR,mean_cvar,mean-cvar,0.03,0.9,0.5,20260729,200,1000,0.135000,0.860000,0.000000,0.000000,0.005000,0.134000,0.850000,0.000000,0.000000,0.016000,0.135000,0.860000,0.000000,0.000000,0.005000,1800,1,Optimal,,1,102.08250000,102.00807357,0.00072908,566.51012384,568.566319,910,427409,,,,0.00000000,0.00000000,0,0,0,0,0,0,0,0,1,0,0,791,0,0,0,0,0,0,101262,0,0,0,0,0,801,101463,,,68.61500000,75.83200000,,,135.55000000,154.66000000,0.00653222,0.03315339,,,,
fpp_new_instances_scaling,,case00,new20x20,new20x20,shortest_path,FPP-SAA-MeanCVaR,mean_cvar,mean-cvar,0.03,0.9,0.5,20260729,200,1000,0.135000,0.860000,0.000000,0.000000,0.005000,0.134000,0.850000,0.000000,0.000000,0.016000,0.135000,0.860000,0.000000,0.000000,0.005000,1800,1,Optimal,,1,102.08250000,102.01610235,0.00065043,1723.62311214,1726.787579,1352,0,,,,0.00000000,0.00000000,0,0,0,0,0,0,0,0,0,0,0,0,0,0,0,0,0,0,0,0,0,0,0,0,80601,52493,,,68.61500000,75.83200000,,,135.55000000,154.66000000,0.00936981,0.06759667,,,,
fpp_new_instances_scaling,,case01,new20x20,new20x20,shortest_path,FPP-Branch-Benders-CVaR-LLBI-RootCuts,cvar,cvar,0.03,0.9,1.0,20261729,200,1000,0.125000,0.860000,0.000000,0.000000,0.015000,0.134000,0.850000,0.000000,0.000000,0.016000,0.125000,0.860000,0.000000,0.000000,0.015000,1800,1,Feasible,,1,146.40000000,115.66287354,0.20995305,1800.61392060,1804.002258,43367,1632765,,,,0.00000000,0.00000000,1,1,0,0,0,0,0,0,0,0,0,10930,,200,0,0,0,0,0,0,0,0,0,0,801,11486,,,84.10000000,81.04700000,,,146.40000000,154.74000000,0.01242678,0.05900720,,,,
fpp_new_instances_scaling,,case01,new20x20,new20x20,shortest_path,FPP-Branch-Benders-CVaR-ProjectedCoverageLLBI-exp-RootCuts,cvar,cvar,0.03,0.9,1.0,20261729,200,1000,0.125000,0.860000,0.000000,0.000000,0.015000,0.134000,0.850000,0.000000,0.000000,0.016000,0.125000,0.860000,0.000000,0.000000,0.015000,1800,1,Feasible,,1,137.65000000,129.47757216,0.05937107,1812.37332670,1817.076460,67108,2950992,0.00000000,0.00000000,115.00590263,115.00590263,11500.59026325,1,1,1,0,1,0,0,1,0,0,0,1593,,0,2153,0,2153,402677,0,0,0,0,0,0,801,4080,,,80.58000000,79.07300000,,,137.65000000,147.50000000,0.01572330,0.07883875,,,,
fpp_new_instances_scaling,,case01,new20x20,new20x20,shortest_path,FPP-Branch-Benders-CVaR-ProjectedPathLLBI-exp-RootCuts,cvar,cvar,0.03,0.9,1.0,20261729,200,1000,0.125000,0.860000,0.000000,0.000000,0.015000,0.134000,0.850000,0.000000,0.000000,0.016000,0.125000,0.860000,0.000000,0.000000,0.015000,1800,1,Feasible,,1,137.65000000,134.61934741,0.02201709,1803.74847641,1808.692743,137810,6103728,0.00000000,0.00000000,119.28017634,119.28017634,11928.01763406,1,1,0,1,0,1,0,1,0,0,0,414,,0,0,2244,2244,413420,0,0,0,0,0,0,801,2861,,,80.58000000,79.07300000,,,137.65000000,147.50000000,0.01580522,0.07948326,,,,
fpp_new_instances_scaling,,case01,new20x20,new20x20,shortest_path,FPP-Branch-Benders-CVaR-RootCuts,cvar,cvar,0.03,0.9,1.0,20261729,200,1000,0.125000,0.860000,0.000000,0.000000,0.015000,0.134000,0.850000,0.000000,0.000000,0.016000,0.125000,0.860000,0.000000,0.000000,0.015000,1800,1,Feasible,,1,144.95000000,113.88372475,0.21432408,1800.44958445,1805.170470,35175,1385385,,,,0.00000000,0.00000000,0,1,0,0,0,0,0,0,0,0,0,15845,,0,0,0,0,0,0,0,0,0,0,0,801,16201,,,83.74500000,80.90600000,,,144.95000000,150.80000000,0.01667558,0.07170820,,,,
fpp_new_instances_scaling,,case01,new20x20,new20x20,shortest_path,FPP-Branch-Benders-Combinatorial-CVaR,cvar,cvar,0.03,0.9,1.0,20261729,200,1000,0.125000,0.860000,0.000000,0.000000,0.015000,0.134000,0.850000,0.000000,0.000000,0.016000,0.125000,0.860000,0.000000,0.000000,0.015000,1800,1,Feasible,,1,138.50000000,127.76271873,0.07752550,1810.63876766,1814.550092,639,404534,,,,0.00000000,0.00000000,0,0,0,0,0,0,0,0,1,0,0,3404,0,0,0,0,0,0,62814,0,0,0,0,0,801,63015,,,79.66500000,76.56500000,,,138.50000000,146.69000000,0.01394414,0.07155485,,,,
fpp_new_instances_scaling,,case01,new20x20,new20x20,shortest_path,FPP-SAA-CVaR,cvar,cvar,0.03,0.9,1.0,20261729,200,1000,0.125000,0.860000,0.000000,0.000000,0.015000,0.134000,0.850000,0.000000,0.000000,0.016000,0.125000,0.860000,0.000000,0.000000,0.015000,1800,1,Feasible,,1,144.70000000,123.66343471,0.14538055,1800.05918708,1804.387578,95,0,,,,0.00000000,0.00000000,0,0,0,0,0,0,0,0,0,0,0,0,0,0,0,0,0,0,0,0,0,0,0,0,80601,59384,,,82.57000000,78.36100000,,,144.70000000,147.29000000,0.01555777,0.07822081,,,,
fpp_new_instances_scaling,,case01,new20x20,new20x20,shortest_path,FPP-Branch-Benders-LLBI-RootCuts,expected,expected,0.03,0.9,1.0,20261729,200,1000,0.125000,0.860000,0.000000,0.000000,0.015000,0.134000,0.850000,0.000000,0.000000,0.016000,0.125000,0.860000,0.000000,0.000000,0.015000,1800,1,Feasible,,1,76.04000000,68.39292779,0.10056644,1800.73727773,1805.755358,11357,1249219,,,,0.00000000,0.00000000,1,1,0,0,0,0,0,0,0,0,0,16797,,200,0,0,0,0,0,0,0,0,0,0,600,17166,,,76.04000000,73.79600000,,,149.70000000,151.59000000,0.01534810,0.07342638,,,,
fpp_new_instances_scaling,,case01,new20x20,new20x20,shortest_path,FPP-Branch-Benders-ProjectedCoverageLLBI-exp-RootCuts,expected,expected,0.03,0.9,1.0,20261729,200,1000,0.125000,0.860000,0.000000,0.000000,0.015000,0.134000,0.850000,0.000000,0.000000,0.016000,0.125000,0.860000,0.000000,0.000000,0.015000,1800,1,Optimal,,1,74.64000000,74.56627192,0.00098778,70.87337515,75.840788,2383,164206,0.00000000,0.00000000,70.44000000,70.44000000,7044.00000000,1,1,1,0,1,0,0,1,0,0,0,2365,,0,1598,0,1598,240471,0,0,0,0,0,0,600,4125,,,74.64000000,73.47700000,,,145.35000000,149.07000000,0.01542349,0.07240368,,,,
fpp_new_instances_scaling,,case01,new20x20,new20x20,shortest_path,FPP-Branch-Benders-ProjectedPathLLBI-exp-RootCuts,expected,expected,0.03,0.9,1.0,20261729,200,1000,0.125000,0.860000,0.000000,0.000000,0.015000,0.134000,0.850000,0.000000,0.000000,0.016000,0.125000,0.860000,0.000000,0.000000,0.015000,1800,1,Optimal,,1,74.64000000,74.56630624,0.00098732,13.44014358,18.335474,187,28273,0.00000000,0.00000000,72.48129630,72.48129630,7248.12962963,1,1,0,1,0,1,0,1,0,0,0,728,,0,0,1865,1865,288942,0,0,0,0,0,0,600,2594,,,74.64000000,73.47700000,,,145.35000000,149.07000000,0.01489600,0.07309994,,,,
fpp_new_instances_scaling,,case01,new20x20,new20x20,shortest_path,FPP-Branch-Benders-RootCuts,expected,expected,0.03,0.9,1.0,20261729,200,1000,0.125000,0.860000,0.000000,0.000000,0.015000,0.134000,0.850000,0.000000,0.000000,0.016000,0.125000,0.860000,0.000000,0.000000,0.015000,1800,1,Feasible,,1,75.54500000,68.55618514,0.09251194,1800.30331374,1804.813462,11009,771924,,,,0.00000000,0.00000000,0,1,0,0,0,0,0,0,0,0,0,24982,,0,0,0,0,0,0,0,0,0,0,0,600,25144,,,75.54500000,74.07900000,,,148.70000000,152.54000000,0.01474041,0.08114005,,,,
fpp_new_instances_scaling,,case01,new20x20,new20x20,shortest_path,FPP-Branch-Benders-Combinatorial,expected,expected,0.03,0.9,1.0,20261729,200,1000,0.125000,0.860000,0.000000,0.000000,0.015000,0.134000,0.850000,0.000000,0.000000,0.016000,0.125000,0.860000,0.000000,0.000000,0.015000,1800,1,Feasible,,1,75.23500000,72.22511202,0.04000649,1816.26189769,1820.396025,0,23186,,,,0.00000000,0.00000000,0,0,0,0,0,0,0,0,1,0,0,800,0,0,0,0,0,0,5073800,0,0,0,0,0,600,5073801,,,75.23500000,73.72400000,,,149.25000000,153.04000000,0.01452961,0.07069706,,,,
fpp_new_instances_scaling,,case01,new20x20,new20x20,shortest_path,FPP-SAA,expected,expected,0.03,0.9,1.0,20261729,200,1000,0.125000,0.860000,0.000000,0.000000,0.015000,0.134000,0.850000,0.000000,0.000000,0.016000,0.125000,0.860000,0.000000,0.000000,0.015000,1800,1,Optimal,,1,74.64000000,74.64000000,0.00000000,119.71214309,124.052872,23,0,,,,0.00000000,0.00000000,0,0,0,0,0,0,0,0,0,0,0,0,0,0,0,0,0,0,0,0,0,0,0,0,80400,59184,,,74.64000000,73.47700000,,,145.35000000,149.07000000,0.01710138,0.06800223,,,,
fpp_new_instances_scaling,,case01,new20x20,new20x20,shortest_path,FPP-Branch-Benders-MeanCVaR-LLBI-RootCuts,mean_cvar,mean-cvar,0.03,0.9,0.5,20261729,200,1000,0.125000,0.860000,0.000000,0.000000,0.015000,0.134000,0.850000,0.000000,0.000000,0.016000,0.125000,0.860000,0.000000,0.000000,0.015000,1800,1,Feasible,,1,109.91000000,94.44238590,0.14072982,1800.35670436,1802.720291,34850,2566126,,,,0.00000000,0.00000000,1,1,0,0,0,0,0,0,0,0,0,21074,,200,0,0,0,0,0,0,0,0,0,0,801,21644,,,75.22000000,73.61200000,,,144.60000000,153.23000000,0.00705468,0.03409524,,,,
fpp_new_instances_scaling,,case01,new20x20,new20x20,shortest_path,FPP-Branch-Benders-MeanCVaR-ProjectedCoverageLLBI-exp-RootCuts,mean_cvar,mean-cvar,0.03,0.9,0.5,20261729,200,1000,0.125000,0.860000,0.000000,0.000000,0.015000,0.134000,0.850000,0.000000,0.000000,0.016000,0.125000,0.860000,0.000000,0.000000,0.015000,1800,1,Feasible,,1,109.08250000,106.66022492,0.02220590,1806.71992353,1809.014456,139461,8585194,0.00000000,0.00000000,96.20907316,96.20907316,9620.90731558,1,1,1,0,1,0,0,1,0,0,0,8497,,0,1870,0,1870,321479,0,0,0,0,0,0,801,10723,,,79.66500000,76.56500000,,,138.50000000,146.69000000,0.00714156,0.03342538,,,,
fpp_new_instances_scaling,,case01,new20x20,new20x20,shortest_path,FPP-Branch-Benders-MeanCVaR-ProjectedPathLLBI-exp-RootCuts,mean_cvar,mean-cvar,0.03,0.9,0.5,20261729,200,1000,0.125000,0.860000,0.000000,0.000000,0.015000,0.134000,0.850000,0.000000,0.000000,0.016000,0.125000,0.860000,0.000000,0.000000,0.015000,1800,1,Optimal,,1,109.08250000,108.97351451,0.00099911,525.21388183,527.339731,94098,4830294,0.00000000,0.00000000,98.83873042,98.83873042,9883.87304212,1,1,0,1,0,1,0,1,0,0,0,2519,,0,0,1929,1929,334434,0,0,0,0,0,0,801,4697,,,79.66500000,76.56500000,,,138.50000000,146.69000000,0.00689202,0.03348676,,,,
fpp_new_instances_scaling,,case01,new20x20,new20x20,shortest_path,FPP-Branch-Benders-MeanCVaR-RootCuts,mean_cvar,mean-cvar,0.03,0.9,0.5,20261729,200,1000,0.125000,0.860000,0.000000,0.000000,0.015000,0.134000,0.850000,0.000000,0.000000,0.016000,0.125000,0.860000,0.000000,0.000000,0.015000,1800,1,Feasible,,1,111.88500000,95.19475260,0.14917323,1800.29667241,1803.068395,26525,2212330,,,,0.00000000,0.00000000,0,1,0,0,0,0,0,0,0,0,0,28540,,0,0,0,0,0,0,0,0,0,0,0,801,28902,,,77.12000000,74.79000000,,,146.65000000,150.28000000,0.00897297,0.04297286,,,,
fpp_new_instances_scaling,,case01,new20x20,new20x20,shortest_path,FPP-Branch-Benders-Combinatorial-MeanCVaR,mean_cvar,mean-cvar,0.03,0.9,0.5,20261729,200,1000,0.125000,0.860000,0.000000,0.000000,0.015000,0.134000,0.850000,0.000000,0.000000,0.016000,0.125000,0.860000,0.000000,0.000000,0.015000,1800,1,Feasible,,1,112.24250000,98.83873873,0.11941788,1839.87529878,1841.842153,0,44518,,,,0.00000000,0.00000000,0,0,0,0,0,0,0,0,1,0,0,280,0,0,0,0,0,0,816539,0,0,0,0,0,801,816740,,,75.23500000,73.72400000,,,149.25000000,153.04000000,0.00677685,0.03154198,,,,
fpp_new_instances_scaling,,case01,new20x20,new20x20,shortest_path,FPP-SAA-MeanCVaR,mean_cvar,mean-cvar,0.03,0.9,0.5,20261729,200,1000,0.125000,0.860000,0.000000,0.000000,0.015000,0.134000,0.850000,0.000000,0.000000,0.016000,0.125000,0.860000,0.000000,0.000000,0.015000,1800,1,Optimal,,1,109.08250000,108.99924924,0.00076319,954.39194556,957.353654,678,0,,,,0.00000000,0.00000000,0,0,0,0,0,0,0,0,0,0,0,0,0,0,0,0,0,0,0,0,0,0,0,0,80601,59384,,,79.66500000,76.56500000,,,138.50000000,146.69000000,0.00890897,0.04382256,,,,
fpp_new_instances_scaling,,case02,new20x20,new20x20,shortest_path,FPP-Branch-Benders-CVaR-LLBI-RootCuts,cvar,cvar,0.03,0.9,1.0,20262729,200,1000,0.120000,0.860000,0.000000,0.000000,0.020000,0.134000,0.850000,0.000000,0.000000,0.016000,0.120000,0.860000,0.000000,0.000000,0.020000,1800,1,Feasible,,1,140.80000000,110.87621688,0.21252687,1800.50996935,1804.870527,23617,1173205,,,,0.00000000,0.00000000,1,1,0,0,0,0,0,0,0,0,0,9931,,200,0,0,0,0,0,0,0,0,0,0,801,10489,,,82.65500000,82.02700000,,,140.80000000,156.14000000,0.01530920,0.08209531,,,,
fpp_new_instances_scaling,,case02,new20x20,new20x20,shortest_path,FPP-Branch-Benders-CVaR-ProjectedCoverageLLBI-exp-RootCuts,cvar,cvar,0.03,0.9,1.0,20262729,200,1000,0.120000,0.860000,0.000000,0.000000,0.020000,0.134000,0.850000,0.000000,0.000000,0.016000,0.120000,0.860000,0.000000,0.000000,0.020000,1800,1,Feasible,,1,133.95000000,123.61462402,0.07715846,1813.28533268,1818.222179,62658,2750959,0.00000000,0.00000000,111.06799958,111.06799958,11106.79995796,1,1,1,0,1,0,0,1,0,0,0,4717,,0,2053,0,2053,358124,0,0,0,0,0,0,801,7098,,,81.04000000,81.42800000,,,133.95000000,155.04000000,0.01565071,0.07900129,,,,
fpp_new_instances_scaling,,case02,new20x20,new20x20,shortest_path,FPP-Branch-Benders-CVaR-ProjectedPathLLBI-exp-RootCuts,cvar,cvar,0.03,0.9,1.0,20262729,200,1000,0.120000,0.860000,0.000000,0.000000,0.020000,0.134000,0.850000,0.000000,0.000000,0.016000,0.120000,0.860000,0.000000,0.000000,0.020000,1800,1,Feasible,,1,133.40000000,128.85780984,0.03404940,1803.21994722,1807.637591,112592,4218892,0.00000000,0.00000000,115.62370723,115.62370723,11562.37072280,1,1,0,1,0,1,0,1,0,0,0,1493,,0,0,1836,1836,316697,0,0,0,0,0,0,801,3556,,,78.80000000,78.93100000,,,133.40000000,145.96000000,0.01441134,0.07052104,,,,
fpp_new_instances_scaling,,case02,new20x20,new20x20,shortest_path,FPP-Branch-Benders-CVaR-RootCuts,cvar,cvar,0.03,0.9,1.0,20262729,200,1000,0.120000,0.860000,0.000000,0.000000,0.020000,0.134000,0.850000,0.000000,0.000000,0.016000,0.120000,0.860000,0.000000,0.000000,0.020000,1800,1,Feasible,,1,138.40000000,110.29538251,0.20306805,1800.51202811,1805.678468,34668,1385599,,,,0.00000000,0.00000000,0,1,0,0,0,0,0,0,0,0,0,14643,,0,0,0,0,0,0,0,0,0,0,0,801,15000,,,81.26500000,79.43800000,,,138.40000000,148.31000000,0.03138556,0.08159001,,,,
fpp_new_instances_scaling,,case02,new20x20,new20x20,shortest_path,FPP-Branch-Benders-Combinatorial-CVaR,cvar,cvar,0.03,0.9,1.0,20262729,200,1000,0.120000,0.860000,0.000000,0.000000,0.020000,0.134000,0.850000,0.000000,0.000000,0.016000,0.120000,0.860000,0.000000,0.000000,0.020000,1800,1,Feasible,,1,133.85000000,124.98313855,0.06624476,1815.05905400,1817.898849,1242,448366,,,,0.00000000,0.00000000,0,0,0,0,0,0,0,0,1,0,0,1277,0,0,0,0,0,0,66095,0,0,0,0,0,801,66296,,,80.98500000,81.48700000,,,133.85000000,156.74000000,0.01085720,0.05387688,,,,
fpp_new_instances_scaling,,case02,new20x20,new20x20,shortest_path,FPP-SAA-CVaR,cvar,cvar,0.03,0.9,1.0,20262729,200,1000,0.120000,0.860000,0.000000,0.000000,0.020000,0.134000,0.850000,0.000000,0.000000,0.016000,0.120000,0.860000,0.000000,0.000000,0.020000,1800,1,Feasible,,1,140.90000000,121.53608995,0.13743016,1800.06627800,1804.464945,149,0,,,,0.00000000,0.00000000,0,0,0,0,0,0,0,0,0,0,0,0,0,0,0,0,0,0,0,0,0,0,0,0,80601,56594,,,76.76500000,76.73100000,,,140.60000000,158.41000000,0.01544939,0.06944903,,,,
fpp_new_instances_scaling,,case02,new20x20,new20x20,shortest_path,FPP-Branch-Benders-LLBI-RootCuts,expected,expected,0.03,0.9,1.0,20262729,200,1000,0.120000,0.860000,0.000000,0.000000,0.020000,0.134000,0.850000,0.000000,0.000000,0.016000,0.120000,0.860000,0.000000,0.000000,0.020000,1800,1,Feasible,,1,73.14500000,66.16722489,0.09539647,1800.61243623,1805.744751,8442,846245,,,,0.00000000,0.00000000,1,1,0,0,0,0,0,0,0,0,0,20941,,200,0,0,0,0,0,0,0,0,0,0,600,21305,,,73.14500000,73.43600000,,,141.75000000,150.79000000,0.01584596,0.07359276,,,,
fpp_new_instances_scaling,,case02,new20x20,new20x20,shortest_path,FPP-Branch-Benders-ProjectedCoverageLLBI-exp-RootCuts,expected,expected,0.03,0.9,1.0,20262729,200,1000,0.120000,0.860000,0.000000,0.000000,0.020000,0.134000,0.850000,0.000000,0.000000,0.016000,0.120000,0.860000,0.000000,0.000000,0.020000,1800,1,Optimal,,1,72.10000000,72.02902593,0.00098438,30.94208083,34.735105,862,63631,0.00000000,0.00000000,68.97571429,68.97571429,6897.57142857,1,1,1,0,1,0,0,1,0,0,0,2004,,0,1487,0,1487,218289,0,0,0,0,0,0,600,3644,,,72.10000000,74.86100000,,,143.30000000,159.38000000,0.01443386,0.05714238,,,,
fpp_new_instances_scaling,,case02,new20x20,new20x20,shortest_path,FPP-Branch-Benders-ProjectedPathLLBI-exp-RootCuts,expected,expected,0.03,0.9,1.0,20262729,200,1000,0.120000,0.860000,0.000000,0.000000,0.020000,0.134000,0.850000,0.000000,0.000000,0.016000,0.120000,0.860000,0.000000,0.000000,0.020000,1800,1,Optimal,,1,72.10000000,72.04870954,0.00071138,9.72937614,14.408408,72,11633,0.00000000,0.00000000,70.60386364,70.60386364,7060.38636364,1,1,0,1,0,1,0,1,0,0,0,933,,0,0,1497,1497,224725,0,0,0,0,0,0,600,2431,,,72.10000000,74.86100000,,,143.30000000,159.38000000,0.02631004,0.07346195,,,,
fpp_new_instances_scaling,,case02,new20x20,new20x20,shortest_path,FPP-Branch-Benders-RootCuts,expected,expected,0.03,0.9,1.0,20262729,200,1000,0.120000,0.860000,0.000000,0.000000,0.020000,0.134000,0.850000,0.000000,0.000000,0.016000,0.120000,0.860000,0.000000,0.000000,0.020000,1800,1,Feasible,,1,74.38500000,65.96562852,0.11318641,1800.51689235,1804.901284,7814,575781,,,,0.00000000,0.00000000,0,1,0,0,0,0,0,0,0,0,0,30434,,0,0,0,0,0,0,0,0,0,0,0,600,30592,,,74.38500000,76.34200000,,,149.45000000,165.63000000,0.01550086,0.06726261,,,,
fpp_new_instances_scaling,,case02,new20x20,new20x20,shortest_path,FPP-Branch-Benders-Combinatorial,expected,expected,0.03,0.9,1.0,20262729,200,1000,0.120000,0.860000,0.000000,0.000000,0.020000,0.134000,0.850000,0.000000,0.000000,0.016000,0.120000,0.860000,0.000000,0.000000,0.020000,1800,1,Optimal,,1,72.10000000,72.10000000,0.00000000,38.08745297,42.227583,23,24764,,,,0.00000000,0.00000000,0,0,0,0,0,0,0,0,1,0,0,403,0,0,0,0,0,0,20845,0,0,0,0,0,600,20846,,,72.10000000,74.86100000,,,143.30000000,159.38000000,0.01293599,0.07011356,,,,
fpp_new_instances_scaling,,case02,new20x20,new20x20,shortest_path,FPP-SAA,expected,expected,0.03,0.9,1.0,20262729,200,1000,0.120000,0.860000,0.000000,0.000000,0.020000,0.134000,0.850000,0.000000,0.000000,0.016000,0.120000,0.860000,0.000000,0.000000,0.020000,1800,1,Optimal,,1,72.10000000,72.10000000,0.00000000,82.41350973,86.760563,3,0,,,,0.00000000,0.00000000,0,0,0,0,0,0,0,0,0,0,0,0,0,0,0,0,0,0,0,0,0,0,0,0,80400,56394,,,72.10000000,74.86100000,,,143.30000000,159.38000000,0.01332997,0.07092445,,,,
fpp_new_instances_scaling,,case02,new20x20,new20x20,shortest_path,FPP-Branch-Benders-MeanCVaR-LLBI-RootCuts,mean_cvar,mean-cvar,0.03,0.9,0.5,20262729,200,1000,0.120000,0.860000,0.000000,0.000000,0.020000,0.134000,0.850000,0.000000,0.000000,0.016000,0.120000,0.860000,0.000000,0.000000,0.020000,1800,1,Feasible,,1,108.54000000,92.27753446,0.14982924,1800.39434437,1803.098474,26678,2142007,,,,0.00000000,0.00000000,1,1,0,0,0,0,0,0,0,0,0,18037,,200,0,0,0,0,0,0,0,0,0,0,801,18600,,,74.88000000,76.64500000,,,142.20000000,164.27000000,0.00814951,0.04528361,,,,
fpp_new_instances_scaling,,case02,new20x20,new20x20,shortest_path,FPP-Branch-Benders-MeanCVaR-ProjectedCoverageLLBI-exp-RootCuts,mean_cvar,mean-cvar,0.03,0.9,0.5,20262729,200,1000,0.120000,0.860000,0.000000,0.000000,0.020000,0.134000,0.850000,0.000000,0.000000,0.016000,0.120000,0.860000,0.000000,0.000000,0.020000,1800,1,Optimal,,1,103.92000000,103.81616909,0.00099914,866.41513314,868.800954,78007,3718913,0.00000000,0.00000000,92.98886778,92.98886778,9298.88677833,1,1,1,0,1,0,0,1,0,0,0,4812,,0,1541,0,1541,253203,0,0,0,0,0,0,801,6705,,,73.64000000,74.45700000,,,134.20000000,153.92000000,0.00714716,0.03591373,,,,
fpp_new_instances_scaling,,case02,new20x20,new20x20,shortest_path,FPP-Branch-Benders-MeanCVaR-ProjectedPathLLBI-exp-RootCuts,mean_cvar,mean-cvar,0.03,0.9,0.5,20262729,200,1000,0.120000,0.860000,0.000000,0.000000,0.020000,0.134000,0.850000,0.000000,0.000000,0.016000,0.120000,0.860000,0.000000,0.000000,0.020000,1800,1,Optimal,,1,103.92000000,103.81662893,0.00099472,52.24149662,54.515589,11209,498327,0.00000000,0.00000000,95.88713662,95.88713662,9588.71366192,1,1,0,1,0,1,0,1,0,0,0,1268,,0,0,1639,1639,275668,0,0,0,0,0,0,801,3108,,,73.64000000,74.45700000,,,134.20000000,153.92000000,0.00706774,0.03598078,,,,
fpp_new_instances_scaling,,case02,new20x20,new20x20,shortest_path,FPP-Branch-Benders-MeanCVaR-RootCuts,mean_cvar,mean-cvar,0.03,0.9,0.5,20262729,200,1000,0.120000,0.860000,0.000000,0.000000,0.020000,0.134000,0.850000,0.000000,0.000000,0.016000,0.120000,0.860000,0.000000,0.000000,0.020000,1800,1,Feasible,,1,107.43000000,91.87750756,0.14476862,1800.26460324,1803.062638,15968,1408114,,,,0.00000000,0.00000000,0,1,0,0,0,0,0,0,0,0,0,19709,,0,0,0,0,0,0,0,0,0,0,0,801,20069,,,75.01000000,75.24300000,,,139.85000000,155.98000000,0.00870950,0.04188385,,,,
fpp_new_instances_scaling,,case02,new20x20,new20x20,shortest_path,FPP-Branch-Benders-Combinatorial-MeanCVaR,mean_cvar,mean-cvar,0.03,0.9,0.5,20262729,200,1000,0.120000,0.860000,0.000000,0.000000,0.020000,0.134000,0.850000,0.000000,0.000000,0.016000,0.120000,0.860000,0.000000,0.000000,0.020000,1800,1,Optimal,,1,103.92000000,103.83142783,0.00085231,399.01637032,401.202677,542,310409,,,,0.00000000,0.00000000,0,0,0,0,0,0,0,0,1,0,0,583,0,0,0,0,0,0,63739,0,0,0,0,0,801,63940,,,73.64000000,74.45700000,,,134.20000000,153.92000000,0.00710376,0.03631906,,,,
fpp_new_instances_scaling,,case02,new20x20,new20x20,shortest_path,FPP-SAA-MeanCVaR,mean_cvar,mean-cvar,0.03,0.9,0.5,20262729,200,1000,0.120000,0.860000,0.000000,0.000000,0.020000,0.134000,0.850000,0.000000,0.000000,0.016000,0.120000,0.860000,0.000000,0.000000,0.020000,1800,1,Optimal,,1,103.92000000,103.87509838,0.00043208,1200.44625871,1203.520264,361,0,,,,0.00000000,0.00000000,0,0,0,0,0,0,0,0,0,0,0,0,0,0,0,0,0,0,0,0,0,0,0,0,80601,56594,,,73.64000000,74.45700000,,,134.20000000,153.92000000,0.01003439,0.04992590,,,,
fpp_new_instances_scaling,,case03,new20x20,new20x20,shortest_path,FPP-Branch-Benders-CVaR-LLBI-RootCuts,cvar,cvar,0.03,0.9,1.0,20263729,200,1000,0.095000,0.895000,0.000000,0.000000,0.010000,0.134000,0.850000,0.000000,0.000000,0.016000,0.095000,0.895000,0.000000,0.000000,0.010000,1800,1,Feasible,,1,146.40000000,113.78329828,0.22279168,1800.61123475,1805.212553,26794,1273195,,,,0.00000000,0.00000000,1,1,0,0,0,0,0,0,0,0,0,10913,,200,0,0,0,0,0,0,0,0,0,0,801,11472,,,83.40000000,78.41200000,,,146.40000000,149.58000000,0.01506296,0.07158027,,,,
fpp_new_instances_scaling,,case03,new20x20,new20x20,shortest_path,FPP-Branch-Benders-CVaR-ProjectedCoverageLLBI-exp-RootCuts,cvar,cvar,0.03,0.9,1.0,20263729,200,1000,0.095000,0.895000,0.000000,0.000000,0.010000,0.134000,0.850000,0.000000,0.000000,0.016000,0.095000,0.895000,0.000000,0.000000,0.010000,1800,1,Feasible,,1,138.45000000,129.33604332,0.06582851,1813.60964356,1816.728331,77115,3572916,0.00000000,0.00000000,117.44527372,117.44527372,11744.52737248,1,1,1,0,1,0,0,1,0,0,0,4774,,0,2249,0,2249,394379,0,0,0,0,0,0,801,7363,,,80.43500000,76.55000000,,,138.45000000,148.59000000,0.01114119,0.04987166,,,,
fpp_new_instances_scaling,,case03,new20x20,new20x20,shortest_path,FPP-Branch-Benders-CVaR-ProjectedPathLLBI-exp-RootCuts,cvar,cvar,0.03,0.9,1.0,20263729,200,1000,0.095000,0.895000,0.000000,0.000000,0.010000,0.134000,0.850000,0.000000,0.000000,0.016000,0.095000,0.895000,0.000000,0.000000,0.010000,1800,1,Feasible,,1,138.45000000,134.29818794,0.02998781,1803.09485086,1805.973068,140600,5162172,0.00000000,0.00000000,120.65527830,120.65527830,12065.52782951,1,1,0,1,0,1,0,1,0,0,0,1234,,0,0,2142,2142,381586,0,0,0,0,0,0,801,3585,,,80.43500000,76.55000000,,,138.45000000,148.59000000,0.00923949,0.04608363,,,,
fpp_new_instances_scaling,,case03,new20x20,new20x20,shortest_path,FPP-Branch-Benders-CVaR-RootCuts,cvar,cvar,0.03,0.9,1.0,20263729,200,1000,0.095000,0.895000,0.000000,0.000000,0.010000,0.134000,0.850000,0.000000,0.000000,0.016000,0.095000,0.895000,0.000000,0.000000,0.010000,1800,1,Feasible,,1,144.05000000,112.13411214,0.22156118,1800.46264726,1805.426440,16141,831930,,,,0.00000000,0.00000000,0,1,0,0,0,0,0,0,0,0,0,11057,,0,0,0,0,0,0,0,0,0,0,0,801,11417,,,87.08500000,81.89300000,,,144.05000000,155.50000000,0.01758590,0.08309112,,,,
fpp_new_instances_scaling,,case03,new20x20,new20x20,shortest_path,FPP-Branch-Benders-Combinatorial-CVaR,cvar,cvar,0.03,0.9,1.0,20263729,200,1000,0.095000,0.895000,0.000000,0.000000,0.010000,0.134000,0.850000,0.000000,0.000000,0.016000,0.095000,0.895000,0.000000,0.000000,0.010000,1800,1,Feasible,,1,148.10000000,120.65581556,0.18530847,1807.86550545,1810.286151,0,9289,,,,0.00000000,0.00000000,0,0,0,0,0,0,0,0,1,0,0,2100,0,0,0,0,0,0,65308,0,0,0,0,0,801,65509,,,75.29000000,73.22300000,,,148.10000000,151.86000000,0.00932082,0.04072860,,,,
fpp_new_instances_scaling,,case03,new20x20,new20x20,shortest_path,FPP-SAA-CVaR,cvar,cvar,0.03,0.9,1.0,20263729,200,1000,0.095000,0.895000,0.000000,0.000000,0.010000,0.134000,0.850000,0.000000,0.000000,0.016000,0.095000,0.895000,0.000000,0.000000,0.010000,1800,1,Feasible,,1,144.15000000,124.50500693,0.13628160,1800.07745925,1804.389288,77,0,,,,0.00000000,0.00000000,0,0,0,0,0,0,0,0,0,0,0,0,0,0,0,0,0,0,0,0,0,0,0,0,80601,59084,,,85.47500000,80.20800000,,,144.15000000,150.55000000,0.01526357,0.07586555,,,,
fpp_new_instances_scaling,,case03,new20x20,new20x20,shortest_path,FPP-Branch-Benders-LLBI-RootCuts,expected,expected,0.03,0.9,1.0,20263729,200,1000,0.095000,0.895000,0.000000,0.000000,0.010000,0.134000,0.850000,0.000000,0.000000,0.016000,0.095000,0.895000,0.000000,0.000000,0.010000,1800,1,Feasible,,1,75.88000000,67.11843838,0.11546602,1800.59355290,1805.074251,7448,628703,,,,0.00000000,0.00000000,1,1,0,0,0,0,0,0,0,0,0,24516,,200,0,0,0,0,0,0,0,0,0,0,600,24886,,,75.88000000,74.54400000,,,150.45000000,159.23000000,0.01402728,0.06966909,,,,
fpp_new_instances_scaling,,case03,new20x20,new20x20,shortest_path,FPP-Branch-Benders-ProjectedCoverageLLBI-exp-RootCuts,expected,expected,0.03,0.9,1.0,20263729,200,1000,0.095000,0.895000,0.000000,0.000000,0.010000,0.134000,0.850000,0.000000,0.000000,0.016000,0.095000,0.895000,0.000000,0.000000,0.010000,1800,1,Optimal,,1,75.07500000,74.99993005,0.00099993,248.86195241,253.392757,9473,595601,0.00000000,0.00000000,70.57730263,70.57730263,7057.73026316,1,1,1,0,1,0,0,1,0,0,0,6084,,0,1868,0,1868,269304,0,0,0,0,0,0,600,8116,,,75.07500000,72.93100000,,,141.90000000,150.04000000,0.01385606,0.06814425,,,,
fpp_new_instances_scaling,,case03,new20x20,new20x20,shortest_path,FPP-Branch-Benders-ProjectedPathLLBI-exp-RootCuts,expected,expected,0.03,0.9,1.0,20263729,200,1000,0.095000,0.895000,0.000000,0.000000,0.010000,0.134000,0.850000,0.000000,0.000000,0.016000,0.095000,0.895000,0.000000,0.000000,0.010000,1800,1,Optimal,,1,75.07500000,75.00583000,0.00092135,14.48488020,18.355818,583,44621,0.00000000,0.00000000,73.15416667,73.15416667,7315.41666667,1,1,0,1,0,1,0,1,0,0,0,922,,0,0,1733,1733,255224,0,0,0,0,0,0,600,2656,,,75.07500000,72.93100000,,,141.90000000,150.04000000,0.01172424,0.07046257,,,,
fpp_new_instances_scaling,,case03,new20x20,new20x20,shortest_path,FPP-Branch-Benders-RootCuts,expected,expected,0.03,0.9,1.0,20263729,200,1000,0.095000,0.895000,0.000000,0.000000,0.010000,0.134000,0.850000,0.000000,0.000000,0.016000,0.095000,0.895000,0.000000,0.000000,0.010000,1800,1,Feasible,,1,76.53500000,67.46802308,0.11846837,1800.36355229,1804.469738,6552,541989,,,,0.00000000,0.00000000,0,1,0,0,0,0,0,0,0,0,0,32840,,0,0,0,0,0,0,0,0,0,0,0,600,33008,,,76.53500000,75.31200000,,,149.75000000,163.39000000,0.01867844,0.07081328,,,,
fpp_new_instances_scaling,,case03,new20x20,new20x20,shortest_path,FPP-Branch-Benders-Combinatorial,expected,expected,0.03,0.9,1.0,20263729,200,1000,0.095000,0.895000,0.000000,0.000000,0.010000,0.134000,0.850000,0.000000,0.000000,0.016000,0.095000,0.895000,0.000000,0.000000,0.010000,1800,1,Optimal,,1,75.07500000,75.07500000,0.00000000,56.05534138,60.230016,19,35159,,,,0.00000000,0.00000000,0,0,0,0,0,0,0,0,1,0,0,1140,0,0,0,0,0,0,33025,0,0,0,0,0,600,33026,,,75.07500000,72.93100000,,,141.90000000,150.04000000,0.01493099,0.06284827,,,,
fpp_new_instances_scaling,,case03,new20x20,new20x20,shortest_path,FPP-SAA,expected,expected,0.03,0.9,1.0,20263729,200,1000,0.095000,0.895000,0.000000,0.000000,0.010000,0.134000,0.850000,0.000000,0.000000,0.016000,0.095000,0.895000,0.000000,0.000000,0.010000,1800,1,Optimal,,1,75.07500000,75.07500000,0.00000000,118.52872848,123.176029,21,0,,,,0.00000000,0.00000000,0,0,0,0,0,0,0,0,0,0,0,0,0,0,0,0,0,0,0,0,0,0,0,0,80400,58884,,,75.07500000,72.93100000,,,141.90000000,150.04000000,0.01848584,0.07232971,,,,
fpp_new_instances_scaling,,case03,new20x20,new20x20,shortest_path,FPP-Branch-Benders-MeanCVaR-LLBI-RootCuts,mean_cvar,mean-cvar,0.03,0.9,0.5,20263729,200,1000,0.095000,0.895000,0.000000,0.000000,0.010000,0.134000,0.850000,0.000000,0.000000,0.016000,0.095000,0.895000,0.000000,0.000000,0.010000,1800,1,Feasible,,1,112.82500000,95.30521190,0.15528285,1800.35125219,1802.590037,46493,3476713,,,,0.00000000,0.00000000,1,1,0,0,0,0,0,0,0,0,0,28357,,200,0,0,0,0,0,0,0,0,0,0,801,28929,,,81.30000000,77.26000000,,,144.35000000,152.81000000,0.00719537,0.03298336,,,,
fpp_new_instances_scaling,,case03,new20x20,new20x20,shortest_path,FPP-Branch-Benders-MeanCVaR-ProjectedCoverageLLBI-exp-RootCuts,mean_cvar,mean-cvar,0.03,0.9,0.5,20263729,200,1000,0.095000,0.895000,0.000000,0.000000,0.010000,0.134000,0.850000,0.000000,0.000000,0.016000,0.095000,0.895000,0.000000,0.000000,0.010000,1800,1,Optimal,,1,108.48750000,108.37901803,0.00099995,987.00754777,989.120864,80004,5428475,0.00000000,0.00000000,97.00537905,97.00537905,9700.53790454,1,1,1,0,1,0,0,1,0,0,0,5248,,0,1903,0,1903,311622,0,0,0,0,0,0,801,7519,,,75.07500000,72.93100000,,,141.90000000,150.04000000,0.00689656,0.03256461,,,,
fpp_new_instances_scaling,,case03,new20x20,new20x20,shortest_path,FPP-Branch-Benders-MeanCVaR-ProjectedPathLLBI-exp-RootCuts,mean_cvar,mean-cvar,0.03,0.9,0.5,20263729,200,1000,0.095000,0.895000,0.000000,0.000000,0.010000,0.134000,0.850000,0.000000,0.000000,0.016000,0.095000,0.895000,0.000000,0.000000,0.010000,1800,1,Optimal,,1,108.48750000,108.37916537,0.00099859,94.59627430,96.665717,21518,1004309,0.00000000,0.00000000,99.95466086,99.95466086,9995.46608593,1,1,0,1,0,1,0,1,0,0,0,1452,,0,0,1743,1743,292406,0,0,0,0,0,0,801,3495,,,75.07500000,72.93100000,,,141.90000000,150.04000000,0.00652520,0.03245193,,,,
fpp_new_instances_scaling,,case03,new20x20,new20x20,shortest_path,FPP-Branch-Benders-MeanCVaR-RootCuts,mean_cvar,mean-cvar,0.03,0.9,0.5,20263729,200,1000,0.095000,0.895000,0.000000,0.000000,0.010000,0.134000,0.850000,0.000000,0.000000,0.016000,0.095000,0.895000,0.000000,0.000000,0.010000,1800,1,Feasible,,1,110.70000000,95.78147828,0.13476533,1800.22661909,1802.542864,39142,2997451,,,,0.00000000,0.00000000,0,1,0,0,0,0,0,0,0,0,0,30292,,0,0,0,0,0,0,0,0,0,0,0,801,30660,,,76.35000000,73.74000000,,,145.05000000,146.39000000,0.00715718,0.03364010,,,,
fpp_new_instances_scaling,,case03,new20x20,new20x20,shortest_path,FPP-Branch-Benders-Combinatorial-MeanCVaR,mean_cvar,mean-cvar,0.03,0.9,0.5,20263729,200,1000,0.095000,0.895000,0.000000,0.000000,0.010000,0.134000,0.850000,0.000000,0.000000,0.016000,0.095000,0.895000,0.000000,0.000000,0.010000,1800,1,Feasible,,1,111.69500000,99.89174688,0.10567396,1805.45817046,1807.391877,0,43001,,,,0.00000000,0.00000000,0,0,0,0,0,0,0,0,1,0,0,180,0,0,0,0,0,0,4857980,0,0,0,0,0,801,4858181,,,75.29000000,73.22300000,,,148.10000000,151.86000000,0.00649768,0.03198067,,,,
fpp_new_instances_scaling,,case03,new20x20,new20x20,shortest_path,FPP-SAA-MeanCVaR,mean_cvar,mean-cvar,0.03,0.9,0.5,20263729,200,1000,0.095000,0.895000,0.000000,0.000000,0.010000,0.134000,0.850000,0.000000,0.000000,0.016000,0.095000,0.895000,0.000000,0.000000,0.010000,1800,1,Optimal,,1,108.48750000,108.44403614,0.00040063,590.47505682,592.766392,405,0,,,,0.00000000,0.00000000,0,0,0,0,0,0,0,0,0,0,0,0,0,0,0,0,0,0,0,0,0,0,0,0,80601,59084,,,75.07500000,72.93100000,,,141.90000000,150.04000000,0.00742905,0.03537162,,,,
fpp_new_instances_scaling,,case04,new20x20,new20x20,shortest_path,FPP-Branch-Benders-CVaR-LLBI-RootCuts,cvar,cvar,0.03,0.9,1.0,20264729,200,1000,0.090000,0.905000,0.000000,0.000000,0.005000,0.134000,0.850000,0.000000,0.000000,0.016000,0.090000,0.905000,0.000000,0.000000,0.005000,1800,1,Feasible,,1,144.00000000,116.26708316,0.19258970,1800.59025750,1805.366474,48346,1759977,,,,0.00000000,0.00000000,1,1,0,0,0,0,0,0,0,0,0,11612,,200,0,0,0,0,0,0,0,0,0,0,801,12172,,,72.24000000,75.87400000,,,144.00000000,155.83000000,0.01377480,0.07208167,,,,
fpp_new_instances_scaling,,case04,new20x20,new20x20,shortest_path,FPP-Branch-Benders-CVaR-ProjectedCoverageLLBI-exp-RootCuts,cvar,cvar,0.03,0.9,1.0,20264729,200,1000,0.090000,0.905000,0.000000,0.000000,0.005000,0.134000,0.850000,0.000000,0.000000,0.016000,0.090000,0.905000,0.000000,0.000000,0.005000,1800,1,Feasible,,1,137.35000000,129.83023015,0.05474896,1809.44182462,1812.533092,90748,4143808,0.00000000,0.00000000,115.20791342,115.20791342,11520.79134242,1,1,1,0,1,0,0,1,0,0,0,3933,,0,2267,0,2267,398250,0,0,0,0,0,0,801,6542,,,78.73000000,81.10200000,,,137.35000000,149.23000000,0.00893247,0.04724607,,,,
fpp_new_instances_scaling,,case04,new20x20,new20x20,shortest_path,FPP-Branch-Benders-CVaR-ProjectedPathLLBI-exp-RootCuts,cvar,cvar,0.03,0.9,1.0,20264729,200,1000,0.090000,0.905000,0.000000,0.000000,0.005000,0.134000,0.850000,0.000000,0.000000,0.016000,0.090000,0.905000,0.000000,0.000000,0.005000,1800,1,Optimal,,1,137.35000000,137.21269013,0.00099971,1527.86291103,1530.563325,216759,7500396,0.00000000,0.00000000,119.92218902,119.92218902,11992.21890222,1,1,0,1,0,1,0,1,0,0,0,2061,,0,0,2919,2919,515762,0,0,0,0,0,0,801,5185,,,78.73000000,81.10200000,,,137.35000000,149.23000000,0.00886906,0.04586450,,,,
fpp_new_instances_scaling,,case04,new20x20,new20x20,shortest_path,FPP-Branch-Benders-CVaR-RootCuts,cvar,cvar,0.03,0.9,1.0,20264729,200,1000,0.090000,0.905000,0.000000,0.000000,0.005000,0.134000,0.850000,0.000000,0.000000,0.016000,0.090000,0.905000,0.000000,0.000000,0.005000,1800,1,Feasible,,1,147.90000000,115.27584219,0.22058254,1800.27024858,1803.554906,34794,1528118,,,,0.00000000,0.00000000,0,1,0,0,0,0,0,0,0,0,0,20991,,0,0,0,0,0,0,0,0,0,0,0,801,21349,,,72.96500000,77.51800000,,,147.90000000,164.10000000,0.01268284,0.05186658,,,,
fpp_new_instances_scaling,,case04,new20x20,new20x20,shortest_path,FPP-Branch-Benders-Combinatorial-CVaR,cvar,cvar,0.03,0.9,1.0,20264729,200,1000,0.090000,0.905000,0.000000,0.000000,0.005000,0.134000,0.850000,0.000000,0.000000,0.016000,0.090000,0.905000,0.000000,0.000000,0.005000,1800,1,Feasible,,1,137.35000000,133.56376118,0.02756635,1807.44293982,1809.531117,1984,555062,,,,0.00000000,0.00000000,0,0,0,0,0,0,0,0,1,0,0,1977,0,0,0,0,0,0,74775,0,0,0,0,0,801,74976,,,78.73000000,81.10200000,,,137.35000000,149.23000000,0.00751664,0.03797445,,,,
fpp_new_instances_scaling,,case04,new20x20,new20x20,shortest_path,FPP-SAA-CVaR,cvar,cvar,0.03,0.9,1.0,20264729,200,1000,0.090000,0.905000,0.000000,0.000000,0.005000,0.134000,0.850000,0.000000,0.000000,0.016000,0.090000,0.905000,0.000000,0.000000,0.005000,1800,1,Feasible,,1,144.95000000,124.69176713,0.13976014,1800.04425105,1804.243751,145,0,,,,0.00000000,0.00000000,0,0,0,0,0,0,0,0,0,0,0,0,0,0,0,0,0,0,0,0,0,0,0,0,80601,56789,,,81.15000000,83.26800000,,,144.95000000,158.76000000,0.01549335,0.08326255,,,,
fpp_new_instances_scaling,,case04,new20x20,new20x20,shortest_path,FPP-Branch-Benders-LLBI-RootCuts,expected,expected,0.03,0.9,1.0,20264729,200,1000,0.090000,0.905000,0.000000,0.000000,0.005000,0.134000,0.850000,0.000000,0.000000,0.016000,0.090000,0.905000,0.000000,0.000000,0.005000,1800,1,Feasible,,1,72.69000000,64.14446410,0.11756137,1800.69675790,1805.549449,11043,901931,,,,0.00000000,0.00000000,1,1,0,0,0,0,0,0,0,0,0,22763,,200,0,0,0,0,0,0,0,0,0,0,600,23126,,,72.69000000,77.59400000,,,156.55000000,169.60000000,0.01442790,0.07379982,,,,
fpp_new_instances_scaling,,case04,new20x20,new20x20,shortest_path,FPP-Branch-Benders-ProjectedCoverageLLBI-exp-RootCuts,expected,expected,0.03,0.9,1.0,20264729,200,1000,0.090000,0.905000,0.000000,0.000000,0.005000,0.134000,0.850000,0.000000,0.000000,0.016000,0.090000,0.905000,0.000000,0.000000,0.005000,1800,1,Optimal,,1,70.78000000,70.70934162,0.00099828,268.29238486,271.383510,11489,651311,0.00000000,0.00000000,66.32750000,66.32750000,6632.75000000,1,1,1,0,1,0,0,1,0,0,0,4365,,0,1690,0,1690,228428,0,0,0,0,0,0,600,6225,,,70.78000000,74.79500000,,,143.20000000,158.11000000,0.01094531,0.05534872,,,,
fpp_new_instances_scaling,,case04,new20x20,new20x20,shortest_path,FPP-Branch-Benders-ProjectedPathLLBI-exp-RootCuts,expected,expected,0.03,0.9,1.0,20264729,200,1000,0.090000,0.905000,0.000000,0.000000,0.005000,0.134000,0.850000,0.000000,0.000000,0.016000,0.090000,0.905000,0.000000,0.000000,0.005000,1800,1,Optimal,,1,70.78000000,70.70955471,0.00099527,10.97748253,14.634810,388,53460,0.00000000,0.00000000,68.55375000,68.55375000,6855.37500000,1,1,0,1,0,1,0,1,0,0,0,935,,0,0,1767,1767,243012,0,0,0,0,0,0,600,2703,,,70.78000000,74.79500000,,,143.20000000,158.11000000,0.01045245,0.07255446,,,,
fpp_new_instances_scaling,,case04,new20x20,new20x20,shortest_path,FPP-Branch-Benders-RootCuts,expected,expected,0.03,0.9,1.0,20264729,200,1000,0.090000,0.905000,0.000000,0.000000,0.005000,0.134000,0.850000,0.000000,0.000000,0.016000,0.090000,0.905000,0.000000,0.000000,0.005000,1800,1,Feasible,,1,72.48500000,64.05934902,0.11623993,1800.45673253,1805.201494,8931,651847,,,,0.00000000,0.00000000,0,1,0,0,0,0,0,0,0,0,0,29329,,0,0,0,0,0,0,0,0,0,0,0,600,29496,,,72.48500000,75.09800000,,,145.90000000,155.82000000,0.01404427,0.06947752,,,,
fpp_new_instances_scaling,,case04,new20x20,new20x20,shortest_path,FPP-Branch-Benders-Combinatorial,expected,expected,0.03,0.9,1.0,20264729,200,1000,0.090000,0.905000,0.000000,0.000000,0.005000,0.134000,0.850000,0.000000,0.000000,0.016000,0.090000,0.905000,0.000000,0.000000,0.005000,1800,1,Optimal,,1,70.78000000,70.77977030,0.00000325,47.55402837,50.968567,79,59507,,,,0.00000000,0.00000000,0,0,0,0,0,0,0,0,1,0,0,505,0,0,0,0,0,0,27970,0,0,0,0,0,600,27971,,,70.78000000,74.79500000,,,143.20000000,158.11000000,0.01142504,0.07195292,,,,
fpp_new_instances_scaling,,case04,new20x20,new20x20,shortest_path,FPP-SAA,expected,expected,0.03,0.9,1.0,20264729,200,1000,0.090000,0.905000,0.000000,0.000000,0.005000,0.134000,0.850000,0.000000,0.000000,0.016000,0.090000,0.905000,0.000000,0.000000,0.005000,1800,1,Optimal,,1,70.78000000,70.76500000,0.00021192,125.40548203,129.817490,41,0,,,,0.00000000,0.00000000,0,0,0,0,0,0,0,0,0,0,0,0,0,0,0,0,0,0,0,0,0,0,0,0,80400,56589,,,70.78000000,74.79500000,,,143.20000000,158.11000000,0.01426333,0.07498916,,,,
fpp_new_instances_scaling,,case04,new20x20,new20x20,shortest_path,FPP-Branch-Benders-MeanCVaR-LLBI-RootCuts,mean_cvar,mean-cvar,0.03,0.9,0.5,20264729,200,1000,0.090000,0.905000,0.000000,0.000000,0.005000,0.134000,0.850000,0.000000,0.000000,0.016000,0.090000,0.905000,0.000000,0.000000,0.005000,1800,1,Feasible,,1,110.22750000,94.37022534,0.14385951,1800.29155170,1802.467098,30220,2652103,,,,0.00000000,0.00000000,1,1,0,0,0,0,0,0,0,0,0,21318,,200,0,0,0,0,0,0,0,0,0,0,801,21885,,,72.75500000,74.98900000,,,147.70000000,155.35000000,0.00639470,0.03160127,,,,
fpp_new_instances_scaling,,case04,new20x20,new20x20,shortest_path,FPP-Branch-Benders-MeanCVaR-ProjectedCoverageLLBI-exp-RootCuts,mean_cvar,mean-cvar,0.03,0.9,0.5,20264729,200,1000,0.090000,0.905000,0.000000,0.000000,0.005000,0.134000,0.850000,0.000000,0.000000,0.016000,0.090000,0.905000,0.000000,0.000000,0.005000,1800,1,Feasible,,1,106.39500000,104.95192381,0.01356338,1806.39502696,1808.534015,164062,10008063,0.00000000,0.00000000,94.38020405,94.38020405,9438.02040543,1,1,1,0,1,0,0,1,0,0,0,9276,,0,2100,0,2100,336425,0,0,0,0,0,0,801,11729,,,71.64000000,75.19200000,,,141.15000000,153.70000000,0.00598184,0.03191604,,,,
fpp_new_instances_scaling,,case04,new20x20,new20x20,shortest_path,FPP-Branch-Benders-MeanCVaR-ProjectedPathLLBI-exp-RootCuts,mean_cvar,mean-cvar,0.03,0.9,0.5,20264729,200,1000,0.090000,0.905000,0.000000,0.000000,0.005000,0.134000,0.850000,0.000000,0.000000,0.016000,0.090000,0.905000,0.000000,0.000000,0.005000,1800,1,Optimal,,1,106.39500000,106.28863660,0.00099970,201.40753904,203.402066,38256,2086201,0.00000000,0.00000000,97.94103223,97.94103223,9794.10322333,1,1,0,1,0,1,0,1,0,0,0,1706,,0,0,2362,2362,385899,0,0,0,0,0,0,801,4321,,,71.64000000,75.19200000,,,141.15000000,153.70000000,0.00613358,0.03249427,,,,
fpp_new_instances_scaling,,case04,new20x20,new20x20,shortest_path,FPP-Branch-Benders-MeanCVaR-RootCuts,mean_cvar,mean-cvar,0.03,0.9,0.5,20264729,200,1000,0.090000,0.905000,0.000000,0.000000,0.005000,0.134000,0.850000,0.000000,0.000000,0.016000,0.090000,0.905000,0.000000,0.000000,0.005000,1800,1,Feasible,,1,108.97250000,94.03592692,0.13706736,1800.22233007,1802.422952,40319,3115769,,,,0.00000000,0.00000000,0,1,0,0,0,0,0,0,0,0,0,33814,,0,0,0,0,0,0,0,0,0,0,0,801,34181,,,72.59500000,74.52600000,,,145.35000000,152.98000000,0.00638335,0.03261391,,,,
fpp_new_instances_scaling,,case04,new20x20,new20x20,shortest_path,FPP-Branch-Benders-Combinatorial-MeanCVaR,mean_cvar,mean-cvar,0.03,0.9,0.5,20264729,200,1000,0.090000,0.905000,0.000000,0.000000,0.005000,0.134000,0.850000,0.000000,0.000000,0.016000,0.090000,0.905000,0.000000,0.000000,0.005000,1800,1,Feasible,,1,113.57750000,97.80446939,0.13887461,1804.95913487,1806.842391,0,47028,,,,0.00000000,0.00000000,0,0,0,0,0,0,0,0,1,0,0,860,0,0,0,0,0,0,11057499,0,0,0,0,0,801,11057700,,,71.35500000,75.69100000,,,155.80000000,165.95000000,0.00622947,0.03239125,,,,
fpp_new_instances_scaling,,case04,new20x20,new20x20,shortest_path,FPP-SAA-MeanCVaR,mean_cvar,mean-cvar,0.03,0.9,0.5,20264729,200,1000,0.090000,0.905000,0.000000,0.000000,0.005000,0.134000,0.850000,0.000000,0.000000,0.016000,0.090000,0.905000,0.000000,0.000000,0.005000,1800,1,Optimal,,1,106.39500000,106.36820386,0.00025186,637.84149057,639.941970,658,0,,,,0.00000000,0.00000000,0,0,0,0,0,0,0,0,0,0,0,0,0,0,0,0,0,0,0,0,0,0,0,0,80601,56789,,,71.64000000,75.19200000,,,141.15000000,153.70000000,0.00688818,0.03377524,,,,
